t,phase,side,gt_x,gt_y,gt_z,est_x,est_y,est_z,vest_x,vest_y,vest_z,wr_l_x,wr_l_y,wr_l_z,wr_r_x,wr_r_y,wr_r_z,n_obs,d_env_min,d_arms_min,welded
0.0,WAIT,,0.34,-0.5,-0.16269999999999996,nan,nan,nan,nan,nan,nan,0.24999758202706654,0.24999929987950417,0.10000470039323829,0.2499975822343811,-0.24999929984557523,0.10000470046460752,770,0.24806416746542742,0.30699325413882134,0
0.05,WAIT,,0.34,-0.49856082519467887,-0.16292725765112503,nan,nan,nan,nan,nan,nan,0.24998935258452656,0.2500274624216915,0.0999814458226314,0.2499889734379427,-0.2500276622663482,0.09998135686580374,770,0.24806566306104177,0.306993215366098,0
0.1,WAIT,,0.34,-0.49706195903501,-0.16298067151651752,nan,nan,nan,nan,nan,nan,0.24996299476691333,0.2499409468591783,0.09997169951792947,0.24996163571812482,-0.24994117878857386,0.09997067914387886,877,0.24616762787096658,0.3069931792343734,0
0.15,WAIT,,0.34,-0.49556314538936425,-0.16298163614214134,nan,nan,nan,nan,nan,nan,0.24996773376728273,0.2498918662135385,0.09997883246070777,0.24996681908344315,-0.24989202697137666,0.09997783563891019,952,0.2484554149879174,0.3069931455906256,0
0.2,WAIT,,0.34,-0.49406438014738696,-0.16298140149329776,nan,nan,nan,nan,nan,nan,0.24999041214561757,0.24992265748598358,0.09998823345712757,0.24998978272560013,-0.2499229225838026,0.09998750720566975,993,0.24789084974044978,0.3069931142862911,0
0.25,WAIT,,0.34,-0.49256566233846105,-0.16298139078710683,nan,nan,nan,nan,nan,nan,0.25000804172174895,0.24997706582873486,0.10000490499782193,0.2500075312659954,-0.2499774679937866,0.10000439305100542,993,0.24788974350221588,0.3069930851779742,0
0.3,WAIT,,0.34,-0.4910669910640476,-0.16298139166301517,nan,nan,nan,nan,nan,nan,0.25002004631630104,0.250037735791867,0.10002375638159736,0.2500199266773756,-0.2500380682540952,0.10002357222528299,1033,0.2483717166405009,0.3069930581279558,0
0.35,WAIT,,0.34,-0.4895683654434034,-0.16298139173781645,nan,nan,nan,nan,nan,nan,0.2500261255151009,0.250088181068882,0.10003528036186457,0.25002646437702963,-0.25008831525563413,0.10003552385976233,1063,0.2492651822198635,0.3069930330045315,0
0.4,WAIT,,0.34,-0.4880697846123802,-0.16298139173543658,nan,nan,nan,nan,nan,nan,0.2500252264375172,0.2501126028364706,0.10003640298963097,0.25002591673700125,-0.25011250377058125,0.10003701710098852,1090,0.24931700683853858,0.3069930096822158,0
0.45,WAIT,,0.34,-0.48657124772318316,-0.16298139173500958,nan,nan,nan,nan,nan,nan,0.2500187325456311,0.2501084099890406,0.10002913452930595,0.2500196160843722,-0.2501081097592997,0.10002995445728523,1090,0.24931759416152083,0.30699298804183306,0
0.5,WAIT,,0.34,-0.48507275394406485,-0.16298139173501036,nan,nan,nan,nan,nan,nan,0.2500094191883552,0.2500828269701604,0.10001748688639756,0.25001031926457395,-0.2500824036236357,0.1000183116465863,1110,0.24733052146280593,0.3069929679705209,0
0.55,WAIT,,0.34,-0.48357430245902183,-0.16298139173501225,nan,nan,nan,nan,nan,nan,0.2500003817142387,0.2500476512105603,0.10000573609376874,0.25000114029975506,-0.2500471940428256,0.10000639459950643,1128,0.24634821165450482,0.306992949361662,0
0.6,WAIT,,0.34,-0.4820758924674962,-0.16298139173501225,nan,nan,nan,nan,nan,nan,0.24999415882040738,0.25001503774692513,0.09999718670709969,0.24999467377010573,-0.25001462327099544,0.09999758201365892,1140,0.24817214962454226,0.30699293211476164,0
0.65,WAIT,,0.34,-0.4805775231840831,-0.16298139173501225,nan,nan,nan,nan,nan,nan,0.2499919839578503,0.24999371844938986,0.09999349911884708,0.24999222072708907,-0.24999340232897505,0.09999361620193888,1140,0.2481715953044269,0.3069929161352817,0
0.7,WAIT,,0.34,-0.4790791938382442,-0.16298139173501225,nan,nan,nan,nan,nan,nan,0.24999362308924739,0.24998704468572425,0.09999459840578562,0.2499936078735777,-0.249986861921763,0.09999448625874366,1151,0.2482990571226677,0.30699290133444324,0
0.75,WAIT,,0.34,-0.47758090367402634,-0.16298139173501225,nan,nan,nan,nan,nan,nan,0.24999775183534137,0.2499931935260035,0.09999904133956009,0.24999755377615654,-0.24999315892022758,0.09999878453279502,1154,0.24721977313757787,0.3069928876290074,0
0.8,WAIT,,0.34,-0.4760826519497849,-0.16298139173501225,nan,nan,nan,nan,nan,nan,0.2500025817715813,0.2500068919456129,0.10000469873472709,0.2500022904429328,-0.2500069986913042,0.10000438989035927,1160,0.24617395402082642,0.30699287494103866,0
0.85,WAIT,,0.34,-0.47458443793791394,-0.16298139173501225,nan,nan,nan,nan,nan,nan,0.2500064861235382,0.2500217914443762,0.10000951887667422,0.25000619000150637,-0.25002200981334866,0.10000923790690493,1160,0.24617372982994085,0.30699286319765984,0
0.9,WAIT,,0.34,-0.4730862609245796,-0.16298139173501225,nan,nan,nan,nan,nan,nan,0.2500084448966277,0.25003263876394155,0.10001212263090287,0.2500082146904446,-0.2500329185969855,0.10001192449751045,1166,0.2461203787722202,0.3069928523308012,0
0.95,WAIT,,0.34,-0.47158812020945995,-0.16298139173501225,nan,nan,nan,nan,nan,nan,0.2500082192179881,0.25003662563603646,0.10001207774692301,0.25000809812465635,-0.25003690464178935,0.10001198821029628,1172,0.2468306313003668,0.3069928422769491,0
1.0,WAIT,,0.34,-0.47009001510548865,-0.16298139173501225,nan,nan,nan,nan,nan,nan,0.25000626177287705,0.25003369136771564,0.10000983320627606,0.2500062631372443,-0.25003390808496057,0.10000985115195815,1173,0.24245591003611328,0.3069928329768965,0
1.05,WAIT,,0.34,-0.4685919449386048,-0.16298139173501225,nan,nan,nan,nan,nan,nan,0.25000344376478034,0.2500259221075385,0.10000640379055858,0.2500035551152273,-0.25002602990832695,0.10000650819902318,1173,0.2424556264329492,0.30699282437549713,0
1.1,WAIT,,0.34,-0.46709390904750625,-0.16298139173501225,nan,nan,nan,nan,nan,nan,0.2500007150969109,0.2500164318862655,0.10000295185510318,0.25000090633990807,-0.2500164097110924,0.10000311102975745,1174,0.24668939503860693,0.3069928164214268,0
1.15,WAIT,,0.34,-0.46559590678340823,-0.16298139173501225,nan,nan,nan,nan,nan,nan,0.24999881060509127,0.2500081819048271,0.10000041265293709,0.2499990436624627,-0.250008038507248,0.10000059320693755,1178,0.24729168015174657,0.3069928090669516,0
1.2,WAIT,,0.34,-0.46409793750980627,-0.16298139173501225,nan,nan,nan,nan,nan,nan,0.24999807904716545,0.250003111305013,0.09999926521418415,0.24999831650414434,-0.25000288191829184,0.09999943880247682,1185,0.2450785589482931,0.30699280226770465,0
1.25,WAIT,,0.34,-0.46260000060224393,-0.16298139173501225,nan,nan,nan,nan,nan,nan,0.24999845995577816,0.2500017742936113,0.09999948587718745,0.2499986711697759,-0.25000151091279604,0.0999996326823202,1185,0.2450783698568758,0.3069927959824731,0
1.3,WAIT,,0.34,-0.4611020954480848,-0.16298139173501225,nan,nan,nan,nan,nan,nan,0.24999958486895396,0.2500034807122461,0.10000065970348282,0.24999974907838754,-0.25000323888493703,0.10000076885759589,1189,0.24769281982153557,0.3069927901729932,0
1.35,WAIT,,0.34,-0.4596042214462885,-0.16298139173501225,nan,nan,nan,nan,nan,nan,0.25000094769859976,0.25000678447497804,0.1000021837030058,0.2500010545670757,-0.25000661021277654,0.10000225169660724,1192,0.2476520786315699,0.30699278480375675,0
1.4,WAIT,,0.34,-0.4581063780071918,-0.16298139173501225,nan,nan,nan,nan,nan,nan,0.250002080075981,0.2500100931232573,0.10000348274643134,0.2500021285688687,-0.2500100132138746,0.10000351116107022,1196,0.2469418796999277,0.30699277984182716,0
1.45,WAIT,,0.34,-0.4566085645522922,-0.16298139173501225,nan,nan,nan,nan,nan,nan,0.25000267936856135,0.2500121855664105,0.10000417200995046,0.2500026758670161,-0.25001220339138636,0.10000416563123972,1196,0.246941935745079,0.3069927752566651,0
1.5,WAIT,,0.34,-0.45511078051403797,-0.16298139173501225,nan,nan,nan,nan,nan,nan,0.25000266184397824,0.2500125006896139,0.100004129450319,0.2500026181083794,-0.2500125980345097,0.10000409521429206,1198,0.24694198850686327,0.3069927710199646,0
1.55,WAIT,,0.34,-0.45361302533561987,-0.16298139173501225,nan,nan,nan,nan,nan,nan,0.2500021411140007,0.2500111600667761,0.10000347594491987,0.2500020723348551,-0.2500113038268998,0.1000034225648373,1203,0.24694203800375614,0.3069927671054985,0
1.6,WAIT,,0.34,-0.45211529847076803,-0.16298139173501225,nan,nan,nan,nan,nan,nan,0.25000135377654154,0.250008777296306,0.1000024883940229,0.2500012766809058,-0.2500089288560104,0.10000242615487048,1210,0.24211234533071713,0.30699276348897286,0
1.65,WAIT,,0.34,-0.4506175993835529,-0.16298139173501225,nan,nan,nan,nan,nan,nan,0.25000056495913026,0.2500061597994173,0.10000148547581843,0.2500004958640444,-0.25000628445382794,0.10000142566422617,1211,0.24211238661301188,0.30699276014789123,0
1.7,WAIT,,0.34,-0.44911992754818875,-0.16298139173501225,nan,nan,nan,nan,nan,nan,0.24999998544680213,0.2500040180710643,0.10000072539661219,0.2499999382520985,-0.25000409219480085,0.1000006790945248,1211,0.242112424985725,0.30699275706142665,0
1.75,WAIT,,0.34,-0.44762228244884267,-0.16298139173501225,nan,nan,nan,nan,nan,nan,0.2499997220472738,0.25000276942921396,0.10000034309990836,0.24999970634747323,-0.2500027839913801,0.10000031945314125,1214,0.244495102032655,0.30699275421030237,0
1.8,WAIT,,0.34,-0.44612466357944525,-0.16298139173501225,nan,nan,nan,nan,nan,nan,0.2499997686200932,0.25000247506389855,0.10000033695323794,0.24999978827350672,-0.2500024352206525,0.10000034135377439,1216,0.24384916259204054,0.30699275157668027,0
1.85,WAIT,,0.34,-0.4446270704435062,-0.16298139173501225,nan,nan,nan,nan,nan,nan,0.25000003179487224,0.2500028998756458,0.10000059826393135,0.2500000843264864,-0.2500028213966326,0.1000006310280306,1221,0.24426139147240483,0.30699274914405683,0
1.9,WAIT,,0.34,-0.44312950255393313,-0.16298139173501225,nan,nan,nan,nan,nan,nan,0.2500003765616673,0.25000364948311393,0.10000096582827844,0.25000045366062323,-0.25000355342416336,0.10000102186642872,1221,0.244261418420061,0.3069927468971657,0
1.95,WAIT,,0.34,-0.4416319594328534,-0.16298139173501225,nan,nan,nan,nan,nan,nan,0.25000067426016304,0.2500043254093151,0.10000128418137061,0.2500007633926926,-0.2500042326166061,0.10000135388270046,1225,0.2442713077731905,0.3069927448218879,0
2.0,WAIT,,0.34,-0.44013444061143986,-0.16298139173501225,nan,nan,nan,nan,nan,nan,0.2500008384978687,0.2500046470547266,0.1000014476908519,0.25000092537049956,-0.25000457381658625,0.10000151888642073,1228,0.2354193758011403,0.30699274290516676,0
2.05,WAIT,,0.34,-0.43863694562973926,-0.16298139173501225,nan,nan,nan,nan,nan,nan,0.25000084111579884,0.25000451064196966,0.10000142060598208,0.25000091248645173,-0.25000446625154754,0.1000014811547465,1228,0.23563475418283492,0.30699274113493036,0
2.1,WAIT,,0.34,-0.43713947403650477,-0.16298139173501225,nan,nan,nan,nan,nan,nan,0.2500007078067178,0.25000398117629635,0.10000123233850236,0.2500007540310735,-0.25000396753776916,0.10000127269774092,1228,0.23563477161033153,0.3069927395000184,0
2.15,WAIT,,0.34,-0.43564202538903046,-0.16298139173501225,nan,nan,nan,nan,nan,nan,0.2500004989996749,0.25000323477035685,0.10000095467015882,0.25000051575292925,-0.2500032476584756,0.10000096981889403,1227,0.23538356165688695,0.3069927379901143,0
2.2,WAIT,,0.34,-0.434144599252991,-0.16298139173501225,nan,nan,nan,nan,nan,nan,0.25000028471894553,0.2500024799514921,0.10000067144843898,0.25000027353357135,-0.25000251123454154,0.10000066171661035,1232,0.22835767354936765,0.30699273659568294,0
2.25,WAIT,,0.34,-0.4326471952022812,-0.16298139173501225,nan,nan,nan,nan,nan,nan,0.2500001220258302,0.2500018866058084,0.10000045127035001,0.25000008957546366,-0.2500019266924798,0.10000042192471727,1233,0.22835768768479586,0.3069927353079118,0
2.3,WAIT,,0.34,-0.4311498128188618,-0.16298139173501225,nan,nan,nan,nan,nan,nan,0.2500000410672255,0.25000154250721507,0.10000033052385121,0.24999999742355813,-0.25000158242922477,0.10000029028214955,1233,0.22835770056184246,0.30699273411865746,0
2.35,WAIT,,0.34,-0.4296524516926062,-0.16298139173501225,nan,nan,nan,nan,nan,nan,0.25000004196605663,0.25000144453247525,0.10000030953629478,0.24999999828072664,-0.25000147733314415,0.1000002684340172,1233,0.22835771227182095,0.3069927330203949,0
2.4,WAIT,,0.34,-0.4281551114211509,-0.16298139173501225,nan,nan,nan,nan,nan,nan,0.25000010115416244,0.25000151951341826,0.1000003601456482,0.250000067317445,-0.2500015408775077,0.10000032730269295,1235,0.22835772290127215,0.3069927320061714,0
2.45,WAIT,,0.34,-0.42665779160974854,-0.16298139173501225,nan,nan,nan,nan,nan,nan,0.25000018329337864,0.250001661773036,0.10000044002331415,0.2500001660804582,-0.25000167002933066,0.10000042183075279,1236,0.2304630150202301,0.3069927310695632,0
2.5,WAIT,,0.34,-0.4251604918711236,-0.16298139173501225,nan,nan,nan,nan,nan,nan,0.2500002541196013,0.25000177219697944,0.10000050810059083,0.25000025617652005,-0.25000176791807205,0.10000050719411506,1236,0.2304630236875871,0.3069927302046359,0
2.55,WAIT,,0.34,-0.42366321182533107,-0.16298139173501225,nan,nan,nan,nan,nan,nan,0.25000029026434506,0.2500017866029509,0.1000005363376385,0.2500003100605793,-0.2500017720233392,0.10000055149812834,1237,0.22957948874299083,0.30699272940590727,0
2.6,WAIT,,0.34,-0.4221659510996177,-0.16298139173501225,nan,nan,nan,nan,nan,nan,0.2500002838238722,0.25000168716199717,0.1000005151641218,0.2500003164692725,-0.25000166557108366,0.10000054205357486,1237,0.22957949579941545,0.3069927286683132,0
2.65,WAIT,,0.34,-0.4206687093282858,-0.16298139173501225,nan,nan,nan,nan,nan,nan,0.2500002414467376,0.2500014971841196,0.10000045234460596,0.2500002800929002,-0.250001472369452,0.10000048480618019,1236,0.22957950213874928,0.3069927279871759,0
2.7,WAIT,,0.34,-0.4191714861525599,-0.16298139173501225,nan,nan,nan,nan,nan,nan,0.2500001793545482,0.25000126457961214,0.10000036699889091,0.2500002168099298,-0.2500012403341355,0.10000039855978994,1236,0.22957950782001396,0.30699272735817473,0
2.75,WAIT,,0.34,-0.41767428122045536,-0.16298139173501225,nan,nan,nan,nan,nan,nan,0.25000011659630406,0.25000104157054415,0.10000028155571343,0.2500001467896109,-0.2500010212533907,0.10000030677947516,1236,0.2295795128981737,0.306992726777319,0
2.8,WAIT,,0.34,-0.4161770941866502,-0.16298139173501225,nan,nan,nan,nan,nan,nan,0.2500000688677925,0.25000086767412083,0.10000021443067314,0.25000008787985123,-0.25000085382480297,0.10000022985362438,1237,0.2295795174243318,0.3069927262409229,0
2.85,WAIT,,0.34,-0.4146799247123586,-0.16298139173501225,nan,nan,nan,nan,nan,nan,0.25000004457603314,0.2500007604084931,0.10000017541443172,0.25000005109417917,-0.25000075444201036,0.10000017993520734,1238,0.2270429620115187,0.30699272574558256,0
2.9,WAIT,,0.34,-0.4131827724652075,-0.16298139173501225,nan,nan,nan,nan,nan,nan,0.250000043827639,0.2500007148173358,0.10000016454531639,0.25000003902040074,-0.25000071685078523,0.1000001592767966,1238,0.22704296515265132,0.3069927252881543,0
2.95,WAIT,,0.34,-0.4116856371191154,-0.16298139173501225,nan,nan,nan,nan,nan,nan,0.250000060032498,0.25000070997111745,0.10000017406181895,0.2500000469621924,-0.2500007188341236,0.10000016176781185,1240,0.22956622290334638,0.3069927248657346,0
3.0,WAIT,,0.34,-0.41018851835417275,-0.16298139173501225,nan,nan,nan,nan,nan,nan,0.25000008312273975,0.2500007188850473,0.10000019222088559,0.25000006588743573,-0.2500007323411624,0.10000017652473166,1240,0.22956622539695437,0.3069927244756425,0
3.05,WAIT,,0.34,-0.40869141585652524,-0.16298139173501225,nan,nan,nan,nan,nan,nan,0.25000010312852883,0.2500007180485373,0.10000020748339189,0.25000008594533535,-0.25000073320944205,0.10000019204734505,1240,0.22956622755279632,0.30699272411540207,0
3.1,WAIT,,0.34,-0.40719432931825955,-0.16298139173501225,nan,nan,nan,nan,nan,nan,0.2500001130099454,0.25000069373466016,0.1000002117786937,0.2500000994248549,-0.25000070759886384,0.10000019961995499,1240,0.22956622940269433,0.30699272378272685,0
3.15,WAIT,,0.34,-0.40569725843729065,-0.16298139173501225,nan,nan,nan,nan,nan,nan,0.25000011008505874,0.25000064388052295,0.10000020209849049,0.25000010243585485,-0.2500006538909099,0.10000019514712037,1240,0.22956623097593165,0.3069927234755054,0
3.2,WAIT,,0.34,-0.40420020291725106,-0.16298139173501225,nan,nan,nan,nan,nan,nan,0.2500000959320707,0.2500005759592731,0.10000018031037813,0.2500000951189852,-0.2500005804626204,0.10000017924541338,1239,0.22956623229942363,0.30699272319178816,0
3.25,WAIT,,0.34,-0.4027031624673836,-0.16298139173501225,nan,nan,nan,nan,nan,nan,0.25000007510373906,0.25000050240082156,0.10000015161670849,0.2500000806549566,-0.2500005009119634,0.10000015595621108,1242,0.2295662333978833,0.30699272292977475,0
3.3,WAIT,,0.34,-0.40120613680243444,-0.16298139173501225,nan,nan,nan,nan,nan,nan,0.2500000532600241,0.2500004355230523,0.10000012238292326,0.2500000636281155,-0.2500004287415746,0.10000013076193559,1242,0.22956623429397593,0.30699272268780264,0
3.35,WAIT,,0.34,-0.3997091256425493,-0.16298139173501225,nan,nan,nan,nan,nan,nan,0.2500000353643871,0.2500003836471471,0.1000000980864568,0.25000004836121953,-0.2500003732325869,0.10000010863749903,1242,0.22956623500846546,0.30699272246433684,0
3.4,WAIT,,0.34,-0.39821212871317074,-0.16298139173501225,nan,nan,nan,nan,nan,nan,0.2500000244374607,0.25000034933223064,0.10000008194339033,0.2500000377090211,-0.2500003374987615,0.1000000926950226,1242,0.2295662355603546,0.30699272225795987,0
3.45,WAIT,,0.34,-0.39671514574493844,-0.16298139173501225,nan,nan,nan,nan,nan,nan,0.25000002110242975,0.25000032980258907,0.10000007445859167,0.25000003255698316,-0.25000031883180823,0.10000008368290185,1241,0.22956623596701387,0.30699272206736283,0
3.5,WAIT,,0.34,-0.39521817647359064,-0.16298139173501225,nan,nan,nan,nan,nan,nan,0.25000002388566556,0.25000031894744507,0.10000007383063923,0.2500000320123452,-0.25000031072958023,0.10000008029343653,1241,0.2295662362443049,0.30699272189133714,0
3.55,WAIT,,0.34,-0.39372122063986764,-0.16298139173501225,nan,nan,nan,nan,nan,nan,0.2500000300328265,0.25000030992445754,0.10000007691581042,0.2500000340764714,-0.2500003056230751,0.10000008000775615,1241,0.22956623640669632,0.3069927217287669,0
3.6,WAIT,,0.34,-0.39222427798941734,-0.16298139173501225,nan,nan,nan,nan,nan,nan,0.2500000365076178,0.25000029742493723,0.10000008036146672,0.25000003649392255,-0.25000029732417023,0.1000000801101476,1242,0.22956623646736857,0.3069927215786217,0
3.65,WAIT,,0.34,-0.39072734827270134,-0.16298139173501225,nan,nan,nan,nan,nan,nan,0.250000040860177,0.2500002789702288,0.10000008155591474,0.25000003748909494,-0.25000028251745704,0.10000007853576455,1242,0.23445455002794957,0.30699272143995004,0
3.7,WAIT,,0.34,-0.38923043124490536,-0.16298139173501225,nan,nan,nan,nan,nan,nan,0.2500000417547886,0.25000025504639034,0.10000007917017457,0.25000003619737854,-0.2500002610593078,0.10000007433849721,1242,0.24736280462146865,0.30699272131187344,0
3.75,WAIT,,0.34,-0.38773352666584887,-0.16298139173501225,nan,nan,nan,nan,nan,nan,0.25000003908564944,0.25000022828586754,0.10000007323049026,0.25000003272923543,-0.2500002352610989,0.10000006772382651,1242,0.24736279861183208,0.3069927211935808,0
3.8,WAIT,,0.34,-0.38623663429989735,-0.16298139173501225,nan,nan,nan,nan,nan,nan,0.2500000337380207,0.2500002021546488,0.10000006480490525,0.25000002792665466,-0.250000208601337,0.10000005973111743,1244,0.24690954069103616,0.3069927210843228,0
3.85,WAIT,,0.34,-0.3847397539158766,-0.16298139173501225,nan,nan,nan,nan,nan,nan,0.2500000271367695,0.25000017965763177,0.10000005547619054,0.25000002294924695,-0.2500001843844175,0.1000000517344284,1245,0.24767500726378694,0.30699272098340813,0
3.9,WAIT,,0.34,-0.38324288528698836,-0.16298139173501225,nan,nan,nan,nan,nan,nan,0.25000002075114985,0.2500001624594875,0.10000004679418828,0.2500000188484982,-0.250000164763159,0.10000004494791635,1245,0.24827970057333704,0.30699272089019813,0
3.95,WAIT,,0.34,-0.3817460281907269,-0.16298139173501225,nan,nan,nan,nan,nan,nan,0.25000001569905145,0.25000015060540604,0.10000003986269707,0.2500000162592641,-0.25000015033750683,0.10000004008101414,1245,0.24827969594006333,0.306992720804103,0
4.0,WAIT,,0.34,-0.3802491824087986,-0.16298139173501225,nan,nan,nan,nan,nan,nan,0.25000001253465404,0.25000014280221106,0.10000003514332988,0.2500000152766971,-0.250000140318544,0.10000003721410884,1246,0.24741335012376792,0.30699272072457845,0
4.05,WAIT,,0.34,-0.37875234772704136,-0.16298139173501225,nan,nan,nan,nan,nan,nan,0.25000001123444837,0.2500001370564748,0.10000003247967544,0.2500000155186467,-0.25000013307736413,0.10000003588624196,1247,0.2479101340908782,0.3069927206511216,0
4.1,WAIT,,0.34,-0.377255523935347,-0.16298139173501225,nan,nan,nan,nan,nan,nan,0.250000011339213,0.2500001313997072,0.10000003128329717,0.2500000163193577,-0.25000012682217204,0.10000003532631487,1249,0.24789834301960312,0.3069927205832683,0
4.15,WAIT,,0.34,-0.37575871082758444,-0.16298139173501225,nan,nan,nan,nan,nan,nan,0.25000001217700096,0.2500001244608971,0.1000000307919843,0.250000016972741,-0.2500001201664584,0.10000003473165611,1249,0.24789833717836146,0.3069927205205898,0
4.2,WAIT,,0.34,-0.37426190820152416,-0.16298139173501225,nan,nan,nan,nan,nan,nan,0.2500000130878054,0.2500001157436199,0.1000000303118806,0.25000001694503626,-0.250000112438823,0.10000003350368451,1250,0.24844541935444864,0.3069927204626905,0
4.25,WAIT,,0.34,-0.3727651158587647,-0.16298139173501225,nan,nan,nan,nan,nan,nan,0.25000001358903945,0.25000010558474245,0.10000002938076726,0.250000016000945,-0.2500001036987501,0.10000003138100008,1250,0.2467442747794688,0.3069927204092048,0
4.3,WAIT,,0.34,-0.37126833360465983,-0.16298139173501225,nan,nan,nan,nan,nan,nan,0.2500000134518361,0.2500000948730483,0.10000002782691048,0.25000001422275553,-0.2500000945216434,0.10000002845160169,1250,0.24782788223765945,0.3069927203597952,0
4.35,WAIT,,0.34,-0.36977156124824784,-0.16298139173501225,nan,nan,nan,nan,nan,nan,0.2500000126899572,0.2500000846620969,0.10000002573331664,0.25000001193627897,-0.25000008567352666,0.10000002506400776,1250,0.24782788232494485,0.3069927203141501,0
4.4,WAIT,,0.34,-0.36827479860218143,-0.16298139173501225,nan,nan,nan,nan,nan,nan,0.2500000114867222,0.250000075815061,0.10000002334135531,0.25000000958110935,-0.2500000778028025,0.10000002168171865,1252,0.2467974197960896,0.30699272027198177,0
4.45,WAIT,,0.34,-0.36677804548265974,-0.16298139173501225,nan,nan,nan,nan,nan,nan,0.25000001009616696,0.2500000687804512,0.10000002093636451,0.2500000075712699,-0.2500000712423461,0.10000001873255074,1253,0.24712221505738668,0.3069927202330245,0
4.5,WAIT,,0.34,-0.3652813017093605,-0.16298139173501225,nan,nan,nan,nan,nan,nan,0.2500000087526527,0.2500000635373949,0.10000001875229958,0.2500000061863612,-0.2500000659596789,0.1000000164955645,1253,0.24781022035169686,0.30699272019703294,0
4.55,WAIT,,0.34,-0.36378456710537505,-0.16298139173501225,nan,nan,nan,nan,nan,nan,0.25000000761200236,0.2500000596902862,0.10000001691769927,0.25000000551742646,-0.2500000616379767,0.1000000150494046,1253,0.24781021941421288,0.30699272016378043,0
4.6,WAIT,,0.34,-0.36228784149714327,-0.16298139173501225,nan,nan,nan,nan,nan,nan,0.25000000673231004,0.2500000566525993,0.10000001544769939,0.25000000547229995,-0.25000005783315765,0.10000001428425216,1253,0.24795208862335988,0.3069927201330578,0
4.65,WAIT,,0.34,-0.36079112471439023,-0.16298139173501225,nan,nan,nan,nan,nan,nan,0.2500000060890213,0.2500000538463716,0.10000001427221288,0.25000000582823717,-0.250000054140122,0.10000001396181081,1254,0.2463430487548358,0.30699272010467193,0
4.7,WAIT,,0.34,-0.3592944165900641,-0.16298139173501225,nan,nan,nan,nan,nan,nan,0.2500000056102738,0.250000050855447,0.10000001328226038,0.25000000630929575,-0.25000005031264366,0.10000001379790553,1255,0.2471490463547401,0.30699272007844436,0
4.75,WAIT,,0.34,-0.35779771696027457,-0.16298139173501225,nan,nan,nan,nan,nan,nan,0.25000000521611904,0.2500000474980456,0.10000001237556462,0.2500000066636824,-0.2500000463078256,0.10000001354137598,1255,0.2471490428267794,0.3069927200542103,0
4.8,WAIT,,0.34,-0.356301025664234,-0.16298139173501225,nan,nan,nan,nan,nan,nan,0.2500000048483093,0.25000004381582625,0.10000001148746154,0.2500000067210835,-0.2500000422559824,0.10000001302932986,1255,0.24680319411905782,0.3069927200318176,0
4.85,WAIT,,0.34,-0.35480434254419807,-0.16298139173501225,nan,nan,nan,nan,nan,nan,0.2500000044836383,0.25000004000193704,0.10000001060108855,0.2500000064191178,-0.25000003838024926,0.10000001220919863,1256,0.24663273585100448,0.30699272001112576,0
4.9,WAIT,,0.34,-0.35330766744540854,-0.16298139173501225,nan,nan,nan,nan,nan,nan,0.2500000041307381,0.25000003630339257,0.10000000973866366,0.2500000057981711,-0.2500000349012094,0.10000001112873297,1256,0.2476707916432046,0.30699271999200506,0
4.95,WAIT,,0.34,-0.35181100021603606,-0.16298139173501225,nan,nan,nan,nan,nan,nan,0.25000000381555487,0.2500000329324706,0.1000000089411544,0.2500000049721153,-0.2500000319595741,0.10000000990317334,1256,0.24734220577519728,0.3069927199743356,0
5.0,WAIT,,0.34,-0.3503143407071256,-0.16298139173501225,nan,nan,nan,nan,nan,nan,0.2500000035632109,0.2500000300109342,0.10000000824564945,0.25000000408700196,-0.2500000295778724,0.10000000867272173,1256,0.24734220487518388,0.3069927199580068,0
5.05,WAIT,,0.34,-0.34881768877254116,-0.16298139173501225,nan,nan,nan,nan,nan,nan,0.25000000338348716,0.2500000275553943,0.10000000766847018,0.25000000328033645,-0.2500000276659486,0.10000000756305195,1256,0.24606238711892298,0.3069927199429164,0
5.1,WAIT,,0.34,-0.34732104426891314,-0.16298139173501225,nan,nan,nan,nan,nan,nan,0.25000000326450766,0.25000002549778466,0.100000007198589,0.2500000026507304,-0.2500000260606402,0.10000000665798316,1256,0.2479379584747866,0.30699271992897004,0
5.15,WAIT,,0.34,-0.3458244070555858,-0.16298139173501225,nan,nan,nan,nan,nan,nan,0.2500000031756325,0.25000002372580027,0.10000000680176642,0.25000000224304675,-0.2500000245813712,0.10000000598830103,1256,0.24828840407810726,0.30699271991608057,0
5.2,WAIT,,0.34,-0.3443277769945655,-0.16298139173501225,nan,nan,nan,nan,nan,nan,0.25000000307735254,0.25000002212582645,0.1000000064323559,0.25000000204921613,-0.2500000230820092,0.10000000553573535,1256,0.24828840356842385,0.30699271990416743,0
5.25,WAIT,,0.34,-0.34283115395047054,-0.16298139173501225,nan,nan,nan,nan,nan,nan,0.2500000029340194,0.25000002061446897,0.10000000604785593,0.2500000020210396,-0.25000002148417033,0.1000000052475612,1258,0.21716927003943626,0.30699271989315635,0
5.3,WAIT,,0.34,-0.341334537790482,-0.16298139173501225,nan,nan,nan,nan,nan,nan,0.25000000272491624,0.25000001915181946,0.10000000562124031,0.2500000020892318,-0.2500000197854848,0.1000000050557495,1259,0.21359166089264747,0.3069927198829787,0
5.35,WAIT,,0.34,-0.33983792838429516,-0.16298139173501225,nan,nan,nan,nan,nan,nan,0.25000000245027537,0.2500000177370549,0.1000000051475467,0.2500000021828097,-0.2500000180449621,0.10000000489497368,1260,0.209257142036471,0.30699271987357085,0
5.4,WAIT,,0.34,-0.33834132560407143,-0.16298139173501225,nan,nan,nan,nan,nan,nan,0.25000000213080953,0.2500000163924598,0.10000000464343577,0.2500000022442749,-0.2500000163538819,0.10000000471550162,1260,0.2092571423086147,0.3069927198648744,0
5.45,WAIT,,0.34,-0.33684472932439213,-0.16298139173501225,nan,nan,nan,nan,nan,nan,0.25000000180142956,0.2500000151442092,0.10000000414067309,0.25000000223816293,-0.25000001480319595,0.10000000448928448,1261,0.2074420217816496,0.3069927198568353,0
5.5,WAIT,,0.34,-0.3353481394222125,-0.16298139173501225,nan,nan,nan,nan,nan,nan,0.25000000150143276,0.25000001400728833,0.10000000367608583,0.2500000021527243,-0.25000001345726486,0.10000000420966172,1264,0.20561949509157423,0.30699271984940324,0
5.55,WAIT,,0.34,-0.33385155577681674,-0.16298139173501225,nan,nan,nan,nan,nan,nan,0.25000000126418687,0.2500000129787923,0.10000000328117342,0.25000000199617084,-0.25000001233998664,0.10000000388653267,1265,0.20525680788035444,0.30699271984253246,0
5.6,WAIT,,0.34,-0.33235497826977434,-0.16298139173501225,nan,nan,nan,nan,nan,nan,0.25000000110912807,0.25000001204004313,0.10000000297419857,0.2500000017898034,-0.2500000114346399,0.10000000353941527,1265,0.20525680815581138,0.30699271983618015,0
5.65,WAIT,,0.34,-0.3308584067848961,-0.16298139173501225,nan,nan,nan,nan,nan,nan,0.2500000010379379,0.2500000111648379,0.10000000275652411,0.25000000156040136,-0.25000001069464833,0.10000000319060322,1265,0.2053114108987545,0.30699271983030696,0
5.7,WAIT,,0.34,-0.32936184120819245,-0.16298139173501225,nan,nan,nan,nan,nan,nan,0.25000000103544495,0.25000001032958596,0.10000000261359458,0.2500000013337247,-0.25000001006002925,0.10000000285992937,1266,0.19974950595129598,0.30699271982487647,0
5.75,WAIT,,0.34,-0.32786528142783106,-0.16298139173501225,nan,nan,nan,nan,nan,nan,0.25000000107450815,0.2500000095212647,0.10000000251970739,0.25000000113015386,-0.25000000947386297,0.100000002561761,1268,0.20035541294941772,0.306992719819855,0
5.8,WAIT,,0.34,-0.3263687273340968,-0.16298139173501225,nan,nan,nan,nan,nan,nan,0.2500000011232288,0.25000000874061534,0.10000000244488684,0.25000000096266883,-0.2500000088943771,0.10000000230409786,1268,0.20035541311630561,0.3069927198152117,0
5.85,WAIT,,0.34,-0.3248721788193508,-0.16298139173501225,nan,nan,nan,nan,nan,nan,0.2500000011524747,0.2500000080000795,0.10000000236190622,0.2500000008367689,-0.250000008300457,0.10000000208916957,1268,0.19985125715801805,0.3069927198109177,0
5.9,WAIT,,0.34,-0.32337563577799205,-0.16298139173501225,nan,nan,nan,nan,nan,nan,0.2500000011418928,0.25000000731783717,0.10000000225176259,0.2500000007516376,-0.2500000076907015,0.1000000019147857,1268,0.19878141785484532,0.3069927198069467,0
5.95,WAIT,,0.34,-0.32187909810641846,-0.16298139173501225,nan,nan,nan,nan,nan,nan,0.25000000108320486,0.2500000067104106,0.10000000210654679,0.2500000007018548,-0.25000000707787207,0.10000000177581136,1269,0.1960401886410258,0.30699271980327414,0
6.0,WAIT,,0.34,-0.32038256570298823,-0.16298139173501225,nan,nan,nan,nan,nan,nan,0.25000000098039415,0.2500000061864144,0.10000000192943768,0.2500000006791356,-0.25000000648136605,0.10000000166540372,1269,0.1960401887902261,0.3069927197998774,0
6.05,WAIT,,0.34,-0.3188860384679844,-0.16298139173501225,nan,nan,nan,nan,nan,nan,0.25000000084717394,0.2500000057433125,0.10000000173226054,0.2500000006738321,-0.25000000592020083,0.10000000157590959,1269,0.19451473611681674,0.3069927197967356,0
6.1,WAIT,,0.34,-0.317389516303577,-0.16298139173501225,nan,nan,nan,nan,nan,nan,0.25000000070269635,0.2500000053678485,0.10000000153154194,0.2500000006761419,-0.250000005408185,0.10000000149951715,1270,0.18978183234556917,0.30699271979382947,0
6.15,WAIT,,0.34,-0.3158929991137878,-0.16298139173501225,nan,nan,nan,nan,nan,nan,0.2500000005667115,0.2500000050396019,0.10000000134417225,0.2500000006770866,-0.25000000495187974,0.10000000142881724,1271,0.19216663658578154,0.3069927197911411,0
6.2,WAIT,,0.34,-0.31439648680445537,-0.16298139173501225,nan,nan,nan,nan,nan,nan,0.2500000004553188,0.25000000473626605,0.10000000118368867,0.25000000066933403,-0.2500000045510149,0.10000000135738597,1271,0.19216663674693357,0.30699271978865417,0
6.25,WAIT,,0.34,-0.31289997928320074,-0.16298139173501225,nan,nan,nan,nan,nan,nan,0.2500000003781343,0.2500000044389361,0.1000000010578735,0.25000000064788275,-0.25000000420043306,0.10000000128039842,1271,0.19235910041971316,0.30699271978635323,0
6.3,WAIT,,0.34,-0.31140347645939326,-0.16298139173501225,nan,nan,nan,nan,nan,nan,0.2500000003372519,0.25000000413593565,0.1000000009679538,0.25000000061054833,-0.25000000389250326,0.10000000119517698,1272,0.1902933077522993,0.30699271978422454,0
6.35,WAIT,,0.34,-0.30990697824411784,-0.16298139173501225,nan,nan,nan,nan,nan,nan,0.2500000003279218,0.2500000038243394,0.10000000090928854,0.2500000005581436,-0.25000000361915997,0.10000000110152146,1272,0.19025356053548698,0.3069927197822549,0
6.4,WAIT,,0.34,-0.30841048455014275,-0.16298139173501225,nan,nan,nan,nan,nan,nan,0.2500000003405169,0.25000000350910895,0.10000000087314054,0.25000000049425397,-0.25000000337314005,0.10000000100167905,1272,0.19025356066809468,0.3069927197804323,0
6.45,WAIT,,0.34,-0.3069139952918869,-0.16298139173501225,nan,nan,nan,nan,nan,nan,0.25000000036316145,0.2500000032004205,0.1000000008489704,0.250000000424576,-0.25000000314840737,0.10000000089988736,1272,0.18872491457604845,0.30699271977874576,0
6.5,WAIT,,0.34,-0.3054175103853892,-0.16298139173501225,nan,nan,nan,nan,nan,nan,0.25000000038436904,0.2500000029101426,0.10000000082669505,0.25000000035588577,-0.25000000294004027,0.1000000008015347,1273,0.18955168243643927,0.30699271977718484,0
6.55,WAIT,,0.34,-0.3039210297482784,-0.16298139173501225,nan,nan,nan,nan,nan,nan,0.25000000039515863,0.25000000264848876,0.10000000079846466,0.25000000029480746,-0.2500000027439549,0.10000000071208703,1276,0.18948200020540168,0.30699271977574016,0
6.6,WAIT,,0.34,-0.30242455329974155,-0.16298139173501225,nan,nan,nan,nan,nan,nan,0.25000000039032183,0.25000000242163645,0.10000000075969927,0.25000000024661334,-0.2500000025567533,0.10000000063600394,1276,0.18688462055785315,0.3069927197744032,0
6.65,WAIT,,0.34,-0.30092808096049606,-0.16298139173501225,nan,nan,nan,nan,nan,nan,0.25000000036874737,0.250000002230724,0.10000000070932134,0.25000000021430024,-0.25000000237582143,0.10000000057587272,1276,0.18688462068847655,0.3069927197731655,0
6.7,WAIT,,0.34,-0.2994316126527596,-0.16298139173501225,nan,nan,nan,nan,nan,nan,0.25000000033291453,0.25000000207220235,0.10000000064929451,0.25000000019812757,-0.25000000219960855,0.10000000053194594,1276,0.18535263032249577,0.3069927197720198,0
6.75,WAIT,,0.34,-0.29793514830022216,-0.16298139173501225,nan,nan,nan,nan,nan,nan,0.2500000002878079,0.25000000193920313,0.10000000058368691,0.25000000019570456,-0.25000000202790995,0.10000000050216784,1277,0.18281494107768353,0.3069927197709591,0
6.8,WAIT,,0.34,-0.2964386878280185,-0.16298139173501225,nan,nan,nan,nan,nan,nan,0.25000000023956503,0.25000000182339555,0.10000000051752488,0.2500000002025921,-0.25000000186195126,0.10000000048266572,1277,0.18299861860715355,0.306992719769977,0
6.85,WAIT,,0.34,-0.2949422311626998,-0.16298139173501225,nan,nan,nan,nan,nan,nan,0.25000000019415836,0.25000000171680886,0.10000000045568629,0.2500000002132714,-0.25000000170415154,0.10000000046857947,1277,0.18299861871387835,0.3069927197690677,0
6.9,WAIT,,0.34,-0.2934457782322083,-0.16298139173501225,nan,nan,nan,nan,nan,nan,0.25000000015634277,0.2500000016132151,0.10000000040202334,0.2500000002222621,-0.25000000155755847,0.10000000045503336,1277,0.17956847909166956,0.3069927197682257,0
6.95,WAIT,,0.34,-0.29194932896584985,-0.16298139173501225,nan,nan,nan,nan,nan,nan,0.2500000001290066,0.25000000150886603,0.10000000035882618,0.25000000022515,-0.2500000014250795,0.1000000004380386,1277,0.18330344965888862,0.3069927197674459,0
7.0,WAIT,,0.34,-0.2904528832942681,-0.16298139173501225,nan,nan,nan,nan,nan,nan,0.25000000011296225,0.2500000014025723,0.1000000003266518,0.2500000002193221,-0.2500000013087091,0.10000000041514572,1277,0.18054521297890103,0.3069927197667237,0
7.05,WAIT,,0.34,-0.28895644114941993,-0.16298139173501225,nan,nan,nan,nan,nan,nan,0.25000000010712975,0.2500000012952659,0.10000000030448103,0.2500000002042825,-0.2500000012089571,0.10000000038573421,1277,0.180545213064633,0.3069927197660548,0
7.1,WAIT,,0.34,-0.28746000246455006,-0.16298139173501225,nan,nan,nan,nan,nan,nan,0.2500000001090092,0.2500000011892624,0.10000000029011337,0.25000000018152235,-0.25000000112463444,0.10000000035091332,1278,0.17478910114072926,0.3069927197654352,0
7.15,WAIT,,0.34,-0.2859635671741666,-0.16298139173501225,nan,nan,nan,nan,nan,nan,0.25000000011531154,0.2500000010874454,0.10000000028069284,0.2500000001540126,-0.2500000010530408,0.10000000031309263,1278,0.1747891012306511,0.30699271976486114,0
7.2,WAIT,,0.34,-0.2844671352140175,-0.16298139173501225,nan,nan,nan,nan,nan,nan,0.2500000001226162,0.25000000099255215,0.10000000027325705,0.25000000012545964,-0.2500000009904982,0.10000000027534517,1278,0.17599752653799816,0.3069927197643293,0
7.25,WAIT,,0.34,-0.2829707065210668,-0.16298139173501225,nan,nan,nan,nan,nan,nan,0.25000000012794754,0.2500000009066615,0.10000000026521813,0.25000000009949863,-0.2500000009330815,0.10000000024071133,1278,0.17599752660258233,0.3069927197638365,0
7.3,WAIT,,0.34,-0.2814742810334719,-0.16298139173501225,nan,nan,nan,nan,nan,nan,0.25000000012919155,0.2500000008309194,0.10000000025471156,0.25000000007899154,-0.2500000008773612,0.10000000021159144,1278,0.17599752666407187,0.30699271976337994,0
7.35,WAIT,,0.34,-0.27997785869056063,-0.16298139173501225,nan,nan,nan,nan,nan,nan,0.2500000001253135,0.2500000007654795,0.10000000024078089,0.2500000000655595,-0.25000000082098206,0.10000000018933802,1277,0.17599752672261149,0.3069927197629567,0
7.4,WAIT,,0.34,-0.27848143943280923,-0.16298139173501225,nan,nan,nan,nan,nan,nan,0.25000000011637347,0.2500000007096088,0.10000000022339241,0.25000000005941275,-0.2500000007629629,0.10000000017410161,1278,0.1744319090541363,0.3069927197625645,0
7.45,WAIT,,0.34,-0.27698502320182045,-0.16298139173501225,nan,nan,nan,nan,nan,nan,0.2500000001033657,0.2500000006618999,0.10000000020330359,0.2500000000594742,-0.2500000007036741,0.10000000016493166,1278,0.17443190911745304,0.306992719762201,0
7.5,WAIT,,0.34,-0.27548860994030283,-0.16298139173501225,nan,nan,nan,nan,nan,nan,0.2500000000879291,0.2500000006205343,0.10000000018182342,0.250000000063738,-0.2500000006445383,0.10000000016007757,1276,0.174431909177732,0.3069927197618639,0
7.55,WAIT,,0.34,-0.27399219959204896,-0.16298139173501225,nan,nan,nan,nan,nan,nan,0.2500000000719913,0.25000000058356014,0.10000000016051466,0.25000000006975903,-0.25000000058754857,0.10000000015740719,1280,0.17381005958347906,0.30699271976155146,0
7.6,WAIT,,0.34,-0.27249579210191555,-0.16298139173501225,nan,nan,nan,nan,nan,nan,0.2500000000574082,0.2500000005491476,0.10000000014089205,0.2500000000751641,-0.2500000005347356,0.10000000015484246,1281,0.17386091129112752,0.3069927197612617,0
7.65,WAIT,,0.34,-0.2709993874158031,-0.16298139173501225,nan,nan,nan,nan,nan,nan,0.2500000000456567,0.25000000051580323,0.10000000012416328,0.2500000000780809,-0.25000000048770216,0.10000000015072932,1281,0.1738609113399705,0.30699271976099296,0
7.7,WAIT,,0.34,-0.26950298548063595,-0.16298139173501225,nan,nan,nan,nan,nan,nan,0.25000000003762407,0.2500000004825192,0.10000000011104936,0.2500000000774154,-0.2500000004473136,0.10000000014407671,1281,0.17386091138646703,0.3069927197607437,0
7.75,WAIT,,0.34,-0.26800658624434304,-0.16298139173501225,nan,nan,nan,nan,nan,nan,0.25000000003351847,0.2500000004488467,0.10000000010170555,0.2500000000729453,-0.25000000041358655,0.1000000001346405,1281,0.1738609114307274,0.3069927197605126,0
7.8,WAIT,,0.34,-0.2665101896558394,-0.16298139173501225,nan,nan,nan,nan,nan,nan,0.25000000003290257,0.25000000041488313,0.10000000009574647,0.2500000000652374,-0.250000000385767,0.10000000012285494,1282,0.17394848942368935,0.3069927197602982,0
7.85,WAIT,,0.34,-0.2650137956650067,-0.16298139173501225,nan,nan,nan,nan,nan,nan,0.25000000003483436,0.25000000038117953,0.10000000009236046,0.25000000005543044,-0.25000000036255016,0.1000000001096496,1282,0.17394848946759345,0.30699271976009923,0
7.9,WAIT,,0.34,-0.26351740422267494,-0.16298139173501225,nan,nan,nan,nan,nan,nan,0.25000000003808037,0.2500000003485805,0.10000000009048625,0.2500000000449437,-0.25000000034237807,0.10000000009620089,1282,0.1739484895093712,0.3069927197599146,0
7.95,WAIT,,0.34,-0.26202101528060534,-0.16298139173501225,nan,nan,nan,nan,nan,nan,0.25000000004135764,0.2500000003180281,0.10000000008901529,0.2500000000351748,-0.2500000003237389,0.10000000008367403,1282,0.17394848954912362,0.3069927197597433,0
8.0,WAIT,,0.34,-0.26052462879147187,-0.16298139173501225,0.32489306273324603,-0.2504314477832993,-0.17786398154792193,0.0,0.0,0.0,0.2500000000435613,0.250000000290362,0.10000000008698427,0.2500000000272455,-0.25000000030541325,0.10000000007300468,1281,0.17394848958694753,0.3069927197595844,0
8.05,WAIT,,0.34,-0.25902824470884483,-0.16298139173501225,0.32489306273324603,-0.2504314477832993,-0.17786398154792193,0.0,0.0,0.0,0.25000000004393746,0.2500000002661522,0.1000000000837213,0.250000000021834,-0.25000000028662644,0.10000000006475482,1281,0.17394848962293474,0.3069927197594368,0
8.1,WAIT,,0.34,-0.2575318629871727,-0.16298139173501225,0.3280952020721414,-0.25159063865611053,-0.18755489734461528,0.01568052192461467,-0.00567642940303789,-0.04745534205018843,0.25000000004217676,0.2500000002455968,0.10000000007892902,0.25000000001911143,-0.2500000002670974,0.1000000000590568,1189,0.2498160633624794,0.3069927197592998,0
8.15,APPROACH,right,0.34,-0.2560354835817662,-0.16298139173501225,0.32738673605574237,-0.24792314898011725,-0.18007983193808522,0.008769746485432004,0.012619562776936986,-0.0018563345534329256,0.2500000000384193,0.2500000002284939,0.10000000007269079,0.25000000001877914,-0.2500000002469908,0.10000000005564334,1187,0.24780225174171028,0.30699271975917264,0
8.2,APPROACH,right,0.34,-0.25453910644878247,-0.16298139173501225,0.3273127654021873,-0.24592135119717773,-0.17676386188961488,0.006630728883805947,0.018341412127013564,0.012372061197729428,0.2498361607768749,0.25014656327814305,0.09989992266196071,0.25131208979502717,-0.2516138853809067,0.09505466168025029,1188,0.24561885084280177,0.3069927225468519,0
8.25,APPROACH,right,0.34,-0.2530427315452082,-0.16298139173501225,0.3276443018463776,-0.24500428059082704,-0.1761452588297284,0.006630728883805947,0.018341412127013564,0.012372061197729428,0.25033034981046376,0.24975383036029083,0.1000014437705021,0.252008626588193,-0.25673206017830863,0.08599102984854283,1191,0.23810564051298683,0.30699255897824484,0
8.3,APPROACH,right,0.34,-0.25154635882884424,-0.16298139173501225,0.32781678467409736,-0.24315616487977498,-0.17383477430157748,0.006125655270450772,0.021297939150183662,0.017744618612688202,0.25079374807457383,0.24927696885216633,0.10042008190763554,0.251022917050598,-0.2644120651632213,0.07616262062630434,1191,0.2312441684207759,0.30699224824538235,0
8.35,APPROACH,right,0.34,-0.25004998825829056,-0.16298139173501225,0.3289142025770223,-0.24338317292410555,-0.1746083674395195,0.008455118722721729,0.017493980337451986,0.01285439344670345,0.2505606507224359,0.24936264329927932,0.10063546928935202,0.24889333544063766,-0.2726595759002109,0.06765709288499248,1197,0.2210829441753076,0.3069918694660673,0
8.4,APPROACH,right,0.34,-0.24855361979293009,-0.16298139173501225,0.3302990857616974,-0.24472763889717128,-0.17063151650787262,0.011111442058952509,0.011367119510393134,0.02205954867291155,0.24973490540303278,0.250112393145324,0.10023526635920194,0.24675800731883346,-0.2800650916150475,0.060677040126018995,1205,0.2136580945499038,0.306991315260043,0
8.45,APPROACH,right,0.34,-0.24705725339291507,-0.16298139173501225,0.330854657864645,-0.24415928292165165,-0.16952853907422707,0.011111442058952509,0.011367119510393134,0.02205954867291155,0.24899331411318187,0.2509552440233442,0.09945183511026898,0.24505918318871456,-0.2861526482697701,0.05519452021785337,1217,0.211128133031316,0.3069907043236995,0
8.5,APPROACH,right,0.34,-0.24556088901915185,-0.16298139173501225,0.3338998595695009,-0.24633615679480023,-0.17232695361480443,0.0168847258286068,0.005001115942175979,0.013012482817582417,0.24872013300919102,0.25137160445287093,0.09886458194682389,0.24399454368584406,-0.29082760826066817,0.05094926394872338,1217,0.20691445213604542,0.3069900695271826,0
8.55,APPROACH,right,0.34,-0.2440645266332869,-0.16298139173501225,0.3365157826568282,-0.24626247872496815,-0.17330340571373812,0.020862566101263448,0.004605107782954047,0.009359326171385556,0.2489155167736252,0.2512101847823656,0.09881097036954445,0.24399090570364604,-0.29436891766762135,0.047048727310465346,1223,0.2055584590720616,0.30698903691184676,0
8.6,APPROACH,right,0.34,-0.24256816619769245,-0.16298139173501225,0.3389014282325367,-0.2444424671398763,-0.17236295720152364,0.0238216994769997,0.008109197243524213,0.010400756243697273,0.24955955691688728,0.25050648641448775,0.09929184067167116,0.24501002256060161,-0.29712295306140357,0.04324627610225921,1228,0.20122400855856976,0.306987694128979,0
8.65,APPROACH,right,0.34,-0.24107180767545303,-0.16298139173501225,0.3400925132063867,-0.24403700727770009,-0.17184291938933877,0.0238216994769997,0.008109197243524213,0.010400756243697273,0.2504195765692018,0.24955256994510322,0.10009279377737745,0.24677274258448811,-0.2991685862868708,0.039998469073392204,1238,0.19534602224347097,0.3069861504318443,0
8.7,APPROACH,right,0.34,-0.23957545103035205,-0.16298139173501225,0.3420220151595284,-0.24172786485298703,-0.17208188860842769,0.02528181802784652,0.01187346906071612,0.008899923682061038,0.25113263508343364,0.2487632962004557,0.10086765353571225,0.24909717897289074,-0.30055169574172547,0.0376157457830484,1238,0.1922031377976265,0.3069845618006233,0
8.75,APPROACH,right,0.34,-0.23807909622685827,-0.16298139173501225,0.34318024121555724,-0.23937437458533917,-0.1721836499229323,0.025070847826545454,0.01538047751434408,0.0078103312007411635,0.2513629033584416,0.24851614290770518,0.10125028216870305,0.25152553502330177,-0.30006895591222543,0.03563688728102435,1240,0.18816415146818102,0.30698193123026113,0
8.8,APPROACH,right,0.34,-0.23658274323011308,-0.16298139173501225,0.3435675428501561,-0.23706807744109204,-0.17178417459989934,0.023313086541623635,0.018499886771849543,0.00782851017307964,0.2513348537718408,0.24864516301521464,0.10121059000674733,0.25368041559627785,-0.2991442621826112,0.03403757627487733,1250,0.187111550638357,0.30697855061749096,0
8.85,APPROACH,right,0.34,-0.23508639200591763,-0.16298139173501225,0.34473319717723727,-0.2361430831024996,-0.17139274909124536,0.023313086541623635,0.018499886771849543,0.00782851017307964,0.25110996480371506,0.24899473729703103,0.10094598083656484,0.2558666621951395,-0.29959551313113364,0.03306392905061552,1255,0.18518863994853635,0.3069754403496538,0
8.9,APPROACH,right,0.34,-0.23359004252072046,-0.16298139173501225,0.3445917794960953,-0.23377953657526593,-0.17120349657967934,0.020846853744350354,0.021214201335925498,0.007447042531660856,0.25053179615637317,0.24960849830950152,0.10051061503410193,0.25832804038296936,-0.3009530625306568,0.032531582238599734,1255,0.18378997966583754,0.30697251725406427,0
8.95,APPROACH,right,0.34,-0.2320936947416052,-0.16298139173501225,0.34384724351493884,-0.23159121252162118,-0.17050651762413221,0.017374599825202584,0.023405375339185155,0.008077855803474475,0.24982138534225537,0.25030073123670377,0.09994567679254841,0.2607490584764054,-0.30242982888590986,0.03228999514988672,1254,0.18459405738300355,0.30697023551257113,0
9.0,APPROACH,right,0.34,-0.23059734863627843,-0.16298139173501225,0.3431499622838684,-0.2300466036696999,-0.17078055157055752,0.01422874375313463,0.02415736230613915,0.0067160137487455515,0.24922994560701078,0.25085238914098285,0.09940587572490896,0.2626983990164278,-0.3033114359530944,0.032157707491657486,1253,0.18010598189523502,0.30696883641048045,0
9.05,APPROACH,right,0.34,-0.22910100417305812,-0.16298139173501225,0.34233075343230973,-0.22852131410038878,-0.17078662552729287,0.011042309278867101,0.024818156923573566,0.0060043135096569875,0.24885989981822465,0.2511545819304998,0.09903928222012578,0.2638828613728532,-0.30304533574756876,0.031685689834753436,1253,0.17486359606577678,0.30696792463359474,0
9.1,APPROACH,right,0.34,-0.2276046613208618,-0.16298139173501225,0.3428828688962531,-0.22728040625421014,-0.17048640985181002,0.011042309278867101,0.024818156923573566,0.0060043135096569875,0.24881461853695144,0.2511266227472784,0.09894177759516543,0.2641232362555163,-0.30164811845151457,0.030647881542616294,1253,0.17288313574246073,0.30696752124112026,0
9.15,APPROACH,right,0.34,-0.22610832004919548,-0.16298139173501225,0.34200501882523676,-0.2257523826933517,-0.17063382771692778,0.008253939258951817,0.025378019963267134,0.005131447755899874,0.2490394329947423,0.25083895438347326,0.09911517329615549,0.26352419317718656,-0.29938829039358694,0.02901673665557317,1253,0.17107858980098611,0.30696722603968285,0
9.2,APPROACH,right,0.34,-0.22461198032814228,-0.16298139173501225,0.34175002638540825,-0.224592743819444,-0.17271458144792556,0.006906422520262313,0.025157509437374232,0.0004143052406014513,0.2494529053629857,0.2504001171507805,0.0994766902819233,0.2622899177024252,-0.29672509608876957,0.02704912706314458,1254,0.17293073697009975,0.3069672910589604,0
9.25,APPROACH,right,0.34,-0.22311564212835155,-0.16298139173501225,0.34103677689174255,-0.22256002186492882,-0.1727301356331093,0.0046940254181968705,0.0267769272455814,0.00033850262675822417,0.24987084502002427,0.24999722210051845,0.09988223722081098,0.26077449774423406,-0.29402343815573684,0.024766949430037637,1251,0.16845721908505257,0.3069670991216794,0
9.3,APPROACH,right,0.34,-0.22161930542102837,-0.16298139173501225,0.3412714781626524,-0.22122117550264972,-0.17271321050177138,0.0046940254181968705,0.0267769272455814,0.00033850262675822417,0.2502913334938613,0.24964868250394753,0.10024407772571926,0.2592093191888624,-0.2918409709663394,0.022616937412607487,1251,0.1665517122768307,0.30696729078783747,0
9.35,APPROACH,right,0.34,-0.2201229701779227,-0.16298139173501225,0.3415061794335622,-0.21988232914037067,-0.17269628537043347,0.0046940254181968705,0.0267769272455814,0.00033850262675822417,0.2505619406164775,0.24945813128134592,0.10049780208059725,0.2578688381929524,-0.29025057816902117,0.020855610972416526,1253,0.16583328195262487,0.3069674608617691,0
9.4,APPROACH,right,0.34,-0.2186266363713193,-0.16298139173501225,0.34174088070447206,-0.21854348277809157,-0.17267936023909555,0.0046940254181968705,0.0267769272455814,0.00033850262675822417,0.2506419977269268,0.24944170419247436,0.10058833305819105,0.25695348863057166,-0.2892057677079241,0.019579656529816893,1254,0.1644990651572188,0.30696760886741714,0
9.45,APPROACH,right,0.34,-0.2171303039740275,-0.16298139173501225,0.3419755819753819,-0.2172046364158125,-0.17266243510775764,0.0046940254181968705,0.0267769272455814,0.00033850262675822417,0.25057385274136335,0.24954801980936708,0.10052480486712342,0.25653661040915027,-0.2885697252849181,0.01877915153865161,1254,0.16203924122031754,0.3069677373437264,0
9.5,APPROACH,right,0.34,-0.21563397295937137,-0.16298139173501225,0.34221028324629177,-0.21586579005353346,-0.17264550997641973,0.0046940254181968705,0.0267769272455814,0.00033850262675822417,0.2504189901678977,0.24970585823947344,0.10036696120742365,0.25658048236280584,-0.28811989107554875,0.018376941450902847,1254,0.1603551580103308,0.3069678482262967,0
9.55,APPROACH,right,0.34,-0.21413764330117974,-0.16298139173501225,0.3424449845172016,-0.21452694369125436,-0.1726285848450818,0.0046940254181968705,0.0267769272455814,0.00033850262675822417,0.2502333384470026,0.24985748622418832,0.10018361556135137,0.25697449717337734,-0.28760642994558583,0.01825725590915949,1253,0.15697337154417934,0.30696794299074825,0
9.6,APPROACH,right,0.34,-0.2126413149737771,-0.16298139173501225,0.3426796857881114,-0.2131880973289753,-0.1726116597137439,0.0046940254181968705,0.0267769272455814,0.00033850262675822417,0.2500600698687095,0.24997261584680927,0.10002395190344508,0.25757301020136253,-0.28682228071657173,0.01828949486726548,1255,0.15813000839690156,0.3069680227626418,0
9.65,APPROACH,right,0.34,-0.21114498795197376,-0.16298139173501225,0.3429143870590213,-0.21184925096669624,-0.17259473458240598,0.0046940254181968705,0.0267769272455814,0.00033850262675822417,0.24992650763816493,0.2500458725561927,0.09991117834840445,0.25822675688173136,-0.285654214745385,0.01835251485078922,1257,0.1584770472136034,0.30696808840153716,0
9.7,APPROACH,right,0.34,-0.20964866221105677,-0.16298139173501225,0.34314908832993113,-0.21051040460441714,-0.1725778094510681,0.0046940254181968705,0.0267769272455814,0.00033850262675822417,0.24984330423859263,0.2500865843413976,0.09984880077592269,0.2588083895563883,-0.28410158471965835,0.0183543379698782,1257,0.1568463764494767,0.3069681405650867,0
9.75,APPROACH,right,0.34,-0.2081523377267811,-0.16298139173501225,0.343383789600841,-0.2091715582421381,-0.17256088431973018,0.0046940254181968705,0.0267769272455814,0.00033850262675822417,0.24980709654907893,0.2501083512349919,0.0998289522200292,0.2592310096206073,-0.2822622238953666,0.01824296175473981,1261,0.1553172805063412,0.30696817975777424,0
9.8,APPROACH,right,0.34,-0.2066560144753606,-0.16298139173501225,0.34361849087175084,-0.20783271187985902,-0.17254395918839227,0.0046940254181968705,0.0267769272455814,0.00033850262675822417,0.24980597056060636,0.25012200477946295,0.09983862359489369,0.25945738038388727,-0.2802942850684675,0.018007399030384248,1260,0.15316338229314347,0.30696820636786765,0
9.85,APPROACH,right,0.34,-0.20515969243345927,-0.16298139173501225,0.3438531921426607,-0.20649386551757998,-0.17252703405705436,0.0046940254181968705,0.0267769272455814,0.00033850262675822417,0.24982564666542553,0.25013250306635343,0.09986400369807795,0.25949839856649276,-0.2783680374691477,0.017670459895950327,1257,0.15247521454050073,0.30696822069535956,0
9.9,APPROACH,right,0.34,-0.20366337157818296,-0.16298139173501225,0.3440878934135705,-0.20515501915530088,-0.17251010892571644,0.0046940254181968705,0.0267769272455814,0.00033850262675822417,0.2498544293972439,0.25013892374309615,0.09989379109797653,0.25940186057913295,-0.2766218889328432,0.017276214001032967,1260,0.15256083981341179,0.3069682229730218,0
9.95,APPROACH,right,0.34,-0.20216705188707065,-0.16298139173501225,0.34432259468448034,-0.2038161727930218,-0.17249318379437853,0.0046940254181968705,0.0267769272455814,0.00033850262675822417,0.24988577002073126,0.2501364973463994,0.09992140325605423,0.2592352355567255,-0.27513309410735604,0.0168757100601818,1260,0.151682487505997,0.30696821338221547,0
10.0,APPROACH,right,0.34,-0.20067073333808666,-0.16298139173501225,0.3445572959553902,-0.20247732643074276,-0.17247625866304062,0.0046940254181968705,0.0267769272455814,0.00033850262675822417,0.249918207806236,0.25011970086452423,0.09994546760478026,0.2590675199897562,-0.273907881866375,0.016514323531324374,1263,0.14788413516054583,0.3069681920647133,0
10.05,APPROACH,right,0.34,-0.19917441590961246,-0.16298139173501225,0.34479199722630005,-0.20113848006846366,-0.1724593335317027,0.0046940254181968705,0.0267769272455814,0.00033850262675822417,0.24995329895598234,0.2500854116250352,0.09996838652700109,0.25895470687957,-0.27289011744433406,0.016223160728059474,1262,0.14908444683662136,0.3069681591315051,0
10.1,APPROACH,right,0.34,-0.19767809958043853,-0.16298139173501225,0.3450266984972099,-0.19979963370618462,-0.1724424084003648,0.0046940254181968705,0.0267769272455814,0.00033850262675822417,0.24999271473135243,0.2500351221570991,0.09999362166177701,0.2589314889484987,-0.27198338941147654,0.01601559196723229,1263,0.1458234970153796,0.3069681146693058,0
10.15,APPROACH,right,0.34,-0.19618178432975697,-0.16298139173501225,0.3452613997681197,-0.19846078734390554,-0.17242548326902687,0.0046940254181968705,0.0267769272455814,0.00033850262675822417,0.25003579917492247,0.24997548336503095,0.10002292241941069,0.25900957156200455,-0.2710791530148352,0.015888603678638542,1263,0.14491737448305297,0.30696805874534094,0
10.2,APPROACH,right,0.34,-0.19468547013715365,-0.16298139173501225,0.34549610103902956,-0.19712194098162644,-0.17240855813768896,0.0046940254181968705,0.0267769272455814,0.00033850262675822417,0.2500785118142146,0.24991700580267234,0.10005466501811423,0.2591812426931648,-0.2700833671151579,0.015827565135855363,1263,0.1440643341296161,0.30696799141083436,0
10.25,APPROACH,right,0.34,-0.19318915698260075,-0.16298139173501225,0.3457308023099394,-0.1957830946193474,-0.17239163300635107,0.0046940254181968705,0.0267769272455814,0.00033850262675822417,0.2501140423033928,0.24987138646876922,0.10008388239705514,0.25942597958560176,-0.2689356489690814,0.015812424154304994,1262,0.1476133847197405,0.3069679127035187,0
10.3,APPROACH,right,0.34,-0.19169284484644983,-0.16298139173501225,0.34596550358084927,-0.19444424825706833,-0.17237470787501316,0.0046940254181968705,0.0267769272455814,0.00033850262675822417,0.25013474997039764,0.2498483621058159,0.10010382341067753,0.25971779506454695,-0.2676177121136915,0.015823387017934294,1265,0.1467553830909209,0.3069678226494155,0
10.35,APPROACH,right,0.34,-0.1901965337094241,-0.16298139173501225,0.3462002048517591,-0.19310540189478928,-0.17235778274367525,0.0046940254181968705,0.0267769272455814,0.00033850262675822417,0.2501346629051673,0.24985307129702064,0.10010832846514413,0.2600314927592483,-0.2661509105631371,0.015844731942468868,1265,0.14580487477520082,0.30696772126408506,0
10.4,APPROACH,right,0.34,-0.18870022355261176,-0.16298139173501225,0.346434906122669,-0.19176655553251018,-0.17234085761233733,0.0046940254181968705,0.0267769272455814,0.00033850262675822417,0.2501116545074711,0.2498846679067167,0.10009411073317609,0.26034675295027493,-0.26458528361437583,0.01586629007063662,1265,0.14275202995039943,0.3069676085534721,0
10.45,APPROACH,right,0.34,-0.18720391435745906,-0.16298139173501225,0.34666960739357877,-0.1904277091702311,-0.17232393248099942,0.0046940254181968705,0.0267769272455814,0.00033850262675822417,0.2500685791242113,0.24993650641141738,0.10006216785677878,0.26064978811395473,-0.2629840386204655,0.015882950767862475,1266,0.14234744724207998,0.3069674845144676,0
10.5,APPROACH,right,0.34,-0.1857076061057633,-0.16298139173501225,0.3469043086644886,-0.18908886280795206,-0.1723070073496615,0.0046940254181968705,0.0267769272455814,0.00033850262675822417,0.25001300604561805,0.2499977681365984,0.1000179004149148,0.2609329956171337,-0.2614077499145625,0.01589303515631603,1264,0.1415173141926796,0.3069673491352626,0
10.55,APPROACH,right,0.34,-0.1842112987796664,-0.16298139173501225,0.3471390099353985,-0.18775001644567296,-0.1722900822183236,0.0046940254181968705,0.0267769272455814,0.00033850262675822417,0.24995562433139254,0.250056033213225,0.09996993957351559,0.26119344397611877,-0.25990184638607206,0.015896453490369514,1264,0.14068032609786257,0.30696720239556097,0
10.6,DESCEND,right,0.34,-0.18271499236164815,-0.16298139173501225,0.34737371120630833,-0.18641117008339392,-0.17227315708698568,0.0046940254181968705,0.0267769272455814,0.00033850262675822417,0.24990777495435298,0.2501001002036557,0.09992806242174268,0.26143109613989296,-0.25848957417996854,0.015893322567977194,1265,0.13972052117306571,0.30696704426668986,0
10.65,DESCEND,right,0.34,-0.18121868683452022,-0.16298139173501225,0.3476084124772182,-0.18507232372111485,-0.17225623195564777,0.0046940254181968705,0.0267769272455814,0.00033850262675822417,0.24987879757350384,0.2501223476343592,0.09990080701504579,0.2616474490251176,-0.2571709974546991,0.01588335404878103,1266,0.13926343061308394,0.3069668747116478,0
10.7,DESCEND,right,0.34,-0.17972238218141942,-0.16298139173501225,0.347843113748128,-0.18373347735883575,-0.17223930682430985,0.0046940254181968705,0.0267769272455814,0.00033850262675822417,0.2495635721310722,0.25039278460966313,0.09973216841815186,0.26250524983697776,-0.2564845298710802,0.011634698870013767,1266,0.13260330157256212,0.30696477508435177,0
10.75,DESCEND,right,0.34,-0.17822607838580193,-0.16298139173501225,0.34807781501903784,-0.1823946309965567,-0.17222238169297197,0.0046940254181968705,0.0267769272455814,0.00033850262675822417,0.24994392792497275,0.2501149713471109,0.0997241773479801,0.26210785466103514,-0.25707284571199307,0.004348119762025525,1266,0.12603822726347302,0.30696228879059717,0
10.8,DESCEND,right,0.34,-0.176729775431437,-0.16298139173501225,0.3483125162899477,-0.18105578463427763,-0.17220545656163405,0.0046940254181968705,0.0267769272455814,0.00033850262675822417,0.25050098539718424,0.24958049716435285,0.10011190581441308,0.2599206511810582,-0.258226897084472,-0.0035799879432626934,1266,0.12152619439659469,0.30695950255924287,0
10.85,DESCEND,right,0.34,-0.17523347330240094,-0.16298139173501225,0.34854721756085755,-0.17971693827199858,-0.17218853143029614,0.0046940254181968705,0.0267769272455814,0.00033850262675822417,0.2505957382783319,0.24936584807281406,0.1004940004116523,0.25673075336970497,-0.25914967105691855,-0.011154840435261826,1267,0.11677441477897336,0.30695648906786194,0
10.9,DESCEND,right,0.34,-0.17373717198307176,-0.16298139173501225,0.3487819188317674,-0.17837809190971948,-0.17217160629895822,0.0046940254181968705,0.0267769272455814,0.00033850262675822417,0.2502595702293232,0.2496252437591094,0.1004675303649277,0.2533138594420897,-0.2595533431956652,-0.01805412766968674,1268,0.11264837388065431,0.3069533107284372,0
10.95,DESCEND,right,0.34,-0.17224087145812297,-0.16298139173501225,0.3490166201026772,-0.17703924554744038,-0.1721546811676203,0.0046940254181968705,0.0267769272455814,0.00033850262675822417,0.24981575473387813,0.2501257775580598,0.10006818665692647,0.2501406204643759,-0.2595342076031018,-0.024157073917232656,1268,0.10904849703826165,0.3069500217615995,0
11.0,DESCEND,right,0.34,-0.1707445717125183,-0.16298139173501225,0.34925132137358705,-0.17570039918516134,-0.1721377560362824,0.0046940254181968705,0.0267769272455814,0.00033850262675822417,0.24951886029514328,0.25053346943058014,0.0996215976384419,0.24749657314463053,-0.2592967307934995,-0.0294042508745779,1268,0.1058918494846333,0.30694666938747767,0
11.05,DESCEND,right,0.34,-0.1692482727315059,-0.16298139173501225,0.3494860226444969,-0.17436155282288227,-0.17212083090494448,0.0046940254181968705,0.0267769272455814,0.00033850262675822417,0.24946920631678215,0.2506405426733158,0.09941149151909626,0.2455764647086333,-0.258979213565674,-0.03376885155429122,1269,0.10310949323684944,0.3069432945736268,0
11.1,DESCEND,right,0.34,-0.16775197450061335,-0.16298139173501225,0.34972072391540676,-0.17302270646060322,-0.17210390577360657,0.0046940254181968705,0.0267769272455814,0.00033850262675822417,0.2496437065341825,0.25043801775075086,0.09951060451766408,0.24449242754615738,-0.2586066944515135,-0.03726276713069554,1270,0.1042643080167709,0.30693993256907676,0
11.15,DESCEND,right,0.34,-0.16625567700564214,-0.16298139173501225,0.3499554251863166,-0.17168386009832415,-0.17208698064226866,0.0046940254181968705,0.0267769272455814,0.00033850262675822417,0.2499468484213214,0.25006048996579106,0.09981418353536654,0.24424162144409844,-0.25812652462342295,-0.039953345683412446,1270,0.10178100601749711,0.30693661333974015,0
11.2,DESCEND,right,0.34,-0.16475938023266262,-0.16298139173501225,0.35019012645722647,-0.17034501373604505,-0.17207005551093074,0.0046940254181968705,0.0267769272455814,0.00033850262675822417,0.250262080887594,0.24968192529239489,0.1001576691379361,0.24468554311326135,-0.257470641511134,-0.04197158233013787,1270,0.10578380563653324,0.3069333619604837,0
11.25,DESCEND,right,0.34,-0.16326308416800833,-0.16298139173501225,0.35042482772813627,-0.169006167373766,-0.17205313037959283,0.0046940254181968705,0.0267769272455814,0.00033850262675822417,0.25049305441453046,0.249432844573838,0.10041150468764536,0.24557288352915166,-0.2566014841083152,-0.043498709578598416,1270,0.10358337960227955,0.30693019898841656,0
11.3,DESCEND,right,0.34,-0.16176678879827205,-0.16298139173501225,0.3506595289990461,-0.1676673210114869,-0.17203620524825491,0.0046940254181968705,0.0267769272455814,0.00033850262675822417,0.2505852843938461,0.24936771316850456,0.10051637201204834,0.24660399759091764,-0.2555253161528293,-0.04473252074596239,1271,0.10131024434598256,0.3069271408269073,0
11.35,DESCEND,right,0.34,-0.16027049411030012,-0.16298139173501225,0.350894230269956,-0.16632847464920786,-0.17201928011691703,0.0046940254181968705,0.0267769272455814,0.00033850262675822417,0.2505290780326658,0.24947354246417044,0.10047354614759225,0.24750825298367868,-0.25428136927263245,-0.045847238065914786,1271,0.09940684596649564,0.30692420008309285,0
11.4,DESCEND,right,0.34,-0.15877420009118776,-0.16298139173501225,0.35112893154086583,-0.16498962828692879,-0.17200235498557911,0.0046940254181968705,0.0267769272455814,0.00033850262675822417,0.2503513930006659,0.24969616920367324,0.10031957051892294,0.2481022772585574,-0.25292447066110835,-0.04696309546120031,1271,0.0976779062261884,0.3069213859191095,0
11.45,DESCEND,right,0.34,-0.15727790672827457,-0.16298139173501225,0.3513636328117757,-0.16365078192464969,-0.1719854298542412,0.0046940254181968705,0.0267769272455814,0.00033850262675822417,0.2501033776184292,0.24996592440470133,0.10010505466505588,0.2483127728926285,-0.25151318288473185,-0.04813498644261849,1270,0.09665370966255711,0.3069187043964785,0
11.5,DESCEND,right,0.34,-0.15578161400913984,-0.16298139173501225,0.3515983340826855,-0.16231193556237067,-0.1719685047229033,0.0046940254181968705,0.0267769272455814,0.00033850262675822417,0.24984671765443428,0.25021593500736844,0.0998825045340852,0.2481661823743479,-0.250104828892383,-0.049359840804110496,1271,0.09571993718503251,0.3069161588131633,0
11.55,DESCEND,right,0.34,-0.15428532192159775,-0.16298139173501225,0.35183303535359534,-0.16097308920009157,-0.17195157959156537,0.0046940254181968705,0.0267769272455814,0.00033850262675822417,0.24963995850815265,0.2503938598643706,0.0996993362147115,0.24775803863207727,-0.24875243195518817,-0.05059570467589914,1273,0.09494674622805398,0.30691375003277915,0
11.6,DESCEND,right,0.34,-0.15278903045369335,-0.16298139173501225,0.3520677366245052,-0.15963424283781252,-0.17193465446022746,0.0046940254181968705,0.0267769272455814,0.00033850262675822417,0.24952620561258546,0.25046921819084156,0.09959166965040761,0.24721608087216362,-0.2474992049967662,-0.051783940230233756,1273,0.09431571540177709,0.3069114768053257,0
11.65,DESCEND,right,0.34,-0.15129273959369796,-0.16298139173501225,0.35230243789541504,-0.15829539647553342,-0.17191772932888955,0.0046940254181968705,0.0267769272455814,0.00033850262675822417,0.24952445895713968,0.2504367284812309,0.09957812627800938,0.2466672787804429,-0.2463705329384803,-0.05286816530706701,1275,0.09010668150018526,0.30690933607837584,0
11.7,DESCEND,right,0.34,-0.1497964493301048,-0.16298139173501225,0.3525371391663249,-0.15695655011325435,-0.17190080419755163,0.0046940254181968705,0.0267769272455814,0.00033850262675822417,0.24962678956260384,0.2503148525011662,0.09965590671541114,0.24621405522755313,-0.24536687823458403,-0.0538068932035488,1275,0.08988729159576474,0.3069073232970053,0
11.75,DESCEND,right,0.34,-0.14830015965162494,-0.16298139173501225,0.3527718404372347,-0.1556177037509753,-0.17188387906621372,0.0046940254181968705,0.0267769272455814,0.00033850262675822417,0.24980218696293544,0.25013937033452693,0.09980170567710551,0.24592134259418136,-0.24446148255452477,-0.054579456256256154,1278,0.08976556302604237,0.3069054326902387,0
11.8,CLOSE,right,0.34,-0.14680387054718316,-0.16298139173501225,0.35300654170814455,-0.15427885738869623,-0.1718669539348758,0.0046940254181968705,0.0267769272455814,0.00033850262675822417,0.25000585139663506,0.24995348100387682,0.09997808088812403,0.2458138431227453,-0.24360470089498473,-0.055186216000220056,1278,0.08973034896809874,0.3069036575412099,0
11.85,CLOSE,right,0.34,-0.1453075820059138,-0.16298139173501225,0.3532412429790544,-0.1529400110264172,-0.17185002880353792,0.0046940254181968705,0.0267769272455814,0.00033850262675822417,0.2501910509200443,0.24979719397217337,0.10014348777733212,0.2458814492368238,-0.24273409833476037,-0.05564463212600079,1280,0.0897718483355089,0.3069019904380673,0
11.9,CLOSE,right,0.34,-0.14381129401715692,-0.16298139173501225,0.35347594424996426,-0.1516011646641381,-0.1718331036722,0.0046940254181968705,0.0267769272455814,0.00033850262675822417,0.25030556015093447,0.24971130410061615,0.1002574629338553,0.24619617117584847,-0.24168741018767975,-0.05591751970923864,1278,0.08988144158869298,0.30690042350278973,0
11.95,CLOSE,right,0.34,-0.14231500657045448,-0.16298139173501225,0.3537106455208741,-0.150262318301859,-0.1718161785408621,0.0046940254181968705,0.0267769272455814,0.00033850262675822417,0.2503755323267866,0.24967006312121254,0.10030866419970354,0.24655805581571597,-0.24057744449020046,-0.056154065638766695,1278,0.09005154659321192,0.30689894859548333,0
12.0,CLOSE,right,0.34128260192861204,-0.14153366657012315,-0.16320378501987431,0.3539453467917839,-0.14892347193957994,-0.17179925340952418,0.0046940254181968705,0.0267769272455814,0.00033850262675822417,0.2503218945511637,0.2497274764441261,0.10029440514908056,0.24698677522148874,-0.23893031004844745,-0.056201163055164954,1278,0.0902754920558909,0.3068975574925119,0
12.05,CLOSE,right,0.34369349741435534,-0.14101291437399321,-0.16325748440684673,0.35418004806269376,-0.14758462557730084,-0.17178232827818626,0.0046940254181968705,0.0267769272455814,0.00033850262675822417,0.25013753034646685,0.24989678461574122,0.10017015540273665,0.2477221369238865,-0.236303818171491,-0.05606910502788387,1281,0.08968911304007564,0.3068962420376344,0
12.1,CLOSE,right,0.3465283168143331,-0.14050370406170334,-0.16324905229270392,0.3544147493336036,-0.14624577921502183,-0.17176540314684835,0.0046940254181968705,0.0267769272455814,0.00033850262675822417,0.25004522522028516,0.2499958692304611,0.10002094745126837,0.24852861089797676,-0.2330645437078577,-0.05596024750484611,1281,0.08972323732502994,0.306894994266332,0
12.15,CLOSE,right,0.3494940334066366,-0.14021347665281972,-0.16322658956727443,0.35464945060451347,-0.14490693285274275,-0.17174847801551044,0.0046940254181968705,0.0267769272455814,0.00033850262675822417,0.250083511501858,0.24995780403955278,0.09997608315131049,0.24918434525332708,-0.22968917604277833,-0.055942580996656874,1282,0.08953290913163321,0.30689380650435844,0
12.2,CLOSE,right,0.3524101893520003,-0.14015322594019144,-0.16320100848371266,0.3548841518754233,-0.14356808649046365,-0.17173155288417252,0.0046940254181968705,0.0267769272455814,0.00033850262675822417,0.2501424360913358,0.24986346979029955,0.10003827337601799,0.24963297404945353,-0.22662407373647941,-0.05601408921344979,1282,0.08991116891217772,0.30689267144228627,1
12.25,CLOSE,right,0.35329506386819093,-0.13898694429175856,-0.163196376221177,0.3551188531463332,-0.1422292401281846,-0.1717146277528346,0.0046940254181968705,0.0267769272455814,0.00033850262675822417,0.2500995283360212,0.2498541304977279,0.10009182593288123,0.25017668317709607,-0.22472541248454814,-0.056036570449730774,1285,0.09005744113793328,0.3068915821884084,1
12.3,CLOSE,right,0.35366746075947175,-0.1388572487419963,-0.16314222911566,0.355353554417243,-0.1408903937659055,-0.1716977026214967,0.0046940254181968705,0.0267769272455814,0.00033850262675822417,0.24998482430544336,0.24995004894236592,0.10005216401725417,0.2507221368182047,-0.22369914351152478,-0.05596265782090858,1282,0.09023427594806067,0.3068905323027117,1
12.35,CLOSE,right,0.3540785459834284,-0.13927408029849322,-0.16314304947841884,0.35558825568815283,-0.13955154740362646,-0.17168077749015878,0.0046940254181968705,0.0267769272455814,0.00033850262675822417,0.2498308764952531,0.2501230890698866,0.09992922198646849,0.2511461685395525,-0.22309936511029702,-0.055910663754092635,1280,0.09043890262493852,0.30688951581474344,1
12.4,CLOSE,right,0.3547034777600604,-0.13984015489755147,-0.16318913853201478,0.3558229569590627,-0.13821270104134736,-0.17166385235882087,0.0046940254181968705,0.0267769272455814,0.00033850262675822417,0.24967202735870472,0.25031407978834685,0.09977610374141958,0.25143011657496556,-0.2226026737354239,-0.05590697018580276,1280,0.09066886686337992,0.306888527228254,1
12.45,CLOSE,right,0.3553014269374639,-0.14028710007231476,-0.16320636711668612,0.35605765822997254,-0.1368738546790683,-0.17164692722748298,0.0046940254181968705,0.0267769272455814,0.00033850262675822417,0.24958022571278335,0.2504341034628886,0.09965920265939508,0.25165352347899617,-0.22205124825451772,-0.05593426886560186,1281,0.09092199350921097,0.3068875615152895,1
12.5,CLOSE,right,0.35576882034120305,-0.1405122590702513,-0.16322194657383904,0.3562923595008824,-0.13553500831678925,-0.17163000209614507,0.0046940254181968705,0.0267769272455814,0.00033850262675822417,0.24960969009302264,0.2504187179134755,0.09963991221629116,0.2518923775587129,-0.221376258259196,-0.05595255579505648,1282,0.09119635380994882,0.3068866141021923,1
12.55,CLOSE,right,0.3561482089232161,-0.14041031419744793,-0.16323621616707906,0.3565270607717922,-0.13419616195451017,-0.17161307696480715,0.0046940254181968705,0.0267769272455814,0.00033850262675822417,0.24975451964466056,0.250268614032908,0.09973735909295336,0.2521665017149429,-0.22054935321286906,-0.05594943824773524,1282,0.09149023661156215,0.30688568084970613,1
12.6,CLOSE,right,0.3564906016928443,-0.1399674633039721,-0.16324810046942118,0.35676176204270205,-0.13285731559223113,-0.17159615183346924,0.0046940254181968705,0.0267769272455814,0.00033850262675822417,0.24996239914066407,0.25004193661630586,0.09991721094566315,0.2524593993272362,-0.21956512621331162,-0.05593285797503983,1282,0.09180212302107245,0.3068847580290046,1
12.65,LIFT,right,0.35682833464171454,-0.13925604889776005,-0.1632601429043482,0.3569964633136119,-0.13151846922995203,-0.17157922670213133,0.0046940254181968705,0.0267769272455814,0.00033850262675822417,0.2501626982461068,0.24982276436821083,0.10011179400335711,0.25276539448797236,-0.2184390262339544,-0.05590337406674009,1284,0.08537734568709184,0.3068838422952094,1
12.7,LIFT,right,0.35717543744287644,-0.13834048426917142,-0.16326885835667437,0.35723116458452175,-0.13017962286767293,-0.1715623015707934,0.0046940254181968705,0.0267769272455814,0.00033850262675822417,0.2503018818975142,0.249677602086721,0.10025614384029591,0.2530792692754447,-0.2172090830137274,-0.05586327097817732,1284,0.08386170833430386,0.306882930659628,1
12.75,LIFT,right,0.3573277321157895,-0.1371544890540202,-0.16315887461556355,0.3574658658554316,-0.12884077650539388,-0.1715453764394555,0.0046940254181968705,0.0267769272455814,0.00033850262675822417,0.25054631405922145,0.2494685082784139,0.10039668795443989,0.25318441823616655,-0.216094110531141,-0.05541518124907902,1283,0.08435937182085072,0.30688538592229686,1
12.8,LIFT,right,0.35697336589202927,-0.13620355475303528,-0.1629672723810922,0.35770056712634146,-0.1275019301431148,-0.17152845130811759,0.0046940254181968705,0.0267769272455814,0.00033850262675822417,0.25069930507555127,0.24932690456736106,0.10054392724742725,0.2528348722351639,-0.21547479882433646,-0.05457467699696476,1283,0.08545917056078121,0.30688986715899663,1
12.85,LIFT,right,0.35587129953605345,-0.13591925585373507,-0.16259441947326048,0.35793526839725126,-0.12616308378083577,-0.17151152617677967,0.0046940254181968705,0.0267769272455814,0.00033850262675822417,0.2505698198349402,0.2494297414152574,0.10055955240953138,0.2519415383892261,-0.21550322773669767,-0.053413584928488564,1284,0.08711192766291863,0.3068955248765903,1
12.9,LIFT,right,0.35376698554827196,-0.13691852812335115,-0.1623290992229267,0.3581699696681611,-0.12482423741855668,-0.17149460104544176,0.0046940254181968705,0.0267769272455814,0.00033850262675822417,0.2501744179301301,0.24980717247202544,0.10033226595379144,0.25039204028341366,-0.21637075315467472,-0.052071431646325474,1284,0.08925952775859185,0.3069016640632587,1
12.95,LIFT,right,0.35107832026784663,-0.13923748025298086,-0.16189492846841858,0.35840467093907097,-0.1234853910562776,-0.17147767591410384,0.0046940254181968705,0.0267769272455814,0.00033850262675822417,0.249643083772681,0.250348199185564,0.09990289668133821,0.24833974275484755,-0.21803656307448926,-0.050517198364923424,1284,0.09184165140595489,0.30690783860017923,1
13.0,LIFT,right,0.3483298722369875,-0.14250932947671677,-0.16099597608706406,0.3586393722099808,-0.12214654469399855,-0.17146075078276596,0.0046940254181968705,0.0267769272455814,0.00033850262675822417,0.24914730588819436,0.2508611291775586,0.09942536277464942,0.2462108977410093,-0.2201978437888301,-0.04858774076724457,1284,0.09480229138624814,0.3069138057120388,1
13.05,LIFT,right,0.34587269798391496,-0.1462634743108656,-0.15953933843328805,0.3588740734808907,-0.12080769833171946,-0.17144382565142804,0.0046940254181968705,0.0267769272455814,0.00033850262675822417,0.24887797248089674,0.25113530648453436,0.09909220921871499,0.24436011937450353,-0.2225321385310529,-0.04616893512252914,1285,0.09492302464406789,0.3069194517593982,1
13.1,LIFT,right,0.34399540135941814,-0.14992604302102971,-0.15738998170741259,0.3591087747518005,-0.11946885196944042,-0.17142690052009013,0.0046940254181968705,0.0267769272455814,0.00033850262675822417,0.248935284400825,0.25106036436372253,0.09904326165682813,0.24301934081591792,-0.22470790568653756,-0.04318658128550783,1286,0.10054403427872484,0.3069247360740146,1
13.15,LIFT,right,0.3428869048193614,-0.15295116774138665,-0.1544182821817197,0.35934347602271033,-0.11813000560716133,-0.17140997538875222,0.0046940254181968705,0.0267769272455814,0.00033850262675822417,0.24929047296817047,0.2506709169743854,0.0992976659202976,0.24230739976047058,-0.22641691683928275,-0.039606755872505936,1283,0.10549517723893682,0.3069296565793382,1
13.2,LIFT,right,0.3426018859911289,-0.15493546349759776,-0.15057077672758634,0.3595781772936202,-0.11679115924488224,-0.1713930502574143,0.0046940254181968705,0.0267769272455814,0.00033850262675822417,0.24982321303753094,0.25010822034062163,0.09975889038416047,0.2422305426893815,-0.22743698583510474,-0.03544248735714935,1286,0.10723241197561213,0.30693423029033823,1
13.25,LIFT,right,0.34305600449108997,-0.15568697129406556,-0.14590001881222014,0.35981287856453004,-0.1154523128826032,-0.1713761251260764,0.0046940254181968705,0.0267769272455814,0.00033850262675822417,0.25037904071937395,0.24954826174117586,0.10027313219035441,0.24269103916433304,-0.22768217235930024,-0.030755411353125723,1286,0.11134995767420432,0.30693848254543793,1
13.3,LIFT,right,0.3440537157234479,-0.15524559203689522,-0.14055819339847675,0.3600475798354399,-0.11411346652032411,-0.17135919999473848,0.0046940254181968705,0.0267769272455814,0.00033850262675822417,0.25081754182840243,0.24913869683191253,0.10069409061390838,0.24351726726028447,-0.22721441494571573,-0.025647300787688676,1287,0.11462604657212754,0.3069424411371357,1
13.35,LIFT,right,0.345345467153631,-0.15384503780768835,-0.1347544115831376,0.3602822811063497,-0.11277462015804507,-0.17134227486340056,0.0046940254181968705,0.0267769272455814,0.00033850262675822417,0.2510434017867168,0.2489642913995919,0.10092432044492083,0.24450936248695468,-0.22621619671607,-0.02024286015887905,1287,0.1191883184368956,0.30694613317594527,1
13.4,LIFT,right,0.3466880914573458,-0.15184626592375014,-0.12871058259797175,0.36051698237725954,-0.11143577379576598,-0.17132534973206265,0.0046940254181968705,0.0267769272455814,0.00033850262675822417,0.25102045103701565,0.24904029686412316,0.1009286351500234,0.2454851859982724,-0.2249373797215089,-0.014668330112258376,1284,0.12387809440366783,0.30694958349378687,1
13.45,LIFT,right,0.34788859769327307,-0.14966480616586855,-0.12262920659621912,0.3607516836481694,-0.1100969274334869,-0.17130842460072473,0.0046940254181968705,0.0267769272455814,0.00033850262675822417,0.2507714734266655,0.24932356277573275,0.10072837555569933,0.2463117560861934,-0.22363636258740768,-0.009032754569706687,1284,0.12867941211384104,0.3069528139257494,1
13.5,LIFT,right,0.3488236201013973,-0.14769222639930527,-0.11666121754668313,0.36098638491907925,-0.10875808107120785,-0.17129149946938685,0.0046940254181968705,0.0267769272455814,0.00033850262675822417,0.25036667471037094,0.24973196099117184,0.10038629154455359,0.24691603448045105,-0.2225318838561528,-0.0034160214038466107,1284,0.13354685581500259,0.30695584309847407,1
13.55,LIFT,right,0.3494403314785578,-0.14623306485305446,-0.11089503734094075,0.3612210861899891,-0.10741923470892877,-0.17127457433804893,0.0046940254181968705,0.0267769272455814,0.00033850262675822417,0.24990401262921777,0.2501667979905478,0.0999877087781649,0.24727916542652487,-0.22177181647641395,0.0021355515112321585,1281,0.13938508832618934,0.3069586865118197,1
13.6,LIFT,right,0.34974258597683483,-0.14546332581756366,-0.10535667550684547,0.3614557874608989,-0.10608038834664972,-0.17125764920671102,0.0046940254181968705,0.0267769272455814,0.00033850262675822417,0.24948589726095952,0.2505348269354326,0.09962096539077929,0.24742178697521294,-0.22142078376786373,0.00760662277108037,1282,0.13950896916413408,0.3069613567885525,1
13.65,LIFT,right,0.34976961437466875,-0.14542074901628954,-0.10002616352825644,0.36169048873180876,-0.10474154198437063,-0.1712407240753731,0.0046940254181968705,0.0267769272455814,0.00033850262675822417,0.24919696944487774,0.25076679599691154,0.09935960483099326,0.24738749309154448,-0.22146331106898873,0.013006220125878874,1282,0.14439378097307531,0.3051507123846606,1
13.7,LIFT,right,0.34957944601106933,-0.14601336419379965,-0.09484837873491025,0.3619251900027186,-0.10340269562209155,-0.1712237989440352,0.0046940254181968705,0.0267769272455814,0.00033850262675822417,0.24908743372831774,0.25082926332232347,0.09924895568569662,0.2472286530322919,-0.22182005202804997,0.018358620794584852,1284,0.14308869213761272,0.3032774748379203,1
13.75,LIFT,right,0.3493608825442018,-0.14708314005944123,-0.09005075800943885,0.36215989127362846,-0.1020638492598125,-0.17120687381269728,0.0046940254181968705,0.0267769272455814,0.00033850262675822417,0.24912577790122847,0.250761497086198,0.09928151459374093,0.24712082483832887,-0.2223725419372309,0.02332548245117263,1284,0.1522087559154618,0.3016915433885434,1
13.8,LIFT,right,0.3491896435670279,-0.1484616214916492,-0.0859071759893889,0.3623945925445383,-0.10072500289753342,-0.17118994868135937,0.0046940254181968705,0.0267769272455814,0.00033850262675822417,0.2493425917620452,0.25055435986991426,0.09944038402987047,0.24710097087104593,-0.22300945027778182,0.027684323118008627,1283,0.15747701190890445,0.3003439198915425,1
13.85,LIFT,right,0.3490151005032788,-0.1498458495159563,-0.08242144962537112,0.3626292938154482,-0.09938615653525437,-0.17117302355002145,0.0046940254181968705,0.0267769272455814,0.00033850262675822417,0.24970946262438914,0.2502292306660443,0.09971632213341883,0.24709705378851352,-0.2236050558806278,0.031433378254668035,1283,0.16080021995023053,0.29919490373458396,1
13.9,LIFT,right,0.348793653211864,-0.15093430787743603,-0.07946328162923733,0.36286399508635797,-0.09804731017297527,-0.17115609841868354,0.0046940254181968705,0.0267769272455814,0.00033850262675822417,0.2501199195916133,0.2498662693722613,0.10005868381455751,0.24705610249036775,-0.22403226304115725,0.03465522031773469,1283,0.16172206089767643,0.2982121504225133,1
13.95,RETREAT,right,0.34853223558561636,-0.15154300557466124,-0.07689691713174995,0.3630986963572678,-0.0967084638106962,-0.17113917328734563,0.0046940254181968705,0.0267769272455814,0.00033850262675822417,0.2504594114268044,0.24956512417010174,0.1003744389576016,0.24697298704895065,-0.22420372174358455,0.037442765979171864,1284,0.16625668871471072,0.297369175289223,1
14.0,RETREAT,right,0.3482713285139749,-0.15162564951877136,-0.07461891027668766,0.3633333976281777,-0.09536961744841715,-0.1711222481560077,0.0046940254181968705,0.0267769272455814,0.00033850262675822417,0.2506543580826316,0.2493983683761083,0.1005751909561749,0.2468717630873222,-0.22410053673244484,0.03987709060851911,1285,0.1682583737217757,0.29664418728161324,1
14.05,RETREAT,right,0.3480882900608916,-0.15006641147954053,-0.06884538455554412,0.36356809889908753,-0.09403077108613805,-0.1711053230246698,0.0046940254181968705,0.0267769272455814,0.00033850262675822417,0.2511411127899368,0.2489868375683136,0.10082353373708833,0.24600428407790945,-0.22535909947099023,0.04411723264982707,1285,0.17813636340187228,0.297204391336078,1
14.1,RETREAT,right,0.3487201888663848,-0.1475857725191823,-0.059070161826732304,0.3638028001699974,-0.09269192472385901,-0.1710883978933319,0.0046940254181968705,0.0267769272455814,0.00033850262675822417,0.25087585351395514,0.24915845725424152,0.10089852151166441,0.24514161183373911,-0.2272339316795096,0.04997655034950942,1286,0.18650499433745876,0.29844049607180195,1
14.15,RETREAT,right,0.3504113958494613,-0.14600681482001912,-0.048047384092031464,0.3640375014409072,-0.09135307836157994,-0.171071472761994,0.0046940254181968705,0.0267769272455814,0.00033850262675822417,0.2500751042570576,0.249874026459877,0.10044241901098439,0.24507784199424038,-0.229487090997503,0.0561406623679781,1286,0.19280810051543257,0.3002338156227556,1
14.2,RETREAT,right,0.35295841383238374,-0.1460140234457548,-0.03758106849534015,0.36427220271181704,-0.09001423199930084,-0.17105454763065608,0.0046940254181968705,0.0267769272455814,0.00033850262675822417,0.24941143849134925,0.2505894011465157,0.09971282868209523,0.24569028838721194,-0.23227196764197455,0.06180832154688855,1284,0.1989896483440441,0.30248000206850745,1
14.25,RETREAT,right,0.35588390589158103,-0.147219584372559,-0.028268973441187173,0.3645069039827269,-0.08867538563702179,-0.17103762249931817,0.0046940254181968705,0.0267769272455814,0.00033850262675822417,0.24915646975446137,0.25091767865444037,0.09920607906707839,0.24654712915785565,-0.2354655665709418,0.06671753747807346,1284,0.20577736508619648,0.3050875698335674,1
14.3,RETREAT,right,0.3587454354989355,-0.14885302204527193,-0.020046427615787232,0.36474160525363675,-0.08733653927474272,-0.17102069736798026,0.0046940254181968705,0.0267769272455814,0.00033850262675822417,0.24924222116292727,0.25080942387825006,0.0991526673271546,0.24731109595351883,-0.2386536663180181,0.07088095099151831,1286,0.2153236743178567,0.3069883578756838,1
14.35,RETREAT,right,0.36126927308539303,-0.15023211261793668,-0.012662036877032268,0.3649763065245466,-0.08599769291246367,-0.17100377223664234,0.0046940254181968705,0.0267769272455814,0.00033850262675822417,0.2495050821333532,0.2504468342975272,0.09944076743504335,0.24782206212906205,-0.24136289301599648,0.07438455063775956,1283,0.21978890060038192,0.3069893195521809,1
14.4,RETREAT,right,0.3633377972330731,-0.15096044415381307,-0.005917512675033265,0.36521100779545645,-0.08465884655018457,-0.17098684710530443,0.0046940254181968705,0.0267769272455814,0.00033850262675822417,0.24981126424732977,0.2500556211881642,0.09982619965856754,0.2480421258445783,-0.24328259570010907,0.07730447529514262,1285,0.2204499233754602,0.30699009034051794,1
14.45,RETREAT,right,0.36495260447234185,-0.15096238926707578,0.00027355443470677976,0.36544570906636625,-0.0833200001879055,-0.17096992197396652,0.0046940254181968705,0.0267769272455814,0.00033850262675822417,0.25008015808857614,0.24977823774426766,0.10013058085854644,0.24799546828930244,-0.24436593419169242,0.07969910326701866,1285,0.22523982518836178,0.30699071056617305,1
14.5,RETREAT,right,0.3662122772225453,-0.150421894108844,0.005927282976348591,0.3656804103372761,-0.08198115382562646,-0.1709529968426286,0.0046940254181968705,0.0267769272455814,0.00033850262675822417,0.25027163078600045,0.24964995342987606,0.10029863134602561,0.2477452940861434,-0.24479794992212298,0.08163117825475014,1283,0.22955202181612666,0.30699121180501027,1
14.55,RETREAT,right,0.36728654552740747,-0.14966642783206505,0.011062325403257134,0.36591511160818596,-0.08064230746334736,-0.1709360717112907,0.0046940254181968705,0.0267769272455814,0.00033850262675822417,0.25037080051525595,0.24963989933526348,0.10035342302064479,0.24738905679992135,-0.24488255810178325,0.08318960294267633,1286,0.23286176339726183,0.30699161870548386,1
14.6,RETREAT,right,0.36837051808751564,-0.14903852464669326,0.01574988873990124,0.3661498128790958,-0.07930346110106831,-0.1709191465799528,0.0046940254181968705,0.0267769272455814,0.00033850262675822417,0.25037854931733183,0.2497013050614944,0.1003344211690929,0.24704364251883248,-0.24491829269042031,0.08449209611450924,1287,0.23689388902580755,0.30699195049305655,1
14.65,RETREAT,right,0.36962714181556133,-0.14879376909847267,0.02011322096613366,0.36638451415000567,-0.07796461473878924,-0.1709022214486149,0.0046940254181968705,0.0267769272455814,0.00033850262675822417,0.2503075062140147,0.24979878926806687,0.10026700411046065,0.24681471496353483,-0.24511200540442263,0.08566437268058524,1287,0.23812278547413473,0.30699222217933525,1
14.7,RETREAT,right,0.37114046972362486,-0.14904783650530753,0.024284383034396173,0.36661921542091547,-0.07662576837651014,-0.17088529631727697,0.0046940254181968705,0.0267769272455814,0.00033850262675822417,0.25018087064578726,0.24991079437516875,0.10016449867449552,0.24676475354073804,-0.24554658878564836,0.08680693499470506,1288,0.23801884462174572,0.3069924455151212,1
14.75,RETREAT,right,0.37289830152424247,-0.14977536414839387,0.028350786868881706,0.3668539166918253,-0.0752869220142311,-0.17086837118593906,0.0046940254181968705,0.0267769272455814,0.00033850262675822417,0.2500303900714547,0.25002123554447614,0.10004153740660691,0.24689673969626252,-0.24619413460417067,0.08796794075519816,1284,0.239539745154349,0.30699262973159464,1
14.8,RETREAT,right,0.37480820336642307,-0.15084840149210113,0.032324199283758404,0.3670886179627352,-0.07394807565195202,-0.17085144605460115,0.0046940254181968705,0.0267769272455814,0.00033850262675822417,0.2498909736039206,0.2501137480722438,0.09992084079182699,0.24716009903770392,-0.24695568831674447,0.08913606605522711,1284,0.23998661064171395,0.306992782111824,1
14.85,RETREAT,right,0.3767366315089215,-0.1520945437105174,0.03614621843098931,0.36732331923364503,-0.07260922928967298,-0.17083452092326323,0.0046940254181968705,0.0267769272455814,0.00033850262675822417,0.24979256466217573,0.2501730396254263,0.09982882619437707,0.24747371033782853,-0.24770881052477556,0.09025559909177233,1288,0.05121437387947361,0.3069929084293753,1
14.9,RETREAT,right,0.378553823541149,-0.15335411638519153,0.039722562666768324,0.3675580205045549,-0.07127038292739388,-0.17081759579192532,0.0046940254181968705,0.0267769272455814,0.00033850262675822417,0.24975249619379575,0.2501902049660421,0.09978553812960267,0.24775465704433464,-0.2483487722541263,0.09125526174102541,1288,0.054654526985169496,0.30699301328434675,1
14.95,RETREAT,right,0.3801687956385985,-0.1545205434696346,0.042966438460069645,0.36779272177546474,-0.06993153656511478,-0.1708006706605874,0.0046940254181968705,0.0267769272455814,0.00033850262675822417,0.2497717362441075,0.2501667021692852,0.0997967046345895,0.24794196909877642,-0.24881492176514258,0.09207774361592823,1290,0.049170183832498465,0.30699310036095795,1
15.0,RETREAT,right,0.38154606949816217,-0.15555612732970356,0.04583183123676182,0.36802742304637454,-0.06859269020283576,-0.1707837455292495,0.0046940254181968705,0.0267769272455814,0.00033850262675822417,0.24983647170808715,0.25011395346479676,0.09985236653665815,0.2480092088188124,-0.2490991823756657,0.0926991441338168,1290,0.04677431224298892,0.3069931726254406,1
15.05,RETREAT,right,0.3827037644282238,-0.15648410435391774,0.048326433927458945,0.3682621243172844,-0.06725384384055666,-0.17076682039791158,0.0046940254181968705,0.0267769272455814,0.00033850262675822417,0.24992398173855562,0.2500489706092149,0.09993180672915077,0.2479649702754404,-0.2492383033064916,0.09313364367050987,1291,0.046185141442654634,0.30699323247857707,1
15.1,RETREAT,right,0.38369809667173516,-0.15736444127347862,0.0505044201449496,0.36849682558819424,-0.06591499747827761,-0.17074989526657366,0.0046940254181968705,0.0267769272455814,0.00033850262675822417,0.25001018959312726,0.24998852198118862,0.10001152299228686,0.2478440303811447,-0.24929504241896705,0.09342511029086187,1291,0.048688035244646405,0.3069932818737683,1
15.15,RETREAT,right,0.38460147299446956,-0.1582639475057883,0.05244641048239029,0.3687315268591041,-0.06457615111599854,-0.17073297013523575,0.0046940254181968705,0.0267769272455814,0.00033850262675822417,0.2500761664661678,0.2499444872465524,0.10007254903771681,0.24769355229996132,-0.24933543092385757,0.09363136636341324,1291,0.047077254580022584,0.30699332240884125,1
15.2,RETREAT,right,0.38548111510960026,-0.15923077930607937,0.05423608320149009,0.36896622813001395,-0.06323730475371944,-0.17071604500389786,0.0046940254181968705,0.0267769272455814,0.00033850262675822417,0.2501118298885559,0.24992185355698304,0.10010473057141031,0.24755886792413012,-0.24940924340059972,0.09380767423583206,1293,0.0473752126205578,0.3069933553977702,1
15.25,RETREAT,right,0.38638346430253184,-0.16028017007351084,0.055941019793375846,0.36920092940092375,-0.0618984583914404,-0.17069911987255995,0.0046940254181968705,0.0267769272455814,0.00033850262675822417,0.25011641676419744,0.2499193417307994,0.10010736514624546,0.24747249517998718,-0.24953881638497186,0.09399439587372348,1295,0.046558541875503914,0.30699338192697806,1
15.3,RETREAT,right,0.3873271264108074,-0.16139361786528914,0.05760180326010955,0.3694356306718336,-0.0605596120291613,-0.17068219474122204,0.0046940254181968705,0.0267769272455814,0.00033850262675822417,0.25009640869552,0.2499316648348494,0.10008701472678463,0.24744853933235358,-0.2497181122646316,0.09421116388514722,1295,0.048307524189758325,0.3069934028997357,1
15.35,RETREAT,right,0.38830440667071786,-0.16252930188337392,0.05923001749208523,0.36967033194274346,-0.05922076566688228,-0.17066526960988412,0.0046940254181968705,0.0267769272455814,0.00033850262675822417,0.2500621444072566,0.24995216192758818,0.10005394279758083,0.24748285129100542,-0.24992053672337577,0.09445749434547067,1296,0.04726383286669254,0.3069934190713233,1
15.4,RETREAT,right,0.3892892286005682,-0.16363845685285885,0.06081351203584906,0.3699050332136533,-0.05788191930460318,-0.1706483444785462,0.0046940254181968705,0.0267769272455814,0.00033850262675822417,0.2500243688740193,0.2499748589609895,0.10001857997489773,0.24755774104151282,-0.25011159063343236,0.0947181746219779,1298,0.04930160855783153,0.3069934310769912,1
15.45,RETREAT,right,0.3902479971532244,-0.1646815102209741,0.062326123348591,0.37013973448456317,-0.05654307294232408,-0.1706314193472083,0.0046940254181968705,0.0267769272455814,0.00033850262675822417,0.2499916228644782,0.24999555132104365,0.09998896070293598,0.24764909225061407,-0.25026162316935535,0.09497103600896716,1298,0.044576485671024985,0.30699343945427343,1
15.5,RETREAT,right,0.39114993847954826,-0.16563893461307158,0.06373870485266875,0.37037443575547296,-0.055204226580045035,-0.17061449421587038,0.0046940254181968705,0.0267769272455814,0.00033850262675822417,0.24996889737821257,0.2500119768834842,0.09996950309166468,0.2477335609438157,-0.2503547617658405,0.09519470525987092,1298,0.04592856263504068,0.306993444660855,1
15.55,RETREAT,right,0.3919743815841013,-0.1665142818543507,0.06502861704084406,0.3706091370263828,-0.05386538021776596,-0.17059756908453247,0.0046940254181968705,0.0267769272455814,0.00033850262675822417,0.24995753894010006,0.2500234051291681,0.09996103748238869,0.2477940358293241,-0.2503919859224816,0.09537443390318232,1296,0.04719082081829744,0.3069934470889195,1
15.6,RETREAT,right,0.39271384527840025,-0.16732971325344048,0.06618566536659931,0.37084383829729267,-0.05252653385548692,-0.17058064395319456,0.0046940254181968705,0.0267769272455814,0.00033850262675822417,0.24995608383416246,0.2500300108680568,0.09996171150330602,0.2478223887479825,-0.25038848102602546,0.09550494783589737,1295,0.04792466809111494,0.3069934470766982,1
15.65,RETREAT,right,0.3933731477140467,-0.16811658026521756,0.06721368630140456,0.3710785395682025,-0.05118768749320782,-0.17056371882185664,0.0046940254181968705,0.0267769272455814,0.00033850262675822417,0.24996154844532592,0.2500323152964766,0.09996829883225371,0.24781943896615677,-0.2503671162255198,0.0955902197144939,1298,0.04679228325767637,0.3069934449177905,1
15.7,RETREAT,right,0.39396571312637463,-0.16890467419550062,0.06812825414096801,0.3713132408391124,-0.049848841130928745,-0.17054679369051873,0.0046940254181968705,0.0267769272455814,0.00033850262675822417,0.24997070180393124,0.2500308489185707,0.09997746831385065,0.24779276434062308,-0.2503507017419402,0.09564088977396794,1298,0.04822693439072777,0.306993440868699,1
15.75,RETREAT,right,0.3945087841239476,-0.16971334885709288,0.06895171147087709,0.3715479421100222,-0.0485099947686497,-0.17052986855918084,0.0046940254181968705,0.0267769272455814,0.00033850262675822417,0.249980967292652,0.25002607050875986,0.09998668628285397,0.24775338912936884,-0.25035554517267117,0.09567053088905417,1298,0.04718056161037838,0.3069934351549326,1
15.8,RETREAT,right,0.39501882563039625,-0.1705471309482877,0.06970772333942787,0.37178264338093203,-0.0471711484063706,-0.17051294342784293,0.0046940254181968705,0.0267769272455814,0.00033850262675822417,0.2499907995582809,0.2500184783612272,0.09999459663391161,0.24771242440497004,-0.25038794963025457,0.0956919881979297,1297,0.04452561562916506,0.30699342797595724,1
15.85,RETREAT,right,0.3955083694083009,-0.1713960995116272,0.07041656514617478,0.3720173446518419,-0.045832302044091555,-0.17049601829650501,0.0046940254181968705,0.0267769272455814,0.00033850262675822417,0.24999957232810124,0.25000880219294497,0.10000090217647202,0.24767851112760159,-0.25044415079982396,0.09571476522019803,1299,0.043785784190664076,0.30699341950921966,1
15.9,RETREAT,right,0.3959846427890646,-0.1722402861717243,0.07109227082012692,0.37225204592275174,-0.04449345568181248,-0.1704790931651671,0.0046940254181968705,0.0267769272455814,0.00033850262675822417,0.25000717536864986,0.24999813904463414,0.10000591958043482,0.24765650319719848,-0.2505131043209249,0.0957438615171269,1299,0.04478674120029326,0.30699340991342317,1
15.95,RETREAT,right,0.3964498334076196,-0.17305625784519876,0.07174191717750245,0.3724867471936616,-0.04315460931953338,-0.1704621680338292,0.0046940254181968705,0.0267769272455814,0.00033850262675822417,0.25001356492479115,0.2499879347167022,0.10001005373416876,0.24764739608968978,-0.25058083305605877,0.09578000826341225,1297,0.04602421634998026,0.30699339933119774,1
16.0,RETREAT,right,0.39690245514502803,-0.17382372524352283,0.07236668540971314,0.37272144846457145,-0.04181576295725434,-0.17044524290249127,0.0046940254181968705,0.0267769272455814,0.00033850262675822417,0.25001846786197196,0.24997978372964558,0.10001341210758219,0.24764918652253254,-0.25063483828126965,0.09582088420674152,1296,0.0447573607877928,0.3069933878912842,1
16.05,RETREAT,right,0.3973391450226224,-0.1745303775551826,0.07296397422814493,0.37295614973548125,-0.040476916594975265,-0.17042831777115336,0.0046940254181968705,0.0267769272455814,0.00033850262675822417,0.2500213384456559,0.24997509755530065,0.10001568343672053,0.24765819176441223,-0.25066733888425485,0.09586273598910348,1295,0.04461335938623065,0.3069933757103235,1
16.1,RETREAT,right,0.3977563060013915,-0.1751739339423984,0.07352975308189569,0.3731908510063911,-0.039138070232696165,-0.17041139263981545,0.0046940254181968705,0.0267769272455814,0.00033850262675822417,0.2500215486428438,0.24997474667077457,0.10001628290470982,0.24767036882387078,-0.25067665939417905,0.09590186729917996,1295,0.04542482512025149,0.30699336289432755,1
16.15,RETREAT,right,0.398151228055768,-0.17576132710667808,0.07406049911195112,0.37342555227730095,-0.037799223870417176,-0.17039446750847753,0.0046940254181968705,0.0267769272455814,0.00033850262675822417,0.25001870181627084,0.2499787971515708,0.1000146643300744,0.24768230496387827,-0.2506667267640056,0.09593564002232655,1296,0.040911163949370305,0.30699334953989393,1
16.2,RETREAT,right,0.39855696113071004,-0.17641182765698402,0.07457492790782361,0.3736602535482108,-0.036460377508138075,-0.17037754237713962,0.0046940254181968705,0.0267769272455814,0.00033850262675822417,0.2500218190789337,0.24997879892529193,0.10001406004502209,0.24769826487693516,-0.25073343663317726,0.09595929745568459,1298,0.0415318768937111,0.3069933374637204,1
16.25,RETREAT,right,0.3989917516595458,-0.1772236989390483,0.07505944286279198,0.3738949548191206,-0.035121531145859,-0.17036061724580173,0.0046940254181968705,0.0267769272455814,0.00033850262675822417,0.2500205691140893,0.24998130407106411,0.10001500140682866,0.2477262590993388,-0.25092527980600765,0.09598558089014896,1298,0.042196032162248084,0.30699332652903166,1
16.3,RETREAT,right,0.3994366250892856,-0.17818435195661506,0.07551095242125583,0.37412965609003046,-0.0337826847835799,-0.17034369211446382,0.0046940254181968705,0.0267769272455814,0.00033850262675822417,0.2500066530132887,0.24999405032855096,0.10001014766066811,0.24776838983367488,-0.25123025918090885,0.09602302659243647,1298,0.043234769559799574,0.30699331571651145,1
16.35,RETREAT,right,0.3998673594990969,-0.17923373435962303,0.07593340573137031,0.3743643573609403,-0.03244383842130083,-0.1703267669831259,0.0046940254181968705,0.0267769272455814,0.00033850262675822417,0.24998392858131088,0.25001590899465853,0.09999532133637988,0.24781467557002285,-0.251598562902543,0.09607179212223405,1300,0.043648751301363406,0.30699330502631683,1
16.4,RETREAT,right,0.40026193853223857,-0.18029457388379044,0.07633941583779569,0.37459905863185017,-0.031104992059021813,-0.170309841851788,0.0046940254181968705,0.0267769272455814,0.00033850262675822417,0.24996280451917297,0.2500377225787866,0.09997545664299025,0.2478485242021919,-0.25197185815963935,0.09612928139410053,1301,0.04376527722456637,0.30699329521226065,1
16.45,RETREAT,right,0.40061294564582367,-0.18129881294972358,0.07672265913815735,0.37483375990276,-0.02976614569674274,-0.17029291672045008,0.0046940254181968705,0.0267769272455814,0.00033850262675822417,0.24994980052135612,0.2500513213354935,0.09995962989132269,0.24786565470456323,-0.2522985161841481,0.09617699673373101,1301,0.04232134379046325,0.3069932855847056,1
16.5,RETREAT,right,0.4009329616988827,-0.18224607980601473,0.07707141931212647,0.3750684611736699,-0.02842729933446364,-0.17027599158911216,0.0046940254181968705,0.0267769272455814,0.00033850262675822417,0.24995585449059088,0.25004557707880587,0.09995712397456545,0.24786582784685873,-0.25259126095580353,0.09619897468734158,1302,0.04299102464198515,0.30699327884466243,1
16.55,RETREAT,right,0.4012307122035321,-0.18314773989563113,0.07737222583570436,0.37530316244457973,-0.027088452972184568,-0.17025906645777425,0.0046940254181968705,0.0267769272455814,0.00033850262675822417,0.24997576930972465,0.2500240251512909,0.099971106511099,0.24785328756472075,-0.2528588153142476,0.0961995642495134,1302,0.04392430066290154,0.30699327274217364,1
16.6,RETREAT,right,0.4015038570395066,-0.18398608874033423,0.0776342276619788,0.37553786371548953,-0.025749606609905468,-0.17024214132643634,0.0046940254181968705,0.0267769272455814,0.00033850262675822417,0.2499987042712605,0.2499980957903423,0.0999938699540118,0.24783498277557928,-0.2530955342606458,0.0961921474865871,1302,0.043860474024024335,0.3069932664089368,1
16.65,RETREAT,right,0.40176163085092964,-0.18477008099674244,0.07788412039901593,0.3757725649863994,-0.02441076024762648,-0.17022521619509842,0.0046940254181968705,0.0267769272455814,0.00033850262675822417,0.25001948596304785,0.24997603270756338,0.1000154318426331,0.24781664501440617,-0.2533090523570673,0.09618858225731523,1301,0.04430467011634616,0.30699326116548864,1
16.7,RETREAT,right,0.4020154327450485,-0.18551369439928372,0.07813348794623964,0.37600726625730924,-0.023071913885347378,-0.1702082910637605,0.0046940254181968705,0.0267769272455814,0.00033850262675822417,0.25003243255711566,0.24996436606125363,0.1000292214726107,0.24780621897160302,-0.2535058398330613,0.09619082950318918,1299,0.04510103610775683,0.3069932560432812,1
16.75,RETREAT,right,0.40226519800243193,-0.1862077304606298,0.07837618789565926,0.3762419675282191,-0.021733067523068306,-0.1701913659324226,0.0046940254181968705,0.0267769272455814,0.00033850262675822417,0.2500350742675623,0.24996470396994325,0.10003260040920407,0.247805205567854,-0.25367842989120354,0.09619825800720859,1299,0.04575354634377361,0.3069932502154443,1
16.8,RETREAT,right,0.4025042107238396,-0.1868318690146737,0.07860988963492477,0.3764766687991289,-0.020394221160789205,-0.17017444080108468,0.0046940254181968705,0.0267769272455814,0.00033850262675822417,0.2500295494236464,0.249973544080321,0.10002713755345988,0.24780896618843576,-0.2538155110680072,0.0962095982963833,1301,0.04586227702704694,0.3069932438588788,1
16.85,RETREAT,right,0.40272922553375207,-0.18738247078397546,0.07883903465956843,0.37671137007003874,-0.019055374798510105,-0.1701575156697468,0.0046940254181968705,0.0267769272455814,0.00033850262675822417,0.2500206543690199,0.24998472819896841,0.10001738687967404,0.24781121642228074,-0.25391632744708226,0.09622470761748757,1301,0.04405587500787729,0.3069932381105076,1
16.9,RETREAT,right,0.40294711115726434,-0.18791153595931726,0.07907014496544273,0.3769460713409486,-0.017716528436231116,-0.17014059053840888,0.0046940254181968705,0.0267769272455814,0.00033850262675822417,0.2500160479607674,0.2499901169528626,0.10000959780270806,0.24779710696143203,-0.2540060773337271,0.09623867890085756,1301,0.043942720398153126,0.3069932496463618,1
16.95,RETREAT,right,0.4031661508812931,-0.1884714687846142,0.07927838378818808,0.37718077261185845,-0.016377682073952043,-0.17012366540707097,0.0046940254181968705,0.0267769272455814,0.00033850262675822417,0.250009108794455,0.24999446721497512,0.10000513913485319,0.247784339413666,-0.25413455698640813,0.09623368162669738,1301,0.044749886505823816,0.3069932476838339,1
17.0,RETREAT,right,0.4033883961146396,-0.1890917248516316,0.07943980264515393,0.3774154738827683,-0.015038835711672943,-0.17010674027573305,0.0046940254181968705,0.0267769272455814,0.00033850262675822417,0.24999833039834812,0.25000120983000035,0.09999979377105576,0.2477818249003781,-0.2543210171422322,0.0962166913705971,1300,0.04470137118150916,0.30699324531878663,1
17.05,RETREAT,right,0.40360639151428673,-0.18978257848240235,0.07958712331588735,0.37765017515367816,-0.013699989349393843,-0.17008981514439514,0.0046940254181968705,0.0267769272455814,0.00033850262675822417,0.24998837472456956,0.25000868089840655,0.09999265733534966,0.24777973200872716,-0.2545685130469957,0.09621236140386663,1299,0.04546539271146005,0.3069932447634974,1
17.1,RETREAT,right,0.4038166962966374,-0.19052158624034882,0.07974241733389964,0.377884876424588,-0.01236114298711477,-0.17007289001305723,0.0046940254181968705,0.0267769272455814,0.00033850262675822417,0.24997548641194586,0.25002011031371874,0.09998374807508975,0.24778144187677634,-0.2548476903801403,0.09622254727659814,1300,0.044598004193863755,0.3069932430615433,1
17.15,RETREAT,right,0.4040209695858732,-0.19129519032481332,0.07990635561640125,0.3781195776954978,-0.01102229662483567,-0.1700559648817193,0.0046940254181968705,0.0267769272455814,0.00033850262675822417,0.24996816618842377,0.2500282226528697,0.09997548311269557,0.24778418316851736,-0.25515106810987614,0.09623869759724321,1300,0.045317894332342804,0.3069932447897624,1
17.2,RETREAT,right,0.40421475627442754,-0.19207462962012326,0.08006096160417786,0.37835427896640766,-0.009683450262556681,-0.1700390397503814,0.0046940254181968705,0.0267769272455814,0.00033850262675822417,0.24996749336764615,0.2500304536812113,0.09997245127816547,0.24778423656146442,-0.2554539757139195,0.09625304584554885,1302,0.045341179532037076,0.30699324579167775,1
17.25,RETREAT,right,0.40438847801787314,-0.19282125802542655,0.08020499875383114,0.3785889802373175,-0.008344603900277608,-0.17002211461904349,0.0046940254181968705,0.0267769272455814,0.00033850262675822417,0.24997521442912757,0.25002418548642386,0.09997669747154544,0.24777389605694908,-0.2557363367561,0.09626827566090661,1304,0.0460374463159626,0.3069932481211688,1
17.3,RETREAT,right,0.4045402161615257,-0.19350150492148557,0.08034035644965498,0.3788236815082274,-0.007005757537998508,-0.17000518948770557,0.0046940254181968705,0.0267769272455814,0.00033850262675822417,0.24998641047184889,0.250013407030566,0.09998663394178484,0.2477558667275339,-0.25597469304141685,0.09628144286843404,1304,0.04420288149463514,0.30699324934298067,1
17.35,RETREAT,right,0.40468845413624155,-0.19415186509946689,0.0804696374805649,0.37905838277913717,-0.005666911175719408,-0.16998826435636766,0.0046940254181968705,0.0267769272455814,0.00033850262675822417,0.2500047167169799,0.24999610786417037,0.10000039513304775,0.24773454517376678,-0.25620349988346813,0.09628192780475486,1304,0.044975498695119395,0.30699325639397673,1
17.4,RETREAT,right,0.4048422671986899,-0.1948038188179552,0.08057435438412663,0.379293084050047,-0.0043280648134403354,-0.16997133922502977,0.0046940254181968705,0.0267769272455814,0.00033850262675822417,0.2500216352515165,0.24997951222087192,0.10001557861515557,0.2477147011897766,-0.2564376916702443,0.09627004264825866,1304,0.04379302137510001,0.3069932623582317,1
17.45,RETREAT,right,0.40500292706133006,-0.19548981473732105,0.08066751474816658,0.3795277853209569,-0.002989218451161346,-0.16995441409369186,0.0046940254181968705,0.0267769272455814,0.00033850262675822417,0.25003531728233275,0.24996612059519868,0.10002801285731755,0.24769501056652118,-0.25671479259262786,0.09625501551981092,1303,0.04542534154506188,0.30699327318445213,1
17.5,RETREAT,right,0.40516373935555716,-0.1962071888017517,0.08075820735976369,0.37976248659186673,-0.001650372088882246,-0.16993748896235394,0.0046940254181968705,0.0267769272455814,0.00033850262675822417,0.25003516348632115,0.24996552659893256,0.10003257623617583,0.24767613791991633,-0.2570182828812519,0.09625464966053891,1303,0.04326250237484945,0.3069932804853814,1
17.55,RETREAT,right,0.4053335487892173,-0.19698386432725104,0.0808712826152187,0.3799971878627766,-0.0003115257266031457,-0.16992056383101603,0.0046940254181968705,0.0267769272455814,0.00033850262675822417,0.25002721315291243,0.2499738338355404,0.10002683209733393,0.24766194013232262,-0.2573749640004088,0.09626382891227869,1303,0.04416050210049212,0.30699329504444406,1
17.6,RETREAT,right,0.40551633687450817,-0.1978346756987231,0.08098130284598093,0.38023188913368644,0.0010273206356759268,-0.16990363869967812,0.0046940254181968705,0.0267769272455814,0.00033850262675822417,0.25001152773709795,0.24998994237915861,0.10001382405585027,0.24765489867524806,-0.25777796100323785,0.09627433771618965,1303,0.04432725913170449,0.3069933080216703,1
17.65,RETREAT,right,0.40569637840816536,-0.19871815062947482,0.08107604521609568,0.3804665904045963,0.002366166997955027,-0.1698867135683402,0.0046940254181968705,0.0267769272455814,0.00033850262675822417,0.24999292275153562,0.25000850137331543,0.09999722563000318,0.247649633454095,-0.25820490447520467,0.096282552781991,1301,0.043903594619056144,0.3069933214853098,1
17.7,RETREAT,right,0.40586807048000867,-0.1996191273009165,0.08115562206635407,0.3807012916755061,0.0037050133602340163,-0.1698697884370023,0.0046940254181968705,0.0267769272455814,0.00033850262675822417,0.2499792048548962,0.2500219168418978,0.09998292857879147,0.24763860327613427,-0.2586439208217457,0.0962838384232381,1303,0.041862622354765386,0.3069933371902849,1
17.75,RETREAT,right,0.4060395648998502,-0.20058031968206524,0.08122598064874653,0.38093599294641595,0.0050438597225131165,-0.16985286330566438,0.0046940254181968705,0.0267769272455814,0.00033850262675822417,0.24997829302101282,0.25002248645581066,0.09997762200665014,0.24761624411802907,-0.2591286312741899,0.09627189634536938,1303,0.04294724583964042,0.3069933609053496,1
17.8,RETREAT,right,0.4062066275009043,-0.20160433836693242,0.08126897298074964,0.3811706942173258,0.006382706084792189,-0.16983593817432646,0.0046940254181968705,0.0267769272455814,0.00033850262675822417,0.24998034240494918,0.25001800802545043,0.09998112880273276,0.2475853613596839,-0.25964930728782043,0.09624944996075431,1302,0.04594270186189631,0.3069933823851368,1
17.85,RETREAT,right,0.4063399671267254,-0.20257918263008803,0.08129156579963759,0.38140539548823565,0.007721552447071289,-0.16981901304298855,0.0046940254181968705,0.0267769272455814,0.00033850262675822417,0.2499749960847995,0.2500198236546235,0.09998402285176433,0.24754463699192333,-0.26011845595193145,0.09624156872728573,1299,0.04338369462109257,0.3069933949638502,1
17.9,RETREAT,right,0.4064442994081392,-0.20348584419310928,0.0813619001669812,0.38164009675914545,0.009060398809350362,-0.16980208791165063,0.0046940254181968705,0.0267769272455814,0.00033850262675822417,0.2499786491378415,0.2500172263652305,0.09998484648198687,0.2474874064931772,-0.2605437990993148,0.09625985229100696,1301,0.03863283969418688,0.30699341763761007,1
17.95,RETREAT,right,0.4066087308182282,-0.20450244923489536,0.08138079550622246,0.3818747980300553,0.010399245171629379,-0.16978516278031275,0.0046940254181968705,0.0267769272455814,0.00033850262675822417,0.2499905097314237,0.2500085742260746,0.09998953104600761,0.2474731274033855,-0.26104167842326986,0.09616811031879256,1301,0.04014861116765063,0.30699345060258926,1
18.0,RETREAT,right,0.4068266449613871,-0.20570456920357838,0.08116704490719595,0.38210949930096516,0.011738091533908451,-0.16976823764897483,0.0046940254181968705,0.0267769272455814,0.00033850262675822417,0.2500154547609228,0.24998715450247003,0.1000038119263968,0.2474733823039555,-0.26165910940533765,0.09594675460180822,1303,0.041068499762575844,0.30699348058222686,1
18.05,RETREAT,right,0.40701329984879553,-0.2070089322276175,0.08080892206448032,0.382344200571875,0.013076937896187552,-0.16975131251763692,0.0046940254181968705,0.0267769272455814,0.00033850262675822417,0.2500402646619918,0.24996278171823455,0.1000260685164632,0.2474275988570513,-0.2623703950411119,0.09568974103631092,1302,0.0408502610819107,0.30699351071520636,1
18.1,RETREAT,right,0.4071272178768131,-0.20836809517382654,0.0805107591783274,0.38257890184278487,0.014415784258466624,-0.169734387386299,0.0046940254181968705,0.0267769272455814,0.00033850262675822417,0.25004766270236584,0.24995265760226415,0.10004260097155011,0.24731112974430727,-0.2631403981952118,0.09550922761856749,1303,0.040808152882399654,0.3069935469954465,1
18.15,RETREAT,right,0.40720840975191963,-0.2097775325838055,0.08035451407303729,0.3828136031136947,0.015754630620745724,-0.1697174622549611,0.0046940254181968705,0.0267769272455814,0.00033850262675822417,0.25001868833206176,0.24997754847403048,0.10003444580448255,0.24718332410419197,-0.2639200170902762,0.09540115998136192,1304,0.040818149075374635,0.3069935825801416,1
18.2,RETREAT,right,0.4072394093352101,-0.21118825096575342,0.08043338980048653,0.3830483043846045,0.017093476983024714,-0.16970053712362318,0.0046940254181968705,0.0267769272455814,0.00033850262675822417,0.24999274460403198,0.25000710626567535,0.10000691068991684,0.24700308783808073,-0.2646876115786985,0.09549768770491075,1304,0.042042268478427014,0.30699362791708074,1
18.25,RETREAT,right,0.40724965385124023,-0.21252129376461248,0.0808522814792847,0.3832830056555144,0.018432323345303814,-0.16968361199228527,0.0046940254181968705,0.0267769272455814,0.00033850262675822417,0.24995500557379866,0.25004645516658885,0.09997385734415834,0.24683402803872684,-0.2653926842083598,0.0957960722203481,1303,0.043657650112525676,0.3069936689984306,1
18.3,RETREAT,right,0.4073794798561279,-0.2137840030493192,0.0812989971440774,0.38351770692642423,0.019771169707582886,-0.16966668686094735,0.0046940254181968705,0.0267769272455814,0.00033850262675822417,0.2499018383599895,0.2500966078122656,0.0999332577899383,0.24682586582990837,-0.26596327330202246,0.09602055130691296,1307,0.043654581249722144,0.3069936922609004,1
18.35,RETREAT,right,0.40757091646088467,-0.21489075555711912,0.08157321019648966,0.3837524081973341,0.021110016069861987,-0.16964976172960944,0.0046940254181968705,0.0267769272455814,0.00033850262675822417,0.24992293667209822,0.2500829860554952,0.09991752611561944,0.2468531248199347,-0.2664285504096121,0.09617254742002171,1306,0.042477599929745494,0.30699372511304285,1
18.4,RETREAT,right,0.4077514490102944,-0.21580234154267203,0.08176881658417479,0.38398710946824394,0.022448862432141087,-0.16963283659827152,0.0046940254181968705,0.0267769272455814,0.00033850262675822417,0.24999124149263907,0.25001634873470074,0.09995700135952874,0.24685280827620423,-0.2668214822050885,0.09626434908281137,1306,0.04348025598384046,0.3069937605310503,1
18.45,RETREAT,right,0.407910411538051,-0.21658013679507912,0.08187355920984118,0.38422181073915374,0.023787708794420076,-0.16961591146693364,0.0046940254181968705,0.0267769272455814,0.00033850262675822417,0.25005581013459727,0.24994175770855934,0.10002594149576984,0.24682738862160009,-0.26715399937448464,0.09629472598937114,1306,0.04119349458430309,0.3069937926839506,1
18.5,RETREAT,right,0.40803707739554157,-0.21734468403958535,0.08194938308617972,0.3844565120100636,0.02512655515669915,-0.16959898633559573,0.0046940254181968705,0.0267769272455814,0.00033850262675822417,0.25010264354219963,0.24988698224437564,0.10008516523984543,0.2467578974441289,-0.26750824616714053,0.09631062860117481,1305,0.0446690140847089,0.3069938356280555,1
18.55,RETREAT,right,0.40812223356216915,-0.21812722524587136,0.08203339535706,0.38469121328097344,0.02646540151897825,-0.1695820612042578,0.0046940254181968705,0.0267769272455814,0.00033850262675822417,0.2501004518869071,0.24988728677246907,0.10010509564887275,0.24666325742228332,-0.2678704180739022,0.09634919621736898,1307,0.043552497721453656,0.3069938662641136,1
18.6,RETREAT,right,0.40819217627886634,-0.21895531891334313,0.08212437008838647,0.3849259145518833,0.02780424788125735,-0.1695651360729199,0.0046940254181968705,0.0267769272455814,0.00033850262675822417,0.250057398825432,0.24993713598625902,0.10007572618829558,0.2465776353277288,-0.2682570440206157,0.09637838468941062,1307,0.04441195475791983,0.3069938991807215,1
18.65,RETREAT,right,0.40826321377912705,-0.21985069422806744,0.08216568140154923,0.38516061582279315,0.02914309424353645,-0.16954821094158198,0.0046940254181968705,0.0267769272455814,0.00033850262675822417,0.2500026140695927,0.25000399979044363,0.1000186031671299,0.2464993512269045,-0.2686710920011029,0.09637778085578144,1306,0.04239275403127432,0.3069939290276209,1
18.7,RETREAT,right,0.4083352505190412,-0.22082530411874335,0.08215379226070163,0.38539531709370295,0.03048194060581544,-0.16953128581024407,0.0046940254181968705,0.0267769272455814,0.00033850262675822417,0.24996320143616998,0.2500524316640725,0.09996706351700135,0.24641224706255774,-0.2691423006758537,0.09633954585731773,1306,0.04349367728091186,0.30699396624387787,1
18.75,RETREAT,right,0.40838598888204003,-0.22185424648159913,0.08212418782776121,0.3856300183646128,0.03182078696809448,-0.16951436067890616,0.0046940254181968705,0.0267769272455814,0.00033850262675822417,0.24994411729642305,0.2500703064617441,0.09994208821397212,0.246293049892094,-0.26964946254161803,0.09631764418253856,1307,0.043574505300569666,0.3069940017171059,1
18.8,RETREAT,right,0.4084099792695752,-0.22288023912497004,0.08215217894469506,0.38586471963552266,0.033159633330373584,-0.16949743554756824,0.0046940254181968705,0.0267769272455814,0.00033850262675822417,0.2499339846794107,0.25006956541710684,0.0999395135484826,0.2461610992719691,-0.2701576722777061,0.09633624543712488,1307,0.044431050121804094,0.3069940372237775,1
18.85,RETREAT,right,0.40842632182145566,-0.2238730581199772,0.08223504463492426,0.3860994209064325,0.034498479692652684,-0.16948051041623033,0.0046940254181968705,0.0267769272455814,0.00033850262675822417,0.249931008823703,0.25006096661755634,0.09994545707712346,0.24604439481159363,-0.2706315866611753,0.09638373616841359,1305,0.04077893343458952,0.30699406942101065,1
18.9,RETREAT,right,0.4084722831109424,-0.22491724083302334,0.08233151921066995,0.38633412217734237,0.035837326054931784,-0.16946358528489242,0.0046940254181968705,0.0267769272455814,0.00033850262675822417,0.24995133355542815,0.2500371896806499,0.09995820117770912,0.24595201745236056,-0.2711386352852695,0.09640365143335719,1304,0.04525251015927276,0.3069941141268621,1
18.95,RETREAT,right,0.4085206549459727,-0.22595952386582407,0.08237321213510751,0.38656882344825216,0.03717617241721077,-0.1694466601535545,0.0046940254181968705,0.0267769272455814,0.00033850262675822417,0.24998028795095373,0.25000899344431854,0.0999804071592065,0.2458615045087466,-0.2716243106776721,0.0964188628409683,1302,0.04311613440275203,0.306994143543015,1
