t,x,y,z,vx,vy,vz,ax,ay,az,jx,jy,jz,speed_norm,acceleration_norm,jerk_norm
0.0,0.2582696913356334,-0.3,0.2992752489245277,0.04154837199952104,0.0,-0.047906303300521945,-0.2936750539117796,0.0,0.057367498838439286,-36.3188254346738,-2.7168126317157502e-11,7.09464473805706,0.06341357198370223,0.29922577965988323,37.005284283647235
0.008086028399768177,0.25860565265158564,-0.3,0.2988878771955118,0.03917370717328694,0.0,-0.04744242807569066,-0.5873501078227747,-2.1968224096902478e-13,0.11473499767663453,-54.478238152022314,5.828471554963573e-27,10.64196710700457,0.061525306300867076,0.5984515593189498,55.50792642546672
0.016172056799536354,0.2589032107530882,-0.3,0.29850800728297977,0.03204971269459733,-3.552713678800501e-15,-0.04605080240120074,-1.1747002156449529,9.425837304135288e-29,0.22946999535171475,-68.1993634797729,2.7168126317157512e-11,14.367546111988094,0.05610579725483517,1.196903118637016,69.69633821318223
0.02425808519930453,0.25912396242569147,-0.3,0.2981431410034153,0.020176388563449166,0.0,-0.04373142627707338,-1.6902740877098872,2.1968224096902485e-13,0.3470877694696637,-35.69711084803629,-1.3584063158578735e-11,15.672946530858722,0.04816143996695268,1.7255423527977858,38.98621520301947
0.03234411359907271,0.2592295044549458,-0.3,0.2978007801733022,0.004714504141368536,0.0,-0.04043767927891295,-1.751995919858741,-2.1968224096902472e-13,0.4829337768648583,40.36383143722139,-1.358406315857873e-11,18.72781128247928,0.04071157642198601,1.8173372653524256,44.49685161586806
0.04043014199884089,0.25920020565444735,-0.3,0.2974891805572753,-0.00815698896506234,-3.552713678800501e-15,-0.035921393807200275,-1.0375079130602316,3.770334921654116e-28,0.6499549972609164,117.87948690128049,4.0752189475736274e-11,21.82924277112758,0.03683589284961225,1.224281082156804,119.88364889370854
0.04851617039860906,0.2590975891660896,-0.30000000000000004,0.2972198573523337,-0.012064132758609958,0.0,-0.029926570146066922,0.15435783780896795,4.393644819380496e-13,0.8359575308504017,142.98563652587987,2.3313886219854276e-26,19.717238603192534,0.03226674603868245,0.8500890162086321,144.33870496455987
0.05660219879837724,0.2590051038142379,-0.3,0.2970052063650578,-0.005660705244562081,3.552713678800501e-15,-0.022402241136287415,1.2748639223541571,0.0,0.9688232998817569,97.30381486778218,-5.4336252634315e-11,1.406202616277838,0.023106362582504862,1.6012172266479034,97.31397532534397
0.06468822719814542,0.2590060439193491,-0.3,0.2968575670362408,0.00855303900538118,0.0,-0.014258704711664905,1.7279606586623117,-4.393644819380496e-13,0.8586987194325035,-1.0137658373779885,1.3584063158578738e-11,-34.38921809058363,0.01662724078980114,1.9295625226044664,34.4041573367923
0.07277425559791359,0.2591434240468416,-0.3,0.2967746137825729,0.022283972674689068,-3.552713678800501e-15,-0.008515316671935835,1.2584692436506515,2.196822409690236e-13,0.4126789116291957,-86.5538533918143,4.075218947573624e-11,-65.53259134527805,0.02385552464712603,1.3244050442814315,108.56376036872938
0.08086028399768178,0.2593664215911635,-0.3,0.29671985685135616,0.028905075094169064,3.552713678800501e-15,-0.007584837912826714,0.3282068253911472,2.196822409690236e-13,-0.20109807002413815,-117.65190652705309,-4.075218947573625e-11,-76.68807017220402,0.02988365995595931,0.3849157752038336,140.438709821001
0.08894631239744995,0.25961087856305937,-0.3,0.29665195135303146,0.027591752096910227,0.0,-0.01176748608264333,-0.6442040712785935,-4.393644819380498e-13,-0.8275249150425177,-106.0240010403853,0.0,-67.94775252974226,0.02999630831423351,1.0487117671066923,125.92849506944296
0.09703234079721812,0.2598126369732735,-0.3,0.2965295523980399,0.01848697026295909,-3.552713678800501e-15,-0.0209676178419258,-1.3864193415480643,2.196822409690236e-13,-1.2999529833359693,-51.497014218420986,2.7168126317157505e-11,-31.469695146932644,0.027953695059304392,1.9005358058986037,60.35133955475329
0.1051183691969863,0.2599098508962032,-0.3,0.2963128618463408,0.0051704997574191225,3.552713678800501e-15,-0.03279039956587937,-1.477016710225428,-1.4893693890572703e-27,-1.3364546124228052,29.47693469216997,-1.3584063158578743e-11,22.701138912246662,0.03319554746395204,1.9919059449058674,37.20526020282042
0.11320439759675448,0.25989625458903254,-0.3,0.29599926419378103,-0.00539942786867087,-3.552713678800501e-15,-0.042580837744029765,-0.9097166794300692,-1.4893693890572703e-27,-0.9328288754329521,84.81939707487602,-1.1479437019748901e-41,59.729655230035895,0.04292180756087014,1.302978951355231,103.73987581467621
0.12129042599652266,0.259822531042026,-0.3,0.2956242421197725,-0.009541490053809554,3.552713678800501e-15,-0.04787616112362869,-0.10531260302810425,-1.4893693890572703e-27,-0.3705032354259403,94.09249744073296,-2.7168126317157486e-11,67.0791239156799,0.04881768978948719,0.38517968770126604,115.55521165196089
0.12937645439629084,0.2597419490699302,-0.3,0.295225008196746,-0.007102549266548408,-3.552713678800501e-15,-0.04857263711175008,0.6119525335916937,-4.393644819380502e-13,0.15197852659456101,63.272962143407014,2.7168126317157557e-11,52.438298329968895,0.04908917683230703,0.6305421285807529,82.17811673519803
0.13746248279605902,0.2597076682118658,-0.3,0.294838722673498,0.0003550410780555069,-3.552713678800501e-15,-0.04541835575923159,0.917941334629987,4.393644819380513e-13,0.4775319036373489,3.0090136199155495,4.0752189475736236e-11,23.58256064611541,0.045419743438720926,1.034723640791971,23.77375295557158
0.14554851119582718,0.2597476908144106,-0.3,0.29449049996766613,0.007742450135729939,3.552713678800501e-15,-0.04084996404253616,0.6606144727635482,2.196822409690272e-13,0.5333570368420508,-48.98441350976666,-5.4336252634315024e-11,-1.3222197029638885,0.04157721847816135,0.8490472368329065,49.00225537502041
0.15363453959559537,0.25983287955522844,-0.3,0.2941780947347431,0.011038535854183351,0.0,-0.03679287546498955,0.12576261705806419,-4.393644819380491e-13,0.4561488914995504,-60.78120694620463,0.0,-7.80817739441347,0.038413083172095436,0.47316809599291654,61.28068824727724
0.16172056799536355,0.25992620664322824,-0.3,0.29389548349582806,0.009776290322051295,-3.552713678800501e-15,-0.03347309826015987,-0.32234265831484765,2.196822409690272e-13,0.40708274851874027,-28.681748249678222,4.075218947573626e-11,3.670655346391083,0.03487153795856087,0.5192505691003666,28.915677293293843
0.1698065963951317,0.25999098227760536,-0.3,0.2936367658884233,0.005825592075002106,3.552713678800501e-15,-0.030209510133833106,-0.33808024474573556,2.196822409690272e-13,0.5155109382529082,31.437647127517486,-4.075218947573626e-11,25.569757199477078,0.03076608563906843,0.6164817753557117,40.52330366782203
0.1778926247948999,0.2600204184491562,-0.3,0.2934069335820576,0.004308837401222121,0.0,-0.025136226085951563,0.18606875667514755,-4.393644819380491e-13,0.8205983142990376,79.90152120311747,0.0,43.22321675123672,0.02550286143934132,0.8414292457723688,90.84326918873307
0.18597865319466808,0.2600606650407979,-0.3,0.29323026141243536,0.008834706576571705,-3.552713678800501e-15,-0.016938747585385272,0.9540916945204398,2.196822409690272e-13,1.2145192546125803,93.66215557306701,4.075218947573626e-11,47.48610292570471,0.01910427203678577,1.5444571801696483,105.01204386956779
0.19406468159443624,0.2601632938257197,-0.3,0.29313299919399366,0.01973846247697253,3.552713678800501e-15,-0.005494951716226382,1.7007784565697968,2.196822409690272e-13,1.5885462680021631,66.73519276813914,-2.7168126317157564e-11,29.54906233407081,0.020489055500889048,2.3272573136453003,72.98447121561883
0.20215070999420442,0.2603798765771111,-0.3,0.2931413967411699,0.03633979237964624,0.0,0.008751312889437202,2.0333370224947918,-2.1968224096902455e-13,1.6923883690522128,-11.91297581814537,-2.716812631715761e-11,-21.76246084655662,0.0373786835975349,2.6454938742607577,24.809749997563987
0.2102367383939726,0.2607509830121667,-0.3,0.29327452592311215,0.05262170429735846,0.0,0.021874449114960726,1.5081211349872468,-2.1968224096902455e-13,1.2366025150939632,-104.67334258753111,2.716812631715761e-11,-82.28104373657384,0.056987150194071294,1.9502859118939297,133.1415742990394
0.2183227667937408,0.2612308777678964,-0.3,0.2934951515747156,0.06072921303524126,-3.552713678800501e-15,0.028749719001986307,0.34055378077190923,2.196822409690272e-13,0.36173465621920453,-150.05393434323634,2.7168126317157564e-11,-111.89223467104694,0.06719065157127806,0.4968187185564446,187.1792066217958
0.22640879519350895,0.26173309929476374,-0.3,0.2937394680117829,0.058129159383298656,3.552713678800501e-15,0.027724442521698478,-0.9185596142054684,2.196822409690272e-13,-0.5729250594332573,-122.72884733249785,-5.433625263431496e-11,-94.10169142236198,0.0644022040286503,1.0825871274756136,154.65283151663598
0.23449482359327714,0.26217094583515244,-0.3,0.29394351283391207,0.045874214780550204,0.0,0.019484342398953913,-1.644224109230869,-6.590467229070736e-13,-1.1600832423956744,-26.530139604520322,9.208846663188003e-26,-31.43541540165898,0.04984057764965936,2.0122788203087825,41.13433661687272
0.24258085199304533,0.2624749797018289,-0.3,0.2940545699037604,0.031538673697649955,-7.105427357601002e-15,0.008963510433485311,-1.3476065387894005,2.196822409690287e-13,-1.0813003828259067,80.32470967352437,9.508844211005136e-11,38.17260388344427,0.03278768759607846,1.7277887316704552,88.9337206653265
0.2506668803928135,0.2626809910575728,-0.30000000000000004,0.2940884712337656,0.024080645291821412,3.552713678800501e-15,0.0019974911905329407,-0.34520834198436856,8.787289638761012e-13,-0.5427537242064134,129.1068737286566,-2.7168126317157376e-11,70.53288355285841,0.024163349286197424,0.6432343309522031,147.11720669679792
0.25875290879258167,0.2628644132652578,-0.3,0.2940868734447503,0.025955944783405016,7.105427357601002e-15,0.0001860663774593263,0.7403171563610009,-2.1968224096902455e-13,0.059361416226002384,103.40818185315479,-1.0867250526862997e-10,58.58536377740053,0.025956611687506344,0.7426932541357808,118.85073379287772
0.26683893719234986,0.26310075207089567,-0.29999999999999993,0.2940914803097903,0.036053096394162765,0.0,0.0029574873854407713,1.327114648481637,-8.787289638760982e-13,0.40469210642320863,16.38297012282677,4.075218947573617e-11,13.77367676922815,0.03617419648370691,1.3874469327566343,21.40364178799042
0.27492496559211804,0.26344746598794333,-0.3,0.2941347020987316,0.04741811825814679,-7.105427357601002e-15,0.006730770108859474,1.0052634797324629,4.393644819380491e-13,0.2821100992764146,-76.6797663846757,8.150437895147188e-11,-34.149396181564,0.04789343593230611,1.044098066178445,83.94026347572337
0.28301099399188623,0.2638676005726936,-0.30000000000000004,0.2942003307062954,0.052310274486895736,7.105427357601002e-15,0.007519787934661792,0.08704511113348179,4.393644819380415e-13,-0.14757386829491476,-120.2189604607641,-5.433625263431572e-11,-56.5102785451272,0.05284800873710059,0.1713327113418948,132.83828527768125
0.29109702239165436,0.26429343071814476,-0.29999999999999993,0.29425631253633144,0.04882581673951947,0.0,0.004344197128666849,-0.938924377220224,-4.3936448193805354e-13,-0.6317773351130006,-109.34927340315977,-2.7168126317157625e-11,-49.16191378475797,0.04901869468859669,1.1316897045130658,119.8922739828508
0.29918305079142254,0.26465721445428886,-0.3,0.29427058530900857,0.03712593612802095,0.0,-0.0026973510134453704,-1.681357549330442,0.0,-0.9426231303959269,-41.09527411978875,1.3584063158578998e-11,-7.431672087404188,0.03722379394784506,1.9275636369904592,41.76184029703769
0.30726907919119073,0.2648938334659431,-0.29999999999999993,0.29421269082253376,0.021634806951418284,0.0,-0.01089995767665286,-1.6035194844779648,-2.1968224096902455e-13,-0.7519627582260301,61.804555043514824,0.0,55.48032168957837,0.0242254814023986,1.7710795371352968,83.05341124183855
0.3153551075909589,0.26500709378115417,-0.3,0.2940943105743492,0.011193727945880028,-3.552713678800501e-15,-0.014858135450612764,-0.6818507746966482,0.0,-0.04539221677551597,133.21926258112606,4.075218947573617e-11,99.14260638653832,0.01860278835000633,0.6833600312413763,166.06212188146665
0.3234411359907271,0.2650748590700824,-0.3,0.29397240421209125,0.010607877494216211,0.0,-0.011634043184603371,0.5509099967763563,4.393644819380491e-13,0.8513771035111448,149.63142189946308,-1.3584063158579047e-11,109.19451761043108,0.015744142585530498,1.01407336861351,185.23769890556798
0.3315271643904953,0.2651786449785132,-0.3,0.29390616416715953,0.020103075705179663,3.552713678800501e-15,-0.001089616574805774,1.7379970792568593,-2.1968224096902977e-13,1.72050772421835,119.12068641307312,-5.433625263431516e-11,90.69087631344564,0.020132583467808503,2.445563468119439,149.71497245774185
0.3396131927902634,0.2653999671522319,-0.3,0.2939547828709538,0.0387148649773863,-3.552713678800501e-15,0.016190105455496706,2.477336503448332,-4.3936448193805354e-13,2.3180351064519127,40.168826485902414,2.7168126317157486e-11,42.79876466807278,0.041963797312413904,3.3927102596686822,58.696412823677825
0.3476992211900316,0.26580474397391385,-0.3,0.2941679914721763,0.0601667023505108,-3.552713678800501e-15,0.036397778830053795,2.3876096227575863,2.1968224096902455e-13,2.4126517773804075,-45.32435393782697,5.4336252634315166e-11,-9.061348019996615,0.07031948787851397,3.394343575653688,46.22126229151372
0.3557852495897998,0.2663729864800851,-0.30000000000000004,0.2945434098175703,0.07732742341174159,0.0,0.05520764703679504,1.7443484771635047,4.393644819380491e-13,2.171494471592161,-82.9820611396038,-1.3584063158578724e-11,-32.564733056519856,0.09501270811232625,2.7853437579476537,89.14305531009884
0.363871277989568,0.2670552874574903,-0.3,0.2950608126758241,0.08837640500138377,3.552713678800501e-15,0.07151531076452144,1.0456190166653139,0.0,1.8860130647286288,-66.86559177211706,-2.7168126317157447e-11,-27.097602571063675,0.11368741634285955,2.1564703587898473,72.14767791228437
0.37195730638933616,0.26780221472150634,-0.3,0.2956999594852907,0.09423723353992841,0.0,0.08570835744425409,0.6629943290902158,0.0,1.7332705036816565,-16.076762092118592,-1.3584063158579047e-11,-5.768506237597975,0.12738358890002682,1.855744626649542,17.080337923465923
0.38004333478910435,0.2685792973509292,-0.3,0.29644689310060757,0.09909838694920126,3.552713678800501e-15,0.0995458597990222,0.7856247069589388,-2.1968224096902977e-13,1.7927244542057146,33.092696569408574,-1.3584063158578998e-11,14.91194395913007,0.14046305029814854,1.9573112038946427,36.29728142540681
0.3881293631888725,0.26940483946399124,-0.3,0.2973098207841192,0.10694240092398744,-3.552713678800501e-15,0.11470039914358665,1.19817129766051,-2.1968224096902977e-13,1.9744273083802097,46.906935942188944,2.7168126317157673e-11,24.87077548313718,0.1568211040615547,2.3095405721950395,53.092524074649475
0.39621539158864066,0.2703087759329507,-0.3,0.2983018344704871,0.11847528123054119,0.0,0.13147641037670255,1.5442063393082295,2.1968224096902455e-13,2.1949360479675244,15.715193438281972,1.3584063158579047e-11,32.18167347038815,0.17698146441986212,2.683713373858508,35.8137880174285
0.40430141998840885,0.2713208284413926,-0.3,0.2994360647605304,0.13191539355348425,0.0,0.15019702958266734,1.4523182985601073,0.0,2.4948711596474595,-46.74049775580334,0.0,43.509299639175964,0.1999020228807785,2.8867993597708144,63.8571318299832
0.41238744838817704,0.27244211917023087,-0.3,0.3007308293640196,0.14196225524586126,0.0,0.17182360847804645,0.7883163547627756,2.1968224096902455e-13,2.8985709130403254,-98.81946568630846,0.0,52.95288744965927,0.22288255729174514,3.003856856294903,112.11286762804606
0.4204734767879452,0.27361665009661895,-0.3,0.30221480591633865,0.1446640904187113,3.552713678800501e-15,0.19707288302583947,-0.14579571341870867,0.0,3.351228263182806,-106.31904914018904,-2.7168126317157447e-11,52.58497630091168,0.24446967149482837,3.3543981966973626,118.61247802251403
0.4285595051877134,0.27478163505733555,-0.29999999999999993,0.3039179032219619,0.13960443868732497,0.0,0.2260198622984504,-0.93108134680506,-2.1968224096902455e-13,3.748978136580943,-45.08383541567509,0.0,31.442365932237237,0.26565838487541393,3.8628680462747167,54.965212554891416
0.4366455335874816,0.2758743410085378,-0.3,0.3058700119672526,0.12960658999319108,0.0,0.2577015703908465,-0.8748940605019557,0.0,3.859715990950754,83.97995185518178,1.3584063158578675e-11,-12.579084195696595,0.2884579129640433,3.9576315073415516,84.91681619562213
0.4447315619872497,0.27687764019229966,-0.3,0.30808546765565237,0.12545560224731034,0.0,0.2884394085341846,0.4270472046192566,0.0,3.5455484724819915,202.12956066876754,-2.716812631715735e-11,-52.884504450419996,0.3145415720231359,3.571173936633793,208.93331497661035
0.4528175903870179,0.27790321613390134,-0.29999999999999993,0.31053467046529204,0.136512821642377,0.0,0.3150403816733345,2.3939566754986794,-4.393644819380491e-13,3.004464781163229,232.45074688841157,0.0,-70.69901674032258,0.34334558764842704,3.8415930530725007,242.9644021189705
0.4609036187867861,0.27908533329776514,-0.3,0.3131803186022212,0.16417080557910424,-7.105427357601002e-15,0.33702778362736296,4.186253886393301,0.0,2.402199958086122,142.41633000352945,5.4336252634314895e-11,-84.11749439744443,0.37488635656858016,4.826519060355193,165.4030347828549
0.4689896471865543,0.2805581957265523,-0.30000000000000004,0.3159851029251356,0.20421315727040934,0.0,0.35388889583934713,4.697121653497273,4.393644819380491e-13,1.6441118839330748,-55.473890690923554,1.3584063158578724e-11,-108.18116617734029,0.4085833626088331,4.9765505839529975,121.57515068416674
0.47707567558632247,0.28238788007635485,-0.3,0.31890342992646026,0.24013292375379436,0.0,0.3636164543991214,3.289126975248413,2.1968224096902455e-13,0.6526879940260919,-238.19353485348734,-2.7168126317157635e-11,-130.4000789067057,0.43575308028783216,3.353260782708762,271.5517273465123
0.48516170398609065,0.2844416390089374,-0.30000000000000004,0.3218655288789242,0.25740510553501394,3.552713678800501e-15,0.3644442031511126,0.8450422785643301,-3.0162679373233057e-27,-0.46472559881019393,-297.3974162050378,-4.075218947573648e-11,-129.51317730723224,0.44618041817849996,0.9643994684520976,324.37460791752346
0.4932477323858588,0.28655065006355773,-0.3,0.32479724228008183,0.25379899548074647,0.0,0.35610088561896447,-1.5204009316548017,-4.393644819380505e-13,-1.4418064656748868,-212.32979792955322,-1.3584063158578906e-11,-62.65487941673079,0.43728911585545643,2.0953340729913923,221.38106740082807
0.501333760785627,0.2885460907795173,-0.3,0.3276244126275193,0.23281709531022443,-3.552713678800501e-15,0.34112722709427956,-2.5887672737864644,-2.1968224096902528e-13,-1.4779838675056567,1.4267957264900701,4.075218947573621e-11,92.40479714751577,0.4130031294478557,2.9809649965128373,92.41581186095088
0.5094197891853952,0.2903157813528177,-0.3,0.3303139711725189,0.2119333040882907,-3.552713678800501e-15,0.3321988465648644,-1.4973267101246535,2.1968224096902758e-13,0.05256916234439046,215.0359663340276,4.075218947573621e-11,247.3575325883549,0.39404542763595957,1.4982492428438965,327.7593869676475
0.5175058175851633,0.2919734882109466,-0.30000000000000004,0.3329967512429068,0.20860224270662542,0.0,0.3419773785736169,0.8888065877106026,4.3936448193805207e-13,2.522296199306375,307.05589130883743,-1.358406315857863e-11,313.3080057946969,0.40057886004920024,2.6743139807047993,438.68579516838065
0.5255918459849315,0.2936893086703799,-0.3,0.335844448762968,0.22630713470854857,3.552713678800501e-15,0.3729895639653016,3.468398604754098,6.0325358746465705e-27,5.119404027805665,279.01441746057236,-5.4336252634315075e-11,268.5302769489493,0.43627529616862215,6.183695212522448,387.24353421218274
0.5336778743846997,0.29563334004759356,-0.3,0.33902875965698787,0.26469338194614167,0.0,0.42476867129106566,5.401043594772522,-4.393644819380491e-13,6.864983090520003,122.03098202161448,0.0,61.90453257710368,0.5004907697015634,8.734945033928883,136.83468758596734
0.5417639027844678,0.29796994507767427,-0.3,0.34271383184175075,0.3136531184999818,-3.552713678800501e-15,0.48401046043304774,5.441890577310875,-6.0325358746465705e-27,6.12052764479137,-116.42368112537537,5.4336252634314895e-11,-251.95586543615673,0.5767533307692071,8.1899347803313,277.5540157419197
0.5498499311842361,0.300705756095327,-0.30000000000000004,0.3468562043146808,0.35269994545927474,0.0,0.5237501920057639,3.5182332108018137,4.393644819380491e-13,2.7903385237100977,-274.29457043875465,0.0,-460.0322105978796,0.631436073686838,4.49042915571435,535.5998003731451
0.5579359595840042,0.3036738286288351,-0.3,0.3511839496956361,0.3705501858190843,3.552713678800501e-15,0.5291359735284225,1.0059832043709136,6.0325358746465705e-27,-1.3191393946138064,-266.14760034743523,-4.075218947573617e-11,-451.0788558221118,0.6459816705545361,1.6589547763270855,523.7429515902659
0.5660219879837725,0.306698314747472,-0.3,0.35541342133326037,0.36896876297974046,0.0,0.5024169947895629,-0.7859208990772046,-2.1968224096902154e-13,-4.504534353714959,-148.96552664427514,0.0,-300.6443351130658,0.6233464403589513,4.572581481330275,335.5260710645056
0.5741080163835406,0.30964081242099817,-0.3,0.35930906587242534,0.3578402283992652,0.0,0.45628838810468153,-1.4030957536931687,0.0,-6.181176658521174,-35.49901407723469,1.358406315857863e-11,-154.7774090202813,0.5798695734214779,6.338424297716175,158.7961786173936
0.5821940447833087,0.31248532724630396,-0.3,0.3627925430626581,0.3462778187558264,0.0,0.40245465477999076,-1.3600129710617814,0.0,-7.007603403676004,17.839665050147104,0.0,-74.4695324214033,0.5309219122586433,7.138357005969078,76.57652974746163
0.590280073183077,0.3152408369743369,-0.3,0.36581758540876513,0.3358460213831478,0.0,0.3429610278318087,-1.1145916772174829,0.0,-7.385502166675018,54.52428901317851,-1.3584063158578724e-11,26.98967888854014,0.4800154338043105,7.469133608450439,60.838646096861225
0.5983661015828451,0.3179166481800106,-0.3,0.36833892828478154,0.32825257884357484,0.0,0.28301589424742346,-0.4782430721863271,-2.1968224096902154e-13,-6.571124783689303,108.64876508361215,0.0,192.06211022299584,0.4334140652010801,6.588504941100827,220.66356368350472
0.6064521299826133,0.32054935632398945,-0.3,0.370394534525706,0.3281118472557658,-3.552713678800501e-15,0.23669242459314432,0.6424823229141836,6.0325358746465705e-27,-4.279462811109893,152.02510085465744,5.433625263431535e-11,324.35414754061105,0.4045747003575141,4.327422499240141,358.21396443559433
0.6145381583823815,0.32322289161043166,-0.30000000000000004,0.3721667316193219,0.338642839462441,0.0,0.2138081785946504,1.9803154937904353,6.590467229070781e-13,-1.3256510864973503,166.16036950414656,-1.3584063158578257e-11,368.1542076510077,0.4004908362911023,2.383065307136601,403.914333745283
0.6226241867821496,0.3260259075585323,-0.3,0.37385225253414406,0.36013762190234644,7.105427357601002e-15,0.21525391992594223,3.3296372563671746,-2.1968224096900948e-13,1.6743479460104709,143.21091938896643,-8.150437895147243e-11,338.9909675870042,0.4195632929046122,3.7269190094899844,368.0003308936099
0.6307102151819178,0.3290470576874863,-0.29999999999999993,0.37564783023868703,0.3924899222942635,-3.552713678800501e-15,0.24088582867971908,4.296330616462619,-6.590467229070647e-13,4.156530095849467,38.89183640627547,4.075218947573617e-11,197.81435340293092,0.46051527831470696,5.977892538650762,201.6013227914741
0.638796243581686,0.33237327687512075,-0.30000000000000004,0.37774787183775593,0.42961812466136706,-3.552713678800501e-15,0.28247356072500196,3.9585982437677565,4.3936448193804304e-13,4.873412905006255,-136.60678292353506,5.4336252634314895e-11,-39.69061848277275,0.5141624699899938,6.27858689501409,142.25596063526777
0.6468822719814542,0.33599486640162024,-0.3,0.38021600870709893,0.45650859793902043,3.552713678800501e-15,0.3196989389870737,2.087117963821253,2.196822409690155e-13,3.5146511593373084,-269.2467050054412,-4.075218947573617e-11,-221.50020179061428,0.5573217307639375,4.087644085134671,348.6490033681007
0.6549683003812223,0.33975595985046736,-0.3,0.3829180612378065,0.46337111491961736,0.0,0.33931269890436155,-0.39567476266824286,-2.1968224096902755e-13,1.2912990605396857,-268.07016309952485,-1.3584063158578724e-11,-260.6909567392308,0.5743221202248884,1.3505598030310413,373.92698120063676
0.6630543287809906,0.3434885303913648,-0.3,0.3857033929465842,0.45010972320300624,0.0,0.34058190073930916,-2.248127940085233,0.0,-0.7012578001750072,-124.90825670823881,1.3584063158578724e-11,-201.20772678771056,0.5644420200809712,2.3549610904000438,236.8261427988246
0.6711403571807587,0.34703515986013,-0.3,0.38842597108145666,0.42701426217993443,0.0,0.32797191792881364,-2.415698184884974,0.0,-1.9626437255767755,72.82295401348577,0.0,-115.400391758653,0.538429901709571,3.1124858415746153,136.4567076009855
0.6792263855805268,0.3503942292935508,-0.3,0.3910073734319818,0.4110429149465098,0.0,0.30884191493202806,-1.0704309914691237,0.0,-2.5675194903846794,194.32921268168835,1.3584063158578724e-11,-61.63903198108282,0.5141396759117174,2.78172227963231,203.8705794494385
0.6873124139802951,0.3536825692276919,-0.3,0.39342058007181496,0.40970319138591194,0.0,0.28644984689639585,0.7270048804124798,2.1968224096902755e-13,-2.9594736518432825,195.5775651245878,0.0,-40.49087124032633,0.4999102117568412,3.047461302805694,199.72504758758495
0.6953984423800632,0.35701997257559515,-0.3,0.3956398566262088,0.4228000791660804,3.552713678800501e-15,0.26098113893768726,2.0924605004407404,6.0325358746465705e-27,-3.2223401599459525,97.91252566385657,-4.075218947573617e-11,-12.634340483277242,0.49686120982026394,3.8421175219278783,98.72430927245199
0.7034844707798315,0.3605201161228142,-0.29999999999999993,0.39764118187432285,0.44354258144982595,0.0,0.23433797880232277,2.310451806834415,-4.393644819380491e-13,-3.1637969237635186,-39.1237711265463,0.0,25.75012218436217,0.5016416149686281,3.917626644605113,46.83735965735002
0.7115704991795996,0.3641929683958147,-0.3,0.39942958372968856,0.46016483701879807,-3.552713678800501e-15,0.2098160353843852,1.4597486515701874,-6.0325358746465705e-27,-2.8059077213854504,-125.71344450711626,5.4336252634314895e-11,50.24840376516329,0.5057414813251515,3.1629075653094056,135.38379596831624
0.7196565275793678,0.36796192800423155,-0.3,0.40103433871601263,0.46714971955606543,0.0,0.1889606797578196,0.2774068417999622,4.393644819380491e-13,-2.351176883987259,-125.43523282631688,-3.7302217951767255e-25,54.71508465023881,0.503919635433913,2.3674854372674536,136.84932635009616
0.727742555979136,0.3717477401943629,-0.3,0.4024854665756111,0.46465107622096724,3.552713678800501e-15,0.1717926692707863,-0.568797058360083,0.0,-1.9210522646303474,-50.44390312352528,-5.433625263431526e-11,48.896928375648585,0.49539211120937815,2.003489929358386,70.2530922231108
0.7358285843789041,0.3754762916008427,-0.29999999999999993,0.40381257952120375,0.457951101220857,0.0,0.15789331341933988,-0.5383748247039932,-4.393644819380491e-13,-1.560412980973414,53.21117665590843,1.358406315857835e-11,40.68075988887546,0.4844063475347258,1.6506774739680043,66.98024743342349
0.7439146127786723,0.37915375141471686,-0.3,0.40503892620849563,0.45594444797641387,-3.552713678800501e-15,0.1465575819117504,0.29173711288944304,2.1968224096903359e-13,-1.2631607050591533,117.79213987875038,4.075218947573617e-11,35.11021707837269,0.4789201023723437,1.2964125538741922,122.91344743560629
0.7520006411784405,0.3828498511109506,-0.3,0.40618271706028336,0.46266909038103776,3.552713678800501e-15,0.13746540675018082,1.3665663519540878,2.1968224096903359e-13,-0.9926085561379185,116.13005027182749,-4.075218947573617e-11,23.981303726153996,0.48265870472520184,1.689016086368424,118.58031668258955
0.7600866695782087,0.3866360622237488,-0.29999999999999993,0.4072620245744309,0.47804463664055064,0.0,0.1305050599621822,2.1697988820184477,-4.393644819380491e-13,-0.8753336990728595,51.72615360976778,-1.358406315857835e-11,-11.632739805397577,0.49553833887654836,2.3397085872264265,53.018068643070855
0.7681726979779768,0.39058081612741535,-0.3,0.4082932523026187,0.4977592011446106,-3.552713678800501e-15,0.12330946045022628,2.2030846461528064,0.0,-1.1807338850050302,-42.9974301438549,4.0752189475736636e-11,-63.63282163910131,0.5128054654161233,2.4995428512656686,76.79788401205701
0.776258726377745,0.39468585229715125,-0.3,0.4092561921727521,0.51367304667232,0.0,0.11141016450874375,1.4744419994979339,2.1968224096902755e-13,-1.904407304935166,-106.57745555105399,3.7302217951767255e-25,-96.93348931451781,0.5256160420244885,2.4084738721800343,144.06545520153202
0.7843447547775132,0.39888796581459096,-0.3,0.4100949838110997,0.5216039609081129,0.0,0.09251127734536269,0.4795079814310945,0.0,-2.7483477799766654,-121.01632847994529,-1.3584063158578724e-11,-76.74384544939024,0.5297443048028952,2.789864409601081,143.29888196746654
0.7924307831772813,0.4031212611798205,-0.3,0.410752289804579,0.5214276769838548,0.0,0.06696372810608153,-0.4826409383510928,0.0,-3.145513132557552,-112.37671847861836,0.0,20.336510062650177,0.5257099611065444,3.182325430006247,114.20201617112947
0.8005168115770496,0.4073205238236241,-0.3,0.41117792502553996,0.5137986642393173,0.0,0.04164186030195438,-1.3378546927506285,0.0,-2.419464584139128,-99.84236039330108,0.0,151.99353038063137,0.5154833769419865,2.764717716660853,181.85304563430805
0.8086028399768177,0.41143044236142473,-0.3,0.4114257243346206,0.4997918149031655,0.0,0.027836009426916775,-2.09729726163134,0.0,-0.6874651260799387,-91.20168042335267,0.0,232.14676448388295,0.5005663808777168,2.2070940404120583,249.4190585588414
0.8166888683765859,0.4154031854421814,-0.3,0.4116280905510644,0.47988105379870305,0.0,0.030524135235289407,-2.812773448770251,0.0,1.3348260769228237,-66.33313765081101,0.0,211.07858968237704,0.4808508590268047,3.113431407585539,221.25608731264938
0.8247748967763541,0.4191911060204788,-0.3,0.4119193623834025,0.45430348292542533,0.0,0.049422892560414766,-3.1700405314117255,0.0,2.7261098154295036,18.120237202535606,0.0,60.802438830374086,0.45698389129947514,4.181008454496859,63.445090936947494
0.8328609251761222,0.42275020717227857,-0.3,0.4124273603767488,0.42861497826788053,0.0,0.07461093801218865,-2.5197319435097754,0.0,2.3181265712379626,143.08674292531512,1.3584063158578724e-11,-162.35510085938512,0.43506044599185795,3.423851612938712,216.40932229466532
0.8409469535758904,0.42612269179415896,-0.3,0.41312597471080226,0.4135542348153791,0.0,0.0869117671389894,-0.8560335975628561,2.1968224096902755e-13,0.10049390263704616,228.2754042293084,0.0,-314.4798636457343,0.4225881687896097,0.8619121443764615,388.5965064365528
0.8490329819756586,0.42943822974740176,-0.3,0.41383290241146864,0.4147711543057824,3.552713678800501e-15,0.07623613111364236,1.1719508596237205,6.0325358746465705e-27,-2.767659645951297,239.2849813021337,-4.075218947573617e-11,-343.03432379079294,0.4217191697460854,3.0055629644377837,418.24615906828006
0.8571190103754268,0.4328303944604013,-0.29999999999999993,0.4143588697533489,0.4325070906834796,0.0,0.04215301814287997,3.013696711331246,-4.393644819380491e-13,-5.447076665898205,155.9850995150831,0.0,-254.50371829171615,0.4345563949938392,6.225191729743067,298.50208356900896
0.865205038775195,0.43643275898413725,-0.3,0.41451460341514723,0.46350882869800714,-3.552713678800501e-15,-0.011854302118692317,3.6945507488629943,-6.0325358746465705e-27,-6.8835082338581515,-33.10425342885193,5.4336252634314895e-11,-52.04272066502716,0.46366039162270456,7.812323011852306,61.6793026006269
0.8732910671749632,0.44032628556519193,-0.3,0.4141671613061665,0.49225557524286145,0.0,-0.06916746799515039,2.478332844573579,4.393644819380491e-13,-6.2887145004954,-219.39686984195143,-3.7302217951767255e-25,147.43908509882556,0.4970912290380314,6.759442562610713,264.3355260104568
0.8813770955747313,0.4443935441068533,-0.3,0.4133960231940496,0.5035885682286079,3.552713678800501e-15,-0.11355575021677211,0.14645210813848308,0.0,-4.499114975168285,-284.9439657117632,-5.433625263431526e-11,225.52646047034963,0.5162328490689383,4.50149794843469,363.3940670509504
0.8894631239744994,0.4484703484941821,-0.29999999999999993,0.4123307312637469,0.4946240070540888,0.0,-0.14192741092121608,-2.129797153602169,-4.393644819380491e-13,-2.641487771970537,-214.65515607177335,-3.7302217951767255e-25,194.5442832089812,0.5145836164561043,3.3931539259163848,289.6969350157051
0.8975491523742677,0.4523926316433462,-0.3,0.4111007650432205,0.46914536768906245,-3.552713678800501e-15,-0.1562740405003602,-3.324963268167565,6.0325358746465705e-27,-1.352933777087559,-51.321051640062365,4.075218947573617e-11,108.56656440076992,0.49448857596350376,3.5896811195213347,120.0855913389632
0.9056351807740358,0.456057394027689,-0.3,0.4098034586044821,0.44085251222491095,0.0,-0.16380713281028747,-2.9597641157372188,2.1968224096902755e-13,-0.8857431259507518,95.4228864751355,0.0,31.319992370073713,0.4703017268674892,3.089456992090152,100.43141533060297
0.9137212091738041,0.4595221235112657,-0.3,0.4084516667872433,0.42127989429613066,0.0,-0.1705983286430346,-1.7817789281159513,0.0,-0.8464250815176868,144.85750458895924,-2.7168126317157447e-11,0.898851817130506,0.4545113189723176,1.9726052740729076,144.8602932840104
0.9218072375735722,0.4628703564067488,-0.3,0.40704453274376096,0.41203748219520264,0.0,-0.1774955673051437,-0.6171203236854694,-2.1968224096902154e-13,-0.87120684330975,108.08059652264315,0.0,-6.7809315068989235,0.44864190970832935,1.0676323607569218,108.29310401309787
0.9298932659733404,0.46618561707686446,-0.3,0.4055811983911185,0.4112997893693411,-3.552713678800501e-15,-0.18468753519718462,-0.033893382224000845,6.0325358746465705e-27,-0.9560866910010226,16.8350247210744,4.075218947573635e-11,-16.212279266880167,0.45086250941110156,0.9566872645059445,23.372121349729866
0.9379792943731086,0.46952191996206716,-0.30000000000000004,0.40405775543438577,0.41148935649274776,0.0,-0.19295745557729305,-0.344863347674643,4.3936448193805207e-13,-1.1333927444636807,-69.10124753816251,0.0,-25.094845871353485,0.4544844003589988,1.1846982070435812,73.51689398116189
0.9460653227728767,0.4728402463224698,-0.3,0.4024606794596285,0.40572263972266853,3.552713678800501e-15,-0.20301682703683355,-1.15140268232998,6.0325358746465705e-27,-1.3619219638081592,-102.15064991339344,-4.075218947573635e-11,-28.709632395794557,0.453681267459473,1.7834123394155783,106.10842695106889
0.9541513511726449,0.4760832895365199,-0.3,0.4007745557762844,0.3928688069149686,0.0,-0.21498253493253472,-1.996849460183597,-2.1968224096902154e-13,-1.5976865502622797,-82.45138785291081,0.0,-29.162558271154126,0.44784304144734616,2.557344341211114,87.45676739846716
0.9622373795724131,0.4791937429826648,-0.3,0.39898396969379135,0.373429476832456,0.0,-0.22885470467553048,-2.4848112098878623,0.0,-1.8335405125890532,-11.770872221217587,1.3584063158578724e-11,-29.180229312467844,0.4379772254575414,3.0880669617237433,31.46488861535091
0.9703234079721813,0.48212241224647545,-0.3,0.3970735044934305,0.3526842988925374,0.0,-0.24463465624637593,-2.187208674325202,0.0,-2.0695908761270054,75.4193492917252,-1.3584063158579002e-11,-29.202027993181133,0.4292229370875969,3.0111606034204743,80.87543932802953
0.9784094363719494,0.4848973734966596,-0.3,0.39502772413784,0.33805781391883016,0.0,-0.2623242458760586,-1.2651252093580183,-2.1968224096902604e-13,-2.30579736795643,123.89429496007564,1.3584063158578257e-11,-28.95503361255382,0.42789846403793186,2.6300652648609253,127.23281925336067
0.9864954647717176,0.4875895024146978,-0.3,0.39283118188922733,0.3322246221482743,-3.552713678800501e-15,-0.2819241422491885,-0.1835830990923597,2.196822409690155e-13,-2.5378533243417074,115.98453996106336,4.0752189475736074e-11,-18.917176396871753,0.4357228724137675,2.544484672805991,117.5171182118157
0.9945814931714858,0.49027012895624594,-0.30000000000000004,0.39046843089622546,0.33508889761287364,3.552713678800501e-15,-0.30336655398620493,0.6105833587603904,4.3936448193804304e-13,-2.611727019133486,42.71401117541118,-4.0752189475736727e-11,21.230196634825234,0.4520130920458786,2.6821502680623626,47.6991404518624
1.002667521571254,0.49300857909978724,-0.29999999999999993,0.3879251207470829,0.342099010906999,3.552713678800501e-15,-0.32416113994749907,0.5071903157724336,-4.3936448193805207e-13,-2.194517378497995,-73.38587468856835,-2.716812631715875e-11,84.75213488994947,0.4712877867244271,2.25236509938843,112.10892458769929
1.010753549971022,0.4958025735916991,-0.3,0.3852260785287921,0.3432912082077202,-3.552713678800501e-15,-0.3388564136788439,-0.5762171749867875,-2.4158076361488266e-26,-1.241110679811264,-156.21903317841512,4.075218947573523e-11,129.675848513772,0.4823614026059756,1.3683500839665748,203.02761392225815
1.0188395783707904,0.49856030401770407,-0.3,0.3824451155781815,0.332780394024244,3.552713678800501e-15,-0.34423245235591793,-2.01919276195758,2.196822409690049e-13,-0.09739219080518069,-156.21921289232625,-2.7168126317157444e-11,123.44227606293123,0.47878885941707167,2.0215401674890643,199.10408834651003
1.0269256067705586,0.5011843170256313,-0.29999999999999993,0.3796591317570484,0.3106367081721295,0.0,-0.34043144572037676,-3.1026031590603793,-4.3936448193805207e-13,0.7552048201425308,-77.64896356945522,-1.35840631585776e-11,60.66547089508227,0.46085652181485137,3.193192866548771,98.53761161268655
1.0350116351703267,0.5035839385062847,-0.3,0.37693963890164334,0.28260491950949884,-3.552713678800501e-15,-0.3320192371092894,-3.2749362112279314,0.0,0.8836932502807038,27.34268148039962,4.0752189475736727e-11,-22.780080151283258,0.4360072411573056,3.3920673560829586,35.58868194015448
1.0430976635700948,0.5057546198357673,-0.3,0.3742896977959783,0.2576742537492933,0.0,-0.3261403082834704,-2.6604157611077284,2.1968224096902604e-13,0.38680407003798933,90.4644775969052,0.0,-72.88408276471895,0.415648314964096,2.688387883202193,116.17190377770076
1.051183691969863,0.5077510611736964,-0.3,0.37166527931146476,0.2395805247104832,0.0,-0.32576381971834323,-1.8119395411904051,0.0,-0.29499227597243305,98.88339573023873,-1.3584063158579095e-11,-75.17079767562498,0.40437716807213,1.8357955615516375,124.21181414959183
1.0592697203696313,0.5096291296894481,-0.3,0.36902142680025934,0.2283714645718362,0.0,-0.33091094012592137,-1.061267868827267,0.0,-0.828862339638679,70.63705447769541,0.0,-33.1442359923104,0.4020641442925576,1.346589123480683,78.02649450538499
1.0673557487693994,0.5114442974701454,-0.3,0.3663137687921603,0.22241764045628543,0.0,-0.33916822855397655,-0.669593084025152,0.0,-0.8310027430173328,21.75445957988976,1.3584063158578908e-11,39.25841283170651,0.40559178251856126,1.0672021631708988,44.88295321920958
1.0754417771691676,0.513226080404126,-0.3,0.36353637894348634,0.2175427671844048,0.0,-0.3443499636865681,-0.7094535128580741,2.1968224096902604e-13,-0.19397305746467808,-16.52939245415783,0.0,95.9626917318983,0.40731038907102396,0.7354929190202016,97.37586466540317
1.0835278055689357,0.5149624114573799,-0.3,0.36074492162050287,0.21094431794971413,3.552713678800501e-15,-0.34230517185687503,-0.9369073576556186,0.0,0.7209113583073155,-28.01059564437005,-4.075218947573635e-11,110.13041268057447,0.4020824989417406,1.182162672125005,113.63670738606447
1.0916138339687038,0.5166374838955482,-0.29999999999999993,0.358000600261442,0.2023910481804947,0.0,-0.3326913442525914,-1.1624424566076694,-4.3936448193804607e-13,1.5870622317619407,-19.14925804841458,-7.4604435903534015e-25,69.42841162786252,0.3894170860712144,1.9672414677434151,72.02081938559631
1.0996998623684722,0.5182354909842726,-0.3,0.35536461830453586,0.19214523251526217,-3.552713678800501e-15,-0.31663911130042166,-1.2465902464835565,1.2065071749292976e-26,1.8437115746546908,6.844792672467932,4.075218947573542e-11,-42.62841867215006,0.3703783432970467,2.2255919691496944,43.17445153348427
1.1077858907682403,0.5197448675095451,-0.3,0.35287989456853674,0.1822311199086144,0.0,-0.3028747359453128,-1.0517480807274744,2.1968224096902604e-13,0.8976730237215413,36.3907155480869,-7.460443590353298e-25,-169.99688852859856,0.3534703477479981,1.3827475846412827,173.84828525903424
1.1158719191680084,0.5211825430060778,-0.3,0.3504665108716837,0.1751363028149342,0.0,-0.3021218921733855,-0.658077527664128,0.0,-0.9054877623742392,50.792570589365106,-1.3584063158578908e-11,-231.43784327355033,0.34921392053311834,1.119363265533597,236.94590210887398
1.1239579475677766,0.522577181746329,-0.3,0.3479939621679254,0.17158865275273172,0.0,-0.317518335469714,-0.2303277441618068,0.0,-2.8451529232604855,43.31792054914731,0.0,-189.55479610866522,0.360916277151579,2.854460724281971,194.4414126890151
1.132043975967545,0.523957484444551,-0.3,0.3453315863155732,0.17141142945384047,0.0,-0.34813386685172176,0.042462343894486665,0.0,-3.9709786916681082,11.174749041016907,0.0,-20.759785570076673,0.3880451873126908,3.9712057136757815,23.576337990563164
1.140130004367313,0.525349257119546,-0.3,0.342363921499357,0.17227535619003476,0.0,-0.38173722842111957,-0.049609067949905494,0.0,-3.180881354646015,-30.57138099877272,1.3584063158578908e-11,198.4531901138551,0.41881035077113526,3.181268182966901,200.79411844607907
1.1482160327670812,0.5267435312900166,-0.3,0.3391581101750493,0.17060914878918254,0.0,-0.39957526079164296,-0.4519397660579294,2.1968224096902604e-13,-0.7615824290976754,-55.002067192588726,0.0,326.66230720644984,0.434474246287716,0.8855830556502375,331.26045695932237
1.1563020611668493,0.5281083579642852,-0.3,0.33590196768614505,0.16496656062337678,3.552713678800501e-15,-0.39405358272201596,-0.9391056226803602,0.0,2.101920031764255,-50.51088768723082,-4.075218947573635e-11,300.964217532826,0.4271910488059914,2.302170104592993,305.17340973633054
1.1643880895666174,0.529411379878442,-0.29999999999999993,0.33278545325320813,0.15542187931843188,0.0,-0.3655828906498684,-1.268804710730823,-4.3936448193804607e-13,4.105627991471174,-12.995351338775862,-1.3584063158579281e-11,96.180216865114,0.3972490535001774,4.297213818083102,97.05417699737906
1.1724741179663858,0.5306218494245137,-0.3,0.32998974041361673,0.14444737877391844,-3.552713678800501e-15,-0.3276571336461771,-1.1492671826609637,-2.19682240969017e-13,3.6573519618985486,42.778932979429584,4.0752189475736164e-11,-208.24210147397045,0.3580841276346728,3.8336716643897177,212.59070989380965
1.180560146366154,0.5317473910925179,-0.3,0.32748656347710875,0.13683586516259538,-3.552713678800501e-15,-0.3064359869861484,-0.5769813767639356,2.1968224096902604e-13,0.7379248983793509,80.85271917438868,4.0752189475736164e-11,-416.0620983683946,0.33559956512929345,0.9367180284272221,423.8452924082137
1.188646174765922,0.5328347668081369,-0.30000000000000004,0.3250340402266548,0.13511640317661744,0.0,-0.3157233702757942,0.15828758422420464,4.3936448193805207e-13,-3.071227925049371,83.27875296017086,-1.3584063158578908e-11,-437.59180459634587,0.3434205715237404,3.0753042007129308,445.44577463984064
1.1967322031656902,0.5339325012392392,-0.3,0.3223806672000676,0.1393957009653306,3.552713678800501e-15,-0.35610405943436874,0.7698073463024961,0.0,-6.338834620564327,36.58049736072317,-4.075218947573691e-11,-231.05074498121044,0.3824150397058833,6.385407402608403,233.92857786839602
1.2048182315654583,0.5350890820017594,-0.3,0.31927510515093677,0.14756577130572168,0.0,-0.41823536380242743,0.7498694652971061,-2.1968224096902907e-13,-6.807793696460674,-60.44357741896475,-7.460443590353401e-25,198.96415609999022,0.44350476479515005,6.848967749125021,207.94268793055375
1.2129042599652267,0.5363189432744628,-0.3,0.31561694114107997,0.15152263255035336,0.0,-0.4662000857730568,-0.20768962088420828,0.0,-3.1211749870433287,-145.70069734204492,2.7168126317157628e-11,577.7629180247014,0.4902056998340543,3.1280774092672243,595.8512252654818
1.2209902883649948,0.537539514621779,-0.3,0.3117356908838661,0.14420700296010835,0.0,-0.4687111829741859,-1.606410487850506,2.1968224096902604e-13,2.535821030500685,-147.8540490924628,0.0,595.4852815368322,0.49039354884398456,3.0018232716476927,613.5662477353499
1.229076316764763,0.5386510671172247,-0.3,0.3080369172674436,0.1255436708974642,3.552713678800501e-15,-0.42519064403434115,-2.5987937008489395,0.0,6.509046809258162,-67.95911217976541,-4.0752189475736727e-11,262.2241460354487,0.4433376783860679,7.008667424317264,270.8873265626915
1.237162345164531,0.5395698139983551,-0.29999999999999993,0.3048594836379113,0.10217916361970225,0.0,-0.3634465082640226,-2.705449110067729,-4.3936448193805207e-13,6.776524814395852,23.886156822014186,-1.3584063158579094e-11,-122.0422162355988,0.3775366814593413,7.2966254835566975,124.35775420705583
1.2452483735642992,0.5403035143550116,-0.3,0.3021592396922047,0.08179099422119407,-3.552713678800501e-15,-0.3156002998324645,-2.2125054160006954,-2.1968224096902904e-13,4.535373156354773,68.30935629386028,4.075218947573598e-11,-306.5595546392883,0.3260265571851976,5.0462649438189295,314.07790227572576
1.2533344019640675,0.5408925426025909,-0.3,0.29975557766307,0.06639840036285705,-3.552713678800501e-15,-0.2901001959723608,-1.6007463201436427,2.1968224096902904e-13,1.8188262843286616,71.4757599258286,4.075218947573598e-11,-303.78563941808034,0.2976018670538685,2.4229151520468517,312.0809173493737
1.2614204303638357,0.541377313057078,-0.30000000000000004,0.29746772284538303,0.05590363381018193,0.0,-0.28618613785381086,-1.0565953666901593,4.3936448193805207e-13,-0.3774654591979463,58.26373220670783,-1.3584063158579094e-11,-202.18843961606223,0.2915951333147783,1.1219955177266212,210.41584447239947
1.2695064587636038,0.5417966193438697,-0.3,0.2951273591864582,0.04931108007861695,3.552713678800501e-15,-0.2962045888183731,-0.6585019335437936,0.0,-1.4509766453519042,42.190479066216795,-4.075218947573691e-11,-78.6293371339824,0.30028110339410513,1.5934108138950172,89.23345326706986
1.277592487163372,0.5421747746449559,-0.3,0.292677485410729,0.04525430313830725,0.0,-0.30965141457724243,-0.3742885428316556,-2.1968224096902907e-13,-1.6490635654385954,33.278535523124276,-1.3584063158579281e-11,-10.354954442784063,0.31294080990216194,1.6910063737763075,34.85234580449324
1.2856785155631403,0.5425284745046459,-0.3,0.29011965892185826,0.04325806450452774,0.0,-0.32287333846469224,-0.12031956685843603,-2.1968224096902907e-13,-1.6184375567572147,25.783101184203844,1.3584063158579281e-11,11.555159498767438,0.3257582736263403,1.6229038552210246,28.254026575283902
1.2937645439629084,0.542874346521161,-0.3,0.28745595944202196,0.04330848826897693,-3.552713678800501e-15,-0.33582487867162314,0.042677233987487906,0.0,-1.4621928696968283,-2.3227181262058103,4.075218947573691e-11,49.95897497972608,0.33860592772565945,1.4628155504003464,50.01294033066544
1.3018505723626765,0.5432288618368338,-0.30000000000000004,0.28468867990928337,0.04394824315662049,0.0,-0.3465200046053063,-0.15788269632474883,4.3936448193805207e-13,-0.8104981757384735,-54.482761109634986,0.0,121.04194894523133,0.3492958082602981,0.8257325466966688,132.73855755804166
1.3099366007624447,0.5435850800057297,-0.3,0.2818520182453694,0.04075520033634916,3.552713678800501e-15,-0.34893230120558627,-0.8384210732730943,0.0,0.4953044037720211,-98.33143316454677,-4.075218947573691e-11,180.7982881272098,0.3513043369773307,0.9737948184830132,205.80838597570144
1.3180226291622128,0.5438879572515497,-0.3,0.27904572691499374,0.030389249937719853,0.0,-0.3385099136544447,-1.7481042186416027,-2.1968224096902907e-13,2.1133820091136855,-108.11215048139364,-7.460443590353401e-25,189.95201265561678,0.33987125232081167,2.742672396710545,218.5635015130182
1.3261086575619812,0.5440765366818179,-0.3,0.2763776166945435,0.012484759620967623,0.0,-0.3147545673150809,-2.586816911578226,0.0,3.567219141624925,-70.06487137651507,1.3584063158578535e-11,109.6397266187121,0.31500207438760963,4.406435536621678,130.1151638128067
1.3341946859617493,0.5440898614932684,-0.3,0.2739554981744607,-0.011444900086324594,0.0,-0.2808206430796929,-2.881197298194837,0.0,3.8864818954771803,18.820651073720228,0.0,-75.6280504997641,0.2810537658841778,4.837978854335468,77.93470939981489
1.3422807143615174,0.5438914491075568,-0.3,0.2718361693041764,-0.03411012673610969,0.0,-0.2519021613510546,-2.2824482734097695,0.0,2.3441580133045434,106.60099466589678,0.0,-258.41016303912625,0.2542011007829947,3.2717956709017058,279.5345853837524
1.3503667427612855,0.5435382305862527,-0.3,0.26988172211316547,-0.04835678320591086,0.0,-0.2429107865414437,-1.1572399575708925,0.0,-0.2925419387689949,137.9634943786553,0.0,-306.60862670871757,0.2476772672253275,1.193643625768346,336.2183453551798
1.3584527711610537,0.543109420462908,-0.3,0.26790780226700817,-0.0528250770606391,0.0,-0.25663316620107324,-0.051294806055654174,0.0,-2.614334113056648,112.75882287534897,1.3584063158578535e-11,-173.925521510333,0.2620134934709473,2.614837282092325,207.27913346228468
1.366538799560822,0.5426839404395882,-0.3,0.26573143597271687,-0.049186325722963886,0.0,-0.2851899463107621,0.666302130618114,2.1968224096902907e-13,-3.105275351523055,58.648110847945226,-7.460443590353401e-25,81.17710022705121,0.2894004148491513,3.1759555314964456,100.14650521763397
1.3746248279605902,0.5423139764095556,-0.3,0.2632956942566137,-0.04204960115863088,3.552713678800501e-15,-0.3068518555641049,0.8971657737628411,0.0,-1.3015334373631724,14.904719862160817,-4.075218947573691e-11,287.4001804657838,0.3097195993487242,1.5807895856773198,287.78640413670445
1.3827108563603583,0.542003911901253,-0.29999999999999993,0.2607690103354911,-0.034677309871071316,0.0,-0.306238418986295,0.907342106810155,-4.3936448193805207e-13,1.5425766911665733,-0.19214297273195768,0.0,344.2085918074447,0.3081955306021161,1.7896403401021963,344.2086454361454
1.3907968847601264,0.5417531729846655,-0.3,0.25834318915056714,-0.027376013070686156,-3.552713678800501e-15,-0.28190521769691834,0.8940584266941882,0.0,4.265027460235215,-3.1171470947656985,4.075218947573691e-11,267.62125202272,0.28323135041233216,4.357728732597216,267.63940505878173
1.3988829131598945,0.541561185462929,-0.3,0.2562100231428109,-0.02021854621246888,0.0,-0.23726415264778922,0.8569314269410947,2.1968224096902907e-13,5.870562779641009,-6.893483221194238,7.460443590353401e-25,90.72272335290728,0.2381240595626976,5.932776653489129,90.98424392986422
1.406968941559663,0.5414261975069135,-0.3,0.25450613979745323,-0.013517669360886941,0.0,-0.18696614297931902,0.7825766244943824,0.0,5.732200495307019,-10.490277780937916,-1.3584063158578535e-11,-77.76536781189714,0.18745417041376652,5.785373686427097,78.46972893314266
1.415054969959431,0.5413425769462272,-0.3,0.25318639605895904,-0.007562672591156172,0.0,-0.1445626806513527,0.6872820588248517,0.0,4.612936834350188,-11.50870883190899,0.0,-144.28445901709435,0.14476036285470553,4.663854936218242,144.74272172663206
1.4231409983591992,0.541303893536213,-0.3,0.25216826391486635,-0.002402904868269218,0.0,-0.11236546648153478,0.5964571315754256,0.0,3.398824028792207,-7.1435589166104805,-1.3584063158578347e-11,-124.00322254448744,0.11239115627761319,3.4507630878549858,124.20881464458456
1.4312270267589673,0.5413037170322137,-0.3,0.2513692153527133,0.0020832660191700825,0.0,-0.08959670540609643,0.5717560182745933,-2.1968224096901697e-13,2.6075496760352017,5.041160289204967,0.0,-46.08624363692823,0.08962092175900367,2.6694981283800336,46.36113835556419
1.4393130551587356,0.5413375842326036,-0.3,0.25071930090598765,0.006843565934744333,-3.552713678800501e-15,-0.07019602501308064,0.6779830621080198,1.2065071749292976e-26,2.65351467901855,18.927277466464027,2.7168126317156882e-11,42.710574815025296,0.07052883326938165,2.7387590591857998,46.71653918391633
1.4473990835585038,0.5414143915692217,-0.30000000000000004,0.2502340012491,0.01304764660870461,0.0,-0.04668391529860472,0.8778490245228339,2.1968224096902604e-13,3.2982675178846264,25.780724738994422,-7.460443590353298e-25,85.37732502084393,0.048472972155964814,3.4130906125370455,89.18482716125328
1.455485111958272,0.5415485915146597,-0.3,0.24996432597615387,0.021040190220745103,0.0,-0.01685625537378499,1.0949104069202473,0.0,4.034241628648107,24.338066142278095,1.3584063158578908e-11,63.76119327177213,0.026959654110381186,4.18018352677243,68.24830570048009
1.46357114035804,0.5417546547205446,-0.30000000000000004,0.24996140092976765,0.03075459989982221,0.0,0.018558069462946136,1.2714456125666256,4.3936448193805207e-13,4.329417157081934,16.663741894258294,1.4920887180706595e-24,-19.671887234315193,0.035920013323907304,4.512252970052803,25.78106749686816
1.4716571687578082,0.5420459566510867,-0.3,0.25026444812959836,0.04160208088469375,7.105427357601002e-15,0.05315932479943086,1.3643973873270043,2.4130143498585952e-26,3.716106750940689,7.5725711206005,-6.79203157928923e-11,-117.02842948666773,0.06750294028461268,3.9586651304362332,117.27317315350734
1.4797431971575765,0.5424274459355909,-0.29999999999999993,0.25082109654984913,0.05281971194481372,0.0,0.07865515891229968,1.3939096628475047,-6.59046722907063e-13,2.436826748262976,0.007409323930573919,7.460443590353401e-25,-145.80738141404044,0.09474468847092281,2.807331250356743,145.80738160229592
1.4878292255573446,0.5429001600327933,-0.3,0.2515364638271046,0.06414446712568633,-3.552713678800501e-15,0.09256782538296981,1.3645172113344572,0.0,1.3581014969211411,-11.93552552728677,5.43362526343147e-11,-64.33077282708466,0.11262022446687915,1.9251874963149456,65.42862601447845
1.4959152539571128,0.5434647939013235,-0.3,0.2523181086797521,0.07488676179045939,0.0,0.10061845346004361,1.2008876660879082,2.1968224096902604e-13,1.3964658361452988,-29.195858517408986,0.0,79.41110779682782,0.12542766946791273,1.8418056406915069,84.60805042126884
1.504001282356881,0.5441112329980019,-0.3,0.2531636711715419,0.08356529067152252,0.0,0.11515155020372347,0.8923601290796945,0.0,2.6423424427255373,-41.639243686087696,-1.3584063158578908e-11,183.10847486201015,0.1422780282381531,2.788956827310148,187.78322657000226
1.512087310756649,0.5448162165285331,-0.3,0.25418034609020135,0.08931806048357771,0.0,0.14335056552762637,0.5274954521067663,0.0,4.357706492090184,-45.309950708604696,0.0,212.6061132856123,0.16889967603769507,4.3895167528098415,217.38065930443491
1.5201733391564174,0.5455556897453668,-0.3,0.2554819446595004,0.09209597708449024,0.0,0.18562462710951522,0.15960503263594106,0.0,6.080620582709148,-45.485846658830646,0.0,193.1858731387348,0.20721527739212067,6.0827148903519115,198.46849580385796
1.5282593675561855,0.5463055979009522,-0.3,0.25718227810320915,0.0918992021368581,0.0,0.24168670696762895,-0.2081042436348497,0.0,7.481919405357861,-45.44604381195803,0.0,122.51690366952539,0.25856899983998016,7.484812981263417,130.67415422694026
1.5363453959559537,0.5470418888621562,-0.3,0.2593905158122738,0.08873050343620292,0.0,0.3066226527025151,-0.5753509692052576,0.0,8.061970907756026,-45.39113815984358,-1.3584063158578908e-11,25.033277120604566,0.3192029971512943,8.082475094627261,51.83647737687228
1.5444314243557218,0.547740552642374,-0.3,0.2621409970587387,0.08259459358320242,0.0,0.3720653584040683,-0.9421723081514379,-2.1968224096902604e-13,7.886758984830809,-44.88445726314354,-7.460443590353298e-25,-41.29387685268506,0.3811226807912672,7.942836769256743,60.990153052207354
1.55251745275549,0.5483776133209184,-0.3,0.2654075779215242,0.07349363935382769,-3.552713678800501e-15,0.4341677669694519,-1.3012249614811728,-1.2065071749292976e-26,7.394163985821347,-40.25721044236398,4.075218947573542e-11,-100.93086761007925,0.4403441437111555,7.507785788739521,108.6631631654634
1.5606034811552583,0.5489290959524088,-0.30000000000000004,0.26916238284669664,0.06155110959715415,0.0,0.4916441983678581,-1.5932142020162399,4.3936448193804607e-13,6.254499261014093,-27.901298287887585,-7.4604435903534015e-25,-219.34232983252113,0.49548214587552464,6.454230589274919,221.10979196432746
1.5686895095550264,0.5493730213613979,-0.3,0.2733584758226917,0.047728088784992906,3.552713678800501e-15,0.5353158842712311,-1.7524463421737044,0.0,3.846947369227184,-13.822297482802057,-4.075218947573635e-11,-353.8028173980323,0.5374393606837503,4.227300822487317,354.0727178228908
1.5767755379547945,0.5497009573151731,-0.3,0.27781954173282497,0.03321044781338145,0.0,0.5538572497278267,-1.8167491820082018,-2.1968224096902604e-13,0.5327800022171587,-6.078970507907542,0.0,-409.05988291493964,0.5548520405658048,1.893259654957551,409.1050497033985
1.5848615663545627,0.5499101026097739,-0.3,0.28231548672412504,0.018347517823045223,0.0,0.543932032728744,-1.8507557985102912,0.0,-2.768392291684872,0.044605147287498426,1.3584063158579095e-11,-300.0160109472232,0.5442413872893997,3.33005899442933,300.01601426307815
1.592947594754331,0.5499976744155379,-0.3,0.28661604146120156,0.0032799199178015215,0.0,0.5090866523432993,-1.816027825032715,0.0,-4.319095967591647,12.359685359763716,0.0,13.901955497835274,0.5090972180917653,4.685354526453626,18.601779185232523
1.6010336231540991,0.5499631456609825,-0.3,0.2905484649817067,-0.01102138731292257,0.0,0.4740833674182028,-1.650874264847796,0.0,-2.5435690777493427,25.951899492101816,-1.3584063158578908e-11,360.54281980050456,0.4742114615241645,3.0323471918003375,361.47562296363395
1.6091196515538673,0.5498194359139037,-0.3,0.29428294460680415,-0.023418112462209706,0.0,0.46795190874439285,-1.3963322323905882,-2.1968224096902604e-13,1.5116229928870801,32.629157896879335,-1.3584063158578908e-11,530.9039407312416,0.4685375085185959,2.057850280228806,531.9056835840554
1.6172056799536354,0.5495844266161056,-0.3,0.2981162098293724,-0.03360295148616643,-3.552713678800501e-15,0.49852942031865766,-1.1231936700184264,-2.1968224096902604e-13,6.042239606853929,31.460273402811886,4.07521894757356e-11,507.3394328792744,0.4996606260971926,6.145748407395456,508.31392756528265
1.6252917083534035,0.5492760070738374,-0.30000000000000004,0.3023451907084374,-0.041582464290627286,-3.552713678800501e-15,0.5656673508628423,-0.8875549039913744,4.3936448193803395e-13,9.71634511805522,20.63159710630672,4.075218947573616e-11,259.98976309179284,0.5671936646055448,9.756798458549538,260.8070929090763
1.6333777367531719,0.548911952641733,-0.30000000000000004,0.3072642143571697,-0.047956539806222054,3.552713678800501e-15,0.6556627054517463,-0.7895383097500854,4.3936448193803395e-13,10.246808822872353,1.5598581567800736,-2.7168126317157066e-11,-175.65745206627918,0.6574141868186975,10.27718160757402,175.6643777886867
1.64146376515294,0.5485004511881818,-0.3,0.31294860522234075,-0.054350922681315694,3.552713678800501e-15,0.7313793251603258,-0.8623287892807019,0.0,6.875602825977602,-13.076297267166154,-4.07521894757356e-11,-518.824660801676,0.7333960322147127,6.929467884434814,518.9894201293448
1.6495497935527081,0.5480329864330236,-0.3,0.31909212234566897,-0.0619021699663449,3.552713678800501e-15,0.7668553448845081,-1.0010089318823172,-2.1968224096902604e-13,1.8563469393875138,-10.880847427749273,-2.7168126317157816e-11,-565.7639642920795,0.7693497245235617,2.1090383688026084,565.868585567564
1.6576358219524763,0.5474993657794714,-0.29999999999999993,0.325350233416841,-0.07053929598455966,0.0,0.7614002733037459,-1.0382944719093512,-4.3936448193805207e-13,-2.273964139684715,9.270987649229134,2.716812631715651e-11,-377.4718876613903,0.7646608192296871,2.499793655278284,377.5857216403256
1.6657218503522444,0.5468922209317619,-0.3,0.3314055308127196,-0.07869352714070743,-3.552713678800501e-15,0.7300806676574183,-0.8510779930311845,2.196822409690049e-13,-4.248149868100661,33.60606506008095,4.075218947573598e-11,-143.75694125859124,0.7343095072930398,4.3325640274629125,147.6327394883955
1.6738078787520128,0.5462267295887961,-0.3,0.3371571394424403,-0.08430297762869543,3.552713678800501e-15,0.6926989523438785,-0.4948152789487992,2.196822409690049e-13,-4.598809559046238,45.15020914243504,-2.7168126317156882e-11,-14.302043381668227,0.6978100247312095,4.625353123887541,47.361269308336155
1.6818939071517809,0.5455288683891806,-0.29999999999999993,0.3426078976150042,-0.08669570793714598,0.0,0.6557084582582711,-0.120906246268774,-2.1968224096902604e-13,-4.479443326018448,33.54522552289698,-2.716812631715651e-11,50.9539118086808,0.6614149438938931,4.48107474066189,61.004780828955035
1.689979935551549,0.5448246816757606,-0.3,0.3477612938733294,-0.08625828031077276,0.0,0.6202571404452044,0.04768001356074425,-2.1968224096902604e-13,-3.774780003117691,-3.9842846283924,-1.857925203976527e-25,157.5467985359349,0.6262263258562625,3.7750811190794757,157.59717082778644
1.6980659639513171,0.5441338945805645,-0.29999999999999993,0.35263873132060203,-0.08592462404963896,-3.552713678800501e-15,0.5946625016420981,-0.18534032358465513,-2.1968224096902904e-13,-1.931587551510212,-46.334455872709746,4.0752189475735415e-11,277.60683721657,0.6008381910941665,1.9404590963727324,281.4470427458908
1.7061519923510855,0.543435103775151,-0.30000000000000004,0.3573782096264399,-0.08925561455102837,-3.552713678800501e-15,0.5890193968489044,-0.7016434385883423,4.393644819380581e-13,0.7146935362883795,-67.72181483371425,2.7168126317156135e-11,338.1104855738604,0.5957435812437503,1.0015439909092672,344.8259628557043
1.7142380207508536,0.5426904477123677,-0.3,0.3621643864624712,-0.09727164159151158,3.552713678800501e-15,0.6062205661052147,-1.2805413596431725,2.1968224096902604e-13,3.5363544257091135,-65.8692614605653,-2.7168126317158187e-11,314.9342056402275,0.6139748749149548,3.7610621901251804,321.74883603146327
1.7223240491506218,0.541862021262349,-0.3,0.3671820430545405,-0.10996460215333315,0.0,0.6462095214847636,-1.7668848762721092,0.0,5.807827398018972,-37.457122937639625,-1.3584063158578908e-11,146.16558202758068,0.655499015547932,6.070645867712836,150.88874520065062
1.73041007755039,0.5409120939204056,-0.3,0.37261492354832393,-0.12584580416882574,3.552713678800501e-15,0.7001450806678804,-1.886300079337893,0.0,5.900152520396425,14.931838648580268,-2.7168126317157444e-11,-164.96683479748228,0.7113650964240031,6.194346434713708,165.6412279250762
1.738496105950158,0.5398268357693474,-0.29999999999999993,0.3785048290670173,-0.1404699541773553,0.0,0.7416271231705416,-1.5254063335257584,-4.3936448193804607e-13,3.139974375634374,58.49250690398224,-7.4604435903534015e-25,-423.1106661370216,0.754812955538524,3.4908886493271267,427.13464992063865
1.7465821343499264,0.5386404058428212,-0.3,0.3846085595083148,-0.1505147620369769,-3.552713678800501e-15,0.7509249246197278,-0.9403559353394062,1.2065071749292976e-26,-0.9424172048612434,67.88095066137454,4.075218947573542e-11,-461.97446112331363,0.7658609116583713,1.3313224527313166,466.9349271503129
1.7546681627496945,0.5373927024885166,-0.3,0.3906488296001552,-0.15567744377544557,0.0,0.7263862986046661,-0.4276317438234738,2.1968224096902604e-13,-4.331102849587133,46.39924004502398,-7.460443590353298e-25,-270.39779673874216,0.7428812296060818,4.352162772924203,274.34988237271375
1.7627541911494626,0.5361227813796782,-0.3,0.3963557199877544,-0.15743044688737484,0.0,0.6808820833315714,-0.189984789875961,0.0,-5.315305732189643,11.758720316193083,-1.3584063158578908e-11,32.39909512769893,0.698845302630775,5.31869995835752,34.466924269045776
1.7708402195492308,0.5348467283594776,-0.3,0.40166009332557995,-0.15874988858836758,0.0,0.6404268723967945,-0.23746905098013826,0.0,-3.807142842928407,-12.427164654711072,0.0,243.8106756518486,0.6598091436277306,3.8145416732072017,244.12717993530794
1.778926247948999,0.533555469164507,-0.3,0.40671273974410466,-0.1612708098679576,0.0,0.6193127530317852,-0.3909576025291379,0.0,-1.3723856372146344,-20.73121850261149,1.3584063158578535e-11,295.47407251689464,0.6399660617433365,1.4269863994475733,296.2004573769631
1.7870122763487672,0.5322386476621858,-0.3,0.4116756543442873,-0.16507247714267947,0.0,0.618232573920892,-0.5727354941279739,2.1968224096902907e-13,0.9712806406051726,-30.859670917586353,-1.3584063158579842e-11,241.85720284093554,0.6398909580286877,1.1275690795017432,243.81801790512358
1.7950983047485354,0.5308859076881153,-0.3,0.41671083204487697,-0.17053312081010574,3.552713678800501e-15,0.6350203587199417,-0.8900219534233447,-2.1968224096902604e-13,2.5389427845060126,-52.959657338061824,-4.075218947573691e-11,115.29929500185274,0.6575198866057493,2.690421814617673,126.88046631885142
1.8031843331483035,0.5294807763462426,-0.29999999999999993,0.4219452396543681,-0.17946596272627602,-3.552713678800501e-15,0.659292500842696,-1.429202080683087,-4.3936448193805207e-13,2.8359073883216226,-74.76929919330814,4.0752189475736727e-11,-9.595923999789562,0.6832822502046174,3.1756872173698136,75.38255673077272
1.8112703615480716,0.5279835739453225,-0.30000000000000004,0.42737294781601337,-0.19364625803692803,-3.552713678800501e-15,0.6808828140821035,-2.0991953068390448,4.3936448193805207e-13,2.3837569565373826,-82.60951566250368,5.4336252634316006e-11,-64.27818238515653,0.7078843689219793,3.176305741595956,104.6709931582427
1.8193563899478398,0.5263491180622517,-0.3,0.432956515197532,-0.213414268461797,3.552713678800501e-15,0.6978427537401082,-2.765167860159277,4.393644819380581e-13,1.79639697181792,-56.30350310122424,-5.4336252634313764e-11,-87.94549302216484,0.729746640232527,3.2974528617122685,104.42458620641602
1.8274424183476081,0.5245322262739267,-0.3,0.4386585004666434,-0.23836470973167678,3.552713678800501e-15,0.709934247944858,-3.009738757004911,-4.393644819380581e-13,0.9614974481196867,34.776594236932766,-5.4336252634313764e-11,-141.44771580357224,0.748882081005079,3.1595893290359958,145.66011057516195
1.8355284467473763,0.522494270437466,-0.29999999999999993,0.4444376121792324,-0.26208793459184676,-3.552713678800501e-15,0.7133921450837093,-2.202758802865196,-4.3936448193805207e-13,-0.4911035223221276,158.31600966237772,5.4336252634316006e-11,-214.01717411061077,0.7600121302490876,2.256840493530128,266.2091465928802
1.8436144751471444,0.5202937253092342,-0.30000000000000004,0.45019551875728014,-0.2739878502072912,-3.552713678800501e-15,0.7019920938874122,-0.4494432564690065,4.3936448193805207e-13,-2.4996004476733518,233.96740131067372,4.075218947573766e-11,-257.6396089463328,0.7535663487322444,2.5396853424773482,348.0214260273197
1.8517005035469125,0.5180633233615308,-0.3,0.455790268194405,-0.2693563564636321,3.552713678800501e-15,0.6729684646677896,1.5809753003709144,2.1968224096904113e-13,-4.657665912012533,211.48314076813867,-4.075218947573523e-11,-218.6778819064891,0.7248719895296585,4.918672041141434,304.21231872536777
1.8597865319466809,0.5159376790131882,-0.3,0.46107880299218457,-0.24842022785102813,0.0,0.6266680562050801,2.9706741081776844,-2.1968224096901697e-13,-6.036071574667403,53.68915837951745,-1.3584063158578535e-11,-27.492379259058907,0.6741108679389543,6.727485764496652,60.318791805082114
1.867872560346449,0.5140458573265702,-0.3,0.4659247795938087,-0.22131444605327033,0.0,0.5753527723162009,2.449239419203833,0.0,-5.102274230944495,-188.1169464557592,2.7168126317157253e-11,265.0590325093342,0.616450238578755,5.659679854933684,325.02965442959703
1.8759585887462171,0.5123585692210568,-0.3,0.4703834407058528,-0.20881098884800053,0.0,0.5441537875354356,-0.07156383486017504,2.1968224096902604e-13,-1.7495218456963215,-344.0292736139305,0.0,451.5920786816765,0.5828424946354203,1.750984886008031,567.7072719556851
1.8840446171459853,0.5106689541545529,-0.3,0.47472486555351456,-0.2224717804554217,3.552713678800501e-15,0.5470594056555704,-3.114421534383853,0.0,2.2008985157162257,-284.814311734341,-4.075218947573635e-11,363.9501962079005,0.590565564874241,3.813604039529505,462.14601316951297
1.8921306455457534,0.5087607429512377,-0.29999999999999993,0.47923051648683523,-0.2591775907997551,0.0,0.5797468433416135,-4.677597061548765,-4.3936448193804607e-13,4.136301399580212,-29.439101997956357,-7.4604435903534015e-25,16.773570999332406,0.6350428536227541,6.24410950723791,33.88234659104536
1.9002166739455217,0.5064775194349723,-0.3,0.48410056443338717,-0.2981181458201334,-3.552713678800501e-15,0.613951906829584,-3.5905123640220786,1.2065071749292976e-26,2.472161658648389,237.64192084223708,4.075218947573542e-11,-345.97176133849837,0.6825037529324777,4.359284609048435,419.7262705445669
1.9083027023452899,0.503939559364062,-0.3,0.48915938159626693,-0.3172435606901587,0.0,0.6197267821029122,-0.8344384197372001,2.1968224096902604e-13,-1.4587735758216027,348.8451203073779,-7.460443590353298e-25,-493.1628951053796,0.6962074125251762,1.6805677082012676,604.0716506102473
1.916388730745058,0.501347038552204,-0.3,0.4941228211537493,-0.3116127313398387,0.0,0.5903605377037344,2.0510307358298974,0.0,-5.503296692419553,280.792987784316,-1.3584063158578908e-11,-370.0587969230547,0.6675537872043847,5.873074285594805,464.5301014670434
1.9244747591448261,0.49890014057337545,-0.3,0.4987067257442165,-0.28407417513272293,0.0,0.5307271554084032,3.7065617276222493,0.0,-7.443385458829297,68.4431382003727,0.0,-6.727611639501902,0.6019713036891645,8.315202158058783,68.77298833908033
1.9325607875445943,0.49675297485667613,-0.3,0.5027057708560703,-0.2516700045497444,0.0,0.4699856852827047,3.1578970543448346,0.0,-5.612096009978799,-155.85986321395256,0.0,377.05476601283164,0.5331269413195341,6.439560189256697,407.9982763861426
1.9406468159443626,0.49483011896505746,-0.3,0.5063073609415775,-0.23300448460276968,0.0,0.4399680199705749,1.1859871669581832,0.0,-1.3456343663337798,-260.74239019841116,0.0,556.5079532714274,0.49785836182776977,1.7936826386091858,614.5630123109702
1.9487328443441307,0.4929848130971334,-0.3,0.509820958665014,-0.23249015272217477,0.0,0.4482240098789454,-1.058843689990768,0.0,3.3877822197205063,-264.3153231108857,0.0,550.7613166898885,0.504932108450969,3.549396896387845,610.9014797765607
1.9568188727438989,0.4910702750099016,-0.3,0.5135560650882557,-0.2501281648991309,0.0,0.49475542645235393,-3.0885352513788398,0.0,7.561308930162475,-177.49427151184005,0.0,324.83975138318215,0.5543888805521422,8.16776852857404,370.1689891093072
1.964904901143667,0.48893972620722087,-0.3,0.5178221715234802,-0.2824381202348434,0.0,0.5705059273763737,-3.9292911304725564,0.0,8.641109129836565,13.466641266400586,0.0,-172.05915339377276,0.636591159955405,9.492528418801555,172.58534901195915
1.9729909295434351,0.4865026696871094,-0.3,0.5227823193502585,-0.3136728842430472,0.0,0.6344999341110622,-2.8707519639196306,0.0,4.77875852859826,197.88001073752565,0.0,-651.1792753795797,0.7078000033175292,5.574742138700141,680.5813304325633
1.9810769579432035,0.48386699050676796,-0.3,0.5280833404972265,-0.32886408405273215,0.0,0.647788281732133,-0.7291643573323725,0.0,-1.8897990982830848,256.12370132212584,0.0,-778.1015780165444,0.7264855426843069,2.025591590591621,819.1711763061381
1.9891629863429716,0.4811842610404811,-0.3,0.5332583882365046,-0.3254649716460243,0.0,0.6039379957539168,1.2712950815693098,0.0,-7.804744386894285,190.4317907780274,-1.3584063158578908e-11,-511.8498336781164,0.6860528773234651,7.90760558760869,546.12683432994
1.9972490147427397,0.47860355249904896,-0.3,0.5378502600679569,-0.3083046277846222,0.0,0.5215695122014168,2.350509379567292,-2.1968224096902604e-13,-10.167463681358772,73.19186571387297,1.35840631585776e-11,-59.78480682069983,0.6058766372550094,10.435622264876374,94.50540901591829
2.005335043142508,0.4761983410883883,-0.3,0.5416932400127324,-0.2874524004518193,-3.552713678800501e-15,0.4395091955917607,2.454958091158094,2.196822409690049e-13,-8.771587678547945,-10.002488720418825,2.716812631715595e-11,261.0040204594017,0.5251639891835974,9.10865355756803,261.1956134328712
2.0134210715422762,0.4739548559517791,-0.30000000000000004,0.5449580277429854,-0.2686029060939319,3.552713678800501e-15,0.3797148980418257,2.188748563843946,2.1968224096898986e-13,-5.946491837581906,-36.15635222238309,-1.3584063158579842e-11,353.12222003884045,0.46511388385751257,6.336512088693366,354.9684268934186
2.021507099942044,0.47185447963451677,-0.3,0.547834010911495,-0.2520558343574315,0.0,0.34334219183640613,1.8702355093536784,-2.4132832812521193e-26,-3.0608750789014785,-74.14679184267706,3.715850407953054e-25,345.6119866796539,0.4259295767244257,3.587023433027382,353.4761548919793
2.0295931283418125,0.46987859468189624,-0.3,0.550510577171041,-0.2383573512081547,3.552713678800501e-15,0.33021425240954727,0.98964243466075,2.1968224096902e-13,-0.3572351583979838,-195.35404169617854,-4.075218947573635e-11,306.37039953961977,0.40725382670929416,1.052145002780933,363.35385414372377
2.037679156741581,0.4679997510121914,-0.29999999999999993,0.5531742545574788,-0.23605128069286607,3.552713678800501e-15,0.3375649645640024,-1.2890411489759828,-6.590467229071143e-13,1.8937644241500067,-359.36926220164406,-2.71681263171567e-11,253.26947054781803,0.41191056361525674,2.2908449921217997,439.64950964026565
2.0457651851413488,0.46606115996292796,-0.3,0.5559696969515036,-0.2592037978863324,-7.105427357601002e-15,0.3608403182418414,-4.822097685671608,-2.196822409690864e-13,3.7386531048898277,-461.29064588169194,5.433625263431564e-11,220.26981945478673,0.4442885820135062,6.101651672200063,511.1827983614011
2.053851213541117,0.4638078924701181,-0.3,0.5590097846796488,-0.3140345183584614,0.0,0.39802667493004407,-8.749059675269493,2.1968224096898986e-13,5.455980455596407,-449.2350440611364,2.7168126317157822e-11,181.8473525055953,0.5069939966868423,10.310856799183892,484.644802330434
2.061937241940885,0.46098257589501995,-0.30000000000000004,0.5624066069462028,-0.4006940878973211,-3.552713678800501e-15,0.4490747440669054,-12.087152334570511,2.1968224096898986e-13,6.6794988184556345,-206.5713603856833,2.716812631715744e-11,-17.89923321296874,0.6018503782790393,13.809958581576687,207.34538693012703
2.0700232703406534,0.4573278449214042,-0.3,0.566272246947936,-0.5095086324577842,3.552713678800501e-15,0.5060479092145442,-12.089743448584056,6.5904672290706e-13,5.166513039407981,330.48497155181053,-4.075218947573635e-11,-458.30563224058864,0.7181110867890935,13.147423840393746,565.0348387179738
2.0781092987404217,0.4527427733510584,-0.3,0.5705904424773073,-0.5962101056396492,7.105427357601002e-15,0.5326278863957583,-6.742530603241359,-4.393644819381004e-13,-0.7322458976867452,812.3609906886077,-8.150437895147159e-11,-825.0320312125638,0.7994741743378921,6.7821753877591044,1157.8463765626702
2.0861953271401896,0.44768590122854235,-0.29999999999999993,0.5748859353797451,-0.6185492203460186,-3.552713678800501e-15,0.4942059869659303,1.0478046345595189,-6.590467229071143e-13,-8.175951830798287,833.3706717149064,2.7168126317157822e-11,-701.393965770502,0.7917339802886048,8.242820081242721,1089.2475254476487
2.094281355539958,0.4427395602263137,-0.3,0.5785827697691911,-0.579264949574732,-3.552713678800501e-15,0.400405928997813,6.734787234799676,0.0,-12.075228950979099,494.31691738634777,6.792031579289455e-11,-163.50845642298395,0.7041823554892713,13.82637021479551,520.6574979160179
2.102367383939726,0.4383179955620392,-0.30000000000000004,0.5813613228063688,-0.5096338586520481,-3.552713678800501e-15,0.29892469850329206,9.041925899503394,4.39364481938028e-13,-10.820219875275566,185.50703881710268,2.7168126317158565e-11,305.5923816973404,0.5908321633593248,14.100836220643746,357.49065051011195
2.1104534123394942,0.434497732517226,-0.3,0.5834169969721705,-0.43303841035076474,3.552713678800501e-15,0.22542071859138701,9.73481760326355,4.3936448193804e-13,-7.133171596664013,39.256367296895746,-5.4336252634314145e-11,447.61332619962667,0.48819746538606135,12.068504911390812,449.33145022893973
2.1185394407392626,0.43131487379346556,-0.3,0.585006839471221,-0.35220183543894024,3.552713678800501e-15,0.18356664228119968,9.676782101172268,-4.3936448193807626e-13,-3.5813917397456514,-125.18566805317522,-2.716812631715558e-11,365.84175315641096,0.39716853481230396,10.318259476631045,386.6673503652411
2.1266254691390305,0.42880190442960653,-0.3,0.5863856471376422,-0.2765449405738707,-3.552713678800501e-15,0.16750224795482893,7.710307869019813,-4.8265665625042386e-26,-1.216757984976546,-375.2492778814991,2.716812631715782e-11,210.2894501032552,0.32331734755024616,7.805725298079163,430.15540607473014
2.134711497538799,0.4268425733068806,-0.3,0.5877156953391964,-0.22751029863924188,3.552713678800501e-15,0.1638891630368704,3.6082294652875824,-4.8265665625042386e-26,-0.18057880833263518,-560.6189127850212,-1.3584063158578911e-11,94.98009483491292,0.2803936407050683,3.6127452968882747,568.6077591689268
2.1427975259385668,0.42512259495753324,-0.3,0.589036071991103,-0.21819244871547738,-3.552713678800501e-15,0.16458191720968074,-1.3560530314337669,-2.1968224096906226e-13,0.31926550351903593,-617.1798481452499,1.3584063158579283e-11,59.79631193982203,0.27330413855057234,1.3931296730017535,620.0698056494916
2.150883554338335,0.42331395263302396,-0.3,0.5903773234524881,-0.24944046528677433,0.0,0.16905234289391302,-6.372838094446566,2.1968224096902e-13,0.7864505447609531,-607.1673352028854,1.4911869245828995e-24,54.70473646009281,0.3013291229874796,6.421181342820349,609.6267555878279
2.1589695827381035,0.4210886295848127,-0.3,0.591769996082478,-0.3212543483531185,0.0,0.17730044008958146,-11.17519766315817,-2.1968224096903813e-13,1.2039536087553433,-423.3824014212487,1.3584063158580032e-11,12.122118527908142,0.36693296716395774,11.239864194139129,423.5559037374264
2.1670556111378714,0.4181186090643594,-0.30000000000000004,0.5932446362401995,-0.4301663966414111,-3.552713678800501e-15,0.1885227490387109,-13.219802338155212,4.3936448193800386e-13,0.9824901341250296,136.73311077804078,1.358406315857891e-11,-117.6555752313928,0.46966366232078094,13.256261189473713,180.38508243773902
2.1751416395376397,0.4141319541850759,-0.3,0.5948187966879368,-0.5350457426444066,7.105427357601002e-15,0.19318932634363506,-8.963942029278066,-7.239849843756358e-26,-0.6987790366689328,830.9160707308747,-5.4336252634315644e-11,-276.17477760009285,0.5688550452751668,8.99113723876717,875.6106579874966
2.1832276679374076,0.40946581892396405,-0.3,0.5963689049988931,-0.5751317762866499,-3.552713678800501e-15,0.17722205476737685,0.21781955335170977,-4.393644819381004e-13,-3.4838240558229057,1052.1819394759468,2.7168126317157072e-11,-301.773070727446,0.60181742812136,3.490626793249702,1094.6021286182652
2.191313696337176,0.40483089043175,-0.3,0.5976848418237652,-0.5315231524555486,0.0,0.1368487258332749,8.052004059373093,4.3936448193804e-13,-5.579070277043624,606.3393803419199,1.3584063158579281e-11,-126.36819363566212,0.5488573907295731,9.795958070977663,619.3677134918833
2.1993997247369443,0.4008699963121841,-0.3,0.598582030366013,-0.44491430928836806,3.552713678800501e-15,0.08699701335842036,10.023574452037128,-2.1968224096906226e-13,-5.5274576609536865,-30.891014306550233,-4.0752189475735983e-11,106.85240267885757,0.4533400742740827,11.446607925021587,111.2281022185141
2.2074857531367122,0.397635710951012,-0.3,0.5990917624651877,-0.369421337082823,-3.552713678800501e-15,0.047458366583299494,7.55243282141252,-2.1968224096906226e-13,-3.851047151754308,-373.79742257934635,4.0752189475735983e-11,232.2140682466274,0.372457273859453,8.477606129502835,440.05441324751166
2.2155717815364806,0.39489569346592013,-0.3,0.5993495297660113,-0.3227759367258045,0.0,0.024717660082558268,3.9785013025636218,4.3936448193804e-13,-1.7720785596178168,-430.7618995581971,-1.3584063158579281e-11,240.34011011883962,0.3237209725198191,4.355311129639029,493.27394279743004
2.223657809936249,0.3924157601687587,-0.3,0.5994914978679945,-0.30508078804073335,3.552713678800501e-15,0.01880021146391897,0.5861269146810315,-4.393644819381004e-13,0.03574676029447277,-369.19624306582284,-1.358406315857816e-11,150.51678778112952,0.3056595085755438,0.5872159662211645,398.6993469995502
2.231743838336017,0.3899619096332781,-0.3,0.5996535678536491,-0.3132970589698445,-7.105427357601002e-15,0.02529575872043921,-1.992161310472305,2.196822409689416e-13,0.66208748166242,-249.10783191288994,5.4336252634315644e-11,-23.767722552600045,0.31431659607535345,2.099301436267983,250.23911875579725
2.239829866735785,0.3873491023359707,-0.30000000000000004,0.5999005823148089,-0.33729813390753094,7.105427357601002e-15,0.029507527823625423,-3.442459092223494,4.3936448193797973e-13,-0.34862619882188395,-144.44326483936624,-5.4336252634315644e-11,-175.66758238565166,0.33858636318635854,3.4600671710441113,227.42681517067203
2.247915895135553,0.38450710505334795,-0.29999999999999993,0.6001307652696266,-0.36896870293936246,0.0,0.019657756031286056,-4.328105993765025,-6.590467229070903e-13,-2.1788186385155086,-96.51268518791633,-1.3584063158581522e-11,-224.54055841374586,0.36949199060458815,4.845591001395734,244.40368404534874
2.2560019235353215,0.3813821195147841,-0.3,0.6002184886618983,-0.4072925098731126,-3.552713678800501e-15,-0.005728450954336495,-5.003267718958227,2.1968224096902e-13,-3.9799088632885695,-15.66498947227592,5.433625263431266e-11,-167.4706378401608,0.4073327923812122,6.393149648463766,168.20168380178842
2.26408795193509,0.37792034744965414,-0.3,0.6000381244354197,-0.44988183267364334,3.552713678800501e-15,-0.044705556162796256,-4.581441093274815,2.1968224096898986e-13,-4.88716330592123,177.18919109325677,-1.3584063158580775e-11,-10.33135082099355,0.45209761127617226,6.698803450608927,177.49013000747144
2.2721739803348577,0.3741066049637065,-0.3,0.5994955078683787,-0.481383835457283,0.0,-0.08476393352630396,-2.1377540563343054,-2.4132832812521193e-26,-4.146988055581703,384.3721064608386,-4.0752189475736727e-11,158.69630473237194,0.48878964950826875,4.665565596850086,415.8442417069787
2.280260008734626,0.37013538072026037,-0.29999999999999993,0.5986673172878803,-0.48445371269611925,3.552713678800501e-15,-0.11177088254466128,1.6346464445673377,-4.393644819381004e-13,-2.3207176519127355,437.02339939002104,-1.3584063158578911e-11,212.56757467780258,0.4971801785367821,2.838626325995727,485.97780342193926
2.288346037134394,0.3662719920052387,-0.3,0.5976879428073321,-0.45494824030858183,-7.105427357601002e-15,-0.12229471120872404,4.92981318132756,-2.196822409690864e-13,-0.7093331641526017,254.30253888119907,6.792031579289417e-11,110.05631279731881,0.4710986072464027,4.98058345382925,277.0959640051891
2.2964320655341623,0.362777931937141,-0.3,0.59668956027193,-0.4047284939165863,0.0,-0.1232422587651314,5.747241547620231,6.5904672290706e-13,-0.5408807102070456,-75.04061595922408,1.4928025117167921e-24,-81.74296826111652,0.42307659842340584,5.772636949381648,110.96398922027659
2.3045180939339307,0.3597266998132287,-0.3,0.5956948619984792,-0.36200352355981025,3.552713678800501e-15,-0.13104186477596613,3.7162520777627677,-2.1968224096906226e-13,-2.031285089834104,-324.2396092866777,-4.075218947573486e-11,-226.84845972377656,0.38499158613362017,4.23516807478268,395.7164994152092
2.3126041223336986,0.35692359039249943,-0.3,0.5945703437916559,-0.3446290542336108,-3.552713678800501e-15,-0.1560923166139787,0.5036201695766991,-4.8265665625042386e-26,-4.209486885747236,-375.71599420407404,1.3584063158578911e-11,-247.82793286596205,0.3783305384552926,4.239506234985677,450.09020496937234
2.320690150733467,0.35415333917339226,-0.3,0.5931705281882268,-0.35385894957202524,3.552713678800501e-15,-0.19911792578917442,-2.3598483209997347,-4.8265665625042386e-26,-6.039172496654082,-235.13672859039198,0.0,-116.60043338103918,0.4060346100553502,6.4838637048035155,262.4594105701638
2.328776179133235,0.35120096336099643,-0.3,0.5913501973859876,-0.38279265531910767,-3.552713678800501e-15,-0.2537581572520651,-3.299024360844367,-4.8265665625042386e-26,-6.095155717236043,53.01420796143249,2.7168126317158565e-11,149.0005695964325,0.45926399743308527,6.930691520389564,158.1508014075153
2.336862207533003,0.3479627946091264,-0.3,0.5890667368558007,-0.4072109589186539,3.552713678800501e-15,-0.2976891302503333,-1.5024995386648712,4.3936448193804e-13,-3.6295268219771817,307.3793126207128,-5.4336252634314145e-11,382.8628391539194,0.5044200465213982,3.9282273120505553,490.98472016161753
2.3449482359327716,0.34461552460397016,-0.29999999999999993,0.5865359518629746,-0.40709116319967364,3.552713678800501e-15,-0.312455071172522,1.6719313418603505,-8.787289638761525e-13,0.0965238639930277,358.5054227193285,-4.075218947573449e-11,413.12934309448576,0.5131777339837428,1.6747152797461118,546.9935943362095
2.3530342643325395,0.34137929319527194,-0.3,0.5840136956974956,-0.38017239029316485,-1.0658141036401503e-14,-0.29612814083932903,4.295270520493897,-2.1968224096911053e-13,3.0516243801019876,197.38202679815993,8.150437895147347e-11,201.76864771407568,0.48189513603913453,5.268942987113901,282.2591924159713
2.361120292732308,0.33846735511453363,-0.30000000000000004,0.5817469507493799,-0.33762780437287176,0.0,-0.26310402836666213,4.864004690447668,4.393644819380039e-13,3.3595378951905364,-59.2772178342604,1.3584063158578911e-11,-128.91535880423245,0.4280376899624746,5.911432694188286,141.89065610460173
2.3692063211320757,0.33591915716585113,-0.30000000000000004,0.5797587624065631,-0.301511430166034,-3.552713678800501e-15,-0.24179750317811255,3.3366359867598696,-2.4130143498586612e-26,0.9667978751874919,-236.23310521344922,1.3584063158577034e-11,-356.9082444660934,0.38649084732233513,3.4738793645732806,428.00651276196396
2.377292349531844,0.33359129514017916,-0.30000000000000004,0.5778365877939974,-0.2836675376756155,0.0,-0.24746891821546058,1.0436294950049003,6.5904672290706e-13,-2.412402506537953,-280.4633091464019,1.358406315857779e-11,-409.7667712361826,0.3764414129896936,2.6284688273583883,496.556617705047
2.3853783779316124,0.3313316696343764,-0.30000000000000004,0.5757566810050627,-0.28463379469514294,7.105427357601002e-15,-0.28081101353718907,-1.1990325789417646,2.1968224096898986e-13,-5.659973623806817,-233.7990640836526,-2.7168126317157438e-11,-310.7308175865683,0.39983899560490616,5.785583855372992,388.86455658032025
2.3934644063313804,0.32898818124530177,-0.3,0.5732952961331386,-0.3030583606467552,3.552713678800501e-15,-0.3390023331435401,-2.737382249034386,2.1968224096898991e-13,-7.437558937914357,-105.51548612394792,0.0,-42.987359786120635,0.4547163421680185,7.925310374507632,113.93608257858627
2.4015504347311487,0.3264305926124227,-0.29999999999999993,0.57027431601829,-0.3289028959085698,1.0658141036401503e-14,-0.40109163913103885,-2.905435013768855,2.1968224096898986e-13,-6.355167647929903,38.73603071627522,-8.150437895147345e-11,258.08313205693,0.5187018584098836,6.987825731408084,260.9739127345241
2.4096364631309166,0.3236691449311364,-0.2999999999999998,0.5668088193632924,-0.3500452207167868,7.105427357601002e-15,-0.44177846531643894,-2.110940960102255,-1.098411204845094e-12,-3.2638238672875772,112.09479893142903,-1.7659282106151835e-10,399.64031600974846,0.5636487106026341,3.8869805728500197,415.0634001304489
2.417722491530685,0.3207696414205846,-0.29999999999999977,0.5631298495843806,-0.36304115301581064,-7.105427357601002e-15,-0.45387438409649405,-1.0926315585171764,-2.63618689162824e-12,0.10783824196438374,131.29781541904336,-9.508844211004901e-11,331.65469698303673,0.5812063620797876,1.0979402575266302,356.6986884819218
2.4258085199304533,0.31779802278399544,-0.29999999999999993,0.5594687370438293,-0.36771532034209287,-3.552713678800501e-14,-0.4400344991422287,0.012414768509600549,-2.6361868916282643e-12,2.0997147301552275,146.9964144256208,2.3092907369583997e-10,80.79194714700716,0.5734500128604411,2.099751431600414,167.73575819661608
2.4338945483302212,0.3148229283739526,-0.3000000000000004,0.556013586670497,-0.3628403806743208,-4.973799150320701e-14,-0.41991767821760106,1.284602804902125,1.0984112048449738e-12,1.4144102001710621,164.556232859716,5.433625263431565e-10,-200.6015237384192,0.5549630603270336,1.9106963601552056,259.46044997100546
2.4419805767299896,0.31193014753856496,-0.3000000000000007,0.5526778045005649,-0.3469406508163715,-1.7763568394002505e-14,-0.41716057704721976,2.673627513034649,6.151102747132851e-12,-1.1444245058161115,161.13721440606182,5.976987789774721e-10,-321.64336487098956,0.5425778858664042,2.908262630500948,359.7494350684621
2.4500666051297575,0.3092121844628821,-0.3000000000000007,0.549267242123962,-0.3196023246727222,4.973799150320701e-14,-0.43842537632843914,3.890522988796018,1.0764429807482144e-11,-3.787224565716542,89.67908162822377,1.6300875790294685e-10,-225.73970930554228,0.5425518007941192,5.429478707713766,242.90070818964764
2.458152633529526,0.3067615205906939,-0.2999999999999999,0.5455875644122234,-0.2840228920616603,1.5631940186722204e-13,-0.4784077878365878,4.123922714856478,8.7872896387608e-12,-4.795099906616056,-62.82720043862449,-9.5088442110052e-10,27.86078954218266,0.556365899995468,6.324533316580641,68.72758331899131
2.466238661929294,0.30461895012009227,-0.29999999999999816,0.5415304042057281,-0.2529100122911636,1.9184653865522705e-13,-0.5159720043776872,2.8744779347467055,-4.613327060350042e-12,-3.3366582947604257,-204.35694911986408,-1.9425210316767545e-09,263.2578369327412,0.5746221224584419,4.404079015337854,333.2663369740252
2.474324690329062,0.30267144550674974,-0.2999999999999968,0.5372432358504569,-0.23753667163192205,8.171241461241152e-14,-0.5323684153000983,0.8190505263101393,-2.262727081980919e-11,-0.5376792148167837,-253.9638816469834,-2.1326979158968886e-09,346.00082821115507,0.5829578029146788,0.9797666572684076,429.20184797366403
2.4824107187288305,0.300777493574488,-0.2999999999999968,0.5329209119552157,-0.23966428065798695,-1.7408297026122455e-13,-0.5246673831796329,-1.232640384279014,-3.9103438892487045e-11,2.258886751756961,-205.7035550043753,-7.199553474046822e-10,267.5884723385278,0.5768143812318431,2.573319194001908,337.51673005927444
2.4904967471285984,0.2987955811471288,-0.29999999999999966,0.5287582851288117,-0.2574710019398836,-5.506706202140776e-13,-0.49583757044696597,-2.507599049087192,-3.427042959116874e-11,3.789776758743095,-72.0970551013469,3.0156620212043934e-09,49.878269252905,0.5587004681461055,4.5442778163413715,87.66884907395522
2.4985827755283667,0.2966136579068827,-0.3000000000000057,0.5249021986026035,-0.28021731491028845,-7.283063041541027e-13,-0.4633788981796769,-2.3985980544572154,9.666018602636877e-12,3.06552095517738,68.41307895398548,6.90070408455806e-09,-179.0813236036924,0.5415180023357886,3.892388900595311,191.70412054938893
2.506668803928135,0.29426389081418597,-0.3000000000000114,0.5212644952677432,-0.2962612659158239,-3.943512183468556e-13,-0.4462617914396674,-1.4012188504121497,7.732814882109915e-11,0.8936634216879682,133.6442107015665,8.136853831988677e-09,-277.745201112157,0.535649441501611,1.6619412077487559,308.2258454362276
2.514754832327903,0.2918225038869895,-0.3000000000000121,0.5176852275639783,-0.3028779057477351,5.222489107836736e-13,-0.4489265225644701,-0.23729628806229996,1.4125568094308224e-10,-1.426190213007036,142.85682160816341,3.178670779107383e-09,-217.85915800891146,0.5415441334295494,1.445796684186681,260.52002650149274
2.5228408607276713,0.289365732119109,-0.30000000000000293,0.5140044300460123,-0.30009883496468603,1.8900436771218665e-12,-0.46932622057136086,0.909069782836287,1.2873379320784571e-10,-2.6295672559312315,139.61400806144545,-1.0921586779497469e-08,-11.956451569412707,0.557069485848004,2.7822709831236283,140.1250440896026
2.5309268891274397,0.2869692884824658,-0.2999999999999815,0.5100952572673864,-0.28817637758496417,2.604139126560767e-12,-0.49145203358559186,2.0205493803183714,-3.536884079601999e-11,-1.619550626908488,135.91213478007023,-2.6937197243461623e-08,222.91116595982822,0.5697110898634549,2.589510384498319,261.07756757340536
2.5390129175272076,0.28470532737252036,-0.29999999999996085,0.5060566398446185,-0.26742239561991,1.3180567748349858e-12,-0.4955176852994505,3.107048546245812,-3.0689609063372126e-10,0.9753647812218773,128.12669664031017,-3.254741532795507e-08,328.7634527753438,0.5630741639638751,3.256545274547279,352.84820854401937
2.547098945926976,0.28264451831103254,-0.2999999999999602,0.5020817171155489,-0.2379290120161599,-2.3590018827235326e-12,-0.47567837894340315,4.092621595922413,-5.617274901578055e-10,3.6972306049860357,85.5076198108622,-1.55265841902557e-08,246.6482533430354,0.5318647713030162,5.515348191533869,261.0496388101105
2.555184974326744,0.28085752587593743,-0.29999999999999905,0.49836394208203444,-0.2012362867116444,-7.766232101857895e-12,-0.4357258619546336,4.48988263062026,-5.579928920613323e-10,4.964174343791935,-12.388369387131604,2.7575648211914255e-08,4.416766268199723,0.47995111195370677,6.693435063725321,13.152167895063018
2.563271002726512,0.27939011365220406,-0.30000000000008575,0.49503513372699176,-0.16531837509051783,-1.1382894626876805e-11,-0.3953974694927993,3.89227618254003,-1.1577254099067353e-10,3.768658799945502,-111.35948877351782,7.118049095095319e-08,-240.55289639177212,0.42856659228628435,5.417804262944082,265.0785387434635
2.5713570311262806,0.27818398772396646,-0.3000000000001831,0.49196955174700385,-0.13829017520812315,-9.638512210585759e-12,-0.3747788977838411,2.6889706530075594,5.931420506163911e-10,1.0739392400511285,-155.23846615427215,9.053778095192712e-08,-349.1605220655654,0.39947890405272246,2.8954979993185104,382.1152333302472
2.5794430595260485,0.27715367708392047,-0.3000000000002417,0.4889741881047639,-0.12183218895779291,-1.7905676941154525e-12,-0.3780296631034403,1.3817508904202596,1.3484095950678613e-09,-1.8779849950545398,-160.00244493110338,8.670707514120917e-08,-358.09452448069976,0.39717692336331417,2.3315366531168196,392.2148274185835
2.587529087925817,0.2762137106441292,-0.30000000000021204,0.48585603456338544,-0.11594442132543747,1.2168044349891716e-11,-0.40514977779254124,0.10140202551708466,1.9953737947216785e-09,-4.7171857494536695,-143.93601473226343,2.259029703271671e-08,-290.6960952225983,0.4214136344280238,4.718275507601029,324.37909321451696
2.5956151163255847,0.27527861731665615,-0.30000000000004495,0.4824220828859834,-0.12019230964154204,3.04787306504295e-11,-0.4543162589775669,-0.9459905153288055,1.7137411617994025e-09,-6.579138758397853,-101.17233695895318,-1.4787611154428405e-07,-111.30320747702467,0.4699462250814873,6.646801099577519,150.41358236678482
2.603701144725353,0.2742699537857387,-0.2999999999997191,0.47850880621824743,-0.13124303367115786,3.9882763758214423e-11,-0.5115479834853822,-1.5347627543249027,-3.9608708046714306e-10,-6.517187542742576,-52.65058654726225,-3.4142184342772105e-07,92.24469527738393,0.5281155870594709,6.695463402882729,106.2128432468888
2.6117871731251214,0.2731561475215827,-0.29999999999939997,0.47414929984136933,-0.14501258007829776,2.4073187887552194e-11,-0.5597125860920329,-1.7974587915000537,-3.80775228271623e-09,-5.087352306916046,-26.64931605552698,-4.219074176422978e-07,194.47893112676064,0.5781927251451683,5.395554800187358,196.29630841774554
2.6198732015248893,0.27192480210406517,-0.2999999999993298,0.46945710248455175,-0.16031163934212245,-2.169642243643466e-11,-0.593820933952081,-1.9657370072436837,-7.219197802724049e-09,-3.372063222247519,-5.476245795621892,-2.0445373459977122e-07,194.40770620178188,0.6150797698740225,3.9031951471175095,194.4848207409833
2.6279592299246577,0.2705635785845151,-0.2999999999997508,0.4645459939687426,-0.17680259061239312,-9.267608902518987e-11,-0.6142457840538462,-1.8860209495550588,-7.114189691540849e-09,-1.9433798399532876,44.013402393679755,4.978287466355999e-07,137.0506960527411,0.6391846675845547,2.7080990056675236,143.9446868724539
2.6360452583244256,0.2690655405663764,-0.30000000000082855,0.4595234847759573,-0.1908124772634423,-1.3674750221071008e-10,-0.6252493831068797,-1.2539497637922796,8.317169643083878e-10,-1.1556715812665743,105.71192614987034,1.3737291391007152e-06,65.45324564271976,0.6537172114568695,1.7052761693819267,124.33478473654047
2.644131286724194,0.26747774836415045,-0.30000000000196225,0.4544344254312631,-0.1970815374162065,-7.922551503725117e-11,-0.632935370507699,-0.17644167547094902,1.510183597317431e-08,-0.8848662337052531,137.03252875317483,1.719606555244497e-06,28.43291187371495,0.6629089798984878,0.9022859393754928,139.95122155275433
2.6522173151239623,0.2658783267491415,-0.3000000000021098,0.44928761801367095,-0.1936659020609639,1.0748024692475155e-10,-0.6395594900983532,0.9621480745882103,2.8641291848578046e-08,-0.6958529154686346,115.10541823270668,6.289421242422024e-07,48.55514255322403,0.6682385973557292,1.1874090269995423,124.92741562559529
2.66030334352373,0.26434577239588714,-0.3000000000002241,0.4440914330307101,-0.18152162410440198,3.8396308355004294e-10,-0.6441887433807807,1.6850496861227828,2.5273123730041127e-08,-0.09962971042495639,43.46123902256864,-2.2809815493359364e-06,118.766410464827,0.6692751580000629,1.6879924537455284,126.46872954243123
2.6683893719234986,0.2629427487337811,-0.2999999999959003,0.43886976106609504,-0.16641518282694534,5.161986393886764e-10,-0.6411707074342665,1.6650057006393713,-8.246871325978591e-09,1.2248442204456254,-31.958165592496215,-5.341769828353254e-06,192.6940794258116,0.6624151939283122,2.066999600271044,195.32622095816635
2.6764754003232665,0.2616544966069046,-0.2999999999918761,0.4337223839318843,-0.1545950573421102,2.5059421204787213e-10,-0.624380493077151,1.168220416951975,-6.111428134413568e-08,3.016629886983594,-66.26863656524435,-6.2277903478713095e-06,210.21958397104936,0.6432345076951924,3.2349335105417705,220.41734432021804
2.684561428723035,0.26044262868551693,-0.2999999999918477,0.4287722442675289,-0.14752265588962032,-4.721449897715502e-10,-0.5923855975587884,0.59330554607841,-1.0896305056735682e-07,4.624527272800307,-66.18978215733947,-2.437239027849004e-06,89.68057310595469,0.6104781979692724,4.662431122052235,111.46161875124793
2.692647457122803,0.25926875183663917,-0.29999999999951166,0.42414229040093604,-0.14500008635145,-1.5115624307782127e-09,-0.5495923753504179,0.09779550035452012,-1.005294493365574e-07,4.466949209068098,-52.78086226859718,7.065533106924163e-06,-208.40095858873923,0.5683984553860457,4.468019605628841,214.98088045805858
2.700733485522571,0.25809767905310366,-0.3000000000162928,0.4198842051567699,-0.14594110150314776,-2.097912954468484e-09,-0.5201458412290947,-0.26026955645785144,5.301152156819294e-09,1.2542551334255805,-38.98607424928945,1.6840747212406093e-05,-515.0303824227431,0.5402318958150052,1.2809746998841107,516.5038323225573
2.7088195139223394,0.2569085840537434,-0.3000000000334392,0.4157304623125365,-0.14920918040167663,-1.4258318969950778e-09,-0.5293084900915517,-0.5326895067959221,1.7182007112910921e-07,-3.8621513889594894,-31.959285275651233,2.0943650480696948e-05,-649.5276823739613,0.5499371393160661,3.8987140779867695,650.3134675565473
2.7169055423221073,0.2556846597126355,-0.30000000003935146,0.41132419819053256,-0.15455578646356827,6.80770995131752e-10,-0.582604772859753,-0.7771169332082675,3.4400305732028495e-07,-9.249943438797253,-7.42911082725837,1.1851918513038632e-05,-539.4580723120903,0.6027568435848211,9.282530061832684,539.509224638801
2.7249915707218757,0.25440909909635756,-0.30000000002242966,0.4063085448341676,-0.16177675958540227,4.137405085202772e-09,-0.678899100776281,-0.652833509064374,3.634899705054369e-07,-12.586297975358839,81.86792564933985,-2.5129389366129077e-05,-42.62254266579782,0.6979080949357129,12.603217379505896,92.29863700740236
2.733077599121644,0.25306839676777537,-0.29999999997244114,0.40034500337162415,-0.16511344705279818,6.5591514442076004e-09,-0.7861510986131499,0.5468558104531045,-6.239085484642816e-08,-9.939237619729212,216.9645444981074,-8.093785559744409e-05,709.6126449247074,0.8033031807781665,9.954270226333357,742.0402410963416
2.741163627521412,0.2517388750522525,-0.29999999991635473,0.393594864614378,-0.15293297635759906,3.128416636855036e-09,-0.8396370161066322,2.85592942804447,-9.454416274490676e-07,-1.1104019759676547,286.712264305406,-9.840019595592444e-05,1144.625120356296,0.8534511199090684,3.0642006210762665,1179.987537499362
2.7492496559211803,0.25059515598759813,-0.29999999992184817,0.3867663458561546,-0.1189271941269947,-8.730584255545182e-09,-0.8041085824388112,5.183582833923784,-1.6537244129311268e-06,8.57170484084888,200.40977515584808,-1.0487195607812401e-05,878.8690708925093,0.8128556390003544,10.01716800671648,901.429377017124
2.757335684320948,0.24981557771382126,-0.30000000005754623,0.3805907749461829,-0.06910378034228337,-2.3615708499846733e-08,-0.701014918551568,6.096967695047213,-1.1150411504865255e-06,13.102718557861948,3.8851085439901,0.0001621092484087059,160.28513660459646,0.7044126975640462,14.45179050086841,160.3322147441961
2.7654217127207166,0.24947760572684008,-0.3000000003037627,0.3754294927760164,-0.02032668625775358,-2.6763093075032884e-08,-0.5922106736927297,5.2464130299694585,9.679155600646828e-07,11.163845174139489,-153.74094692779516,0.0003000939885234503,-417.8640165633788,0.5925594115443773,12.335164723391083,445.24893610296806
2.773507741120485,0.24948685338911453,-0.30000000049036046,0.37101351029393215,0.015741509172212176,-7.962523085325302e-09,-0.5204725802941503,3.610660368916351,3.738095877114229e-06,6.34499794751644,-201.4468067630175,0.0003050531632129403,-588.1990664698119,0.5207105740707304,7.300401855628563,621.738657114923
2.781593769520253,0.2497321783072835,-0.3000000004325331,0.36701238064489816,0.038065118312196944,3.368960577176949e-08,-0.4895990064925506,1.9886038289127332,5.901252642422591e-06,1.6514564617554797,-175.55607443727197,5.396002842107564e-05,-464.4168271862468,0.4910765117480323,2.584928167952668,496.4906088191076
2.789679797920021,0.25010244464454046,-0.29999999994553017,0.3630956873519381,0.047901323245163496,8.747286983634694e-08,-0.4937651325926815,0.7715575616131956,4.610740521644266e-06,-1.1655773603998547,-111.7523946832423,-0.0004901169245557799,-168.79940191642316,0.49608320162339065,1.39780959146103,202.43970906178842
2.797765826319789,0.2505068412275772,-0.29999999901791696,0.35902718287497876,0.05054279102271764,1.0825476337572582e-07,-0.5084487897691901,0.18133775461111057,-2.0249460999072162e-06,-1.0783770537648252,-51.378183062918836,-0.0010049494543297782,110.92849247321571,0.5109547392305231,1.093517467321855,122.24912326162915
2.8058518547195574,0.25091982553176695,-0.299999998194828,0.3548730246441353,0.05083392771263462,5.4725326492643944e-08,-0.5112047075574822,-0.05933333313728051,-1.1641359134440042e-05,0.6283645205640092,-26.01012429119739,-0.0011633912094466561,221.93590904150568,0.5137259398119072,0.6311595798689408,223.45485962286992
2.813937883119326,0.2513289303938895,-0.2999999981328959,0.3507599513081686,0.0495832489891157,-8.0009957770244e-08,-0.49828684305181525,-0.239299452789143,-2.0839374819160242e-05,2.5107830731112166,-15.966302944552918,-0.0006414205669162454,199.93407152961075,0.5007477174574713,2.5221609521918436,200.57057558010888
2.8220239115190937,0.2517216886507245,-0.29999999948875355,0.3468147015158397,0.046963963370030726,-2.8229022674963744e-07,-0.4706001810878142,-0.3175412912351989,-2.201444897500075e-05,3.8617096815034486,3.1709023755669623,0.0008679207741642102,99.9454518930076,0.47293778057518815,3.874743105851202,99.99573979288397
2.830109939918862,0.252088434277041,-0.30000000269810945,0.34314937844974447,0.044447953191061984,-4.3602887700444626e-07,-0.435835054739222,-0.18801943946567823,-6.803310761878252e-06,4.127106597980195,25.50210823532348,0.002629171013781441,-16.731273438103415,0.4380956693264676,4.131387198115777,30.500705601990237
2.8381959683186304,0.2524405034743535,-0.30000000654023734,0.3397663522553678,0.04392330231557473,-3.923137548156319e-07,-0.4038563787675358,0.09488025165438518,2.0504653995568213e-05,3.5911305771338604,37.26237995590863,0.0035566973394313564,-78.17667867012366,0.40623789970617785,3.5923837607639046,86.60299105989564
2.8462819967183983,0.2527987644169116,-0.3000000090426298,0.3366181901534609,0.045982362009970856,-1.0442644793329237e-07,-0.3777590870712615,0.4145898856671755,5.071580063016498e-05,2.8628289101278703,39.033558687133876,0.0034395332053532767,-87.78583183527513,0.3805473761319868,2.8926932337414457,96.0727379989949
2.8543680251181667,0.25318413284455554,-0.3000000082290277,0.3336572108427104,0.05062807349509768,4.2786505360936644e-07,-0.35755854702559375,0.7261331798307458,7.612898035643216e-05,2.1714531184992545,33.575099209650915,0.0002874176939695076,-63.0283482759028,0.3611250702693761,2.2896458342911616,71.41330389646603
2.8624540535179346,0.25361752449712544,-0.30000000212317185,0.33083573302180336,0.05772542903822142,1.1267357464816996e-06,-0.3426422239013611,0.9575682971357193,5.536393590223412e-05,1.8435308818289968,18.463492371426632,-0.008423642638169894,5.533531944117186,0.3474707451843777,2.077388543099669,19.274869578911552
2.870540081917703,0.25411767176173927,-0.2999999900073932,0.3281159813358582,0.06611392238581182,1.3232137696661539e-06,-0.32774486089295607,1.0247258271792528,-6.0098646847052056e-05,2.260941711401607,0.5120115178895261,-0.018387104351302034,85.23947299725458,0.33434674303293455,2.482321584093342,85.24101272703035
2.8786261103174713,0.25468672260518893,-0.2999999807240836,0.32553542451568623,0.07429735331931653,1.5481701609587617e-07,-0.30607814612413264,0.9658485764850457,-0.00024199336004603086,3.222028480703173,-14.902632753955018,-0.018412627026464616,115.08252360976547,0.3149665509940146,3.3636782042462645,116.0434230898775
2.886712138717239,0.25531921277967445,-0.2999999875036837,0.3231660681716419,0.08173368042447926,-2.590316594108799e-06,-0.2756380332933013,0.7837196038196694,-0.00035786869694771786,4.12206281985271,-38.22416132056678,-0.00046202516344821636,78.82979283823602,0.28750081725142923,4.195904960350429,87.60834861925767
2.8947981671170075,0.25600852432744875,-0.3000000226148307,0.3210777905851545,0.08697171126719816,-5.632655877718662e-06,-0.23941591207021773,0.3476852684941889,-0.00024946525723211813,4.496868367978774,-69.1345585282373,0.026854990093002996,14.828097955866212,0.2547234923301852,4.510289372877185,70.70686241853421
2.9028841955167755,0.25672572423424045,-0.3000000785953145,0.31929422044292954,0.08735646633492955,-6.62468290357765e-06,-0.20291442262631065,-0.3343284035098346,7.643172818729818e-05,4.361863662224094,-89.58643296166278,0.044938422467880434,-27.559914947949153,0.2209194766519718,4.37465771176057,93.72982397398656
2.910970223916544,0.257421258062824,-0.3000001297495789,0.31779624701699677,0.0815649333359385,-4.3965976281867825e-06,-0.16887560517289657,-1.1011116138296737,0.00047728146340000476,4.0511678580501425,-95.0101743036435,0.04973273757086549,-38.80348326834448,0.18754148445594168,4.198143402506251,102.62868024246728
2.919056252316312,0.2580447969689997,-0.3000001496973411,0.3165631545640173,0.06954922677344655,1.0939400318932258e-06,-0.1373987059214663,-1.87083833888224,0.0008807123849797881,3.734331526788554,-88.08876129419377,0.034897355409447176,-40.65861082855932,0.1539983744552993,4.176753382455432,97.01934713591463
2.92714228071608,0.25854601210856804,-0.30000011205831856,0.315574227340652,0.05130962945678519,9.846333085761216e-06,-0.10848378361337296,-2.525688064880173,0.0010416434772352017,3.393634494340442,-42.78479679497373,-0.06073713839601167,-50.068539433831546,0.12000587268553152,4.230349437963322,65.85894902611429
2.9352283091158484,0.2588745792109379,-0.2999999904618832,0.31480874865359326,0.028703655930293337,1.7939457510607326e-05,-0.08251665612212733,-2.5627565028071384,-0.00010153206700187886,2.9246202631948024,54.85185910424286,-0.2618917753536353,-70.43052082849107,0.08736646223332048,3.888589022624874,89.27067434866963
2.9433143375156163,0.2590102092626271,-0.29999982194039276,0.3142397632909371,0.009864585730007036,8.20435073123349e-06,-0.06118665859991168,-1.63862068388625,-0.0031936851891150716,2.254628111081174,135.74922019179584,-0.3409609492869457,-88.75593626455864,0.06197674813636301,2.787191393600804,162.18996041447204
2.9514003659153847,0.2590341098516675,-0.29999985778065713,0.31381923453534166,0.0022037891575905633,-3.370900076760108e-05,-0.046054682247891776,-0.36741240337264236,-0.00561557190529413,1.4892542206283346,130.27032776718127,-0.023403545294344963,-92.69828268184074,0.046107391814134584,1.5339170585332158,159.88536661138576
2.959486394315153,0.2590458490660579,-0.3000003670842678,0.31349496435373964,0.003922771473810371,-8.261099708306574e-05,-0.03710235475496049,0.4681184560588689,-0.0035721686529257483,0.7555062183309356,74.18090183721651,0.5139270161782126,-88.00356840706752,0.03730924401506306,0.8887841668417229,115.09864625936363
2.967572422714921,0.2590975491347536,-0.30000119377039425,0.31321921314684786,0.009774227417885584,-9.14783151202414e-05,-0.03383659277264073,0.8322453545796726,0.0026956849911558816,0.06605551378736152,35.70574497967293,0.8587191794285314,-84.38810137499391,0.03522014906783057,0.8348670120676279,91.63508758580856
2.9756584511146893,0.2592039184270315,-0.30000184647677586,0.31294775705351774,0.017381890619223128,-3.9016226292432066e-05,-0.03603410123406903,1.0455537919398878,0.010315086691643703,-0.6092229503104889,25.55116967443199,0.91090426147831,-81.1247487034637,0.040007350518519544,1.210141204999793,85.05831452894729
2.983744479514457,0.259378650057131,-0.30000182474302195,0.3126364676149702,0.026682982728107874,7.533785274915772e-05,-0.04368898092864271,1.2454603218491758,0.01742688044672277,-1.2458985300931609,17.758935364460598,0.48277445635905836,-50.767995989097884,0.05119291257238512,1.7617429598982526,53.786636567123814
2.9918305079142256,0.2596354371392915,-0.30000062810874206,0.31224121637242586,0.03752354568573679,0.00024281227413069928,-0.05618284302919463,1.3327523033532316,0.01812254262124728,-1.430245865044784,-4.65119443127648,-0.794026308360289,39.24466063940027,0.06756172947366851,1.955034619417801,39.527300389953254
2.999916536313994,0.25998548296928076,-0.29999789796913306,0.3117278754863426,0.04823632867764971,0.0003684166413719936,-0.06681899829544946,1.1702409413208836,0.00458584188759373,-0.6112316491542371,-32.49286483078882,-2.380285129042373,151.0736745932723,0.08241151417324626,1.3202609664824656,154.54677989955462
3.008002564713762,0.26041551778646754,-0.2999946700538919,0.3111606157367037,0.056448748657921044,0.00031697476961056736,-0.06606771597699179,0.8072758477300717,-0.020371563684716838,1.0129261813922295,-48.24917504435819,-3.2779624903907916,214.3594779896066,0.08689939466110319,1.2954260858440014,219.7469311151493
3.01608859311353,0.2608983753388394,-0.2999927718351549,0.31065942463094703,0.061291639540034026,3.896655636737023e-05,-0.05043789855623615,0.38995254197275253,-0.04842555369375565,2.8554020044126354,-56.37719920463469,-2.9529616576269664,215.27037522307094,0.07937662254509917,2.8823130687080565,222.54986637019633
3.024174621513298,0.26140672966244566,-0.29999403988452905,0.31034493117640305,0.06275508331582813,-0.0004661660352738295,-0.019889992576121784,-0.10445942000604669,-0.06812702733871334,4.494290916757227,-87.70872983444208,0.47686164984450397,131.11334031114308,0.06583334715345372,4.496020897052028,157.74586109863503
3.0322606499130664,0.2619132541106826,-0.3000003106987553,0.3103377625412637,0.059602315866449374,-0.0010627875993378666,0.02224402942320225,-1.0284780187250488,-0.04071372000694718,4.975774391101305,-157.08390416977224,8.085208133489468,-55.79067180349821,0.06362674295534541,5.081117537819507,166.8931472531622
3.040346678312835,0.26237062170002184,-0.30001122734595137,0.3107046628836856,0.046122478379931664,-0.0011245906277466133,0.06057851349844867,-2.6448292405325837,0.06262741783215447,3.5920410034667434,-222.89604051863694,15.31630590099601,-237.3062624097626,0.07614659554877688,4.461143628670439,325.9317356199452
3.0484327067126027,0.2626591494507783,-0.30001849764226346,0.31131744170239206,0.01682998716348294,-4.9973440948036796e-05,0.08033472055753066,-4.633165446384161,0.20698244898303042,1.138044036525026,-200.24617961160402,13.209318932470389,-293.80815358268813,0.08207873227776084,4.775375170269382,355.8036673045557
3.056518735112371,0.26264279720836514,-0.30001203551927685,0.3120038405475169,-0.028805336380642643,0.0022227412937141366,0.07898302629750376,-5.883221831101543,0.27624927389125115,-1.159441144439353,-13.196575336490525,-5.902860861242755,-226.74473849224492,0.08410116780385946,6.0027424184862435,227.20512714477945
3.064604763512139,0.2621933079147008,-0.29998255134381085,0.31259475968987455,-0.07831381045336272,0.00441754550725193,0.061584172513938995,-4.84658121228537,0.11152104785526593,-2.5288847533676053,272.05026699883393,-35.091839243948286,-110.97910466748607,0.09972551288542197,5.467818988153082,295.9039483150855
3.0726907919119073,0.26137630181752525,-0.299940594722419,0.31299978328336475,-0.10718452302928583,0.0040262660139731565,0.038085758426561256,-1.4836094608672683,-0.29125794356208917,-2.9542015286835652,467.0758671020383,-54.837636765811915,-30.60582905799268,0.11382116582585666,3.3186194259268715,471.2788440058679
3.0807768203116757,0.26045991372023997,-0.2999174383411428,0.31321068473840236,-0.10230682692283821,-0.0002926944993504321,0.013808657594790219,2.7069962401816507,-0.7753163286738067,-3.023843959290374,471.33817665976414,-46.431799723365884,22.402484123097537,0.10323493366908161,4.13189742660714,474.1491960315734
3.0888628487114436,0.25972179000154877,-0.2999453281944874,0.3132230976783131,-0.06340682607693893,-0.008512193690947356,-0.010816017836017267,6.138898303864334,-1.042155645993066,-2.5919072829941503,268.9301837114299,10.209667565896822,148.62570818958997,0.06488350542635955,6.74463817704862,307.43663112538604
3.096948877111212,0.2594344949274454,-0.3000550980210015,0.31303576748361345,-0.0030282148661662234,-0.01714649480030772,-0.028107814204922477,7.056150446272478,-0.6102050048937019,-0.6202605645769391,-58.93103146499635,101.31822426083644,349.3738127898265,0.033063901593597386,7.109594393240583,368.51093620162516
3.10503490551098,0.2596728175387319,-0.30022262228231095,0.31276853651048026,0.05070563972625308,-0.01838046368945001,-0.0208469069168693,5.185862315757308,0.5963684315812909,3.0581858617133775,-300.19899935591246,168.363593806766,497.1012200367656,0.05782297876699521,6.049902811530287,604.628284068701
3.113120933910748,0.2602545094131552,-0.3003523479237891,0.3126986301208592,0.08083784505883429,-0.007501990651324064,0.021349341254246923,2.201315177524651,2.112580597123386,7.418888600976444,-366.8688720047531,175.71210235472122,486.2700807819737,0.08394540743530252,8.021763731489528,633.976421977713
3.1212069623105165,0.2609801317605755,-0.30034394490123373,0.31311379926987665,0.08630543381086397,0.01578430972082856,0.09913178092755714,-0.7471619202855209,3.43799453122785,10.922173228034758,-302.1439129659591,35.56932985670298,-117.82716811424103,0.13238157850892113,11.47483879429583,326.25046040528065
3.1292929907102844,0.2616502457908531,-0.30009708317044237,0.3143017949126588,0.06875470004552753,0.04809745218418726,0.19798334707239817,-2.684973344595035,2.687809819887542,5.513380945704919,-109.78076223910591,-359.4858358136492,-1814.0905703058315,0.21503018253945264,6.695578611407069,1852.621515361671
3.137379019110053,0.26209203667494685,-0.29956611017259804,0.31631559720409386,0.04288389237683177,0.05925172279440005,0.1882944907389721,-2.5225426427126116,-2.375630824179488,-18.415402514455295,116.61810041281116,-816.2465855894746,-3767.9080281695597,0.20200151019767393,18.738566993409652,3857.070025106491
3.145465047509821,0.2623437665341565,-0.29913886094394093,0.3173469041119293,0.027959997148325755,0.009678615560826387,-0.0998315883777039,-0.7990188008649779,-10.512576324693342,-55.42144170128355,210.47642258616472,-791.7750384518826,-3466.8109200598356,0.10412388332041769,56.41532497713197,3562.3006598862867
3.153551075909589,0.26254420733694445,-0.29940958705200743,0.31470111508646187,0.029962114945345064,-0.11075825863799693,-0.7079842123663553,0.881294018314043,-15.180261718478528,-74.4808656269165,132.7061110971279,165.47529425046287,1363.0520902791022,0.717221559316595,76.01721100858023,1379.4578593578096
3.1616371043093574,0.26282831555888686,-0.3009300497936524,0.30589734321636525,0.04221233406959257,-0.23581743918223452,-1.3043403777748246,1.3471119654432768,-7.83650046715422,-33.378085876559986,-17.998592366609927,1654.8107364247594,8822.530251019067,1.3261581982794668,34.31212711275945,8976.400311531366
3.1697231327091253,0.2632268676011589,-0.3032232400727836,0.29360724841115904,0.05174768616582881,-0.23749058930241418,-1.2477765130219183,0.5902197602495947,11.581431503464444,68.19759470818744,-120.75006874540009,2669.3836564610087,13903.940164626445,1.2712300458531738,69.17651219176219,14158.38062018378
3.1778091611088937,0.26366518207880524,-0.30477076109320633,0.28571823057464774,0.05175740155655717,-0.04852187108825845,-0.20144500256220965,-0.6056650048552656,35.33292364488724,191.4772242031336,-141.7234530038353,2725.6545705058033,14136.340827630409,0.21357268001099985,194.7108361440899,14397.40984933682
3.185895189508662,0.264063891238928,-0.3040079385280427,0.2903494683877402,0.04195283730581778,0.3339154587763957,1.8488040326087827,-1.7017399715549006,55.66087203360112,296.81130151023615,-98.88584422226229,1392.6075983687588,7161.627059213464,1.879184909783589,301.9900284755641,7296.43998594386
3.19398121790843,0.2643436457466166,-0.29937066132763146,0.3156171944012075,0.024236766078530536,0.8516289129508507,4.598604224205573,-2.2048524942878185,57.854252825173575,307.29546378183477,-6.519212190219918,-1432.2406687464174,-7613.283712097418,4.6768600617385525,312.7018995870885,7746.834496375059
3.2020672463081983,0.2644558495965871,-0.29023534737567397,0.3647183571001814,0.0062958375335959715,1.2695377215598285,6.818403727128423,-1.8071690413833168,32.498594588026755,173.68884488720454,79.58838675323231,-4063.2583176065823,-21374.566560985662,6.935589019697775,176.71230672591102,21757.492919380933
3.210153274707966,0.2644454623888106,-0.27883962518541217,0.4258848067584974,-0.004988874305084323,1.3771980305335383,7.407510089167378,-0.9177445831311133,-7.856991478347396,-38.375240707889475,107.63101811535773,-4750.94519752623,-24983.505029564563,7.534447891205352,39.182058006173534,25431.448803956016
3.2182393031077345,0.26437516923795945,-0.26796322260167615,0.48451303100533405,-0.008545979992266695,1.1424740090985033,6.19779715470446,-0.06655410302983761,-44.333960997851236,-230.34581750241227,82.14215057842836,-3212.8832334214007,-16992.946867262825,6.302222581447147,234.5734430153214,17294.20738970478
3.226325331507503,0.26430725631496793,-0.26036347061827675,0.5261159343763848,-0.006065191039525075,0.660226695127843,3.6823444449826503,0.4106629416593269,-59.81592161951744,-313.1861426367732,31.118045643825017,-348.3708492051387,-2103.4577084672073,3.7410689230481124,318.84741344872964,2132.337898329136
3.234411359907271,0.2642770826239682,-0.2572859989874983,0.5440641145250515,-0.0019047155742875077,0.17512752715105862,1.1329330671549016,0.4366886986126872,-49.967834158500814,-264.36305503917356,-8.954888931646362,1901.3387245420392,9590.339285855383,1.1463902535177437,269.0442343131628,9777.002442124072
3.242497388307039,0.2642764531465136,-0.2575312983020277,0.5444377922884858,0.0009969633981548043,-0.14785595703323118,-0.5929498968097491,0.26584396922319253,-29.067363771065146,-158.09063097909274,-22.003693028698144,2629.8755479348415,13379.094155355215,0.6111071576187944,160.740878164153,13635.134395303647
3.250583416706807,0.2642932055726702,-0.25967713392278946,0.5344748951145657,0.002394528195804213,-0.2949515307673991,-1.423717596513562,0.08084372515302157,-7.4373374215870545,-47.99558443242563,-20.97337504536721,2445.5526051248125,12480.129718799782,1.4539511456337404,48.568473814198995,12717.499959699748
3.2586694451065754,0.2643151775925042,-0.2623012712107083,0.5214133504511691,0.0023043727132154856,-0.268133000252444,-1.369137214377826,-0.07333864328846072,10.482251865266983,43.73873569891682,-13.453037916588228,1540.1125955041753,7999.650459470457,1.3951477798972594,44.97732743575582,8146.565857142854
3.2667554735063438,0.26433047201907567,-0.26401339603270213,0.512333130317288,0.001208491490942265,-0.12543195821525188,-0.7163722784507556,-0.13671956816036418,17.469450950588364,81.3752171745705,-1.9699428438780293,157.56105092581288,1158.2325249657483,0.7272715297095874,83.22936007782256,1168.9020264043465
3.2748415019061117,0.2643347213855375,-0.2643297639634425,0.5098281372744499,9.333609131800813e-05,0.01438395277718385,-0.05313258015607403,-0.10519667085150142,13.030338130234483,62.4697378797363,6.049827886840718,-807.5895382372119,-3619.4876865645374,0.055045234881539284,63.8143316888202,3708.494111614573
3.28292753030588,0.26433198145564596,-0.26378077793138766,0.5114738672130983,-0.0004927550451903073,0.0852954101440595,0.29389187079246426,-0.03888140794695578,4.409067067504686,22.840656722225557,7.4553198084481345,-969.2752461163332,-4451.258112666452,0.30601957701603405,23.26235120687902,4555.573385437472
3.291013558705648,0.2643267525229584,-0.262950361745853,0.5145809733018275,-0.000535456246446131,0.08568763582583827,0.3162478176944852,0.015371184549430275,-2.64483620434343,-9.516261147702528,4.582151786791384,-598.4545166007188,-2720.9863055272262,0.3276512472787761,9.876974286308172,2786.0249961946683
3.2990995871054163,0.2643233220268148,-0.2623950326177942,0.5165882448835828,-0.0002441713755807484,0.042522968821945284,0.13999435499258794,0.03522141101312915,-5.26917336690091,-21.16328836151993,0.5376095160642805,-77.68500739938028,-286.215905045868,0.14631022495671148,21.809406291577414,296.57173449244766
3.3071856155051846,0.26432280376960365,-0.26226267787877955,0.5168449699623822,3.414641301802135e-05,0.0004742648497106927,-0.026006083752989184,0.02406543617919326,-3.901162556478637,-14.144961021035108,-1.8795711908158586,234.81291763257602,1167.358396483201,0.026010430317330028,14.67309001962068,1190.741896850369
3.3152716439049525,0.2643238742445456,-0.2623873627797066,0.516167673019996,0.00014501622521478907,-0.02056685362565247,-0.08875875806682387,0.0048248789564835255,-1.47176552568212,-2.2847020681783023,-1.9287843761965249,247.97012986158316,1188.6703767622216,0.09111055718921689,2.7177160599263352,1214.2611622319073
3.323357672304721,0.2643251489802347,-0.2625952862038013,0.5154095582854692,0.00011217462955315227,-0.02332721082721889,-0.0629544153695818,-0.007126974306714654,0.10902446823122158,5.078283827889457,-0.825560743390107,119.26946290084379,508.27047119505784,0.06713739466683877,5.079459003185228,522.0773488862
3.331443700704489,0.2643256883390262,-0.2627646117581791,0.5151495706388575,2.9758391917766858e-05,-0.01880370373287832,-0.006632463558030821,-0.008526136277089242,0.4570670028005761,5.935076861515588,0.15723326542899302,4.46355981436588,-97.68445371944304,0.019939150746317115,5.952656574349527,97.78650513737665
3.339529729104257,0.26432563023463906,-0.2628993807686111,0.5153022977080879,-2.5710530600520087e-05,-0.01593549729673427,0.03302798474446078,-0.004584189007420125,0.18120941107723987,3.4985252939067726,0.5001572413799888,-35.15992919124719,-312.66022865507,0.03667135818872739,3.5032181059073793,314.63135470044983
3.3476157575040255,0.264325272546865,-0.26302232152559074,0.5156837010841191,-4.437737309004319e-05,-0.0158731748443266,0.04994588620964535,-0.00043756496079247237,-0.11154136914796198,0.8787178847496628,0.40962029872775235,-22.370439894563702,-274.83830349842384,0.052407549057904304,0.8857690384481829,275.7475248116602
3.3557017859037934,0.2643249125612408,-0.26315608265378254,0.5161100254167734,-3.2786855999944464e-05,-0.017739350654093045,0.04723866028740176,0.002040213729848187,-0.18056661352826853,-0.946175360957966,0.16809714297863754,10.008172790096953,-159.7945838859458,0.050459653807327545,0.9632529668145683,160.10777875708752
3.3637878143035618,0.26432474231596753,-0.2633092033119557,0.5164476473814209,-1.1382920767744054e-05,-0.018793308374405626,0.03464428452991086,0.0022809115832976984,0.0503113696730757,-1.7054892021120556,-0.03726985909528764,37.53968874028018,-61.972974531422786,0.0394133863023188,1.7062326497277116,72.45605007197048
3.3718738427033297,0.2643247284759996,-0.2634600091042646,0.5166702947539704,4.100175679866425e-06,-0.016925712326077758,0.019657392039849952,0.0014374834516485415,0.4265273650164463,-1.9484058251163776,-0.11094897843041285,46.79831280054867,-26.16721132001898,0.02594017764713529,1.9945457926089285,53.61732312341172
3.379959871103098,0.26432480862424157,-0.2635829268930656,0.5167655478420201,1.186414326070917e-05,-0.011895483600802947,0.0031345548575814064,0.00048663840227053265,0.8071363424060138,-2.1286668298648674,-0.10872346347719128,22.407330497143512,0.4352462215463646,0.012301548886626202,2.276552609674645,22.411820989671916
3.3880458995028664,0.2643249203435983,-0.26365238354071474,0.5167209869531685,1.197011956222127e-05,-0.0038726575517173956,-0.014767528840014421,-0.0003207985751469502,0.7888999865422422,-1.9413669984997461,-0.07229161004691254,-78.91663565178779,93.81159692939609,0.015266876820007875,2.0955355197519294,122.59060456298184
3.3961319279026343,0.264325002205695,-0.26364555573095716,0.5165267265268306,6.6761704822226875e-06,0.0008626517907117659,-0.028261342510901954,-0.0006824656215380873,-0.4691079717829384,-0.6115403558675351,-0.014600253574596708,-239.3673534974451,241.6769349173008,0.028274506064682802,0.7707427338640425,340.1535991350959
3.4042179563024026,0.26432502831100657,-0.2636384326869571,0.5162639429168511,9.33246766976481e-07,-0.011459098316507266,-0.024657394210311878,-0.0005569147052429338,-3.082162450173189,1.9670461201207385,0.027331996426921294,-354.81209320138544,348.0563792583732,0.02719003538690325,3.656363783609836,497.0260208192677
3.412303984702171,0.26432501729821467,-0.2638308729198032,0.5161279657471329,-2.33028576346328e-06,-0.04898225441888826,0.003549839070998928,-0.0002404510228771819,-6.207149296198255,5.017247178939966,0.03702502992520235,-324.53644894804773,319.665307631008,0.04911071788130286,7.981320172608804,455.53245435368115
3.420390013101939,0.2643249906254928,-0.26443057648758866,0.5163213511159365,-2.955340832500042e-06,-0.11184146929782557,0.056481812144816956,4.185618171197037e-05,-8.330584336080872,7.136691631970682,0.02582550189795725,-54.001693123145515,68.30044273630534,0.12529449056759395,10.969548889181736,87.06970773522933
3.4284760415017073,0.26432496950427486,-0.26563957951383127,0.5170413928212797,-1.6533852154054784e-06,-0.1837049374753157,0.11896482150400445,0.00017720046069310617,-7.080467744656706,6.121805818304798,0.00639168964978706,392.10380348055133,-346.1713404042729,0.218860989696709,9.359996260231865,523.04874501528
3.436562069901475,0.26432496388685317,-0.2674014631707947,0.5182452569664459,-8.964491726715096e-08,-0.22634719583169982,0.15548400355417513,0.00014522294977334393,-1.9894593548794042,1.5383890525813744,-0.00794655704124308,703.1218579241289,-635.8918458023984,0.274605769098387,2.5148736395511206,948.0183472442967
3.4446480983012435,0.2643249680545322,-0.2693000792212373,0.5195558889581771,6.951685769251981e-07,-0.2158785871627913,0.14384373664213257,4.8688288861364724e-05,4.290458878687836,-4.161873230373603,-0.010425064520888266,618.0369596533733,-562.7724886309783,0.2594119985024928,5.977392924827867,835.87233329389
3.452734126701012,0.26432497512915887,-0.27089266394419514,0.52057150604568,6.977448556710897e-07,-0.15696165114948357,0.08817795328010192,-2.337178579729602e-05,8.005469460847923,-7.56279959877543,-0.0057392803772350065,166.79048942538753,-157.88388104794655,0.18003419502063173,11.012877873669206,229.66581654756936
3.46082015510078,0.2643249793385016,-0.27183847195897576,0.5209819078270899,3.171987295047529e-07,-0.0864136803350064,0.02153771196722687,-4.41276793877465e-05,6.987804147297916,-6.715180322412454,-0.0005386709441138255,-312.95207376043146,272.7832980163699,0.08905726913578989,9.691390693056215,415.1502476789968
3.468906183500548,0.26432498025891477,-0.27229015089082975,0.5209198151469461,-1.5890481819269553e-08,-0.0439544855753482,-0.020420324313079163,-3.208320290176283e-05,2.9443907484613985,-3.1513326092897205,0.0018708093087678877,-535.0590213616507,472.1658014081431,0.04846634344826395,4.312810463610378,713.602620765494
3.476992211900316,0.26432497908151975,-0.2725493063962947,0.5206516691824338,-2.0165265013361022e-07,-0.038796825910857535,-0.029425817984439107,-1.3872844985251385e-05,-1.6652007372669537,0.9207118367585656,0.002142637986192834,-533.7413414328412,470.3350215645155,0.048693659390637196,1.9027884227980245,711.4034383310309
3.4850782403000844,0.2643249769977767,-0.27291757536310185,0.5204439391471289,-2.4024291889190863e-07,-0.07088420648106109,-0.005530520193012478,2.567660311791569e-06,-5.687304541451153,4.454952074262706,0.0015899400841252302,-350.35563460168316,302.45866126054574,0.07109962997170055,7.224405230272946,462.85020521892136
3.4931642686998527,0.2643249751962976,-0.2736956498096965,0.5205622292957414,-1.6012830172940085e-07,-0.13077223799146864,0.04261991999975123,1.1839756363082005e-05,-7.331171960083101,5.8120904861759435,0.0005576271510659595,-7.868982265696218,-11.062871153373976,0.137542123766169,9.355558675351558,13.576008263290932
3.5012502970996207,0.26432497440817265,-0.2750324314237023,0.5211331909141566,-4.8769706495477294e-08,-0.18944433582669262,0.08846293727346932,1.1585638271794376e-05,-5.81456216960671,4.276042693604548,-0.00031446739442404884,281.46261150916985,-275.9248271956258,0.2090809595536352,7.21759477540022,394.15188942918536
3.509336325499389,0.2643249744075911,-0.27675935436903626,0.5219928569419818,2.7235298460936974e-08,-0.22480566766278187,0.11177232531796477,6.7541717988538635e-06,-2.7793426198109152,1.3498185083659795,-0.0006196864054640952,380.9539032136293,-365.55819364217484,0.2510590387145916,3.089782420150386,527.9760120621136
3.517422353899157,0.2643249748486234,-0.2786680014500025,0.5229407793078149,6.045914346941572e-08,-0.23439202253964808,0.11029227885983062,1.564034524728591e-06,0.34624599116913757,-1.6357851775125747,-0.0005643768139522692,338.787447922943,-307.53338950324536,0.2590444112624806,1.6720285384445417,457.55187741917763
3.5255083822989253,0.26432497538533983,-0.2805499554709056,0.5237765099402533,5.2528953631281183e-08,-0.2192061578269815,0.08531831451539063,-2.372962092723474e-06,2.6995472309688093,-3.6236289344343575,-0.0003118283098017256,183.1463367848326,-106.45219902069863,0.23522447666222449,4.518654878025857,211.8363787316593
3.5335944106986936,0.26432497569812463,-0.28221301588518866,0.5243205519361985,2.2083465722744222e-08,-0.19073479138738847,0.05169074591171352,-3.4788706130884445e-06,3.3080989522805293,-3.3573361865108984,6.287166287938418e-06,-12.903254122926143,146.83124549456636,0.1976150142537262,4.713302976400645,147.397111981363
3.5416804390984615,0.2643249757424749,-0.2836345293508702,0.5246124556191478,-3.731539521822924e-09,-0.1657073936722142,0.031023283011997194,-2.2712856824069313e-06,2.4908750723940756,-1.2490656923496786,0.00018189158374591903,-122.55783388150043,280.39056927304296,0.1685864300781076,2.786507443034081,306.00538227786063
3.54976646749823,0.26432497563777796,-0.2848928452677588,0.5248222622311767,-1.4647895341113326e-08,-0.150452218236083,0.031490784588683596,-5.373095893918068e-07,1.3260867015207563,1.1771560258270763,0.0001779416913650464,-128.88664019920878,238.96587505315233,0.1537125222165359,1.773189851395356,271.5077447547137
3.557852495897998,0.26432497550558826,-0.2860676511698004,0.525121726376178,-1.242094072040345e-08,-0.14426184421411037,0.05006031712358805,6.063974573541822e-07,0.406513006391064,2.61550401216084,8.469781560723323e-05,-89.99170083987018,83.60644622836445,0.15270073688941585,2.646906507981519,122.83543491597308
3.565938524297766,0.2643249754369058,-0.2872258560063952,0.5256318405231022,-4.84120121768683e-09,-0.1438780668069768,0.07378886403276397,8.324282954049674e-07,-0.12926419594847793,2.5292442230394765,-3.396939505938893e-06,-53.1481785963789,-62.752161895349445,0.16169630349318018,2.532545275436051,82.23480230810279
3.5740245526975345,0.2643249754272961,-0.28839445543841036,0.5263150440764891,1.041136954427202e-09,-0.1463523121331356,0.09096339835848255,5.514619587195483e-07,-0.45300235666149646,1.600672485695526,-3.908208324664031e-05,-38.24967039082794,-121.9815298876278,0.17231755310367755,1.6635394619917698,127.83790877018734
3.5821105810973024,0.2643249754537431,-0.2895926739109557,0.5271029057680343,4.077072901509382e-09,-0.15120404664923015,0.09967503038888736,2.0039062529609966e-07,-0.7478400380724892,0.5565519932024365,-4.0430654700773166e-05,-39.04019436661482,-121.24310958290823,0.18110156102620487,0.9322096565053954,127.37357809811968
3.5901966094970708,0.26432497549323075,-0.29083973586914147,0.5279269943294337,4.281865528810158e-09,-0.1584464237058114,0.09996398880444701,-1.0238488554379029e-07,-1.084362597423329,-0.360077969031658,-2.752530567384949e-05,-50.17919049710291,-87.17520310388338,0.18734478440260124,1.142584082889589,100.58562121470752
3.5982826378968387,0.26432497552298967,-0.2921550784748095,0.5287195290728881,2.4212987170812994e-09,-0.16874042016605273,0.09385182902144606,-2.447501814860008e-07,-1.55934075694638,-0.8532503429046985,-6.175287943763507e-06,-68.60705419607936,-30.81476184416469,0.1930841661257773,1.777520673280948,75.20955679284646
3.606368666296607,0.26432497553238815,-0.29356861552844443,0.529444771439109,3.2375169212173205e-10,-0.1836641709969804,0.08616517579476834,-2.0225199292381503e-07,-2.1938797747311956,-0.8584160478396452,9.951739006227429e-06,-81.3704469432481,11.725053807679188,0.2028717950523221,2.3558409490377907,82.21086620719322
3.6144546946963754,0.2643249755282254,-0.29512530588021246,0.5301129971899832,-8.495320003021334e-10,-0.20421996849436042,0.07996947593814951,-8.381009302312589e-08,-2.875268246716276,-0.6636321067492865,1.3626078665927855e-05,-58.7706119187813,20.6981796893671,0.21931920256480014,2.950860054913379,62.308903599417576
3.6225407230961433,0.2643249755186495,-0.29687127245853473,0.5307380423462098,-1.0316298926227319e-09,-0.23016317239677875,0.07543287967042289,1.8109725216520398e-08,-3.144321448825252,-0.5236839102561897,9.014982010811942e-06,35.735790262091456,5.973980676802185,0.24220901152335722,3.187632697065919,36.23168710925669
3.6306267514959116,0.2643249755115419,-0.2988475177773746,0.5313329020045658,-5.566604954765353e-10,-0.2550701135607625,0.0715004299964832,6.198070810251925e-08,-2.297347016821357,-0.5670205519247196,1.976793623025879e-06,171.04970043176098,-16.248576693915467,0.2649020089043914,2.3662873075776334,171.81972023715213
3.6387127798956795,0.2643249755096471,-0.30099628082290353,0.5318943513613041,-2.927436071331613e-11,-0.2673159988410596,0.066262991098192,5.0078543969059046e-08,-0.37809597789921057,-0.7864568154618019,-2.624916444447976e-06,256.7985089249062,-30.23424485454011,0.2754062948185325,0.8726229948207196,258.57220219501437
3.646798808295448,0.2643249755110684,-0.303170567294057,0.532404510860313,2.532125620291481e-10,-0.2611847031910237,0.05878180570645242,1.9530410268868787e-08,1.8556130555484618,-1.0559704770034317,-3.446439832089362e-06,226.410402274559,-23.60146114277331,0.26771766819374154,2.135034767919425,227.63720966968796
3.6548848366952162,0.2643249755137421,-0.30522017467807894,0.5328449740619682,2.865725434730848e-10,-0.237306919108768,0.04918577656545864,-5.657476751675864e-09,3.283425907690912,-1.1681409856147904,-2.204584778132003e-06,52.398255814049804,10.31493026625985,0.24235060237854286,3.4850307105632488,53.40388561474167
3.662970865094984,0.2643249755157029,-0.307008308268807,0.5331999460326589,1.617195266589988e-10,-0.2080849529147777,0.03989056333722374,-1.6122259982475815e-08,2.7030006247700165,-0.8891568388542432,-4.875727789508729e-07,-181.7978891188058,55.9304928638005,0.2118740301993293,2.845489810487532,190.20697284810893
3.6710568934947525,0.2643249755163575,-0.3085853363557456,0.5334900865180232,2.5842439299594844e-11,-0.1935938394758061,0.034806281663811944,-1.3542531426776401e-08,0.3433801188256922,-0.26362987819533235,5.683979547444172e-07,-325.82376420010263,83.983137890602,0.1966978696535496,0.4329094809334077,336.47331657573676
3.6791429218945204,0.2643249755161208,-0.31013911883685,0.5337628351967068,-5.729106078433688e-11,-0.20253179012929579,0.03562712597299367,-6.9300959736090795e-09,-2.566239796512722,0.46902323731585227,8.070835285037977e-07,-347.1597688909011,88.91961876804115,0.20564147956594914,2.608748644532067,358.3665773174692
3.6872289502942888,0.264324975515431,-0.3118606919694283,0.5340662504228627,-8.623146641184576e-11,-0.23509521522624155,0.04239135209798661,-4.903307618428525e-10,-5.2709073821918295,1.174383247114538,6.714874100548701e-07,-230.72341233526734,73.05639778021514,0.23888655666438893,5.400151909228814,242.0134918888838
3.695314978694057,0.2643249755147263,-0.31394109201078807,0.5344483905506445,-6.52207177154196e-11,-0.28777320369919934,0.054619318549754325,3.929236561972073e-09,-6.297511925781594,1.6504954517870387,3.1244703671046224e-07,67.63803514091495,32.295886850374444,0.2929107145977088,6.510206731873505,74.95283920690287
3.703401007093825,0.2643249755143762,-0.31651457656503623,0.5349495571448013,-2.268762955282e-11,-0.33693893578573864,0.06908325829166273,4.5625804626857415e-09,-4.177061236084096,1.6966741636502132,-8.006446825666438e-08,393.8013804510776,-12.280054990380435,0.3439481690961862,4.50849684347173,393.99280069024246
3.7114870354935934,0.2643249755143594,-0.31939008761829035,0.5355656089276344,8.565592679588008e-12,-0.3553248752642908,0.08205802949461116,2.634429433700488e-09,0.07106636660913779,1.4519017049811618,-2.59455606328856e-07,520.0443203787254,-37.3916988316836,0.36467696278504114,1.453639910497173,521.3868374821997
3.7195730638933617,0.2643249755145148,-0.32226091063009865,0.5362766042586462,1.9916512883355608e-11,-0.33578964646839893,0.09256349513196227,3.6664966017724754e-10,4.2331250513571135,1.091973486313056,-2.2549544843240125e-07,365.5665984437505,-59.90384690067127,0.34831406418118854,4.371699188557906,370.4421800648967
3.7276590922931296,0.2643249755146815,-0.3248204968536735,0.5370625510284721,1.4495071809506044e-11,-0.28686653649420535,0.09971748673885372,-1.0122957663852533e-09,5.983030160654867,0.4831332903927956,-9.162450600461475e-08,2.6128297313395024,-97.34601587093519,0.30370378153999783,6.002505116998366,97.38107457380688
3.735745120692898,0.2643249755147492,-0.3269001325521692,0.537889241118094,3.5456082514429e-12,-0.23903174287694995,0.10037675414594105,-1.1151070551587632e-09,4.275379882179664,-0.4823118115602858,2.8051090422465444e-08,-321.1857376951724,-130.68467163578202,0.2592521299346777,4.3024990203970015,346.754612801826
3.743831149092666,0.2643249755147388,-0.3286861317763717,0.5386858495978732,-3.538502824085299e-12,-0.21772485019999976,0.09191751272721405,-5.586519387842508e-10,0.788796167447682,-1.6303066421298062,6.888478427715284e-08,-412.4388060418951,-136.98028995367483,0.23633226512808167,1.8111043981926376,434.5910359925257
3.7519171774924343,0.26432497551469203,-0.33042119119627417,0.5393757363547906,-5.488942633746774e-12,-0.22627528645373118,0.07401134252875607,-1.098411204845096e-12,-2.394603915462765,-2.697564841108057,5.265182880265167e-08,-286.2184871039684,-110.65534064877598,0.2380718044679524,3.607074158363249,306.86418294447657
3.7600032058922026,0.26432497551465006,-0.33234546856123287,0.5398827652330582,-3.5562663924793014e-12,-0.2564505207332566,0.04829234089638135,2.928364272117147e-10,-3.839945463075159,-3.419831096273894,1.7523441474565974e-08,-54.05504111023063,-64.57258975814727,0.2609578888893968,5.142025465362205,84.21144113184805
3.7680892342919705,0.26432497551463446,-0.33456852358384304,0.5401567228347495,-7.531752999057062e-13,-0.2883751025897041,0.01870563979499451,2.82291679645202e-10,-3.2687851105987935,-3.7418364303699896,-9.155658568882186e-09,122.89231328700164,-29.420314642078324,0.288981142557369,4.968530564554916,126.36485104121894
3.776175262691739,0.2643249755146379,-0.33700908709988564,0.5401852739022945,1.0089706847793423e-12,-0.3093134992073381,-0.012220850390136206,1.4477059679858417e-10,-1.8525239923713173,-3.895618095725804,-1.681707019032069e-08,171.8849785876822,-6.891466233686117,0.3095548254770809,4.313662653715252,172.023074530535
3.7842612910915068,0.2643249755146508,-0.33957075906188744,0.5399590865481015,1.588063014423824e-12,-0.31833422581683735,-0.04429451731838441,1.0325065325547599e-11,-0.48905147389172043,-3.8532856137332585,-1.342105440067577e-08,137.5816222742542,57.030649233378,0.3214011256838934,3.884196360268023,148.93353463742193
3.792347319491275,0.2643249755146636,-0.3421572062810319,0.5394689404523135,1.1759482276829658e-12,-0.31722246742101134,-0.0745364042002663,-7.227545727880757e-11,0.37245381762023655,-2.97331519700914,-5.650970273968837e-09,62.185351891181966,182.8451901380088,0.3258615801038534,2.996552203287203,193.13047803605397
3.8004333478910435,0.26432497551466977,-0.3447008988231092,0.5387536795857416,4.192202140984591e-13,-0.3123108815230786,-0.0923791395673419,-8.106274691756993e-11,0.5166135689916516,-0.8963028132992914,1.2904860000649454e-09,-5.055776170606613,295.0511601949599,0.32568695421358973,1.0345280628356663,295.0944730168276
3.8085193762908114,0.2643249755146704,-0.3472079155961364,0.5379749797601382,-1.3500311979441904e-13,-0.3088677634398671,-0.08903146420652774,-5.140564438675304e-11,0.29069151822346484,1.7982689244327896,3.9665464423050426e-09,-31.229065530591026,335.7053218727657,0.32144345834237154,1.821612660075606,337.15473846234335
3.8166054046905797,0.2643249755146676,-0.3496959258370045,0.5373138576896478,-4.121147867408581e-13,-0.3076098017792255,-0.06329743238057262,-1.691553255461405e-11,0.011575347434490624,4.5327427199336805,3.952962379146463e-09,-50.836946064443204,275.58422645089354,0.3140547008032638,4.532757499997105,280.23393968913985
3.8246914330903476,0.2643249755146637,-0.35218259878260416,0.5369513300884149,-4.085620730620576e-13,-0.308680566263682,-0.015727691482076978,1.2521887735233823e-11,-0.5314464610456575,6.2550326876529585,2.567387936971372e-09,-114.96519744521761,29.626695874656605,0.30908098011398694,6.277568738338509,118.72126065733661
3.832777461490116,0.26432497551466105,-0.3546879254875338,0.5370595085696742,-2.0961010704922955e-13,-0.31620438413316876,0.03785931152710731,2.460441098853024e-11,-1.847648355619512,5.011867328401051,3.667697052816405e-10,-212.5036873254873,-344.4724817973057,0.31846277649725896,5.3415932607713,404.74573233392294
3.8408634898898844,0.26432497551466033,-0.3572962740430683,0.5375635930248226,-1.0658141036401503e-14,-0.3385608404163314,0.0653245116245671,1.845330824139785e-11,-3.9680681625844265,0.6842041461495576,-1.1138931790034286e-09,-273.531298891863,-598.2635947475337,0.3448053573864548,4.026623927873621,657.8287773225727
3.8489495182896523,0.26432497551466083,-0.3601631506288454,0.5381159402820687,8.881784197001252e-14,-0.3803762078429145,0.04892429984111857,6.590467229071095e-12,-6.27121205774964,-4.663285506950749,-1.3312381895407335e-09,-180.66030126006478,-547.1971888751282,0.38350964343533755,7.815006870924771,576.2489982327259
3.8570355466894206,0.2643249755146618,-0.36344773968149613,0.5383547995807308,9.592326932761353e-14,-0.4399792380161962,-0.010090406466296997,-3.075551373566582e-12,-6.889716815983434,-8.165099872885484,-8.014597263561557e-10,173.2550099420763,-153.7856385720459,0.4400949286096895,10.683494453531553,231.66208386579123
3.8651215750891885,0.26432497551466233,-0.36727851985666,0.5379527576555654,3.907985046680551e-14,-0.4917970995237191,-0.08312215907707099,-6.370784988101792e-12,-3.469322196162384,-7.150315588891078,-6.792031579289265e-11,633.3302492867881,362.70641174840404,0.4987721728701158,7.947528516559331,729.8377530554774
3.873207603488957,0.2643249755146624,-0.37140111030884093,0.5370105433028364,-7.105427357601002e-15,-0.49608531362842356,-0.1257257163044514,-4.17396257841138e-12,3.3525359483471497,-2.2993911805340987,3.2601751580589226e-10,807.9786269890363,606.830826118745,0.5117690828274787,4.0653040582566415,1010.4816243747566
3.8812936318887252,0.2643249755146622,-0.3753012397260749,0.5359195142303274,-2.842170943040401e-14,-0.4375796977445603,-0.12030804385302218,-1.0984112048450459e-12,9.597354052315993,2.6633869988110472,3.396015789644604e-10,499.97463673192203,437.9448803570905,0.45381716284640605,9.96006200336835,664.658074205229
3.889379660288493,0.26432497551466194,-0.37847767403508986,0.5350649147842041,-2.4868995751603507e-14,-0.34087635876911193,-0.0826532704805345,1.3180934458141083e-12,11.438154171903543,4.783078299667036,1.9017688422010474e-10,-41.463334543018846,87.86635682051102,0.350753838309457,12.397951801849374,97.15814310872591
3.8974656886882615,0.26432497551466183,-0.38081391156170796,0.5345828408454487,-7.105427357601002e-15,-0.252601218794684,-0.04295582991417746,1.9771401687212224e-12,8.92680665098788,4.0843667120805165,-1.3584063158578905e-11,-404.9388377149858,-147.51637663377113,0.25622759230843106,9.816818650809072,430.9716274479333
3.9055517170880294,0.26432497551466183,-0.3825627552930696,0.5343702306629609,7.105427357601002e-15,-0.19651153457085613,-0.016600660022632496,1.0984112048451667e-12,4.889460288038679,2.3974350778839595,-1.0867250526863089e-10,-502.8102451931609,-210.90106083161052,0.19721147312613385,5.445596097855197,545.2498511059908
3.9136377454877977,0.26432497551466194,-0.3839919072605519,0.5343143740286529,1.0658141036401503e-14,-0.1735285892974474,-0.004184373661438201,2.1968224096902e-13,0.7953308063353255,0.6736627772292573,-8.15043789514742e-11,-483.5739148668662,-206.9000838515729,0.17357903181692402,1.042292007515281,525.9765924805542
3.921723773887566,0.264324975514662,-0.3853690694955314,0.5343025607344376,1.0658141036401503e-14,-0.18364939959637994,-0.005706147325547306,-2.1968224096903818e-13,-2.930924529962608,-0.9485648299925847,-5.433625263431452e-11,-345.06679723123915,-168.66781617487266,0.1837380257034773,3.0805995905075685,384.0832289551651
3.929809802287334,0.2643249755146621,-0.3869618957820253,0.5342220938899976,7.105427357601002e-15,-0.22092766727115531,-0.01952461797012006,-6.590467229070661e-13,-4.785109038122439,-2.054042726204552,-2.7168126317157812e-11,-52.432975088069725,-87.89178956787154,0.22178873928302456,5.207337134063328,102.34345875545321
3.9378958306871024,0.2643249755146621,-0.3889419242792296,0.5339868075036356,0.0,-0.26103445475287046,-0.038924242962401934,-6.590467229070661e-13,-3.778873581255384,-2.369955843097048,2.7168126317157816e-11,218.03220692329774,-11.50898353432288,0.2639206002916871,4.46055783970343,218.33575052619543
3.9459818590868703,0.2643249755146621,-0.39118335981092467,0.5335926088219307,-3.552713678800501e-15,-0.28203982546548545,-0.057851678477078394,-2.1968224096903813e-13,-1.2590798036307085,-2.240166661626574,5.433625263431452e-11,280.35864581164526,27.714746110585367,0.2879119307205187,2.5697526386354568,281.72518068733893
3.9540678874866386,0.26432497551466205,-0.3935030883563887,0.5330512268733558,-3.552713678800501e-15,-0.2813963648523341,-0.07515234545465432,2.1968224096902e-13,0.7551023630515843,-1.921751394811925,2.7168126317157072e-11,149.89847360237223,56.91490164306714,0.29125897270203305,2.0647779546836666,160.3398216830775
3.962153915886407,0.26432497551466205,-0.39573411780649975,0.5323772408226196,0.0,-0.2698282671607508,-0.08893035118856574,2.19682240969014e-13,1.1650868256307092,-1.319735639514847,-1.3584063158579283e-11,-28.722921856133905,88.49275197681064,0.2841054401476592,1.7604344547480046,93.0374838029431
3.970239944286175,0.26432497551466205,-0.39786676641903285,0.5316130401827316,0.0,-0.26255451453184264,-0.09649518517726108,0.0,0.2905936393456159,-0.4906415834956812,-1.3584063158578911e-11,-129.50269418256596,106.10902055618193,0.27972521134757494,0.5702401482562233,167.42183861114248
3.9783259726859432,0.26432497551466205,-0.3999801643284834,0.5308167152070512,0.0,-0.2651287703196701,-0.09686503474507191,0.0,-0.9292381003827401,0.3962654678628912,0.0,-142.33417395620947,93.28601714973445,0.2822695516831108,1.0102028351888148,170.180192946938
3.986412001085711,0.26432497551466205,-0.40215444395183375,0.5300465333389452,0.0,-0.27758220587152493,-0.09008675752328799,0.0,-2.011242706389286,1.0179851844523524,0.0,-102.52013359835152,18.160623594259107,0.2918347218847705,2.254194104279529,104.11621411843693
3.9944980294854795,0.26432497551466205,-0.4044692395283782,0.5293598270474986,0.0,-0.29765470160505103,-0.08040212052102191,0.0,-2.5871995240312984,0.6899601041441956,0.0,-33.124509373787944,-112.08030335012481,0.3083225946502606,2.6776195253356008,116.8726979251791
4.002584057885247,0.26432497551466205,-0.4069681326928396,0.5287462656790761,0.0,-0.31942254352589217,-0.07892868352965365,0.0,-2.5469341534389898,-0.7945838474350566,0.0,21.76256244664492,-215.09174234283185,0.32902963148670167,2.668002449878688,216.18988586036878
4.010670086285016,0.26432497551466205,-0.4096349590453313,0.5280833878943445,0.0,-0.338843865399145,-0.09325217563373656,0.0,-2.235254128040687,-2.7885157701353274,0.0,42.52022069396408,-234.35607992392897,0.35144150776346716,3.5738188562399675,238.18216004809094
4.018756114684784,0.26432497551466205,-0.4124479349302491,0.527238186198047,0.0,-0.355571200245965,-0.12402471895068601,0.0,-1.8592947292473667,-4.5846036832816,0.0,62.86024796254982,-131.04145466250853,0.37658068107001025,4.947278830121287,145.33847946768788
4.0268421430845525,0.26432497551466205,-0.4153852766919885,0.5260776530949274,0.0,-0.3689124853676127,-0.16739464680313176,0.0,-1.2186746275573697,-4.907725618031329,0.0,106.9136459216752,114.13720509476838,0.4051140452248654,5.056771557993606,156.38999095565725
4.034928171484321,0.26432497551466205,-0.4184140085976724,0.5245310704620083,0.0,-0.37527967554297703,-0.20339273640203004,0.0,-0.1302811747564796,-2.7387703195486353,0.0,151.3478831310809,361.6760162343379,0.42685294903133536,2.7418672556738524,392.06596695887845
4.043014199884088,0.26432497551466205,-0.4214543209205809,0.5227883742092208,0.0,-0.3710193999256859,-0.2116861959717582,0.0,1.2289319349279495,0.9413194595400558,0.0,160.44002290910055,433.8982189593886,0.4271609072541747,1.5480168040413955,462.610706066345
4.051100228283857,0.26432497551466205,-0.42441415540700034,0.5211076692770754,0.0,-0.3554053184885575,-0.1881696646358364,0.0,2.4643639886483086,4.278256322679988,0.0,113.89086394116025,275.0296053705715,0.4021452015119864,4.937263111390551,297.6783712659624
4.059186256683625,0.26432497551466205,-0.4272019559180353,0.5197452837047802,0.0,-0.33116556552653265,-0.14249799171840039,0.0,3.0707814555326998,5.389113859147104,0.0,26.53497195453693,-34.12246237002444,0.360522273145898,6.202600014066271,43.22553845612331
4.067272285083393,0.26432497551466205,-0.4297697837427461,0.5188031836611855,0.0,-0.3057444663707187,-0.10101660920653899,0.0,2.8934890622711933,3.7264259230918997,0.0,-43.76797608778688,-282.9242615604715,0.32200005287562017,4.717894563655948,286.2896671386503
4.075358313483162,0.26432497551466205,-0.43214647279432655,0.5181116373629955,0.0,-0.2843718960626447,-0.0822340200308922,0.0,2.362963260240246,0.813646631224179,0.0,-68.63328120465586,-356.969356657886,0.29602332563618156,2.4991230881546564,363.5074261712715
4.083444341882929,0.26432497551466205,-0.4343686621980629,0.5174732904183919,0.0,-0.2675304903108966,-0.08785826967162791,0.0,1.7835477402909898,-2.046502788473198,0.0,-79.53554234318486,-288.24931165413284,0.2815877106616715,2.714630030985009,299.0210162595699
4.0915303702826975,0.26432497551466205,-0.43647299107924203,0.516690788435557,0.0,-0.25552826070197554,-0.11533017936649159,0.0,1.0767099518843608,-3.8479376092734423,0.0,-101.25798046020307,-107.7638860177589,0.2803493219005245,3.99573875088798,147.87235622836135
4.099616398682466,0.26432497551466205,-0.4385010797440221,0.5156081642069762,0.0,-0.2501178758123963,-0.1500873352498715,0.0,0.14599792888220797,-3.7892664740911943,0.0,-123.86134436265644,80.04089596694052,0.29169360638058667,3.792078032808582,147.47263357828515
4.107702427082234,0.26432497551466205,-0.4405179115734596,0.514263567525005,0.0,-0.25316717390347776,-0.17661041201407457,0.0,-0.9263827444154948,-2.5535116934102717,0.0,-131.36202826636637,163.57007615052999,0.3086824510302698,2.7163591363318984,209.7883511593144
4.115788455482003,0.26432497551466205,-0.44259531366016736,0.512752010592495,0.0,-0.2650993901731944,-0.19138287139398358,0.0,-1.9783962535438153,-1.144001911880279,0.0,-100.19492608579263,146.2222740440229,0.3269634385267038,2.2853428868381958,177.25680985491863
4.12387448388177,0.26432497551466205,-0.4448051139688628,0.5111685128583633,0.0,-0.2851619104877763,-0.19511127591178123,0.0,-2.5467407801002793,-0.18879677221299218,0.0,-7.0391587595070035,58.7189333921687,0.3455223946156917,2.5537291990780506,59.139351490826215
4.131960512281538,0.26432497551466205,-0.44720696827363987,0.5095966599562198,0.0,-0.30628542672267045,-0.19443610351778062,0.0,-2.0922339288234006,-0.19439598585407225,1.3584063158578161e-11,104.58205937720474,-46.131247808502366,0.3627894168438013,2.101245490711635,114.30441447269932
4.140046540681307,0.26432497551466205,-0.44975837928669216,0.5080240811483931,0.0,-0.31899763642262613,-0.1982550588366152,2.1968224096902e-13,-0.8554337756396038,-0.9348339320055956,0.0,162.69179176922967,-99.01876841631287,0.3755856232572431,1.2671548543623508,190.4556000955755
4.148132569081075,0.26432497551466205,-0.4523658161687846,0.5063904678839186,3.552713678800501e-15,-0.3201195503305563,-0.20955429096430933,0.0,0.5388269684869798,-1.7957331329028552,-4.075218947573598e-11,152.00836541683526,-73.40547360305939,0.38260884381492277,1.8748311888204687,168.80434446893707
4.156218597480843,0.2643249755146621,-0.4549353708372801,0.5046351572523317,0.0,-0.31028369608313255,-0.22729575705873017,-4.3936448193806414e-13,1.6028541438861872,-2.1219514205111647,2.9841774361413183e-24,92.18212080571814,23.342659911858846,0.38462882527432996,2.6592892354128144,95.0916566687147
4.164304625880611,0.26432497551466205,-0.45738374172581087,0.5027146279904714,-3.552713678800501e-15,-0.2941981020742581,-0.24387060986267173,-4.8260286997175876e-26,2.029601462058796,-1.418234310956139,4.0752189475739706e-11,25.44847665323725,131.19377353927493,0.38213269634890845,2.4760191145393926,133.63918279997418
4.172390654280379,0.26432497551466205,-0.4596931592543406,0.5006912678978951,0.0,-0.27746086595829667,-0.2502315228905623,2.1968224096902e-13,2.0144083537839528,-0.00027826308849299153,2.9841774361414825e-24,-8.083817634463685,183.0488091378631,0.3736312984567244,2.0144083730030813,183.2272213246086
4.180476682680148,0.26432497551466205,-0.4618708546097371,0.49866786958925063,0.0,-0.2616209757594028,-0.24387510994914408,0.0,1.8988695041171528,1.542041427508936,-1.3584063158578161e-11,-18.04646078999565,164.43437586079196,0.3576599001985114,2.446139235166289,165.42169963995974
4.188562711079916,0.26432497551466205,-0.46392410853427185,0.49674730576780424,0.0,-0.24675224048280597,-0.22529354133764912,0.0,1.7225599648575312,2.658963803128602,0.0,-30.58168360370614,76.45076192470229,0.33413148302987483,3.168170029982308,82.34050261508426
4.196648739479684,0.26432497551466205,-0.46586134585823796,0.4950244096421694,0.0,-0.23376363816711887,-0.20087419629703618,0.0,1.4043007798525569,2.7784074917230797,0.0,-46.794218079176936,-37.47454952596182,0.3082140186089982,3.113134894340018,59.95031866316754
4.204734767879452,0.26432497551466205,-0.46770454736837663,0.49349875685572747,0.0,-0.22404180850739763,-0.18036097756924718,0.0,0.9658012121912289,2.052923259657822,0.0,-56.161087257915725,-104.06687584055386,0.2876192173499537,2.26875866753477,118.25388944641304
4.21282079627922,0.26432497551466205,-0.46948456271089034,0.49210760166849976,0.0,-0.2181446461065022,-0.16767420473676253,0.0,0.4960604867938532,1.0954320646793754,0.0,-56.63214976193972,-113.00829029889024,0.27513946565157976,1.2025171162548474,126.40440681770957
4.2209068246789885,0.26432497551466205,-0.47123239497572583,0.49078712009290737,0.0,-0.2160194901389616,-0.16264558799921858,0.0,0.0499428695612707,0.2253467701256362,0.0,-52.61571872020685,-97.94137128773185,0.27040341605739465,0.2308147677815924,111.17970168230022
4.228992853078757,0.26432497551466205,-0.4729780421752246,0.48947728798118234,0.0,-0.21733696718322548,-0.16402988397069862,0.0,-0.35484390489777873,-0.4884813548103377,-1.3584063158580399e-11,-48.48914992712766,-82.34028704729688,0.272288744056458,0.6037617335012603,95.55689682951572
4.237078881478525,0.26432497551466205,-0.47474718075365197,0.48813441949251185,0.0,-0.22175804592393789,-0.170545336214726,-2.196822409690562e-13,-0.734226417221489,-1.1062650288934055,0.0,-44.27895703397935,-75.43450922575457,0.27975407528148233,1.32774649157828,87.4699446561357
4.245164909878293,0.26432497551466205,-0.4765643258896606,0.4867192191170218,-3.552713678800501e-15,-0.22921091850625075,-0.18192046485330238,-4.8260286997175876e-26,-1.0709257130755034,-1.708412522654351,4.075218947573747e-11,-26.304340822991293,-74.92918349478899,0.29263065576750624,2.016322204035972,79.41222125924853
4.253250938278061,0.264324975514662,-0.47845399274680883,0.4851923914019063,0.0,-0.2390771173838786,-0.198173880568131,4.3936448193804e-13,-1.1596217110852258,-2.3180240403139756,2.9841774361414825e-24,15.579353433684197,-76.18975840152835,0.31053301756176704,2.591902383249368,77.76628793182113
4.261336966677829,0.26432497551466205,-0.48043069461146215,0.4835143398642894,3.552713678800501e-15,-0.24796438668389698,-0.21940768129595156,0.0,-0.8189755244459054,-2.940557623066846,-5.4336252634312646e-11,58.677821723708405,-77.48690839648017,0.3310982749504851,3.0524744133600836,97.19726197318428
4.269422995077598,0.26432497551466205,-0.48246408689252307,0.48164411791773354,0.0,-0.2523216360826481,-0.2457287454706787,-4.3936448193804e-13,-0.2106806452963248,-3.5711467241223502,2.9841774361414825e-24,77.77457882159524,-72.96811113340476,0.35220565637993084,3.57735590338902,106.64534848390453
4.277509023477366,0.26432497551466205,-0.48451125444194276,0.4795404006352587,-3.552713678800501e-15,-0.2513715260461922,-0.27716046895793767,4.8260286997175876e-26,0.43879938181697753,-4.120602060871175,5.433625263431712e-11,76.36732116900616,-20.51833346565806,0.37417318137431416,4.143899883146156,79.07572162641375
4.2855950518771335,0.264324975514662,-0.48652928148952806,0.4771618630711598,0.0,-0.24522534755630332,-0.3123673560473712,4.3936448193806414e-13,1.0243360102772439,-3.902970378360873,2.9841774361413183e-24,64.40832502110064,122.9423371030955,0.39712571839171396,4.03515080713387,138.79211283208753
4.293681080276902,0.26432497551466205,-0.48847705269130925,0.4744887780109398,3.552713678800501e-15,-0.23480590590617822,-0.34027952760369473,0.0,1.4804144724211667,-2.1323716021720642,-5.433625263431414e-11,50.546603670649326,289.226147012507,0.4134295228386752,2.5958882217660872,293.60981464920076
4.30176710867667,0.26432497551466205,-0.4903265759367094,0.4716588432230333,0.0,-0.22128400062145204,-0.34685219071541695,-4.3936448193804e-13,1.8417785558626552,0.7744112990365437,0.0,40.36211932732857,362.1703469745096,0.411428063135123,1.997964241149224,364.4124873055672
4.309853137076439,0.26432497551466205,-0.49205567011818807,0.4688794646816463,-3.552713678800501e-15,-0.20502055848859868,-0.32775570408947274,0.0,2.1331529587324027,3.724667820207621,5.433625263431414e-11,16.627123347814106,272.99357492130787,0.3865969877872342,4.292259535051322,273.4994573653468
4.317939165476207,0.264324975514662,-0.4936421800536598,0.4663583593601262,0.0,-0.18678652981073185,-0.2866166511676127,4.3936448193806414e-13,2.110673339056408,5.189278898572514,-2.9841774361413183e-24,-36.63765664314376,20.682826466546032,0.34210862667473385,5.602102947230931,42.07252303993847
4.326025193875974,0.26432497551466205,-0.4950763924876754,0.4642442839192709,3.552713678800501e-15,-0.17088662936411225,-0.24383439099312554,4.8260286997175876e-26,1.5406466944976511,4.059151664599831,-4.0752189475739706e-11,-91.77426083219783,-240.60077621973585,0.2977540097570743,4.341693733267021,257.5097055818201
4.334111222275743,0.26432497551466205,-0.4964057683300174,0.4624150557393052,0.0,-0.1618711039592995,-0.2209718198897761,-2.1968224096902e-13,0.6264947801426519,1.2982694795343601,-2.9841774361414825e-24,-116.93439915279245,-359.83067224215074,0.2739175048849598,1.4415267430874836,378.35402256545746
4.342197250675511,0.26432497551466205,-0.4976941811751089,0.4606707150969165,0.0,-0.16075492019503201,-0.2228387032289909,0.0,-0.3504230504210053,-1.760050405115706,1.3584063158578161e-11,-117.88156179202028,-370.2974558582832,0.27477123580114676,1.7945957045569687,388.6081167778705
4.3502832790752795,0.26432497551466205,-0.4990055060302165,0.4588112955735509,0.0,-0.1675381654345749,-0.2494354550113549,0.0,-1.279892532775996,-4.690202009329731,0.0,-87.55993924438259,-288.3858234592231,0.300478090871705,4.861699269162625,301.3853449203099
4.358369307475048,0.26432497551466205,-0.500403617902607,0.45663683075065453,0.0,-0.1814534149323883,-0.2986889165251725,0.0,-1.7664473612451435,-6.423842322279427,0.0,-4.620084291336582,-64.32804601511509,0.3494859233869183,6.662288380245805,64.49374142489967
4.366455335874815,0.26432497551466205,-0.5019399809629728,0.453980881450114,0.0,-0.19610525249402144,-0.35332219791851927,0.0,-1.3546087983542332,-5.730518823289593,0.0,91.6518570408195,195.74886414305064,0.40409633207654483,5.888447246996023,216.14273226811332
4.374541364274584,0.26432497551466205,-0.5035750431846276,0.45092288409737935,0.0,-0.20336022536052312,-0.3913631924262191,0.0,-0.28424832339800155,-3.258180572913197,0.0,135.31920060253867,321.5051123767461,0.44104481591412514,3.2705561843612387,348.8220511035595
4.382627392674352,0.26432497551466205,-0.5052287340782697,0.4476517336729492,0.0,-0.20070213252518698,-0.4060136792068185,0.0,0.8337809998579235,-0.5311198845914227,0.0,103.72958984028244,284.03315006637126,0.45291108807713576,0.9885742701145346,302.38164320120194
4.39071342107412,0.26432497551466205,-0.5068208094716131,0.4443568078158578,0.0,-0.18987627167244625,-0.39995249336719496,0.0,1.3932724952916917,1.3352196629114914,0.0,16.02502062928943,148.799992805673,0.44273580778480603,1.9297719539784524,149.6604127521286
4.398799449473889,0.26432497551466205,-0.5082994239286408,0.4411836792330986,0.0,-0.17817005059409752,-0.38442043097835565,0.0,1.0929385436885397,1.875282050832574,0.0,-66.5474669959026,21.35924034457166,0.42370229487493694,2.1705292973039665,69.891219131361
4.406885477873656,0.26432497551466205,-0.5097021856497971,0.43813993877117374,0.0,-0.1722012074655126,-0.3696253255259805,0.0,0.3170630791687721,1.680642510958922,0.0,-93.80593628749143,-29.59491802866839,0.40776971089423447,1.7102889363538236,98.36367650660738
4.4149715062734245,0.26432497551466205,-0.5110842716367218,0.4352060774741455,0.0,-0.17304248846874515,-0.35724098483141375,0.0,-0.424096386086406,1.3966713554953323,0.0,-67.23688769656297,-31.694419061878705,0.3969443588952666,1.4596398939302524,74.33259895086545
4.423057534673193,0.26432497551466205,-0.5125006386020468,0.4323626172733577,0.0,-0.17905971830978018,-0.3470382770346241,0.0,-0.7702956876841149,1.1680785656619008,0.0,-11.294513523443385,-23.850596985100104,0.39050985704376057,1.3992008369149538,26.389714137839988
4.431143563072961,0.26432497551466205,-0.5139800355717365,0.42959375474632827,0.0,-0.18549975408241082,-0.3383507519212081,0.0,-0.6067519003106678,1.0109581463494344,0.0,34.9397881428046,-17.367968361037036,0.3858644711427599,1.1790607457637163,39.01839464219476
4.4392295914727296,0.26432497551466205,-0.5155005511613676,0.42689078969512195,0.0,-0.18887214450483114,-0.3306890044699067,0.0,-0.2052474492748999,0.8872027948346535,0.0,51.1283019943626,-14.731696604051038,0.3808252941273095,0.9106345669895651,53.208327822442904
4.447315619872498,0.26432497551466205,-0.517034486620519,0.42424583338305866,0.0,-0.18881902749004453,-0.3240028579304344,0.0,0.22009790360603,0.772716312115179,0.0,53.58886476760249,-10.606938022327903,0.3750073027147277,0.803451047781165,54.62850502521456
4.455401648272265,0.26432497551466205,-0.5185541431987697,0.421650997073459,0.0,-0.18531270870625605,-0.31819259238045206,0.0,0.6613947155694095,0.7156667906684042,0.0,56.574320283130135,0.14289319635128805,0.3682218432600682,0.9744854668227504,56.57450073985411
4.463487676672034,0.26432497551466205,-0.5200313742713925,0.4191000047058905,0.0,-0.17812291458294283,-0.31242905394220344,0.0,1.1350210246199453,0.7750271890028522,0.0,60.03727570016706,12.61339156872468,0.35963827166577056,1.3743870888592387,61.34795938223083
4.471573705071802,0.26432497551466205,-0.5214347570907041,0.41659837666728017,0.0,-0.16695708422743394,-0.30565880865871264,0.0,1.632320948281956,0.9196512755526172,0.0,58.495993594368244,18.755315976007388,0.34828433109227,1.8735608201565435,61.42917176677746
4.47965973347157,0.26432497551466205,-0.5227314137206035,0.41415687309098304,0.0,-0.15172492749225341,-0.29755640127820016,0.0,2.081021555573404,1.0783392242601018,0.0,37.27104168153066,17.562841816251584,0.334006385514054,2.3438144545460564,41.20174705869972
4.487745761871339,0.26432497551466205,-0.5238884612360144,0.41178627764474335,0.0,-0.13330268542964063,-0.28821984547480994,0.0,2.2350703513335697,1.2036785509663162,0.0,-9.808390401311527,12.225801288480199,0.3175535943242921,2.538578643545781,15.67401478275251
4.495831790271106,0.26432497551466205,-0.5248871923209024,0.4094957653792109,0.0,-0.11557924281952836,-0.27809044338359,0.0,1.9223997088914233,1.2760555771172477,1.3584063158577415e-11,-55.130492268262685,7.082748344027451,0.30115254618219184,2.3073661340666898,55.58359921636773
4.503917818670875,0.26432497551466205,-0.5257576153157393,0.40728898319893586,0.0,-0.1022135281460379,-0.26758340220230536,2.1968224096902e-13,1.3434968989848262,1.3182211594827429,0.0,-73.8481933750873,4.516635097086109,0.2864410628213448,1.8822037463807875,73.98618558463815
4.512003847070643,0.26432497551466205,-0.5265401953037612,0.4051683914001819,3.552713678800501e-15,-0.09385213465914433,-0.2567720959180839,0.0,0.7281225310863411,1.3490988564501052,-4.0752189475734484e-11,-70.23880248676389,-7.458957054757974,0.27338641594315516,1.5330460347786563,70.63374133598866
4.520089875470411,0.2643249755146621,-0.5272753973682047,0.4031364502792125,0.0,-0.09043828921628716,-0.24576569886760424,-4.3936448193804e-13,0.20759099563744066,1.197594482327892,2.9841774361414825e-24,-47.610828458615245,-50.97238512546055,0.2618775723429762,1.2154532346297637,69.7493729856689
4.52817590387018,0.26432497551466205,-0.5280027684538199,0.4011938545587172,-3.552713678800501e-15,-0.09049496128662327,-0.2374045299270655,4.8260286997175876e-26,-0.04184249101938331,0.5247705489932972,4.075218947573747e-11,-13.778179223112332,-116.0323214291962,0.2540674100473305,0.5264360579837154,116.84749821434993
4.536261932269947,0.26432497551466205,-0.5287388870222036,0.39929713073676487,0.0,-0.09111496835768662,-0.23727907974256013,2.196822409690562e-13,-0.015230501352946568,-0.6788868104070076,0.0,9.51265913354701,-160.82043274142825,0.2541717906107962,0.6790576334274303,161.10152783549665
4.5443479606697155,0.26432497551466205,-0.5294762848973883,0.39735656380377893,0.0,-0.09074126981958841,-0.24838352598542457,0.0,0.11199677280297315,-2.0760266238270315,-1.3584063158580399e-11,16.893450079603546,-168.41185713382418,0.2644396982856837,2.079045410749112,169.2570302198868
4.552433989069484,0.26432497551466205,-0.530206359991788,0.3952802582464594,0.0,-0.08930375018655212,-0.2708527002204413,0.0,0.2579713328745399,-3.402452929690673,0.0,27.024200196260104,-114.8288673335552,0.2851952752310009,3.4122185081476992,117.96599581809483
4.560520017469252,0.26432497551466205,-0.5309205102178168,0.3929763185515061,0.0,-0.08656934277168915,-0.3034081880221322,0.0,0.5490336733389425,-3.9330455885717512,0.0,54.7396248330304,37.19542724561137,0.31551668682780587,3.971181886572783,66.18101189045456
4.5686060458690205,0.26432497551466205,-0.5316063643201904,0.39037352379632095,0.0,-0.08042474643645647,-0.33445813687399095,0.0,1.1432236548596375,-2.800926367591611,0.0,87.62582504990948,217.6457979789772,0.34399183879939593,3.0252518641760333,234.6230563980938
4.576692074268788,0.26432497551466205,-0.5322211437852755,0.38756744256491305,0.0,-0.06808106489072685,-0.3487049283301431,0.0,1.9661234931522418,-0.413265381475572,0.0,97.1033036884119,298.24098413363816,0.35528883804361994,2.009086823870816,313.65065949907546
4.584778102668556,0.26432497551466205,-0.5327073751685761,0.3847342478890878,0.0,-0.04862848563029587,-0.34114148809649336,0.0,2.7135837975312023,2.0222437677670513,0.0,55.18826557622123,226.87911061820566,0.3445899657787293,3.384229141547088,233.49491534553707
4.592864131068325,0.26432497551466205,-0.5330075664169641,0.38205048304273803,0.0,-0.024196833586749733,-0.3160010872553052,0.0,2.8586312587188076,3.2558364820704213,0.0,-35.451018098950755,45.925402656563634,0.31692613319535495,4.332694758612124,58.01652603715286
4.600950159468093,0.26432497551466205,-0.53309868773571,0.3796238603572796,0.0,-0.002398538545364204,-0.2884879155784468,0.0,2.1402679192335667,2.7649519880705924,0.0,-116.39305283364014,-115.7635085015249,0.28849788633879214,3.4965277436960087,164.16008238459548
4.609036187867861,0.26432497551466205,-0.5330463557185556,0.37738504008602347,0.0,0.010415700769321745,-0.27128612665623564,0.0,0.9763161972217027,1.3837024472701103,0.0,-141.47830224372711,-168.58064290138014,0.2714860021044532,1.6934656121512297,220.08076509956533
4.617122216267629,0.26432497551466205,-0.5329302444312616,0.3752366057080689,0.0,0.013390502450413067,-0.2661106010075365,0.0,-0.14772722055388776,0.03865625576720433,0.0,-116.9165949427646,-132.47686800037366,0.26644728845395815,0.15270113883830896,176.69072054920971
4.625208244667397,0.26432497551466205,-0.5328298037523532,0.37308148433157096,0.0,0.008026647767685802,-0.27066097549231216,0.0,-0.9144656170009693,-0.7587209866564812,0.0,-66.62106513103325,-55.38503242269127,0.2707799673698859,1.1882360456870291,86.63641345101918
4.633294273067166,0.26432497551466205,-0.5328004370276527,0.3708594610389892,0.0,-0.0013982874489499864,-0.2783806798987456,0.0,-1.2251268698985918,-0.8570336344167409,0.0,-25.397939348670512,7.800830151907292,0.2783841916285437,1.495139624874242,26.568934382425873
4.641380301466934,0.26432497551466205,-0.5328524169363997,0.3685794961643548,0.0,-0.01178617355895284,-0.28452097210721305,0.0,-1.325202534738857,-0.6325655183562979,0.0,-10.796629120610433,29.438027751168693,0.2847649863589189,1.4684348446872484,31.3554569133762
4.649466329866702,0.26432497551466205,-0.5329910436958972,0.36625817171741193,0.0,-0.022829538111636793,-0.288610565391032,0.0,-1.3997305692806357,-0.380960177558503,0.0,-1.8535885320429486,28.85715580242271,0.28951208310832527,1.4506468638039027,28.91662551978394
4.65755235826647,0.26432497551466205,-0.5332216175234483,0.3639120697079049,0.0,-0.034422695829405825,-0.2906818817370507,0.0,-1.355178873762037,-0.16588595564645914,0.0,24.34366060249907,20.820399067117833,0.2927129624023448,1.3652940819368118,32.03283984981204
4.665638386666238,0.26432497551466205,-0.5335477294880436,0.3615572478153644,0.0,-0.04474556783164729,-0.2912932824879917,0.0,-1.0060435073083651,-0.04425150125608113,0.0,60.52559718393195,9.720553391603948,0.29470992902039367,1.0070162530767481,61.30119960254134
4.673724415066006,0.26432497551466205,-0.5339452453879492,0.3592012581981856,0.0,-0.05069248857240183,-0.29139751952882875,0.0,-0.3763554782776106,-0.008684614074510932,0.0,83.12418509120094,2.747096622407115,0.295773972460758,0.37645566611646614,83.16956586954794
4.681810443465775,0.26432497551466205,-0.5343675312925463,0.3568447505783001,0.0,-0.050832010003169614,-0.2914337305600867,0.0,0.33824553540173863,0.0001747013553021759,0.0,81.74944186799323,2.395011701445273,0.29583358928480646,0.3382455805177244,81.784517647159
4.689896471865543,0.26432497551466205,-0.534767303540955,0.354488175354267,0.0,-0.045222362561695206,-0.2913946942485879,0.0,0.9457011389419998,0.03004765119681707,0.0,57.844339994697066,7.126671846940981,0.29488290881617646,0.9461783687754868,58.28170485697971
4.697982500265311,0.26432497551466205,-0.5350988699085033,0.3521322990318286,0.0,-0.03553807746881432,-0.29094779823823913,0.0,1.2737074873276715,0.11542764325567845,0.0,24.699249580783565,13.710285504902501,0.29311017766338066,1.2789270128127448,28.24933377054717
4.706068528665079,0.26432497551466205,-0.5353420273483269,0.3497829510354583,0.0,-0.02462389273063792,-0.2895279918456204,0.0,1.3451388060683147,0.2517711671199585,0.0,2.658540444321517,19.306815948868568,0.2905732165141302,1.368498128673853,19.488996366605924
4.714154557064847,0.26432497551466205,-0.5354970889003688,0.3474500359026454,0.0,-0.013784416293816548,-0.2868761406230895,0.0,1.3167015543971048,0.4276585673989821,0.0,-10.886835240433868,31.613585756356088,0.2872071207184109,1.3844113671960012,33.43563945742377
4.722240585464616,0.26432497551466205,-0.535564949711579,0.3451435737948698,0.0,-0.0033301204048896693,-0.28261187320283554,0.0,1.1690762881928203,0.7630278716087737,0.0,-31.14021042699205,58.99336835474698,0.2826314925430757,1.3960483159498875,66.70779725996209
4.730326613864384,0.26432497551466205,-0.5355509437967061,0.3428796206369857,0.0,0.005121951841829286,-0.27453641054380284,0.0,0.8131003026222642,1.3817026712279414,0.0,-52.28963639940088,87.74821921627128,0.2745841858245764,1.6031950517023332,102.14673783537265
4.7384126422641515,0.26432497551466205,-0.5354821172154685,0.34070375537001474,0.0,0.009819383872837761,-0.2602668991236676,0.0,0.32344531831464846,2.182097056832413,0.0,-60.34922950293198,95.8130708379584,0.2604520667591093,2.205938448682634,113.2350389455366
4.74649867066392,0.26432497551466205,-0.5353921441629781,0.3386705695613187,0.0,0.010352727901157266,-0.2392474129986084,0.0,-0.16287086470737416,2.931197094957348,0.0,-51.55768068893487,66.97860273448242,0.2394713001625082,2.9357185369270202,84.52412473540193
4.754584699063688,0.26432497551466205,-0.5353146923118208,0.33683463261785906,0.0,0.007185426997800448,-0.21286341321338043,0.0,-0.5103484222391831,3.2652788246080675,0.0,-30.225065378789353,3.211793889680706,0.21298465448475637,3.304920772804677,30.395233131888972
4.7626707274634565,0.26432497551466205,-0.5352759410294408,0.33522813035228866,0.0,0.0020993442291512565,-0.1864411383807223,0.0,-0.651672338782866,2.983138408169669,0.0,-10.651289468805523,-55.29696753954747,0.18645295740988424,3.053488431193378,56.313449427450756
4.770756755863225,0.26432497551466205,-0.5352807415977052,0.3338194959381957,0.0,-0.0033534550796829876,-0.164619929435581,0.0,-0.6826016805170131,2.3710131247163684,0.0,-2.848023412817092,-78.55656922063835,0.16465408233125325,2.4673160097202644,78.60817899606185
4.778842784262992,0.26432497551466205,-0.5353301732954641,0.33256588750312077,0.0,-0.008939728919628465,-0.1480969794553637,0.0,-0.6977307351813536,1.7127171087568431,0.0,1.8672050183746691,-89.71348760171745,0.14836655309387917,1.8493858638599767,89.73291654818846
4.786928812662761,0.26432497551466205,-0.535425315401566,0.33142446317460383,0.0,-0.014637196159817734,-0.13692177107122916,0.0,-0.6524051349034731,0.9201615075369265,0.0,17.614758960423625,-124.68614707911513,0.1377019204829877,1.1279759128638556,125.9242431252559
4.795014841062529,0.26432497551466205,-0.5355668868631466,0.3303515808442637,0.0,-0.019490461817596838,-0.1332160752907292,0.0,-0.4128638527632347,-0.30371434392199426,0.0,43.10486410151603,-181.29536844959568,0.1346343225842817,0.5125416701327506,186.3492418296485
4.803100869462297,0.26432497551466205,-0.5357405162571294,0.3292700852383908,0.0,-0.021314053837180325,-0.14183345669196967,0.0,0.04468917568255493,-2.0117574885228695,0.0,61.86263244102375,-222.37588212648276,0.14342600297075514,2.012253789920901,230.82031592575328
4.811186897862066,0.26432497551466205,-0.5359115789524298,0.3280578421265665,0.0,-0.018767745930134083,-0.16575033166201436,0.0,0.5875821528418633,-3.899989740518553,0.0,59.87758856497834,-193.47549089350935,0.1668094743513264,3.9440046605561014,202.5292353929211
4.819272926261833,0.26432497551466205,-0.5360440293103108,0.3265895614602108,0.0,-0.011811641887028657,-0.20490431229324102,0.0,1.0130329389746338,-5.140654116570849,0.0,28.517655093658192,-24.06805770246902,0.2052444690617349,5.239519107863278,37.31659220253408
4.827358954661602,0.26432497551466205,-0.5361025974959226,0.3247441179496904,0.0,-0.002384919701235333,-0.24888528202196625,0.0,1.0487712908060327,-4.289219736737158,0.0,-22.353296340111235,249.02318814425095,0.24889670839353223,4.415577784439373,250.02443498745444
4.83544498306137,0.26432497551466205,-0.5360825983671815,0.32256457454278287,0.0,0.0051491469976099324,-0.2742698175014482,0.0,0.6515341609054789,-1.1134369735003062,0.0,-59.74115072828069,449.40016464960877,0.2743181483370736,1.2900537418202112,453.35362916539515
4.843531011461138,0.26432497551466205,-0.5360193251982082,0.32030861088265844,0.0,0.008151727755766558,-0.26689184800011745,0.0,0.08263400795859371,2.978505251697463,0.0,-64.68108155513602,456.9312644798948,0.2670163088545752,2.979651307394989,461.48653584946305
4.851617039860907,0.26432497551466205,-0.5359507681629009,0.3182483844175916,0.0,0.006485508867889678,-0.22610126139327846,0.0,-0.3944919638596467,6.276081389152681,0.0,-37.649433826263476,230.04620435111957,0.22619425772752744,6.2884673421127415,233.10670518840777
4.859703068260674,0.26432497551466205,-0.5359144411804228,0.3166520884409596,0.0,0.0017719813092682557,-0.16539470329623285,0.0,-0.5262347743501423,6.698825534981708,0.0,8.67280701024987,-155.52169469833171,0.16540419521949645,6.719463266203507,155.76333041919122
4.8677890966604425,0.26432497551466205,-0.5359221115805197,0.3155736118815426,0.0,-0.002024789792791637,-0.1177674743513748,0.0,-0.254234836278429,3.7609757089308227,-1.3584063158578161e-11,44.18577233868437,-451.11748590815046,0.11778487928765183,3.769558811737154,453.27626076075984
4.875875125060211,0.26432497551466205,-0.5359471861959588,0.31474754615661116,0.0,-0.002339518903447413,-0.10457199050972577,-2.1968224096902e-13,0.18834004564245907,-0.5966720703891006,0.0,53.435713071300015,-533.0874121039207,0.10459815747835027,0.6256912436457933,535.758867752176
4.883961153459979,0.26432497551466205,-0.5359599464131098,0.31388246771137873,-3.552713678800501e-15,0.0010210561229655468,-0.1274168889644045,0.0,0.6099305506343807,-4.860144198731812,4.075218947573598e-11,31.504557252445625,-405.9451648128561,0.12742098001888713,4.898266724981772,407.16583103523004
4.8920471818597475,0.264324975514662,-0.5359306736183428,0.3126869529910586,0.0,0.007524312605184491,-0.18317051854555544,4.3936448193806414e-13,0.6978335349732657,-7.161640333239898,-2.9841774361413183e-24,-32.34383020636076,-30.537048879781082,0.18332499596189333,7.195558623569247,44.48184693449715
4.900133210259515,0.26432497551466205,-0.5358382628022814,0.31092022368145966,3.552713678800501e-15,0.012306459687174254,-0.24323534321140627,4.8260286997175876e-26,0.08686429142264906,-5.353991087706284,-4.0752189475739706e-11,-107.79560681578599,414.55919634813324,0.24354646607414088,5.354695693721789,428.3447444822845
4.908219238659283,0.26432497551466205,-0.5357316528532807,0.3087533372049891,0.0,0.008929086859922108,-0.2697555665201463,-2.1968224096902e-13,-1.0454431411921128,-0.45736546312762805,-2.9841774361414825e-24,-129.4015007460146,599.0147318126906,0.2699033053905734,1.1411110937711462,612.8322750344913
4.916305267059052,0.26432497551466205,-0.5356938611024148,0.30655772133770465,0.0,-0.004600506172870666,-0.2506318834592527,0.0,-2.0058241285871903,4.333309178927795,1.3584063158578161e-11,-60.296072913077566,422.8931799323417,0.2506741024984014,4.77502867792461,427.17005752045293
4.92439129545882,0.26432497551466205,-0.5358060525004149,0.30470010414991117,0.0,-0.023509214877471152,-0.19967704434857225,0.0,-2.02055465713141,6.381687062874898,0.0,62.240810220386,67.372441058542,0.2010562240368022,6.693920442529943,91.72221252824652
4.932477323858588,0.26432497551466205,-0.5360740534607258,0.3033285328349359,0.0,-0.03727703085456824,-0.14742687780157127,0.0,-0.999262210453923,5.422860122449975,0.0,151.56047258862404,-191.9109690523259,0.15206663449834043,5.514157857089278,244.5411967213088
4.940563352258356,0.26432497551466205,-0.536408898760713,0.30231590830832594,0.0,-0.039669340102562956,-0.11197824243237164,0.0,0.43048991413626436,3.2780919709068534,0.0,167.95398280440628,-264.9619153519861,0.11879723617330416,3.306237822041395,313.7090322685272
4.948649380658124,0.26432497551466205,-0.5367155882820646,0.3015176143380074,0.0,-0.030315123511527986,-0.09441338825396528,0.0,1.7168991391671817,1.1378809776638557,0.0,108.20213744885237,-242.8056379551522,0.09916095297602372,2.05973682139303,265.8237769111499
4.956735409057893,0.26432497551466205,-0.5368991566600264,0.3007890496308461,0.0,-0.011903549704875616,-0.09357636663047941,0.0,2.180341026790382,-0.6485745973516135,0.0,-19.194432415409736,-188.04377219870503,0.09433043457621906,2.274760647064905,189.02086260111133
4.964821437457661,0.26432497551466205,-0.5369080931640079,0.30000429202176504,0.0,0.0049454754160862535,-0.10490217348107223,0.0,1.406485687910307,-1.903173587132743,0.0,-137.17548780385644,-137.32919861275818,0.10501868275761264,2.3664893181791973,194.10415566352088
4.972907465857429,0.26432497551466205,-0.5368191781506968,0.2990925657229153,0.0,0.010842216727745324,-0.12435459798096815,0.0,-0.03806875347773836,-2.869470197551996,0.0,-180.68014453228733,-114.57779931580716,0.12482635820442575,2.8697227121501547,213.94715871976803
4.980993494257197,0.26432497551466205,-0.536732752219254,0.2979932223999334,0.0,0.004329825372558105,-0.15130740850045754,0.0,-1.5154838720141806,-3.756132265633801,0.0,-143.73198515356873,-81.78515997826176,0.15136934714426556,4.050335907461307,165.37138793895264
4.989079522656965,0.26432497551466205,-0.5367491559688398,0.2966456137184554,0.0,-0.013666274529249733,-0.18509898232736788,0.0,-2.3625105812912213,-4.192104450079519,0.0,-20.499357400232924,6.318773797344647,0.18560280256002618,4.811984618334674,21.45112016013368
4.997165551056733,0.26432497551466205,-0.5369537639871791,0.29499979114419883,0.0,-0.03387682993759,-0.2191023597767341,0.0,-1.8470006442447504,-3.6539446968797193,0.0,129.6263659093714,113.64965706758124,0.22170584941844412,4.094230480529394,172.39268920243998
5.005251579456502,0.26432497551466205,-0.5372970139867788,0.29310227791123356,0.0,-0.04353607385675673,-0.24419078350767265,0.0,-0.2661856290873388,-2.3541557407347273,0.0,208.47684603015938,171.79306040471147,0.24804138460537595,2.369156820636172,270.1396878170618
5.01333760785627,0.26432497551466205,-0.5376578318464194,0.2910507239233894,0.0,-0.03818159905041085,-0.2571739001308515,0.0,1.5244987511432553,-0.8756975662484852,0.0,179.0796933243649,170.3010948080493,0.2599927872356453,1.7581076957259658,247.1274963535397
5.021423636256038,0.26432497551466205,-0.5379144889753191,0.28894324699095925,0.0,-0.018881793462448115,-0.25835261428825973,0.0,2.629901342997821,0.3999632375242026,0.0,47.97410177815513,131.367376768169,0.25904168667212013,2.6601412867125283,139.85314483546966
5.029509664655806,0.26432497551466205,-0.5379631892827712,0.28687263077081104,0.0,0.004349314845725871,-0.2507056719358829,0.0,2.3003386500061347,1.248783112452319,0.0,-107.69593720377478,85.06218406838696,0.25074339568660586,2.617444778148748,137.236984988317
5.037595693055574,0.26432497551466205,-0.537844151608595,0.28488882062444615,0.0,0.01831941384362068,-0.2381572228633786,0.0,0.8882365294590372,1.7755937097708028,0.0,-187.40299599788324,56.69328412084636,0.2388607622142465,1.9853707851288325,195.79073362493347
5.045681721455343,0.26432497551466205,-0.537666926681558,0.28302113863544454,0.0,0.01871392645156078,-0.2219906696085694,0.0,-0.7303532456749826,2.1656301234069186,0.0,-164.04578252617176,14.949088360951606,0.22277806991823823,2.285469250476901,164.72551110088438
5.053767749855111,0.26432497551466205,-0.537541508927078,0.2812987749065692,0.0,0.006508099670838874,-0.2031345295008542,0.0,-1.7647211832786587,2.017351215845405,0.0,-54.069605647853024,-86.12483228232807,0.20323875722130114,2.680288563342642,101.69075174554213
5.061853778254879,0.26432497551466205,-0.5375616773240242,0.2797360354864096,0.0,-0.009825244759767315,-0.18936595116130306,0.0,-1.6047699793406123,0.7728144438865368,0.0,74.18997268813143,-203.85347494107873,0.18962067106150202,1.7811594120888017,216.93407130512878
5.069939806654647,0.26432497551466205,-0.5377004033434023,0.27823633798849046,0.0,-0.019444331585248165,-0.19063653041881778,0.0,-0.5649167310102827,-1.2793787596843824,0.0,137.72740859240173,-254.80426153516066,0.19162559526566883,1.398549578565913,289.6446974727087
5.078025835054415,0.26432497551466205,-0.5378761321588498,0.27665305068841,0.0,-0.018961110220672595,-0.21005613713104054,0.0,0.6225654952686017,-3.3478945464238627,0.0,116.24458367594536,-169.58021334860786,0.210910180994695,3.4052879011727746,205.5973054136489
5.0861118634541835,0.26432497551466205,-0.5380070434948733,0.274839298207716,0.0,-0.009376167034332639,-0.24477887118244368,0.0,1.314997278835603,-4.021839602035621,0.0,27.597812734906668,79.91467495904071,0.24495838072131162,4.231360493723867,84.54581327043998
5.094197891853952,0.26432497551466205,-0.538027764064691,0.27269447288032106,0.0,0.002305100463892984,-0.2750975556137867,0.0,1.0688788903604898,-2.0555098838697425,0.0,-70.05189700047734,354.6171607310429,0.275107212905858,2.3168131053117933,361.47005264380033
5.10228392025372,0.26432497551466205,-0.5379697652792426,0.2703904049129161,0.0,0.007909803092402967,-0.27802069377639427,0.0,0.18211402162858847,1.7130492633972416,0.0,-116.14571586736163,480.3724869004255,0.2781331895924472,1.722702323589183,494.21407657536565
5.110369948653488,0.26432497551466205,-0.5378998462798075,0.26819830642912285,0.0,0.005250258765663318,-0.2473940256257272,0.0,-0.8094362236692195,5.713101259218188,0.0,-100.54418142662858,387.0096301761238,0.2474497305159361,5.770157103430403,399.85695725823115
5.118455977053256,0.26432497551466205,-0.537884857796272,0.2663895346786311,0.0,-0.005180445492378283,-0.18562809571081473,0.0,-1.443892191265644,7.971790984572674,0.0,-29.735155433273228,41.7665035111105,0.1857003686930182,8.10149838990986,51.27007201267153
5.126542005453024,0.26432497551466205,-0.5379836247385571,0.2651963183216977,0.0,-0.01810044776389219,-0.11847376902918327,0.0,-1.2903148462791667,6.388551526317917,0.0,57.871984643994914,-385.3479633284351,0.11984848833937646,6.517553452557747,389.6693719655264
5.134628033852793,0.26432497551466205,-0.5381775792656067,0.2644735701566359,0.0,-0.026047490475690438,-0.08231207756043446,0.0,-0.5079831685010421,1.7399218340394338,0.0,106.50265522830259,-620.598177668418,0.08633510220296356,1.8125603129406493,629.6704802482326
5.142714062252561,0.26432497551466205,-0.5384048662340154,0.2638651627281025,0.0,-0.02631558041809967,-0.09033565430234347,0.0,0.43205214337441755,-3.647797452624711,0.0,103.68829657255559,-572.0302619636702,0.09409059576266895,3.6732948847008946,581.3517725511323
5.150800090652329,0.26432497551466205,-0.538603156326841,0.2630126568242352,0.0,-0.01906031867267899,-0.14130446515747863,0.0,1.1688698531174642,-7.510984053490563,0.0,58.852497355369394,-236.4228897455106,0.14258417731762935,7.6013905428754525,243.63784443427835
5.158886119052097,0.26432497551466205,-0.5387131107902071,0.26157997889154766,0.0,-0.007412550762218473,-0.21180371503580275,0.0,1.3838180733999255,-7.471241854299073,0.0,-3.005423623366383,226.19672334911414,0.21193338484479032,7.598316083560787,226.2166886527861
5.166972147451865,0.26432497551466205,-0.538723032518797,0.25958735511432335,0.0,0.0033188658105700597,-0.2621298127882792,0.0,1.1202659715737135,-3.8529177956195984,0.0,-42.25279447808979,517.31777894325,0.2621508222811572,4.012476964029598,519.040444524302
5.175058175851634,0.26432497551466205,-0.5386594379038085,0.2573408006702837,0.0,0.010704454160659793,-0.2741133204705086,0.0,0.7005034811611065,0.8948506501813398,0.0,-55.653340451535286,542.7205077299043,0.2743222517373416,1.1364254543298453,545.5665347269933
5.183144204251402,0.26432497551466205,-0.5385499194781028,0.25515437892616466,0.0,0.014647447896180665,-0.2476582372464442,0.0,0.22023698870753128,4.923989081661814,0.0,-69.64875978068473,362.00829052395136,0.2480910119409556,4.928911929373431,368.64746323155555
5.1912302326511695,0.26432497551466205,-0.5384225585444633,0.25333565759066123,0.0,0.014266139251397192,-0.19448228936158252,0.0,-0.42586021802933444,6.749269286437787,0.0,-90.60307087265893,83.52953534054228,0.1950048296952221,6.762691241373691,123.23189410928876
5.199316261050938,0.26432497551466205,-0.5383192066638192,0.25200920029610546,0.0,0.00776041226154689,-0.13850867099080943,0.0,-1.2450010196574972,6.2748334716276455,0.0,-105.24620957622426,-111.90847318608786,0.1387259021888467,6.397152697537152,153.62379698797926
5.207402289450706,0.26432497551466205,-0.5382970567165818,0.2510956874961695,0.0,-0.005868087953984968,-0.09300532605078615,0.0,-2.127907897231977,4.939479101722943,0.0,-97.65722836309448,-163.5400156406816,0.09319026306459675,5.378331136650096,190.47905650573756
5.2154883178504745,0.26432497551466205,-0.5384141057155156,0.2505051128805527,0.0,-0.026652235116671363,-0.05862713439762146,0.0,-2.8243192636307883,3.630055049689422,0.0,-37.955732067707686,-144.96486470728985,0.06440095126930269,4.599356364394004,149.85142507296507
5.223574346250243,0.26432497551466205,-0.5387280781767232,0.2501475661486971,0.0,-0.051543139505447755,-0.03429986960176379,0.0,-2.7417301520989428,2.5950990757394985,0.0,74.87389354253366,-105.21119141757205,0.06191265044218386,3.7751322413701605,129.1336313038693
5.23166037465001,0.26432497551466205,-0.5392476642952242,0.2499504134411363,0.0,-0.07099165086541603,-0.016659044744338658,0.0,-1.6134544044586505,1.9285736861375706,1.3584063158577415e-11,170.91174578974986,-71.37382484798468,0.07292008135205968,2.51448435631031,185.21621884254867
5.239746403049779,0.26432497551466205,-0.5398761591868115,0.24987815513086567,0.0,-0.07763601577781287,-0.00311086640745728,2.1968224096902e-13,0.0222643085207741,1.440837526297789,0.0,200.648527140917,-59.997280156677085,0.077698316813544,1.4410095338414106,209.42661022424562
5.247832431449547,0.26432497551466205,-0.5405031983520727,0.24990010433289914,3.552713678800501e-15,-0.07063159120341567,0.006642261569853147,0.0,1.6314449732076413,0.9582942636260723,-4.0752189475734484e-11,160.18103420925382,-66.18729394005622,0.07094322599578323,1.8920730948626476,173.31682434043597
5.255918459849315,0.2643249755146621,-0.5410184172915948,0.2499855741622507,0.0,-0.051252195005780266,0.012386722854573762,-4.3936448193804e-13,2.612721091961359,0.37045284929156824,2.9841774361414825e-24,47.56247393982983,-85.07316810054309,0.052727776323172854,2.6388533149699698,97.46606003086538
5.264004488249084,0.26432497551466205,-0.5413320517608071,0.2501004231184634,-3.552713678800501e-15,-0.028378517302869,0.0126332460901466,4.8260286997175876e-26,2.4006280032890537,-0.41751384301244465,4.075218947573747e-11,-76.8321533058232,-105.92902532046494,0.031063469720612982,2.4366642401616616,130.85923042320408
5.272090516648851,0.26432497551466205,-0.5414773562853035,0.2501898797355831,0.0,-0.01242910258203267,0.005634665270784822,2.196822409690562e-13,1.3701871446690321,-1.3426373649104437,0.0,-133.6863675274125,-99.48660761317946,0.01364668618047912,1.918355521030952,166.64222141178132
5.2801765450486196,0.26432497551466205,-0.541533055913731,0.25019154724526893,0.0,-0.006219772973288684,-0.009079961636365041,0.0,0.238644474312107,-2.026416912125889,-1.3584063158580399e-11,-116.27256848051627,2.8419618281334493,0.011005965616751366,2.040420713203413,116.30729524878873
5.288262573448388,0.26432497551466205,-0.5415779428071077,0.2500430380802622,0.0,-0.008569730588561697,-0.02713666413165683,0.0,-0.5101794370258983,-1.2966769968037544,0.0,-55.893437329119614,225.7498076740731,0.0284576672015624,1.3934325573934556,232.56623142955476
5.296348601848156,0.26432497551466205,-0.541671646083566,0.2497526915715818,0.0,-0.01447042380682717,-0.03004989567932803,0.0,-0.6652673688957605,1.6244218000637085,1.3584063158580399e-11,1.3266853189065984,436.93765598313047,0.03335250208736502,1.7553708601431512,436.93967010328544
5.304434630247925,0.26432497551466205,-0.5418119593228251,0.24955706946051592,0.0,-0.019328472265222274,-0.0008664225146208793,2.196822409690562e-13,-0.4887242066934293,5.76950359361186,0.0,24.24298579145957,517.0414258211222,0.01934788174662303,5.790166065572584,517.6094651136356
5.312520658647692,0.26432497551466205,-0.5419842272348874,0.2497386797374629,3.552713678800501e-15,-0.02237409943678159,0.06325484414168514,4.8260286997175876e-26,-0.27320842568594084,9.986045106155874,-4.075218947573747e-11,17.620254384616995,412.33539427369374,0.06709527280662826,9.989781764685626,412.7117041415485
5.32060668704746,0.2643249755146621,-0.5421737945297552,0.2505800303928211,0.0,-0.023746814443526887,0.16062846614486226,-4.3936448193804e-13,-0.2037684519631493,12.437815010264838,-2.9841774361414825e-24,-14.001258654870576,30.309448527731206,0.16237430625645935,12.43948406532943,33.38709202634718
5.328692715447229,0.26432497551466205,-0.5423682620668762,0.25233637241558005,-3.552713678800501e-15,-0.025669454415883308,0.2643998949498183,0.0,-0.4996375759175127,10.476211229308976,4.0752189475734484e-11,-56.960922364299044,-488.69500698803563,0.2656430412028218,10.488118965208596,492.00341109755317
5.336778743846997,0.26432497551466205,-0.542588922404582,0.2548559205117411,0.0,-0.03182698170044773,0.3300503491891913,2.1968224096902e-13,-1.124943723792594,4.5346115996043395,0.0,-77.32267853618956,-782.8114687991697,0.3315813471292795,4.672066003489952,786.6209966047971
5.3448647722467655,0.26432497551466205,-0.5428829698226936,0.2576739654093746,0.0,-0.04386210821333947,0.3377338913024577,0.0,-1.7501043250970878,-2.183460307439951,-1.3584063158577415e-11,-38.18108480221552,-651.3188834887374,0.3405702069635848,2.798278767901672,652.4370339164458
5.352950800646533,0.26432497551466205,-0.5432982629099555,0.26031777218501273,0.0,-0.06012976825103067,0.29473930507774604,0.0,-1.7424103958819868,-5.998554378786091,0.0,66.94374064870264,-167.12199526757814,0.3008103172892102,6.2464909047345465,180.0311798390967
5.361036829046301,0.26432497551466205,-0.5438553918501922,0.26244050619214754,0.0,-0.07204046810364417,0.24072492917362354,0.0,-0.6674863489527567,-4.88616670735844,0.0,172.24236525169732,320.6853520370961,0.2512733980552622,4.931547740632376,364.0144604252081
5.36912285744607,0.26432497551466205,-0.544463305451993,0.26421078941267306,0.0,-0.07092439539921003,0.2157199395543401,0.0,1.0431029182550096,-0.8124126508627487,0.0,194.9408582614173,491.07879441046157,0.22708007879175934,1.3221490132938707,528.3562439673921
5.377208885845838,0.26432497551466205,-0.5450023852010609,0.26592914130741296,0.0,-0.05517134846186167,0.227586545639209,0.0,2.485108283401318,3.055587448895553,0.0,105.2037562252111,340.91466860416097,0.23417837954663517,3.9385756103035368,356.77814057671543
5.385294914245606,0.26432497551466205,-0.5453555396330252,0.2678913319555607,0.0,-0.030735083087044757,0.26513507333383046,0.0,2.7444640394537365,4.700878733598975,0.0,-48.312909337030604,52.39061706957338,0.2669105701243456,5.443376133601078,71.2664996021189
5.393380942645374,0.26432497551466205,-0.5454994347104831,0.2702169207729167,0.0,-0.010787720131531842,0.3036094235267015,0.0,1.7037891694521776,3.9028514839076927,-1.3584063158577415e-11,-160.5487212507617,-158.54890541250228,0.3038010154029316,4.25853815755865,225.64052672948046
5.401466971045142,0.26432497551466205,-0.5455299992557298,0.2728013207977089,0.0,-0.0031813078642315418,0.3282522092117368,-2.1968224096902e-13,0.14806100029351843,2.1368168297636494,0.0,-191.0329398641682,-217.5569384256317,0.3282676249222772,2.141940294165337,289.52479266943794
5.4095529994449105,0.26432497551466205,-0.5455508830019603,0.2755254341448623,-3.552713678800501e-15,-0.008393269224988842,0.33816614666784517,0.0,-1.3856063846136308,0.38450831855506706,4.0752189475734484e-11,-158.50410305235312,-174.89339746457935,0.33827029092201066,1.4379679064986473,236.032309570394
5.417639027844679,0.264324975514662,-0.5456657356823701,0.2782701629293018,0.0,-0.02558941301800388,0.33447049957930375,4.3936448193804e-13,-2.4152763572287554,-0.6915691278974769,-2.9841774361414825e-24,-62.976980264006926,-46.7212950274418,0.3354479589257252,2.5123351170672046,78.41542866180338
5.425725056244447,0.26432497551466205,-0.5459647164427542,0.28093451006182824,3.552713678800501e-15,-0.04745325566067038,0.32698205145068115,-4.8260286997175876e-26,-2.404073686506453,-0.37107111837663354,-4.075218947573747e-11,49.440669290306175,104.11342158337033,0.3304074355151422,2.4325427159756132,115.25616831072438
5.433811084644215,0.26432497551466205,-0.5464331524282374,0.28355813523779094,0.0,-0.06446822922645623,0.32846951637624855,-2.196822409690562e-13,-1.6157190452589432,0.9921590395426918,0.0,109.22999330368121,184.33486171881876,0.3347362779383817,1.8960294282944943,214.26743262105484
5.441897113043983,0.26432497551466205,-0.54700730030757,0.286246537737581,0.0,-0.07358275583268892,0.3430273037923399,0.0,-0.6376000305863827,2.610002735474712,1.3584063158580399e-11,121.28011252729524,194.74615784891705,0.3508306615775984,2.6867541901315115,229.42304089072815
5.449983141443751,0.26432497551466205,-0.5476231369350302,0.28910559227851257,0.0,-0.07477953313648555,0.37067862886129177,0.0,0.34562982318667856,4.14160496576692,0.0,124.75554954738547,120.86332063547422,0.37814630035291635,4.156001884881823,173.7005740287107
5.45806916984352,0.26432497551466205,-0.5482166391648962,0.2922411735779002,0.0,-0.06799321070050013,0.4100055745399658,0.0,1.3799538027513507,4.564611221772218,0.0,135.0904284800897,-103.37390824760553,0.41560515860033553,4.768642165612427,170.10464065779803
5.466155198243288,0.26432497551466205,-0.5487227270004614,0.2957362257180996,0.0,-0.05246284185765404,0.4444977808075947,0.0,2.5303199056404404,2.469836249996547,0.0,146.88371391508372,-384.39303780208337,0.44758309498757626,3.5359029860386797,411.50070829125195
5.474241226643056,0.26432497551466205,-0.5490650712232832,0.29942961693638825,0.0,-0.027072733465487886,0.4499479066604657,0.0,3.755365567112846,-1.6518148189089708,0.0,120.00888330778562,-479.0598123720101,0.4507616350194729,4.10259219745566,493.8627703144743
5.482327255042824,0.26432497551466205,-0.5491605487837838,0.3030128088214449,0.0,0.008269143396717027,0.4177845377338798,0.0,4.47111038294276,-5.277546246058517,0.0,-5.2063665737245515,-260.8349886172064,0.41786636464547744,6.916886758921596,260.8869439811778
5.490413283442592,0.26432497551466205,-0.5489313421665879,0.3061860522105887,0.0,0.04523431760446073,0.3645991290070256,0.0,3.671167911163363,-5.870053070132943,0.0,-193.511227141221,116.44672313078306,0.36739443158793644,6.923510444718977,225.84604127059316
5.498499311842361,0.26432497551466205,-0.5484290168301962,0.30890912664480813,0.0,0.06763947937668746,0.32285370606739505,0.0,1.341635826266884,-3.3943632254675684,0.0,-322.2138860548762,374.6107861908152,0.32986302413547547,3.6498888197764896,494.1204605125003
5.506585340242129,0.26432497551466205,-0.547837472664217,0.3114072606830516,0.0,0.06693132839114213,0.3097052941265055,0.0,-1.5396933557155421,0.18817384186402109,0.0,-352.299889246667,440.61764411723465,0.31685512766907875,1.5511495815673138,564.1445916346587
5.514671368641896,0.26432497551466205,-0.5473465995857862,0.31391769825253896,0.0,0.0427394709741904,0.32589686412620367,0.0,-4.355777993100401,3.7313303420740134,0.0,-279.41416048180713,371.5382939822549,0.32868743271753925,5.735471039667093,464.87952952673396
5.522757397041665,0.26432497551466205,-0.5471462875120403,0.3166776832804912,0.0,-0.003510560719448108,0.3700485803563609,0.0,-6.0583950296218205,6.196712235347565,0.0,-54.24458967543302,153.58669352081628,0.370065231898814,8.66622137166208,162.88446192228787
5.530843425441433,0.26432497551466205,-0.5474033725731393,0.31990214491264995,0.0,-0.055237237558884544,0.42611044636662854,0.0,-5.233024578399067,6.21514307334569,0.0,230.44178636939262,-121.9738587617021,0.4296757671965037,8.124810746121145,260.7317378577768
5.5389294538412015,0.26432497551466205,-0.548039587255292,0.32356876562200826,0.0,-0.08813933143468944,0.4705602271557545,0.0,-2.3316773714692998,4.22414406339465,0.0,389.842844403767,-278.7676584371159,0.478743636121285,4.824946883949527,479.258646999021
5.54701548224097,0.26432497551466205,-0.5488287668473744,0.3275120716338157,0.0,-0.0929452564484805,0.4944235440892726,0.0,1.0715360441916042,1.706896667226804,0.0,363.2576982415384,-285.20493755470034,0.5030839508929605,2.015362430579612,461.8419770195441
5.555101510640737,0.26432497551466205,-0.5495427032218243,0.33156461126004777,0.0,-0.07081038966527586,0.49816425700908695,0.0,3.5429467573616034,-0.3882063862480756,0.0,176.65630628037644,-200.114703593145,0.5031716787001866,3.5641515012444254,266.9332222538035
5.563187539040506,0.26432497551466205,-0.5499739164910383,0.3355684122936652,0.0,-0.03564852025069598,0.48814544836092466,0.0,3.928431863353819,-1.5293696857037062,0.0,-55.91120392902613,-93.75645538013785,0.48944539608780924,4.215631452174515,109.16196979828152
5.571273567440274,0.26432497551466205,-0.550119213116138,0.3394589271773759,0.0,-0.007279566438008089,0.47343120358439705,0.0,2.638747591690913,-1.9044411079788937,0.0,-183.359161966942,-31.988251921835698,0.4734871662620817,3.2542103168686674,186.12853230559276
5.579359595840042,0.26432497551466205,-0.5500916420529498,0.3432247686087051,0.0,0.007025455681770154,0.45734671859131737,0.0,0.9631370813089826,-2.046685512701522,0.0,-177.71892054037454,-6.6724202187377415,0.45740067559392844,2.261980244231739,177.84413375090946
5.587445624239811,0.26432497551466205,-0.5500055970478097,0.34685516428751645,0.0,0.00829634114666078,0.44033208922219913,0.0,-0.2353328856403745,-2.0123478667466976,0.0,-94.68001930000968,23.58668644042679,0.44041023838599447,2.02606157454896,97.57375585621995
5.595531652639578,0.26432497551466205,-0.5499574731526976,0.3503458441662648,0.0,0.003219638888396048,0.42480291458986486,0.0,-0.5680335685920164,-1.6652402798741335,0.0,-6.517206478001382,55.436601039025234,0.42481511545449474,1.759456542447884,55.81837255811887
5.6036176810393465,0.26432497551466205,-0.5499535288648326,0.3537251011508721,0.0,-0.0008899299886522272,0.4134017288312002,0.0,-0.3407295189768541,-1.115824005970353,0.0,34.979511966497896,69.4701826672886,0.41340268670632735,1.1666875406045634,77.77964089169359
5.611703709439115,0.26432497551466205,-0.5499718651510217,0.35703140040594966,0.0,-0.0022906582457764557,0.4067577453870257,0.0,-0.0023429142497385647,-0.5417645399045519,0.0,44.52536324668584,59.587642752175455,0.406764195262483,0.5417696059628783,74.38544979369426
5.619789737838883,0.26432497551466205,-0.5499905735200916,0.3603032105129226,0.0,-0.0009278197309754432,0.4046402819198889,0.0,0.3793371844685533,-0.15216926283166998,0.0,53.323247390868055,22.07811521242465,0.4046413456403835,0.4087201782041879,57.7131863930663
5.627875766238652,0.26432497551466205,-0.5499868699044108,0.3635752660285386,0.0,0.003844004247625321,0.4042968554253683,0.0,0.8600036712911271,-0.1847160066625051,0.0,64.50972570014298,-25.62826796506162,0.4043151291696823,0.8796171427112819,69.41406794589041
5.63596179463842,0.26432497551466205,-0.5499284080650614,0.3668415222227357,0.0,0.012980208488954759,0.40165304416835923,0.0,1.4225921326137982,-0.5666310680363935,0.0,69.24177851586128,-51.453574700335466,0.40186272992419525,1.531286760550988,86.26641433073819
5.644047823038187,0.26432497551466205,-0.5497769532354575,0.3700708218725358,0.0,0.026850245018827934,0.39513326560870254,0.0,1.9797856463505152,-1.0168261392554818,0.0,49.05472991696173,-34.50933567550343,0.39604448392594555,2.225642963947438,59.977168789387136
5.652133851437956,0.26432497551466205,-0.5494941843775355,0.3732316398375457,0.0,0.04499741441264149,0.38520887408906646,0.0,2.215908011116757,-1.124718004694845,0.0,-14.087332040427,32.95034230262553,0.3878281113854297,2.4850027975469517,35.835429143201765
5.660219879837724,0.26432497551466205,-0.5490492524937439,0.3763004416639898,0.0,0.06268603523715655,0.3769442621533159,0.0,1.7519645124387964,-0.4839513319732447,0.0,-91.48492063352218,115.72021947987224,0.3821210747708922,1.8175776584684318,147.51494805541455
5.6683059082374925,0.26432497551466205,-0.5484804222551425,0.3793276038553486,0.0,0.07333028401857433,0.3773823856601837,0.0,0.7364086783303287,0.7467159575885027,0.0,-134.2822546144692,161.15720314344412,0.3844408869524889,1.0487528130296178,209.76979770539526
5.676391936637261,0.26432497551466205,-0.5478633509754693,0.38240349104003096,0.0,0.07459527821078638,0.3890201950325576,0.0,-0.4196557363562494,2.1222921109170088,0.0,-129.45342909291531,141.85292237555612,0.3961075203458194,2.1633850191580044,192.04281264967977
5.684477965037028,0.26432497551466205,-0.5472740631789405,0.38561886054558153,0.0,0.06654358761397106,0.4117042142231391,0.0,-1.3571195298550038,3.040769475426192,0.0,-72.71986757884997,23.50354081069301,0.4170472503945214,3.3298727334535694,76.4237893023199
5.692563993436797,0.26432497551466205,-0.5467872042969313,0.3890615949770559,0.0,0.05264786409021127,0.4381956917034451,0.0,-1.5956855652960575,2.5023927078975845,0.0,18.57315476798071,-166.796993565015,0.4413470990283294,2.967858097657839,167.82788546711484
5.700650021836565,0.26432497551466205,-0.5464226389304992,0.39270538616112194,0.0,0.040738070017802386,0.4521730512300053,0.0,-1.056753416000634,0.34331902150081106,0.0,85.75157282625533,-303.0072191891556,0.454004469809966,1.111123635223949,314.90745803000846
5.708736050236333,0.26432497551466205,-0.5461283859146999,0.3963741632447674,0.0,0.03555798782354458,0.4437478664195176,0.0,-0.20890625890024817,-2.397857251499108,0.0,103.43686550161638,-283.84038526522136,0.4451702364825543,2.406940220191302,302.10023080479226
5.716822078636102,0.26432497551466205,-0.5458475931317396,0.3998817018615316,0.0,0.03735962613308885,0.4133947675615808,0.0,0.6160334480575451,-4.24696381101073,0.0,96.03145550401747,-94.4439169672176,0.41507948095768066,4.29140988734011,134.69110549078874
5.724908107035869,0.26432497551466205,-0.5455242039188662,0.4030596069064042,0.0,0.0455205157359444,0.37506572644227987,0.0,1.3441198940528296,-3.9252096410638337,0.0,84.99304039016178,152.97017779750803,0.37781796741889007,4.148967222802448,174.99626341772242
5.7329941354356375,0.26432497551466205,-0.5451114327657137,0.4059472860931153,0.0,0.05909680940509787,0.3499160542962123,0.0,1.9905457248124745,-1.773121407034136,0.0,78.4790939622887,298.97075260404455,0.35487135406523346,2.6657516400917647,309.0994647387319
5.741080163835406,0.26432497551466205,-0.5445684869604956,0.4087184692115523,0.0,0.0777117342596867,0.3463907063352494,0.0,2.6132882591871405,0.909762351449011,0.0,68.27979743681108,318.6242708974476,0.35500089447363525,2.7671181871613992,325.85818501756563
5.749166192235174,0.26432497551466205,-0.5438546741852756,0.4115491362708006,0.0,0.1013590555662347,0.36462878271792576,0.0,3.094770487221444,3.379688399630357,0.0,9.629843998650017,226.95267321957886,0.37845449836358847,4.582564570976918,227.15688362220345
5.757252220634943,0.26432497551466205,-0.5429293025567311,0.4146152665964125,0.0,0.12776053836056178,0.4010472190988068,0.0,2.7690226433039866,4.580053873562733,0.0,-121.55745292997409,20.629561866386922,0.4209057223524847,5.3520444583231175,123.29555217290667
5.76533824903471,0.26432497551466205,-0.5417885235021693,0.41803489467736227,0.0,0.14613984703294847,0.43869767410611615,0.0,1.1289364540311455,3.7133108458833313,1.3584063158577415e-11,-250.4351542524464,-182.09844665280167,0.4623986420362085,3.8811306284889713,309.6410999186153
5.773424277434478,0.26432497551466205,-0.5405659206498388,0.4217099102998809,0.0,0.146017762818218,0.46109909301276275,2.1968224096902e-13,-1.2810288958671752,1.6351474511862492,0.0,-288.9994880699205,-259.3531553316921,0.4836667867815918,2.0771957585089473,388.31013801493896
5.781510305834247,0.26432497551466205,-0.5394271159481318,0.42549181539977954,3.552713678800501e-15,0.12542297496713672,0.46514137156231783,0.0,-3.5447796820726403,-0.4809631132798593,-4.0752189475734484e-11,-204.38196364384243,-218.18609922780166,0.48175452067259444,3.577259916580128,298.9601327253469
5.789596334234015,0.2643249755146621,-0.5385375731747033,0.42923220298060116,0.0,0.0886913844578956,0.4533209302263188,-4.3936448193804e-13,-4.5863056207162405,-1.8933705383951107,2.9841774361414825e-24,-20.6346175723653,-112.39248479130168,0.46191560642428314,4.961758885947197,114.27098529338384
5.7976823626337834,0.26432497551466205,-0.5379927938410491,0.43282294723181836,-3.552713678800501e-15,0.05125297996887923,0.43452167567282274,4.8260286997175876e-26,-3.87848388948965,-2.298580761165855,4.075218947573747e-11,143.30947718247737,-17.892326843801996,0.4375339467803705,4.508448823778814,144.4220952977779
5.805768391033551,0.26432497551466205,-0.5377087070715011,0.4362593122002115,0.0,0.025968322700983038,0.4161481515984242,2.196822409690562e-13,-2.268696615809534,-2.182726264388993,0.0,197.5510158047288,21.08262492076271,0.41695759719986814,3.1482182706793314,198.67279863894245
5.813854419433319,0.26432497551466205,-0.5375728326513401,0.43955291877648994,0.0,0.01456348943709429,0.39922250254728553,0.0,-0.6836776410895813,-1.9576313534639596,-1.3584063158580399e-11,166.84605848055463,38.05062929751671,0.39948804958934847,2.0735803898067102,171.12994366981394
5.821940447833088,0.26432497551466205,-0.537473185493125,0.44271556118705946,0.0,0.014911849056709059,0.38448922615765113,0.0,0.42954731871681817,-1.5673693261314376,0.0,102.40818321980024,60.60924112338127,0.38477828456605956,1.625163838975789,118.99964747818518
5.830026476232856,0.26432497551466205,-0.537331677381409,0.4457709003807214,0.0,0.021510153073471372,0.37387491677923634,0.0,0.9724733146783899,-0.9774552634398219,0.0,51.72763501941141,78.34444960621597,0.37449317761733,1.3788122206405724,93.88078082761324
5.838112504632624,0.26432497551466205,-0.5371253220758541,0.4487618875771353,0.0,0.030638742737721714,0.36868176411829623,0.0,1.2660895703564434,-0.3003784371712719,0.0,35.72468496420146,79.02351790318427,0.36995266690473705,1.3012340318646831,86.72352332318104
5.846198533032392,0.26432497551466205,-0.5368361858935882,0.4517332428109956,0.0,0.041985425518575425,0.36901717963194614,0.0,1.5502149490649801,0.3005175565896181,0.0,38.010426459347926,50.06917097294493,0.37139797363406796,1.5790747892747616,62.86266301660699
5.85428456143216,0.26432497551466205,-0.536446331389615,0.45472965436614765,0.0,0.055708906945490355,0.3735417511127217,0.0,1.8807963460316022,0.5093430397088206,0.0,45.09035334492462,-9.682625532278593,0.3776730360211328,1.9485443868040695,46.1182523733119
5.8623705898319285,0.26432497551466205,-0.5359352582862257,0.45777418122698893,0.0,0.07240177085495958,0.3772543042005658,0.0,2.279418704470281,0.1439295865129644,1.3584063158578161e-11,51.52082050783473,-63.9528604864813,0.38413907177061163,2.2839582649783177,82.12407265962804
5.870456618231697,0.26432497551466205,-0.5352754458389615,0.46083063240154887,0.0,0.09257179570411012,0.3758693885609432,2.1968224096902e-13,2.713993981643041,-0.5249062525714017,-2.9841774361414825e-24,53.59577826012634,-78.28439012109477,0.3871011942852422,2.764288318244535,94.8733533925116
5.878542646631465,0.26432497551466205,-0.5344381819480637,0.46385276232800365,3.552713678800501e-15,0.11629263567969161,0.3687654904695492,-4.8260286997175876e-26,3.146172674708419,-1.1220900170424706,-4.0752189475739706e-11,51.11512406924709,-36.91442107165243,0.38666776963509214,3.3402826984296254,63.05101420016795
5.886628675031233,0.2643249755146621,-0.5333947547293818,0.46679432885913114,0.0,0.14345187890064182,0.3577228850711407,-4.3936448193806414e-13,3.5406306714062294,-1.1218883668642121,-2.9841774361413183e-24,45.0918579337677,58.47648324375085,0.38541419805677235,3.7141215729978168,73.84290585070283
5.894714703431001,0.26432497551466205,-0.5321182700144824,0.46963787714386795,-3.552713678800501e-15,0.1735519160038521,0.3506222480778831,0.0,3.875400762409903,-0.17640500858732366,2.7168126317157816e-11,39.29176749464588,150.23217956043936,0.3912240130613109,3.879413589235099,155.28538491543048
5.902800731830769,0.26432497551466205,-0.5305880632860991,0.4724646117702279,0.0,0.2061250801513026,0.3548700532525437,0.0,4.176059367083832,1.3076749741054101,0.0,25.951307282371204,173.40003608612085,0.41039042796201297,4.3760125314388905,175.33123756003113
5.910886760230538,0.26432497551466205,-0.5287848035104665,0.47537685580152267,-3.552713678800501e-15,0.24108738528656914,0.3717700420344485,0.0,4.295086777802641,2.627830224039137,2.7168126317157816e-11,-40.61837794567225,86.56497063291442,0.4430982864992938,5.035202291390949,95.62084902161668
5.918972788630306,0.264324975514662,-0.5266891843975929,0.47847689800637516,0.0,0.275585467480866,0.3973674728952439,4.3936448193806414e-13,3.519176651841372,2.707608596031129,-2.9841774361413183e-24,-180.33115569725754,-107.07591710842021,0.483578595888817,4.4402419546875045,209.72500504164452
5.9270588170300735,0.26432497551466205,-0.5243280196772393,0.48180310514347247,3.552713678800501e-15,0.2979997099877494,0.41555764204037615,4.8260286997175876e-26,1.3787610851408054,0.8961924106995838,-5.433625263431712e-11,-310.9054328753905,-288.1106900823101,0.5113628662808243,1.644427853964467,423.87493194471745
5.935144845429842,0.26432497551466205,-0.521869916161426,0.4851973197969333,0.0,0.29788287006275027,0.41186074746438806,-4.3936448193804e-13,-1.5088036679037948,-1.9517338485335642,-2.9841774361414825e-24,-339.7890768274499,-336.6834097289065,0.5082946778973254,2.466932006317074,478.34332348004335
5.94323087382961,0.26432497551466205,-0.5195106409829755,0.4884637405449662,-3.552713678800501e-15,0.2735992513710599,0.38399409138431295,0.0,-4.116327165174855,-4.5486708148979815,5.4336252634312646e-11,-228.24149853920346,-224.22401648500656,0.4714955064142908,6.134700931020284,319.95404548792584
5.951316902229379,0.264324975514662,-0.5174452535279425,0.49140729405348693,0.0,0.23131339334206658,0.338299384683463,4.3936448193804e-13,-5.199938146291167,-5.577897378949345,-2.9841774361414825e-24,-10.40200359820875,-0.1237229095611383,0.40981991120079964,7.625765266210598,10.402739361124937
5.959402930629147,0.26432497551466205,-0.515769827647354,0.4939347374093155,3.552713678800501e-15,0.18950555631516153,0.29378801814995725,-4.8260286997175876e-26,-4.2845489581940726,-4.550671668818808,-5.433625263431712e-11,171.84416207520027,187.36027415649812,0.3496051422430718,6.250277786830924,254.23274449080282
5.967488959028914,0.26432497551466205,-0.514380558907386,0.49615845057003116,0.0,0.16202342422975846,0.2647056639792851,-4.3936448193806414e-13,-2.4208645965424935,-2.5478963833139616,-2.9841774361413183e-24,236.0474202349231,252.88440974678429,0.31035572903017344,3.514592632851952,345.9319431514555
5.975574987428683,0.26432497551466205,-0.5131495756278551,0.4982155724423473,-3.552713678800501e-15,0.1503551965558927,0.25258329311967387,0.0,-0.4671766707709857,-0.46101063067671433,5.433625263431414e-11,239.94053606204847,249.34269155967348,0.2939472828493916,0.6563420170228353,346.03936001554166
5.983661015828451,0.264324975514662,-0.5119490061285786,0.5002432419329765,0.0,0.1544682165746316,0.257250173874791,4.3936448193804e-13,1.4594673811642398,1.4844877871384394,0.0,234.39419336408935,220.3460094713207,0.30006346310465304,2.0817658434236987,321.70328219142783
5.9917470442282195,0.26432497551466205,-0.510651506855687,0.5023758368659411,3.552713678800501e-15,0.17395778594115185,0.27659051393149525,0.0,3.3234595377946565,3.102437550044737,-4.075218947573374e-11,226.93660316194223,182.85694610805513,0.3267470331715902,4.546482382159406,291.43933261425957
5.999833072627988,0.26432497551466205,-0.5091357509336166,0.5047162794344897,0.0,0.20821539299080882,0.30742297015112996,-2.1968224096900794e-13,5.1294990173930906,4.441660705787729,2.9841774361413187e-24,186.83617830986074,132.51249218399684,0.37129844122330957,6.7852862868692165,229.05745591499067
6.007919101027755,0.26432497551466205,-0.5072842356937021,0.5073474986007072,0.0,0.2569123354035945,0.3484213031497596,0.0,6.344984825629991,5.245437100292438,1.3584063158579653e-11,15.371433230464618,-7.724343532647765,0.4328987786666829,8.232462742739816,17.203093982449474
6.016005129427524,0.26432497551466205,-0.5049809500529683,0.5103509685391959,0.0,0.31082684798309046,0.39225247687545206,0.0,5.378086708686197,4.316742183438432,0.0,-291.0830193891899,-250.91966699016206,0.5004751093131709,6.896236634891811,384.30457121816977
6.024091157827292,0.26432497551466205,-0.5022575262532986,0.5136910279364959,0.0,0.34388705912930106,0.41823190292928203,0.0,1.6375737026873693,1.1875499936067015,0.0,-539.6276762979008,-448.18086423688203,0.5414575090110468,2.0228501227348747,701.4728192131114
6.03217718622706,0.26432497551466205,-0.4994195890001036,0.5171146386287466,0.0,0.33730978291637825,0.41145760282434907,0.0,-3.3488027230054627,-2.9312642094658727,0.0,-558.2290084476709,-465.6689246592038,0.5320481637719032,4.450481945059927,726.9574769308925
6.040263214626829,0.26432497551466205,-0.4968025332849355,0.5203451436599725,0.0,0.2897300312824136,0.3708273316393509,0.0,-7.390137529077421,-6.3432743057611205,0.0,-298.77055500458016,-270.63550628168366,0.47059154361045363,9.739161237848348,403.12209291737923
6.048349243026596,0.26432497551466205,-0.49473405847767304,0.5231116792988386,0.0,0.21779605903975963,0.3088738104565465,0.0,-8.18053710856873,-7.307996989024662,0.0,119.73921917148766,44.41651142625642,0.3779393524352777,10.96941235327871,127.71181266850897
6.0564352714263645,0.26432497551466205,-0.4932803230474295,0.5253402684665648,0.0,0.15743392051193084,0.252641989242008,0.0,-5.453708075503668,-5.62496796013818,0.0,421.94186162640744,271.91311517836493,0.2976800531710444,7.834742901039894,501.96780454403756
6.064521299826133,0.26432497551466205,-0.49218802817298035,0.5271974198988083,0.0,0.12959838227462228,0.21790650910961773,0.0,-1.3568693562442125,-2.9106026458211787,0.0,508.2005717192836,337.7913255721928,0.25353301047504456,3.2113396288427403,610.2219274392111
6.072607328225901,0.26432497551466205,-0.4911844506481563,0.5288642649088743,0.0,0.1354905522131986,0.20557155793290605,0.0,2.7649404358976124,-0.16218745659388212,0.0,444.1804951004851,310.82401052591774,0.24620592025781926,2.769693193322696,542.1327123012666
6.08069335662567,0.26432497551466205,-0.4899968672667879,0.5305219348100685,0.0,0.17431315605129427,0.21528360434940907,0.0,5.826442839767168,2.1160609070637584,0.0,202.54075413408253,203.67490339122128,0.2770056076584656,6.19880229782154,287.23896559594107
6.088779385025437,0.26432497551466205,-0.4883654483875885,0.5323458435864217,0.0,0.2297161167571602,0.2397926151132168,0.0,6.0404410159751265,3.1316546496890574,0.0,-143.15769773816146,50.38356022133064,0.33206925868081283,6.803983282783234,151.7650472350839
6.096865413425205,0.26432497551466205,-0.4862818851788223,0.5343998746017887,0.0,0.2719995112558884,0.2659289012207111,0.0,3.511288420654539,2.9308667047258172,0.0,-365.543368306385,-52.15500753029312,0.3803970486582367,4.5737431075534865,369.2453099543207
6.104951441824974,0.26432497551466205,-0.48396665684211204,0.5366464608816014,0.0,0.2865008725355409,0.2871907579339137,0.0,0.128852901030303,2.2882009055288925,0.0,-368.3457970941515,-96.01854845083581,0.40566153552719547,2.2918260087029227,380.65494595963327
6.113037470224742,0.26432497551466205,-0.48164857679506073,0.539044339851398,0.0,0.27408332769013555,0.30293381623367566,0.0,-2.445620731822702,1.3780492853698334,0.0,-210.78708780236207,-145.01830369607097,0.40852241986896703,2.80714812520275,255.85446017430803
6.12112349862451,0.26432497551466205,-0.4795341656989011,0.5415455237642328,0.0,0.24695015515037966,0.3094766492494756,0.0,-3.280007855518427,-0.05704333881643109,0.0,-22.586039091699888,-201.79389901802023,0.3959295083212156,3.280503844650379,203.0539505716319
6.129209527024278,0.26432497551466205,-0.4776548848593146,0.5440492138011905,0.0,0.2210388543477677,0.3020113081183027,0.0,-2.810883438890352,-1.8853731113493417,0.0,78.2083354313293,-228.85025312357962,0.3742579396121103,3.384626637611178,241.84495464174105
6.137295555424046,0.26432497551466205,-0.47595951279148474,0.5464296677932242,0.0,0.20149238851977103,0.27898628820441473,0.0,-2.0152182127257845,-3.7580226309191147,0.0,103.59349979205115,-191.8031646468291,0.3441402790105789,4.264251228457574,217.99097955581632
6.145381583823815,0.26432497551466205,-0.4743963385074985,0.5485609959003243,0.0,0.1884486309481055,0.2412363526771344,0.0,-1.135563476190507,-4.9872247843487525,0.0,120.2217423483748,-62.338187299424334,0.30611740290153716,5.114871988435325,135.422734166229
6.153467612223583,0.26432497551466205,-0.47291191082799705,0.5503309557908319,0.0,0.1831279914833388,0.19833260571986955,0.0,-0.0709853669285998,-4.766159336705563,0.0,140.9710535507699,100.38896469697224,0.2699475574187606,4.766687921941566,173.06294280447207
6.161553640623351,0.26432497551466205,-0.4714347822276449,0.551768442065226,0.0,0.18730065156220022,0.16415775316828984,0.0,1.144228408923075,-3.363728745222632,0.0,152.864380901658,193.66277358105276,0.24905682484301833,3.5530169888734915,246.72411479130548
6.169639669023119,0.26432497551466205,-0.4698828740523431,0.5529857242991537,0.0,0.20163251830408413,0.14393419339389624,0.0,2.4011460836388867,-1.63423396239717,0.0,151.3722236906711,212.4190443727518,0.24773519020437598,2.904517715357701,260.835964769607
6.177725697422887,0.26432497551466205,-0.46817396968899777,0.5540961540161875,0.0,0.2261321224107924,0.13772882870467384,0.0,3.5922286083206423,0.0715241056766267,0.0,100.54500370392262,191.31271365183702,0.26477342586137864,3.5929405884498147,216.12462186121135
6.1858117258226555,0.26432497551466205,-0.4662258525245159,0.5552130827398993,0.0,0.25972624339476624,0.14509088529343472,0.0,4.027165594448352,1.4596861092538393,0.0,-48.53061991288243,128.69800661630413,0.2975047671940569,4.283543657143833,137.5441673650283
6.193897754222424,0.26432497551466205,-0.4639736621284873,0.5564425720542481,0.0,0.2912596731453512,0.16133495537302167,0.0,2.8073886665727805,2.152835578662648,0.0,-231.85000026802945,51.70024515581517,0.33295820312158053,3.5378146014110228,237.54439158493437
6.201983782622192,0.26432497551466205,-0.4615155845469948,0.5578222008019427,0.0,0.30512749236895687,0.1799066645516305,0.0,0.27767422114117934,2.2957854104636546,0.0,-321.4880122408343,5.928815736501548,0.3542163103944548,2.312516729449569,321.54267659301496
6.21006981102196,0.26432497551466205,-0.4590391229907966,0.559352032851992,0.0,0.29575023642141574,0.19846252743058557,0.0,-2.3917337277558417,2.2487167235073535,0.0,-253.20395020831504,-22.03354074450796,0.3561679058217616,3.282851980681813,254.16080995864561
6.218155839421728,0.26432497551466205,-0.45673269492511154,0.5610317480681296,0.0,0.26644823867432166,0.21627303913025742,0.0,-3.8171544434943936,1.9394577380485565,0.0,-47.994451163798345,-65.05797906844887,0.3431744328286799,4.281607684406106,80.84558109745366
6.226241867821496,0.26432497551466205,-0.45473010694081895,0.5628496127250149,0.0,0.23401899794862047,0.2298275481306078,0.0,-3.167902718039379,1.1965953907493283,0.0,157.1002596385182,-107.92245942396272,0.32800242877241514,3.3863620834346437,190.5983967052365
6.234327896221265,0.26432497551466205,-0.45294812639811577,0.5647485322305961,0.0,0.21521673598278213,0.23562444775551938,0.0,-1.2765201213983133,0.19412959429853593,0.0,244.27448525318061,-125.59797904967098,0.3191192940377877,1.2911970878674095,274.6723074630348
6.242413924621033,0.26432497551466205,-0.4512496096622945,0.5666601446774766,0.0,0.21337504203961544,0.23296702295607474,0.0,0.7825181321526493,-0.8345822603489719,0.0,221.0377364888509,-112.51781662059079,0.315915403787824,1.1440551457149564,248.0281032648913
6.250499953020801,0.26432497551466205,-0.4494974130986476,0.5685160881582607,0.0,0.22787166366262213,0.2221275360372701,0.0,2.2981147079404103,-1.6255149270495135,0.0,108.17484845583778,-63.13543215536155,0.31822340794850384,2.8148943122101087,125.25126998113723
6.258585981420569,0.26432497551466205,-0.4475644561745379,0.5702524038070123,0.0,0.2505402836282755,0.20667910322733718,0.0,2.531927925661778,-1.8556120552287805,0.0,-38.65515085524487,1.1090294508361893,0.32478713864836617,3.139101005105814,38.671056799169065
6.266672009820337,0.26432497551466205,-0.44544566140123937,0.5718585143549303,0.0,0.26881814588875486,0.19211847248220693,0.0,1.6729814127146447,-1.60757963977818,0.0,-125.60216003771721,39.25716163894515,0.3304129280581563,2.3201679045961376,131.59417671799383
6.274758038220106,0.26432497551466205,-0.4432171138504788,0.5733593546562348,0.0,0.2775958340592659,0.18068123398306568,0.0,0.5006826593873157,-1.220743007415166,0.0,-132.4691120616066,45.03106478581605,0.33121768582112704,1.3194304133087802,139.91376789342374
6.282844066619874,0.26432497551466205,-0.4409563658055181,0.5747805015335148,0.0,0.2769152142949096,0.1723765472286516,0.0,-0.4693165917298501,-0.8793347023183458,0.0,-83.82461007882672,33.89980122195544,0.32618355253210923,0.9967384722053305,90.41991914260613
6.290930095019642,0.26432497551466205,-0.43873882527624564,0.5761470379689245,0.0,0.2700060194808458,0.1664605832313697,0.0,-0.854933696006487,-0.6725134965606987,0.0,-11.431751227810821,17.227243823876968,0.3171945401888542,1.0877435486472027,20.675175111758094
6.29901612341941,0.26432497551466205,-0.4365898131222573,0.5774725115404163,0.0,0.2630891780032556,0.16150062076381744,0.0,-0.6541915219042345,-0.60073473669914,0.0,37.82406535787402,5.883704794552564,0.3087043344197277,0.8881715888320024,38.27894855277724
6.307102151819178,0.26432497551466205,-0.4344841321462338,0.5787588351810773,0.0,0.25942639703083614,0.15674546694801705,0.0,-0.24324076264957029,-0.5773618884314988,0.0,50.44686267107413,3.7553499426452106,0.3031026177471137,0.6265084347616807,50.58644686619073
6.3151881802189465,0.26432497551466205,-0.4323943546941755,0.5800074081349695,0.0,0.2591554745737241,0.15216349151021547,0.0,0.1616380065708043,-0.5400030041245447,0.0,45.485774230723244,9.62976380099759,0.3005250208387175,0.5636755180347257,46.493956685050264
6.323274208618715,0.26432497551466205,-0.43029305509151666,0.5812196318085964,0.0,0.26204041605406303,0.14801250769339447,0.0,0.492357761780589,-0.4216288012756433,0.0,33.900959443645874,22.285642156000783,0.30095328886635153,0.648218336404276,40.56999996925119
6.331360237018483,0.26432497551466205,-0.4281566222019749,0.582401074816429,0.0,0.2671179122629326,0.1453448865876652,0.0,0.7098862482522357,-0.17959833336355047,0.0,21.63397622682016,33.071725454682465,0.30410050165839747,0.732252720585318,39.5192099102767
6.339446265418251,0.26432497551466205,-0.4259732090422271,0.5835701575700142,0.0,0.2735207367820074,0.14510803324513688,0.0,0.8422236541205415,0.11320902123613052,0.0,-5.232376134522326,20.944681165024267,0.30962870468037024,0.8497981913662797,21.58836328019429
6.347532293818019,0.26432497551466205,-0.4237332293108854,0.5847477701721382,0.0,0.2807384010352827,0.147175709309316,0.0,0.6252679642081667,0.15912024008536285,0.0,-77.35690019797356,-32.34304117314174,0.3169775058683936,0.6451970845174742,83.84606323833448
6.355618322217787,0.26432497551466205,-0.42143309167487336,0.5859502915004765,0.0,0.28363260581411254,0.1476813348057533,0.0,-0.40879652971717917,-0.409844477685672,0.0,-171.66683726575542,-103.31144905503294,0.31977684677117063,0.5788670819784537,200.35657843624207
6.363704350617556,0.26432497551466205,-0.41914630669945896,0.5871360811068482,0.0,0.27412732033724296,0.14054768113720684,0.0,-2.1509378786504545,-1.5116383820750725,0.0,-219.21195480900644,-140.91606567133698,0.3080575245442373,2.6289892270558775,260.59781022770403
6.371790379017324,0.26432497551466205,-0.4169998890800747,0.5882232365828706,0.0,0.24884751626830237,0.12323503303047545,0.0,-3.9539047140259047,-2.688747095689778,0.0,-155.86767093045498,-108.16971642441175,0.27769040264100847,4.7814980322255165,189.72458563038754
6.3798764074170915,0.26432497551466205,-0.4151219305319445,0.5891290450607098,0.0,0.21018454872206505,0.09706511038612575,0.0,-4.671638706149249,-3.260965180080408,0.0,33.403460550113095,-2.5830444425052406,0.2315149674983648,5.697201252061285,33.50318336091242
6.38796243581686,0.26432497551466205,-0.4136007726197567,0.5897929790612882,0.0,0.17329750976554692,0.0704985189169065,0.0,-3.4137020527082047,-2.7305202371295767,0.0,235.42053557232146,110.16690202183466,0.18708839638100822,4.3713959406622465,259.922247740064
6.396048464216628,0.26432497551466205,-0.41231935336079784,0.5902691511129172,0.0,0.1549779652289729,0.05290698201898181,0.0,-0.8644044330963148,-1.4793397831543027,0.0,330.92702742041774,163.471068720108,0.16375994153903936,1.7133713018431178,369.1009181589883
6.404134492616397,0.26432497551466205,-0.4110944601633971,0.5906485937795912,0.0,0.159318312175742,0.046574551917920815,0.0,1.9380686312366322,-0.08685682870702216,0.0,343.2981429712103,170.86732964301854,0.16598648583810152,1.940013950485015,383.470024000335
6.412220521016165,0.26432497551466205,-0.4097428485670854,0.5910223574119469,0.0,0.18632052121473208,0.051502328451704216,0.0,4.687432634209571,1.283936377017755,0.0,268.9881096414017,140.49475793900456,0.1933075954578005,4.860094373618928,303.4689113184318
6.420306549415932,0.26432497551466205,-0.4080812741113934,0.5914814923606205,0.0,0.23512373898017458,0.06733844393404098,0.0,6.288159618757275,2.1852323767196467,0.0,7.039456615031213,33.42511039658329,0.2445764474831443,6.657040778847117,34.158336529443105
6.428392577815701,0.26432497551466205,-0.4059404141053788,0.5921113585520406,0.0,0.28801299573382266,0.08684203056819939,0.0,4.801275126425384,1.8244891608819165,0.0,-367.8271868361881,-119.82023484574225,0.30082058437676606,5.136244108081964,386.85104116999975
6.436478606215469,0.26432497551466205,-0.40342351158538126,0.5928859066115565,0.0,0.3127702330349287,0.09684418627396241,0.0,0.33963746082864077,0.2474927330604757,0.0,-575.8617824451219,-210.8705718752458,0.32742024233053996,0.42024547316523275,613.2562193438123
6.444564634615237,0.26432497551466205,-0.4008822761315336,0.593677528233168,0.0,0.29350563204159386,0.09084449710472597,0.0,-4.5115943279595765,-1.585721704835346,0.0,-433.18219738842146,-184.55140606628623,0.307243028715618,4.782153981759992,470.8567060319993
6.452650663015006,0.26432497551466205,-0.39867692183302067,0.5943550489786595,0.0,0.23980847330669874,0.07119980479510701,0.0,-6.6658096398850315,-2.737083088277868,0.0,-31.670012546950602,-82.57644778782178,0.2501549841049564,7.205875518444717,88.44127669803768
6.460736691414773,0.26432497551466205,-0.3970040798802076,0.5948289755204302,0.0,0.18570577993047976,0.04658023393604793,0.0,-5.02376356971129,-2.9211527087640095,0.0,320.9176091216031,7.263283419611895,0.1914584939174147,5.811310829088188,320.99979303787666
6.468822719814542,0.26432497551466205,-0.3956736774119829,0.5951083471676091,0.0,0.15856388350989192,0.023958757268857767,0.0,-1.475911837199023,-2.6196208562647243,0.0,446.6319736437057,42.60400306956291,0.16036373406604942,3.006780534352536,448.65935960194025
6.47690874821431,0.26432497551466205,-0.3944397757497305,0.5952164379038286,0.0,0.1618372498681886,0.004215576655283826,0.0,2.1991940765438986,-2.2321583512354017,0.0,388.69206174565255,71.92589741082473,0.1618921447490121,3.1335260476491524,395.2908468234986
6.484994776614078,0.26432497551466205,-0.3930564362148337,0.5951765217127212,0.0,0.19412937502896455,-0.012139834372881353,0.0,4.810038262880699,-1.4564311579792169,0.0,174.7592309543993,149.9730184432086,0.19450858548593003,5.025699932179502,230.2882868596231
6.493080805013847,0.26432497551466205,-0.3913003044703035,0.5950201118128133,0.0,0.23962546186344014,-0.019337910756171084,0.0,5.025410285781797,0.1932138214261332,1.3584063158579653e-11,-93.96619850897775,248.00961264096853,0.2404044857436746,5.029123196068235,265.21390315093186
6.501166833413614,0.26432497551466205,-0.38918119963496317,0.5948637879215881,0.0,0.27540059561160035,-0.00901516947832448,2.1968224096900794e-13,3.2904115633572673,2.5543943844813244,2.9841774361413187e-24,-243.40207154440373,290.0910080074219,0.27554811076098334,4.165541852837988,378.678440578374
6.5092528618133825,0.26432497551466205,-0.3868465103954467,0.5948743179799525,3.552713678800501e-15,0.2928381845599013,0.021971900318078497,0.0,1.0890981596409688,4.884582079956757,-4.075218947573374e-11,-242.57754330678176,194.81635539196154,0.29366131297793785,5.004525641573637,311.12260741540564
6.517338890213151,0.2643249755146621,-0.38444540388118725,0.5952191187415258,0.0,0.293013552909585,0.06997856936073532,-4.3936448193804e-13,-0.6325662452920824,5.704975549358855,0.0,-160.26833703091341,-62.220688059440164,0.30125394994667437,5.739937810940576,171.92252289111107
6.525424918612919,0.26432497551466205,-0.3821078785747588,0.5960060153784046,-3.552713678800501e-15,0.28260828731156806,0.11423308894227802,0.0,-1.5027704899902545,3.878345578553235,4.075218947573374e-11,-74.42801511450722,-329.08149357856877,0.3048223132686848,4.15931287261117,337.39318139195836
6.5335109470126875,0.26432497551466205,-0.37987504660676474,0.5970665027442869,0.0,0.268710663188795,0.1326993943453303,2.1968224096900794e-13,-1.8362203332006697,0.38305094352986746,-2.9841774361413187e-24,-34.712289415011895,-449.10989607216004,0.29969075689947383,1.875748687164328,450.4493776068271
6.541596975412455,0.26432497551466205,-0.3777622744670286,0.5981520375210212,0.0,0.2529128277865844,0.12042781055816221,0.0,-2.0641396060517643,-3.3846851699593348,-1.3584063158579653e-11,-15.693165103395714,-406.4902654994159,0.28012096675336373,3.9644376666829033,406.7930817710007
6.549683003812223,0.26432497551466205,-0.3757849259904689,0.5990140681368771,0.0,0.23532928023755417,0.07796207352819806,0.0,-2.0900110906172564,-6.190732718584975,0.0,33.03516977010521,-174.5432730405496,0.24790715005005698,6.534012392998781,177.6419899839211
6.557769032211992,0.26432497551466205,-0.3739565159804328,0.5994128446023288,0.0,0.21911304971746048,0.020310929402455713,0.0,-1.529892964147285,-6.207408895548147,0.0,106.63474503575407,175.79834453515147,0.22005240832510298,6.393160226232221,205.6113488845888
6.56585506061176,0.26432497551466205,-0.37224141730491844,0.599342537640825,0.0,0.21058776432415272,-0.02242449570855598,0.0,-0.365507937094927,-3.3477119054979827,0.0,156.99160810785278,417.043323637842,0.21177833810573718,3.3676061311103953,445.61362053598344
6.573941089011528,0.26432497551466205,-0.3705508786944951,0.5990501943840291,0.0,0.21320203459807985,-0.03382845768174292,0.0,1.0089842392235173,0.5370394221906025,0.0,150.2565113622216,424.7818491946123,0.21586910873463647,1.1430050463529355,450.57367722930707
6.582027117411296,0.26432497551466205,-0.3687935018916217,0.5987954619017551,0.0,0.22690511475071062,-0.01373946366930312,0.0,2.064448899155055,3.521884287089244,0.0,73.64941285036605,205.2981983533357,0.22732070728808068,4.082354490838422,218.10911549114408
6.590113145811064,0.26432497551466205,-0.36688135629064145,0.598827998997174,0.0,0.24658841945495524,0.023127655050458884,0.0,2.2000467270919994,3.8571335468028267,0.0,-40.015306918002906,-122.10304222618076,0.24767062207178706,4.440459976090311,128.492714613049
6.598199174210833,0.26432497551466205,-0.36480565996608816,0.5991694836528711,0.0,0.26248439538287727,0.04863831913299066,0.0,1.4173190828262179,1.54722695281122,0.0,-116.91587775786525,-343.49004847728224,0.2669526997570867,2.098262287238858,362.8425772629472
6.606285202610601,0.26432497551466205,-0.36263644373951753,0.5996145806568267,0.0,0.2695093841654881,0.048149497213096026,0.0,0.3092765112241125,-1.6978070272473975,0.0,-127.73056248501109,-365.0210693180395,0.2737767014103548,1.725746407258495,386.72403292118054
6.614371231010369,0.26432497551466205,-0.3604471388973557,0.5999481600566705,0.0,0.26748603268915616,0.021181287453693187,0.0,-0.6483468287181537,-4.355914513227741,0.0,-81.82828677311836,-188.88793992633998,0.2683233583234607,4.403901095262807,205.85072835878023
6.622457259410137,0.26432497551466205,-0.358310644425786,0.5999571256406152,0.0,0.2590242824256599,-0.02229459970874359,0.0,-1.014055190279528,-4.752513520483725,0.0,-0.2044684520084843,122.96927595924933,0.2599819764181762,4.8594951066251175,122.96944595016228
6.630543287809905,0.26432497551466205,-0.35625818348950894,0.5995876105238578,0.0,0.2510866745540916,-0.05567663114013044,0.0,-0.6516535041376681,-2.36724839781666,0.0,64.77423810327271,371.0377799534375,0.25718554662683996,2.455303905104304,376.64935427348735
6.6386293162096734,0.26432497551466205,-0.35425005646329044,0.5990567199994101,0.0,0.24848570494312838,-0.06057787525684688,0.0,0.03347746747331293,1.2479305316972678,0.0,80.12917400555558,413.96961324147946,0.2557632196616972,1.2483794906880887,421.65332349468406
6.646715344609442,0.26432497551466205,-0.35223965855529576,0.5986079416844088,0.0,0.25162807405957466,-0.03549502769964619,0.0,0.644200049180137,4.327491700806788,0.0,52.94508675741943,238.26636737763226,0.2541192331295084,4.375177496275473,244.07794663812518
6.65480137300921,0.26432497551466205,-0.35018071295724096,0.5984826923953503,0.0,0.2589037447287339,0.0094065663281242,0.0,0.8897084177706986,5.101187758347616,0.0,2.578656220857262,-79.7338385211794,0.2590745694286624,5.17819443576307,79.77552552773862
6.662887401408978,0.26432497551466205,-0.34805265248993017,0.5987600652093558,0.0,0.26601648912678755,0.04700167047344905,0.0,0.6859022240503663,3.038031535397569,1.3584063158577415e-11,-37.57290919130415,-333.1933624686352,0.27013687181619056,3.1144979484705635,335.30514505186665
6.670973429808746,0.26432497551466205,-0.34587867918546944,0.5992428060799201,0.0,0.269996194455004,0.05853778487735184,2.1968224096902e-13,0.28207719620510474,-0.2872342247236168,0.0,-54.21029419489238,-396.73810348823497,0.27626910301105234,0.4025804819803245,400.4246230642394
6.679059458208514,0.26432497551466205,-0.3436862586975451,0.5997067415913113,3.552713678800501e-15,0.27057825756567055,0.04235650227644783,0.0,-0.19078973278902822,-3.378039608754638,-4.0752189475734484e-11,-74.21584629551306,-281.5709227927342,0.2738734502509673,3.38342316603361,291.1875278986226
6.687145486608283,0.2643249755146621,-0.3415028722353977,0.5999277978405645,0.0,0.2669107320595714,0.003907936453487082,-4.3936448193804e-13,-0.9181456855116181,-4.840815181225679,2.9841774361414825e-24,-113.27974942971602,-31.669383124237413,0.2669393392812322,4.927117120447677,117.6233457198399
6.695231515008051,0.26432497551466205,-0.3393697631782718,0.5997699409616061,-3.552713678800501e-15,0.25572995338932714,-0.03592943579039343,4.8260286997175876e-26,-2.0227562748036814,-3.8901986714460945,4.075218947573747e-11,-147.62942273804182,196.06916795904627,0.25824161828939085,4.3846537663284915,245.4334229116323
6.7033175434078185,0.26432497551466205,-0.33736719290384287,0.599346744964187,0.0,0.2341986026918299,-0.059004577422619775,2.196822409690562e-13,-3.3056170953138952,-1.6699734603543943,0.0,-127.71232335587484,256.16937809994783,0.24151713326310315,3.703500471057011,286.23973835418025
6.711403571807587,0.26432497551466205,-0.33558229007316764,0.5988157155840949,0.0,0.20227132596639308,-0.06293634144495996,0.0,-4.088127222115519,0.2525870614879957,-1.3584063158580399e-11,-8.2527920605568,159.49126892631017,0.21183642836556565,4.095922900621189,159.70464439245146
6.719489600207355,0.26432497551466205,-0.33409604953139677,0.5983289348755841,0.0,0.1680851770520455,-0.054919725117407836,0.0,-3.4390817172719856,0.9093283997520771,0.0,166.48677473546064,4.981942923705777,0.17682987007739706,3.557268783304138,166.56129777685774
6.7275756286071235,0.26432497551466205,-0.3328640070427218,0.5979275506700812,0.0,0.1466543010964223,-0.04823063091473756,0.0,-1.3956936447219768,0.3331553254222155,0.0,282.58384119941553,-97.67414017832755,0.15438159795945153,1.4349053002809968,298.98806826793617
6.735661657006892,0.26432497551466205,-0.3317243478441691,0.5975489463729535,0.0,0.1455139401548493,-0.04953191827161163,0.0,1.1308802132362228,-0.670263343057746,0.0,305.0305108791547,-120.1079903164105,0.1537131019368703,1.3145885309617418,327.82547476522484
6.743747685406659,0.26432497551466205,-0.33051074733741326,0.5971265176744026,0.0,0.16494296013834742,-0.059070167769313286,0.0,3.5372771028071543,-1.60923791605288,0.0,238.55822515289555,-81.88462422565651,0.17520121238020953,3.886126088086437,252.22037679909326
6.751833713806428,0.26432497551466205,-0.32905688092412816,0.59659366026463,0.0,0.20271898637714614,-0.07555660525398622,0.0,4.988857380405198,-1.9945061370436488,0.0,73.94555851893912,13.575674634630829,0.21634183145033292,5.372778861327553,75.18141104331049
6.759919742206196,0.26432497551466205,-0.32723236437537756,0.595904611962655,0.0,0.2456230450590482,-0.09132543430460771,0.0,4.733128875248903,-1.3896913347696005,0.0,-99.67314604546684,114.13154801984122,0.2620515506823122,4.932925192585903,151.52803798639474
6.768005770605964,0.26432497551466205,-0.3250846510881581,0.5951167401538136,0.0,0.2792634153871987,-0.09803077245370417,0.0,3.3769376011693915,-0.14876425984772546,0.0,-183.06098756020523,153.60292462408512,0.2959697408884783,3.3802127695161035,238.96690904723604
6.776091799005733,0.26432497551466205,-0.3227161005597032,0.5943192527424312,0.0,0.30023507175365083,-0.09373125836460616,0.0,1.7726561866459818,1.0943838868260594,0.0,-206.68841718808184,127.69573910247729,0.31452606744995304,2.0832633169618253,242.95329506850183
6.7841778274055,0.26432497551466205,-0.3202292324545453,0.5936009129196491,0.0,0.3079309119236875,-0.08033233407545737,0.0,0.034360778597591235,1.9163384859762904,0.0,-224.9566938655907,70.26345326565382,0.31823690926126824,1.9166465130377415,235.67449369787943
6.792263855805269,0.26432497551466205,-0.3177362243617405,0.5930201136729236,0.0,0.30079075621680573,-0.06274012352226066,0.0,-1.8653562439841593,2.2306884439696875,0.0,-238.6857957236001,24.949848691776296,0.30726438473254003,2.907838518733562,239.98625800230874
6.800349884205037,0.26432497551466205,-0.3153648272602315,0.5925862760784372,0.0,0.27776426479460525,-0.04425751385750942,0.0,-3.8256794670870846,2.319828856159543,0.0,-212.14062042561125,-2.5646325279408586,0.2812680471182875,4.474084186374036,212.15612217083589
6.808435912604805,0.26432497551466205,-0.3132442048946006,0.5923043786450137,0.0,0.2389216505782521,-0.025223719495244268,0.0,-5.296106406996101,2.1892130610578886,0.0,-80.29535811035325,-57.72777226176163,0.24024943525471845,5.730741391908345,98.89307470382184
6.816521941004574,0.26432497551466205,-0.31150097275644095,0.5921783566540645,0.0,0.19211533116427404,-0.008853435887793637,0.0,-5.124220559186858,1.3862520442316146,0.0,138.13376302630357,-147.15030917421123,0.19231922367610046,5.308420769808061,201.82702984950492
6.824607969404342,0.26432497551466205,-0.3101373048469501,0.5921612003769652,0.0,0.1560524646417285,-0.002805172697456726,0.0,-3.062199345400977,-0.19051009697684262,0.0,303.60083924340813,-214.89075355171542,0.1560776752601745,3.068119770808222,371.9563221015686
6.8326939978041095,0.26432497551466205,-0.30897728343454733,0.5921329912418687,0.0,0.14259326941894557,-0.011934375996986546,0.0,-0.21437054255580534,-2.0889734279017445,0.0,352.5831509805537,-234.32586559362164,0.14309182301592724,2.099943978299239,423.34795339244994
6.840780026203878,0.26432497551466205,-0.30783127839467544,0.5919681969704749,0.0,0.1525856520513713,-0.03658816962620648,0.0,2.639795398815851,-3.980041304957287,0.0,294.7565831338095,-197.41685298988395,0.1569110428508402,4.7759029027792685,354.7602812395263
6.848866054603646,0.26432497551466205,-0.30650965960277826,0.5915412852844826,0.0,0.18528419054775114,-0.07629983004525798,0.0,4.552449661921525,-5.281609987639936,0.0,82.49334261956648,-64.51461484816497,0.20037937850954277,6.972818797722147,104.72481609225318
6.8569520830034145,0.26432497551466205,-0.304834851941081,0.5907342717851879,0.0,0.22620812656099787,-0.12200266633931989,0.0,3.973882421243122,-5.023375320682045,1.3584063158580399e-11,-217.92427457081044,123.59077286200466,0.25701121982539954,6.4051573837262215,250.5307737261864
6.865038111403183,0.26432497551466205,-0.30285140893151696,0.5895682512347482,0.0,0.24955004277877535,-0.15753814105671893,2.196822409690562e-13,1.0281659155645464,-3.2828929890169567,0.0,-393.99258139915423,238.43486160751786,0.29511606147157643,3.440132486876831,460.5228956603193
6.87312413980295,0.26432497551466205,-0.30079911447493607,0.5881865560199254,3.552713678800501e-15,0.24283568414685774,-0.175093798224502,4.8260286997175876e-26,-2.3977879837396863,-1.1673931957758459,-4.075218947573747e-11,-333.8836432382173,226.8169957615159,0.299377700692211,2.666869717198456,403.63874540027086
6.881210168202719,0.2643249755146621,-0.29892425645453985,0.5867366243846152,0.0,0.2107728793124899,-0.17641729012619578,-4.3936448193804e-13,-4.371419327319698,0.3852043495382915,-2.9841774361414825e-24,-111.36376663416468,140.02656564856488,0.2748604498816586,4.388358386249625,178.91150775252146
6.889296196602487,0.26432497551466205,-0.2973904834988926,0.5853335255835843,-3.552713678800501e-15,0.17214084249085104,-0.16886425160434015,0.0,-4.198769143157747,1.097124377336801,4.0752189475734484e-11,90.85205040683672,60.747058048859685,0.24113814530960026,4.339740109370641,109.28998181314667
6.897382225002255,0.26432497551466205,-0.2961403849722577,0.5840057421162586,0.0,0.14287014624120076,-0.1586745323797487,2.1968224096902e-13,-2.902154807785963,1.3676092227092038,0.0,163.94501788763841,25.615014561923587,0.21351694525941967,3.2082483560962753,165.93401658847904
6.905468253402024,0.26432497551466205,-0.2950799793789218,0.5827674320332991,0.0,0.12520703009828793,-0.14674719757511667,0.0,-1.5474410018777984,1.511371847753189,-1.3584063158577415e-11,148.95780811720502,1.4226583994442734,0.1929029299471211,2.16305767756513,148.96460168779552
6.913554281801791,0.26432497551466205,-0.2941155297698069,0.581632538101901,0.0,0.11784484246490123,-0.1342325410126648,0.0,-0.4932006741801329,1.3906165351513824,0.0,107.27588536649947,-35.271482823323666,0.1786218966484628,1.4754867850469464,112.92560861789654
6.92164031020156,0.26432497551466205,-0.293174185893047,0.5805966157556963,0.0,0.11723096078187822,-0.12425806798227512,0.0,0.187430709489683,0.9409594241305106,0.0,73.78238181522725,-64.75705518323757,0.17083080993933727,0.9594451045890161,98.16983275086524
6.929726338601328,0.26432497551466205,-0.2922196640133781,0.5796230295686909,0.0,0.12087598254474585,-0.11901529175956682,0.0,0.7000121953408263,0.3433617605573316,0.0,62.13775507241362,-74.60740179452742,0.16963384930128927,0.779688638008092,97.09461884146474
6.937812367001096,0.26432497551466205,-0.2912193726376336,0.5786718936973472,0.0,0.12855159776529845,-0.11870520208775304,0.0,1.192326013916456,-0.26559571535644366,0.0,53.611068618878676,-74.04629229294085,0.17497553626351706,1.2215491834050751,91.41662912615925
6.945898395400865,0.26432497551466205,-0.29014072027264654,0.5777033222981274,0.0,0.14015834656536796,-0.12331052075402482,0.0,1.5670134421291921,-0.8541190841992048,0.0,27.460943270059644,-69.50348128235414,0.1866811362740397,1.7846709886718244,74.73176911894959
6.953984423800632,0.26432497551466205,-0.2889527238960494,0.5766777089517326,0.0,0.15389342815704765,-0.13251806443098957,0.0,1.636425948248725,-1.3896099624201552,0.0,-9.039870073377742,-63.162544306338646,0.20308674164126098,2.1468362144698148,63.80616156919129
6.9620704522004,0.26432497551466205,-0.28765194701141544,0.5755602326331849,0.0,0.1666227199486805,-0.14578337199548486,0.0,1.420820149842072,-1.8755873383245056,0.0,-32.684312975178486,-58.110959066689276,0.2213953982210794,2.3529891121466013,66.67194221192193
6.970156480600169,0.26432497551466205,-0.28625809180494605,0.5743200919793937,0.0,0.1768710123222199,-0.16285016939886532,0.0,1.1078533823603038,-2.3293836931222067,0.0,-44.51721362115835,-29.729101888745717,0.2404236524827081,2.5794122405289963,53.53131614021152
6.978242508999937,0.26432497551466205,-0.28479157895394897,0.5729266104438523,0.0,0.1845389877737702,-0.18345429738857177,0.0,0.7008852426035901,-2.3563680626685155,0.0,-66.43840791347593,71.92145068467838,0.2602116777527524,2.45839593435713,97.91198657297299
6.9863285373997055,0.26432497551466205,-0.2832737168129396,0.5713532586619066,0.0,0.18820576827556224,-0.20095748754895482,0.0,0.03340767591278215,-1.1662659075445099,0.0,-98.93150355539282,223.7275074406224,0.27532766481809084,1.1667442907126278,244.62510088158257
6.994414565799473,0.26432497551466205,-0.2817479045793963,0.5696767145409185,0.0,0.18507925860617291,-0.20231521588874557,0.0,-0.899040652157673,1.261765895279666,0.0,-118.5803902212441,319.32327151674366,0.27420025263722925,1.5492989604085428,340.62980004277154
7.002500594199241,0.26432497551466205,-0.28028060453034465,0.5680814054991434,0.0,0.17366643178377572,-0.18055213782277235,0.0,-1.884281130056305,3.9978481768379,0.0,-96.33423671803058,255.42233500908793,0.2505176720330967,4.41964992076662,272.98508088454264
7.01058662259901,0.26432497551466205,-0.2789393611804162,0.5667568151127709,0.0,0.15460655714460714,-0.1376617880969988,0.0,-2.456963400101678,5.392470404916929,0.0,-18.10016200040566,0.29543992327583624,0.2070119692534025,5.925825361698077,18.102572999140047
7.018672650998778,0.26432497551466205,-0.2777802985066212,0.5658551312429131,0.0,0.13393228012294855,-0.09334480014463509,0.0,-2.176997978007681,4.002626048057968,0.0,73.61919219770303,-299.2297676284205,0.1632516688214054,4.556351114306455,308.15294789244007
7.026758679398546,0.26432497551466205,-0.2767734007389764,0.5652472377028904,0.0,0.11940002219179036,-0.07293109230050021,0.0,-1.2663896423444152,0.5533096067179422,0.0,122.00105166771755,-457.2289859865316,0.1399117919388645,1.381989235531008,473.2257413056701
7.034844707798314,0.26432497551466205,-0.2758493545658697,0.5646756854757773,0.0,0.11345215489660987,-0.08439664575706018,0.0,-0.20399004083426586,-3.391707083710333,0.0,125.73275343934938,-462.32754155690657,0.14140079655266113,3.3978359110543312,479.11948506556627
7.042930736198082,0.26432497551466205,-0.27493864604595863,0.5638823703540168,0.0,0.11610108366487992,-0.1277819719056552,0.0,0.7669675878387654,-6.923477655330061,0.0,86.3485950666202,-284.69374258697815,0.17264904857037905,6.9658296077818225,297.5005998954619
7.0510167645978505,0.26432497551466205,-0.2739717612463535,0.5626091881681623,0.0,0.12585559829054205,-0.19636351964938115,0.0,1.1924443431433112,-7.995790459299626,0.0,-3.1996068266828246,119.06014041489686,0.23323435310897747,8.084218489162785,119.10312556545405
7.059102792997619,0.26432497551466205,-0.2729033021618643,0.5607067683608901,0.0,0.1353853613124798,-0.25709034937064246,0.0,0.7152233645014654,-4.998030301979533,1.3584063158580399e-11,-92.15300562427836,519.7747238259132,0.29055919155523147,5.048945569189117,527.8806114775315
7.067188821397387,0.26432497551466205,-0.27178230149338223,0.5584515084355275,0.0,0.13742223116561547,-0.2771919495787998,2.196822409690562e-13,-0.2978592980605441,0.4100358973765452,0.0,-123.2519518237286,637.1408579332962,0.30938688810263393,0.5068033135038768,648.9526303793948
7.075274849797155,0.26432497551466205,-0.270680902033935,0.5562240044079276,3.552713678800501e-15,0.1305683638259758,-0.2504592255484255,4.8260286997175876e-26,-1.2780142010455293,5.30584784182277,-4.075218947573747e-11,-95.25353350109803,410.53767363275847,0.28244985624798863,5.457594856587413,421.4432549184316
7.083360878196923,0.2643249755146621,-0.2696707424973661,0.5544010676139908,0.0,0.11675411291569304,-0.19138547691114383,-4.3936448193804e-13,-1.8383048521967433,7.049274473714467,-2.9841774361414825e-24,-38.408625082665935,-16.25992489882458,0.22418725132182776,7.285028162977304,41.708603890039406
7.091446906596691,0.26432497551466205,-0.2687927478882829,0.5531289076047141,-3.552713678800501e-15,0.10083919334138614,-0.13645795836399088,0.0,-1.8991606674745132,5.042891412802777,4.0752189475734484e-11,5.756347636268913,-347.85522199948275,0.16967415040191042,5.3886515049873305,347.90284708581936
7.09953293499646,0.26432497551466205,-0.2680399653350297,0.5521942617605795,0.0,0.08604077872984917,-0.10983155054940141,2.1968224096902e-13,-1.7452128712651236,1.4237400655233818,0.0,21.196960202337877,-443.06237187836996,0.1395205544015812,2.2522885561592636,443.56913384083265
7.107618963396228,0.26432497551466205,-0.2674012915275874,0.551352705530848,0.0,0.07261551166000402,-0.11343315315657065,0.0,-1.5563622231047858,-2.1223384309516753,-1.3584063158577415e-11,32.662766384784376,-344.54412193440527,0.1346851616499984,2.631840379848689,346.0888733655812
7.115704991795996,0.26432497551466205,-0.26686562315593676,0.550359814364781,0.0,0.06087120045714656,-0.14415412820258666,0.0,-1.2169887580604382,-4.148247044346181,0.0,59.59948476068583,-72.5030528675905,0.1564791223228898,4.32307936292781,93.85516106671942
7.123791020195764,0.26432497551466205,-0.26641687901633854,0.5490214367816681,0.0,0.05293430034025448,-0.1805188399762443,0.0,-0.5925159703318741,-3.294861920065781,0.0,89.27563516785061,227.20426744843653,0.18811988661191872,3.3477141824531387,244.11455954408748
7.131877048595532,0.26432497551466205,-0.26600956664419045,0.5474404534312987,0.0,0.051288998530306884,-0.197438822320521,0.0,0.2267818846887586,-0.47388672607293714,0.0,102.85830569685314,370.36609860225286,0.20399178887777833,0.5253557388771082,384.3837640232493
7.139963076995301,0.26432497551466205,-0.2655874304189151,0.545828444932667,0.0,0.05660182986054707,-0.18818256302684233,0.0,1.0709143917017445,2.6947196631526644,0.0,88.77146792575246,326.1020037701411,0.19651067190082527,2.89971924457102,337.9687713097085
7.148049105395069,0.26432497551466205,-0.26509419863672795,0.5443971543333461,0.0,0.0686078869003488,-0.15385966286918773,0.0,1.6623991061622783,4.799853401340517,0.0,35.25378835951237,100.77523376141173,0.16846316512267945,5.07958300085049,106.76365174236253
7.1561351337948365,0.26432497551466205,-0.2644778997750665,0.543340217725589,0.0,0.0834862426289007,-0.1105590611909193,0.0,1.6410406594506606,4.324462467528997,0.0,-35.828268009608706,-198.5329935610857,0.13853973696997232,4.6253637780219234,201.7399670885629
7.164221162194605,0.26432497551466205,-0.26374405437895354,0.5426091869160632,0.0,0.09514688965533225,-0.08392421021684981,0.0,1.0829823208818352,1.5891665528885124,0.0,-79.1246164126317,-380.7915950772714,0.12687081489296886,1.923096731878603,388.92537048120005
7.172307190594373,0.26432497551466205,-0.2629391788712612,0.5419829906311059,0.0,0.10100029423509582,-0.08485896943368232,0.0,0.3614328685840267,-1.8337208368468172,0.0,-89.2194126109685,-392.63592370275285,0.13191703502172325,1.8690012910586953,402.6450945541994
7.1803932189941415,0.26432497551466205,-0.26211067188381365,0.5412368428424316,0.0,0.10099200253529261,-0.11357924774483052,0.0,-0.35987908748404873,-4.760563906770967,0.0,-88.1611763977133,-214.4925769566547,0.15198562463065426,4.774147218934373,231.90398572110647
7.18847924739391,0.26432497551466205,-0.26130593046996153,0.5401461805853278,0.0,0.09518030919133835,-0.16184707933180675,0.0,-1.0643146836337678,-5.302506974468835,-1.3584063158579653e-11,-85.59936369338656,147.53259635282598,0.18775986883781878,5.408266446846816,170.5670485507636
7.196565275793677,0.26432497551466205,-0.2605714105173739,0.5386194426826387,0.0,0.08377984501898794,-0.1993316917158765,-2.1968224096900794e-13,-1.744196859137623,-2.374658378770455,-2.9841774361413187e-24,-79.66623620005603,463.78719065633993,0.21622253757117657,2.94639187809264,470.57971419004383
7.204651304193446,0.26432497551466205,-0.2599510380576582,0.5369225771449511,-3.552713678800501e-15,0.06697305851579216,-0.20025018951277218,0.0,-2.3526815804663026,2.197885815722822,4.075218947573374e-11,-43.603942374190225,484.1482395955958,0.2111528568759156,3.219598216862004,486.107829286966
7.212737332593214,0.264324975514662,-0.2594883184110178,0.5353809852437202,0.0,0.04573214486846311,-0.16378735746511097,4.3936448193804e-13,-2.449362291896753,5.455014451365225,0.0,50.30130444403021,214.55295381593305,0.17005213182925447,5.97967877912929,220.37057702858817
7.220823360992982,0.26432497551466205,-0.25921145521328076,0.5342737986969793,3.552713678800501e-15,0.027361832408594466,-0.11203138596300022,0.0,-1.539206027906658,5.667648371342467,-4.075218947573374e-11,156.93319655208856,-107.8827929529563,0.11532433096943044,5.872937361961653,190.43824509637474
7.228909389392751,0.26432497551466205,-0.2590458213031666,0.5335692073065957,0.0,0.02084001755896736,-0.0721298260839589,-2.1968224096900794e-13,0.08857027647648152,3.7103277960373577,2.9841774361413187e-24,211.2386107566773,-272.4100720694177,0.07508007820161235,3.7113847884479125,344.71582214815203
7.236995417792518,0.26432497551466205,-0.25887442926561377,0.5331073110526089,0.0,0.02879419595052113,-0.052027754100585355,0.0,1.8769567835053473,1.2622172130702518,1.3584063158579653e-11,201.07484335950116,-285.68230410530407,0.05946421543405734,2.26189280473624,349.35007014592594
7.245081446192287,0.26432497551466205,-0.25858015993075784,0.5327278115121289,0.0,0.051194269272091475,-0.05171717762083716,0.0,3.340364064244066,-0.9097426525758534,0.0,101.4377806162086,-200.74817009059586,0.07277032133616444,3.46203174098807,224.9209886405999
7.253167474592055,0.26432497551466205,-0.25804651263513473,0.532270937918613,0.0,0.08281475332860744,-0.06674016395100324,0.0,3.517414333249616,-1.98429359603792,0.0,-82.13198506055679,-44.14226919409151,0.1063603913733157,4.038517632377868,93.2427096323952
7.261253502991823,0.26432497551466205,-0.257240875036088,0.5316484857899029,0.0,0.10807809365690879,-0.08380728636291934,0.0,2.012120936786042,-1.6236139372431406,0.0,-235.36341810829853,86.58158137927477,0.13676452601470862,2.585488905693256,250.7833902349949
7.269339531391592,0.26432497551466205,-0.25629866756572955,0.5309156017233368,0.0,0.11535488740584832,-0.09299734076461874,0.0,-0.2888962329308935,-0.5840913441785789,0.0,-281.5309218827589,128.81462790527806,0.14817305908196185,0.6516315920410859,309.60114395546304
7.277425559791359,0.26432497551466205,-0.25537534924485655,0.5301445275128517,0.0,0.10340604736878056,-0.09325324475709351,0.0,-2.540813122727621,0.45958354185208705,0.0,-217.56202417994703,99.40334829333499,0.1392443115181402,2.582043445909885,239.1950250678344
7.285511588191127,0.26432497551466205,-0.25462637909426616,0.5294075049523841,0.0,0.07426471326808937,-0.08556492962165407,0.0,-3.8073216453908736,1.0234652504852235,0.0,-41.66175673384353,13.757893030505109,0.11329874146675303,3.9424838909515723,43.87461218961118
7.293597616590896,0.26432497551466205,-0.2541743360836837,0.5287607666109619,0.0,0.04183382546541381,-0.07670170659389441,0.0,-3.2145694189958194,0.6820769693833659,0.0,151.55387471099542,-80.31708240680062,0.08736830516546931,3.28613535048487,171.52087530751731
7.301683644990664,0.26432497551466205,-0.2539498400926976,0.5281670805967262,0.0,0.02227851403803527,-0.07453434213113042,0.0,-1.3563837753747863,-0.2754271681706264,0.0,233.8158794336327,-117.91018340936671,0.07779267539211733,1.384065414301813,261.8638516996066
7.3097696733904325,0.26432497551466205,-0.25381404668925134,0.5275553929965012,0.0,0.01989831000808273,-0.08115593040168534,0.0,0.5667142638385145,-1.224773213956703,0.0,174.6417480684124,-74.16082144095355,0.08355972582854111,1.349531208406779,189.73552014630212
7.3178557017902,0.26432497551466205,-0.25362804349303214,0.526854622280651,0.0,0.03144344930193732,-0.09434144411378753,0.0,1.467932493957916,-1.4747601848140377,0.0,15.017020301711,35.07711312079862,0.09944344413523899,2.080803548999819,38.156451140420586
7.325941730189968,0.26432497551466205,-0.25330554144116707,0.5260296978037429,0.0,0.043637797678254486,-0.10500583587619161,0.0,0.8095703691173961,-0.6575041482032873,0.0,-134.44811670641374,137.3582300278867,0.11371228145748358,1.0429361857071637,192.20712640871378
7.334027758589737,0.26432497551466205,-0.2529223305503727,0.5251564619385785,0.0,0.044535867294525744,-0.1049746385444621,0.0,-0.706370086008947,0.7466049130807741,0.0,-184.93693497610127,170.1616153732508,0.11403121595956116,1.0278023130177503,251.30985906802155
7.342113786989505,0.26432497551466205,-0.2525853048656634,0.5243320419866909,0.0,0.03221434052582417,-0.09293169881503616,0.0,-2.1812402476483403,2.094359160713843,0.0,-124.05025177947175,116.44724138945301,0.09835682172662123,3.02392944891692,170.14236683954962
7.350199815389273,0.26432497551466205,-0.2524013584056295,0.5236535652268643,0.0,0.009260726116121276,-0.0711045432387678,0.0,-2.7125178037833932,2.6297963149803696,0.0,30.703420987946004,-16.776623355884695,0.07170507037435785,3.7780393717014404,34.98792865529851
7.358285843789041,0.26432497551466205,-0.2524355398769085,0.5231821352747285,0.0,-0.011652651466713237,-0.0504024834379635,0.0,-1.6847027794913887,1.8230466548982038,0.0,184.4559598690326,-149.13863504753817,0.05173194973049903,2.482281724776932,237.2052562551027
7.366371872188809,0.26432497551466205,-0.2525898057470144,0.522838453401868,0.0,-0.017984382924147724,-0.04162212918755159,0.0,0.27051445623160303,0.21791783798625142,0.0,247.07300626601904,-203.43573803408225,0.045341368167134195,0.3473704868622002,320.0486993174633
7.3744579005885775,0.26432497551466205,-0.2527263843390624,0.5225090198373897,0.0,-0.007277876315439968,-0.046878303784417596,0.0,2.3109759114749595,-1.4669276556446436,0.0,203.8799576138642,-171.24693028053278,0.04743988669218112,2.737240656265468,266.2565459235448
7.382543928988346,0.26432497551466205,-0.2527075039761677,0.5220803348104004,0.0,0.01938885077858643,-0.06534536655544798,0.0,3.5676727110501507,-2.5514972452568268,0.0,48.145799290623586,-51.97201529420646,0.06816116537134728,4.3861631029551456,70.84566580302736
7.390629957388114,0.26432497551466205,-0.25241282674299337,0.5214522508578685,0.0,0.05041872940982017,-0.08814126215857243,0.0,3.0895925122620183,-2.307422038968941,0.0,-145.01553786615978,95.96796442043203,0.1015427514409909,3.8561351581272554,173.89467046926117
7.398715985787883,0.26432497551466205,-0.25189212942039163,0.5206549093123891,0.0,0.0693539163743111,-0.10266112683015649,0.0,1.222473195863249,-0.9994978737136826,0.0,-245.28499543967231,174.97421937532866,0.12389218166814407,1.5790619728694244,301.29836779153936
7.40680201418765,0.26432497551466205,-0.25129123126811775,0.5197920092836669,0.0,0.0701886353692327,-0.10430519854328679,0.0,-0.877170366062221,0.5222709752232912,0.0,-209.6049738447391,162.4403495115404,0.12572199082956642,1.0208794359073057,265.18128178641336
7.414888042587418,0.26432497551466205,-0.2507570348225185,0.5189680797170603,0.0,0.05516826739148151,-0.09421493095409517,0.0,-2.1672703466190018,1.6274966851233534,0.0,-77.9164645918624,94.5767420673462,0.10917871102766749,2.7103147816114554,122.5387105961552
7.422974070987187,0.26432497551466205,-0.2503990469143307,0.5182683600689129,0.0,0.0351394162237586,-0.07798522971041422,0.0,-2.1372398570609104,2.0517714198515464,0.0,51.25268502138033,27.755000086297272,0.08553639357333591,2.962694747342252,58.285313344711334
7.431060099386955,0.26432497551466205,-0.2501887581874453,0.5177068981526585,0.0,0.02060470302885875,-0.061033567012589884,0.0,-1.3384090133244753,2.076352122990099,0.0,95.32677768285957,-9.847370610835071,0.06441777774176753,2.470339415058928,95.83405058404071
7.4391461277867235,0.26432497551466205,-0.2500658264866104,0.5172813217565069,0.0,0.01349458963926331,-0.044406345241579714,0.0,-0.5956097938568973,1.8925191830070331,0.0,52.46226553607072,-55.0154681193159,0.04641150123887916,1.9840312206686326,76.0196753318814
7.447232156186491,0.26432497551466205,-0.2499705229173127,0.5169887562151518,0.0,0.010972467612244685,-0.030427639290788733,0.0,-0.48998627524273936,1.186638847711528,0.0,-35.03806195508525,-126.70576954574949,0.03234557586922992,1.2838217574197737,131.46108862225722
7.455318184586259,0.26432497551466205,-0.2498883791171541,0.5167892442456204,0.0,0.005570503765044421,-0.025215954395854112,0.0,-1.1622473219402762,-0.15657371891579297,-1.3584063158578161e-11,-104.37921630698247,-183.5179941314513,0.025823920467081842,1.1727464205072067,211.1252589504421
7.463404212986028,0.26432497551466205,-0.24988043641402236,0.5165809623684076,0.0,-0.007823462093282885,-0.03295975836640963,-2.1968224096902e-13,-2.178012890050388,-1.7812245771193462,0.0,-127.1333007294454,-202.13952889385948,0.03387554030118404,2.8136277549383886,238.79544655582328
7.471490241385796,0.26432497551466205,-0.2500149005904957,0.5162562171612198,-3.552713678800501e-15,-0.029652444402973543,-0.05402201942975893,0.0,-3.2182542824494487,-3.4255856616188796,4.075218947573598e-11,-102.025799359497,-178.41656602419602,0.06162504395406699,4.700191246278504,205.52794157196885
7.479576269785564,0.264324975514662,-0.25035997742915234,0.5157073152017638,0.0,-0.05986925314440761,-0.08835852425778867,4.3936448193806414e-13,-3.827979912310309,-4.666587416840935,-2.9841774361413183e-24,30.87081376657943,-53.90291658716771,0.10673123385908827,6.035765761530959,62.11707944852196
7.487662298185332,0.26432497551466205,-0.2509831095528928,0.5148272780881997,3.552713678800501e-15,-0.09155875297233784,-0.1294903361949089,4.8260286997175876e-26,-2.719009728768623,-4.297306690327374,-4.0752189475739706e-11,277.08125722614284,176.7787426025599,0.15858988748883113,5.085258960551648,328.67118361998524
7.4957483265851,0.26432497551466205,-0.2518406707827157,0.5136131901298288,0.0,-0.10384123291654213,-0.15785481213878683,-2.1968224096902e-13,0.6529939176379154,-1.8077115505215815,-2.9841774361414825e-24,459.3838854706535,355.3285726424254,0.18894746192791062,1.922035927437688,580.7684123350872
7.5038343549848685,0.26432497551466205,-0.25266243586975307,0.512274441100211,0.0,-0.08099849824654548,-0.1587247500671225,0.0,4.71017255985465,1.4490871689442333,1.3584063158578161e-11,380.2310022584731,329.77837113798034,0.1781973709179407,4.928040093871652,503.3183775195403
7.511920383384637,0.26432497551466205,-0.25315058309703603,0.511046284456251,0.0,-0.02766805474295353,-0.13442009213514083,0.0,6.802111283106711,3.525482998780533,0.0,59.113710654918066,133.47917299233944,0.13723805020065982,7.661445573940874,145.9832881192647
7.520006411784405,0.26432497551466205,-0.2531098852225888,0.5101005917352026,0.0,0.029005631780625762,-0.10171043876504271,0.0,5.666162846197364,3.6077199361315326,0.0,-252.56591027040398,-59.07361985178528,0.10576549545466493,6.717220000654163,259.38240417019614
7.528092440184173,0.26432497551466205,-0.25268150237237336,0.5094014174634369,0.0,0.06396545264117215,-0.07607584041120319,0.0,2.717601036587471,2.570141063183398,0.0,-379.8632390369223,-138.15748216758664,0.09939372528414907,3.740451908355832,404.20733572080184
7.536178468583941,0.26432497551466205,-0.25207543228926776,0.5088702889230002,0.0,0.07295483010279291,-0.06014597150842249,0.0,-0.47700703156342206,1.3734292872364473,0.0,-356.9395941093592,-140.27817197281462,0.09455128303740436,1.4539063639725094,383.5151097088466
7.544264496983709,0.26432497551466205,-0.2515016727161504,0.5084287333959394,0.0,0.05625126783295009,-0.053864663967868154,0.0,-3.054846353352663,0.30155449830386205,0.0,-201.74353029507677,-108.86573559801455,0.07788200791701277,3.0696940170054994,229.24266706531176
7.552350525383478,0.26432497551466205,-0.25116573359082733,0.5079991865178239,0.0,0.023551681362516064,-0.05526921503369664,0.0,-3.7396148624344576,-0.3871535723779891,0.0,41.932146716028626,-59.544596181833285,0.06007801449317783,3.7596020012689806,72.82763117575736
7.560436553783246,0.26432497551466205,-0.2511207935874312,0.5075349165111487,0.0,-0.004225996130731602,-0.06012573353050854,0.0,-2.376717294934542,-0.6614040932542222,0.0,214.8662870706434,-23.694199002073365,0.060274064703474885,2.467030699974041,216.16876829429822
7.5685225821830135,0.26432497551466205,-0.25123407664028813,0.5070268297400549,0.0,-0.014884725727606352,-0.0659654795972493,0.0,-0.2647850636227264,-0.7703375044590426,0.0,227.2637848414768,-9.965452574815913,0.0676239569862721,0.8145741222834646,227.48217104971977
7.576608610582782,0.26432497551466205,-0.2513615102173436,0.5064681190282934,0.0,-0.008508115219305168,-0.07258367540743293,0.0,1.298605541999248,-0.8225659583272193,0.0,111.19816914198016,0.19921373105977835,0.07308062643571521,1.5372023645278254,111.19834758951713
7.58469463898255,0.26432497551466205,-0.2513716703628717,0.5058530024186467,0.0,0.006116396857798634,-0.07926806299668243,0.0,1.5335180437458664,-0.7671158086850962,0.0,-37.66089059197082,12.264851565439827,0.07950368621496806,1.7146848848779004,39.60769198151627
7.592780667382319,0.26432497551466205,-0.2512625954999508,0.5051861914111218,0.0,0.016292025687267397,-0.08498951583731085,0.0,0.6895514802247582,-0.6242180821730399,0.0,-122.15432860700884,19.319803127652598,0.08653697419747869,0.9301233563307305,123.67269217705399
7.600866695782087,0.26432497551466205,-0.2511081947980777,0.5044785471411606,0.0,0.017267862562198033,-0.0893629532768827,0.0,-0.44196869679595197,-0.45467485514883155,0.0,-129.49253245719325,23.720765466417802,0.09101602329168905,0.6340863922622241,131.64722054221292
7.608952724181854,0.26432497551466205,-0.2509833386457883,0.5037410086549537,0.0,0.009144482819067434,-0.09234254342009862,0.0,-1.4046091097887246,-0.2406045157216683,0.0,-92.12147716327975,33.376365483786095,0.09279421798431742,1.4250674665738223,97.98136724730851
7.617038752581623,0.26432497551466205,-0.2509603097025254,0.5029851782839572,0.0,-0.005447555742451371,-0.09325402317135811,0.0,-1.931762457937606,0.08508962321703617,0.0,-40.698988954200445,46.55694873781652,0.09341300070767083,1.9336355493929973,61.83815309070772
7.625124780981391,0.26432497551466205,-0.2510714368266739,0.5022328992954412,0.0,-0.022096089373912164,-0.09096646920038154,0.0,-2.062795470839771,0.5123171036794192,0.0,-8.371412609246576,54.83004885931927,0.09361162152427377,2.1254632363886095,55.46543795003868
7.6332108093811595,0.26432497551466205,-0.25131764891492797,0.5015140633771953,0.0,-0.03880720126269921,-0.08496880187128042,0.0,-2.0671454181466995,0.9718042876913202,0.0,5.753190974491602,50.133241929890275,0.0934114348529373,2.2841833887278242,50.46227455030025
7.641296837780928,0.26432497551466205,-0.2516990290897253,0.5008587790053903,0.0,-0.05552608248908264,-0.0752503950618042,0.0,-1.9697545396217109,1.32307473971452,0.0,40.65907563984398,11.76559292187629,0.09351880983813905,2.372858974577078,42.327173407751424
7.649382866180695,0.26432497551466205,-0.2522156198747971,0.5002971097140683,0.0,-0.07066218355860521,-0.06357196203058635,0.0,-1.4096045374825703,1.1620781247041765,0.0,111.03069566537398,-66.13468295242932,0.09505018959312142,1.8268581006765212,129.2347154179373
7.657468894580464,0.26432497551466205,-0.2528417819358143,0.4998306896245738,0.0,-0.07832228713413336,-0.05645720162359069,0.0,-0.1741598228292336,0.25354089058845775,0.0,174.7683979627534,-136.69312938662736,0.09654944990567478,0.3075949074485765,221.87610179552146
7.665554922980232,0.26432497551466205,-0.25348225235099997,0.4993840806426687,0.0,-0.07347870610559681,-0.05947168434698469,0.0,1.4167599211351125,-1.0485309278427812,0.0,185.5259845023155,-153.22947133182208,0.0945304262659386,1.762562277134517,240.6224466050146
7.67364095138,0.26432497551466205,-0.25403008374451047,0.49886891016735024,0.0,-0.055410365218229174,-0.07341410334473508,0.0,2.826176936332179,-2.22449482315275,0.0,102.17209608197196,-89.44257013466112,0.09197792748006982,3.5966169234002843,135.79068661022922
7.681726979779769,0.26432497551466205,-0.25437835192459224,0.49819682359349055,0.0,-0.027773612165692185,-0.09544634097728633,0.0,3.0690928623004847,-2.495001252357066,0.0,-80.99214219844586,52.73254535048095,0.09940511827206229,3.9552954689488256,96.64599545265084
7.689813008179536,0.26432497551466205,-0.25447924017798235,0.4973253465197577,0.0,-0.005776821126055154,-0.11376340531276696,0.0,1.5163674123830282,-1.3717011045608265,0.0,-253.61669279519975,186.7265806878073,0.11390998222578796,2.0447332465606833,314.94164983332223
7.6978990365793045,0.26432497551466205,-0.25447177500396356,0.49635703534106385,0.0,-0.0032508322436708426,-0.11762956915222844,0.0,-1.032410698894021,0.5247516165093469,0.0,-313.3290571781346,232.63261032519165,0.11767448087506222,1.1581174854996419,390.24739519803484
7.705985064979073,0.26432497551466205,-0.25453181282167275,0.4954230344461228,0.0,-0.022473025589018647,-0.1052770923649291,0.0,-3.550807897247048,2.3904466830426623,0.0,-236.82301868300638,169.6758598341765,0.10764898074732757,4.280475682400458,291.3332105830001
7.714071093378841,0.26432497551466205,-0.2548352100502466,0.49465448822364816,0.0,-0.0606746992421936,-0.0789711296177984,0.0,-4.862326008473342,3.2687592592578776,0.0,-27.866403426176987,-1.2775565779299711,0.0995884453199354,5.858924927634797,27.89567333333721
7.72215712177861,0.26432497551466205,-0.2555130475041123,0.4941459088524202,0.0,-0.10110683797591413,-0.052414531960199184,0.0,-4.001464956253987,2.369785965499757,0.0,193.49576071586,-182.30379425910664,0.11388536273856484,4.650549141596972,265.84823267472746
7.730243150178377,0.26432497551466205,-0.25647031557681454,0.49380683743566667,0.0,-0.12538661779608695,-0.04064681638099188,0.0,-1.7331015757072175,0.32053194372883986,0.0,284.91764228696417,-246.9548040144197,0.13181034710618153,1.7624930634386702,377.0473950475761
7.738329178578145,0.26432497551466205,-0.25754080700901233,0.4934885662291866,0.0,-0.12913465509761402,-0.04723087116015279,0.0,0.6062393380006332,-1.6239811519396627,0.0,240.40797725591366,-160.94928127712143,0.13750096122473718,1.7334476965846763,289.3106750050918
7.746415206977914,0.26432497551466205,-0.25855868855384173,0.4930430171045731,0.0,-0.11558248078782718,-0.06690993181153715,0.0,2.154789887537147,-2.2823489749293775,0.0,127.83902187809224,22.126836771704944,0.13355241982118105,3.1388272177349186,129.7397873447811
7.754501235377682,0.26432497551466205,-0.2594100134533444,0.49240649501147726,0.0,-0.09428727064529596,-0.08414114841907505,0.0,2.6736592610103562,-1.2661446908735732,0.0,34.149886733464655,174.32289892913508,0.1263717621267509,2.958306309734301,177.6363922594858
7.7625872637774505,0.26432497551466205,-0.2600835076501907,0.4916822816731615,0.0,-0.07234391135616036,-0.08738609566877642,0.0,2.707063795488482,0.5368108480124913,0.0,-3.5109250691881755,213.93748496518623,0.11344589559142514,2.7597754037943734,213.96629189680962
7.770673292177218,0.26432497551466205,-0.2605799632968968,0.4909932821088321,0.0,-0.0505084811846892,-0.07545981289441173,0.0,2.6168803813725443,2.193664467533275,0.0,-29.82677985544518,151.587708238329,0.09080357940986539,3.4147074144837886,154.4942396514962
7.778759320576986,0.26432497551466205,-0.2609003336767678,0.49046194129295084,0.0,-0.030023573191012787,-0.05191002930070354,0.0,2.2247034175189384,2.9882958757541163,0.0,-72.69880069982644,29.18374084400216,0.05996720844891817,3.7254821885186225,78.33777092082059
7.786845348976755,0.26432497551466205,-0.2610655062278669,0.4901537901665155,0.0,-0.014530451154449509,-0.027132922257894876,0.0,1.4411912471967525,2.665625582085437,0.0,-108.23862819660985,-72.2860709455946,0.0307787179883245,3.030279187610418,130.1571230729824
7.794931377376523,0.26432497551466205,-0.2611353209581605,0.49002314613305875,0.0,-0.0067165464823517596,-0.00880138098091976,0.0,0.4742621744194288,1.8192814306066205,0.0,-120.2133864830987,-107.57352025130854,0.011071418329233515,1.880082321026161,161.31745271046634
7.803017405776291,0.26432497551466205,-0.26117412659907624,0.49001145373337773,0.0,-0.006860656331866721,0.002288600372217786,0.0,-0.5029064670725778,0.9259405024551635,0.0,-111.68503701893906,-107.56933955822608,0.007232309241708233,1.0536985948127398,155.06356859983174
7.811103434176059,0.26432497551466205,-0.2612462718820416,0.4900601575082697,0.0,-0.014849578432702515,0.006172981417776668,0.0,-1.33191458790913,0.07966396138242804,0.0,-78.03210635014584,-96.8792140895938,0.016081532240840725,1.3342948760406332,124.39691211624917
7.819189462575827,0.26432497551466205,-0.26141427482493906,0.4901112835394885,0.0,-0.028400454699664124,0.003576930480569729,0.0,-1.7648461231545123,-0.6407956504961243,0.0,-30.044574414105057,-81.63558665128441,0.028624818930615137,1.8775784681627192,86.98876628406718
7.8272754909755955,0.26432497551466205,-0.2617055656485772,0.49011800383116944,0.0,-0.04339077017879944,-0.004190002238942725,0.0,-1.8177971518519445,-1.2405513828056438,0.0,1.564872029643226,-71.47489244533969,0.043592603219717634,2.200762190392691,71.49202105509423
7.835361519375364,0.26432497551466205,-0.26211599282484627,0.4900435225852901,0.0,-0.057797973489449816,-0.016485336944906948,0.0,-1.7395389238071157,-1.7966916708629348,0.0,17.197167321598045,-58.739815844583205,0.06010301218470051,2.5008191913027744,61.205461597332864
7.843447547775132,0.26432497551466205,-0.2626402777587467,0.4898514020257369,0.0,-0.07152269245961307,-0.03324620199139261,0.0,-1.5396835851359243,-2.1904950210385694,0.0,49.89658097769929,-14.143539558360757,0.07887208304289212,2.677479034377632,51.86239971793648
7.8515335761749,0.26432497551466205,-0.26327266186975884,0.48950586311831645,0.0,-0.0826978238815812,-0.05191014684424289,0.0,-0.9326085821331693,-2.025421795947288,0.0,105.09692239011775,61.61453517228266,0.09764012197933737,2.2298188758208095,121.82657362156621
7.859619604574668,0.26432497551466205,-0.26397767166375763,0.48901190818249957,0.0,-0.08660489142160444,-0.0660014383184695,0.0,0.15994981321352064,-1.1940612585553438,0.0,148.05141107604723,120.57203792809179,0.10888800245323002,1.2047266212422683,190.9367346838788
7.867705632974436,0.26432497551466205,-0.26467324109294676,0.48843848410897905,0.0,-0.08011110641721686,-0.0712205733397262,0.0,1.4616872470402242,-0.07552395013829383,0.0,152.94183969703545,135.59726629952007,0.10719216127231489,1.4636370708630335,204.39624496995205
7.875791661374205,0.26432497551466205,-0.26527323302701056,0.48786012502515397,0.0,-0.06296640223931149,-0.06722281592983137,0.0,2.6333339318196156,0.998825433902399,0.0,100.00836846846505,112.66300342769327,0.09210686615284856,2.8163983816006697,150.64735678090307
7.883877689773973,0.26432497551466205,-0.26569153732642337,0.48735135291153703,0.0,-0.03752468049968272,-0.0550675116898347,0.0,3.079028262341237,1.7464685405007603,0.0,-12.670569490017328,61.95317908356938,0.066637320551725,3.5398541499975607,63.235589107417795
7.8919637181737405,0.26432497551466205,-0.2658800842914359,0.48696957009829683,0.0,-0.013172182293352819,-0.03897882749425108,0.0,2.42842476234471,2.0007357649537516,0.0,-117.34628316997083,14.815089017403338,0.041144323778571225,3.1464568052865487,118.27779604135581
7.900049746573509,0.26432497551466205,-0.2659045586066453,0.4867209850993207,0.0,0.001747942690354165,-0.022711499258139867,0.0,1.181297505701989,1.986059001580357,0.0,-154.21855024404013,-9.280509284417079,0.02277866331023948,2.310821099682125,154.49753749478236
7.908135774973277,0.26432497551466205,-0.2658518164629652,0.4866022784422916,0.0,0.00593182806601078,-0.0068601685134623835,0.0,-0.0656063917441122,1.850650841677531,0.0,-132.75043420750941,-39.026515667279796,0.00906909566813659,1.8518133643646262,138.3681564067785
7.916221803373046,0.26432497551466205,-0.26580862874623673,0.48661004206446656,0.0,0.0006869523966557267,0.007217331269579574,0.0,-0.9655500564650138,1.3549199735210988,0.0,-81.75377488965243,-91.98720875012492,0.007249949948111515,1.6637593113746973,123.06634910627284
7.924307831772814,0.26432497551466205,-0.26584070702978785,0.4867189975335243,0.0,-0.009683102289937295,0.015051674257147596,0.0,-1.387733082836109,0.3630284769396707,0.0,-37.51282991161939,-137.9320047431334,0.01789735645006459,1.4344311709757802,142.9421223448073
7.932393860172581,0.26432497551466205,-0.26596522442646525,0.48685345859548124,0.0,-0.021755545841564583,0.013088248418497983,0.0,-1.5722096725070749,-0.8757242416586711,0.0,-20.243760287963482,-152.23628424949985,0.025389092570013858,1.7996489106915987,153.5763525829776
7.94047988857235,0.26432497551466205,-0.26619253895284256,0.4869306614303547,0.0,-0.03510896641450145,0.0008894120803120131,0.0,-1.7151163240492375,-2.098945358893519,0.0,-3.5458749972689674,-112.4843239142231,0.03512023030310587,2.7105710882839453,112.54019884439568
7.948565916972118,0.26432497551466205,-0.26653300862549356,0.48686784221816226,0.0,-0.04949250445190145,-0.020856015144651963,0.0,-1.6295537643669658,-2.694827117056972,0.0,44.36925828822719,19.082852442357478,0.053707367880351735,3.1492123875324984,48.298926886466184
7.9566519453718865,0.26432497551466205,-0.26699293454599005,0.48659337676882336,0.0,-0.061462202449742875,-0.042691485121665096,0.0,-0.9975741588587126,-1.7903363852985361,0.0,106.79526297830071,190.97675975504308,0.07483425172918168,2.049502030969107,218.80893711441462
7.964737973771655,0.26432497551466205,-0.26752697885453547,0.4861774330959181,0.0,-0.06562533041071461,-0.04980943685797712,0.0,0.09754529443957294,0.39365988909306004,0.0,128.51307632201608,264.63147501032523,0.08238728052086847,0.40556527556986843,294.1860437748343
7.972824002171422,0.26432497551466205,-0.2680542311168804,0.4857878557268032,0.0,-0.05988469440753974,-0.036325195035555424,0.0,1.0807466109040251,2.4892988595133962,0.0,76.53594913917752,174.53876436339146,0.07004067688604645,2.7137837144760137,190.58208671366324
7.980910030571191,0.26432497551466205,-0.2684954375339171,0.4855899799785489,0.0,-0.04814743483326822,-0.009552354310905287,0.0,1.3352890111246563,3.2163107000984743,0.0,-14.970661452052134,2.515397020138124,0.04908587326211973,3.4824777476386264,15.180511403799263
7.988996058970959,0.26432497551466205,-0.26883287416775603,0.48563337451031796,0.0,-0.0382903246758346,0.015689164291394775,0.0,0.8386402235748034,2.5299780029964554,0.0,-78.51579389530833,-117.04293552866454,0.04137993281704557,2.665352907260787,140.93891814604532
7.997082087370727,0.26432497551466205,-0.2691146708394474,0.4858437060346066,0.0,-0.03458489750324034,0.03136259365513183,0.0,0.06552713258901255,1.3234856987443986,0.0,-95.44768495278481,-149.69330466722386,0.04668755097546406,1.3251068635722505,177.53407004020485
8.005168115770495,0.26432497551466205,-0.26939218309458457,0.4861405721562895,0.0,-0.037230616165693675,0.03709265018486363,0.0,-0.7049451588658329,0.1091293774078923,0.0,-76.30487787643244,-130.73482332556,0.052554576183372226,0.7133420624229364,151.37380360452946
8.013254144170263,0.26432497551466205,-0.26971676647876075,0.4864435704802415,0.0,-0.04598531065297706,0.03312744014506919,0.0,-1.1684796865102633,-0.7907652897538033,0.0,-7.0553465614634945,-59.78779517942584,0.05667518051507156,1.4109055678062015,60.20264419042847
8.021340172570032,0.26432497551466205,-0.2701358601504088,0.48667631099993874,0.0,-0.056127336025042496,0.024304349003863024,0.0,-0.8190446241982365,-0.8577622421528492,0.0,91.03613445496688,40.70818025014677,0.061163544941162544,1.1859975381471555,99.72328572495617
8.0294262009698,0.26432497551466205,-0.2706244609449644,0.48683662179280773,0.0,-0.05923094683686614,0.019255660444475353,0.0,0.3037618507057216,-0.13243028654265143,0.0,149.2549964732045,102.33582547658406,0.06228230505002682,0.33137447508511253,180.9687131749302
8.037512229369568,0.26432497551466205,-0.27109374638694494,0.4869877146343594,0.0,-0.051214882121897176,0.022162678887916343,0.0,1.5947156563810774,0.7972185400819436,0.0,126.50222519634504,92.66292909663166,0.05580455614238604,1.78288401904255,156.80953863969557
8.045598257769337,0.26432497551466205,-0.2714527109276213,0.48719503789461305,0.0,-0.033441114662760896,0.032148323956324276,0.0,2.349563021848797,1.3661198660195182,0.0,37.80004736210715,32.67552670242286,0.046387744966625566,2.7178539110799234,49.965324234495796
8.053684286169105,0.26432497551466205,-0.27163455799271097,0.487507619155391,0.0,-0.013217615478467337,0.04425564695615947,0.0,2.206020169346252,1.3256490138683044,1.3584063158578161e-11,-50.7520232393002,-27.388760571918155,0.04618731044826973,2.5736880726949942,57.67072106839246
8.061770314568873,0.26432497551466205,-0.2716664669558935,0.4879107427308883,0.0,0.002234768816830268,0.053586795104852314,2.1968224096902e-13,1.528798419331427,0.9231872743815464,-5.968354872283621e-24,-89.14270939996733,-53.42891058251021,0.053633373950126434,1.785916949505295,103.92820177988695
8.069856342968642,0.26432497551466205,-0.27159841718447136,0.48837422784953183,3.552713678800501e-15,0.011506199394002437,0.05918548399406731,-9.652057399436236e-26,0.7643992096653855,0.46159363719058133,-4.075218947574791e-11,-70.89999922159174,-42.81400098757379,0.06029356632433132,0.8929584747522675,82.82420280440783
8.077942371368408,0.26432497551466205,-0.2714803880457469,0.4888678937397483,0.0,0.01459667625305985,0.06105171362380313,-4.3936448193813654e-13,0.382199604832779,0.23079681859510778,-5.433625263432458e-11,-47.266666147702345,-28.54266732505368,0.06277240392114604,0.44647923737611306,55.21613520291906
