t,x,y,z,vx,vy,vz,ax,ay,az,jx,jy,jz,speed_norm,acceleration_norm,jerk_norm
0.0,0.2582696913356334,-0.3,0.2992752489245277,0.02951059132497846,0.0,-0.04555480166746663,4.3979354881494217e-13,0.0,-5.612194749755555e-13,-1.3610799401152976e-11,-2.7168126317157502e-11,3.469627862775739e-11,0.054278125937730334,7.130116862093349e-13,4.612149930930722e-11
0.008086028399768177,0.2585083148151811,-0.3,0.2989068915044988,0.029510591324982016,0.0,-0.04555480166747117,3.297362383136715e-13,-2.1968224096902478e-13,-2.8066438062523957e-13,-3.399107702049331e-11,5.828471554963573e-27,4.8295875010390055e-11,0.05427812593773607,4.855499648915365e-13,5.905831745006224e-11
0.016172056799536354,0.2587469382947289,-0.3,0.2985385340844698,0.029510591324983793,-3.552713678800501e-15,-0.04555480166747117,-1.099120794378905e-13,9.425837304135288e-29,2.19824158875781e-13,-69.25276138458223,2.7168126317157512e-11,29.34630285247661,0.05427812593773704,2.4577088117148e-13,75.21403094170104
0.02425808519930453,0.2589855617742766,-0.3,0.29817017666444084,0.02951059132498024,0.0,-0.045554801667467615,-1.1199595906358715,2.1968224096902485e-13,0.47459007658636665,-140.34589088015503,5.828471554963572e-27,59.47247352338163,0.054278125937732125,1.2163655805108604,152.42684866497012
0.03234411359907271,0.25922418525382435,-0.3,0.2978018192444119,0.011398541212034985,0.0,-0.03787970399242013,-2.2696817188955083,0.0,0.9617922198292694,-3.6807362221374404,-1.3584063158578753e-11,1.5597356370213369,0.03955753678271474,2.465055654384416,3.9975735633442637
0.04043014199884089,0.2591698996301895,-0.3,0.29755758393992576,-0.007194830349867232,0.0,-0.030000643259036508,-1.179484665884389,0.0,0.4998142099005367,149.42907060538533,0.0,-52.32516240138744,0.030851323792008396,1.2810145672375886,158.32551835481482
0.04851617039860906,0.25910783004874327,-0.3,0.29731664713760414,-0.0076761517988295225,0.0,-0.02979668020069326,0.14689369843671118,0.0,0.11558672142906778,143.01859908380277,0.0,9.947255400161747,0.030769554066009137,0.18691722449024425,143.3641083880117
0.05660219879837724,0.259045760467297,-0.3,0.2970757103352825,-0.004819257115254771,0.0,-0.028131368234813436,1.1334202418889865,0.0,0.660681789231448,98.3163797200423,-1.3584063158578762e-11,55.4569467468332,0.028541182839987626,1.3119229670013999,112.87862270481793
0.06468822719814542,0.2590298927489438,-0.3,0.2968617050526621,0.010653584730743404,0.0,-0.019112096778822973,1.73687177559402,-2.19682240969025e-13,1.0124396141477172,-21.847095672631966,1.3584063158578714e-11,-12.734886606994227,0.021880838898411196,2.0104122803919355,25.287801925476547
0.07277425559791359,0.25921805084468125,-0.3,0.29676662842061713,0.023269531893163276,-3.552713678800501e-15,-0.011758137288715886,0.7801077697662789,2.196822409690236e-13,0.4547324796874834,-107.39955944526581,2.716812631715748e-11,-62.60425786885456,0.026071534420268282,0.9029671979271701,124.31395123777227
0.08086028399768178,0.25940620894041866,-0.3,0.2966715517885722,0.023269531893163276,3.552713678800501e-15,-0.011758137288722992,-2.220446049250313e-16,2.196822409690236e-13,-2.1971313657331848e-13,-74.65851320008008,-4.075218947573625e-11,-58.18393622934896,0.026071534420271488,3.10699531193506e-13,94.65338889013682
0.08894631239744995,0.2595943670361561,-0.3,0.2965764751565272,0.023269531893163276,0.0,-0.011758137288719439,-0.4272739462743518,-4.393644819380498e-13,-0.48622144183414917,-80.26565293712645,0.0,-91.33924930637782,0.026071534420269885,0.6472822534753572,121.59536794333852
0.09703234079721812,0.25978252513189354,-0.3,0.29648139852448224,0.016359633365052417,-3.552713678800501e-15,-0.01962133806321731,-1.2980606983510803,2.196822409690236e-13,-1.4771435278099725,-54.84927629176451,2.7168126317157505e-11,-62.41638282585758,0.02554671233701113,1.9664471969403565,83.0918043780151
0.1051183691969863,0.2598589359561553,-0.3,0.29625915776288586,0.002277220550183756,3.552713678800501e-15,-0.03564658632152984,-1.3142995578782288,-1.4893693890572703e-27,-1.495622730115522,52.8410147912442,-1.3584063158578743e-11,60.13105789349653,0.03571925040944249,1.991047633452579,80.04946575436666
0.11320439759675448,0.25981935247197624,-0.3,0.29590491990578094,-0.004895293736559836,-3.552713678800501e-15,-0.04380863380532318,-0.44351280580193986,-1.4893693890572703e-27,-0.5047006441401392,86.23406117982063,-1.1479437019748901e-41,94.61590921676837,0.04408129191228528,0.6718826899882007,128.0175128038379
0.12129042599652266,0.2597797689877972,-0.3,0.29555068204867607,-0.004895293736566941,3.552713678800501e-15,-0.043808633805326735,0.08028257757652321,-1.4893693890572703e-27,0.03451112787783117,58.02519570735214,-2.7168126317157486e-11,44.36247453403075,0.04408129191228959,0.0873859840576879,73.04075905724861
0.12937645439629084,0.25974018550361816,-0.3,0.29519644419157115,-0.0035969593319791215,-3.552713678800501e-15,-0.04325051788506684,0.4948739549815724,-4.393644819380502e-13,0.21273181379219208,41.34400515308138,2.7168126317157557e-11,17.772576465390806,0.04339983195546267,0.538660427280879,45.00212479779353
0.13746248279605902,0.25972159875717477,-0.3,0.29485123221682935,0.0031078359720062565,-3.552713678800501e-15,-0.040368322829611,0.748900177232479,4.393644819380513e-13,0.3219302439502343,-9.928554984936039,4.0752189475736236e-11,-4.267994888433666,0.040487777569342936,0.8151629023874283,10.807034026808381
0.14554851119582718,0.259790445603481,-0.3,0.29454360538186863,0.008514296871407367,3.552713678800501e-15,-0.03804424369441506,0.33430879982786926,2.196822409690272e-13,0.14370955803631302,-43.92250214088405,-5.4336252634315024e-11,-7.429237287394972,0.03898535275580429,0.3638884591648144,44.546377641603854
0.15363453959559537,0.2598592924497873,-0.3,0.2942359785469079,0.008514296871407367,0.0,-0.038044243694411506,0.03858297783234599,-4.393644819380491e-13,0.20178419656125035,-9.883451141194236,0.0,47.53649989204135,0.038985352755800826,0.2054397920566525,48.5530784651851
0.16172056799536355,0.25992813929609354,-0.3,0.2939283517119472,0.009138262980407319,-3.552713678800501e-15,-0.03478097820637771,0.17447306659703354,2.196822409690272e-13,0.9124725343415603,12.033980852167169,4.075218947573626e-11,62.93622976074478,0.03596142788171243,0.9290032168380704,64.07640526471178
0.1698065963951317,0.2600070769577555,-0.3,0.2936734985918109,0.011335885214403874,3.552713678800501e-15,-0.023287686041022937,0.23319719969812647,2.196822409690272e-13,1.2195924790006858,-4.771561009194983,-4.075218947573626e-11,-24.954673244344004,0.025900166307176387,1.2416870575076822,25.40676113156591
0.1778926247948999,0.260111463875654,-0.3,0.29355174193056205,0.01290954133941824,0.0,-0.0150576593636913,0.09730711093387867,-4.393644819380491e-13,0.5089041412201557,-14.419761356825767,0.0,-75.41356638296433,0.019834045555738467,0.5181236327261307,76.77978583055291
0.18597865319466808,0.26021585079355253,-0.3,0.2934299852693132,0.012909541339425346,-3.552713678800501e-15,-0.0150576593636913,-2.1949109196839345e-13,2.196822409690272e-13,-2.19824158875781e-13,58.325543723793004,4.075218947573626e-11,28.98201951272559,0.019834045555743092,3.8047245271648263e-13,65.12930604353232
0.19406468159443624,0.2603202377114511,-0.3,0.2933082286080643,0.012909541339414687,3.552713678800501e-15,-0.015057659363694853,1.0405511168988957,2.196822409690272e-13,0.9776030069452194,146.66836937898418,-2.7168126317157564e-11,137.79567058261676,0.019834045555738852,1.4277444680571778,201.24427298088057
0.20215070999420442,0.26042462462934957,-0.3,0.29318647194681546,0.029737393104735332,0.0,0.0007521919920243647,2.371929200292091,-2.1968224096902455e-13,2.228439411392059,35.96660215804158,-2.716812631715761e-11,33.790803592693415,0.02974690473744161,3.2545338132278894,49.34992277840791
0.2102367383939726,0.260801152521811,-0.3,0.2933203930996835,0.051268515091017264,0.0,0.020980789371662922,1.6222050498850715,-2.1968224096902455e-13,1.5240698019482348,-128.68506830001087,2.716812631715761e-11,-120.90026878627677,0.055395434489639565,2.225834222282324,176.5693115917158
0.2183227667937408,0.26125374196742934,-0.3,0.2935257744642331,0.055971785311971445,-3.552713678800501e-15,0.025399535395589368,0.29082696649209794,2.196822409690272e-13,0.2732333975011769,-145.80352702466956,2.7168126317157564e-11,-129.43130269197664,0.061465251559895365,0.3990448771116251,194.96443421654018
0.22640879519350895,0.2617063314130476,-0.3,0.29373115582878273,0.05597178531196434,3.552713678800501e-15,0.025399535395582262,-0.7357378707306177,2.196822409690272e-13,-0.5691005768243944,-116.30802508871864,-4.075218947573626e-11,-92.95055591595343,0.061465251559885956,0.9301535792379029,148.88707984618003
0.23449482359327714,0.26215892085866593,-0.3,0.29393653719333235,0.044073390676945934,0.0,0.016196008542536333,-1.5901130214845574,-4.393644819380491e-13,-1.2299682723201002,-14.671885152891583,0.0,-11.34884941470147,0.046955025912809534,2.010293852154167,18.548870504082192
0.24258085199304533,0.26241908879042336,-0.3,0.29399307859885837,0.03025638721083368,-3.552713678800501e-15,0.005508418633993983,-0.9730124307794548,2.196822409690272e-13,-0.7526348141683317,90.98878143328601,4.075218947573626e-11,70.3807294122628,0.030753725675098813,1.2301269665971648,115.0321929692573
0.2506668803928135,0.2626482288711882,-0.3,0.2940256196523569,0.02833777837972562,3.552713678800501e-15,0.004024355578497563,-0.11863728002485896,2.196822409690272e-13,-0.09176711867218862,92.05563612427572,-2.7168126317157564e-11,47.140607550497194,0.028622108960043968,0.149986693680114,103.42377397134109
0.25875290879258167,0.262877368951953,-0.3,0.2940581607058554,0.028337778379729173,0.0,0.004024355578497563,0.5157165453397812,-2.1968224096902455e-13,0.009725768702958715,74.23226461805682,-1.3584063158578887e-11,6.936005630329985,0.028622108960047486,0.5158082451008921,74.55559861223823
0.26683893719234986,0.2631065090327179,-0.3,0.2940907017593539,0.036677975643421235,0.0,0.004181641262380964,1.0818511197365699,0.0,0.020402358343411975,6.235203064434284,2.7168126317157447e-11,0.11758812736942337,0.03691557965069286,1.0820434841083066,6.236311748335625
0.27492496559211804,0.26347052725735043,-0.3,0.2941257864458659,0.04583353613675101,0.0,0.004354303676471716,0.6165526034544557,2.1968224096902455e-13,0.011627410577728148,-63.77872050935984,-1.3584063158579047e-11,-1.2027868592877309,0.046039906551879485,0.6166622329145919,63.79006102865801
0.28301099399188623,0.263847731582445,-0.3,0.29416111980573223,0.04664889936638872,3.552713678800501e-15,0.0043696804066755135,0.05041802905744719,-2.1968224096902977e-13,0.0009508209372748322,-64.82803020015182,-2.7168126317157673e-11,-11.52996241023538,0.046853110024329715,0.0504269939069577,65.84537594101226
0.29109702239165436,0.26422493590753954,-0.3,0.2941964531655985,0.04664889936638872,-3.552713678800501e-15,0.0043696804066755135,-0.4318499831444558,-2.1968224096902977e-13,-0.17483579641711594,-86.33998561779673,2.7168126317157673e-11,-33.75163270966512,0.046853110024329715,0.46589909170406624,92.70256645341316
0.29918305079142254,0.26460214023263406,-0.3,0.2942317865254648,0.03966499691009773,0.0,0.0015422259764257262,-1.3458771224247132,2.1968224096902455e-13,-0.5448825003205187,-59.630900647076885,1.3584063158579047e-11,-24.141753879031945,0.03969496744979676,1.451992482012826,64.33248473623033
0.30726907919119073,0.2648664004905231,-0.3,0.29422139413168696,0.02488329809733969,0.0,-0.004442190337581309,-1.3962042954164933,0.0,-0.5652576113892481,53.406933762020714,-1.3584063158578724e-11,21.621961706484804,0.025276700322557327,1.5062876889136898,57.617790671784384
0.3153551075909589,0.26500455434282405,-0.3,0.29415994717101107,0.01708550174086554,0.0,-0.007599152221331451,-0.4821771561362376,0.0,-0.19521090748584607,86.33436752810071,1.3584063158578724e-11,34.95273473226072,0.018699237530447225,0.520194298604932,93.14138007212989
0.3234411359907271,0.265142708195125,-0.3,0.29409850021033523,0.01708550174086554,0.0,-0.007599152221331451,0.0,2.1968224096902455e-13,0.0,128.83061752224427,-1.3584063158579047e-11,118.4486955588241,0.018699237530447225,2.1968224096902455e-13,175.00691840824405
0.3315271643904953,0.2652808620474259,-0.3,0.29403705324965934,0.01708550174086554,3.552713678800501e-15,-0.007599152221331451,1.6012789079528422,-2.1968224096902977e-13,1.7203481249224488,209.76311665486506,-2.7168126317157673e-11,225.36085539053815,0.018699237530447225,2.3502535633371204,307.8767289859979
0.3396131927902634,0.26541901589972683,-0.3,0.2939756062889835,0.04298147519217821,-3.552713678800501e-15,0.02022241536989,3.392301036990239,-2.1968224096902977e-13,3.644548553767872,23.46556451494915,2.7168126317157673e-11,25.21043630380474,0.047501087283221145,4.978999948417004,34.441237153061685
0.3476992211900316,0.2659759609055617,-0.3,0.294364091299645,0.07194598679219766,0.0,0.051340693998870535,1.9807653501217617,2.1968224096902455e-13,2.128052732768648,-195.4446858997592,1.3584063158579047e-11,-208.05696563724638,0.08838603891898732,2.907239206822702,285.4580988457568
0.3557852495897998,0.26658253048462893,-0.3,0.2948058909084609,0.07501452494090088,0.0,0.05463740503663317,0.23155847545178787,0.0,0.2798394879431365,-58.313738585845556,-1.3584063158578724e-11,-14.983221937834998,0.09280315178508836,0.3632209610771838,60.207881938304
0.363871277989568,0.26718910006369617,-0.3,0.29524769051727673,0.07569076360961802,0.0,0.05586627409264011,1.0377122575181517,0.0,1.8857432165499208,106.25861000758483,1.3584063158578724e-11,201.81016141318372,0.09407514165177253,2.1524112544231553,228.07506100045063
0.37195730638933616,0.2678066058129239,-0.3,0.2957093634662655,0.09179646651105955,0.0,0.08513375144401891,1.9499787519342338,2.1968224096902455e-13,3.5435248810407467,-5.1712969952751635,-1.3584063158579047e-11,-9.397343202723619,0.12519723199355515,4.0446242984422955,10.72624686845859
0.38004333478910435,0.2686736377341098,-0.3,0.29662447838118705,0.1072259307437875,3.552713678800501e-15,0.11317235973940143,0.95408174878329,-2.1968224096902977e-13,1.7337688485107376,-105.29892537705675,-2.7168126317157673e-11,-181.91847840325386,0.155901838452457,1.978945780820594,210.19561477375808
0.3881293631888725,0.2695406696552956,-0.3,0.29753959329610863,0.10722593074378395,-3.552713678800501e-15,0.11317235973940143,0.24707854980633392,-2.1968224096902977e-13,0.6015289154180996,19.98505726643591,2.7168126317157673e-11,85.07612833188945,0.15590183845245456,0.650295967893448,87.39193398642031
0.39621539158864066,0.2704077015764814,-0.3,0.2984547082110302,0.11122169908520263,0.0,0.12290031952610647,1.2772812300380894,2.1968224096902455e-13,3.1096248281787195,96.84904525530989,1.3584063158579047e-11,235.7853451760293,0.1657551051612542,3.3617278165599824,254.90089557834892
0.40430141998840885,0.27133935329024245,-0.3,0.299527144244166,0.1278821953449416,0.0,0.1634613890859562,1.8133268106560738,0.0,4.414662910103134,-30.556230771321346,-1.3584063158578724e-11,-74.39114552642886,0.2075415177937951,4.772567729439196,80.42217213980584
0.41238744838817704,0.2724758197032492,-0.3,0.3010982150798594,0.1405469232632548,0.0,0.19429449885910088,0.7831241304245395,0.0,1.9065669973427362,-111.61766316587894,0.0,-247.0212802867644,0.23979947857674,2.0611358807729507,271.06828594493277
0.4204734767879452,0.27361228611625593,-0.3,0.3026692859155528,0.1405469232632548,0.0,0.19429449885910444,0.008239622105961075,0.0,0.41982073461138647,-43.5745904019847,1.3584063158578724e-11,129.218430767694,0.23979947857674289,0.4199015844005512,136.3676933102781
0.4285595051877134,0.2747487525292627,-0.3,0.3042403567512463,0.1406801748999591,0.0,0.2010838636248593,0.0784333794271106,2.1968224096902455e-13,3.9962947992648417,7.661874551069453,-1.3584063158579047e-11,390.3836561015561,0.24540911111893154,3.997064412495698,390.4588368482065
0.4366455335874816,0.27588737389530676,-0.3,0.30592122557956425,0.1418153523303296,3.552713678800501e-15,0.25892280534050727,0.1321478925367785,-2.1968224096902977e-13,6.7331273946964245,-1.0189949500879,-2.7168126317157673e-11,-51.91927530494564,0.29521621446318586,6.734424071790651,51.92927400704773
0.4447315619872497,0.277042198462195,-0.3,0.30842767106590824,0.1428172781240029,-3.552713678800501e-15,0.3099723822904039,0.06195413521584925,-2.1968224096902977e-13,3.1566533300425412,12.733559959008947,2.7168126317157673e-11,-406.24740949000847,0.3412911553403298,3.1572612436950807,406.4469230620061
0.4528175903870179,0.27819702302908333,-0.3,0.3109341165522522,0.14281727812400646,0.0,0.30997238229040036,0.3380757474541749,2.1968224096902455e-13,0.16327121375952203,214.00901379458713,1.3584063158579047e-11,-89.98761424850932,0.34129115534032806,0.3754366794270461,232.15862832009992
0.4609036187867861,0.2793518475959716,-0.3,0.3134405620385962,0.14828465831437754,0.0,0.31261281363305216,3.522920061914675,0.0,1.7013685211608802,352.06017419975393,-1.3584063158578724e-11,170.0248905483721,0.34599871551638034,3.912239845336436,390.96653266430235
0.4689896471865543,0.2805950909458433,-0.3,0.3159897087305888,0.19979014146551677,0.0,0.3374870106515573,6.0316128814672645,0.0,2.9129234010427503,-41.80986397027209,1.3584063158578724e-11,-20.191768528084154,0.3921907482148649,6.698169652391935,46.43029443697709
0.47707567558632247,0.28258286511173936,-0.3,0.31889842114395894,0.24582824442628137,0.0,0.35972077632741417,2.8467685670065457,2.1968224096902455e-13,1.3748260936416123,-373.00028755455395,-1.3584063158579047e-11,-180.1152181813329,0.4356954930674692,3.1613664864824447,414.2109442497736
0.48516170398609065,0.2845706392776354,-0.3,0.3218071335573291,0.24582824442628137,3.552713678800501e-15,0.35972077632741417,-0.000568955108381175,-2.1968224096902977e-13,8.986215334871872e-05,-214.31059709919222,-4.075218947573649e-11,-78.96632844900616,0.4356954930674692,0.0005760079183114615,228.3959567455795
0.4932477323858588,0.28655841344353145,-0.3,0.3247158459706992,0.24581904325195225,-3.552713678800501e-15,0.3597222295832623,-0.6190745820241492,-4.3936448193805354e-13,0.09777814471343405,-76.4202945200431,2.7168126317157344e-11,12.07000712608799,0.43569150150267844,0.626748676657539,77.3676061834276
0.501333760785627,0.28854603880751367,-0.3,0.3276245818862054,0.23581653512263756,-3.552713678800501e-15,0.36130205003747307,-1.2364422987238122,2.1968224096902228e-13,0.1952867029672518,0.0703627392868924,4.07521894757364e-11,-0.011113262108227495,0.4314494287845643,1.2517693295608598,0.07123496104190243
0.5094197891853952,0.2903720518438046,-0.3,0.3305588432456942,0.22582322816764133,0.0,0.36288041723584286,-0.6179366718078221,2.1968224096902154e-13,0.09759842040739031,76.45547588971364,-1.358406315857877e-11,-12.075563757148696,0.4274088529655346,0.6255966608214479,77.40322366397633
0.5175058175851633,0.2921980648800955,-0.3,0.33349310460518294,0.22582322816764488,0.0,0.3628804172358464,2.2026824808563106e-13,0.0,2.2026824808563106e-13,149.9855902120072,-1.358406315857863e-11,130.6152072210078,0.4274088529655395,3.1150634380286096e-13,198.88692674137974
0.5255918459849315,0.29402407791638635,-0.3,0.3364273659646717,0.22582322816764488,0.0,0.3628804172358464,1.807638812212728,0.0,2.209914970468727,353.0261040774417,0.0,431.58935684288195,0.4274088529655395,2.8550450525551496,557.5812076282245
0.5336778743846997,0.2958500909526773,-0.3,0.3393616273241605,0.25505646571179597,0.0,0.3986192876604129,5.709158206859675,0.0,6.979687592938713,258.9504363469788,0.0,316.5778705494181,0.47323475907448675,9.017234960118085,408.9949591448467
0.5417639027844678,0.2981488655669665,-0.3,0.3428738597261067,0.3181520589665183,0.0,0.4757563214318701,5.995399977080847,0.0,7.329630274470251,-223.9731567020557,0.0,-287.1341384954066,0.5723327790778892,9.469334762569748,364.156543827765
0.5498499311842361,0.3009952641211732,-0.3,0.34705558557709515,0.35201441467708605,0.0,0.5171544847787466,2.087051595102512,0.0,2.3361379961049806,-377.3958042482646,0.0,-671.7368062853434,0.625590048887626,3.13262271866009,770.4920051386824
0.5579359595840042,0.30384166267537993,-0.3,0.35123731142808357,0.3519039759060796,0.0,0.5135364777964355,-0.10786640512882073,0.0,-3.53373551111547,-141.12598487970843,0.0,-539.9715174695741,0.6225400567723136,3.5353814255146396,558.1091141404719
0.5660219879837725,0.306686275207509,-0.3,0.35536052666465295,0.3502699930465809,0.0,0.4600067133784478,-0.1952458482626156,0.0,-6.396312054544776,0.8445415962203651,0.0,27.667433854414355,0.578182708477254,6.399291276413241,27.680320565270556
0.5741080163835406,0.3095062488981025,-0.3,0.3586765661250079,0.3487464489581029,0.0,0.4100949559427782,-0.09420843046517646,0.0,-3.0862961993245506,13.394856604678953,0.0,296.8490214683688,0.5383325724406762,3.087733709103795,297.1510789652092
0.5821940447833087,0.312326222588696,-0.3,0.3619926055853629,0.3487464489581029,0.0,0.4100949559427782,0.021376533569895884,0.0,-1.5956528184715566,11.682187629848809,0.0,-246.34026692746988,0.5383325724406762,1.5957959998958786,246.61711339182466
0.590280073183077,0.3151461962792895,-0.3,0.36530864504571786,0.3490921514731724,0.0,0.3842899679301155,0.09471657142757905,0.0,-7.07012498808864,6.426332151965551,0.0,-479.69400543500024,0.5191763762652318,7.070759405898237,479.73704942937377
0.5983661015828451,0.3179717606905926,-0.3,0.3682073647742208,0.3502782107310871,0.0,0.29575649305558827,0.12530354214417017,0.0,-9.353291520763534,-2.643638200793974,0.0,197.3345553073992,0.45843944867071823,9.354130812109744,197.35226256951222
0.6064521299826133,0.3208109153988726,-0.3,0.3700916358502445,0.351118567473911,0.0,0.233028006193706,0.05196350428691332,0.0,-3.8788193511460225,-7.74815125229472,0.0,578.3612830887741,0.4214098955833207,3.8791674061069634,578.4131807142033
0.6145381583823815,0.3236500701071526,-0.3,0.3719759069262682,0.3511185674739181,0.0,0.2330280061937131,6.608047442568932e-13,0.0,8.775202786637237e-13,64.20148678859186,0.0,299.8093614030406,0.4214098955833306,1.0985011376864738e-12,306.60639929845684
0.6226241867821496,0.3264892248154326,-0.3,0.37386017800229193,0.35111856747392167,0.0,0.23302800619372022,1.0902335952466977,0.0,0.9697146704966446,264.2514725034607,0.0,235.04002326127102,0.42140989558333747,1.4590941828343214,353.65612288621
0.6307102151819178,0.32932837952371263,-0.3,0.37574444907831567,0.36874988710101064,0.0,0.24871028692432873,4.273489822687779,0.0,3.8010806063465274,258.84433354875904,0.0,230.230611780481,0.444784538916305,5.719346906820717,346.4195774073916
0.638796243581686,0.33245266893445274,-0.3,0.3778823348890612,0.42022968761866863,0.0,0.29449929765917204,5.276278859635397,0.0,4.693017201202618,-134.8293057291084,0.0,-119.92471737109841,0.5131499066333634,7.061411265138086,180.44633418257965
0.6468822719814542,0.33612435790073314,-0.3,0.3805071084474833,0.454078168509227,0.0,0.3246060276633784,2.0930226321945256,0.0,1.8616512653527266,-369.9610312451637,0.0,-320.5490148181885,0.558172066940018,2.8011585411518407,489.5128553377288
0.6549683003812223,0.3397960468670135,-0.3,0.3831318820059053,0.4540781685092341,0.0,0.32460602766338553,-0.7067519512764449,0.0,-0.4909196734725576,-245.39086469772258,0.0,-195.66876628712194,0.558172066940028,0.860523356124321,313.8517844101262
0.6630543287809906,0.3434677358332939,-0.3,0.3857566555643274,0.44264853581000096,0.0,0.31666684681997026,-1.875452369784366,0.0,-1.3027151369377954,-57.12921651923041,0.0,-39.6827433850219,0.5442569412783269,2.2835035185733026,69.55909360150265
0.6711403571807587,0.34695458413036445,-0.3,0.388253036239208,0.4237482462602564,0.0,0.30353844447521183,-1.63064888573847,0.0,-1.1326712534565715,87.40408966370157,0.0,60.71208870437134,0.5212467395419124,1.9854369687721125,106.42101580415326
0.6792263855805268,0.3503206165405186,-0.3,0.3906654965292234,0.4162775894097379,0.0,0.2983492229738687,-0.46194846723122396,0.0,-0.32087578999221833,147.82099582834388,0.0,-34.34074525028281,0.512151628225366,0.56245680632419,151.75748282054522
0.6873124139802951,0.3536866489506728,-0.3,0.39307795681923885,0.41627758940973436,0.0,0.29834922297386157,0.7599206549615367,0.0,-1.6880317361825838,158.11619506074436,0.0,-267.9349751738603,0.5121516282253591,1.851197057094884,311.11072315480305
0.6953984423800632,0.35705268136082696,-0.3,0.39549041710925426,0.4285670694049166,0.0,0.2710502778569044,2.0951156202177046,0.0,-4.653935427086234,71.14423569316878,0.0,-158.03456178287558,0.5070877499058951,5.1037853032399925,173.3101987485753
0.7034844707798315,0.3606174599394999,-0.3,0.3974613973082708,0.45015991822149104,0.0,0.2230855149056481,1.9104692755510442,0.0,-4.243775645625041,-93.979468954538,0.0,208.75906597492641,0.502405313401339,4.65397943519573,228.93773872321847
0.7115704991795996,0.3643326931271796,-0.3,0.3990981687274623,0.4594632870428974,0.0,0.20241969707136676,0.5752743102946667,0.0,-1.2778719547215989,-114.67523371618665,0.0,195.87956817488373,0.502075936390829,1.401391189050725,226.97844491546098
0.7196565275793678,0.3680479263148593,-0.3,0.4007349401466538,0.4594632870428903,0.0,0.2024196970713561,0.05593488239277633,0.0,-1.0760001432322017,-26.2443028740416,0.0,-100.41869567814076,0.5020759363908183,1.077453024175074,103.7915115750969
0.727742555979136,0.37176315950253896,-0.3,0.4023717115658453,0.46036786913802885,0.0,0.18501856163870656,0.15084995355142183,0.0,-2.901848804963821,4.820684127999221,0.0,-92.73384675746841,0.49615566416755247,2.9057670579997326,92.85906164666741
0.7358285843789041,0.37549302164324094,-0.3,0.4037270708344434,0.4619028410599313,0.0,0.15549083337381475,0.13389525992340268,0.0,-2.5756971802334725,-6.917472908543717,0.0,133.0690531908433,0.48737217179740533,2.5791750434766185,133.24873113297522
0.7439146127786723,0.3792330784840274,-0.3,0.4048863181549738,0.46253323088669873,0.0,0.14336424054156538,0.03898018876519771,0.0,-0.749848518500956,42.27317628340636,0.0,117.58286860256793,0.48424197994447776,0.7508610096510866,124.9510000836196
0.7520006411784405,0.3829731353248137,-0.3,0.4060455654755041,0.46253323088669873,0.0,0.14336424054156893,0.8175394678754522,0.0,-0.6741403505402985,147.2304119915406,0.0,-77.02634918856309,0.48424197994447876,1.0596395584162919,166.1621277082032
0.7600866695782087,0.38671319216560013,-0.3,0.40720481279603443,0.47575452559704345,0.0,0.13246200450176815,2.4199987741115443,0.0,-1.9955230126393397,97.07112064843992,0.0,-80.04452613314581,0.4938507378375518,3.136639309942181,125.81704426596517
0.7681726979779768,0.3906670645354056,-0.3,0.4081877485360872,0.5016695885164388,0.0,0.11109252903638378,2.387379144596693,0.0,-1.9686249736575245,-101.1051937313409,0.0,83.37100950072492,0.5138228547368761,3.094359944635292,131.0457379109368
0.776258726377745,0.39482622124568795,-0.3,0.4090014074856149,0.5143633567254895,0.0,0.10062528961079309,0.7849198383601816,0.0,-0.647242311558939,-177.7566060556975,0.0,46.62582690225531,0.5241136438322982,1.0173601931093688,183.76990703257022
0.7843447547775132,0.39898537795597033,-0.3,0.4098150664351427,0.5143633567254824,0.0,0.10062528961078954,-0.4873107850288534,0.0,-1.2145894526689265,-128.29316934201864,0.0,-158.76822887262958,0.5241136438322905,1.3087013944135766,204.12370709736672
0.7924307831772813,0.40314453466625266,-0.3,0.41062872538467043,0.5064825390309764,0.0,0.08098287999411369,-1.2898445832314884,0.0,-3.2148511268488753,-38.98366386928207,0.0,-97.16416795341718,0.5129159669920654,3.463952484762615,104.69289174892931
0.8005168115770496,0.40717624234515265,-0.3,0.4111247261701975,0.4935039168628883,0.0,0.04863453458533584,-1.1177568113769034,0.0,-2.785933895691247,60.26577708318489,0.0,150.20840796249377,0.495894579435332,3.0018007862849374,161.847241898239
0.8086028399768177,0.41112550804055303,-0.3,0.4114152458404035,0.4884061123893204,0.0,0.03592859879324095,-0.3152230131740339,0.0,-0.7856722215115166,8.15469245874818,0.0,200.3019036810262,0.48972583639266487,0.8465496959360146,200.4678319016292
0.8166888683765859,0.4150747737359535,-0.3,0.4117057655106095,0.48840611238931686,0.0,0.035928598793233846,-0.9858786617512969,0.0,0.4533598676935622,-164.77325533427842,0.0,133.31705068797234,0.4897258363926608,1.0851229908778324,211.95202683058895
0.8247748967763541,0.41902403943135386,-0.3,0.4119962851808155,0.4724624266740278,0.0,0.04326036032421143,-2.979945457484476,0.0,1.3703386945610458,-124.68273472935633,0.0,57.33580643702287,0.47443882998137044,3.2799242472035286,137.23403017974366
0.8328609251761222,0.42271546293577256,-0.3,0.412405374514941,0.44021426519135787,0.0,0.05808979399627745,-3.00225492971596,0.0,1.3805977860403127,121.92371990423936,0.0,-56.06706349272465,0.444030430764038,3.3044795217739202,134.19727673833262
0.8409469535758904,0.4261432095319946,-0.3,0.41293571662879663,0.4239097894239734,0.0,0.06558746613736943,-1.0081881339823262,0.0,0.46361895917347784,188.28313611052917,0.0,-91.71473966430966,0.42895364001695807,1.109678265448082,209.43288379647583
0.8490329819756586,0.4295709561282166,-0.3,0.41346605874265224,0.42390978942397695,0.0,0.06558746613737299,0.04267064185836844,0.0,-0.10261819316559917,199.1521212495691,0.0,-357.68269553871914,0.4289536400169621,0.11113630030362433,409.38793104590553
0.8571190103754268,0.43299870272443863,-0.3,0.41399640085650785,0.4245998614677795,0.0,0.06392791888882954,2.2125112826138746,0.0,-5.320845909290027,263.06734205356804,0.0,-632.6479787167295,0.4293853993464546,5.762517450394585,685.1626751578725
0.865205038775195,0.43643760920494884,-0.3,0.41449990467799863,0.4596906475560232,0.0,-0.02046155612924494,4.2970106396517345,0.0,-10.33383723908443,-5.2770828581475655,0.0,12.690802961795612,0.4601458102924617,11.191625999879031,13.744238185758975
0.8732910671749632,0.4404328459869302,-0.3,0.4136654954085787,0.4940913616004394,0.0,-0.10319148389880795,2.127169998895994,0.0,-5.115609522960002,-283.60025006567054,0.0,620.8439434163455,0.5047521728109886,5.54024484978798,682.5513196193158
0.8813770955747313,0.4444280827689115,-0.3,0.41283108613915875,0.4940913616004394,0.0,-0.10319148389880439,-0.28938871277300393,0.0,-0.29351372250714025,-275.1566719107256,0.0,170.65375494195416,0.5047521728109879,0.4121845853260584,323.7806327944512
0.8894631239744994,0.44842331955089276,-0.3,0.4119966768697388,0.4894113509003297,0.0,-0.10793820449063674,-2.3226793280156244,0.0,-2.3557873049845766,-215.66853543565284,0.0,-218.74272170750154,0.501172751033761,3.3082583162621395,307.1828372109433
0.8975491523742677,0.4523428709340094,-0.3,0.41108550336529615,0.45652885958066136,0.0,-0.14128941000264206,-3.777192517711196,0.0,-3.8310334424460244,35.78873316616473,0.0,36.298873562739686,0.477892558017923,5.379962876544157,50.97491190343248
0.9056351807740358,0.45580633019865885,-0.3,0.4097117365060031,0.42832637896112047,0.0,-0.16989389492279727,-1.7439019024690054,0.0,-1.7687598599688101,229.2920323822533,0.0,231.48738642826882,0.46078999820523864,2.4838891456085355,325.8239496865983
0.9137212091738041,0.4592697894633083,-0.3,0.40833796964671015,0.42832637896111336,0.0,-0.16989389492279727,-0.06906874634426785,0.0,-0.08740628075184098,50.07549181525051,0.0,36.27781204006895,0.4607899982052321,0.11140174880332203,61.83554420358725
0.9218072375735722,0.4627332487279578,-0.3,0.4069642027874172,0.4272093952721683,0.0,-0.17130743425975226,-0.9340782045680207,0.0,-1.1820730230938725,-98.434073259266,0.0,-124.56800938503515,0.4602761176092793,1.5065851201227576,158.76541103326238
0.9298932659733404,0.4661786440689454,-0.3,0.4055675760896785,0.41322041318163016,0.0,-0.18901044699347125,-1.66095017010284,0.0,-2.1019272039318064,8.541739272990135,0.0,10.809544121137428,0.4543963676600738,2.678964993834976,13.777066230317642
0.9379792943731086,0.4694158727206591,-0.3,0.40390751510293305,0.40034841478006555,0.0,-0.20529992039022815,-0.7959407118784156,0.0,-1.0072604615897713,102.70494289571451,0.0,129.97278144559064,0.44991878214756204,1.2837816225151217,165.65394414838195
0.9460653227728767,0.4726531013723729,-0.3,0.4022474541161875,0.4003484147800691,0.0,-0.20529992039022815,-2.1671553440683056e-13,0.0,-1.7763568394002505e-15,-34.486335184631386,0.0,-29.529662711142485,0.44991878214756525,2.1672281443553432e-13,45.40163316776814
0.9541513511726449,0.47589033002408665,-0.3,0.40058739312944197,0.400348414780062,0.0,-0.20529992039022815,-1.3536556832921534,0.0,-1.4848158442255528,-199.43028020071688,0.0,-218.75373739081473,0.4499187821475589,2.009244086758099,296.0162736799887
0.9622373795724131,0.47912755867580037,-0.3,0.39892733214269643,0.3784570181828535,0.0,-0.22931244655989502,-3.2251978189536565,0.0,-3.5376978661951135,-64.04707314464389,0.0,-70.25280516699772,0.44250865840019604,4.787191991540018,95.0656836730663
0.9703234079721813,0.48201075841832286,-0.3,0.39687893921883466,0.34819033246220243,0.0,-0.26251177122193425,-2.3894285880313575,0.0,-2.620948199712961,167.40674362844948,0.0,183.62733480735042,0.43606070408856634,3.5466517228056293,248.48343184351785
0.9784094363719494,0.48475851250942864,-0.3,0.3946819768679485,0.3398150433387741,0.0,-0.27169856971429596,-0.5178864523689626,0.0,-0.5680661777431766,143.69772837679864,0.0,109.10672204441715,0.4350797357544098,0.7687038180229444,180.4253694354813
0.9864954647717176,0.4875062666005344,-0.3,0.3924850145170623,0.3398150433387812,0.0,-0.2716985697142924,-0.06554076275743626,0.0,-0.8564680935994318,18.194515387681676,0.0,-145.58732292051056,0.4350797357544131,0.8589721688952859,146.71983160211713
0.9945814931714858,0.49025402069164026,-0.3,0.3902880521661761,0.3387551144007759,0.0,-0.28554942037097675,-0.2236437160793443,0.0,-2.922512633306141,-11.447176040906374,0.0,-149.58844890305295,0.4430502217659794,2.9310572501361647,150.0258040622772
1.002667521571254,0.49298463355175726,-0.3,0.38786709307174827,0.33619826445948675,0.0,-0.3189616100174817,-0.25066514388526784,0.0,-3.2756209858141716,8.105433164207858,0.0,105.9195010524433,0.463428291853783,3.2851979935865705,106.22918031302875
1.010753549971022,0.4956910381203846,-0.3,0.38512978689210187,0.3347013434561994,0.0,-0.3385229490073165,-0.09256219056292991,0.0,-1.2095764461074872,-86.51053630733342,0.0,214.67525723717614,0.4760491322500178,1.2131129123456839,231.4509428842972
1.0188395783707904,0.4983974426890121,-0.3,0.3823924807124554,0.3347013434562136,0.0,-0.33852294900731295,-1.6497184508058744,0.0,0.19611946768052846,-255.04419528180148,0.0,105.79444683760886,0.4760491322500253,1.6613349489289113,276.1159295089969
1.0269256067705586,0.5011038472576396,-0.3,0.379655174532809,0.30802200296652416,0.0,-0.3353512938364922,-4.21715140305227,0.0,0.5013373572258963,-113.49385088301669,0.0,13.492213540603954,0.4553438750980612,4.246846489104119,114.29301822281921
1.0350116351703267,0.5033787920164936,-0.3,0.3769691605407337,0.2665013314338083,0.0,-0.3304152927905264,-3.485147453684119,0.0,0.41431631141064784,204.02085786072053,0.0,-24.254115615802487,0.42449643740064746,3.509688131418777,205.4574714302915
1.0430976635700948,0.5054137219267392,-0.3,0.3743116796503652,0.2516600003907854,0.0,-0.3286509469153849,-0.9177145014385832,0.0,0.10909842186461916,190.05783810354148,0.0,-31.12596589282952,0.4139374357376598,0.9241765912443454,192.5897390240549
1.051183691969863,0.5074486518369847,-0.3,0.3716541987599967,0.2516600003907854,0.0,-0.328650946915392,-0.4115213006765792,0.0,-0.08905457694861951,-47.97419500224995,0.0,-29.40810522174951,0.4139374357376654,0.42104690782149334,56.2704188614888
1.0592697203696313,0.5094835817472304,-0.3,0.3689967178696281,0.24500485454202447,0.0,-0.33009114259205674,-1.693555907927058,0.0,-0.3664911261482615,-107.65647404830888,0.0,-23.297218725692037,0.4110809423542864,1.7327571551778576,110.14843078712896
1.0673557487693994,0.5114108842608005,-0.3,0.3663159460529741,0.22427171805459878,0.0,-0.33457786222398767,-2.1525479138236783,0.0,-0.46581852145174096,50.89288341960717,0.0,11.01338908863612,0.4027904534736829,2.2023735868907792,52.07091627750962
1.0754417771691676,0.513110516710139,-0.3,0.36358590567787435,0.21019372741594466,0.0,-0.3376243861792503,-0.8705133065729935,0.0,-0.18838197225144526,133.10291575810083,0.0,28.803913270010167,0.39770796973146516,0.890663339534075,136.18388892587242
1.0835278055689357,0.5148101491594774,-0.3,0.3608558653027747,0.21019372741594822,0.0,-0.3376243861792467,2.184918912462308e-13,0.0,-2.2026824808563106e-13,-0.6325785380918987,0.0,49.84292891534179,0.397707969731464,3.1025281248534695e-13,49.846942919969216
1.0916138339687038,0.5165097816088159,-0.3,0.35812582492767503,0.21019372741594822,0.0,-0.33762438617925383,-0.8807434026211833,0.0,0.6176807052227105,-120.07596242646592,0.0,84.21136613806824,0.39770796973147005,1.0757501544806605,146.66216601251273
1.0996998623684722,0.5182094140581545,-0.3,0.35539578455257526,0.19595029508294104,0.0,-0.327635218730407,-1.9418752846196021,0.0,1.3618709963511861,-22.308662603912403,0.0,15.645454066069838,0.38176086061252185,2.3718288790971056,27.24805791444045
1.1077858907682403,0.519678700910783,-0.3,0.3528272895608383,0.178789610015464,0.0,-0.3156001310726211,-1.2415203613733983,0.0,0.8706998770337648,108.92163112456552,0.0,-76.38863910503441,0.3627246440242754,1.51640729475011,133.0381370553388
1.1158719191680084,0.5211008097864915,-0.3,0.3502918813069278,0.17587235728102968,0.0,-0.31355421086366775,-0.18038847937499192,0.0,0.1265095859052927,64.95340558747452,0.0,-146.22487162392753,0.3595098457704929,0.22032857013367677,160.0020561706788
1.1239579475677766,0.5225229186622001,-0.3,0.34775647305301727,0.17587235728102968,0.0,-0.31355421086367485,-0.19109019688944429,0.0,-1.4940570523732895,-18.62847977109891,0.0,-240.68249507534156,0.35950984577049905,1.5062277182065162,241.40232744170893
1.132043975967545,0.5239450275379088,-0.3,0.3452210647991067,0.17278203576309892,0.0,-0.33771618637639733,-0.48164931232222763,0.0,-3.7658213951073094,-12.301331831221681,0.0,-96.17914406326385,0.37934925124884367,3.7964979704865427,96.96262433311038
1.140130004367313,0.5253171595585003,-0.3,0.3422949077048153,0.16808309724469694,0.0,-0.3744552883622596,-0.39002803397391794,0.0,-3.0494716330952762,23.632145157445414,0.0,184.7701960106981,0.41044937636916107,3.074312786353778,186.2753435604787
1.1482160327670812,0.526663276933592,-0.3,0.3391653526068255,0.16647448024426126,0.0,-0.38703241483538875,-0.0994689185411346,0.0,-0.7777072903608513,-1.9394311281862322,0.0,242.93953285677844,0.4213167961355319,0.7840425340733501,242.94727415176058
1.1563020611668493,0.5280093943086839,-0.3,0.3360357975088357,0.16647448024426126,0.0,-0.38703241483538875,-0.4213926243377344,0.0,0.8793602911173508,-72.82100000072955,0.0,212.88730013464976,0.4213167961355319,0.9751134628545721,224.99755687501744
1.1643880895666174,0.5293555116837756,-0.3,0.33290624241084593,0.1596596947885658,0.0,-0.3728113502601822,-1.277134266751963,0.0,2.6651182193166285,-53.71598968034897,0.0,112.09429305337537,0.4055607488685243,2.9553218197423967,124.30019341286382
1.1724741179663858,0.5305914199614014,-0.3,0.33000667117691623,0.14582059234171396,0.0,-0.34393197161512035,-1.2900906604916305,0.0,2.692155565280377,52.11367107609832,0.0,-108.75058157636323,0.37356772645659886,2.985303250920723,120.59238660141445
1.180560146366154,0.5317137305856678,-0.3,0.32734415503070957,0.1387962753505434,0.0,-0.32927365754527926,-0.43434901807696313,0.0,0.9063976370811062,81.36420469089724,0.0,-195.12655594912837,0.35733114558407825,1.0050948940327151,211.41075337255327
1.188646174765922,0.5328360412099344,-0.3,0.3246816388845029,0.1387962753505505,0.0,-0.32927365754527926,0.02573587921865439,0.0,-0.4634421806268172,42.352788177354114,0.0,-335.07164580914775,0.35733114558408097,0.4641562132119925,337.7377184912085
1.1967322031656902,0.5339583518342009,-0.3,0.3220191227382963,0.13921247745105347,0.0,-0.3367684708136771,0.2505826779459355,0.0,-4.512400050858528,24.624068784469426,0.0,-443.4211101345019,0.36440789894326187,4.519352375891328,444.1042959445634
1.2048182315654583,0.535087393302477,-0.3,0.31923540004621115,0.14284871265127208,0.0,-0.40224844746999366,0.42395771823678174,0.0,-7.634473559835406,-3.18275894497096,0.0,57.31394421524851,0.4268601272057932,7.646236112145533,57.40224870168773
1.2129042599652267,0.536268509328938,-0.3,0.31551393799828625,0.1460687457509806,0.0,-0.4602336108578946,0.19911091950862136,0.0,-3.5855156896038665,-135.34257166401872,0.0,705.9308347997611,0.48285717872737544,3.5910399494663183,718.7878374219458
1.2209902883649948,0.5374496253553989,-0.3,0.31179247595036147,0.1460687457509735,0.0,-0.46023361085789816,-1.764810038109018,0.0,3.7818799970904458,-245.38270459490505,0.0,721.1667495099457,0.48285717872737666,4.173388405480993,761.7704065616169
1.229076316764763,0.5386307413818597,-0.3,0.3080710139024367,0.11752813757428981,0.0,-0.39907283273591787,-3.7692321168240106,0.0,8.077233945407915,-29.632846777281102,0.0,63.50137865477143,0.4160192170435773,8.913406697741753,70.07517890938617
1.237162345164531,0.5393502970717939,-0.3,0.30533864743220435,0.08511250986705932,0.0,-0.329608124709619,-2.244034119323163,0.0,4.808827899544269,218.25424681407048,0.0,-467.70550511531457,0.34041982199992704,5.306648179041252,516.1233919980267
1.2452483735642992,0.5400071857257809,-0.3,0.3027405725880441,0.0812374903364983,0.0,-0.32130419480529326,-0.2396120406068567,0.0,0.513473951227251,87.87289632251125,0.0,-290.26217762203026,0.3314150199306762,0.5666298867803456,303.27178844394655
1.2533344019640675,0.5406640743797677,-0.3,0.30014249774388385,0.08123749033651251,0.0,-0.3213041948052897,-0.8229486488558013,0.0,0.11469147628375609,-104.63555331557785,0.0,-15.103084920707644,0.33141501993067624,0.830902288711336,105.71992334361221
1.2614204303638357,0.5413209630337547,-0.3,0.2975444228997236,0.06792871804410083,0.0,-0.3194493977364097,-1.9317841520772951,0.0,0.2692260040413288,-35.355657960880826,0.0,4.927394451803556,0.32659183769541733,1.9504544730572553,35.6973635711443
1.2695064587636038,0.5417626214662966,-0.3,0.294976343939113,0.0499965673046745,0.0,-0.31695025657602116,-1.3947223575841425,0.0,0.19437757923204302,101.77414772385964,0.0,-14.183907180761864,0.3208693221326347,1.4082020799775783,102.75777521837689
1.277592487163372,0.5421295103599877,-0.3,0.2924186853477486,0.045373188857666946,0.0,-0.3163059124845127,-0.28588685436264294,0.0,0.03984305147469769,78.50549152453408,0.0,-19.285799747592062,0.3195436692218666,0.28864989563168464,80.83968252914477
1.2856785155631403,0.5424963992536789,-0.3,0.28986102675638425,0.04537318885768116,0.0,-0.31630591248450557,-0.12512708957387364,0.0,-0.11751346971050225,-23.762005816551962,0.0,-41.38203847229365,0.3195436692218616,0.17165722853590912,47.71903214178008
1.2937645439629084,0.5428632881473701,-0.3,0.28730336816501995,0.04334962645791762,0.0,-0.3182063469913814,-0.6701673620988182,0.0,-0.6293896251798294,-51.93070840087286,0.0,-48.770875671112535,0.3211455579322878,0.9193778295708978,71.24181910046657
1.3018505723626765,0.5431974518749949,-0.3,0.28471497563886666,0.03453520421262368,0.0,-0.32648443725195264,-0.9649534554729444,0.0,-0.9062388412268554,15.474480596501333,0.0,14.532903410814594,0.32830590627908574,1.3237839735309418,21.2288678755972
1.3099366007624447,0.5434217934314802,-0.3,0.2820234433016167,0.027744344367100382,0.0,-0.33286209300564806,-0.4199131829488769,0.0,-0.39436268575796163,57.559834285237514,0.0,58.44591037051529,0.3340163493071274,0.5760633724968892,82.03084152916092
1.3180226291622128,0.5436461349879655,-0.3,0.2793319109643668,0.027744344367100382,0.0,-0.33286209300564806,-0.03409254604018863,0.0,0.038951740985723404,-111.01572295577253,0.0,180.89036506857167,0.3340163493071274,0.05176427166802665,212.23999368176106
1.3261086575619812,0.5438704765444509,-0.3,0.2766403786271168,0.027192997776097627,0.0,-0.3322321632379861,-2.2152657602313073,0.0,2.5310065726199262,-265.5296966569866,0.0,303.3755224899995,0.33334317064827157,3.3635393054189895,403.16588081437584
1.3341946859617493,0.5440859016925501,-0.3,0.2739590335498492,-0.008081059333427731,0.0,-0.2919305109532395,-4.32825388234067,0.0,4.945157922283055,4.216228827692618,0.0,-4.817165988019241,0.29204233724816314,6.5717857958332715,6.401693032596584
1.3422807143615174,0.5437397891939102,-0.3,0.2719192618224634,-0.04280376985192902,0.0,-0.2522587884361478,-2.14708066815002,0.0,2.4531030906488844,271.2914841323489,0.0,-328.3812481041973,0.25586453262773656,3.2600107620826417,425.9498954914802
1.3503667427612855,0.5433936766952704,-0.3,0.2698794900950776,-0.042803769851936124,0.0,-0.2522587884361478,0.05908740827816672,0.0,-0.36544227396063356,149.4537917513065,0.0,-254.90510673521686,0.2558645326277378,0.37018829994281227,295.48781583770113
1.3584527711610537,0.5430475641966305,-0.3,0.2678397183676918,-0.04184820492911712,0.0,-0.25816874164759085,0.2698945409581728,0.0,-1.6692367739648954,18.763194599298608,0.0,-116.04612049974776,0.26153847024804955,1.690915276054881,117.55322009461555
1.366538799560822,0.542716905148198,-0.3,0.2657043705412879,-0.03843902000567567,0.0,-0.27925378035658355,0.36252685707877674,0.0,-2.2421467260483894,-7.3073461232709445,0.0,45.19428524031516,0.281886913677169,2.271265652281328,45.781226782910174
1.3746248279605902,0.54242592618178,-0.3,0.26332361037027985,-0.03598540000508166,0.0,-0.2944288658541403,0.15171972439877068,0.0,-0.9383522260441168,-18.91029025563724,0.0,156.7512537435807,0.2966198005219494,0.9505386761692489,157.88779125612234
1.3827108563603583,0.5421349472153618,-0.3,0.26094285019927177,-0.03598540000508876,0.0,-0.2944288658541403,0.0567085689688942,0.0,0.29284345289131863,48.153049421914346,0.0,355.1323845201898,0.2966198005219503,0.29828367319685767,358.3820959585248
1.3907968847601264,0.5418439682489437,-0.3,0.25856209002826364,-0.03506830580669629,0.0,-0.2896929849006096,0.9304535747208462,0.0,4.804868867771145,101.04298382207476,0.0,521.7866860459845,0.29180783329577836,4.894130023935527,531.4800375503476
1.3988829131598945,0.5415678205819924,-0.3,0.2562579187930319,-0.020938051945371683,0.0,-0.21672425361022185,1.6907814425341108,0.0,8.731207376868776,-7.013154810429981,0.0,-36.2159812472911,0.2177333325932776,8.893409028280745,36.888773876332586
1.406968941559663,0.5415053568836115,-0.3,0.25505721308904206,-0.0077248922824324495,0.0,-0.14849140327335597,0.8170364367825853,0.0,4.219181961988774,-104.5495612273022,0.0,-539.8946766696378,0.14869220156708157,4.2975626775419835,549.9244244885239
1.415054969959431,0.5414428931852305,-0.3,0.2538565073850523,-0.0077248922824324495,0.0,-0.14849140327335775,-4.393707619954057e-13,0.0,0.0,-14.029272009200575,0.0,-86.57570850563283,0.14869220156708335,4.393707619954057e-13,87.7050384890198
1.4231409983591992,0.5413804294868496,-0.3,0.2526558016810625,-0.007724892282439555,0.0,-0.14849140327335597,0.5901542529936494,0.0,2.8190746865755854,80.64250878441698,0.0,385.21666839256517,0.14869220156708193,2.880184739008546,393.5671427221946
1.4312270267589673,0.5413179657884687,-0.3,0.2514550959770727,0.0018191158174687416,0.0,-0.10290116731992249,1.3041552325182537,0.0,6.229745841372688,15.316137961359281,0.0,73.16279871566005,0.10291724548470994,6.364790186534434,74.74877388933933
1.4393130551587356,0.5414098483311747,-0.3,0.25099167815842616,0.01336598021325841,0.0,-0.047743599680000415,0.8378477060542563,0.0,4.00226762301814,-72.98443980375036,0.0,-348.6352690347631,0.04957923695928923,4.089026156042493,356.19275577755496
1.4473990835585038,0.5415341211796589,-0.3,0.2506829837712334,0.015368836509139783,0.0,-0.038176267993526025,0.12384672652965822,0.0,0.5915964682208488,2.8287926790388767,0.0,-80.21766996585501,0.04115371883023681,0.604420708516422,80.26753168480901
1.455485111958272,0.5416583940281432,-0.3,0.25037428938404055,0.015368836509132677,0.0,-0.0381762679935278,0.8835951019337853,0.0,2.704982908003879,116.3588594404005,0.0,343.07628655247265,0.0411537188302358,2.8456410238739704,362.27161435158735
1.46357114035804,0.5417826668766275,-0.3,0.2500655949968477,0.02965838668540499,0.0,0.0055688692364874726,2.005608810529071,0.0,6.139845660921415,29.4852546730705,0.0,90.26431875192341,0.030176683140366912,6.459115376025371,94.95803011270115
1.4716571687578082,0.5421380311422023,-0.3,0.2504643494536422,0.047803656110659176,0.0,0.06111766477527958,1.3604323152554734,0.0,4.16474259783143,-80.6409239758625,0.0,-268.10592544110943,0.07759225789426166,4.381307680428647,279.97097327457817
1.4797431971575765,0.5425557503184746,-0.3,0.2510539933430486,0.05165937535964105,0.0,0.07292132308406529,0.701479207624319,0.0,1.8040214063954885,11.867981888249815,0.0,-34.86235071613285,0.08936559977350862,1.9356048960111665,36.82706194572782
1.4878292255573446,0.5429734694947469,-0.3,0.25164363723245503,0.0591480177000534,0.0,0.09029240142708694,1.5523619924480783,0.0,3.600946681884654,62.7046384359333,0.0,134.51889885717952,0.10794075112447589,3.9213065120407853,148.4156522443951
1.4959152539571128,0.5435122954202999,-0.3,0.252514207187494,0.07676426167495265,0.0,0.13115603735560555,1.7155421820046168,0.0,3.979468679324869,-57.26675421739025,0.0,-132.83920218636848,0.15196926664732446,4.33350388807542,144.65730115035973
1.504001282356881,0.5442149054947287,-0.3,0.253764700118172,0.08689186330943244,0.0,0.15464859494110428,0.6262407905193603,0.0,1.4526635589216212,-106.08064288110907,0.0,-246.07065932634444,0.17738766537344933,1.5819004213695451,267.962445457141
1.512087310756649,0.5449175155691576,-0.3,0.25501519304885,0.08689186330941823,0.0,0.1546485949411025,-8.881784197001252e-16,0.0,-1.1013412404281553e-13,-47.53742239697811,0.0,171.06671516842755,0.17738766537344083,1.1013770534918321e-13,177.5489441440434
1.5201733391564174,0.5456201256435864,-0.3,0.25626568597952804,0.08689186330943244,0.0,0.1546485949411025,-0.14253710458811408,0.0,4.2191641931357164,-23.97238162645212,0.0,709.5935789775842,0.17738766537344777,4.221571190306155,709.9983960594991
1.5282593675561855,0.5463227357180153,-0.3,0.257516178910206,0.08458674515797782,0.0,0.22288115791906193,-0.3876827172831465,0.0,11.475587663811675,-12.689605209440483,0.0,375.61818081513024,0.2383923824533043,11.482134388653824,375.83246778217466
1.5363453959559537,0.5469880672907691,-0.3,0.2598701327249415,0.08062223638533084,0.0,0.3402324504483225,-0.3477541207988768,0.0,10.293682748216485,17.62757902174568,0.0,-521.7844885700389,0.3496542082369986,10.299555206389366,522.082162168432
1.5444314243557218,0.5476265631041445,-0.3,0.2630184374239017,0.07896284576414558,0.0,0.38935117999962543,-0.10260850810516153,0.0,3.037259277540027,-54.62054324105384,0.0,-397.8715249537087,0.39727757598217517,3.038992008041241,401.6032297092959
1.55251745275549,0.5482650589175199,-0.3,0.2661667421228619,0.07896284576413848,0.0,0.3893511799996183,-1.2310806485147259,0.0,3.859281847746999,-161.85775007152677,0.0,339.4845999540856,0.3972775759821668,4.0508784162817,376.0953667146171
1.5606034811552583,0.5489035547308952,-0.3,0.2693150468218221,0.05905373959155469,0.0,0.45176370524681175,-2.7201812357070825,0.0,8.527423510565526,-31.90935350723808,0.0,100.03178013741402,0.4556070560670405,8.950773021568507,104.99792321141321
1.5686895095550264,0.5492200793484194,-0.3,0.27347269042408234,0.034971920315250316,0.0,0.5272571573661864,-1.7471205258703364,0.0,5.477001477888216,152.24787592263004,0.0,-477.27780029296446,0.5284156935637014,5.748910794290266,500.97256848598346
1.5767755379547945,0.5494691226126223,-0.3,0.2778418795187101,0.030799207211543944,0.0,0.540338084238364,-0.25801993867756057,0.0,0.8088598150699795,13.060414592194945,0.0,-401.8148010499989,0.541215148017168,0.84901618900361,402.0270000536907
1.5848615663545627,0.5497181658768252,-0.3,0.2822110686133378,0.030799207211543944,0.0,0.5403380842383605,-1.5359067592598676,0.0,-1.021170307586729,-188.39203687974282,0.0,-185.87882260493055,0.5412151480171644,1.8443964785904694,264.6554292900367
1.592947594754331,0.5499672091410281,-0.3,0.28658025770796564,0.005960435862000679,0.0,0.5238236600220709,-3.304706659677147,0.0,-2.1971830619279054,-28.801919761141363,0.0,-19.14938200793552,0.5238575699506338,3.968463117396629,34.586838728236934
1.6010336231540991,0.5498145583841355,-0.3,0.29068237459615576,-0.022644696594561253,0.0,0.5048051149618829,-2.001693041572822,0.0,-1.3308552010951402,189.94575375283526,0.0,126.28824153231535,0.5053127609466631,2.403736799020026,228.09671044988164
1.6091196515538673,0.5496009978214927,-0.3,0.29474399469982565,-0.0264110577015515,0.0,0.5023009941180021,-0.23289314115556703,0.0,-0.15484244675374725,106.18343754314972,0.0,213.13389847022052,0.5029948634537413,0.27967016021376667,238.1196780730107
1.6172056799536354,0.5493874372588501,-0.3,0.2988056148034956,-0.0264110577015515,0.0,0.5023009941180021,-0.2844884584549936,0.0,2.1159583108718607,-63.88513060841472,0.0,591.8482380424075,0.5029948634537413,2.1349972497269865,595.2861889769965
1.6252917083534035,0.5491738766962073,-0.3,0.3028672349071655,-0.03101182121049817,0.0,0.5365203921068726,-1.2660471020006425,0.0,9.416560875573524,-86.20674460057077,0.0,641.185511292329,0.5374159136100309,9.501289069798172,646.9547609422419
1.6333777367531719,0.5488859123247769,-0.3,0.30748225305875754,-0.046885643345994765,0.0,0.6545861514540725,-1.6786288286385438,0.0,12.485246818531131,35.18271818860659,0.0,-261.68079139235493,0.6562631280419629,12.597586390415353,264.03533900383127
1.64146376515294,0.5484156394089329,-0.3,0.3134532393286707,-0.05815870197258022,0.0,0.7384325128123912,-0.6970701850924494,0.0,5.184644253828985,66.23920655849082,0.0,-850.1650432346054,0.7407192522093359,5.231294570343629,852.7415981547967
1.6495497935527081,0.547945366493089,-0.3,0.3194242255985838,-0.05815870197257311,0.0,0.7384325128123841,-0.6074046178184154,0.0,-1.2636705496391087,-42.84407289784698,0.0,-499.4014971793999,0.7407192522093282,1.4020711921198374,501.23594241385183
1.6576358219524763,0.5474750935772451,-0.3,0.3253952118684969,-0.06798168395224025,0.0,0.7179963609077262,-1.3899469655199028,0.0,-2.891705124329718,-21.659301850514986,0.0,-45.06093808203113,0.72120751772962,3.2084125503171714,49.99613482544791
1.6657218503522444,0.5468459628388853,-0.3,0.3310357035290439,-0.08063700324730405,0.0,0.6916676932942138,-0.9576800775832446,0.0,-1.9923985997421028,75.117794272902,0.0,156.27827249229867,0.6963522989404461,2.210611524274254,173.39429480119344
1.6738078787520128,0.5461710273805853,-0.3,0.3365809010908554,-0.08346934056270072,0.0,0.6857751775853806,-0.17513772988262577,0.0,-0.36436402505080423,39.53596147628383,0.0,2.2515623437236485,0.6908362505009653,0.4042701660766754,39.60002251062332
1.6818939071517809,0.5454960919222854,-0.3,0.34212609865266685,-0.08346934056270783,0.0,0.6857751775853842,-0.31830226296447073,0.0,-1.9559862056316177,-32.2813172264031,0.0,-242.38897649128893,0.6908362505009698,1.9817160157877,244.52913807226795
1.689979935551549,0.5448211564639854,-0.3,0.3476712962144783,-0.08861694283878307,0.0,0.6541428575687966,-0.697193025631865,0.0,-4.284292320449389,-7.492986260706282,0.0,-46.0448431267439,0.660118050553356,4.340649582960057,46.65053506305783
1.6980659639513171,0.5440629736892953,-0.3,0.3527049341002804,-0.09474438577346689,0.0,0.6164893588332596,-0.4394792623707575,0.0,-2.700626024003057,39.36447502127915,0.0,241.89702396890056,0.6237272065496543,2.7361511185562293,245.079032352243
1.7061519923510855,0.5432889448758198,-0.3,0.3576411971418396,-0.09572422643206124,0.0,0.6104681801143137,-0.0605884997038002,0.0,-0.372319909185471,4.561445588572667,0.0,224.51890383204767,0.6179276061628083,0.3772175513841247,224.56523543015686
1.7142380207508536,0.5425149160623443,-0.3,0.3625774601833987,-0.09572422643207545,0.0,0.6104681801143137,-0.36571130522434636,0.0,0.9303064413385158,-113.9175711177561,0.0,322.339493036267,0.6179276061628105,0.9996073396913552,341.8771150285533
1.7223240491506218,0.5417408872488687,-0.3,0.3675137232249578,-0.10163853043238191,0.0,0.6255131487246146,-1.9028699302853633,0.0,4.840572680930762,-144.87301576531934,0.0,368.53194806228504,0.6337168848120082,5.201159279521965,395.9848323351807
1.73041007755039,0.5408712119751704,-0.3,0.37269329435342996,-0.12649754702677996,0.0,0.6887501964526095,-2.708605944901203,0.0,6.890226037845537,45.227556365489306,0.0,-115.05109744177932,0.7002702781907144,7.4034965399707415,123.62154697847505
1.738496105950158,0.5396951617333495,-0.3,0.37865223052268115,-0.14544225962088575,0.0,0.7369422755702963,-1.1714473198384425,0.0,2.9799597982533257,153.30904892714423,0.0,-516.0372572286975,0.7511573526275009,3.2019446001395266,538.3290028700502
1.7465821343499264,0.5385191114915286,-0.3,0.38461116669193246,-0.14544225962087154,0.0,0.7369422755702963,-0.22928329776852507,0.0,-1.4551577967339924,27.775480269801598,0.0,-467.70939609173286,0.751157352627498,1.4731106693087717,468.5334102246195
1.7546681627496945,0.5373430612497078,-0.3,0.39057010286118365,-0.14915024213558326,0.0,0.7134093810292264,-0.7222606752807668,0.0,-4.583863121019121,-32.61107514171049,0.0,-206.9678023390226,0.7288338217108253,4.640416101525399,209.52124815145365
1.7627541911494626,0.5361070453040474,-0.3,0.3961484637232591,-0.1571227002855835,0.0,0.6628117808158756,-0.7566714572542121,0.0,-4.80225285183586,28.355490041973592,0.0,179.95952089111253,0.6811805925988684,4.861500195123812,182.17975456915963
1.7708402195492308,0.5348020640161928,-0.3,0.4012891326279398,-0.16138717592088625,0.0,0.6357470751436018,-0.26369407974328496,0.0,-1.673547527550717,45.46773475989764,0.0,298.4888706085291,0.655911704504016,1.6941947629073748,301.93198038854985
1.778926247948999,0.5334970827283382,-0.3,0.4064298015326205,-0.16138717592089336,0.0,0.6357470751436018,-0.021364668170898327,0.0,0.024926117674702652,-59.94022439544959,0.0,192.43968647369252,0.6559117045040177,0.03282926116113063,201.5585856039626
1.7870122763487672,0.5321921014404835,-0.3,0.41157047043730133,-0.1617326865480493,0.0,0.636150181734429,-1.233050793243498,0.0,1.438598012586823,-147.2071823215754,0.0,171.7463393126037,0.6563874736912616,1.8947238586499027,226.20070644084547
1.7950983047485354,0.5308815325351414,-0.3,0.41671765840466507,-0.18132814338594017,0.0,0.6590121639148556,-2.4020075819751394,0.0,2.8024176721505967,2.642170805519555,0.0,-3.082615647859626,0.6835034219164763,3.690959933817763,4.059998250981012
1.8031843331483035,0.5292596524062915,-0.3,0.4222280525837177,-0.200578089596668,0.0,0.6814710395044727,-1.1903214569025593,0.0,1.3887457772384977,148.52826772433664,0.0,-173.28764713659615,0.7103762015365912,1.82906533632902,228.23070556638447
1.8112703615480716,0.5276377722774416,-0.3,0.4277384467627704,-0.2005780895966751,0.0,0.6814710395044727,-4.3876013933186186e-13,0.0,-4.334310688136611e-13,-0.29184691688713826,0.0,-86.63473764529734,0.7103762015365932,6.167438295430831e-13,86.63522921705925
1.8193563899478398,0.5260158921485916,-0.3,0.43324884094182303,-0.2005780895966751,0.0,0.6814710395044656,-1.1950412218192277,0.0,-0.0123161207741731,-196.5412989576188,0.0,-2.0255588935665645,0.7103762015365863,1.1951046852381244,196.55173640743905
1.8274424183476081,0.5243940120197417,-0.3,0.43875923512087583,-0.21990436411372372,0.0,0.6812718624997629,-3.1784770501977526,0.0,-0.03275745347799841,-97.50084560444807,0.0,-1.004845831387664,0.7158835659450195,3.178645845229092,97.50602344843767
1.8355284467473763,0.5224595862816785,-0.3,0.44426640819809515,-0.25198060098849595,0.0,0.6809412841062112,-2.7718304349372644,0.0,-0.028566544634152535,147.79087615545203,0.0,1.5231359778927376,0.7260683546848323,2.7719776347432603,147.79872468327767
1.8436144751471444,0.5203189674281744,-0.3,0.44977145624459064,-0.2647305633462125,0.0,0.680809882717373,-0.788394606558553,0.0,-0.008125211930099852,211.01560912998693,0.0,-109.33848734533603,0.7304685945167295,0.7884364747521037,237.66045550630764
1.8517005035469125,0.5181783485746704,-0.3,0.4552765042910862,-0.2647305633462089,0.0,0.6808098827173694,0.6407259815016264,0.0,-1.7967947723583038,175.2318113733951,0.0,-354.190697617136,0.7304685945167249,1.9076166379399586,395.16735441546103
1.8597865319466809,0.5160377297211662,-0.3,0.4607815523375818,-0.2543687063804292,0.0,0.6517520156016836,2.045464200057655,0.0,-5.736117291661934,94.48547535107099,0.0,-264.96663640296237,0.6996314234127211,6.0899068447243545,281.30912437924496
1.867872560346449,0.5140646834070615,-0.3,0.46581667490660894,-0.23165120012145834,0.0,0.5880450680678102,2.168750455610386,0.0,-6.081850266249241,-79.23865089570384,0.0,222.2098023313609,0.6320279112480615,6.456963775629085,235.9151543413727
1.8759585887462171,0.5122914533551213,-0.3,0.4702914505790616,-0.2192955508282779,0.0,0.5533959876496262,0.7640122370537075,0.0,-2.14252774694544,-290.1026528593136,0.0,462.85268816873497,0.5952626796295758,2.2746735688443107,546.2528353620104
1.8840446171459853,0.510518223303181,-0.3,0.47476622625151416,-0.219295550828285,0.0,0.5533959876496262,-2.522806124126584,0.0,1.4034296966335873,-367.13399273051147,0.0,310.4378913826456,0.5952626796295785,2.886895504399776,480.79003008002417
1.8921306455457534,0.5087449932512407,-0.3,0.4792410019239668,-0.26009451476187095,0.0,0.5760923324177405,-5.173299546424657,0.0,2.877891465222973,-15.791101868489505,0.0,8.784543961959557,0.6320850671228719,5.9199060366394995,18.07006117423549
1.9002166739455217,0.5063119600372041,-0.3,0.4840828241731514,-0.302958444934081,0.0,0.5999374118881136,-2.7781807204709246,0.0,1.5454938405443457,311.9957041207951,0.0,-173.56230120020717,0.6720927893824518,3.1791255600804535,357.0226768536449
1.9083027023452899,0.5038455320718674,-0.3,0.48894322382518823,-0.30502341117270504,0.0,0.6010861465903581,-0.1276872981717858,0.0,0.07103207195496708,277.2937083409551,0.0,-325.9123299720879,0.6740503222952116,0.14611502783980215,427.9142992624969
1.916388730745058,0.5013791041065309,-0.3,0.49380362347722506,-0.3050234111726944,0.0,0.6010861465903581,1.7062288809730433,0.0,-3.7251788714334637,227.20619801986763,0.0,-483.20926887668577,0.6740503222952068,4.097337503604117,533.960535945293
1.9244747591448261,0.4989126761411943,-0.3,0.4986640231292619,-0.27743018079659976,0.0,0.5408423422931037,3.546704241412197,0.0,-7.743455670381184,16.60227652319081,0.0,-36.247452151186394,0.607846974520664,8.517054461209566,39.86870167443429
1.9325607875445943,0.4968924874647826,-0.3,0.5025501565563834,-0.24766590872942018,0.0,0.47585854166426245,1.9747218399076925,0.0,-4.311374726460922,-211.00950882404643,0.0,460.6932708201835,0.5364510732784566,4.742096411606834,506.71816880112385
1.9406468159443626,0.4949074089979133,-0.3,0.506359634493601,-0.24549486703832812,0.0,0.4711185453326934,0.13424647946741608,0.0,-0.2930979275129175,-128.11576326806193,0.0,279.2915571959263,0.5312442126730036,0.3223794540006587,307.2741816662823
1.9487328443441307,0.492922330531044,-0.3,0.5101691124308186,-0.24549486703833523,0.0,0.4711185453326969,-0.09717356057941906,0.0,0.20534420014268662,-156.5714059302469,0.0,331.44392694001476,0.53124421267301,0.22717601415625235,366.56470351138825
1.9568188727438989,0.4909372520641747,-0.3,0.5139785903680363,-0.24706636337943166,0.0,0.47443938340085623,-2.3978351904197854,0.0,5.067032084822348,-272.5056060061454,0.0,575.8505231901876,0.5349154292365496,5.60574952607005,637.0738814008853
1.964904901143667,0.48892675926921697,-0.3,0.5178417730871142,-0.28427279393373084,0.0,0.5530628760135166,-4.504149699102852,0.0,9.518031569217072,12.017464665591802,0.0,-25.394939269346935,0.6218436830870213,10.529971009672398,28.094882051408696
1.9729909295434351,0.4863399762941156,-0.3,0.5229227546126417,-0.31990772814693713,0.0,0.628365530558014,-2.2034880692614145,0.0,4.6563436845376955,320.204146070163,0.0,-782.9624467524505,0.7051128948768339,5.151397497758397,845.90832138306
1.9810769579432035,0.4837531933190141,-0.3,0.5280037361381694,-0.3199077281469265,0.0,0.6283655305580211,0.6742099385909164,0.0,-3.144081591567698,271.6074623615009,0.0,-919.1323507568654,0.7051128948768355,3.215557198329651,958.4231277563662
1.9891629863429716,0.4811664103439127,-0.3,0.5330847176636968,-0.3090043667252331,0.0,0.5775192644768055,2.1889632392267835,0.0,-10.20791689819384,103.95008779212486,0.0,-484.7563626132384,0.6549902285508485,10.439977368898726,495.7765140121181
1.9972490147427397,0.47875595714902897,-0.3,0.5373434104861148,-0.2845076903100541,0.0,0.4632825186754843,2.3552966626819405,0.0,-10.983589021685585,-83.37961546239623,1.3584063158578347e-11,388.82890785510335,0.5436683896971224,11.23328314280971,397.6683038141832
2.005335043142508,0.47656533581631366,-0.3,0.5405769488699489,-0.2709143753165826,0.0,0.3998920389553433,0.8405433620454197,2.1968224096901697e-13,-3.919753715059457,-145.63989552332302,-1.358406315857984e-11,679.1708165408717,0.4830199184019599,4.008862972240512,694.6106659192895
2.0134210715422762,0.47437471448359825,-0.3,0.5438104872537831,-0.2709143753165826,3.552713678800501e-15,0.3998920389553504,2.2026824808563106e-13,-2.1968224096906226e-13,8.775202786637237e-13,-103.36366868119582,-2.7168126317158003e-11,235.91045882549295,0.4830199184019658,9.310318080377069e-13,257.5612404584405
2.021507099942044,0.472184093150883,-0.3,0.5470440256376172,-0.270914375316579,-3.552713678800501e-15,0.3998920389553575,-0.8310597588753268,-2.1968224096906226e-13,-0.10459637532870403,-136.26188500802368,4.0752189475735983e-11,-17.149788706768312,0.4830199184019697,0.8376160961644776,137.3368725383925
2.0295931283418125,0.46999347181816764,-0.3,0.5502775640214514,-0.28435432094092405,0.0,0.3982005004325089,-2.203634943961447,4.3936448193804e-13,-0.2773473570650289,-66.96927087542065,0.0,-8.42868748874153,0.48930667109950027,2.221019703361257,67.49760006376769
2.037679156741581,0.4675854989214327,-0.3,0.5534837467482157,-0.30655168479576744,3.552713678800501e-15,0.3954067617437005,-1.9140906112961886,-2.1968224096906226e-13,-0.24090558814217644,102.77724957029575,-2.7168126317157072e-11,12.935444962398128,0.5003203400660052,1.929191118228141,103.58807250649126
2.0457651851413488,0.46503590055965693,-0.3,0.5566721046312914,-0.3153091030262658,-3.552713678800501e-15,0.39430456157774785,-0.5415154262105695,-4.8265665625042386e-26,-0.06815460640585869,97.9341211322018,1.3584063158578911e-11,23.55731544854966,0.504872179598211,0.5457875110318595,100.72754932529259
2.053851213541117,0.46248630219788106,-0.3,0.5598604625143673,-0.31530910302626936,3.552713678800501e-15,0.39430456157775495,-0.33029444173362066,-4.8265665625042386e-26,0.14006465533636359,-533.2653482543619,-1.3584063158578911e-11,244.55033217649776,0.5048721795982187,0.35876527969498173,586.6658304490567
2.061937241940885,0.45993670383610524,-0.3,0.563048820397443,-0.32065064349855277,-3.552713678800501e-15,0.39656969513945484,-9.165512927404098,-2.1968224096906226e-13,3.8867272558977284,-1051.8048692707623,2.7168126317157072e-11,446.02835494977984,0.5099846647488885,9.955565076084326,1142.4687201148624
2.0700232703406534,0.45730072177841463,-0.3,0.5662738101491374,-0.46353429868513985,0.0,0.4571609355244419,-17.34014252960916,4.3936448193804e-13,7.353260545787908,106.96068296801468,0.0,-133.68505672394474,0.6510454415992077,18.83483431308599,171.20830030190845
2.0781092987404217,0.45244040082923576,-0.3,0.5704420530132737,-0.6010764133994542,3.552713678800501e-15,0.5154870423477291,-7.435738687128126,-2.1968224096906226e-13,1.7247649253088078,1416.5128399969672,-2.7168126317157072e-11,-1060.6509531453341,0.7918457839589481,7.633152944283863,1769.6013873989755
2.0861953271401896,0.4475800798800571,-0.3,0.5746102958774097,-0.5837854870798935,-3.552713678800501e-15,0.48505393186238877,5.567783576094037,-4.8265665625042386e-26,-9.799646912960384,950.0182913856983,1.3584063158578911e-11,-969.4845798420398,0.7590011935038518,11.270904736041222,1357.3632912816295
2.094281355539958,0.44299938877343475,-0.3,0.5782863727501907,-0.5110339011593332,3.552713678800501e-15,0.3570065958559283,7.928011081759191,-4.8265665625042386e-26,-13.953794766170802,-132.22626782268617,-1.3584063158578911e-11,232.72649153328604,0.6233854005499049,16.04873041984668,267.66659441123653
2.102367383939726,0.43931561060401975,-0.3,0.580383826823401,-0.45557324155833,-3.552713678800501e-15,0.2593923703348011,3.429412862475239,-2.1968224096906226e-13,-6.035980873127951,-355.99720200643577,2.7168126317157072e-11,796.5742308389143,0.5242436267727736,6.942185367885034,872.5047352725479
2.1104534123394942,0.43563183243460457,-0.3,0.5824812808966113,-0.45557324155832646,0.0,0.259392370334794,2.1708041104353057,4.3936448193804e-13,-1.071551059997132,265.7926423072395,0.0,137.3588809421642,0.524243626772767,2.4208701245758304,299.1875513425446
2.1185394407392626,0.4319480542651894,-0.3,0.5845787349698217,-0.42046687418370254,3.552713678800501e-15,0.2420631857289237,7.727826570766858,-2.1968224096906226e-13,-3.814605248610471,418.7739867439765,-2.7168126317157072e-11,-206.71497130352748,0.4851669590677512,8.618034387873886,467.0147014114891
2.1266254691390305,0.4288320182629823,-0.3,0.5863959404852963,-0.3305983913189223,-3.552713678800501e-15,0.19770235758645782,8.943240810227376,-4.8265665625042386e-26,-4.414557317232404,-268.463577310415,1.3584063158578911e-11,132.51883458959304,0.3852032171956809,9.973458402021166,299.3892681164258
2.134711497538799,0.42660159830294453,-0.3,0.587775988726112,-0.2758362758287767,3.552713678800501e-15,0.1706707140498338,3.38621834989576,-4.8265665625042386e-26,-1.6715031286190385,-553.0057753991605,-1.3584063158578911e-11,272.9743885984209,0.32436729751528454,3.7762941387230415,616.7093354697239
2.1427975259385668,0.42437117834290683,-0.3,0.5891560369669276,-0.2758362758287731,-3.552713678800501e-15,0.1706707140498267,4.405364961712621e-13,-2.1968224096906226e-13,0.0,-209.3869933719901,2.7168126317157072e-11,103.3574856518869,0.32436729751527776,4.922729846904475e-13,233.50735070580077
2.150883554338335,0.4221407583828691,-0.3,0.5905360852077434,-0.2758362758287696,0.0,0.1706707140498338,0.0,4.3936448193804e-13,4.3876013933186186e-13,-368.7245285319371,0.0,9.999098453378238,0.3243672975152785,6.209280214768835e-13,368.860081753203
2.1589695827381035,0.41991033842283126,-0.3,0.5919161334485591,-0.2758362758287731,3.552713678800501e-15,0.1706707140498338,-5.963034018800439,-2.1968224096906226e-13,0.1617059881321925,-906.53798623186,-2.7168126317157072e-11,24.583562726753637,0.3243672975152815,5.965226193194113,906.8712543893187
2.1670556111378714,0.4176799184627936,-0.3,0.5932961816893747,-0.3722708006783719,-3.552713678800501e-15,0.17328583247473262,-14.660583804278708,-4.8265665625042386e-26,0.397566772752457,-338.1778583361344,1.3584063158578911e-11,9.170731639995457,0.41062577704544706,14.665973435850619,338.30218176598777
2.1751416395376397,0.4138899538894517,-0.3,0.5947185217738954,-0.5129280698259322,3.552713678800501e-15,0.17710018648039494,-11.432065552157276,-4.8265665625042386e-26,0.3100155811074856,1025.9032761133908,-1.3584063158578911e-11,-216.40161525002148,0.542641392511433,11.436268292120051,1048.4785124278926
2.1832276679374076,0.40938481658349213,-0.3,0.596160255964344,-0.5571508141238866,-3.552713678800501e-15,0.17829942206114424,1.9303822478568193,-2.1968224096906226e-13,-3.1020924405820995,1368.3255986897411,2.7168126317157072e-11,-469.521293841582,0.584985225100812,3.6536766595796837,1446.6392741109692
2.191313696337176,0.4048796792775323,-0.3,0.5976019901547928,-0.4817098184687687,0.0,0.12693297133388626,10.696573750112425,4.3936448193804e-13,-7.283109451490375,338.11847661314226,0.0,-119.67461994357063,0.4981529167041615,12.940648101002616,358.6727183461688
2.1993997247369443,0.4015945780383207,-0.3,0.5982130231864896,-0.3841652158766351,3.552713678800501e-15,0.06051656233439928,7.3984534566173785,-2.1968224096906226e-13,-5.037477191772492,-576.9084380991957,-4.0752189475735983e-11,392.8068366864134,0.38890251658521685,8.950602773409269,697.9402244445008
2.2074857531367122,0.39866693758596927,-0.3,0.5985806674381774,-0.3620616089396229,-3.552713678800501e-15,0.04546660406217029,1.3667777210406342,-2.1968224096906226e-13,-0.9306149773516368,-460.78565512979316,4.0752189475735983e-11,299.50217627055446,0.36490522160267125,1.6535191486052458,549.5679881181135
2.2155717815364806,0.39573929713361766,-0.3,0.5989483116898652,-0.36206160893962647,0.0,0.04546660406217029,-0.0533983305529091,4.3936448193804e-13,-0.19391098554054986,-105.92508054135659,0.0,-20.20487658386653,0.36490522160267475,0.2011289437628137,107.83487249244634
2.223657809936249,0.392811656681266,-0.3,0.599315955941553,-0.362925169774325,3.552713678800501e-15,0.04233066458995438,-0.3462486979696848,-2.1968224096906226e-13,-1.2573693890935556,-29.613059097239873,-2.7168126317157072e-11,-107.53702250626652,0.3653855005611879,1.3041725121605665,111.53987842296536
2.231743838336017,0.38987005067404595,-0.3,0.599632885601976,-0.3676611625499575,-3.552713678800501e-15,0.025132354883751873,-0.5323024042815021,-4.8265665625042386e-26,-1.9330058215649224,6.603777270213314,1.3584063158578911e-11,23.980992392548984,0.3685191524325284,2.0049581930324005,24.873638060526613
2.239829866735785,0.3868658194775246,-0.3,0.5997223978122391,-0.37153359449089507,3.552713678800501e-15,0.01106998464977238,-0.2394520368642823,-4.8265665625042386e-26,-0.8695474180119109,32.914947732373996,-1.3584063158578911e-11,119.52751870252779,0.3716984751051194,0.9019146246345241,123.97669745322321
2.247915895135553,0.38386158828100336,-0.3,0.5998119100225021,-0.3715335944908915,-3.552713678800501e-15,0.01106998464977238,2.2026824808563106e-13,-2.1968224096906226e-13,0.0,-161.78745182644084,2.7168126317157072e-11,-142.71122448946224,0.37169847510511583,3.1109225016368097e-13,215.73519222364857
2.2560019235353215,0.380857357084482,-0.3,0.5999014222327652,-0.3715335944908915,0.0,0.01106998464977238,-2.85588789725389,4.3936448193804e-13,-3.1774814463870866,-373.08839034444605,0.0,-415.10083057588486,0.37169847510511583,4.272292595763476,558.1251172941415
2.26408795193509,0.3778531258879606,-0.3,0.5999909344430282,-0.4177191757783909,3.552713678800501e-15,-0.040316425780673626,-6.033606639897883,-2.1968224096906226e-13,-6.713034209608073,-39.80085518859025,-2.7168126317157072e-11,-44.28271818150026,0.4196602482970085,9.026031098128795,59.540466938757746
2.2721739803348577,0.37410197884753843,-0.3,0.599249422705086,-0.46910942377737896,-3.552713678800501e-15,-0.09749358588523904,-3.4995495880342027,-4.8265665625042386e-26,-3.8936240800565143,431.59837989091164,1.3584063158578911e-11,354.76442585192416,0.47913322861758084,5.235184408968446,558.6903967086826
2.280260008734626,0.3702666616414351,-0.3,0.5984142626345016,-0.4743140904888712,3.552713678800501e-15,-0.10328433555938688,0.9462268742858733,-4.8265665625042386e-26,-0.9757637642758805,509.9215089446195,-1.3584063158578911e-11,97.78062759330672,0.4854292022614926,1.35921308899475,519.2118993406243
2.288346037134394,0.36643134443533204,-0.3,0.5975791025639172,-0.45380698902118155,-3.552713678800501e-15,-0.11327369290403766,4.746930017923457,-2.1968224096906226e-13,-2.312310216723022,293.31210379311307,2.7168126317157072e-11,-111.04211103810229,0.4677303847181505,5.280163172992333,313.6277102797841
2.2964320655341623,0.36292766923895803,-0.3,0.5965823940389643,-0.3975464686155874,0.0,-0.14067914772238055,5.689686876819415,4.3936448193804e-13,-2.7715430911244345,-156.82083428153067,0.0,76.39009126635256,0.4217034708330245,6.328821996407441,174.43686568050052
2.3045180939339307,0.36000220036442554,-0.3,0.5953040313964405,-0.36179304967767933,3.552713678800501e-15,-0.15809524519606555,2.21081457857181,-2.1968224096906226e-13,-1.0769253218417756,-363.08842880385214,-2.7168126317157072e-11,129.15143319994604,0.39482694607724006,2.4591602732741236,385.37423347812205
2.3126041223336986,0.35707673148989316,-0.3,0.5940256687539169,-0.36179304967767933,-3.552713678800501e-15,-0.15809524519606555,-0.18219981705091826,-4.8265665625042386e-26,-0.6828987776733229,-219.65759077472273,1.3584063158578911e-11,-244.31774566224453,0.39482694607724006,0.7067867527628872,328.5431752912192
2.320690150733467,0.3541512626153606,-0.3,0.5927473061113931,-0.36473959546789203,3.552713678800501e-15,-0.169139123016933,-1.34150045588623,-4.8265665625042386e-26,-5.028045781826508,-120.83816349350691,-1.3584063158578911e-11,-452.9106312048821,0.4020485237344103,5.203928117997625,468.75356170901597
2.328776179133235,0.3511781420349465,-0.3,0.5912903412494633,-0.38348787124687433,-3.552713678800501e-15,-0.2394090871704293,-2.136401460619581,-2.1968224096906226e-13,-8.007395230632572,22.532670928553628,2.7168126317157072e-11,84.4541651242397,0.4520836851880827,8.287495977706097,87.40839356724747
2.336862207533003,0.3479494749796229,-0.3,0.5888755687553479,-0.39928960123564394,0.0,-0.2986351735030581,-0.977100821784294,4.3936448193804e-13,-3.6622482264794876,224.2447846857089,0.0,526.1878003570699,0.4986132293753558,3.790354612471463,571.9784302780583
2.3449482359327716,0.3447208079242993,-0.3,0.5864607962612324,-0.39928960123564394,3.552713678800501e-15,-0.2986351735030581,1.490097934317582,-2.1968224096906226e-13,0.5021437639652433,344.29495392862316,-2.7168126317157072e-11,322.1178191690088,0.4986132293753558,1.5724313064635629,471.4858478543242
2.3530342643325395,0.3414921408689759,-0.3,0.5840460237671171,-0.3751916528049897,-3.552713678800501e-15,-0.2905144760306797,4.590856728943084,-4.8265665625042386e-26,1.5470594412646435,199.1906014520091,1.3584063158578911e-11,67.12466077292561,0.4745181104214256,4.844518388910095,210.1966122245872
2.361120292732308,0.33865318720442517,-0.3,0.5817625796537768,-0.32504600545664175,3.552713678800501e-15,-0.273616040346667,4.711419654933099,-4.8265665625042386e-26,1.5876875906345447,-184.2805714558907,-1.3584063158578911e-11,-62.10017318006902,0.4248772095538993,4.971742858429511,194.4627484252555
2.3692063211320757,0.33623547840626866,-0.3,0.5796210896213666,-0.29899830653895876,-3.552713678800501e-15,-0.26483830213501847,1.610660860307597,-2.1968224096906226e-13,0.5427719133355886,-291.33088717993394,2.7168126317157072e-11,-98.17474736300085,0.39942372687526273,1.6996557759831208,307.42798643720846
2.377292349531844,0.333817769608112,-0.3,0.5774795995889564,-0.29899830653895876,0.0,-0.26483830213501136,0.0,4.3936448193804e-13,0.0,-179.50312729535,0.0,-302.109369109213,0.399423726875258,4.3936448193804e-13,351.4134937824348
2.3853783779316124,0.3314000608099553,-0.3,0.5753381095565463,-0.29899830653895876,3.552713678800501e-15,-0.26483830213501847,-1.292273910007271,-2.1968224096906226e-13,-4.342957963570804,-174.565127728988,-2.7168126317157072e-11,-586.6627854678009,0.39942372687526273,4.5311428725905945,612.0834973039845
2.3934644063313804,0.3289823520117988,-0.3,0.5731966195241361,-0.31989703361215405,-3.552713678800501e-15,-0.3350728649998729,-2.823077160851483,-4.8265665625042386e-26,-9.487543888759387,-29.4989491805173,1.3584063158578911e-11,-99.13741604490605,0.4632579594276591,9.89864908445879,103.43314392792834
2.4015504347311487,0.3262266678123764,-0.3,0.5699192921517849,-0.34465327073372265,3.552713678800501e-15,-0.4182714007921291,-1.7693325916810885,-4.8265665625042386e-26,-5.946213886807804,159.81565313876354,-1.3584063158578911e-11,537.0940774453752,0.541974945682974,6.203869551147162,560.3669253400564
2.4096364631309166,0.3234085997413471,-0.3,0.5664323106729043,-0.3485107807820924,-3.552713678800501e-15,-0.4312353737195238,-0.23852934083643973,-2.1968224096906226e-13,-0.8016279616183404,120.64776593676416,2.7168126317157072e-11,373.77081785794314,0.5544580343618091,0.836363339277997,392.76011471091095
2.417722491530685,0.3205905316703177,-0.3,0.5629453291940236,-0.3485107807820853,0.0,-0.4312353737195167,0.18178993178535663,4.3936448193804e-13,0.09842900959974088,39.250730419911555,0.0,62.83475813630479,0.5544580343617991,0.20672650828887545,74.08661598794004
2.4258085199304533,0.31777246359928835,-0.3,0.5594583477151429,-0.3455708636796757,3.552713678800501e-15,-0.42964357418555466,0.39623570093767313,-2.1968224096906226e-13,0.21453931594713183,4.0385509118949035,-2.7168126317157072e-11,2.186647866464453,0.5513735781330614,0.45058833627229233,4.5925289721329685
2.4338945483302212,0.3150019400346252,-0.3,0.5559971089087391,-0.34210283452051726,-3.552713678800501e-15,-0.427765831716286,0.24710160652035995,-4.8265665625042386e-26,0.1337916030967996,-4.571712011124308,1.3584063158578911e-11,-29.55325675492528,0.5477389489263096,0.2809971476797484,29.90477446053046
2.4419805767299896,0.3122399571281402,-0.3,0.5525404943877263,-0.34157472246377196,3.552713678800501e-15,-0.4274798887809723,0.322301714622661,-4.8265665625042386e-26,-0.2633976309048158,182.69452434291418,-1.3584063158578911e-11,-200.39153356406956,0.5471858425968231,0.4162411647290268,271.1716355908989
2.4500666051297575,0.3094779742216553,-0.3,0.5490838798667137,-0.3368905528850519,-3.552713678800501e-15,-0.43202551316414173,3.2016478311580734,-2.1968224096906226e-13,-3.1069516598473754,322.28778197699467,2.7168126317157072e-11,-315.80824685050743,0.5478515206220896,4.461356010383789,451.2252909472627
2.458152633529526,0.306791743971656,-0.3,0.545553753249987,-0.2897974918861692,0.0,-0.4777256874974398,5.534358030551147,4.3936448193804e-13,-5.370666536733157,-35.82053672521636,0.0,34.761061148612214,0.5587525559658907,7.711885493127559,49.914348873446514
2.466238661929294,0.3047913527225089,-0.3,0.5413580729139075,-0.24738860046600664,3.552713678800501e-15,-0.5188802374475614,2.622356076647984,-2.1968224096906226e-13,-2.54479380453985,-342.21732579554197,-2.7168126317157072e-11,332.09545349152546,0.5748372121341547,3.654138325290521,476.86485329115425
2.474324690329062,0.30279096147336193,-0.3,0.5371623925778282,-0.24738860046600664,-3.552713678800501e-15,-0.5188802374475685,2.2026824808563106e-13,-4.8265665625042386e-26,-4.405364961712621e-13,-242.61789884437889,1.3584063158578911e-11,269.24738201215484,0.5748372121341612,4.92534776004259e-13,362.4328869736582
2.4824107187288305,0.3007905702242149,-0.3,0.5329667122417485,-0.24738860046600308,3.552713678800501e-15,-0.5188802374475685,-1.3012743640473818,-4.8265665625042386e-26,1.8094901504871146,-166.71846940503642,-1.3584063158578911e-11,231.83076269519637,0.5748372121341596,2.228804517053211,285.55306087064537
2.4904967471285984,0.29879017897506793,-0.3,0.5287710319056692,-0.2684328833931602,-3.552713678800501e-15,-0.48961705995569105,-2.6961805567497716,-2.1968224096906226e-13,3.74918026218608,-11.579458298433096,2.7168126317157072e-11,16.101843176205918,0.5583736009934752,4.617980319681017,19.833134098177226
2.4985827755283667,0.29644945838711745,-0.3,0.5250485973381233,-0.2909913855715658,0.0,-0.45824828129579487,-1.4885380213573605,4.3936448193804e-13,2.069890072909743,160.92874025579587,0.0,-223.7798411071158,0.5428328230564265,2.549547088201508,275.6364938215609
2.506668803928135,0.2940842497594287,-0.3,0.5213602146722635,-0.2925056048228214,3.552713678800501e-15,-0.45614268012779746,-0.09363182865515185,-2.1968224096906226e-13,0.13019996121050426,141.60964752424528,-4.0752189475735983e-11,-171.87643837726756,0.5418723774902487,0.16037128557358554,222.69890511898714
2.514754832327903,0.2917190411317401,-0.3,0.5176718320064038,-0.2925056048228214,-3.552713678800501e-15,-0.456142680127801,0.8015812417670709,-2.1968224096906226e-13,-0.7097054510294818,115.40810530370682,4.0752189475735983e-11,-105.1050379223047,0.5418723774902517,1.0706139894349407,156.09644379818712
2.5228408607276713,0.28935383250405133,-0.3,0.513983449340544,-0.2795423874515208,0.0,-0.4676200769927874,1.7727546054432608,4.3936448193804e-13,-1.5695646819864209,20.973475917291687,0.0,-18.56953407833243,0.5448049951944609,2.36773988902063,28.012752237857026
2.5309268891274397,0.287198265763996,-0.3,0.5101094535606727,-0.26383651665195273,3.552713678800501e-15,-0.48152576931543223,1.1407654855852272,-2.1968224096906226e-13,-1.0100130108852063,-99.13163819582553,-2.7168126317157072e-11,87.76934929510577,0.549069006622897,1.5236378097369134,132.40294697277074
2.5390129175272076,0.2850870533709642,-0.3,0.5061961872487344,-0.2610938632236852,-3.552713678800501e-15,-0.4839540647730942,0.16959212190931083,-4.8265665625042386e-26,-0.1501537799276491,162.8332487816042,1.3584063158578911e-11,227.68554933871368,0.5498923005675463,0.22651191015101926,279.9203034551864
2.547098945926976,0.2829758409779322,-0.3,0.5022829209367958,-0.26109386322368167,3.552713678800501e-15,-0.4839540647730871,3.7741140337346,-4.8265665625042386e-26,2.6721306254541943,459.71095964183104,-1.3584063158578911e-11,342.19194910775957,0.5498923005675384,4.624307388044471,573.0876865270974
2.555184974326744,0.2808646285849004,-0.3,0.49836965462485755,-0.20005867670220567,-3.552713678800501e-15,-0.440740216522471,7.604063872606311,-2.1968224096906226e-13,5.383793857387065,6.905220013731764,2.7168126317157072e-11,4.889001686018958,0.48402005390697633,9.31702869360802,8.46075652196291
2.563271002726512,0.27974048069506413,-0.3,0.49515524512135456,-0.13812051036859074,0.0,-0.39688704471442904,3.88578564400955,4.3936448193804e-13,2.751195838413228,-466.74508759360845,0.0,-330.4626812255768,0.4202339844023008,4.761135223084194,571.8885909646759
2.5713570311262806,0.27863093584603854,-0.3,0.49195117479473555,-0.1372175305564589,3.552713678800501e-15,-0.39624772115700324,0.05583580513773967,-2.1968224096906226e-13,0.039532606479845356,-240.27776381052342,-2.7168126317157072e-11,-170.1203422988208,0.41933388512512426,0.06841391752026738,294.4050520042984
2.5794430595260485,0.277521390997013,-0.3,0.4887471044681167,-0.13721753055645536,-3.552713678800501e-15,-0.39624772115700324,0.0,-4.8265665625042386e-26,0.0,-22.53625307347707,1.3584063158578911e-11,-264.840293050842,0.4193338851251231,4.8265665625042386e-26,265.7974106831134
2.587529087925817,0.2764118461479874,-0.3,0.4855430341414977,-0.1372175305564589,3.552713678800501e-15,-0.39624772115700324,-0.30862175961526894,-4.8265665625042386e-26,-4.24347965554443,-42.012077548119414,-1.3584063158578911e-11,-577.6566000567783,0.41933388512512426,4.254687647469259,579.1823221137415
2.5956151163255847,0.2753023012989618,-0.3,0.48233896381487884,-0.14220857918252605,-3.552713678800501e-15,-0.46487351517414055,-0.6794217043747057,-2.1968224096906226e-13,-9.341895346745172,-7.689582829904264,2.7168126317157072e-11,-105.73003128224894,0.48613852460330137,9.366569410510689,106.00928826778953
2.603701144725353,0.2741120409280663,-0.3,0.47802507324950133,-0.14820517695044444,0.0,-0.5473253833198903,-0.4329781299051856,4.3936448193804e-13,-5.953351726857239,38.167286133132464,0.0,524.791584415655,0.5670360215199538,5.969075878613896,526.1776779798455
2.6117871731251214,0.27290551875933383,-0.3,0.4734875866280014,-0.1492107260923099,3.552713678800501e-15,-0.5611514574484957,-0.06217818514551787,-2.1968224096906226e-13,-0.8549360356563369,-32.65260819136216,-2.7168126317157072e-11,269.6757903848728,0.5806503241862224,0.8571941155722919,271.6454025773388
2.6198732015248893,0.2716989965906014,-0.3,0.4689501000065017,-0.1492107260923099,-3.552713678800501e-15,-0.5611514574484957,-0.9610379642288276,-4.8265665625042386e-26,-1.5921395272929217,-139.361735552816,1.3584063158578911e-11,-184.38343929863478,0.5806503241862224,1.859704880634994,231.12539026226943
2.6279592299246577,0.27049247442186897,-0.3,0.4644126133850017,-0.16475268663633003,3.552713678800501e-15,-0.5868996283166652,-2.315944088187635,-4.8265665625042386e-26,-3.8367954888877875,-48.70971758408975,-1.3584063158578911e-11,-80.69677745882463,0.6095856145547798,4.481584166693842,94.25819051605463
2.6360452583244256,0.26903460678444246,-0.3,0.4594587258817379,-0.1866643054310302,-3.552713678800501e-15,-0.6232003320229929,-1.7487742836882028,-2.1968224096906226e-13,-2.897172395896746,118.85166817576993,2.7168126317157072e-11,196.90006621032342,0.6505553141398642,3.384053691482344,229.98990217353688
2.644131286724194,0.2674737286719924,-0.3,0.45433418221803606,-0.1930339636817031,0.0,-0.6337528648611546,-0.39386815972940425,4.3936448193804e-13,-0.6525164343019156,173.42978944441188,0.0,211.47977609262162,0.6624989093231701,0.7621744054235315,273.4987889606066
2.6522173151239623,0.2659128505595422,-0.3,0.4492096385543342,-0.1930339636817031,3.552713678800501e-15,-0.6337528648611546,1.0559421219385179,-2.1968224096906226e-13,0.5228905550264358,159.61611093746305,-2.7168126317157072e-11,107.32822572849832,0.6624989093231701,1.178315873363282,192.34513487174038
2.66030334352373,0.26435197244709224,-0.3,0.44408509489063264,-0.1759572077086915,-3.552713678800501e-15,-0.6252966491053265,2.1874526524723468,-4.8265665625042386e-26,1.083201728372842,9.345553201074353,1.3584063158578911e-11,4.6278118836292705,0.6495820489568576,2.440957822486537,10.42861483919947
2.6683893719234986,0.26306726060218955,-0.3,0.43909730562844324,-0.157658355139624,3.552713678800501e-15,-0.616235264984553,1.2070789391292642,-4.8265665625042386e-26,0.5977317916659999,-130.58847554492374,-1.3584063158578911e-11,-64.6659310572815,0.6360833740602831,1.346968024883173,145.72245051690638
2.6764754003232665,0.2618023125728528,-0.3,0.4341193031834252,-0.15643625854356813,-3.552713678800501e-15,-0.6156300966196149,0.07556840859499658,-2.1968224096906226e-13,0.03742061831959376,-66.35218199795015,2.7168126317157072e-11,47.20752173919935,0.6351950242649783,0.08432607575952453,81.43194805876917
2.684561428723035,0.26053736454351595,-0.3,0.42914130073840684,-0.15643625854357524,0.0,-0.6156300966196149,0.13402768308531243,4.3936448193804e-13,1.3611745145977778,12.226965035030624,0.0,169.31852914883854,0.6351950242649801,1.3677570979613716,169.7594267989084
2.692647457122803,0.2592724165141791,-0.3,0.4241632982933885,-0.15426875524000216,3.552713678800501e-15,-0.5936171050554577,0.27330358162746116,-2.1968224096906226e-13,2.7756494889286216,0.6490473686945464,-2.7168126317157072e-11,6.591673575461954,0.6133352396998905,2.7890724144632952,6.6235506348372315
2.700733485522571,0.2580425214713809,-0.3,0.41954129119827366,-0.15201637749797925,-3.552713678800501e-15,-0.5707421354290574,0.14452411399744491,-4.8265665625042386e-26,1.4677754340643006,-16.57521795122783,1.3584063158578911e-11,-168.33659830291217,0.5906399615516449,1.4748735350427142,169.15066709394532
2.7088195139223394,0.25681399902282204,-0.3,0.4149332240613412,-0.15193150305953296,3.552713678800501e-15,-0.5698801573668071,0.005248215455511129,-4.8265665625042386e-26,0.05330045973320097,-2.3045267567053678,-1.3584063158578911e-11,-310.9030128284869,0.5897851942719023,0.05355821854055681,310.91155370845047
2.7169055423221073,0.2555854765742632,-0.3,0.41032515692440896,-0.1519315030595365,-3.552713678800501e-15,-0.5698801573668106,0.10725517639194138,-2.1968224096906226e-13,-3.5601657485448186,20.556056637494127,2.7168126317157072e-11,-696.3936374914414,0.5897851942719068,3.561780991298392,696.6969569353988
2.7249915707218757,0.2543569541257043,-0.3,0.4057170897874765,-0.1501969662548781,0.0,-0.6274553600680406,0.3376819309715575,4.3936448193804e-13,-11.208817000614275,15.232642293311997,0.0,-505.6234410012587,0.6451816469416062,11.213902426887987,505.85284172493226
2.733077599121644,0.25315648270487123,-0.3,0.40017791320221485,-0.14647049169168724,3.552713678800501e-15,-0.7511497825563573,0.35359833276640806,-2.1968224096906226e-13,-11.73713675559437,70.30638129881919,-2.7168126317157072e-11,590.1718691136463,0.7652970670078826,11.742461879881047,594.3448681905395
2.741163627521412,0.2519882250146103,-0.3,0.39356945283901584,-0.14447855393315834,-3.552713678800501e-15,-0.8172690023434406,1.4746807227058545,-4.8265665625042386e-26,-1.6645240118204896,342.0238244407522,1.3584063158578911e-11,1378.4087131818876,0.8299413682532395,2.223808314546746,1420.2080400634359
2.7492496559211803,0.25081996732434936,-0.3,0.38696099247581645,-0.12262187128290591,3.552713678800501e-15,-0.7780685594197045,5.884827048417051,-4.8265665625042386e-26,10.554567246958918,385.87830960068584,-1.3584063158578911e-11,958.5530290166193,0.7876717631566944,12.084290594005049,1033.3082692290905
2.757335684320948,0.2500051771473577,-0.3,0.38098648390214696,-0.049308796650713305,-3.552713678800501e-15,-0.6465799413311011,7.715126663277325,-2.1968224096906226e-13,13.837250018804298,-167.14128094796442,2.7168126317157072e-11,-299.7715778209992,0.6484573833019959,15.84274810483687,343.2188903108594
2.7654217127207166,0.25002254266419727,-0.3,0.37650446493916917,0.002147595331230434,0.0,-0.5542917661662194,3.181808759378974,4.3936448193804e-13,5.706644263550487,-470.3489762594819,0.0,-848.1987640659595,0.5542959265639372,6.533735205223307,969.8810766436078
2.773507741120485,0.2500399081810368,-0.3,0.3720224459761914,0.0021475953312268814,3.552713678800501e-15,-0.5542917661662123,0.10861630360504257,-2.1968224096906226e-13,0.1201314290327673,-98.77598572563033,-2.7168126317157072e-11,-244.51274256154062,0.55429592656393,0.16195388741946762,263.7104029632433
2.781593769520253,0.2500572736978763,-0.3,0.3675404270132139,0.003904144362486761,-3.552713678800501e-15,-0.5523489938724921,1.5843979077936476,-4.8265665625042386e-26,1.7523703026344677,169.0774794486697,1.3584063158578911e-11,187.0024899507529,0.5523627914470322,2.3624390802253727,252.10538531434975
2.789679797920021,0.2501030462254205,-0.3,0.36308982667411877,0.02777056828913338,3.552713678800501e-15,-0.5259523340981858,2.8429469047713414,-4.8265665625042386e-26,3.1443463181710385,-13.43258992369303,-1.3584063158578911e-11,-14.856666721092964,0.5266849743503521,4.239016498192089,20.02885463823957
2.797765826319789,0.2505063809056035,-0.3,0.3590346959923293,0.04988044318451479,-3.552713678800501e-15,-0.5014984466176173,1.3671653005829558,-2.1968224096906226e-13,1.512107444569338,-175.79377441048564,2.7168126317157072e-11,-194.43082331127914,0.5039729661124362,2.0385313053863308,262.11981263343404
2.8058518547195574,0.2509097155857865,-0.3,0.35497956531053954,0.04988044318451479,0.0,-0.5014984466176102,1.0969003483296547e-13,4.3936448193804e-13,4.405364961712621e-13,-88.3454215840364,0.0,76.1087499755914,0.5039729661124291,6.3177959462869e-13,116.60812723694781
2.813937883119326,0.25131305026596956,-0.3,0.35092443462874984,0.049880443184516565,3.552713678800501e-15,-0.5014984466176102,-0.061561875253096865,-2.1968224096906226e-13,2.74294247211634,-8.59180037200001,-4.0752189475735983e-11,382.81507922540095,0.5039729661124294,2.7436332243622465,382.91148313413413
2.8220239115190937,0.25171638494615256,-0.3,0.3468693039469603,0.048884861041235794,-3.552713678800501e-15,-0.45713942516068684,-0.13894708362615038,-2.1968224096906226e-13,6.190907204952559,-1.9568733051152543,4.0752189475735983e-11,87.19017864689982,0.45974578157419144,6.192466254440287,87.21213565559886
2.830109939918862,0.2521036190153659,-0.3,0.34353154987974394,0.047633383055984524,0.0,-0.4013787436584586,-0.09320854149291025,4.3936448193804e-13,4.152986993555416,7.613363719445583,0.0,-339.21998990200393,0.4041952931964953,4.154032835793151,339.30541530638766
2.8381959683186304,0.252486714722488,-0.3,0.34037818410638904,0.04737748721401047,3.552713678800501e-15,-0.3899770836131715,-0.015823333119744376,-2.1968224096906226e-13,0.7050222607190832,5.763555164837771,-2.7168126317157072e-11,-256.8001735978405,0.39284443745348907,0.7051998057149941,256.8648433087314
2.8462819967183983,0.25286981042961015,-0.3,0.33722481833303425,0.047377487214014025,-3.552713678800501e-15,-0.3899770836131715,1.1013412404281553e-13,-4.8265665625042386e-26,2.1671553440683056e-13,39.50481892275924,1.3584063158578911e-11,80.90986076172528,0.3928444374534895,2.4309493645881735e-13,90.03908199555218
2.8543680251181667,0.25325290613673235,-0.3,0.33407145255967935,0.04737748721401225,3.552713678800501e-15,-0.38997708361316796,0.6230508423545462,-4.8265665625042386e-26,2.013501124600424,87.2018627740708,-1.3584063158578911e-11,281.80854085558417,0.3928444374534858,2.1076952177499195,294.9918957707505
2.8624540535179346,0.25363600184385443,-0.3,0.3309180867863246,0.0574535008255701,-3.552713678800501e-15,-0.35741462906020516,1.4102334778077408,-2.1968224096906226e-13,4.557423729311129,20.298196467267715,2.7168126317157072e-11,65.59728137066399,0.3620029306833825,4.770625693807666,68.66600398338221
2.870540081917703,0.25418204741541567,-0.3,0.32829132287753254,0.07018386311772673,0.0,-0.31627416820319354,0.9513144285512776,4.3936448193804e-13,3.0743440848217425,-77.0321167524393,0.0,-104.28612386254588,0.3239677825259014,3.2181657343661283,129.65162028156726
2.8786261103174713,0.2547710192646052,-0.3,0.3258032829739163,0.07283821179832017,3.552713678800501e-15,-0.3076961618991483,0.16446571029874946,-2.1968224096906226e-13,2.870902610802517,-58.764991149249084,-2.7168126317157072e-11,227.55707342627653,0.31619983103323096,2.8756096345952074,235.02243690997489
2.886712138717239,0.25535999111379476,-0.3,0.32331524307030024,0.07284361192625433,-3.552713678800501e-15,-0.2698457681153599,0.0009636538613415624,-4.8265665625042386e-26,6.754410001407505,-10.112514209238926,1.3584063158578911e-11,223.6248638479504,0.2795047948930954,6.754410070149909,223.85339549501234
2.8947981671170075,0.25594905029416,-0.3,0.32143932188484026,0.07285379606330089,3.552713678800501e-15,-0.19846345970902846,0.0009255561208290075,-4.8265665625042386e-26,6.487376610739906,-0.04129557605263572,-1.3584063158578911e-11,-289.4475526154466,0.21141291455469366,6.487376676764601,289.4475555612732
2.9028841955167755,0.2565381868417923,-0.3,0.3201056807272533,0.07285858007241153,-3.552713678800501e-15,-0.164931545086489,0.00029581945984880065,-2.1968224096906226e-13,2.073447740023971,-0.05723181238364797,2.7168126317157072e-11,-401.14728084100494,0.18030747975273947,2.0734477611263,401.14728492364554
2.910970223916544,0.25712732338942457,-0.3,0.31877203956966627,0.07285858007240797,0.0,-0.16493154508649255,2.2026824808563106e-13,4.3936448193804e-13,-2.2026824808563106e-13,-6.933620519642148,0.0,-116.74773011823336,0.18030747975274128,5.385882937997339e-13,116.95344193853491
2.919056252316312,0.2577164599370569,-0.3,0.3174383984120792,0.07285858007241508,3.552713678800501e-15,-0.16493154508649255,-0.11183508541023723,-2.1968224096906226e-13,0.18539681733491875,-129.5264398099435,-2.7168126317157072e-11,214.72500882297612,0.18030747975274417,0.2165157412444469,250.76668044990762
2.92714228071608,0.2583055964846892,-0.3,0.3161047572544922,0.07104997671897273,-3.552713678800501e-15,-0.16193329722609917,-2.0947089416477978,-4.8265665625042386e-26,3.4725450389657038,-231.39156558988432,1.3584063158578911e-11,383.59392905230976,0.17683464576344404,4.055412999666564,447.98031098690734
2.9352283091158484,0.25886548419616184,-0.3,0.3148196039316026,0.03898282808958875,3.552713678800501e-15,-0.10877334947738859,-3.853912627063454,-4.8265665625042386e-26,6.388899625926134,23.75271353681741,-1.3584063158578911e-11,-1.7294880650517257,0.11554783616490852,7.461278775598606,23.815594246822087
2.9433143375156163,0.25893602899476065,-0.3,0.314345668468468,0.00872428281365245,-3.552713678800501e-15,-0.0586116495890856,-1.7105787091874871,-2.1968224096906226e-13,3.444575659743889,265.0219788793291,2.7168126317157072e-11,-337.98095050609004,0.05925739260350855,3.8459304460722605,429.49711546658335
2.9514003659153847,0.25900657379335945,-0.3,0.3138717330053334,0.011319252044533101,0.0,-0.0530674762577128,0.4320378684985545,4.3936448193804e-13,0.9230524971804162,129.4377262716116,0.0,-162.43718806404104,0.054261243104176834,1.019157805429452,207.70162505025638
2.959486394315153,0.25911908458175315,-0.3,0.3134874582282202,0.015711223762561843,3.552713678800501e-15,-0.04368399217572971,0.38269555207990036,-2.1968224096906226e-13,0.8176322280151913,-19.84411304365229,-2.7168126317157072e-11,-42.39711246357877,0.04642341784623901,0.9027615110707952,46.81136579655199
2.967572422714921,0.25926065659643777,-0.3,0.31316527300263697,0.017508226249699277,-3.552713678800501e-15,-0.03984468142511943,0.11111774522020357,-4.8265665625042386e-26,0.23740398628311965,-23.663999998509958,1.3584063158578911e-11,-50.55833269390296,0.04352167993402732,0.262121738903773,55.822306479729555
2.9756584511146893,0.2594022286111224,-0.3,0.3128430877770537,0.017508226249699277,3.552713678800501e-15,-0.039844681425122985,-2.19824158875781e-13,-4.8265665625042386e-26,-4.39648317751562e-13,47.530665854469966,-1.3584063158578911e-11,-24.305809425548546,0.043521679934030576,4.9154176234296e-13,53.384797165488614
2.983744479514457,0.259543800625807,-0.3,0.31252090255147047,0.017508226249695724,-3.552713678800501e-15,-0.03984468142512654,0.8797863731384161,-2.1968224096906226e-13,-0.15567094430555972,130.580466757437,2.7168126317157072e-11,-23.105136870267607,0.043521679934032394,0.8934525758321105,132.60884453302467
2.9918305079142256,0.25968537264049163,-0.3,0.31219871732588717,0.031736181447552525,0.0,-0.04236220077847008,2.1117547253110267,4.3936448193804e-13,-0.3736575858274702,43.55438314359449,0.0,-7.7065889625417086,0.0529314770969731,2.144557765908828,44.23093718718379
2.999916536313994,0.26005703995477725,-0.3,0.31183581863432763,0.05165964361411568,3.552713678800501e-15,-0.04588749312670615,1.5841503312054104,-2.1968224096906226e-13,-0.2803023387384669,-108.80327518565514,-2.7168126317157072e-11,19.251842389044636,0.06909689431364442,1.608757804319987,110.49337593945627
3.008002564713762,0.26052081533126287,-0.3,0.31145662218065373,0.057355150582811376,-3.552713678800501e-15,-0.04689526612159156,0.3521819790330767,-4.8265665625042386e-26,-0.0623156972161274,-100.35142276370563,1.3584063158578911e-11,24.800906113288974,0.07408629618891649,0.35765261424346745,103.37065828725359
3.01608859311353,0.2609845907077485,-0.3,0.3110774257269799,0.057355150582811376,3.552713678800501e-15,-0.04689526612158801,-0.038738577643466776,-4.8265665625042386e-26,0.1207793236056065,-95.6260823921994,-1.3584063158578911e-11,234.09972129581763,0.07408629618891424,0.1268397509003653,252.8774943415471
3.024174621513298,0.26144836608423405,-0.3,0.31069822927330604,0.05672866810482802,-3.552713678800501e-15,-0.04494201604003223,-1.1942884569306642,-2.1968224096906226e-13,3.7235582923352557,-138.11617353155242,2.7168126317157072e-11,430.61926980425153,0.07237352133681382,3.9103978409845297,452.2267494495927
3.0322606499130664,0.2619020099505018,-0.3,0.3103506208908948,0.03804104982229717,0.0,0.013322330078445077,-2.272361180930335,4.3936448193804e-13,7.084778613854778,4.790804054684472,0.0,-14.936791912435098,0.04030640086018023,7.440276429268816,15.686285606406882
3.040346678312835,0.2620635681026743,-0.3,0.31091367875203685,0.019979914017760336,3.552713678800501e-15,0.06963342611537016,-1.1168113016428562,-2.1968224096906226e-13,3.481999645124495,38.37741459184316,-2.7168126317157072e-11,-479.96460583008593,0.07244315700410779,3.656718339183963,481.4964681079021
3.0484327067126027,0.26222512625484684,-0.3,0.3114767366131789,0.01997991401776389,-3.552713678800501e-15,0.0696334261153666,-1.6517194523316026,-4.8265665625042386e-26,-0.6772362533963734,-244.4056419614082,1.3584063158578911e-11,-343.8356996155544,0.07244315700410535,1.7851683652039565,421.84962504746386
3.056518735112371,0.2623866844070194,-0.3,0.3120397944743209,-0.006731786782246729,3.552713678800501e-15,0.058681122958738285,-5.069353225570031,-4.8265665625042386e-26,-2.078530818766387,-218.39081358618105,-1.3584063158578911e-11,-89.54436914847084,0.059065989748587074,5.478926216893137,236.03546662531818
3.064604763512139,0.262116259416642,-0.3,0.31242573106672816,-0.06200195428306543,-3.552713678800501e-15,0.036019307654690635,-5.183548094144439,-2.1968224096906226e-13,-2.1253528773441603,204.26832193405886,2.7168126317157072e-11,83.75388013919297,0.071705180139531,5.602347338173843,220.77196331084846
3.0726907919119073,0.2613839852806714,-0.3,0.3126223007635925,-0.09056042098387707,0.0,0.024309795507271303,-1.7659143209062793,4.3936448193804e-13,-0.7240583119737269,436.6150808126177,0.0,144.856119865261,0.09376649724919019,1.9085894864847517,460.0174173391998
3.0807768203116757,0.2606517111447008,-0.3,0.31281887046045687,-0.09056042098387707,3.552713678800501e-15,0.024309795507274856,1.8774157922915227,-2.1968224096906226e-13,0.21726852087733772,515.6400833318176,-2.7168126317157072e-11,91.80898593305304,0.0937664972491911,1.8899459429597005,523.7495445692524
3.0888628487114436,0.2599194370087302,-0.3,0.31301544015732125,-0.06019874615459386,-3.552713678800501e-15,0.027823474367650647,6.573046394853425,-4.8265665625042386e-26,0.760681823243454,348.5289280397673,1.3584063158578911e-11,40.33436012893455,0.06631768063248701,6.616915878648345,350.85506165304196
3.096948877111212,0.2596781736026279,-0.3,0.31326883326829097,0.015739258659682065,3.552713678800501e-15,0.03661158515914309,7.51384541283192,-4.8265665625042386e-26,0.869558083855394,-232.1802125188658,-1.3584063158578911e-11,-26.869621294347198,0.039851379286312834,7.563993928417284,233.72981759674423
3.10503490551098,0.2601739731937571,-0.3,0.31360752479203596,0.06131558864466058,-3.552713678800501e-15,0.04188601709025619,2.818214810270237,-2.1968224096906226e-13,0.32614478148927795,-464.6190342991799,2.7168126317157072e-11,-53.76917077609458,0.07425658111256175,2.837023992728859,467.7199704513923
3.113120933910748,0.2606697727848864,-0.3,0.31394621631578096,0.06131558864466413,0.0,0.04188601709025974,0.0,4.3936448193804e-13,4.3920422854171193e-13,-215.12088686533005,0.0,-283.4272159233039,0.0742565811125667,6.212419032531552e-13,355.8201549824873
3.1212069623105165,0.2611655723760156,-0.3,0.314284907839526,0.06131558864466058,3.552713678800501e-15,0.041886017090263294,-0.6607323908825902,-2.1968224096906226e-13,-4.257456252956946,-93.35062140789707,-4.0752189475735983e-11,-601.508556739211,0.07425658111256576,4.308422105388889,608.709193579109
3.1292929907102844,0.26166137196714484,-0.3,0.314623599363271,0.05063018689001808,-3.552713678800501e-15,-0.02696580725409703,-1.5096715516805066,-2.1968224096906226e-13,-9.727630544993092,-23.27555143403275,4.0752189475735983e-11,-149.97697004306877,0.05736349523332126,9.84407965296076,151.77233884294546
3.137379019110053,0.26198436663417213,-0.3,0.3138488152729674,0.03690109456223922,0.0,-0.11542977660826992,-1.0371459307142228,4.3936448193804e-13,-6.682892331115335,93.66456608256992,0.0,683.7801864046392,0.12118466944183334,6.762892989754993,690.1654832422433
3.145465047509821,0.2622581385643704,-0.3,0.31275686245960427,0.03385740398909931,3.552713678800501e-15,-0.13504192161808248,0.0050771311107733474,-2.1968224096906226e-13,1.330501467940528,100.2126323569441,-2.7168126317157072e-11,887.9844264643925,0.13922156585524173,1.330511154952192,893.6212359423897
3.153551075909589,0.2625319104945687,-0.3,0.3116649096462412,0.036983202214941,-3.552713678800501e-15,-0.09391283129687267,0.5834984517933477,-4.8265665625042386e-26,7.67764225077054,35.99221030513527,1.3584063158578911e-11,395.44286739860695,0.10093253751028992,7.699783177081167,397.07744909410474
3.1616371043093574,0.2628562330112192,-0.3,0.311238098817666,0.04329377409394297,3.552713678800501e-15,-0.010878655052099617,0.5871452005062436,-4.8265665625042386e-26,7.725625980481938,-23.903440783409003,-1.3584063158578911e-11,-314.5202293740105,0.04463962377798384,7.747905283157185,315.42724861172996
3.1697231327091253,0.26323205986828224,-0.3,0.3114889794188361,0.04647854774710325,-3.552713678800501e-15,0.031026430871456512,0.1969306497397274,-2.1968224096906226e-13,2.5912032367311544,-44.47837108402413,217.38696353896742,688.3375053707941,0.05588286690302338,2.598675796411111,723.2177671428354
3.1778091611088937,0.2636078867253453,-0.3,0.3117398600200061,0.04647854774710325,0.0,0.031026430871456512,-0.13216154301544236,3.515594321831092,18.85745921459069,-109.206513534375,2581.050698492507,13684.39019693627,0.05588286690302338,19.18282143322756,13926.10081224434
3.185895189508662,0.26398371358240835,-0.3,0.31199074062117615,0.0443412237667431,0.05685439105677759,0.33599033238476395,-1.5691632900175592,41.740898498504485,223.8959387686078,-161.3697280637946,4292.553542829134,23025.026766509967,0.34363944675137853,227.7589872605895,23422.295227105536
3.19398121790843,0.26432497551466205,-0.2990805475585268,0.31717351475942723,0.02110194989319325,0.6750361813814614,3.651884269822709,-2.7418419509888636,72.93501403151484,391.21949989343466,16.344432208415952,-434.7739270778079,-2332.1040048691902,3.71380907676228,397.96951022148744,2372.341585366195
3.2020672463081983,0.26432497551466205,-0.2890832765329564,0.3710492204580847,0.0,1.2363635806494067,6.662814305747542,-1.3048402039867433,34.70970985484093,186.18102033941682,169.5419441680096,-5278.064798552117,-28234.0056444411,6.776554388214583,189.39334439412468,28723.610274804927
3.210153274707966,0.26432497551466205,-0.2790860055073866,0.4249249261567392,0.0,1.236363580649403,6.662814305747538,0.0,-12.422149682302418,-65.38244306689154,80.6848640319042,-5334.331153602461,-28292.44193576004,6.776554388214579,66.55203726502172,28791.038008240186
3.2182393031077345,0.26432497551466205,-0.2690887344818162,0.4788006318553967,0.0,1.0354718704148596,5.605445722777269,0.0,-51.55739654875341,-271.36595764327365,0.0,-3303.611595639916,-17388.14960302577,5.700282777671861,276.22028909284774,17699.19761435675
3.226325331507503,0.26432497551466205,-0.26234029560471495,0.5155765127722133,0.0,0.4025744352267253,2.274268625279845,0.0,-65.84834405059922,-346.5845860858659,0.0,1536.2485843680145,8085.853750992752,2.3096242022957743,352.78446639062366,8230.497590997538
3.234411359907271,0.26432497551466205,-0.26257827784928806,0.5155802332408276,0.0,-0.02943128972684761,0.00046011075282237357,0.0,-26.713097184149646,-140.601071509491,0.0,4071.7358878240125,21431.076478522384,0.029434886051936882,143.11621456280497,21814.446409855773
3.242497388307039,0.26432497551466205,-0.2628162600938611,0.515583953709442,0.0,-0.029431289726851162,0.00046011075282237357,0.0,2.1960211427085596e-13,0.0,0.0,1698.5579477235829,8694.65820348664,0.029434886051940435,2.1960211427085596e-13,8859.016896768651
3.250583416706807,0.26432497551466205,-0.2630542423384342,0.5155876741780563,0.0,-0.029431289726844057,0.00046011075282237357,0.0,0.7560784237413003,0.009434809856582703,0.0,149.0460313840619,1.8598877071545044,0.02943488605193333,0.7561372881191346,149.05763534157515
3.2586694451065754,0.26432497551466205,-0.2632922245830073,0.5155913946466707,0.0,-0.01720394651320234,0.000612691033715862,0.0,2.410380885288782,0.03007820964086252,0.0,111.08346315391196,1.3861675193025158,0.017214853061583848,2.4105685451487853,111.09211154109047
3.2667554735063438,0.26432497551466205,-0.26333246553862194,0.5155975826522541,0.0,0.009549526858563695,0.0009465372675627748,0.0,2.5525264993556074,0.03185198971241588,0.0,-93.50429980709009,-1.1668039474897194,0.009596322004878463,2.5527252259421167,93.51157957101391
3.2748415019061117,0.26432497551466205,-0.26313778909224184,0.5156067021011246,0.0,0.02407565701669867,0.0011278032205233046,0.0,0.8982240378077523,0.011208589928136885,0.0,-180.95865110588684,-8.235700485513663,0.02410205802187719,0.8982939689120926,181.14596372138456
3.28292753030588,0.26432497551466205,-0.26294311264586173,0.5156158215499951,0.0,0.02407565701669867,0.0011278032205233046,0.0,-0.3739470846962387,-0.10133622632328447,0.0,-117.1456075500407,-17.38716849380645,0.02410205802187719,0.3874344498341105,118.42891115137455
3.291013558705648,0.26432497551466205,-0.2627484361994816,0.5156249409988656,0.0,0.01802816352297043,-0.0005110119874274233,0.0,-0.996261381307725,-0.2699776865368052,0.0,-30.715599752583383,-8.323645498458895,0.018035404438555187,1.0321941150350267,31.823437000816167
3.2990995871054163,0.26432497551466205,-0.262651560161377,0.5156075574351091,0.0,0.00796406137100547,-0.0032382912607573644,0.0,-0.8706815085267979,-0.2359466941035549,0.0,39.196920952640156,19.205558044096698,0.00859725559761015,0.9020848805677307,43.64919325660772
3.3071856155051846,0.26432497551466205,-0.26261964094663476,0.5155725711686632,0.0,0.003947452712768751,-0.004326755326133025,0.0,-0.3623665492946781,0.040615689019125656,0.0,5.529847408316407,60.32275497690808,0.005856892911072036,0.3646356403894587,60.57568803045783
3.3152716439049525,0.26432497551466205,-0.2625877217318926,0.5155375849022172,0.0,0.0021038489535598615,-0.0025814520309879185,0.0,-0.7812525021466856,0.7395963256874879,0.0,-53.06316033251771,68.9345954844781,0.003330176422907137,1.0758058361437206,86.99239874312646
3.323357672304721,0.26432497551466205,-0.26258561738186015,0.5155308237797928,0.0,-0.008687007126727764,0.007634038461613812,0.0,-1.220506992155055,1.1554298826471456,0.0,14.098310288245145,-13.346592118410257,0.011564715130655746,1.680671155108392,19.413754767145114
3.331443700704489,0.26432497551466205,-0.26272820850456396,0.5156610430058283,0.0,-0.017634259447802947,0.01610422565906333,0.0,-0.5532538273877595,0.5237544798683718,0.0,77.0769139940971,-71.70097742581622,0.023881230922011984,0.7618454913572655,105.27051265511557
3.339529729104257,0.26432497551466205,-0.2628707996272678,0.5157912622318637,0.0,-0.017634259447802947,0.016104225659056226,0.0,0.025985238890449347,-0.004122396865415601,0.0,43.30139174667496,-33.828603074253756,0.02388123092200719,0.02631020327001883,54.94893004558343
3.3476157575040255,0.26432497551466205,-0.2630133907499716,0.5159214814578991,0.0,-0.01721402468851707,0.016037558022805598,0.0,0.1470187394384579,-0.023323610497442027,0.0,11.754628719850626,-1.8647988879090316,0.023527131429728773,0.14885731608728392,11.901628931952294
3.3557017859037934,0.26432497551466205,-0.2631491858122791,0.5160506225311343,0.0,-0.015256664043008072,0.015727034905321347,0.0,0.2160817622053367,-0.03428003040039296,0.0,-3.2135972823710244,0.5098172626842243,0.02191130814521149,0.2187840223645583,3.253785662054781
3.3637878143035618,0.26432497551466205,-0.26326012238744656,0.5161758199596762,0.0,-0.013719538156788502,0.015483179424080618,0.0,0.09504826165710789,-0.015078816767926995,0.0,-13.361427361022587,2.1197075192919015,0.020687062921397253,0.09623690954700677,13.528521762972687
3.3718738427033297,0.26432497551466205,-0.2633710589626141,0.516301017388218,0.0,-0.013719538156792055,0.015483179424080618,0.0,1.1102230246251565e-16,0.0,0.0,-30.07773956806227,-9.479922376754164,0.02068706292139961,1.1102230246251565e-16,31.536317885787856
3.379959871103098,0.26432497551466205,-0.26348199553778157,0.5164262148167599,0.0,-0.013719538156788502,0.015483179424080618,0.0,-0.3913706510392706,-0.16838865990000018,0.0,-82.71885949887317,-35.590093080449826,0.020687062921397253,0.4260583613518463,90.05034393198841
3.3880458995028664,0.26432497551466205,-0.2635929321129491,0.5165514122453017,0.0,-0.020048806555070797,0.012759988451779947,0.0,-1.3377340942086733,-0.5755650067978328,0.0,-68.63601816509566,-29.530898877980064,0.02376493108704941,1.4562992768859322,74.7193213171856
3.3961319279026343,0.26432497551466205,-0.2638062259761531,0.5166325700747635,0.0,-0.03535344991100686,0.006175109442320803,0.0,-1.5013562352992431,-0.6459640338960738,0.0,48.400850416317674,20.824643641432253,0.035888694560191385,1.634423469716219,52.69068327337769
3.4042179563024026,0.26432497551466205,-0.2641646701129695,0.5166512764659462,0.0,-0.04432882486866774,0.002313421405155225,0.0,-0.5549927921300646,-0.23878768699846264,0.0,-26.352803474829557,138.99652611171325,0.044389149944945396,0.6041825541824266,141.47262817275706
3.412303984702171,0.26432497551466205,-0.2645231142497859,0.516669982857129,0.0,-0.04432882486866774,0.002313421405151672,0.0,-1.927535269921215,1.6018956813208396,0.0,-403.6981369094332,378.782743214451,0.04438914994494521,2.506284499139036,553.5779550354333
3.420390013101939,0.26432497551466205,-0.2648815583866023,0.5166886892483116,0.0,-0.07550103473694136,0.028219369350406254,0.0,-7.083621992096175,5.886908350949662,0.0,-399.2753045916207,331.821365898853,0.08060235141038674,9.21050435423541,519.1591159978913
3.4284760415017073,0.26432497551466205,-0.26574412127197555,0.5171263481011108,0.0,-0.15888556207129412,0.09751683763037633,0.0,-8.384638174428833,6.968129657936618,0.0,238.37849369617498,-198.10661082602883,0.1864246642913438,10.902155211053692,309.9524729855095
3.436562069901475,0.26432497551466205,-0.26745106472104546,0.5182657370853812,0.0,-0.21109787953736614,0.14090835796509182,0.0,-3.2285514522540915,2.6831169883077948,0.0,779.1291224565452,-688.9836491518503,0.25380598907352603,4.197935355957485,1040.0676219643153
3.4446480983012435,0.26432497551466205,-0.26915800817011554,0.5194051260696516,0.0,-0.2110978795373697,0.14090835796508827,0.0,4.215482248111384,-4.174153050099008,0.0,738.534651069941,-699.5242575598983,0.25380598907352697,5.932439992936554,1017.2352814102185
3.452734126701012,0.26432497551466205,-0.27086495161918556,0.5205445150539221,0.0,-0.14292486118347014,0.07340371774893129,0.0,8.715072873275016,-8.629629037604623,0.0,35.13571348080967,-34.791237861046966,0.1606724049850471,12.264705153943284,49.44642144492863
3.46082015510078,0.26432497551466205,-0.27146939714324053,0.5205922151623846,0.0,-0.0701572260186687,0.0013495070100191242,0.0,4.783699002215732,-4.736798924914494,0.0,-521.3291420337308,516.2179556799133,0.07017020401712293,6.732090329078398,733.6654906017966
3.468906183500548,0.26432497551466205,-0.27199953826325735,0.5205663393579394,0.0,-0.06556260920775614,-0.0032000635127644728,0.0,0.2841083770519832,-0.28132293740854336,0.0,-356.5619772871355,334.8646005815823,0.06564065914214053,0.39982516807134977,489.15308888892275
3.476992211900316,0.26432497551466205,-0.27252967938327416,0.520540463553494,0.0,-0.06556260920775969,-0.0032000635127644728,0.0,-0.9826415470269589,0.678650415845069,0.0,-350.59609443755215,247.39785391148018,0.06564065914214408,1.1942155571211674,429.0959328109171
3.4850782403000844,0.26432497551466205,-0.27305982050329103,0.5205145877490488,0.0,-0.08145394411986118,0.007775109559311488,0.0,-5.385751575887861,3.7196092081314025,0.0,-423.0097042365313,292.14693043979014,0.08182418555256608,6.545365742141113,514.0885515586485
3.4931642686998527,0.26432497551466205,-0.2738469571941269,0.5206662030669098,0.0,-0.1526612896012125,0.05695366787321632,0.0,-7.823578510695366,5.403267168727655,0.0,121.52338557888211,-83.9287697610362,0.16293922065272654,9.508084812919186,147.68876611358994
3.5012502970996207,0.26432497551466205,-0.27552866754981226,0.5214356457008363,0.0,-0.2079773001704588,0.09515705311504519,0.0,-3.420468481834609,2.3623083764409833,0.0,483.7713970259963,-334.1113153203019,0.22871253167181865,4.156934627899168,587.9329346154597
3.509336325499389,0.26432497551466205,-0.27721037790549774,0.5222050883347628,0.0,-0.20797730017046234,0.09515705311503808,0.0,-1.7763568394002505e-15,0.0,0.0,265.7133703882095,-222.10389053908955,0.22871253167181893,1.7763568394002505e-15,346.31450070082496
3.517422353899157,0.26432497551466205,-0.27889208826118317,0.5229745309686893,0.0,-0.2079773001704588,0.09515705311504519,0.0,0.876663236479871,-1.2295683567552187,0.0,132.0509577367707,-185.2087236649478,0.22871253167181865,1.5100916442815948,227.46368228971716
3.5255083822989253,0.26432497551466205,-0.28057379861686865,0.5237439736026158,0.0,-0.1937998525160438,0.07527240381067912,0.0,2.135535588952237,-2.9952059988791806,0.0,47.26784239389249,-66.29574605301003,0.20790458775764972,3.678555589821011,81.42097315372162
3.5335944106986936,0.26432497551466205,-0.2820262304838144,0.5241918405585533,0.0,-0.17344129732849112,0.04671841157485801,0.0,1.6410814684654493,-2.3017069274921584,0.0,-105.56269350487153,159.95212208500854,0.17962319894453468,2.826836246797134,191.64593295841402
3.5416804390984615,0.26432497551466205,-0.2833787011286502,0.5244995064081884,0.0,-0.1672601897953534,0.03804906864338875,0.0,0.42836971367945686,-0.4084511953141301,0.0,-64.23219920927954,245.29339858914364,0.17153338658992,0.5918893397852013,253.56385153777947
3.54976646749823,0.26432497551466205,-0.2847311717734861,0.5248071722578237,0.0,-0.16651367798766614,0.040112915644400005,0.0,0.6023146944939288,1.6651918470427693,0.0,39.437029572304915,207.5172416741229,0.17127711743976462,1.770775784412308,211.23135395467023
3.557852495897998,0.26432497551466205,-0.2860715697869664,0.5251482147583847,0.0,-0.1575195223448027,0.06497864577588786,0.0,1.066147595927747,2.947529423922922,0.0,-5.708686069922308,-15.782542893042177,0.17039549385650757,3.134421860757404,16.78325823002319
3.565938524297766,0.26432497551466205,-0.28727858643588206,0.5258580106080684,0.0,-0.14927187850963364,0.08778052890638577,0.0,0.5099934991203678,1.4099556669352191,0.0,-65.92529380420491,-182.2606400942026,0.17316903582592258,1.499355979034924,193.81714395460273
3.5740245526975345,0.26432497551466205,-0.28848560308479776,0.5265678064577521,0.0,-0.14927187850963364,0.08778052890639287,0.0,0.0,-4.39648317751562e-13,0.0,-64.41518960544673,-90.28195446958401,0.17316903582592616,4.39648317751562e-13,110.90603209363182
3.5821105810973024,0.26432497551466205,-0.28969261973371335,0.5272776023074358,0.0,-0.14927187850963364,0.08778052890637866,0.0,-0.531732605931813,-0.050089228720114676,0.0,-123.70072497039803,-11.652612302956426,0.17316903582591897,0.5340865988253335,124.24835102199572
3.5901966094970708,0.26432497551466205,-0.290899636382629,0.5279873981571195,0.0,-0.1578710884149288,0.08697048305448618,0.0,-2.0004951503651416,-0.18844670802683083,0.0,-115.88259305744793,-10.916144023271242,0.18024190822348984,2.0093513899765267,116.3956080531172
3.5982826378968387,0.26432497551466205,-0.29224571994256415,0.5286840938992762,0.0,-0.1816239997085347,0.0847329580404832,0.0,-2.4057924829344657,-0.22662572989638097,0.0,65.75942844169285,6.19454029130707,0.2004169440152606,2.416442983476964,66.05054699545454
3.606368666296607,0.26432497551466205,-0.29383687002207437,0.529357704367343,0.0,-0.1967777010968419,0.08330547887836559,0.0,-0.9370299385009417,-0.08826825058878729,0.0,85.49238071126352,-7.6198086780355965,0.21368497013152765,0.9411781923254935,85.83128010212529
3.6144546946963754,0.26432497551466205,-0.29542802010158453,0.5300313148354098,0.0,-0.19677770109683834,0.08330547887836559,0.0,-1.0232048461442957,-0.3498537086391753,0.0,-122.73835460397957,-56.319827362580035,0.21368497013152438,1.0813629245640692,135.04305478269904
3.6225407230961433,0.26432497551466205,-0.29701917018109464,0.5307049253034765,0.0,-0.2133250279862473,0.07764762483072474,0.0,-2.9219615806380226,-0.9990756976364867,0.0,-108.27959599725952,-37.02290736045571,0.22701700642724143,3.0880433494904964,114.43411457581443
3.6306267514959116,0.26432497551466205,-0.29887792457094076,0.5312870366345214,0.0,-0.24403182974497994,0.06714836994915174,0.0,-2.774308622842703,-0.9485902693563957,0.0,126.53985313405553,43.266445694000936,0.2531016347547187,2.931997925288661,133.73226893379277
3.6387127798956795,0.26432497551466205,-0.30096566679262515,0.5317908525562904,0.0,-0.2581913046143036,0.06230696911520539,0.0,-0.8755518883491966,-0.2993682803590856,0.0,221.09749154952124,31.639476777128795,0.26560291447715567,0.9253175003624432,223.34985395164486
3.646798808295448,0.26432497551466205,-0.30305340901430966,0.5322946684780595,0.0,-0.2581913046143036,0.06230696911520539,0.0,0.8012925687311299,-0.43691485380910366,0.0,183.89415963700762,-52.23874438554613,0.26560291447715567,0.9126688173608009,191.1699462875367
3.6548848366952162,0.26432497551466205,-0.30514115123599417,0.5327984843998286,0.0,-0.24523275567973712,0.05524115728284329,0.0,2.098394906403561,-1.1441762216986167,0.0,61.316847335721455,-33.4337824100961,0.2513775843551399,2.3900628463538216,69.83962752934629
3.662970865094984,0.26432497551466205,-0.3070193270682691,0.5331880316113097,0.0,-0.2242559430000881,0.04380328626921681,0.0,1.7929121066129987,-0.9776078819685621,0.0,-99.09593797054417,54.03330686079505,0.22849388582376057,2.0421192406239452,112.8698505916207
3.6710568934947525,0.26432497551466205,-0.30876783108382516,0.5335068736333807,0.0,-0.21623767925501625,0.03943122708797375,0.0,0.4958097689405445,-0.2703465140790371,0.0,-110.86481632096103,60.4504358404536,0.2198034476509835,0.5647252116308985,126.27455282510891
3.6791429218945204,0.26432497551466205,-0.31051633509938115,0.5338257156554518,0.0,-0.21623767925501625,0.03943122708797375,0.0,2.184918912462308e-13,0.0,0.0,-238.53538833505837,86.50539238000906,0.2198034476509835,2.184918912462308e-13,253.73670290081495
3.6872289502942888,0.26432497551466205,-0.3122648391149372,0.5341445576775228,0.0,-0.2162376792550127,0.03943122708797375,0.0,-3.3617980799136156,1.1286236049566876,0.0,-443.7828178241813,148.98686707659888,0.21980344765098,3.5461919817991103,468.1242099670456
3.695314978694057,0.26432497551466205,-0.3140133431304932,0.5344633996995939,0.0,-0.27060486875195267,0.057683392132631184,0.0,-7.176880936510891,2.4094240767477824,0.0,-56.05777697941349,18.819729453228675,0.2766846015234466,7.570531312825101,59.132533994125296
3.703401007093825,0.26432497551466205,-0.31664107642262473,0.5350774167714817,0.0,-0.33230260540377543,0.07839657011130896,0.0,-4.268367633280796,1.4329773386263311,0.0,446.1188499942726,-136.72652222191238,0.3414250192404691,4.502486680253003,466.60065387771516
3.7114870354935934,0.26432497551466205,-0.319387359739717,0.5357312334843229,0.0,-0.3396331525586689,0.08085758304534352,0.0,0.03777844494035776,0.1982749933719452,0.0,497.64572312335235,-66.66881850664399,0.3491255176192005,0.20184197754371253,502.09162222052277
3.7195730638933617,0.26432497551466205,-0.32213364305680925,0.5363850501971642,0.0,-0.3316916502464018,0.08160308456604781,0.0,3.7795872671165753,0.35480541897888074,0.0,373.9911688038071,23.067039004438858,0.341582221805929,3.7962042615073446,374.70185832428166
3.7276590922931296,0.26432497551466205,-0.32475149594743374,0.5370509232029423,0.0,-0.2785094525960581,0.08659551643385299,0.0,6.0859848693605585,0.5713164583488455,0.0,-60.729841319641196,-5.700960256013769,0.2916612738294229,6.1127419645905166,60.9968406931822
3.735745120692898,0.26432497551466205,-0.32663771374340045,0.5377854778075177,0.0,-0.23326875725798502,0.0908424467809752,0.0,2.7974608238682066,0.26260916590669847,0.0,-420.549982668845,-100.40952578590472,0.25033310458235253,2.8097598892246287,432.37062896468365
3.743831149092666,0.26432497551466205,-0.32852393153936704,0.5385200324120931,0.0,-0.23326875725798146,0.0908424467809752,0.0,-0.7151733374039804,-1.052512095875251,0.0,-341.60394474132556,-264.39862812366175,0.2503331045823492,1.2724993573661485,431.9720935621987
3.7519171774924343,0.26432497551466205,-0.33041014933533375,0.5392545870166685,0.0,-0.24483458109199674,0.07382116138428074,0.0,-2.7269775734340733,-4.013260465828715,0.0,-160.35448238878703,-235.99178480913005,0.2557215985532265,4.852078549714143,285.31681079034684
3.7600032058922026,0.26432497551466205,-0.3324834102912776,0.5397138724270075,0.0,-0.27736959346662005,0.02593977057625807,0.0,-3.3084351346557526,-4.868984644032546,0.0,88.44556338988838,130.16428385344386,0.27857990429567414,5.886659027330304,157.37013209130464
3.7680892342919705,0.26432497551466205,-0.3348957861553402,0.5396740864597946,0.0,-0.29833878200723163,-0.004920334835084361,0.0,-1.2966308986259563,-1.9082362740800702,0.0,201.15986709697597,282.4391917520451,0.2983793534151581,2.307079834983294,346.7523455840227
3.776175262691739,0.26432497551466205,-0.337308162019403,0.5396343004925818,0.0,-0.29833878200723163,-0.004920334835098572,0.0,-0.05526633817633453,-0.3013619926034337,0.0,54.28748297613615,-23.178453175387332,0.29837935341515837,0.30638769348871214,59.028565114594265
3.7842612910915068,0.26432497551466205,-0.3397205378834656,0.5395945145253688,0.0,-0.2992325523673216,-0.00979397809668825,0.0,-0.4186906404319366,-2.2830795353576288,0.0,-38.10992848947981,-207.80975122476036,0.2993927894977103,2.3211535962004133,211.2753164796353
3.792347319491275,0.26432497551466205,-0.34214736785255756,0.5394759117225086,0.0,-0.3051098708257314,-0.041842426758762485,0.0,-0.671582266334461,-3.662073092907725,0.0,6.834793973518892,37.26946996762614,0.30796561813351325,3.72314411193734,37.890998935475906
3.8004333478910435,0.26432497551466205,-0.3446547920445586,0.5389178364231956,0.0,-0.3100934189240441,-0.06901723215924704,0.0,-0.30815796407905793,-1.6803555501525516,0.0,41.52732547623231,226.44448620862624,0.31768114013099064,1.7083782092247122,230.22081594742397
3.8085193762908114,0.26432497551466205,-0.34716221623655963,0.5383597611238825,0.0,-0.3100934189240476,-0.06901723215924704,0.0,0.0,0.0,0.0,-28.003901058843145,203.5673750305944,0.3176811401309941,0.0,205.4845362828068
3.8166054046905797,0.26432497551466205,-0.3496696404285607,0.5378016858245694,0.0,-0.3100934189240441,-0.06901723215924704,0.0,-0.7610386426113216,1.6117476013747165,0.0,-148.97650506188572,315.50635046690195,0.31768114013099064,1.7823888874442735,348.91009765467896
3.8246914330903476,0.26432497551466205,-0.35217706462056164,0.5372436105252564,0.0,-0.32240097907899923,-0.04295195840330024,0.0,-2.4092565016571683,5.102386620365029,0.0,-109.71754890938112,232.36270326111685,0.3252495381115493,5.642593917203097,256.9637453134124
3.832777461490116,0.26432497551466205,-0.3548835273744524,0.5371070643136199,0.0,-0.34905605191349665,0.013498854078491718,0.0,-2.535397075479647,5.369530436607111,0.0,94.1177306071917,-199.32499883628185,0.34931697130095196,5.938021172074153,220.42822499791552
3.8408634898898844,0.26432497551466205,-0.3578220189183287,0.5374619147601425,0.0,-0.36340356459303536,0.04388439280435108,0.0,-0.8871792164341699,1.878891417617091,0.0,9.236622561745065,-525.2386810649984,0.3660437005204857,2.077816142315751,525.3198904317704
3.8489495182896523,0.26432497551466205,-0.3607605104622049,0.5378167652066651,0.0,-0.3634035645930389,0.043884392804358185,0.0,-2.386021890775055,-3.1246593468894717,0.0,-320.51315594467616,-607.7566449744157,0.36604370052049,3.9314878223595593,687.0930232830008
3.8570355466894206,0.26432497551466205,-0.36369900200608124,0.5381716156531877,0.0,-0.40199044613558854,-0.006647775632750097,0.0,-6.070536179370215,-7.949783565204744,0.0,-160.5846941939315,-210.29667314468836,0.40204541000383637,10.002523093632036,264.5980626253382
3.8651215750891885,0.26432497551466205,-0.36726152278998053,0.5377092570015417,0.0,-0.4615766204894527,-0.08467995855615129,0.0,-4.983006686415738,-6.525589089739226,0.0,549.5667531269952,469.5998911055881,0.4692799505237101,8.210582720184211,722.8745906925543
3.873207603488957,0.26432497551466205,-0.3711636453299747,0.5368021665536352,0.0,-0.48257591330077076,-0.1121799730424442,0.0,2.81708856733664,-0.35538745318887077,0.0,1056.1029849636463,647.9687096313044,0.4954430930489157,2.839416883464433,1239.0387255894714
3.8812936318887252,0.26432497551466205,-0.37506576786996887,0.5358950761057287,0.0,-0.4160185041691591,-0.0904273046349644,0.0,12.09635077257661,3.953397686740734,0.0,558.3006660354617,261.37371543763226,0.42573288953836924,12.725999186026288,616.4542584955615
3.889379660288493,0.26432497551466205,-0.3778915202090565,0.5353397710468495,0.0,-0.2869530415395509,-0.04824540110131892,0.0,11.845958649681574,3.8715631187745867,0.0,-508.9743396492468,-166.34586866825452,0.2909805264553393,12.462573462677012,535.4678575268389
3.8974656886882615,0.26432497551466205,-0.37970638875654616,0.5351148487388018,0.0,-0.22444498804155444,-0.02781616597515324,0.0,3.8651888422621052,1.263242850269384,0.0,-732.495488763126,-239.39831319938554,0.2261620917539692,4.066382579775812,770.6238988125414
3.9055517170880294,0.26432497551466205,-0.3815212573040357,0.5348899264307541,0.0,-0.22444498804155089,-0.02781616597515324,0.0,0.0,8.786305016883489e-13,0.0,-246.41712554936962,-81.76934639249404,0.22616209175396568,8.786305016883489e-13,259.62978599049353
3.9136377454877977,0.26432497551466205,-0.3833361258515254,0.5346650041227063,0.0,-0.22444498804155444,-0.02781616597513903,0.0,-0.11988290850055172,-0.05913566405091886,0.0,-93.33743758053738,-46.041353361030964,0.22616209175396745,0.133674748974123,104.07537400084628
3.921723773887566,0.26432497551466205,-0.38515099439901507,0.5344400818146587,0.0,-0.22638374124711547,-0.02877251129306302,0.0,-1.5094583420756624,-0.7445833816812544,0.0,-157.02301084067685,-77.45607888240909,0.22820485469671842,1.683112859774323,175.0876068981163
3.929809802287334,0.26432497551466205,-0.38699721657346525,0.5341996934358096,0.0,-0.24885603408613477,-0.039857610715678504,0.0,-2.6592679586501884,-1.3117597712066063,0.0,14.825932160217334,7.313313919811925,0.2520276866398651,2.9652014726253504,16.5315705517982
3.9378958306871024,0.26432497551466205,-0.38917550831716335,0.533795502270271,0.0,-0.26938957371959305,-0.049986364820362894,0.0,-1.2696925250744169,-0.626312053577148,0.0,165.04757630532265,22.290765259171494,0.2739879177934284,1.415763361824946,166.54603165521775
3.9459818590868703,0.26432497551466205,-0.39135380006086135,0.5333913111047323,0.0,-0.26938957371958594,-0.049986364820362894,0.0,0.009890819985290733,-0.9512722493300996,0.0,79.97698828612012,-102.21812925285073,0.2739879177934214,0.9513236676681226,129.78776754097703
3.9540678874866386,0.26432497551466205,-0.3935320918045594,0.5329871199391937,0.0,-0.2692296188169969,-0.06537039366835273,0.0,0.023699872144494094,-2.2793894457966437,0.0,0.48456819353764935,-46.60445505576238,0.2770521178708094,2.2795126517632656,46.606974128114814
3.962153915886407,0.26432497551466205,-0.39570779674848744,0.5323341373853197,0.0,-0.2690062980411234,-0.08684878040605071,0.0,0.017727284334430493,-1.7049621436033444,0.0,-1.2231987690191681,117.64394116614892,0.2826784375289494,1.7050543005225332,117.65030007752992
3.970239944286175,0.26432497551466205,-0.39788247693591344,0.5315825965294966,0.0,-0.26894293216783893,-0.09294313829576595,0.0,0.003918232174793701,-0.3768449471364228,0.0,-39.75542863706698,101.15305482647972,0.28455004431435377,0.37686531642700805,108.68502475891394
3.9783259726859432,0.26432497551466205,-0.40005715712333956,0.5308310556736734,0.0,-0.26894293216783893,-0.09294313829575884,0.0,-0.6251997656741608,-0.06910919550296502,0.0,-164.26066490460715,5.171737134760441,0.28455004431435144,0.6290078122742933,164.34206065367044
3.986412001085711,0.26432497551466205,-0.40223183731076556,0.5300795148178503,0.0,-0.27905369828937765,-0.0940607761308101,0.0,-2.6525145705920288,-0.2932073204407768,0.0,-173.39971737967943,-19.167497536749575,0.2944798739053475,2.6686708451892445,174.45588252957825
3.9944980294854795,0.26432497551466205,-0.40457002938219605,0.5293098994594775,0.0,-0.311839548465052,-0.09768490373596705,0.0,-3.4294298441618025,-0.3790870543722429,0.0,77.31852211798466,8.546741624692222,0.3267816463707726,3.4503182535557886,77.78946364970342
4.002584057885247,0.26432497551466205,-0.40727492420088407,0.528499749006175,0.0,-0.33451463251918767,-0.10019139350608697,0.0,-1.4021150392439345,-0.1549889294353104,0.0,212.0589784386991,23.44086834910926,0.3491967277941458,1.4106552206409344,213.35061435445863
4.010670086285016,0.26432497551466205,-0.4099798190195723,0.5276895985528723,0.0,-0.33451463251918767,-0.10019139350609407,0.0,4.405364961712621e-13,0.0,0.0,24.265187337633897,-177.52281973075398,0.3491967277941478,4.405364961712621e-13,179.17352159760728
4.018756114684784,0.26432497551466205,-0.4126847138382605,0.5268794480995698,0.0,-0.33451463251918057,-0.10019139350608697,0.0,-1.0096970513683203,-3.025898053334979,0.0,-125.82233119995134,-377.06908872106294,0.34919672779413896,3.1899133475250228,397.50768130631525
4.0268421430845525,0.26432497551466205,-0.4153896086569487,0.5260692976462672,0.0,-0.3508435105842409,-0.1491263886942349,0.0,-2.034805886815292,-6.097982720146575,0.0,-1.9059769909160096,-5.711903445328375,0.381221521853185,6.428516800337726,6.021510546254603
4.034928171484321,0.26432497551466205,-0.4183585750191777,0.5244677676712968,0.0,-0.3674216288967891,-0.19880831641889074,0.0,-1.040520619524024,-3.118271280286299,0.0,167.66032832452134,429.620152581086,0.41775997900526995,3.2872935580980616,461.1761715415075
4.043014199884088,0.26432497551466205,-0.42133157210884553,0.5228541582609207,0.0,-0.3676708691442734,-0.19955524895539156,0.0,0.6766064658776116,0.8498587896198835,0.0,256.71363231140293,441.90861945975075,0.4183349918461922,1.0863039500809915,511.06273290794445
4.051100228283857,0.26432497551466205,-0.4243045691985136,0.5212405488505446,0.0,-0.35647951069968187,-0.18506435180157155,0.0,3.1110668234312158,4.028300013821163,0.0,214.53501395188073,279.40818442253806,0.4016546474975989,5.089787596865508,352.2700749902448
4.059186256683625,0.26432497551466205,-0.42709657900375186,0.5198612870520163,0.0,-0.31735851976858953,-0.13440935232630125,0.0,4.146078896996826,5.368463818356596,0.0,-85.58197124003635,-110.81403116530387,0.34464808727524665,6.783094720636466,140.01436820710705
4.067272285083393,0.26432497551466205,-0.4294369092060282,0.5190668731703347,0.0,-0.2894288872820887,-0.09824525000485096,0.0,1.7270303235210314,2.236209207630238,0.0,-256.3730110764366,-331.95924828255795,0.30564883435384416,2.8254672814689283,419.4330260348124
4.075358313483162,0.26432497551466205,-0.4317772394083045,0.5182724592886532,0.0,-0.28942888728208516,-0.09824525000485806,0.0,4.405364961712621e-13,-4.3876013933186186e-13,0.0,-52.35254482182921,-273.39997881015074,0.3056488343538431,6.217578823990632e-13,278.36727063847235
4.083444341882929,0.26432497551466205,-0.4341175696105805,0.5174780454069716,0.0,-0.2894288872820816,-0.09824525000485806,0.0,0.8803819950618781,-2.185230778679414,0.0,111.92238503003907,-277.80695421170486,0.30564883435383977,2.3559087446921563,299.5051319747236
4.0915303702826975,0.26432497551466205,-0.43645789981285676,0.5166836315252901,0.0,-0.2751912996526542,-0.1335849262777593,0.0,1.810015167845755,-4.492709842818189,0.0,6.090898434610452,-15.118458582504218,0.3059006112010097,4.843614006048287,16.299289360325975
4.099616398682466,0.26432497551466205,-0.43856797893930155,0.5153177023916458,0.0,-0.26015721917965706,-0.17090160876675142,0.0,0.9788843505066076,-2.4297273495971154,0.0,-108.87693581277043,270.2477249205031,0.31127020186705295,2.619501778019432,291.35548729462096
4.107702427082234,0.26432497551466205,-0.44066517713823966,0.513919801001182,0.0,-0.25936072633608376,-0.17287861498283164,0.0,0.04925117772211962,-0.12224828545824096,0.0,-140.9931467009809,105.91337273516231,0.31169697124605344,0.1317965166629808,176.3425925316449
4.115788455482003,0.26432497551466205,-0.4427623753371778,0.5125218996107181,0.0,-0.25936072633609086,-0.17287861498282808,0.0,-1.301264826287067,-0.7168902698935682,0.0,-189.24763578750452,-95.02291470330664,0.3116969712460574,1.4856721735295386,211.7640714802014
4.12387448388177,0.26432497551466205,-0.44485957353611577,0.5111239982202546,0.0,-0.280404855018034,-0.1844722051465837,0.0,-3.0112723374112313,-1.658964259297525,0.0,-50.549251700576505,-27.848494758735256,0.33564397386118516,3.438011562471058,57.71278461325135
4.131960512281538,0.26432497551466205,-0.4472970985793951,0.509538604631152,0.0,-0.308059193615577,-0.1997074792125879,0.0,-2.118750195962537,-1.1672577089132528,0.0,160.9275607199169,88.6578966151614,0.36712878397712945,2.4190066043540903,183.73323714420096
4.140046540681307,0.26432497551466205,-0.4498415243128863,0.5078943175231363,0.0,-0.3146694035311697,-0.20334916311482587,0.0,-0.4087426848378435,-0.22518371950968152,0.0,197.5083651976347,7.798088060950562,0.37465679715996364,0.4666672154122931,197.6622485464753
4.148132569081075,0.26432497551466205,-0.4523859500463775,0.5062500304151207,0.0,-0.3146694035311697,-0.20334916311482942,0.0,1.0753663043972495,-1.0411465858637712,0.0,169.3816857489262,-125.59711645622205,0.3746567971599656,1.4967962125449092,210.86676155635766
4.156218597480843,0.26432497551466205,-0.4549303757798687,0.5046057433071051,0.0,-0.2972785185761495,-0.2201866448380585,0.0,2.330507557895068,-2.2563474206977308,0.0,22.23278724886181,-21.525307649786612,0.3699414496536869,3.243820149190663,30.945689494194735
4.164304625880611,0.26432497551466205,-0.45719355513407284,0.5026891594883004,0.0,-0.27698030293314346,-0.23983894176183895,0.0,1.4349162025980746,-1.3892550838038318,0.0,-132.99066627422167,128.75871001071891,0.3663888729183444,1.997251660746154,185.10894824315167
4.172390654280379,0.26432497551466205,-0.45940971697125615,0.5007270543181921,0.0,-0.27407297224516114,-0.24265375696237612,0.0,0.17977494910020297,-0.17405424896938548,0.0,-25.686887556915607,164.33920353457717,0.36605578793846816,0.2502277241000233,166.334572505961
4.180476682680148,0.26432497551466205,-0.4616258788084394,0.4987649491480839,0.0,-0.27407297224516114,-0.24265375696237257,0.0,1.0195063980243226,1.2684478501479735,0.0,147.235253370662,207.7803543390797,0.3660557879384658,1.6273761839714702,254.65838977814292
4.188562711079916,0.26432497551466205,-0.46384204064562273,0.49680284397797564,0.0,-0.25758545686882073,-0.22214034628253287,0.0,2.560871829504727,3.1861814432300744,0.0,64.5383626739059,80.29723751065838,0.34014203068254106,4.0877642686846025,103.0186711643656
4.196648739479684,0.26432497551466205,-0.4657915654476566,0.495172482850534,0.0,-0.23265840756207723,-0.19112664968882598,0.0,2.0632244649358285,2.56701933601623,0.0,-126.08246565816275,-156.86908175892853,0.3010968794766841,3.2933999854543847,201.2577873234504
4.204734767879452,0.26432497551466205,-0.46760460562760625,0.4937119329433029,0.0,-0.2242188736316848,-0.18062636377496943,0.0,0.5218590334555095,0.649285742933797,0.0,-126.19026657601147,-145.02237595056704,0.2879235776785726,0.8330119007410467,192.23806310112585
4.21282079627922,0.26432497551466205,-0.4694176458075561,0.4922513830360716,0.0,-0.2242188736316848,-0.180626363774973,0.0,0.022468306320119424,0.22170923494018702,0.0,-29.45624545668849,-12.391570535230326,0.2879235776785748,0.22284481067922082,31.95655514498191
4.2209068246789885,0.26432497551466205,-0.471230685987506,0.49079083312884025,0.0,-0.22385551490568645,-0.1770408694345349,0.0,0.04549095882884835,0.44888856040258673,0.0,0.06855605265183429,0.6764866818695232,0.28540280482823926,0.4511877292164258,0.6799515887929365
4.228992853078757,0.26432497551466205,-0.47303784990950043,0.48938826803973695,0.0,-0.2234831912616393,-0.1733669124794801,0.0,0.023576998697556917,0.23264941598351108,0.0,-2.7786578539166347,-27.418804879177557,0.2828441675537153,0.23384102639411541,27.55924165269327
4.237078881478525,0.26432497551466205,-0.47484486885033095,0.4879871335730618,0.0,-0.22347422634358693,-0.1732784498648705,0.0,0.0005543461888297685,0.005470090521113136,0.0,-49.402967889248046,-159.09050638668307,0.28278286904874056,0.005498107856912401,166.58464052438123
4.245164909878293,0.26432497551466205,-0.47665188779116124,0.4865859991063867,0.0,-0.22347422634358693,-0.17327844986487406,0.0,-0.7753706040729238,-2.3401712895686106,0.0,-97.82412474953948,-295.48096671838516,0.2827828690487428,2.4652791400126732,311.25321054704784
4.253250938278061,0.26432497551466205,-0.47845890673199176,0.48518486463971155,0.0,-0.23601356379334604,-0.21112383288042125,0.0,-1.5814629556256037,-4.773064886430374,0.0,-3.7993618079156732,-11.466977694025104,0.3166633466389122,5.028237612731788,12.080013558879706
4.261336966677829,0.26432497551466205,-0.48046871255028833,0.4831716924893087,0.0,-0.2490497350883274,-0.2504687263161003,0.0,-0.8368140990325266,-2.525615904155405,0.0,95.89016581926539,289.40923453044655,0.3532143165416368,2.6606378054260493,304.8813358215705
4.269422995077598,0.26432497551466205,-0.4824865531937498,0.48113427017121996,0.0,-0.2495465689335532,-0.2519682367362357,0.0,-0.030721747479450556,-0.09272230729355257,0.0,99.90442558960298,29.53992443535212,0.35462865421518935,0.09767933270672521,104.18013912466633
4.277509023477366,0.26432497551466205,-0.4845043938372112,0.47909684785313117,0.0,-0.2495465689335461,-0.2519682367362357,0.0,0.7788459461276211,-2.047894568332868,0.0,109.93628908948466,-278.337557788589,0.35462865421518436,2.190998213328047,299.26206531146386
4.2855950518771335,0.26432497551466205,-0.4865222344806724,0.47705942553504266,0.0,-0.23695102805469048,-0.2850869040147721,0.0,1.7471741640058678,-4.594013101294632,0.0,23.433292882907217,-61.61541117559116,0.37070248520464844,4.915035496742249,65.92099900390826
4.293681080276902,0.26432497551466205,-0.48833637932162005,0.4744864062486004,0.0,-0.22129116911456137,-0.32626287754818506,0.0,1.1578104896299841,-3.044342497590833,0.0,-96.3199617441034,253.26334104780145,0.3942299415241204,3.2570763535009144,270.96098418237364
4.30176710867667,0.26432497551466205,-0.490100967836829,0.47178308374775313,0.0,-0.21822685105329498,-0.3343201838030545,0.0,0.18948227175102517,-0.4982239646291511,0.0,20.603537825099835,355.7754392533146,0.3992404586445932,0.5330390700865358,356.3715321778652
4.309853137076439,0.26432497551466205,-0.491865556352038,0.4690797612469058,0.0,-0.21822685105329853,-0.33432018380305806,0.0,1.4910120736089016,2.709278113893891,0.0,177.14159896301263,373.97696622583,0.3992404586445981,3.092459361426106,413.8090348828169
4.317939165476207,0.26432497551466205,-0.49363014486724693,0.46637643874605855,0.0,-0.1941141191100968,-0.29050558425942086,0.0,3.0542262717416175,5.549752774893392,0.0,8.929244488665361,16.22509106063535,0.349390591922273,6.334670787139108,18.519853861849718
4.326025193875974,0.26432497551466205,-0.4950047809118784,0.46438168843768,0.0,-0.1688337303080587,-0.24456926670410084,0.0,1.6354163226568676,2.9716712081047216,0.0,-184.39362316009786,-335.05671510772805,0.29718505128272504,3.3919634899997213,382.444781113417
4.334111222275743,0.26432497551466205,-0.4963605335434663,0.462421250673499,0.0,-0.1676660734492046,-0.24244754869241092,0.0,0.07220212452429564,0.13119654710529538,0.0,-101.12605606873086,-183.7534486145037,0.2947757216136245,0.14975206428685342,209.74224441856998
4.342197250675511,0.26432497551466205,-0.49771628617505426,0.4604608129093179,0.0,-0.1676660734492046,-0.24244754869241092,0.0,2.184918912462308e-13,2.184918912462308e-13,0.0,-53.15003259446906,-224.11376656252995,0.2947757216136245,3.0899419586896695e-13,230.32999441591903
4.3502832790752795,0.26432497551466205,-0.49907203880664214,0.45850037514513686,0.0,-0.16766607344920104,-0.24244754869240737,0.0,-0.7873432214906853,-3.493184015302049,0.0,-109.35908905038109,-485.19046252202384,0.29477572161361953,3.5808160959743622,497.3622374892012
4.358369307475048,0.26432497551466205,-0.50042779143823,0.45653993738095583,0.0,-0.18039903274788216,-0.2989395189991093,0.0,-1.7685613996681369,-7.846527718499436,0.0,-23.976536700237567,-106.37604091514882,0.3491541880542038,8.043370354619766,109.04465320646975
4.366455335874815,0.26432497551466205,-0.5019894622108222,0.45366590826425746,0.0,-0.19626734885810038,-0.3693420406351109,0.0,-1.1750931348632552,-5.213503391092349,0.0,100.99462147229505,433.5755525823077,0.41825161710182923,5.344292421315863,445.18274153810773
4.374541364274584,0.26432497551466205,-0.5036018381518576,0.4505669169213483,0.0,-0.19940270566963392,-0.3832525919644212,0.0,-0.13527064477051276,-0.8347192552480358,0.0,121.50585847979008,343.580654638629,0.43202313395907144,0.8456088826511142,364.4329017622032
4.382627392674352,0.26432497551466205,-0.5052142140928928,0.4474679255784392,0.0,-0.19845495340863906,-0.3828411678426491,0.0,0.7899065099483789,0.3429024709455639,0.0,95.18088812086992,89.30236376855419,0.43122120579529544,0.8611239161929028,130.51556856608616
4.39071342107412,0.26432497551466205,-0.5068112629305315,0.444375587809796,0.0,-0.18662829272442494,-0.377707153727588,0.0,1.4040000841505442,0.6094836439499112,0.0,-7.2476015440354615,-3.1462210357480913,0.421298959911165,1.530583728038815,7.901040118040726
4.398799449473889,0.26432497551466205,-0.5082323774432328,0.44135962403476525,0.0,-0.17574938430120213,-0.37298456373430255,0.0,0.6726978861178274,0.29202160565154855,0.0,-92.02435018324775,-17.7377716935347,0.41231702713606144,0.7333478466285301,93.71824566913835
4.406885477873656,0.26432497551466205,-0.5096534919559339,0.4383436602597348,0.0,-0.17574938430119857,-0.372984563734299,0.0,-0.08422293395330982,0.3226273926248311,0.0,-67.49419599137704,81.14820004871859,0.4123170271360567,0.3334395553553905,105.54855216282822
4.4149715062734245,0.26432497551466205,-0.5110746064686352,0.43532769648470404,0.0,-0.17711144237291876,-0.3677670152156871,0.0,-0.41882208509367835,1.6043549060196582,0.0,-30.964053650148383,118.61201486723337,0.4081924062253868,1.6581214079287327,122.5870412780815
4.423057534673193,0.26432497551466205,-0.5125177482618366,0.4323961112006706,0.0,-0.18252259885023392,-0.3470388450675337,0.0,-0.5849753683274113,2.240827634165221,0.0,10.415859280841655,-39.899364270595164,0.39211026392693554,2.315924149791675,41.236505595842395
4.431143563072961,0.26432497551466205,-0.5140263723044403,0.42971536457062626,0.0,-0.18657169725583955,-0.3315282234379957,0.0,-0.2503762171879256,0.9591001207701879,0.0,36.17198329056877,-138.56169700252326,0.380420768561442,0.9912422972183563,143.20529407599514
4.4392295914727296,0.26432497551466205,-0.515534996347044,0.4270346179405819,0.0,-0.1865716972558502,-0.3315282234379957,0.0,-4.405364961712621e-13,2.2026824808563106e-13,0.0,49.72147875129887,-17.88218765604089,0.38042076856144724,4.92534776004259e-13,52.839361129575806
4.447315619872498,0.26432497551466205,-0.5170436203896478,0.42435387131053753,0.0,-0.18657169725584666,-0.33152822343799215,0.0,0.553722361335037,0.6699083662967205,0.0,76.86750304914933,92.99639491678381,0.3804207685614424,0.869129261201572,120.652154943579
4.455401648272265,0.26432497551466205,-0.5185522444322513,0.4216731246804935,0.0,-0.1776168677771679,-0.3206944272877621,0.0,1.2431056253488801,1.5039429807464941,0.0,16.777198393624715,20.29751072337144,0.3665960548238315,1.9511935027338216,26.333691870006042
4.463487676672034,0.26432497551466205,-0.5199160504638958,0.4191675828171453,0.0,-0.16646812247488185,-0.3072063721300964,0.0,0.8250441666936954,0.9981608626041236,0.0,-62.56674656200278,-78.99831004004447,0.34941006121410917,1.2949992218645934,100.77366106546332
4.471573705071802,0.26432497551466205,-0.5212443763642274,0.416704965781226,0.0,-0.16427420665127102,-0.3045521131226536,0.0,0.23127264618595333,0.22637782371148418,0.0,71.40472202974863,17.985649323464152,0.3460317970626083,0.3236262596610494,73.63503181049286
4.47965973347157,0.26432497551466205,-0.522572702264559,0.4142423487453068,0.0,-0.16272796810458345,-0.3035453771068788,0.0,1.9798053871139203,1.289025805039735,0.0,212.80551634107255,133.86788622694957,0.34441281562451126,2.3624599249307145,251.409623419753
4.487745761871339,0.26432497551466205,-0.5238760223072879,0.41179601270141675,0.0,-0.13225668147883596,-0.2837059145874825,0.0,3.6727755437085152,2.3912968834076302,0.0,-11.82431458061312,-7.6986590300751345,0.3130189703000669,4.382645431592479,14.109704680207074
4.495831790271106,0.26432497551466205,-0.524711564829553,0.40965424058023375,0.0,-0.10333163339978313,-0.2648731880838575,0.0,1.7885819001010583,1.1645226539253564,0.0,-227.10627282819985,-147.86597110367765,0.28431537458740025,2.134276979418198,271.0011154374653
4.503917818670875,0.26432497551466205,-0.5255471073518181,0.4075124684590505,0.0,-0.10333163339978313,-0.2648731880838575,0.0,0.0,4.405364961712621e-13,0.0,-98.34071894068788,-62.84790858559279,0.28431537458740025,4.405364961712621e-13,116.70799722107476
4.512003847070643,0.26432497551466205,-0.5263826498740831,0.40537069633786726,0.0,-0.10333163339978313,-0.2648731880838504,0.0,0.198210207684979,0.14814270654705908,0.0,37.66243573064641,28.14897996137289,0.28431537458739364,0.24745413298955135,47.019401719192935
4.520089875470411,0.26432497551466205,-0.5272181923963483,0.40322892421668405,0.0,-0.10012616666285368,-0.2624774158191414,0.0,0.6090790498449143,0.4552269027847835,0.0,26.299516148228584,19.65631108788657,0.280926401510595,0.7604004352832857,32.83344507076144
4.52817590387018,0.26432497551466205,-0.5280018959284747,0.40112589666064447,0.0,-0.09348157241028332,-0.2575112327553377,0.0,0.6235274766344645,0.4660256859297238,0.0,-24.512677656575306,-18.320824417458642,0.2739540826041342,0.7784384715983739,30.602679183864197
4.536261932269947,0.26432497551466205,-0.5287299816950772,0.3990644379340462,0.0,-0.09004244489464952,-0.254940821956243,0.0,0.2126586344741126,0.15894148969135458,0.0,-38.5558549764915,-28.816723296651716,0.2703746744470177,0.2654921693039198,48.13478466269517
4.5443479606697155,0.26432497551466205,-0.52945806746168,0.39700297920744776,0.0,-0.09004244489465663,-0.25494082195624657,0.0,0.0,-2.184918912462308e-13,0.0,24.22016475109949,-136.2753859643318,0.2703746744470234,2.184918912462308e-13,138.4109721095044
4.552433989069484,0.26432497551466205,-0.5301861532282828,0.39494152048084924,0.0,-0.09004244489464952,-0.25494082195624657,0.0,0.6043485145230303,-2.0449117925026066,0.0,85.7155676382374,-290.0326067700108,0.27037467444702107,2.1323464460829102,302.4335820066167
4.560520017469252,0.26432497551466205,-0.5309142389948854,0.3928800617542508,0.0,-0.08026888639107455,-0.28801125161464114,0.0,1.3861970284501055,-4.6904237904025265,0.0,21.951443975937607,-74.27629185849709,0.2989875836537286,4.890973066298557,77.45213634805285
4.5686060458690205,0.26432497551466205,-0.5314842662182349,0.3902837861608316,0.0,-0.06762478781520542,-0.3307946219085345,0.0,0.9593485133337412,-3.246112203297187,0.0,-55.044701830999536,270.38755229739894,0.33763618557651937,3.384906794349082,275.9335928027653
4.576692074268788,0.26432497551466205,-0.5320078709044895,0.387530432339765,0.0,-0.06475424774288996,-0.34050756254403325,0.0,0.49601098392567167,-0.31770093676169253,0.0,91.85287748389706,334.9954476545112,0.3466100297891368,0.5890337693156223,347.3599013290368
4.584778102668556,0.26432497551466205,-0.5325314755907442,0.384777078518698,0.0,-0.05960327000996557,-0.3359324995031088,0.0,2.444798465204394,2.171453203757448,0.0,212.59219130515024,235.7096308540419,0.34117912306922743,3.269900388631777,317.4184460318497
4.592864131068325,0.26432497551466205,-0.5329717783725287,0.38209771287699035,0.0,-0.02521682810018433,-0.3053906979953318,0.0,3.9340639768505343,3.4942086016077027,0.0,-39.39028763843358,-34.986182913199414,0.306430035801829,5.261782314530153,52.68422681481033
4.600950159468093,0.26432497551466205,-0.5329392835670845,0.37983828280466736,0.0,0.0040186360766725215,-0.2794239595284793,0.0,1.807776496165558,1.6056546664862061,0.0,-251.8647838918308,-218.0527895945401,0.27945285576370477,2.4178880801429896,333.14094376830866
4.609036187867861,0.26432497551466205,-0.5329067887616402,0.37757885273234437,0.0,0.0040186360766725215,-0.27942395952847576,0.0,-0.13910761405119076,-0.03215349701262582,0.0,-153.15532453424612,-108.84836894308616,0.2794528557637012,0.14277526276339322,187.8949729363733
4.617122216267629,0.26432497551466205,-0.5328742939561959,0.37531942266002166,0.0,0.0017689798409890045,-0.2799439477084711,0.0,-0.6690601113537675,-0.1546473385983802,0.0,-48.335828657571895,-11.172400108750868,0.27994953678883094,0.686700248973508,49.61022935044914
4.625208244667397,0.26432497551466205,-0.5328781807191746,0.3730515833093167,0.0,-0.006801442046445061,-0.28192492507218603,0.0,-0.9207973805540439,-0.21283418615847793,0.0,17.20345355887569,3.9764264262955455,0.2820069555717888,0.9450747096568242,17.65703206872928
4.633294273067166,0.26432497551466205,-0.5329842872632898,0.37076011675854914,0.0,-0.01312220769819561,-0.2833859142559092,0.0,-0.390844883251438,-0.09034034457314988,0.0,56.937555437033964,13.16061332189825,0.2836895640194262,0.401149723446777,58.43874538483729
4.641380301466934,0.26432497551466205,-0.5330903938074051,0.3684686502077815,0.0,-0.01312220769819561,-0.28338591425591275,0.0,4.3931525084417444e-13,0.0,0.0,-15.103667221182949,-3.2894619620324397,0.28368956401942974,4.3931525084417444e-13,15.457726984517956
4.649466329866702,0.26432497551466205,-0.5331965003515203,0.3661771836570139,0.0,-0.013122207698188504,-0.2833859142559092,0.0,-0.6351022474337094,-0.14353771026305395,0.0,-106.99189022459932,-24.18094252004563,0.28368956401942585,0.651120525680852,109.69039408713263
4.65755235826647,0.26432497551466205,-0.5333026068956355,0.36388571710624656,0.0,-0.02339311731720528,-0.2857072142591619,0.0,-1.7302789258014313,-0.39105557590047724,0.0,-56.89745424917393,-12.85923697436796,0.28666330462329354,1.7739192835400963,58.33249759439238
4.665638386666238,0.26432497551466205,-0.5335748151734924,0.3615567103599776,0.0,-0.041104376765289885,-0.2897100872411471,0.0,-1.5552511093002013,-0.3514980210111922,0.0,78.543163100006,17.751324032866982,0.29261152478762004,1.594476990036009,80.52414528993143
4.673724415066006,0.26432497551466205,-0.5339673492113932,0.359200509119984,0.0,-0.04854472659435061,-0.2913916602198796,0.0,-0.4600744309328588,-0.10398015537397143,0.0,125.71848338957825,24.937150678103315,0.2954076676828447,0.47167823217717936,128.16785302765314
4.681810443465775,0.26432497551466205,-0.5343598832492942,0.35684430787999044,0.0,-0.04854472659435061,-0.2913916602198796,0.0,0.47787534482767,0.05178699617369986,0.0,108.68026922555836,15.12425111210348,0.2954076676828447,0.4806732134900585,109.72758946883783
4.689896471865543,0.26432497551466205,-0.534752417287195,0.3544881066399968,0.0,-0.04081649937469933,-0.29055415797628115,0.0,1.297509055971812,0.14061009266142221,0.0,42.26529384019696,4.580258500612805,0.2934070642273471,1.3051057231071805,42.51274904461751
4.697982500265311,0.26432497551466205,-0.5350199699955399,0.3521454495338567,0.0,-0.027561336443262974,-0.28911770581477114,0.0,1.1613920774605115,0.12585919680217827,0.0,-59.09889518090286,-6.404503374606907,0.2904284336667732,1.1681918057441305,59.444907898647585
4.706068528665079,0.26432497551466205,-0.5351981407856266,0.34981247867980886,0.0,-0.022034400731477888,-0.2885187558968525,0.0,0.34175836631636236,0.03703610031445237,0.0,-18.37912861171924,47.180739217316,0.28935892472820485,0.3437592961270009,50.634124082662844
4.714154557064847,0.26432497551466205,-0.5353763115757131,0.3474795078257611,0.0,-0.022034400731477888,-0.2885187558968525,0.0,0.8641637656257979,0.8888687912687416,0.0,89.56880644496039,111.576097220093,0.28935892472820485,1.2397042961578026,143.0796860453727
4.722240585464616,0.26432497551466205,-0.5355544823657997,0.34514653697171327,0.0,-0.008059095229675961,-0.2741439193171189,0.0,1.7902701916109711,1.841451082028426,0.0,7.660455454335306,7.879455319825389,0.2742623516169727,2.568269737873038,10.989467407703623
4.730326613864384,0.26432497551466205,-0.5355066437215202,0.34304603679131707,0.0,0.006917950493772196,-0.25873870440472047,0.0,0.9880490863436292,1.0162957902503695,0.0,-109.66315762088988,-89.42541330653626,0.2588311712218364,1.417426587271843,141.50234162171654
4.7384126422641515,0.26432497551466205,-0.5354426048774781,0.3409621999478418,0.0,0.007919690715404215,-0.2577083260720592,0.0,0.016791377749509284,0.39525821871313305,0.0,-88.26965013170535,136.69221536642758,0.2578299882245865,0.3956147239765042,162.71537381623006
4.74649867066392,0.26432497551466205,-0.5353785660334359,0.3388783631043664,0.0,0.007189501608479532,-0.25234656604120786,0.0,-0.4394527092614073,3.226890061210998,0.0,-47.00966351210586,313.12577050727117,0.25244896182430226,3.256675935800108,316.63489482256006
4.754584699063688,0.26432497551466205,-0.5353263358491054,0.33688123694865535,0.0,0.0008128365405184468,-0.20552287671629443,0.0,-0.7434515706953748,5.459145964755418,0.0,5.5838639659901474,-41.00217100790553,0.20552448408153898,5.509536723035321,41.38064238447987
4.7626707274634565,0.26432497551466205,-0.5353654207947339,0.33555463546850633,0.0,-0.004833639420510849,-0.16406094742222166,0.0,-0.3491501440425283,2.5638006227668324,0.0,45.971367767958405,-337.56658367115125,0.16413213743543492,2.587465836756983,340.682498913386
4.770756755863225,0.26432497551466205,-0.5354045057403624,0.3342280339883574,0.0,-0.004833639420503744,-0.16406094742222166,0.0,4.393707619954057e-13,0.0,0.0,11.770062394384547,-157.1597196010594,0.1641321374354347,4.393707619954057e-13,157.5998471885405
4.778842784262992,0.26432497551466205,-0.5354435906859908,0.3329014325082085,0.0,-0.004833639420503744,-0.16406094742222166,0.0,-0.15880402646640507,0.022204710779092807,0.0,-35.153445819860224,4.91531678813969,0.1641321374354347,0.16034889461023996,35.49542353793819
4.786928812662761,0.26432497551466205,-0.5354826756316192,0.3315748310280595,0.0,-0.007401827156513718,-0.16370185157828487,0.0,-0.5685035224977727,0.07949078228551087,0.0,-31.02826964747697,4.338515646155645,0.16386910402944696,0.5740340055787096,31.330117065349086
4.795014841062529,0.26432497551466205,-0.5355632934551863,0.3302540368662951,0.0,-0.014027510677074417,-0.16277541797606077,0.0,-0.6605949655967434,0.09236743223440058,0.0,19.639310996053865,-2.7460589650415153,0.1633787249095693,0.6670213273271997,19.830365005193602
4.803100869462297,0.26432497551466205,-0.535709529331045,0.3289424177229824,0.0,-0.018085006461632247,-0.16220808021776278,0.0,-0.25089546956582387,0.035081360727982513,0.0,58.51440437404648,-77.15720954425582,0.1632131390135287,0.25333621635917375,96.83579144048771
4.811186897862066,0.26432497551466205,-0.5358557652069037,0.32763079857966965,0.0,-0.018085006461639352,-0.16220808021776278,0.0,0.28570330553139534,-1.1554233430090601,0.0,77.60924073009356,-253.29038054589265,0.1632131390135295,1.190222449948663,264.9135918064317
4.819272926261833,0.26432497551466205,-0.5360020010827625,0.3263191794363571,0.0,-0.013464596376763893,-0.1808936521484128,0.0,1.0042055796900777,-4.061145060236047,0.0,53.524294898460305,-216.45958778336075,0.1813940703087621,4.183458861583358,222.97893014300655
4.827358954661602,0.26432497551466205,-0.5360735154242915,0.32470537616245004,0.0,-0.0018449367884798562,-0.22788514880305755,0.0,1.1513012427843377,-4.656020091445425,0.0,-35.33295845713522,142.89132883109644,0.2278926168982777,4.796250373320833,147.19493812101751
4.83544498306137,0.26432497551466205,-0.5360318375052974,0.32263380786614315,0.0,0.005154312714921616,-0.2561910735270523,0.0,0.43279896862561607,-1.7502983742182785,0.0,-74.50643471585308,372.02640122603367,0.2562429181353247,1.8030139616859726,379.4138268741157
4.843531011461138,0.26432497551466205,-0.5359901595863032,0.32056223956983626,0.0,0.005154312714914511,-0.2561910735270523,0.0,-0.05362105137141171,1.360412000109223,0.0,-39.60112473288266,433.96564425982797,0.25624291813532457,1.3614683349940064,435.7687798339354
4.851617039860907,0.26432497551466205,-0.5359484816673092,0.31849067127352937,0.0,0.00428715002649227,-0.2341904133905146,0.0,-0.20763266988010015,5.2678186737992,0.0,-12.415312212017243,314.9871046277324,0.23422965093977702,5.271909038064779,315.2316863183076
4.859703068260674,0.26432497551466205,-0.5359208275525666,0.31677489890257804,0.0,0.0017964653841744394,-0.1709996107247207,0.0,-0.254402185648137,6.45440134727054,0.0,6.631321177659016,-168.2422980542653,0.17100904700010042,6.459413071147433,168.37293510282913
4.8677890966604425,0.26432497551466205,-0.5359194291270779,0.3157252558561907,0.0,0.0001729434302646382,-0.12980946819545736,0.0,-0.10039056713901176,2.5469946735806275,0.0,15.730972800928106,-399.1082536548886,0.12980958340052373,2.548972368076708,399.4181538697489
4.875875125060211,0.26432497551466205,-0.5359180307015893,0.31467561280980344,0.0,0.0001729434302646382,-0.12980946819545736,0.0,4.3936555782497777e-13,-2.2026824808563106e-13,0.0,15.589004892719984,-342.29355340213044,0.12980958340052373,4.914877358770685e-13,342.6483529424917
4.883961153459979,0.26432497551466205,-0.5359166322761005,0.3136259697634161,0.0,0.00017294343027174364,-0.1298094681954609,0.0,0.15171570543431143,-2.988596114153877,0.0,21.55625968320311,-424.6294326679277,0.1298095834005273,2.9924445506660744,425.17623101417115
4.8920471818597475,0.26432497551466205,-0.5359152338506118,0.3125763267170288,0.0,0.0026264984359301025,-0.17814121430442853,0.0,0.34860905598276315,-6.867131303860994,0.0,5.587124219908702,-110.05886098277682,0.1781605756835397,6.875974157774357,110.20058456231023
4.900133210259515,0.26432497551466205,-0.5358741563942109,0.31074505992734663,0.0,0.0058106688844574705,-0.24086510569136976,0.0,0.24207099566477053,-4.768474265260217,0.0,-49.95122452026318,468.09959502777497,0.24093518425626326,4.774614663550462,470.7572152354552
4.908219238659283,0.26432497551466205,-0.5358212633833691,0.30868104254676176,0.0,0.006541284327340691,-0.25525725096933627,0.0,-0.4592049841653646,0.7030019347682668,0.0,-121.8301190611415,632.3492682597922,0.2553410514842332,0.839690977544858,643.9783963605818
4.916305267059052,0.26432497551466205,-0.5357683703725272,0.3066170251661769,0.0,-0.0016156202020951582,-0.22949611847211315,0.0,-1.7281726096863292,5.457914018182615,0.0,-91.76274643102491,336.0118714639783,0.22950180527046757,5.724980873220832,348.3164931456586
4.92439129545882,0.26432497551466205,-0.5358473912850439,0.30496961828355756,0.0,-0.021406821275910204,-0.16699155546029942,0.0,-1.9431973315293833,6.137005005402351,0.0,62.3770538940881,-196.9991857024173,0.16835804581958363,6.437301166296045,206.6387573034678
4.932477323858588,0.26432497551466205,-0.5361145627020988,0.30391642824623,0.0,-0.033041117820296506,-0.13024812494570526,0.0,-0.7194073511233743,2.272031997540644,0.0,127.20079098653768,-379.61195141075854,0.13437369355155332,2.383207153123471,400.3564347946526
4.940563352258356,0.26432497551466205,-0.5363817341191538,0.3028632382089026,0.0,-0.033041117820282295,-0.13024812494570526,0.0,0.11390108525083065,-0.002101034595241913,0.0,120.44207876755522,-141.89234240526062,0.13437369355154982,0.11392046158477148,186.11751978548847
4.948649380658124,0.26432497551466205,-0.5366489055362087,0.30181004817157503,0.0,-0.0311991030000911,-0.13028210299651732,0.0,1.2283887877597262,-0.022659023256167643,0.0,123.74265434039513,-2.2825734901216514,0.13396570601913552,1.2285977556664887,123.76370487725518
4.956735409057893,0.26432497551466205,-0.5368862877849658,0.3007563086392798,0.0,-0.013175544572717968,-0.13061456795682602,0.0,2.115074319769138,-0.039014942726605994,0.0,-14.08615943689496,0.2598351738789193,0.13127741746902244,2.1154341265808405,14.088555710192923
4.964821437457661,0.26432497551466205,-0.5368619811914035,0.2996977419597303,0.0,0.0030059990344568632,-0.13091305486632265,0.0,1.0005866172589308,-0.018456954065680264,0.0,-130.78573405884222,2.4124910770610013,0.13094756188882617,1.0007568324978116,130.80798273235123
4.972907465857429,0.26432497551466205,-0.5368376745978413,0.2986391752801808,0.0,0.003005999034449758,-0.13091305486632265,0.0,4.393707619954057e-13,0.0,0.0,-117.39168656311999,-156.6626115870776,0.130947561888826,4.393707619954057e-13,195.7651193226652
4.980993494257197,0.26432497551466205,-0.5368133680042789,0.2975806086006314,0.0,0.0030059990344639687,-0.13091305486632265,0.0,-0.8978784056331625,-2.552013607015235,0.0,-130.60122376238985,-371.2040495048933,0.13094756188882634,2.7053574776160842,393.50873690054846
4.989079522656965,0.26432497551466205,-0.5367890614107166,0.2965220419210819,0.0,-0.011514541540528,-0.17218436387216585,0.0,-2.112090408773851,-6.003132972810938,0.0,-39.121009952794246,-111.19250568126947,0.17256894224903552,6.363845644269225,117.8737746040474
4.997165551056733,0.26432497551466205,-0.536999581824093,0.2947960332880986,0.0,-0.031150847021983452,-0.2279960622777928,0.0,-1.5305456006449918,-4.350225124575532,0.0,111.04071878600283,315.607796664269,0.23011427527288736,4.611618855688525,334.571849598538
5.005251579456502,0.26432497551466205,-0.5372928346781097,0.2928348766518547,0.0,-0.03626661192843983,-0.24253645167757298,0.0,-0.31633359750523105,-0.8991057587797489,0.0,167.35579173162057,282.7841879454929,0.24523294544802854,0.9531306890356167,328.5952799084451
5.01333760785627,0.26432497551466205,-0.5375860875321264,0.29087372001561085,0.0,-0.03626661192843983,-0.24253645167756943,0.0,1.1759417689702114,0.22297682488984094,0.0,186.17795295735738,87.18950898848212,0.24523294544802504,1.196895028165271,205.58268566453884
5.021423636256038,0.26432497551466205,-0.5378793403861432,0.28891256337936716,0.0,-0.017249214847709027,-0.23893045780047473,0.0,2.694546832542457,0.5109279329057141,0.0,42.377206418414104,8.035376567322775,0.23955228881729948,2.742559021313469,43.13229532968953
5.029509664655806,0.26432497551466205,-0.5378650428143911,0.2870097230809225,0.0,0.00730975249644672,-0.23427369612614868,0.0,1.8612683581741996,0.352925391142195,0.0,-145.42884477177466,-27.5755678642325,0.2343877069689585,1.8944329581311006,148.0201365851546
5.037595693055574,0.26432497551466205,-0.5377611266535801,0.2851238758589777,0.0,0.012851322759864559,-0.23322292832892444,0.0,0.3426632946023105,0.06497428312586706,0.0,-157.94035348520686,26.964101019412343,0.23357673427590522,0.34876896498316784,160.22552232031316
5.045681721455343,0.26432497551466205,-0.5376572104927693,0.28323802863703285,0.0,0.012851322759871664,-0.233222928328928,0.0,-0.6929520093274706,0.788990364376577,0.0,-117.76588062295842,105.94453171349937,0.23357673427590916,1.0500896544153087,158.40784841318174
5.053767749855111,0.26432497551466205,-0.5375532943319583,0.281352181415088,0.0,0.0016448635056676153,-0.2204633313419393,0.0,-1.561853215879632,1.7783152675968967,0.0,-21.75965610371135,24.775393918853204,0.2204694673698333,2.366810228751298,32.974274481573225
5.061853778254879,0.26432497551466205,-0.5376306096667282,0.2796726831203559,0.0,-0.012407056159872809,-0.20446391281386767,0.0,-1.044850403775076,1.1896594420631672,0.0,85.69744936186285,-97.57452303771869,0.20484000265014427,1.5833514942548246,129.86470025825858
5.069939806654647,0.26432497551466205,-0.5377539419488908,0.27804557940360675,0.0,-0.01525251657120208,-0.20122409127278829,0.0,-0.17594919722428048,0.20033453884333774,0.0,95.84166721583046,-164.8748353723069,0.201801323509818,0.2666309199201052,190.7074631831573
5.078025835054415,0.26432497551466205,-0.5378772742310536,0.27641847568685746,0.0,-0.01525251657121629,-0.20122409127278473,0.0,0.5051064822015232,-1.4767057603919724,0.0,77.91840719987103,-208.37856123144942,0.20180132350981553,1.5607025537035657,222.47000463310516
5.0861118634541835,0.26432497551466205,-0.5380006065132164,0.2747913719701081,0.0,-0.00708390585122487,-0.2251054607060503,0.0,1.0841517097414635,-3.1695753891973997,0.0,9.144012570937548,-26.733008805573448,0.2252168958177698,3.3498646357041335,28.25361438287731
5.094197891853952,0.26432497551466205,-0.5379918355588421,0.2727780573904333,0.0,0.0022804464580374884,-0.25248264449729874,0.0,0.6529839728744029,-1.9090334972182212,0.0,-62.46657286258521,182.62435986922742,0.25249294288830587,2.017621610295665,193.0122523127528
5.10228392025372,0.26432497551466205,-0.5379637270035688,0.27070820830240055,0.0,0.00347618804728711,-0.2559784588552816,0.0,0.0739387453353374,-0.2161638684132221,0.0,-76.5410838823799,326.77726171751726,0.25600206108792406,0.2284595282957852,335.62168627412666
5.110369948653488,0.26432497551466205,-0.5379356184482955,0.268638359214368,0.0,0.00347618804728711,-0.25597845885528514,0.0,-0.5848427831694714,3.3756269400740404,0.0,-90.98456498160786,512.127144852375,0.25600206108792756,3.42591569067002,520.1465212414074
5.118455977053256,0.26432497551466205,-0.5379075098930223,0.26656851012633526,0.0,-0.005981922660929229,-0.20138762824635492,0.0,-1.3974688074282993,8.065985406723613,0.0,-28.16997787146699,162.59298898982203,0.20147645075644297,8.186149256470552,165.01523481764747
5.126542005453024,0.26432497551466205,-0.5380323584413385,0.265381507051644,0.0,-0.019123756882024168,-0.1255348847135167,0.0,-1.0404092653485275,6.005089993223889,0.0,72.32756976043004,-417.46414595466297,0.12698316958289668,6.094551440929902,423.68336113789746
5.134628033852793,0.26432497551466205,-0.5382167803755389,0.264538352840425,0.0,-0.022807480394909874,-0.1042729717896087,0.0,-0.22778324109017123,1.3147315265747217,0.0,95.87678916034587,-535.9550074125883,0.1067381553513116,1.3343178751298512,544.4631563938234
5.142714062252561,0.26432497551466205,-0.5384012023097393,0.26369519862920593,0.0,-0.02280748039491698,-0.1042729717896087,0.0,0.5101156147097908,-2.662404828648606,0.0,99.60687411547013,-527.6538956238306,0.10673815535131313,2.7108333427162505,536.9731491779263
5.150800090652329,0.26432497551466205,-0.5385856242439397,0.262852044417987,0.0,-0.014557861699493913,-0.14732953390186765,0.0,1.3830647847294109,-7.218517243950148,0.0,44.87166472471098,-234.19502047605948,0.14804702934204106,7.349820365149359,238.4549725020403
5.158886119052097,0.26432497551466205,-0.5386366328760233,0.2613125770386957,0.0,-0.00044047813883452136,-0.22101124266720262,0.0,1.2357827253274325,-6.44982000195531,0.0,-63.08605281735068,329.2598908908839,0.22101168160595477,6.567140702150403,335.2490504230405
5.166972147451865,0.26432497551466205,-0.53859274768142,0.2592778380482368,0.0,0.005427286726387592,-0.2516363893202769,0.0,0.36283355530864314,-1.893707586653516,0.0,-85.27608746804755,519.8885191626697,0.2516949103008569,1.928153679717204,526.8359170092825
5.175058175851634,0.26432497551466205,-0.5385488624868167,0.25724309905777787,0.0,0.005427286726394698,-0.2516363893202769,0.0,-0.1433070048480927,1.9578466593704107,0.0,-50.61970485253068,502.1428934799679,0.251694910300857,1.9630844197961554,504.6878639236253
5.183144204251402,0.26432497551466205,-0.5385049772922134,0.25520836006731895,0.0,0.0031097177042127555,-0.21997398194015538,0.0,-0.4557911867422668,6.226975808188234,0.0,-20.922159641549,285.8365535190929,0.2199959614965868,6.243634624293244,286.60124230669294
5.1912302326511695,0.26432497551466205,-0.5384985719554736,0.25368566732742154,0.0,-0.0019437942343287773,-0.1509333828609254,0.0,-0.48166135894021056,6.58041163826517,0.0,17.722792669443123,-242.12710648238343,0.150945898910398,6.598015989197952,242.77486087635907
5.199316261050938,0.26432497551466205,-0.5385364124429777,0.25276745682674606,0.0,-0.004679737150709684,-0.11355519116180801,0.0,-0.16917717704559848,2.3112824894473647,0.0,3.4804894369145813,-363.00634186562377,0.11365157886978294,2.31746578470085,363.0230268748562
5.207402289450706,0.26432497551466205,-0.5385742529304817,0.25184924632607053,0.0,-0.004679737150695473,-0.11355519116180801,0.0,-0.4253746860762404,0.7098524590222635,0.0,-139.12876683864462,106.71275200522717,0.11365157886978236,0.8275470603744625,175.34088286127414
5.2154883178504745,0.26432497551466205,-0.5386120934179857,0.25093103582539505,0.0,-0.01155892073501974,-0.10207541687520916,0.0,-2.419175496809658,4.037047176110773,0.0,-193.96742716117672,323.6869979508612,0.10272779263084651,4.706395647043311,377.35478722545344
5.223574346250243,0.26432497551466205,-0.5387611844531498,0.25019847688652824,0.0,-0.04380278069314869,-0.04826783492733533,0.0,-3.5622269353867893,5.9445369751551125,0.0,52.6061330788834,-87.78752978935876,0.06518026913893936,6.9301501129615835,102.34283376978938
5.23166037465001,0.26432497551466205,-0.5393204744753328,0.2501504456573595,0.0,-0.06916745706693206,-0.0059400272660585784,0.0,-1.5684261246543603,2.6173422580668957,0.0,220.27049370050707,-367.5807628455656,0.06942205010677378,3.0513015262934946,428.52620411031234
5.239746403049779,0.26432497551466205,-0.5398797644975157,0.25010241442819076,0.0,-0.06916745706693206,-0.005940027266056802,0.0,-4.3876013933186186e-13,0.0,0.0,184.646212815819,-148.74287902263336,0.06942205010677363,4.3876013933186186e-13,237.10476158687
5.247832431449547,0.26432497551466205,-0.5404390545196988,0.250054383199022,0.0,-0.06916745706693916,-0.0059400272660585784,0.0,1.417682916822407,0.21186396998625254,0.0,188.68487006022602,28.197790333047557,0.06942205010678086,1.4334263826330336,190.78022845491847
5.255918459849315,0.26432497551466205,-0.5409983445418818,0.25000635196985327,0.0,-0.04624060841234723,-0.0025137511096637866,0.0,3.0514224358267388,0.4560162668874721,0.0,26.71974317919144,3.993100854768608,0.04630888479531086,3.0853086908010963,27.01646775576521
5.264004488249084,0.26432497551466205,-0.5411868602653884,0.25001373067329663,0.0,-0.0198196801153685,0.0014346937035583096,0.0,1.8497961211853244,0.27644062381584905,0.0,-175.65767949091634,-22.270506995103617,0.01987153909234419,1.8703382337021204,177.0638185682
5.272090516648851,0.26432497551466205,-0.5413188695344562,0.25002955391791715,0.0,-0.0163256004729746,0.001956862360385614,0.0,0.21067646582502975,0.09585636280819682,0.0,-119.33745042585971,41.4536504629467,0.016442461528028047,0.23145845316890368,126.33222950161485
5.2801765450486196,0.26432497551466205,-0.5414508788035239,0.25004537716253766,0.0,-0.016412608343721047,0.0029848882474894367,0.0,-0.08013590541332039,0.9468314136508404,0.0,-21.939563531139555,99.37526047146278,0.01668182455531715,0.9502165485890369,101.7682997878415
5.288262573448388,0.26432497551466205,-0.5415842951688193,0.2500778257001958,0.0,-0.01762156288700112,0.01726907376153264,0.0,-0.1441314017576032,1.7029587196214477,0.0,0.6653620405546778,-7.861465821127801,0.02467266477626181,1.709047179485497,7.889572326924426
5.296348601848156,0.26432497551466205,-0.5417358557194292,0.2503246536042846,0.0,-0.01874350955954185,0.030525233388473794,0.0,-0.0693756327012145,0.8196953418639452,0.0,8.912372961844424,-105.30254380942154,0.03582051121954336,0.8226259367939622,105.67902405182477
5.304434630247925,0.26432497551466205,-0.541887416270039,0.25057148150837333,0.0,-0.018743509559548954,0.030525233388472017,0.0,0.0,-2.1960211427085596e-13,0.0,-15.546496240492758,275.19278775477505,0.03582051121954557,2.1960211427085596e-13,275.6315728968659
5.312520658647692,0.26432497551466205,-0.5420389768206488,0.250818309412462,0.0,-0.01874350955954185,0.03052523338847024,0.0,-0.3207944529361906,5.270128736256103,0.0,-52.869292927028724,868.5561030425966,0.03582051121954034,5.279883140538906,870.163700844356
5.32060668704746,0.26432497551466205,-0.5421905373712587,0.2510651373165508,0.0,-0.023931415673409617,0.115754054652081,0.0,-0.8550052081672292,14.046338631988522,0.0,-26.39321700876993,433.59743326849537,0.11820200431689164,14.072336794949383,434.3999724229956
5.328692715447229,0.26432497551466205,-0.5424259970342126,0.25269029055907216,0.0,-0.03257070234992199,0.2576834195705153,0.0,-0.7476270575245161,12.282291055207537,0.0,39.672684422629246,-651.7573864083306,0.2597337008805778,12.305024168280768,652.9637146328389
5.336778743846997,0.26432497551466205,-0.5427172726196624,0.255232408214144,0.0,-0.03602208291256659,0.3143839632253389,0.0,-0.21341630229437403,3.506081159475407,0.0,-12.304031182038635,-916.7999708627706,0.31644093728629846,3.5125705138706356,916.8825310568991
5.3448647722467655,0.26432497551466205,-0.5430085482051122,0.2577745258692158,0.0,-0.036022082912573694,0.3143839632253371,0.0,-0.9466085486637157,-2.5442501473987846,0.0,-104.32810445232413,-532.6761389175201,0.31644093728629746,2.7146411469919856,542.7966675935771
5.352950800646533,0.26432497551466205,-0.5432998237905621,0.2603166435242873,0.0,-0.05133069012848068,0.2732382053293829,0.0,-1.900616333285241,-5.108387614856541,0.0,-0.9150643050519633,-2.4594670061390786,0.27801790697846807,5.450501487933963,2.624179993191579
5.361036829046301,0.26432497551466205,-0.5438386710414294,0.26219334964560576,0.0,-0.06675895820858813,0.2317708285638318,0.0,-0.9614070205800358,-2.584024787518091,0.0,159.37492765839693,380.48459080121773,0.24119385455326411,2.757079534893489,412.5153226284926
5.36912285744607,0.26432497551466205,-0.5443794534545892,0.26406485452829725,0.0,-0.06687861907277437,0.23144920969422955,0.0,0.6768040492284078,1.0448307989292331,0.0,205.4550564673794,386.99014423135907,0.24091800754025156,1.2448835766621185,438.14740893929996
5.377208885845838,0.26432497551466205,-0.5449202358677488,0.2659363594109887,0.0,-0.05581364468230987,0.24866789159002067,0.0,2.3612238223624447,3.6744018058523498,0.0,123.23934825626189,192.2957910891954,0.25485463158543814,4.367677480096592,228.39791642930476
5.385294914245606,0.26432497551466205,-0.5452820748865806,0.2680863257953121,0.0,-0.028692773301109753,0.290871844402794,0.0,2.66983778916656,4.154649254735546,0.0,-84.61549370836647,-131.67380404210147,0.2922836038952443,4.93853665070296,156.51764260436696
5.393380942645374,0.26432497551466205,-0.5453842570273105,0.2706403554000563,0.0,-0.012636876310359924,0.3158571153197549,0.0,0.9928172519901944,1.5449655678728753,0.0,-165.0895629579576,-256.90295960713496,0.31610980361418767,1.8364652737697267,305.3746788005755
5.401466971045142,0.26432497551466205,-0.5454864391680405,0.27319438500480075,0.0,-0.012636876310367029,0.31585711531975846,0.0,0.0,2.2026824808563106e-13,0.0,-139.7624639598256,-43.80722795089829,0.3161098036141915,2.2026824808563106e-13,146.46712789176797
5.4095529994449105,0.26432497551466205,-0.5455886213087705,0.27574841460954524,0.0,-0.012636876310359924,0.31585711531975846,0.0,-1.267429253611307,0.8365125892206962,0.0,-178.27612996060262,117.66355135370621,0.3161098036141912,1.5185948191780545,213.60498550103162
5.417639027844679,0.26432497551466205,-0.5456908034495004,0.27830244421428973,0.0,-0.0331338141891635,0.3293852444261631,0.0,-2.883091699724453,1.902861635727561,0.0,-43.06603628929874,28.423899338870605,0.33104756287942255,3.4544319581870195,51.600402472242834
5.425725056244447,0.26432497551466205,-0.546124463233823,0.28107525149133444,0.0,-0.059262399036576596,0.3466303017744039,0.0,-1.963895638612755,1.2961855037932253,0.0,156.74311181600282,-103.45160168429729,0.35165977598779297,2.3530794588381196,187.80478426496612
5.433811084644215,0.26432497551466205,-0.5466491983327967,0.28390816914302563,0.0,-0.0648940460051719,0.35034723001624357,0.0,-0.34823319250013807,0.2298364572862006,0.0,121.43759219725617,-80.14970018103952,0.3563066359008432,0.4172423198295083,145.50279460470037
5.441897113043983,0.26432497551466205,-0.5471739334317705,0.28674108679471716,0.0,-0.0648940460051719,0.35034723001624,0.0,0.0,-2.2026824808563106e-13,0.0,71.4262802819604,105.6577594488467,0.3563066359008397,2.2026824808563106e-13,127.53538978129765
5.449983141443751,0.26432497551466205,-0.5476986685307441,0.28957400444640863,0.0,-0.0648940460051719,0.35034723001624,0.0,0.8068766691993541,1.9385397444047356,0.0,122.06638247866402,293.2672896903639,0.3563066359008397,2.0997586289702492,317.65689813658906
5.45806916984352,0.26432497551466205,-0.5482234036297179,0.29240692209810015,0.0,-0.05184519068065896,0.38169740487091275,0.0,1.9740644707589268,4.74273526631853,0.0,44.559716407884366,107.05574290757423,0.38520232694248274,5.137165399429359,115.95904628722896
5.466155198243288,0.26432497551466205,-0.5485371118992145,0.2957468365582168,0.0,-0.03296936325811117,0.42704701412830914,0.0,1.5274989339189078,3.669851299422625,0.0,-27.93772341936294,-341.26999842729487,0.42831779228692984,3.975054911947422,342.4116356323521
5.474241226643056,0.26432497551466205,-0.5487565860449726,0.2993131506666553,0.0,-0.02714239116009054,0.44104644853102926,0.0,1.522254020771219,-0.7763025322248112,0.0,123.62199182479684,-535.090348351763,0.4418808427163608,1.7087723444896914,549.1849212805658
5.482327255042824,0.26432497551466205,-0.5489760601907308,0.3028794647750942,0.0,-0.008351384770875825,0.4144926054835416,0.0,3.5267208073814955,-4.983660207005467,0.0,126.47487911456251,-263.7353433427763,0.41457673068821177,6.105295137182752,292.4931219279785
5.490413283442592,0.26432497551466205,-0.548891645113842,0.30601634862552307,0.0,0.029891938052990952,0.360450412593746,0.0,3.5676129495264624,-5.041445484809504,0.0,-143.69760171079665,203.0611603813959,0.3616877491698683,6.176085712968614,248.76260891233983
5.498499311842361,0.26432497551466205,-0.5484926460706896,0.30870868932097667,0.0,0.0493442544876288,0.3329620627514345,0.0,1.2028350305572895,-1.6997435875377,0.0,-220.60353817383498,311.7380520796792,0.3365985601315461,2.082292096251457,381.89859147324364
5.506585340242129,0.26432497551466205,-0.5480936470275373,0.3114010300164302,0.0,0.04934425448763591,0.332962062751438,0.0,4.3920422854171193e-13,0.0,0.0,-243.5652616232424,285.797406557365,0.33659856013155065,4.3920422854171193e-13,375.50525197993477
5.514671368641896,0.26432497551466205,-0.5476946479843848,0.31409337071188353,0.0,0.04934425448763591,0.3329620627514345,0.0,-2.73611621480742,2.922188304467902,0.0,-413.81100409947567,441.9526005129108,0.33659856013154715,4.003188282819218,605.4433484760905
5.522757397041665,0.26432497551466205,-0.5472956489412325,0.3167857114073371,0.0,0.005095627651634516,0.3802198579902374,0.0,-6.692175062569364,7.1472825581974995,0.0,-150.87043634294767,161.13051857429204,0.38025400172947604,9.791264220456389,220.7372478272113
5.530843425441433,0.26432497551466205,-0.5476122412045733,0.3202423078516134,0.0,-0.05888198073667894,0.44854832224494245,0.0,-5.176001480716456,5.528000202990157,0.0,338.3757859279241,-361.387341225761,0.45239660149500166,7.572963592454288,495.07472456242897
5.5389294538412015,0.26432497551466205,-0.5482478916781753,0.32403966035201914,0.0,-0.07861096228899811,0.4696189912608446,0.0,-1.2199426329551026,1.3029059492609392,0.0,413.97198944988077,-341.2369653149841,0.47615300098272567,1.7848876548177974,536.4843656123371
5.54701548224097,0.26432497551466205,-0.5488835421517773,0.32783701285242495,0.0,-0.07861096228900522,0.4696189912608446,0.0,1.5187770460842254,0.009496617814697572,0.0,300.99885470344475,-79.15485368838398,0.47615300098272684,1.5188067360471653,311.2327126045958
5.555101510640737,0.26432497551466205,-0.5495191926253793,0.33163436535283025,0.0,-0.054049213633895477,0.4697725711035474,0.0,3.6478279419043016,0.02280915945330264,0.0,75.47263249192359,0.47191570881749323,0.4728716380326483,3.647899251828748,75.47410787612657
5.563187539040506,0.26432497551466205,-0.5497576291046348,0.3354342015551755,0.0,-0.01961808161759393,0.4699878622830731,0.0,2.7393247455537724,0.01712846546228519,0.0,-187.82732028601959,-1.1744477443576224,0.4703971299017113,2.739378295513844,187.8309920469229
5.571273567440274,0.26432497551466205,-0.5498364573555969,0.33923503575676495,0.0,-0.009748698256423438,0.4700495736198924,0.0,0.6102738497340197,0.0038159238234634074,0.0,-151.78180696263817,-99.32264462881307,0.47015065540519824,0.6102857797325834,181.39102695807486
5.579359595840042,0.26432497551466205,-0.5499152856065592,0.3430358699583544,0.0,-0.009748698256423438,0.47004957361988886,0.0,0.2847007422176721,-1.589122984955079,0.0,-1.106731855237662,-204.69244796088702,0.4701506554051947,1.6144244714237435,204.69543987988556
5.587445624239811,0.26432497551466205,-0.5499941138575214,0.34683670415994383,0.0,-0.005144501682408986,0.44435018644574953,0.0,0.5923757193092596,-3.306481971036213,0.0,2.8412260924427954,-15.858960021660664,0.4443799658984782,3.3591266748389654,16.111461096902694
5.595531652639578,0.26432497551466205,-0.5499984827799723,0.35022192641243943,0.0,-0.0001687644770882457,0.41657695937765027,0.0,0.33064921196504277,-1.845594987207292,0.0,-35.20897134443145,196.52701009569606,0.4165769935627473,1.8749799354067203,199.65604764265674
5.6036176810393465,0.26432497551466205,-0.5499968431262307,0.35357361040837715,0.0,0.00020277615421093742,0.41450311948369745,0.0,0.02297423487388026,-0.12823600112563938,0.0,3.9209155346408586,92.88635099448561,0.4145031690830422,0.13027773199106285,92.96906894069966
5.611703709439115,0.26432497551466205,-0.5499952034724889,0.3569252944043149,0.0,0.00020277615421804285,0.414503119483701,0.0,0.39405848069744054,-0.3434316430227682,0.0,58.56697577391754,-44.35117679174417,0.4145031690830458,0.5227115644778612,73.46507696936818
5.619789737838883,0.26432497551466205,-0.5499935638187471,0.3602769784002527,0.0,0.006575512286389085,0.408949123445975,0.0,0.970122693666765,-0.8454857513280203,0.0,22.508668443100937,-19.61685730497902,0.4090019840160433,1.2868504949938695,29.85734826814593
5.627875766238652,0.26432497551466205,-0.5498888639143072,0.363538842856804,0.0,0.015891655458716514,0.4008298758900253,0.0,0.7580699452412083,-0.6606765735872955,0.0,-48.733254598630175,42.4722281500535,0.40114477949891314,1.0055662965538659,64.6437952769259
5.63596179463842,0.26432497551466205,-0.5497365630640301,0.3667592219200974,0.0,0.018835062498851585,0.398264624371798,0.0,0.18200573227143446,-0.15862246528247326,0.0,23.655250960308855,26.483092949615575,0.39870975734905834,0.24142736603780135,35.5095073209017
5.644047823038187,0.26432497551466205,-0.549584262213753,0.36997960098339044,0.0,0.018835062498851585,0.39826462437179444,0.0,1.1406240073784286,-0.23239049017866265,0.0,155.64140622623918,-24.194873645610183,0.39870975734905484,1.164056899869377,157.5107591334898
5.652133851437956,0.26432497551466205,-0.5494319613634758,0.37319998004668387,0.0,0.03728129873309172,0.3945063921649563,0.0,2.699047394121868,-0.5499033361369001,0.0,51.66929408476048,-10.527090874714965,0.39626403911311,2.754496417643439,52.7307841161306
5.660219879837724,0.26432497551466205,-0.548981346933081,0.37635958076526244,0.0,0.062484210261231965,0.3893715563855338,0.0,1.976222766109141,-0.4026352017384376,0.0,-141.0610934053519,28.739756860762533,0.39435324957969187,2.016822135679549,143.9590417345474
5.6683059082374925,0.26432497551466205,-0.548421463166057,0.37949691897267473,0.0,0.06924088555514629,0.3879949528129494,0.0,0.41779937936576417,-0.08512235577977378,0.0,-144.10091602178696,65.4985656314436,0.3941248325604258,0.42638261790546306,158.2881426326515
5.676391936637261,0.26432497551466205,-0.5478615793990329,0.38263425718008703,0.0,0.06924088555514629,0.38799495281295293,0.0,-0.3541854326604663,0.6566113219414511,0.0,-102.99010528444755,148.2992063078294,0.3941248325604293,0.746046747067891,180.553638506771
5.684477965037028,0.26432497551466205,-0.5473016956320089,0.385771595387499,0.0,0.06351297862059369,0.3986137084066037,0.0,-1.2477624530844822,2.313180831956423,0.0,-66.706615546726,123.66493643561094,0.40364190439413605,2.6282535457329863,140.5090355148821
5.692563993436797,0.26432497551466205,-0.546834443901273,0.38908066071351227,0.0,0.04906200029153496,0.4254038446149515,0.0,-1.4329686081868402,2.6565276980889934,0.0,43.80215046864789,-81.20319265267058,0.4282236692264784,3.018366850262396,92.26368127635492
5.700650021836565,0.26432497551466205,-0.5465082621765953,0.39265125052535327,0.0,0.04033892889704305,0.44157522522964143,0.0,-0.5393915877636553,0.9999581880737125,0.0,131.98454119206275,-266.76728839348965,0.4434139248164961,1.1361600515974233,297.6318283895299
5.708736050236333,0.26432497551466205,-0.5461820804519176,0.39622184033719426,0.0,0.040338928897028836,0.44157522522964143,0.0,0.7014928886319907,-1.6576480420689101,0.0,141.86515219785161,-318.24910389051286,0.4434139248164948,1.7999692508973997,348.43681426513194
5.716822078636102,0.26432497551466205,-0.54585589872724,0.39979243014903526,0.0,0.05168351173647068,0.41476764693966217,0.0,1.7548597114549205,-4.1467843964453195,0.0,43.51628720475989,-102.83024881917736,0.41797534177661505,4.502816167410126,111.65897780429962
5.724908107035869,0.26432497551466205,-0.545346251764516,0.40292948628211234,0.0,0.06871861982589422,0.37451319243490033,0.0,1.4052407570124354,-3.320624666683411,0.0,-86.75370082207158,205.00151126313972,0.38076551842118855,3.605724582127037,222.60239043302457
5.7329941354356375,0.26432497551466205,-0.5447445773042299,0.40584907876926796,0.0,0.07440914507589724,0.3610663162201213,0.0,0.3518739341903645,-0.8314883123069592,0.0,-84.08552053776967,209.35671955668352,0.3686537746717027,0.902877665614606,225.6116370838249
5.741080163835406,0.26432497551466205,-0.5441429028439436,0.4087686712564236,0.0,0.07440914507589724,0.3610663162201213,0.0,0.04540494285701424,0.06510409335195178,0.0,101.5797203201175,228.2637074339005,0.3686537746717027,0.07937349562056834,249.84547166555294
5.749166192235174,0.26432497551466205,-0.5435412283836575,0.4116882637435792,0.0,0.0751434363907606,0.3621191833156914,0.0,1.9946269408883577,2.860005329586908,0.0,235.44525953297082,337.5943056248491,0.36983352870965547,3.48685633753144,411.5876400317094
5.757252220634943,0.26432497551466205,-0.5429276789225198,0.4146248832572068,0.0,0.10666636525782991,0.4073184848571785,0.0,3.8530390532058796,5.524698379117165,0.0,-5.615234156037559,-8.051430211949736,0.4210535139191505,6.73559218820064,9.816128721905994
5.76533824903471,0.26432497551466205,-0.5418162138661078,0.4182754414161902,0.0,0.13745500281003586,0.45146491930307775,0.0,1.9038170551746427,2.729797142882358,0.0,-267.217196493403,-350.4050610159327,0.4719263196292844,3.3281093462899523,440.6685113408643
5.773424277434478,0.26432497551466205,-0.5407047488096955,0.42192599957517407,0.0,0.13745500281003586,0.45146491930307775,0.0,-0.46841262629820335,-0.14207217047732001,0.0,-339.0724458586668,-235.93379055741187,0.4719263196292844,0.48948431037135093,413.0797466196657
5.781510305834247,0.26432497551466205,-0.5395932837532834,0.42557655773415787,0.0,0.12987980721192116,0.44916732009248506,0.0,-3.579681798409551,-1.0857375189421035,0.0,-326.842352654744,-99.1331143495043,0.46756822578151175,3.740714869901633,341.54545502688205
5.789596334234015,0.26432497551466205,-0.5386043251903515,0.42918995898820544,0.0,0.07956418544188892,0.43390631047735795,0.0,-5.754125717924929,-1.7452585264524707,0.0,57.9286397647918,17.57008057026011,0.4411407325073311,6.0129768086896975,60.53457719555369
5.7976823626337834,0.26432497551466205,-0.5383065672271083,0.4325937152328751,0.0,0.036823759269964285,0.42094290007282,0.0,-2.642856545813437,-0.8015931779874208,0.0,351.4934228475777,78.6790121693045,0.4225504873603726,2.7617462491591995,360.1916340797543
5.805768391033551,0.26432497551466205,-0.5380088092638652,0.4359974714775444,0.0,0.036823759269964285,0.42094290007282353,0.0,-0.06975411897058326,-0.47285707271904087,0.0,145.4391252549825,-72.33219457039482,0.4225504873603761,0.4779743176508363,162.4330185839811
5.813854419433319,0.26432497551466205,-0.537711051300622,0.4394012277222141,0.0,0.03569569169597031,0.41329582863474457,0.0,-0.29080675131536315,-1.9713535370151227,0.0,-18.71110338652097,-126.84093362891817,0.41483445417724635,1.9926874653373594,128.21360237430622
5.821940447833088,0.26432497551466205,-0.5374315365102592,0.44268131509323705,0.0,0.03212081597000349,0.38906205870024735,0.0,-0.372351145719404,-2.5241358558721707,0.0,8.626499379174275,58.478284930701044,0.3903857481244078,2.5514519777213303,59.11113516060363
5.830026476232856,0.26432497551466205,-0.5371915916403077,0.44569316143405924,0.0,0.02967400781802354,0.37247536020383265,0.0,-0.15129851337418865,-1.025639391576334,0.0,38.386914217193414,156.26248046680044,0.37365551073008274,1.0367388300349862,160.9084148972805
5.838112504632624,0.26432497551466205,-0.5369516467703562,0.44870500777488137,0.0,0.029674007818030645,0.37247536020383265,0.0,0.24844421135999095,0.002949853873420949,0.0,144.79344927695197,65.02856226822763,0.37365551073008335,0.24846172300006775,158.725728425451
5.846198533032392,0.26432497551466205,-0.5367117019004047,0.45171685411570317,0.0,0.03369186171565275,0.3725230654082239,0.0,2.1903093725332177,0.026006211017705283,0.0,209.42555060314353,2.486573417331951,0.3740435480087934,2.1904637569287364,209.4403120050904
5.85428456143216,0.26432497551466205,-0.5364067800690087,0.4547294719478004,0.0,0.06509581539919651,0.3728959341255518,0.0,3.6352861109880363,0.0431628604147285,0.0,-30.725122282107563,-0.3648087451472164,0.37853512765640934,3.635542344858839,30.727287948515706
5.8623705898319285,0.26432497551466205,-0.5356589686763568,0.45774734834269787,0.0,0.09248191518511817,0.3732210976384813,0.0,1.6934209498142634,0.02010650327021679,0.0,-213.68128273511059,-3.9418795849372232,0.3845086375606928,1.6935403109296208,213.7176384999245
5.870456618231697,0.26432497551466205,-0.534911157283705,0.46076522473759535,0.0,0.09248191518511817,0.3732210976384778,0.0,0.17962026959796606,-0.02058544012981045,0.0,121.37601637322565,-27.154267108856715,0.3845086375606893,0.1807960220684737,124.37641083763705
5.878542646631465,0.26432497551466205,-0.5341633458910531,0.46378310113249277,0.0,0.09538674438740458,0.37288818873145857,0.0,3.656320780703566,-0.41903384676400535,0.0,407.75026731319673,-46.73035362025284,0.38489509259050825,3.6802542053693212,410.4193056417513
5.886628675031233,0.26432497551466205,-0.533368557435549,0.4667955937056365,0.0,0.1516121425279735,0.3664444584676829,0.0,6.773780752612936,-0.7763113731389382,0.0,-22.213658018171458,2.545803590088788,0.3965700226991394,6.818120344532966,22.359063452380603
5.894714703431001,0.26432497551466205,-0.5317114657105912,0.4697092617287073,0.0,0.20493271146626313,0.36033363711093,0.0,3.2970802415075084,-0.3778629665045443,0.0,-404.7196949348429,55.23988582747043,0.4145331666616147,3.3186621612322673,408.4721244520662
5.902800731830769,0.26432497551466205,-0.5300543739856335,0.4726229297517781,0.0,0.20493271146626313,0.36033363711093,0.0,0.2286308582354888,0.11703119806283624,0.0,-29.766177511481857,112.48779082841601,0.4145331666616147,0.25684308567200903,116.35947924042338
5.910886760230538,0.26432497551466205,-0.5283972822606757,0.4755365977748489,0.0,0.20863014269177427,0.36222627229332005,0.0,2.8156999280867314,1.4412959760270034,0.0,291.6683067405627,149.2987063879192,0.418012450507284,3.163147194731737,327.6591291052533
5.918972788630306,0.26432497551466205,-0.5266803954679268,0.47848087360159014,0.0,0.2504683706337332,0.3836423575001824,0.0,4.945507281468563,2.531498357865619,0.0,-28.27480277483022,-14.47326082435481,0.4581657594759945,5.555765132448896,31.763811969682582
5.9270588170300735,0.26432497551466205,-0.5243466935442999,0.4817408837710497,0.0,0.28860916735020226,0.4031658075246547,0.0,2.358438211617022,1.207233579901306,0.0,-358.2838533639899,-214.0262529098205,0.49582045120747487,2.6494610233888367,417.3422534514897
5.935144845429842,0.26432497551466205,-0.5220129916206727,0.48500089394050955,0.0,0.28860916735019515,0.40316580752465114,0.0,-0.848679545490512,-0.9297463607839056,0.0,-420.8083435092939,-375.8893841923746,0.4958204512074678,1.2588428282851274,564.2450629961759
5.94323087382961,0.26432497551466205,-0.5196792896970455,0.4882609041099694,0.0,0.2748842735359247,0.38812989656889485,0.0,-4.446898221334232,-4.871670891600651,0.0,-340.0357993340819,-372.5163975579869,0.47561137544002674,6.596065574793404,504.37368218251453
5.951316902229379,0.26432497551466205,-0.5175675475357504,0.49127775267342,0.0,0.2166936767330192,0.3243808691570358,0.0,-6.34775780619715,-6.954102700850466,0.0,104.95629047197147,114.98183221940971,0.3901013942696798,9.415602664732226,155.68122767427465
5.959402930629147,0.26432497551466205,-0.5161749072488186,0.49350680995066004,0.0,0.1722279737444019,0.27566775270092947,0.0,-2.7495391303528365,-3.0121781700335575,0.0,392.51394457005824,430.00731366775847,0.32504643486628676,4.078379918223429,582.2142960196948
5.967488959028914,0.26432497551466205,-0.514782266961887,0.4957358672278998,0.0,0.1722279737444019,0.2756677527009259,0.0,-2.2026824808563106e-13,4.405364961712621e-13,0.0,223.81859986645335,232.64576079332056,0.32504643486628376,4.92534776004259e-13,322.8293909502084
5.975574987428683,0.26432497551466205,-0.5133896266749552,0.49796492450513985,0.0,0.17222797374439835,0.2756677527009366,0.0,0.8700679794798205,0.7501822876869966,0.0,133.83128125789844,115.39081900017074,0.3250464348662909,1.148821898152796,176.70838393426862
5.983661015828451,0.26432497551466205,-0.5119969863880235,0.50019398178238,0.0,0.1862987625280077,0.2877997432674064,0.0,2.1643270820572855,1.866106879016261,0.0,52.45976171807366,45.231389943390454,0.3428351223901251,2.8577380219394524,69.26691299407034
5.9917470442282195,0.26432497551466205,-0.5103767925056689,0.5026192383001524,0.0,0.2072295942482043,0.3058465391423937,0.0,1.718450225674669,1.4816668949735003,0.0,-50.73612358654822,-46.622487007967095,0.3694404014691072,2.2690103494214684,68.90435785491042
5.999833072627988,0.26432497551466205,-0.5086456576192966,0.5051401493853325,0.0,0.21408963718479512,0.3117613444509111,0.0,1.3438196096273138,1.112125370987755,0.0,163.8894883601224,127.63844544201865,0.3781924227741175,1.7443262263732544,207.72899929908166
6.007919101027755,0.26432497551466205,-0.5069145227329244,0.5076610604705122,0.0,0.2289619213034264,0.3238318938102118,0.0,4.368880340281059,3.5458430844659716,0.0,286.6089124470072,231.28855174558296,0.39659886138977346,5.626732498293259,368.2920890578909
6.016005129427524,0.26432497551466205,-0.5049428724230467,0.5103771771655325,0.0,0.28474341819820026,0.36910492021513974,0.0,5.978875220973347,4.852536966899578,0.0,-113.7305536245407,-92.30527404101572,0.46617298970899185,7.7002638865883055,146.47492086883523
6.024091157827292,0.26432497551466205,-0.5023096360005288,0.5136302462052199,0.0,0.32565263097434993,0.40230739726076337,0.0,2.529623367222232,2.0530769497778643,0.0,-505.97056442140894,-434.6933246217935,0.5175914198972447,3.2579317582948115,667.0565932000576
6.03217718622706,0.26432497551466205,-0.4996763995780109,0.5168833152449074,0.0,0.3256526309743535,0.4023073972607669,0.0,-2.2037094857433246,-2.1773481692635137,0.0,-614.4864269606619,-579.539642853587,0.5175914198972495,3.0979316564040404,844.6654761251605
6.040263214626829,0.26432497551466205,-0.497043163155493,0.5201363842845949,0.0,0.29001411600123106,0.3670951989950666,0.0,-7.407886032129955,-7.319271072033562,0.0,-371.06808340280963,-366.6292754538732,0.46783231248515,10.413861171099478,521.6402478145897
6.048349243026596,0.26432497551466205,-0.49498627482137175,0.5228199996538926,0.0,0.20585187729826515,0.28393972975264603,0.0,-8.20464360702894,-8.106497636276693,0.0,272.53298860617355,269.27288176789693,0.3507089470190712,11.533927372986206,383.12154042053095
6.0564352714263645,0.26432497551466205,-0.49371411490353445,0.5247282737217993,0.0,0.15732815356841456,0.23599645877590092,0.0,-3.0004670606430093,-2.9645747335077886,0.0,507.33457770588245,501.2657163378283,0.28363088065302783,4.217997858292068,713.2010180248499
6.064521299826133,0.26432497551466205,-0.49244195498569715,0.5266365477897059,0.0,0.15732815356840746,0.2359964587758867,0.0,-4.405364961712621e-13,-8.79296635503124e-13,0.0,299.22961703399056,219.8289502767163,0.2836308806530121,9.83481050994866e-13,371.29924735995854
6.072607328225901,0.26432497551466205,-0.4911697950678599,0.5285448218576125,0.0,0.15732815356840746,0.2359964587758867,0.0,1.8386913021343023,0.5905115365497977,0.0,325.6958193820837,104.60001552624342,0.2836308806530121,1.931188644162641,342.08029760723906
6.08069335662567,0.26432497551466205,-0.4898976351500226,0.5304530959255191,0.0,0.18706357374333749,0.24554624488575172,0.0,5.267171290418265,1.6915973923219507,0.0,196.609337433797,63.14278085358871,0.3086838819879046,5.532142002906002,206.49998145297977
6.088779385025437,0.26432497551466205,-0.48814459232815854,0.5325158096768177,0.0,0.2425091468499332,0.26335306788646307,0.0,5.018268674433175,1.6116601749948067,0.0,-227.39115066517013,-73.0286250993806,0.3580021294225699,5.270718073323747,238.83030688071392
6.096865413425205,0.26432497551466205,-0.4859757634527585,0.534712056697711,0.0,0.26821929978159886,0.2716101047773165,0.0,1.589788686148978,0.5105743192226484,0.0,-384.2304665588355,-73.21127839550707,0.3817245627313967,1.6697647145801604,391.14312305897033
6.104951441824974,0.26432497551466205,-0.4838069345773585,0.5369083037186045,0.0,0.2682192997815953,0.2716101047773165,0.0,-1.195528254868801,0.4276832224159719,0.0,-266.85679946611657,28.725736078082903,0.38172456273139427,1.269724673669749,268.398433927113
6.113037470224742,0.26432497551466205,-0.48163810570195853,0.5391045507394979,0.0,0.24888514893840963,0.2785266221424365,0.0,-2.7258346321596356,0.9751285546859059,0.0,-41.402046328640125,14.810992978601114,0.37352496115275874,2.8950043419733724,43.97152434486477
6.12112349862451,0.26432497551466205,-0.47978194981216543,0.5414126520720751,0.0,0.22413694728416544,0.28737993915054716,0.0,-1.8650844997126192,0.6672074421234484,0.0,147.85110758494795,-52.89163001563173,0.3644510948865937,1.980834662937113,157.0269866609123
6.129209527024278,0.26432497551466205,-0.4780133502596044,0.5437520754384877,0.0,0.21872289647312115,0.2893167387935307,0.0,-0.3347781224216497,0.11976210985310232,0.0,98.98116477725183,-215.2920634455681,0.36268978588832046,0.3555549946332236,236.955572973737
6.137295555424046,0.26432497551466205,-0.47624475070704314,0.5460914988049005,0.0,0.21872289647312115,0.2893167387935236,0.0,-0.26435548085084903,-2.81450803640781,0.0,-19.014061477523033,-430.2392676340631,0.3626897858883148,2.8268957015178384,430.6592178836603
6.145381583823815,0.26432497551466205,-0.4744761511544819,0.5484309221713133,0.0,0.2144477246215324,0.24380035496599106,0.0,-0.642274604626035,-6.83809176371604,0.0,-14.04442790820288,-149.52652045300198,0.32469437888096525,6.868188672186334,150.18464060632408
6.153467612223583,0.26432497551466205,-0.47277668992393235,0.5500342519931578,0.0,0.20833599508620892,0.17873073039026366,0.0,-0.49148276669930446,-5.2326594182108455,0.0,32.69287068774643,348.070510918237,0.274496923178381,5.255690239821319,349.6024947918539
6.161553640623351,0.26432497551466205,-0.4711069296085597,0.5513213656950073,0.0,0.20649943740247778,0.15917748964205458,0.0,-0.1135636429238911,-1.2090756909025497,0.0,30.390863252075803,323.56177591218494,0.2607287687545934,1.214397269152736,324.9858880023152
6.169639669023119,0.26432497551466205,-0.46943716929318724,0.5526084793968566,0.0,0.20649943740248133,0.15917748964204748,0.0,2.2026824808563106e-13,-1.7763568394002505e-15,0.0,130.96402598909324,107.05821326552004,0.26072876875459183,2.2027541069836642e-13,169.15388594672444
6.177725697422887,0.26432497551466205,-0.4677674089778146,0.5538955930987062,0.0,0.20649943740248133,0.15917748964205458,0.0,2.0043940240678175,0.5222758148841837,0.0,294.34465961531,76.69604634194269,0.2607287687545962,2.071320214387847,304.1727505358396
6.1858117258226555,0.26432497551466205,-0.46609764866244197,0.5551827068005556,0.0,0.238914611408358,0.1676237637853788,0.0,4.760158553939311,1.2403328177417947,0.0,92.92207109056059,24.212280528133938,0.29185256162998324,4.91909899853712,96.02471465269892
6.193897754222424,0.26432497551466205,-0.46390366831187935,0.5566064141275955,0.0,0.2834809919115884,0.1792362224209043,0.0,3.507135035674951,0.9138381908314823,0.0,-248.1771037416985,-64.39213992372036,0.3353909602283489,3.6242373539105985,256.39466161676177
6.201983782622192,0.26432497551466205,-0.46151317795965874,0.5580813251700808,0.0,0.2956321984089385,0.1824024069130914,0.0,0.7466243358840501,0.19897947345167388,0.0,-353.6743294452816,35.68475938461583,0.3473744878136432,0.7726841073746787,355.4700175273683
6.21006981102196,0.26432497551466205,-0.45912268760743835,0.559556236212566,0.0,0.2955554430794223,0.18245412976750686,0.0,-2.2125063086518644,1.4909341464770378,0.0,-318.90800949803463,171.4867810225911,0.34733633470037634,2.667970913438809,362.09119650647216
6.218155839421728,0.26432497551466205,-0.4567334385467664,0.5610319837199909,0.0,0.25985142071608536,0.20651387861428816,0.0,-4.41077410754499,2.9722734365185985,0.0,0.5869593433657769,-0.39553230838815523,0.33191978384616505,5.318772190009963,0.7077902780790697
6.226241867821496,0.26432497551466205,-0.4549203556721775,0.5628959903874089,0.0,0.22422415368227888,0.2305219046066398,0.0,-2.203013968811934,1.4845375755197328,0.0,272.7404536244139,-183.79068744077793,0.3215848559836221,2.6565244888595543,328.8865637772464
6.234327896221265,0.26432497551466205,-0.4531072727975885,0.5647599970548268,0.0,0.224224153682286,0.2305219046066398,0.0,4.3876013933186186e-13,4.405364961712621e-13,0.0,191.5550608232848,-144.26275725858196,0.321584855983627,6.217578823990632e-13,239.8021777608804
6.242413924621033,0.26432497551466205,-0.4512941899229995,0.5666240037222449,0.0,0.224224153682286,0.2305219046066469,0.0,0.8948253550609362,-0.8484879289238307,0.0,139.78551276255484,-132.54689258270602,0.3215848559836321,1.233144023052207,192.63610334415975
6.250499953020801,0.26432497551466205,-0.44948110704841054,0.5684880103896629,0.0,0.23869532014999706,0.21680010962636231,0.0,2.260619252148839,-2.143555875449172,0.0,58.24473013732512,-55.22859870412033,0.32245580068516727,3.11532200492319,80.26609934206715
6.258585981420569,0.26432497551466205,-0.44743399564775044,0.5701301074092681,0.0,0.26078301663016035,0.19585619723590497,0.0,1.8367624391155903,-1.7416479641258213,0.0,-110.66314769390704,104.93259323061993,0.32614020260991466,2.5312119406895723,152.50305367311904
6.266672009820337,0.26432497551466205,-0.44526370929111325,0.5716554079359031,0.0,0.2683995466426268,0.1886340798257251,0.0,0.47096854202744964,-0.44658001760090116,0.0,-119.34201000753617,78.82033546416972,0.328056599856893,0.6490339588187068,143.0215390608111
6.274758038220106,0.26432497551466205,-0.443093422934476,0.5731807084625381,0.0,0.2683995466426232,0.1886340798257251,0.0,-0.09324332529716273,-0.4669610220407314,0.0,-46.49571643825638,-59.39115531167664,0.32805659985689006,0.47617949747736615,75.42652700716401
6.282844066619874,0.26432497551466205,-0.4409231365778388,0.5747060089891731,0.0,0.2668916102897434,0.18108235965411268,0.0,-0.28096282514718496,-1.4070571546914419,0.0,-11.68387864627067,-58.51266990647061,0.3225243442299413,1.4348344663002293,59.667793321056976
6.290930095019642,0.26432497551466205,-0.43877723665355045,0.5761091826682585,0.0,0.26385579987578467,0.1658790715998606,0.0,-0.2821956744035461,-1.4132312432607161,0.0,11.531412046440757,57.74911971047827,0.3116660865781226,1.4411304401685163,58.88916955705819
6.29901612341941,0.26432497551466205,-0.43665604559536064,0.5773886147569403,0.0,0.26232792581470576,0.15822750371722094,0.0,-0.09447617455331425,-0.47313511061049773,0.0,18.971839078852152,85.30347288684185,0.3063525478836906,0.4824754713460947,87.38771746984827
6.307102151819178,0.26432497551466205,-0.43453485453717056,0.5786680468456221,0.0,0.26232792581470576,0.15822750371721384,0.0,0.02461798477129662,-0.03369863453710131,0.0,24.79827540416504,3.307718619334917,0.30635254788368693,0.04173299826114713,25.01790289943407
6.3151881802189465,0.26432497551466205,-0.4324136634789805,0.5799474789343039,0.0,0.26272604926271725,0.1576825274854201,0.0,0.30656294381339677,-0.4196424972217283,0.0,31.823654524631266,-43.562205168450234,0.3064127223784711,0.5196928554386947,53.94822245858742
6.323274208618715,0.26432497551466205,-0.430286033945776,0.5812180976364109,0.0,0.26728567915468915,0.15144102141664462,0.0,0.5392719333124667,-0.73818909083435,0.0,-3.044508818707259,4.167513749666917,0.30720679883248037,0.9141867160954648,5.161124373704733
6.331360237018483,0.26432497551466205,-0.42809110429398817,0.5823965917344337,0.0,0.27144718559864245,0.14574449157964864,0.0,0.2573269742705726,-0.35224522814926473,0.0,-43.24154798524711,30.520232196676808,0.30809906100998447,0.43622685891766855,52.92746022150974
6.339446265418251,0.26432497551466205,-0.42589617464220064,0.5835750858324564,0.0,0.271447185598646,0.14574449157964864,0.0,-0.1600328368047883,-0.24461416221464027,0.0,-41.28681436402591,-17.0051948719774,0.3080990610099876,0.2923124992396978,44.65173784930955
6.347532293818019,0.26432497551466205,-0.4237012449904128,0.5847535799304793,0.0,0.26885912547204427,0.14178857745434215,0.0,-0.41036573269632726,-0.6272542055061123,0.0,-11.167417998308187,-17.06967552584463,0.3039559672816417,0.749565122518716,20.398162841456013
6.355618322217787,0.26432497551466205,-0.42154816959399294,0.5858680987605737,0.0,0.2648107276608975,0.1356005009404555,0.0,-0.3406329549775968,-0.5206659243682612,0.0,19.79127810257409,30.251459693322637,0.2975100289731365,0.6221927473179235,36.15031815226738
6.363704350617556,0.26432497551466205,-0.4194187108615541,0.586946518933734,0.0,0.2633503899763525,0.13336833855187535,0.0,-0.09030005908607208,-0.13802588107680336,0.0,-124.89380892825228,-98.38682615714427,0.2951957683111067,0.16494012403892502,158.9919213981733
6.371790379017324,0.26432497551466205,-0.4172892521291152,0.5880249391068944,0.0,0.26335038997635607,0.13336833855187535,0.0,-2.360422726875777,-2.111783265307742,0.0,-299.88920528132206,-264.760526256874,0.2951957683111099,3.167210761724819,400.03958767611965
6.3798764074170915,0.26432497551466205,-0.4151597933966766,0.5891033592800545,0.0,0.22517749956640642,0.09921645963701309,0.0,-4.940125320463235,-4.419748149977927,0.0,-27.118364649574886,-24.261801921028024,0.24606668237264875,6.628650834907152,36.38737052498452
6.38796243581686,0.26432497551466205,-0.41364766881614995,0.589629473327593,0.0,0.1834584026969992,0.061891920430788616,0.0,-2.798982460298708,-2.5041465040332307,0.0,291.9137319556747,261.1644630592965,0.19361713595326577,3.7556693846399285,391.68929481074684
6.396048464216628,0.26432497551466205,-0.41219289368790846,0.5901042789326937,0.0,0.17991219623754873,0.05871926013942641,0.0,-0.21927986671133048,-0.1961816193624788,0.0,173.0752306273544,154.84403345067457,0.18925208021667786,0.2942293114572771,232.23201793031367
6.404134492616397,0.26432497551466205,-0.4107381185596669,0.5905790845377945,0.0,0.17991219623754873,0.058719260139433516,0.0,-2.184918912462308e-13,4.39648317751562e-13,0.0,135.71946275088092,46.26771579656632,0.18925208021668008,4.909474002804507e-13,143.38923981393998
6.412220521016165,0.26432497551466205,-0.4092833434314254,0.5910538901428953,0.0,0.17991219623754517,0.058719260139433516,0.0,1.9755829936985219,0.5520625084844135,0.0,350.2956061469802,97.8875965511592,0.1892520802166767,2.0512681877962513,363.71553890979527
6.420306549415932,0.26432497551466205,-0.4078285683031841,0.591528695747996,0.0,0.21186143662383472,0.0676472463835367,0.0,5.665000439236385,1.5830437713957801,0.0,211.95009058944066,59.227933758016796,0.22239923172437007,5.882028354122702,220.06996396172772
6.428392577815701,0.26432497551466205,-0.4058571082447135,0.5921478852537421,0.0,0.27152690511027444,0.08432033392659832,0.0,5.4032518973772845,1.5099000173380848,0.0,-285.828954886752,-91.41575887848563,0.2843180945917038,5.610252144856662,300.09170668810947
6.436478606215469,0.26432497551466205,-0.40343741977113834,0.5928923289776129,0.0,0.2992431332104246,0.09206543522554966,0.0,1.0425583458556176,0.10466292644015862,0.0,-606.9128016572977,-245.45998726952064,0.31308544702183433,1.0477987558134527,654.6707219403229
6.444564634615237,0.26432497551466205,-0.4010177312975632,0.5936367727014837,0.0,0.2883872178962825,0.0860129487177943,0.0,-4.411776403390487,-2.45969283879816,0.0,-485.5463304401804,-241.23592740460964,0.30094088255517537,5.051124616830202,542.171570330543
6.452650663015006,0.26432497551466205,-0.3987736053030593,0.5942833352697726,0.0,0.22789563462793794,0.052287142927092134,0.0,-6.809724488829598,-3.7966181936361014,0.0,83.01678806908316,46.284258412690065,0.23381694891078522,7.7965798477290145,95.04746013502802
6.460736691414773,0.26432497551466205,-0.3973321901499938,0.5944823633467862,0.0,0.178259966673739,0.024613823644159538,0.0,-3.0692241914229204,-1.7111811828241186,0.0,421.0796791800515,234.7640897319601,0.17995126015926735,3.5140116928756835,482.1019332527623
6.468822719814542,0.26432497551466205,-0.3958907749969282,0.5946813914237997,0.0,0.17825996667374255,0.024613823644166644,0.0,4.405364961712621e-13,4.3942627314663696e-13,0.0,315.28884818787907,77.66202328831814,0.17995126015927185,6.222281366109983e-13,324.712869552278
6.47690874821431,0.26432497551466205,-0.39444935984386253,0.5948804195008134,0.0,0.1782599666737461,0.024613823644166644,0.0,2.029644969731965,-0.4552265310384953,0.0,304.8002215880255,-68.36326037441094,0.17995126015927537,2.0800696857844962,312.37271079453944
6.484994776614078,0.26432497551466205,-0.3930079446907969,0.5950794475778269,0.0,0.21108350040714186,0.017251874327556038,0.0,4.929246496033363,-1.1055745297760513,0.0,107.5876207155478,-24.13069285091915,0.21178732566408603,5.051709221594877,110.26053903685566
6.493080805013847,0.26432497551466205,-0.3910357054858332,0.595159417792337,0.0,0.25797602098651495,0.006734409552507259,0.0,3.769558082870816,-0.8454694664357342,0.0,-251.00641123032233,56.29791394898218,0.25806390618615327,3.86320938583606,257.2424412761873
6.501166833413614,0.26432497551466205,-0.3888359418264848,0.5951883568316215,0.0,0.27204500783248164,0.003578894094083296,0.0,0.8699565565691358,-0.1951214676977746,0.0,-249.4242560955215,248.84793971103042,0.2720685479240694,0.8915698500253145,352.33188420469264
6.5092528618133825,0.26432497551466205,-0.3866361781671362,0.5952172958709061,0.0,0.2720450078324781,0.0035788940940904013,0.0,-0.26414515388773196,3.1789135490188136,0.0,-87.30574737811877,415.37219904007304,0.272068547924066,3.189868965092103,424.4482975117676
6.517338890213151,0.26432497551466205,-0.38443641450778754,0.5952462349101907,0.0,0.26777323740048686,0.054988464569632356,0.0,-0.5419569489558036,6.522301328126753,0.0,-1.6901549814901955,20.340545686769616,0.2733610028948226,6.5447789839998025,20.41064483785405
6.525424918612919,0.26432497551466205,-0.3823057341624997,0.5961065724432455,0.0,0.2632804492710612,0.10905792163624994,0.0,-0.2914784362484113,3.5078620091988233,0.0,32.666859529631296,-393.13657977128145,0.28497407818956144,3.5199510727250494,394.4914372528126
6.5335109470126875,0.26432497551466205,-0.3801786281279684,0.5970099258133316,0.0,0.2630594315736374,0.11171780822733268,0.0,-0.013666641180119399,0.16447423008999618,0.0,-24.225640176285083,-332.2222676737278,0.28579911339079467,0.16504105381644635,333.1043631960183
6.541596975412455,0.26432497551466205,-0.37805152209343723,0.5979132791834175,0.0,0.2630594315736374,0.11171780822732558,0.0,-0.6832568651843065,-1.864855373691439,0.0,-131.26956142451013,-370.7589575364588,0.2857991133907919,1.986082956124271,393.31145718133473
6.549683003812223,0.26432497551466205,-0.37592441605890586,0.5988166325535035,0.0,0.2520097627412028,0.08155926120107182,0.0,-2.1365654445875393,-5.831460690126517,0.0,-95.23237814018032,-259.9236409810994,0.26487890366078987,6.210543106645052,276.82034785598
6.557769032211992,0.26432497551466205,-0.3739760058963487,0.5992322601880895,0.0,0.22850677384784035,0.017411094722334042,0.0,-2.2233602936222603,-6.068355259180165,0.0,84.49844984515755,230.62686420252084,0.22916913385920484,6.462837344918688,245.61909233225865
6.56585506061176,0.26432497551466205,-0.3722289915331597,0.5990982057662952,0.0,0.216053453786909,-0.016578524730157085,0.0,-0.7700517142188481,-2.101749942744311,0.0,182.13712112925623,426.03301263777286,0.21668858386052656,2.238377194397115,463.33363654117545
6.573941089011528,0.26432497551466205,-0.3704819771699707,0.598964151344501,0.0,0.21605345378691254,-0.01657852473014998,0.0,0.7221715745841681,0.8214748196756365,0.0,181.29245467615638,282.0194340111419,0.21668858386052955,1.0937790738986077,335.26394867696564
6.582027117411296,0.26432497551466205,-0.36873496280678186,0.5988300969227067,0.0,0.22773245351009308,-0.0032935872869757077,0.0,2.1618201601312315,2.4590843626569607,0.0,88.73045894623081,100.93146881967178,0.2277562690661744,3.2742269786033185,134.38845092828896
6.590113145811064,0.26432497551466205,-0.36679907499670783,0.5989108872638218,0.0,0.2510145322069377,0.02318992725759017,0.0,2.157125596511335,2.4537442662877664,0.0,-89.3110361329189,-101.59187911074338,0.2520834546440525,3.2671167355122885,135.2677754544202
6.598199174210833,0.26432497551466205,-0.3646755415344221,0.5992051257434936,0.0,0.2626176111806089,0.036388504358967566,0.0,0.7174770109641919,0.8161347233063523,0.0,-139.70801786508812,-199.44039624937795,0.2651266356888573,1.086668830807458,243.50524000912316
6.606285202610601,0.26432497551466205,-0.3625520080721364,0.5994993642231653,0.0,0.26261761118061244,0.03638850435897467,0.0,-0.1022404037535587,-0.771617149979281,0.0,-71.86398534343537,-258.0012179721564,0.26512663568886186,0.7783611798527974,267.8228161762131
6.614371231010369,0.26432497551466205,-0.3604284746098506,0.5997936027028371,0.0,0.2609641735638988,0.023909867982006006,0.0,-0.4447114418509184,-3.356275628089011,0.0,-29.70934833104546,-224.2190156271928,0.2620572106827165,3.385609894571052,226.17871771473708
6.622457259410137,0.26432497551466205,-0.35833168063461707,0.5998860359662398,0.0,0.25542571248359636,-0.017889375733375346,0.0,-0.582701672440443,-4.397699806238421,0.0,12.644081704759026,95.42597574869272,0.2560514096072949,4.436136249581875,96.26001064692812
6.630543287809905,0.26432497551466205,-0.356297715479504,0.5995042947023687,0.0,0.2515406890200076,-0.04720998307178803,0.0,-0.24023063434353098,-1.813041328129627,0.0,45.158942492273624,323.30169676735795,0.2559326097516662,1.8288875348646065,326.4403731459593
6.6386293162096734,0.26432497551466205,-0.35426375032439095,0.5991225534384976,0.0,0.25154068902000404,-0.047209983071795136,0.0,0.1476113105516177,0.8307535972698834,0.0,54.5714373547483,335.6346819215815,0.25593260975166404,0.8437657485224307,340.0421760363917
6.646715344609442,0.26432497551466205,-0.3522297851692779,0.5987408121746265,0.0,0.2539278675185024,-0.03377498871032003,0.0,0.6423017501898176,3.6148618118006244,0.0,42.92331314297802,241.5715751524942,0.2561642281132874,3.671481643248594,245.35532750039746
6.65480137300921,0.26432497551466205,-0.3501572144278965,0.5985763424026707,0.0,0.2619280294065156,0.01124976747112072,0.0,0.8417695687241586,4.7374628317895695,0.0,-18.255106617741017,-102.73938653179367,0.26216950596309785,4.811666040927789,104.34860067367649
6.662887401408978,0.26432497551466205,-0.34799387020032524,0.5989227440531509,0.0,0.2675410127960305,0.042839529291072154,0.0,0.34707912908620386,1.953354617259421,0.0,-58.542813231597044,-312.7699202095084,0.27094910739437095,1.983950146202252,318.20164042464006
6.670973429808746,0.26432497551466205,-0.3458305259727537,0.5992691457036312,0.0,0.2675410127960305,0.042839529291072154,0.0,-0.1049881320618411,-0.32067008302483035,0.0,-83.87754147554237,-311.42549704749945,0.27094910739437095,0.3374193385403187,322.52330485604205
6.679059458208514,0.26432497551466205,-0.34366718174518224,0.5996155473541116,0.0,0.26584313876104915,0.037653634494482446,0.0,-1.0093932358617632,-3.08303620981669,0.0,-98.86398268904958,-301.96481177790065,0.2684965001950128,3.2440695084483537,317.73705264763134
6.687145486608283,0.26432497551466205,-0.34153129563294293,0.599878082419385,0.0,0.2512170480526059,-0.007019507409111725,0.0,-1.7038220755375644,-5.2040621705584496,0.0,12.983893559562631,39.657303582377125,0.25131509846511785,5.475881001275197,41.72868580953483
6.695231515008051,0.26432497551466205,-0.33960448537506355,0.5995020274815867,0.0,0.23828883137915113,-0.04650675451610908,0.0,-0.7994169717373776,-2.441696043766017,0.0,25.325013866771172,313.87197034072875,0.24278477171285506,2.5692308313665353,314.8919975053724
6.7033175434078185,0.26432497551466205,-0.33767767511718433,0.5991259725437884,0.0,0.2382888313791547,-0.04650675451610198,0.0,-1.294264512834955,-0.12810683842591475,0.0,-182.8626374113351,127.98978716366295,0.2427847717128572,1.3005890939245135,223.20423333626348
6.711403571807587,0.26432497551466205,-0.3357508648593049,0.5987499176059902,0.0,0.2173579121639584,-0.04857850558354215,0.0,-3.7566819304666286,-0.37183793599504034,0.0,-144.46559510345276,-14.29926453706923,0.2227203025882582,3.775039414011399,145.17154381935822
6.719489600207355,0.26432497551466205,-0.3341625506158401,0.5983403581922548,0.0,0.17753555782185515,-0.052520138737236266,0.0,-3.6305703224268644,-0.3593553567109993,0.0,160.06183120412274,15.842986456741901,0.18514113336613183,3.648311546247606,160.84399282623392
6.7275756286071235,0.26432497551466205,-0.33287974973427237,0.597900558939212,0.0,0.15864412269495887,-0.054390020823490204,0.0,-1.1681529047956989,-0.11562425914231955,0.0,224.4965107054691,22.220757765358307,0.1677087714785153,1.1738612261612698,225.5935402324223
6.735661657006892,0.26432497551466205,-0.3315969488527046,0.5974607596861693,0.0,0.15864412269495531,-0.054390020823490204,0.0,-2.184918912462308e-13,-8.784084570834239e-13,0.0,271.87148606214333,-62.589675061121014,0.16770877147851193,9.051740849229148e-13,278.98310407244185
6.743747685406659,0.26432497551466205,-0.330314147971137,0.5970209604331266,0.0,0.15864412269495531,-0.054390020823504415,0.0,3.2285682099752666,-1.1278280392951223,0.0,414.4659008463672,-144.7843854937255,0.16770877147851654,3.4198901696813566,439.02676598037436
6.751833713806428,0.26432497551466205,-0.3290313470895692,0.5965811611800838,0.0,0.21085671116785676,-0.07262931993508204,0.0,6.70276608995804,-2.3414613058913063,0.0,30.37704765107128,-10.611541669203717,0.2230147321563252,7.099965795951246,32.17716333974612
6.759919742206196,0.26432497551466205,-0.32690416126156696,0.5958463949458247,0.0,0.2670416366157653,-0.092256266056296,0.0,3.719827549990624,-1.2994384939001353,0.0,-394.0118183142288,165.85826926108044,0.28252867874443566,3.940261082859701,427.4976940915189
6.768005770605964,0.26432497551466205,-0.32471273457437777,0.5950891876053082,0.0,0.2710139735907866,-0.09364391306593944,0.0,0.330784584491596,0.34080804527173925,0.0,-208.22115827707785,189.53839562521114,0.28673638823101755,0.4749405910840025,281.5685603373128
6.776091799005733,0.26432497551466205,-0.3225213078871886,0.5943319802647915,0.0,0.27239110370457453,-0.08674469899042236,0.0,0.3524631514683989,1.7657872058438384,0.0,7.338397117035779,118.1622456795873,0.28586982383654147,1.800620651182482,118.38989980691117
6.7841778274055,0.26432497551466205,-0.3203076101735791,0.5936863474061764,0.0,0.27671402769607667,-0.06508750207714087,0.0,0.4494615594858402,2.251734593962834,0.0,-10.531117413120818,-52.75930920392711,0.284265784171129,2.296154257689237,53.800084959454516
6.792263855805269,0.26432497551466205,-0.3180462729140593,0.5932793814842602,0.0,0.2796598215737873,-0.05032951923937645,0.0,0.1821533225007883,0.912560660693456,0.0,-110.0222517359218,-121.70365298205306,0.2841525581611915,0.9305626213981265,164.06302150764668
6.800349884205037,0.26432497551466205,-0.3157849356545395,0.5928724155623438,0.0,0.2796598215737838,-0.05032951923938356,0.0,-1.3298245448004131,0.2835362052259671,0.0,-319.81924712559254,9.35994282327583,0.2841525581611893,1.3597154480359366,319.956183502735
6.808435912604805,0.26432497551466205,-0.31352359839501975,0.5924654496404276,0.0,0.258153823501857,-0.045744155623737015,0.0,-4.989981707599361,1.0639301876718887,0.0,-288.1924849615585,61.446454632010564,0.26217536948072867,5.102143166005416,294.6702821377851
6.816521941004574,0.26432497551466205,-0.3116100573578499,0.5921326384793499,0.0,0.19896155396983772,-0.033123579813612025,0.0,-5.990489780798365,1.2772517596649973,0.0,164.45954417354673,-35.06495292968594,0.201699954134257,6.125139987903703,168.1561553846063
6.824607969404342,0.26432497551466205,-0.31030598084329547,0.5919297732262778,0.0,0.16127528250974166,-0.025088367619126473,0.0,-2.330332617998847,0.49685777721992674,0.0,370.42225704835283,-78.97893109682794,0.16321502056609072,2.382712269933843,378.74835983010337
6.8326939978041095,0.26432497551466205,-0.30900190432874114,0.5917269079732058,0.0,0.1612752825097452,-0.025088367619119367,0.0,0.0,4.3920422854171193e-13,0.0,227.62767069414275,-167.91086646143683,0.16321502056609313,4.3920422854171193e-13,282.857588799508
6.840780026203878,0.26432497551466205,-0.3076978278141867,0.5915240427201338,0.0,0.16127528250974166,-0.025088367619119367,0.0,1.3508750016127564,-2.2186062924538925,0.0,235.560335799721,-386.87194791059164,0.16321502056608964,2.597513647875266,452.94434082148865
6.848866054603646,0.26432497551466205,-0.30639375129963226,0.5913211774670617,0.0,0.18312170976490094,-0.06096779459649326,0.0,3.809495130271028,-6.256515115757054,0.0,136.9949587459919,-224.99333923954885,0.19300422939713216,7.325041606793451,263.4190984419671
6.8569520830034145,0.26432497551466205,-0.30473637312264046,0.5905380680829769,0.0,0.22288265413404318,-0.1262690854383024,0.0,3.5663652557031256,-5.857211354153307,0.0,-189.8304115978275,273.2030611728437,0.25616510193869274,6.857542269961509,332.67927167410534
6.865038111403183,0.26432497551466205,-0.30278928035734504,0.589279146645328,0.0,0.24079717124802613,-0.15569094930275185,0.0,0.73954693163153,-1.8382596926625245,0.0,-410.49009844387115,352.4004502293723,0.28674544351365594,1.9814460279687989,541.0066526784336
6.87312413980295,0.26432497551466205,-0.30084218759204984,0.5880202252076792,0.0,0.23484264911831332,-0.1559975256003412,0.0,-3.0721039319781003,-0.15817125686164601,0.0,-357.3546816576537,97.62448178033593,0.2819331442706521,3.0761730632999984,370.44960243671767
6.881210168202719,0.26432497551466205,-0.29899139169685024,0.5867563458007322,0.0,0.19111493196599483,-0.15824890385277257,0.0,-5.039613277715883,-0.2594710282858781,0.0,45.535110342184595,2.3444342358771157,0.2481282587513379,5.046288458208663,45.59542351773124
6.889296196602487,0.26432497551466205,-0.29775146605705616,0.5854610149461077,0.0,0.1533417369433927,-0.1601937058076146,0.0,-2.3357075411511197,-0.12025693323626285,0.0,295.66976215813736,36.75479581468795,0.22175597324354812,2.3388012843723174,297.9455038593953
6.897382225002255,0.26432497551466205,-0.2965115404172621,0.5841656840914833,0.0,0.1533417369433927,-0.1601937058076075,0.0,-0.258025090188978,0.33492961728462944,0.0,73.08442825512527,100.04443872481184,0.221755973243543,0.422794034609594,123.89601839099262
6.905468253402024,0.26432497551466205,-0.295271614777468,0.5828703532368588,0.0,0.14916894052915097,-0.1547772050130405,0.0,-1.1537820162475683,1.4976674122991636,0.0,-78.86836458399053,102.3751261810741,0.21495896354941366,1.8905609270476254,129.23190547517316
6.913554281801791,0.26432497551466205,-0.2940991718382981,0.581662618340739,0.0,0.1346827086423552,-0.13597334334909306,0.0,-1.5334887619278286,1.9905459727446795,0.0,31.90999059518269,-41.420781714573,0.1913849056450688,2.512739750266431,52.286983634848866
6.92164031020156,0.26432497551466205,-0.2930935183633885,0.5806713846049945,0.0,0.12436927316980473,-0.12258598247972685,0.0,-0.6377318358694799,0.8278081777297324,0.0,94.8233598815668,-123.08551703835867,0.1746282886857264,1.04497285782822,155.37539729258688
6.929726338601328,0.26432497551466205,-0.29208786488847893,0.5796801508692498,0.0,0.12436927316980118,-0.12258598247972685,0.0,-2.2026824808563106e-13,0.0,0.0,89.38590578178385,-86.76187945387169,0.17462828868572391,2.2026824808563106e-13,124.56911286028371
6.937812367001096,0.26432497551466205,-0.2910822114135694,0.5786889171335052,0.0,0.12436927316980118,-0.12258598247972685,0.0,0.807822109511565,-0.5753098648328372,0.0,138.08789783642362,-98.34260402630731,0.17462828868572391,0.9917449274837217,169.52738803968415
6.945898395400865,0.26432497551466205,-0.2900765579386598,0.5776976833977606,0.0,0.13743341820874377,-0.13188992629113727,0.0,2.2331653271390444,-1.590402178127789,0.0,76.36890171371385,-54.38794259918892,0.19048070006596754,2.7416065484546923,93.75637284543144
6.953984423800632,0.26432497551466205,-0.28885963036814327,0.5765559857542383,0.0,0.1604841496830467,-0.14830605683851417,0.0,2.042864325744091,-1.4548747617569404,0.0,-99.90344697952585,71.14863272671283,0.2185173878538711,2.507978314458714,122.64920161693514
6.9620704522004,0.26432497551466205,-0.28748119915456033,0.5752992694228529,0.0,0.17047073611842123,-0.15541824357448064,0.0,0.6175211081166019,-0.43978244846197967,0.0,-118.8323637657079,60.06210365693988,0.230683987976047,0.7581166934877306,133.14874003850926
6.970156480600169,0.26432497551466205,-0.28610276794097733,0.5740425530914676,0.0,0.17047073611842123,-0.15541824357448064,0.0,0.12110058930185552,-0.4835470099172472,0.0,-15.208292786936056,-64.54837775207065,0.230683987976047,0.49848075542508863,66.31579932351853
6.978242508999937,0.26432497551466205,-0.2847243367273944,0.5727858367600822,0.0,0.17242918172706823,-0.1632381932841085,0.0,0.37157173334228766,-1.4836624797864175,0.0,15.999270388683577,-63.884076880981,0.23744163589759543,1.5294835425544708,65.85705681174416
6.9863285373997055,0.26432497551466205,-0.2833142334201895,0.5714026557578232,0.0,0.176479815295135,-0.17941211746892805,0.0,0.37984169877879204,-1.5166839298224417,0.0,-14.976522875625337,59.80031061116502,0.25166214077864274,1.563524818834931,61.647168520832686
6.994414565799473,0.26432497551466205,-0.28187029513046985,0.5698843738058497,0.0,0.17857200325455125,-0.18776609194414107,0.0,0.12937055473815562,-0.5165684599528859,0.0,-109.97042044283234,225.2465387076579,0.25912171971936104,0.5325220317051252,250.65812688232103
7.002500594199241,0.26432497551466205,-0.28042635684075,0.5683660918538759,0.0,0.1785720032545477,-0.18776609194413396,0.0,-1.3986061868916675,2.126015888056825,0.0,-203.4473170223083,329.04130823114974,0.25912171971935344,2.5448070304606007,386.8578464061988
7.01058662259901,0.26432497551466205,-0.27898241855103023,0.5668478099019021,0.0,0.15595366455995574,-0.15338404224576863,0.0,-3.160791011859965,4.804706266155133,0.0,-44.96380919062736,68.34931349714472,0.2187423367922427,5.751156590172549,81.81303559007033
7.018672650998778,0.26432497551466205,-0.2779042653193905,0.5658855564105347,0.0,0.12745551147928325,-0.11006410930278321,0.0,-2.125763463046024,3.2313648681419904,0.0,172.96577723263954,-262.9246130420573,0.168401352616482,3.867892088965736,314.7165585681927
7.026758679398546,0.26432497551466205,-0.2769212007799733,0.5650678468746672,0.0,0.1215756970931956,-0.10112622605814892,0.0,-0.36357863807770574,0.5526744900427731,0.0,131.61764383222976,-201.94719294994388,0.15813653505898087,0.6615425292530169,241.05159802065108
7.034844707798314,0.26432497551466205,-0.2759381362405562,0.5642501373387996,0.0,0.12157569709319205,-0.10112622605815602,0.0,0.002764548830024083,-0.034536606751551346,0.0,46.72760955222692,-337.06833993641345,0.15813653505898267,0.034647076877348394,340.29183840044556
7.042930736198082,0.26432497551466205,-0.27495507170113903,0.563432427802932,0.0,0.12162040553389986,-0.1016847540241983,0.0,0.3921029177074429,-4.898413848734623,0.0,47.80762581273628,-597.2450746487714,0.15852858494035696,4.914082104681385,599.155445838613
7.0510167645978505,0.26432497551466205,-0.2739712841342793,0.5626056857210733,0.0,0.1279168077496209,-0.18034365304752953,0.0,0.7759121889245923,-9.693217877215023,0.0,-0.34189205050327587,4.27114586346778,0.22110301422500142,9.724222978731136,4.284807715780868
7.059102792997619,0.26432497551466205,-0.2728863938205967,0.5605159000024115,0.0,0.13416850152464121,-0.25844402410480427,0.0,0.3865738200473938,-4.829340635231516,0.0,-76.96813823174642,679.9713868675708,0.2911949525607412,4.844787950926683,684.3136570765404
7.067188821397387,0.26432497551466205,-0.27180150350691407,0.5584261142837496,0.0,0.13416850152464121,-0.25844402410480427,0.0,-0.46882091431380335,1.303318013267079,0.0,-140.421247740009,622.5399800873306,0.2911949525607412,1.3850743277544626,638.1803456892064
7.075274849797155,0.26432497551466205,-0.2707166131932316,0.556336328565088,0.0,0.1265867030695489,-0.2373666911663932,0.0,-1.8843265742656605,5.238411282722932,0.0,-117.07660409223791,325.4719283777184,0.2690114114109288,5.567013508645608,345.8885765498498
7.083360878196923,0.26432497551466205,-0.2697543361548074,0.5545874066718888,0.0,0.10369506513674054,-0.17372813930127506,0.0,-2.3621904055901393,6.5668685256457096,0.0,57.97913278752122,-161.18147857407757,0.20232185477302272,6.978804034028922,171.29229076090624
7.091446906596691,0.26432497551466205,-0.26903965071000857,0.5535267872286299,0.0,0.08838522565902451,-0.1311669203745609,0.0,-0.9466847456379863,2.6317752561896413,0.0,146.0661704859972,-406.0626676647485,0.1581667130446324,2.796864853137475,431.53472193029427
7.09953293499646,0.26432497551466205,-0.26832496526520977,0.552466167785371,0.0,0.08838522565902807,-0.1311669203745609,0.0,2.1938006966593093e-13,0.0,0.0,4.636708530061512,-247.91591505412794,0.15816671304463437,2.1938006966593093e-13,247.95927085535303
7.107618963396228,0.26432497551466205,-0.2676102798204109,0.5514055483421122,0.0,0.08838522565902807,-0.1311669203745609,0.0,-0.8716996319269352,-1.3775350035748328,0.0,-115.77169999442393,-182.95243375638617,0.15816671304463437,1.6301726701105834,216.50561086721
7.115704991795996,0.26432497551466205,-0.26689559437561217,0.5503449288988534,0.0,0.07428804969937275,-0.1534444946957194,0.0,-1.8722665080884107,-2.9587171503215686,0.0,-15.93702592464819,-25.185064051837912,0.1704814572924608,3.501341036362575,29.80396360583751
7.123791020195764,0.26432497551466205,-0.266408889261146,0.548924035258317,0.0,0.058106825346353475,-0.17901546218332243,0.0,-1.1294341203958291,-1.7848292899208005,0.0,107.80318703210813,170.3599017304316,0.18820982666306285,2.1121640623951277,201.6036290642656
7.131877048595532,0.26432497551466205,-0.2659558874956702,0.5474498806764294,0.0,0.05602277695299662,-0.18230885534979535,0.0,-0.12886724423407925,-0.20364714317353716,0.0,117.31239062255247,209.3606273937195,0.190722495465212,0.24099569614254313,239.98764404916807
7.139963076995301,0.26432497551466205,-0.2655028857301943,0.5459757260945417,0.0,0.056022776953000175,-0.18230885534978825,0.0,0.7677485240415267,1.6009626678770719,0.0,130.91544938904818,268.9700426107309,0.19072249546520625,1.7755335142159425,299.13832705080574
7.148049105395069,0.26432497551466205,-0.2650498839647185,0.5445015715126541,0.0,0.06843884969155667,-0.15641799615094953,0.0,1.9883048392224807,4.146151663301011,0.0,55.99878812598144,116.77257126316363,0.17073507450720823,4.598252901784467,129.50558934265806
7.1561351337948365,0.26432497551466205,-0.26439608876568754,0.5434461253763189,0.0,0.08817775574769726,-0.11525705515139606,0.0,1.6733641063202391,3.4894153229731497,0.0,-94.9475423637633,-197.99122495309902,0.14511893525957428,3.8699052609231592,219.58042025496556
7.164221162194605,0.26432497551466205,-0.26362386829031115,0.5426376278701985,0.0,0.0955005890652707,-0.09998697335065998,0.0,0.45280779113926783,0.9442263275496128,0.0,-108.94992427218696,-239.74181678960736,0.13826697852936287,1.0471858733549892,263.33671357502914
7.172307190594373,0.26432497551466205,-0.26285164781493475,0.5418291303640783,0.0,0.09550058906527426,-0.09998697335064577,0.0,-0.08858025731479113,-0.3877029553725029,0.0,-74.20371000585806,-260.6158837962622,0.13826697852935504,0.3976934040068147,270.9738538411784
7.1803932189941415,0.26432497551466205,-0.26207942733955836,0.5410206328579581,0.0,0.09406806411265833,-0.10625692756629235,0.0,-0.7472188218118188,-3.270468548064998,0.0,-70.49917202843095,-308.56466412974993,0.1419131260374864,3.354742984425516,316.5158530092919
7.18847924739391,0.26432497551466205,-0.26133037373908236,0.5401107372961319,0.0,0.08341652383725062,-0.15287717647105126,0.0,-1.2286968716788857,-5.377828230008785,0.0,10.954729928644362,47.94726609976021,0.1741543784544378,5.516405756826894,49.18278595454665
7.196565275793677,0.26432497551466205,-0.26073041057804247,0.5385482944767157,0.0,0.07419750851445528,-0.19322747116014227,0.0,-0.5700583071823324,-2.4950626373177656,0.0,10.690366396366457,521.0539501898214,0.2069833951811021,2.5593561764097372,521.1636047750317
7.204651304193446,0.26432497551466205,-0.26013044741700253,0.5369858516572994,0.0,0.07419750851445173,-0.19322747116014938,0.0,-1.055811659109124,3.048685848083805,0.0,-108.70401285591666,569.952395821019,0.20698339518110745,3.2263328501283355,580.2260731069389
7.212737332593214,0.26432497551466205,-0.25953048425596265,0.535423408837883,0.0,0.057122862393729434,-0.14392395046098727,0.0,-2.328025777425785,6.72223988093178,0.0,-26.762515354758165,77.27751547112726,0.1548454872585884,7.113944970067497,81.78047826653975
7.220823360992982,0.26432497551466205,-0.259206653241819,0.5346583053556306,0.0,0.036548543411136336,-0.08451502598560978,0.0,-1.4886165775247462,4.298422217609951,0.0,130.57234119276126,-377.0313060206193,0.09207923567680182,4.548891389748093,399.00092982870694
7.228909389392751,0.26432497551466205,-0.2589394191359774,0.5340566270372293,0.0,0.033048870549267306,-0.07440962220940861,0.0,-0.21640245920796364,0.6248681847628195,0.0,124.1672574025906,-271.59296589379323,0.0814187921915398,0.661279269809689,298.6306195517605
7.236995417792518,0.26432497551466205,-0.2586721850301358,0.533454948718828,0.0,0.03304887054926553,-0.0744096222094015,0.0,0.5194233618325921,-0.09379465317919156,0.0,180.00989109743873,-68.72765251727824,0.08141879219153259,0.527823896562553,192.68381123863907
7.245081446192287,0.26432497551466205,-0.25840495092429416,0.5328532704004268,0.0,0.04144901465983075,-0.07592647466811542,0.0,2.6947277240982306,-0.4865993154453294,0.0,204.78298103433963,-36.97859991375323,0.0865034702876066,2.7383090404144474,208.09489703712615
7.253167474592055,0.26432497551466205,-0.2580018692107722,0.5322270614579068,0.0,0.0766281603626684,-0.08227893397739905,0.0,3.8311853626983807,-0.6918146713517519,0.0,-64.23714290288115,11.599594824834256,0.11243530556290589,3.8931463911407,65.27603793449397
7.261253502991823,0.26432497551466205,-0.25716571596246507,0.531522650806739,0.0,0.1034071619549426,-0.08711454082796877,0.0,1.6558810004328803,-0.2990100090864978,0.0,-236.90155248576826,42.77839732610212,0.13521088849365484,1.6826612472890985,240.73291600434928
7.269339531391592,0.26432497551466205,-0.25632956271415797,0.5308182401555712,0.0,0.1034071619549426,-0.08711454082797587,0.0,1.1013412404281553e-13,-8.79296635503124e-13,0.0,-226.06401646979504,33.12380065562466,0.13521088849365942,8.861670827139721e-13,228.47784512361218
7.277425559791359,0.26432497551466205,-0.2554934094658509,0.5301138295044036,0.0,0.10340716195494437,-0.08711454082798298,0.0,-2.000039114247808,0.23666997653277289,0.0,-264.99920173779935,31.358064154774645,0.13521088849366536,2.013993330751912,266.8480936960312
7.285511588191127,0.26432497551466205,-0.2546572562175438,0.5294094188532357,0.0,0.07106241579803019,-0.08328710052474264,0.0,-4.2855821423352625,0.5071243946336281,0.0,-35.308299665087205,4.178125514420909,0.10948336884143965,4.31548252809989,35.554644676242404
7.293597616590896,0.26432497551466205,-0.25434418404125286,0.5287669057840486,0.0,0.034100484130018316,-0.07891329631353727,0.0,-2.571046941926661,0.30423885966758135,0.0,248.7461402591241,-32.71840811721174,0.08596598951311947,2.5889850639434493,250.88869349481706
7.301683644990664,0.26432497551466205,-0.25410578125130145,0.5281332285430145,0.0,0.029483298618917075,-0.07836693240557224,0.0,-0.26284543339918387,-0.021999559828342896,0.0,176.34670901534244,-61.566528720006716,0.08372957059552955,0.26376448299846145,186.784900993558
7.3097696733904325,0.26432497551466205,-0.25386737846135005,0.5274995513019803,0.0,0.029849732851587873,-0.07926907444464604,0.0,0.2808420526808286,-0.6914185397426751,0.0,46.78156321227726,-73.79924089211188,0.0847029675667978,0.7462786715791055,87.37758644432937
7.3178557017902,0.26432497551466205,-0.2536230496761746,0.526851284568649,0.0,0.034025092246569244,-0.08954859230254186,0.0,0.49370866404087566,-1.2154850752982185,0.0,-2.802176707775107,6.898813439404812,0.09579487087393775,1.3119269084906149,7.446195080261448
7.325941730189968,0.26432497551466205,-0.2533171227369291,0.5260513663809452,0.0,0.037834017408879816,-0.09892596812135679,0.0,0.23552509180030157,-0.579850536951092,0.0,-31.274884455154815,75.96984603347694,0.10591392751684323,0.6258583818005558,82.15555917911749
7.334027758589737,0.26432497551466205,-0.25301119579768355,0.5252514481932413,0.0,0.037834017408879816,-0.09892596812135679,0.0,-0.012070543766835584,0.013103589807228921,0.0,-101.5619823162055,130.29902959991472,0.10591392751684323,0.0178157821232526,165.20494352977664
7.342113786989505,0.26432497551466205,-0.252705268858438,0.5244515300055375,0.0,0.03763881188948126,-0.09871405612271644,0.0,-1.406941054890916,1.527352770663243,0.0,-171.01102036652014,185.64683634945817,0.10564632050691859,2.0766053110762885,252.40744230977197
7.350199815389273,0.26432497551466205,-0.2524024987939398,0.5236550388707121,0.0,0.015080886755583833,-0.07422553236126106,0.0,-2.7776704784809274,3.015394771904962,0.0,1.4927654431060802,-1.6205223577827468,0.07574208077183618,4.099763275782669,2.2032796872402387
7.358285843789041,0.26432497551466205,-0.2524613799012393,0.5232511504802153,0.0,-0.0072818328589061565,-0.04994892059844602,0.0,-1.3827999673569238,1.5011455910485925,0.0,171.75740308804976,-186.4570975283437,0.0504769230315687,2.040973746829424,253.50908215337193
7.366371872188809,0.26432497551466205,-0.25252026100853875,0.5228472620897185,0.0,-0.0072818328589061565,-0.04994892059845313,0.0,-2.1971313657331848e-13,0.0,0.0,182.02049085133922,-159.19397814315994,0.05047692303157573,2.1971313657331848e-13,241.81435393046326
7.3744579005885775,0.26432497551466205,-0.25257914211583826,0.5224433736992217,0.0,-0.007281832858909709,-0.04994892059844602,0.0,1.5608457493704853,-1.073348465626795,0.0,231.26546256562557,-159.03456795617578,0.05047692303156921,1.894285190247579,280.67010524938394
7.382543928988346,0.26432497551466205,-0.2526380232231378,0.5220394853087249,0.0,0.017960253255228764,-0.06730717295026523,0.0,3.7400381963822067,-2.571916066077055,0.0,76.47100245883641,-52.58689603847883,0.0696622295620006,4.539012884024801,92.80730494967055
7.390629957388114,0.26432497551466205,-0.25228868788006065,0.5213548782752537,0.0,0.05320227728542015,-0.09154209330268515,0.0,2.7975391446522986,-1.9237867352724063,0.0,-194.9617443736056,134.51015972524524,0.10587935188029933,3.3951701973055752,236.86085543734347
7.398715985787883,0.26432497551466205,-0.25177763297301325,0.5205590613762854,0.0,0.06320221520147307,-0.09841876130328586,0.0,0.5871057926355014,-0.396610122885634,0.0,-246.86880037591376,186.61600816075128,0.11696483481306025,0.7085145032541805,309.4668626862921
7.40680201418765,0.26432497551466205,-0.2512665780659659,0.519763244477317,0.0,0.06269698551125913,-0.0979560947372633,0.0,-1.194837117060295,1.0941779484059069,0.0,-178.27400357778026,154.53439317367022,0.116302658990991,1.6201423144534914,235.9290126822153
7.414888042587418,0.26432497551466205,-0.2507636937621655,0.5189749098483336,0.0,0.043879241478178344,-0.08072365337286413,0.0,-2.2959515191049378,2.102528861000708,0.0,3.8635660748015823,-3.5380795766110253,0.09187870289987014,3.1132010840003903,5.23881187911818
7.422974070987187,0.26432497551466205,-0.2505569604804602,0.5184577769699049,0.0,0.025566727135311496,-0.06395387857449464,0.0,-1.1323553070498407,1.0369599245316725,0.0,115.46368559850775,-121.09395632905044,0.06887493100637326,1.5354199511823048,167.3188840251244
7.431060099386955,0.26432497551466205,-0.250350227198755,0.5179406440914762,0.0,0.025566727135311496,-0.06395387857449464,0.0,-0.42866623732202225,0.14419052116668674,0.0,-43.13901550940297,-26.057410859659832,0.06887493100637326,0.452267232302033,50.39804877006279
7.4391461277867235,0.26432497551466205,-0.2501434939170497,0.5174235112130475,0.0,0.01863431239729607,-0.061622021276232175,0.0,-1.8300019161440002,0.6155579960603892,0.0,-120.29013421814886,40.462008980413685,0.06437787744783477,1.9307559813722173,126.91292511384073
7.447232156186491,0.26432497551466205,-0.2500488720402456,0.5169440892632947,0.0,-0.004028167795826931,-0.05399903969879816,0.0,-2.3740051203218067,0.7985444286212968,0.0,53.01319957449915,-17.832057227342244,0.0541490759310232,2.5047102658384004,55.931937156555605
7.455318184586259,0.26432497551466205,-0.25020863767544194,0.5165502356759182,0.0,-0.019758233250936286,-0.048707915419615944,0.0,-0.9726694414998583,0.3271769537271654,0.0,146.79673400538618,-49.378037594118055,0.052562808198600514,1.026221516768107,154.87889369211752
7.463404212986028,0.26432497551466205,-0.25036840331063825,0.5161563820885416,0.0,-0.019758233250936286,-0.04870791541962305,0.0,-2.1960211427085596e-13,-4.3920422854171193e-13,0.0,28.62438907539928,-67.03560741497745,0.0525628081986071,4.910452555123106e-13,72.8912087390161
7.471490241385796,0.26432497551466205,-0.2505281689458346,0.515762528501165,0.0,-0.01975823325093984,-0.04870791541962305,0.0,-0.5097541955204632,-0.7569266969792938,0.0,-167.30650516550625,-248.4310309773746,0.05256280819860843,0.9125718407066362,299.51534822639195
7.479576269785564,0.26432497551466205,-0.25068793458103095,0.5153686749137885,0.0,-0.028002007054695355,-0.060948976956257894,0.0,-2.705690304468768,-4.017640743734004,0.0,-208.53029819638323,-309.6436502556155,0.06707376678781105,4.843779223850714,373.31498149618164
7.487662298185332,0.26432497551466205,-0.2509810189944241,0.5147768581839548,0.0,-0.06351481053675911,-0.11368142972741424,0.0,-3.882118022376626,-5.764501396528877,0.0,80.92335209251166,103.27882161930472,0.13022134472654406,6.949842925580749,131.20634096323536
7.4957483265851,0.26432497551466205,-0.25171509970464323,0.5135302123751843,0.0,-0.09078384021507091,-0.15417282096192508,0.0,-1.3969932580194317,-2.3474097743169136,0.0,526.5556506603856,511.37447696742635,0.17891608191426878,2.73165202972676,734.0059324937987
7.5038343549848685,0.26432497551466205,-0.2524491804148623,0.5122835665664137,0.0,-0.0861070648540192,-0.151643873929455,0.0,4.633369868220136,2.505475690821716,0.0,605.7465138580491,425.9958096230321,0.17438546704959879,5.267402089553144,740.5411999798271
7.511920383384637,0.26432497551466205,-0.25310762804830383,0.5110778190326953,0.0,-0.015852719532952975,-0.11365412578009781,0.0,8.399173770214286,4.541818655271387,0.0,-35.76399205040036,-19.339231539401823,0.1147543856391936,9.548520132440778,40.65795130003102
7.520006411784405,0.26432497551466205,-0.25270555149557633,0.5104455455887963,0.0,0.04972485042706509,-0.07819332466321072,0.0,4.0549925574028824,2.1927205399071177,0.0,-519.3633607850743,-280.84360026493806,0.09266475474461837,4.609879391776246,590.4332547678354
7.528092440184173,0.26432497551466205,-0.2523034749428489,0.5098132721448974,0.0,0.049724850427068645,-0.07819332466320716,0.0,2.19824158875781e-13,6.590283874174929e-13,0.0,-294.06546847336807,-123.21531976404964,0.09266475474461729,6.947237409557455e-13,318.8361879916055
7.536178468583941,0.26432497551466205,-0.2519013983901214,0.5091809987009984,0.0,0.049724850427068645,-0.07819332466320006,0.0,-0.7006509015301661,0.20007539011020192,0.0,-145.58448384049217,41.572589622975805,0.09266475474461128,0.7286575653506824,151.4038379403339
7.544264496983709,0.26432497551466205,-0.2514993218373939,0.5085487252570995,0.0,0.0383938842508762,-0.07495769409015551,0.0,-2.3544005417994534,0.672314280687254,0.0,-117.86982330737612,33.65848931170282,0.08421844365210636,2.4485114668388994,122.58135726633998
7.552350525383478,0.26432497551466205,-0.2512804903132614,0.5079687786146101,0.0,0.011649351136227892,-0.06732061992878613,0.0,-2.606848379008408,0.744402391045659,0.0,86.64957218678018,-24.743344967125356,0.06832110398325843,2.711050237626234,90.11315930714113
7.560436553783246,0.26432497551466205,-0.25131092786914105,0.5074600123678311,0.0,-0.003764215802227966,-0.06291917634045419,0.0,-0.9530987387392882,0.272163500468372,0.0,183.3298637976187,-76.97236622072228,0.06303167514803104,0.9911963361381132,198.83305590789075
7.5685225821830135,0.26432497551466205,-0.2513413654250207,0.5069512461210522,0.0,-0.0037642158022315186,-0.06291917634045063,0.0,0.3579725913778846,-0.5003990874705009,0.0,112.58128713711966,-91.81989473519465,0.0630316751480277,0.6152589884911134,145.27711203982824
7.576608610582782,0.26432497551466205,-0.25137180298090045,0.5064424798742734,0.0,0.002024937278212846,-0.0710116588054639,0.0,0.8675722314069741,-1.212753052516589,0.0,18.751733379396114,-26.212482456882015,0.07104052404989925,1.4911242547476655,32.229206339658845
7.58469463898255,0.26432497551466205,-0.25130861802434196,0.505802841541421,0.0,0.01026621160178287,-0.08253188758956043,0.0,0.6612266886792469,-0.9243088426200563,0.0,-44.27050879371559,61.884408850891816,0.08316794797124923,1.1364715440200648,76.08914513699564
7.592780667382319,0.26432497551466205,-0.25120577722376036,0.505107769500402,0.0,0.012718332844903202,-0.08595963390862948,0.0,0.15162704865061638,-0.2119548775742146,0.0,-92.37633934999573,58.12497015706136,0.08689542365429463,0.26060627776398,109.14165211991636
7.600866695782087,0.26432497551466205,-0.25110293642317877,0.5044126974593832,0.0,0.012718332844906755,-0.08595963390862948,0.0,-0.8326887182221616,0.01569147623131606,0.0,-147.82196610077594,15.715167746402756,0.08689542365429516,0.8328365529206703,148.6549701799322
7.608952724181854,0.26432497551466205,-0.2510000956225971,0.5037176254183644,0.0,-0.0007479564025167917,-0.08570587046374811,0.0,-2.2389581833501437,0.04219170783486614,0.0,-70.93479252706025,1.33671993689128,0.08570913411491704,2.2393556856829595,70.9473862171593
7.617038752581623,0.26432497551466205,-0.2511150324166039,0.5030266572541898,0.0,-0.023490226068018316,-0.0852773072130546,0.0,-1.979850212032886,0.037308986975790326,0.0,102.97870314756788,-1.9405665495243056,0.08845343320774102,1.9802017126029923,102.99698588059769
7.625124780981391,0.26432497551466205,-0.25137998089280306,0.5023385159624033,0.0,-0.03276620648608741,-0.08510250740724246,0.0,-0.5735807469050465,0.010808755372678114,0.0,113.62298576061966,2.9249461861665336,0.09119243967834545,0.5736825798408536,113.66062732252513
7.6332108093811595,0.26432497551466205,-0.25164492936900223,0.5016503746706169,0.0,-0.03276620648608741,-0.08510250740723535,0.0,-0.1423328325791946,0.08461138283406378,0.0,-40.24327498993655,44.33871586871447,0.09119243967833882,0.16558297417038245,59.87856800894829
7.641296837780928,0.26432497551466205,-0.2519098778452014,0.5009622333788305,0.0,-0.035068021138997096,-0.08373416731816263,0.0,-1.2243972758416755,0.727856986820048,0.0,-116.21670914614228,69.08635408314427,0.09078092796987262,1.424403202169693,135.20076850839502
7.649382866180695,0.26432497551466205,-0.2522120513987094,0.5002962209606857,0.0,-0.05256722877619424,-0.07333156287444353,0.0,-2.0217960539457724,1.2018798251395348,0.0,17.602316680355962,-10.463898795598155,0.09022655736986317,2.3520574818290765,20.47766418613359
7.657468894580464,0.26432497551466205,-0.25275999805476423,0.49977631117882626,0.0,-0.06776462176048526,-0.06429729851979005,0.0,-0.9397316106833355,0.5586342211529174,0.0,132.93936446351526,-81.01346449594708,0.09341405975164888,1.09323725382948,155.6793372724827
7.665554922980232,0.26432497551466205,-0.2533079447108191,0.49925640139696686,0.0,-0.06776462176048526,-0.0642972985197936,0.0,0.12810689905250783,-0.10827452421617156,0.0,166.38089755872926,-126.05392442613834,0.09341405975165132,0.16773416521116905,208.73953850595473
7.67364095138,0.26432497551466205,-0.2538558913668739,0.4987364916151074,0.0,-0.06569286971259558,-0.06604832027535679,0.0,1.7509897149943323,-1.479917004471099,0.0,184.85909806254972,-156.2408507092734,0.09315542787337817,2.2926228041565504,242.04150381051764
7.681726979779769,0.26432497551466205,-0.25437033353113575,0.4981882642099598,0.0,-0.039447516634192326,-0.08823060037470043,0.0,3.1176587328311873,-2.6350104362944755,0.0,-15.842993954410389,13.390322029921904,0.09664753184166147,4.08204311268014,20.743702213069295
7.689813008179536,0.26432497551466205,-0.25449383884648275,0.49730962133439066,0.0,-0.015273915603680521,-0.10866185871848089,0.0,1.4947759168892334,-1.2633679560394038,0.0,-192.7805950397532,162.9360117242551,0.10973008720502986,1.957154473734567,252.4133549170644
7.6978990365793045,0.26432497551466205,-0.2546173441618298,0.4964309784588214,0.0,-0.015273915603684074,-0.10866185871848089,0.0,0.0,0.0,0.0,-270.066714888434,184.7064423374957,0.10973008720503034,0.0,327.18878393307637
7.705985064979073,0.26432497551466205,-0.25474084947717685,0.4955523355832521,0.0,-0.015273915603680521,-0.10866185871848089,0.0,-2.872758335950806,1.723715120682928,0.0,-370.1751573391921,222.1128411748208,0.10973008720502986,3.3502140639137976,431.6986927543872
7.714071093378841,0.26432497551466205,-0.25486435479252384,0.49467369270768285,0.0,-0.061732326584023056,-0.0807858398805763,0.0,-5.986493670266851,3.592021483385677,0.0,-29.80165124965214,17.88161441824937,0.10167217943314973,6.9814557795096945,34.75471984362465
7.72215712177861,0.26432497551466205,-0.2557391881690612,0.49424586239210516,0.0,-0.112087831269303,-0.05057148326401162,0.0,-3.354712332680164,2.012897604722271,0.0,373.0421983683469,-228.13760088909328,0.12296811309513514,3.9122693672768807,437.272508514908
7.730243150178377,0.26432497551466205,-0.2566770455663478,0.4938558478079005,0.0,-0.11598492497423507,-0.04823314548535507,0.0,0.04636595036967783,-0.09743275630251391,0.0,298.2644890364299,-200.96852473269976,0.12561424737938912,0.10790247149342082,359.6526843406015
7.738329178578145,0.26432497551466205,-0.25761490296363443,0.49346583322369575,0.0,-0.11133799848635917,-0.052147171333071896,0.0,1.4688379253012913,-1.2371767921737615,0.0,125.4807028682188,-102.08032617878538,0.12294501773146105,1.9204403833227317,161.75846124722327
7.746415206977914,0.26432497551466205,-0.2584776100018159,0.4930125207911669,0.0,-0.09223079461694894,-0.06824083883945775,0.0,2.0756470044003006,-1.7482815893810648,0.0,-35.535733307864184,29.931133846744416,0.11473156305562417,2.713816317042243,46.46139381335193
7.754501235377682,0.26432497551466205,-0.25910646461284614,0.492362238501936,0.0,-0.07777051723540929,-0.08042048049812678,0.0,0.8941520278333233,-0.7531287955296753,0.0,-97.37111997437239,140.1539146138844,0.11187362081658339,1.1690640835875608,170.65829832346162
7.7625872637774505,0.26432497551466205,-0.2597353192238763,0.49171195621270514,0.0,-0.07777051723540751,-0.08042048049813033,0.0,0.5009557215402474,0.5182954784320914,0.0,100.70615694022223,207.96540286478339,0.11187362081658471,0.7208237217982358,231.06565914125
7.770673292177218,0.26432497551466205,-0.26036417383490645,0.4910616739234743,0.0,-0.06966903285260884,-0.07203857658198132,0.0,2.5227777179333,2.6100995119378605,0.0,188.08569543196387,194.59597187646847,0.10021641908677378,3.63001747603493,270.63595676974035
7.778759320576986,0.26432497551466205,-0.2608620107803374,0.49054694426046364,0.0,-0.036972012688384126,-0.038209802938627746,0.0,3.5426882712460515,3.6653125885791003,0.0,-61.95324784595269,-64.09765744171386,0.05316877620219223,5.097563786675039,89.14434703433156
7.786845348976755,0.26432497551466205,-0.2609620873240962,0.4904437428200517,0.0,-0.012376476906965195,-0.012762933211423189,0.0,1.5208662748527781,1.5735085550732175,0.0,-219.06231935490865,-226.64480059730704,0.01777834763941497,2.188370032438109,315.20813028687104
7.794931377376523,0.26432497551466205,-0.26106216386785497,0.4903405413796398,0.0,-0.012376476906965195,-0.012762933211426741,0.0,2.1971313657331848e-13,-2.1971313657331848e-13,0.0,-134.1913374991118,-97.71447482472209,0.01777834763941752,3.107212975735191e-13,165.99829411795704
7.803017405776291,0.26432497551466205,-0.2611622404116138,0.4902373399392278,0.0,-0.012376476906961642,-0.012762933211426741,0.0,-0.6492836571886578,-0.006735481929087572,0.0,-114.45129978144145,-1.1872848682831891,0.017778347639415045,0.6493185922250305,114.45745789165437
7.811103434176059,0.26432497551466205,-0.26126231695537255,0.4901341384988159,0.0,-0.022876729090029357,-0.01287185980775618,0.0,-1.850912920845892,-0.01920083832732422,0.0,-68.30864043021072,-0.7086141905629733,0.026249371588080436,1.8510125101540356,68.31231581124216
7.819189462575827,0.26432497551466205,-0.2615322041738454,0.49002917549130115,0.0,-0.042309545793877135,-0.013073450259454944,0.0,-1.7539748701249516,-0.018195230867827594,0.0,80.29697956633584,0.8329777729880433,0.044283323802201534,1.7540692436321246,80.30129998603289
7.8272754909755955,0.26432497551466205,-0.26194654933311373,0.48992271391865405,0.0,-0.05124211031465009,-0.013166114114831373,0.0,-0.5523456064678709,-0.005729874469809992,0.0,92.74567173807348,-31.819015763651414,0.052906525404561686,0.5523753257032757,98.05207489040698
7.835361519375364,0.26432497551466205,-0.26236089449238204,0.4898162523460069,0.0,-0.05124211031465009,-0.013166114114834926,0.0,-0.2540865988656411,-0.5327741611029521,0.0,-29.309918631823862,-132.7188528535069,0.052906525404562574,0.5902612188362569,135.91675846986254
7.843447547775132,0.26432497551466205,-0.2627752396516504,0.48970979077335974,0.0,-0.055351213223506335,-0.021782168109513833,0.0,-1.0263472753715255,-2.1520667011860777,0.0,-64.0826437927345,-134.36984453474054,0.05948293581242593,2.3842776298108572,148.8685337999835
7.8515335761749,0.26432497551466205,-0.2632560374565558,0.4894639898861228,0.0,-0.06784025674800631,-0.04796945904280392,0.0,-1.2904347541462204,-2.7058109190636905,0.0,31.42291695054316,65.88823768143385,0.08308651777812485,2.9977716031133377,72.99766828088313
7.859619604574668,0.26432497551466205,-0.26387235613707427,0.48893402595707647,0.0,-0.0762201973636536,-0.0655406959814151,0.0,-0.5181740776401309,-1.086518378980375,0.0,93.15497431666827,174.85700213911497,0.10052413300239195,1.2037551921384773,198.1232455746109
7.867705632974436,0.26432497551466205,-0.2644886748175927,0.48840406202803016,0.0,-0.07622019736365004,-0.0655406959814151,0.0,0.21607278166232202,0.12198645132678765,0.0,181.98277859823833,151.83614982641862,0.10052413300238926,0.24812928340402754,237.00621953958523
7.875791661374205,0.26432497551466205,-0.2651049934981111,0.48787409809898385,0.0,-0.07272585606577664,-0.06356792416178436,0.0,2.424861754388092,1.3689844602354322,0.0,246.43942520916306,139.13030006351997,0.09659156859031967,2.7846136141770534,283.0011142967246
7.883877689773973,0.26432497551466205,-0.26566480149268334,0.4873760379478571,0.0,-0.0370051953406616,-0.043401401532804584,0.0,4.201505163790085,2.3720095664906182,0.0,-26.72174409729361,-15.08607752730991,0.05703565671763809,4.824839378142837,30.686175108039304
7.8919637181737405,0.26432497551466205,-0.26570344361903825,0.4871722081682158,0.0,-0.0047788759134199665,-0.025207650723455544,0.0,1.9927161910644362,1.1250115575818225,0.0,-266.6264205898646,-135.6679567143562,0.025656642609499677,2.2883550473698424,299.15788914152307
7.900049746573509,0.26432497551466205,-0.26574208574539315,0.48696837838857454,0.0,-0.004778875913416414,-0.025207650723459096,0.0,-0.11039245424612004,0.17797966462911607,0.0,-166.27145244885176,-0.15520465543569628,0.025656642609502504,0.20943556282535766,166.27152488606052
7.908135774973277,0.26432497551466205,-0.265780727871748,0.4867645486089332,0.0,-0.006564148953728477,-0.022329353477910985,0.0,-0.6962351820798609,1.122501579078564,0.0,-58.79898636032518,94.79836230130633,0.023274193395867233,1.3208910718903533,111.5529035570632
7.916221803373046,0.26432497551466205,-0.26584824153511344,0.48660726681583283,0.0,-0.016038430823847705,-0.007054491429030918,0.0,-1.0612930014204829,1.711064164268901,0.0,13.652246664102108,-22.010764225668005,0.017521333071819016,2.013475455303424,25.900918531500647
7.924307831772814,0.26432497551466205,-0.26604010228600666,0.48665046297285103,0.0,-0.023727439653651317,0.005342073374297485,0.0,-0.4754502735867161,0.7665422498198503,0.0,65.62510969233752,-105.80374441413005,0.024321372092339755,0.9020199462387519,124.50336282278438
7.932393860172581,0.26432497551466205,-0.26623196303689983,0.4866936591298692,0.0,-0.023727439653647764,0.005342073374301037,0.0,-2.19824158875781e-13,0.0,0.0,-18.95092466147122,-108.80144857601985,0.02432137209233707,2.19824158875781e-13,110.43954345145153
7.94047988857235,0.26432497551466205,-0.26642382378779306,0.4867368552868875,0.0,-0.02372743965365487,0.005342073374297485,0.0,-0.7819257036158909,-0.993000956423343,0.0,-123.65746478584431,-157.03791323582524,0.02432137209234322,1.2639061299926035,199.88015106739564
7.948565916972118,0.26432497551466205,-0.2666156845386863,0.4867800514439057,0.0,-0.03637278654554166,-0.010716794494971538,0.0,-1.9997955442036042,-2.539626052530483,0.0,-53.913258205360734,-68.46675677021821,0.03791871945800634,3.232473156162036,87.14548865518007
7.9566519453718865,0.26432497551466205,-0.267012046557765,0.4865635426776058,0.0,-0.05606824678197597,-0.035728903396808676,0.0,-1.653813977561073,-2.1002492357913765,0.0,117.69204834285426,183.99549978835412,0.06648460600126202,2.6732279223475572,218.4164878975554
7.964737973771655,0.26432497551466205,-0.26752242341029486,0.48620224158878733,0.0,-0.06311836012652705,-0.04468214442937324,0.0,-0.09647305354914515,0.4359596209059238,0.0,167.54281694302944,320.16263354950524,0.07733318444154055,0.446506261010451,361.3512244763538
7.972824002171422,0.26432497551466205,-0.2680328002628247,0.4858409404999689,0.0,-0.05762841448359879,-0.028678539645216716,0.0,1.0556979743958754,3.077439059060183,0.0,73.5500602560226,170.0567373424214,0.0643699680913058,3.2534795796766236,185.28061225938848
7.980910030571191,0.26432497551466205,-0.2684543934025908,0.48573845061671717,0.0,-0.04604555252144138,0.005086374830860052,0.0,1.0929826985204119,3.1861268363510282,0.0,-41.9824253193989,-122.38192987526863,0.04632563130627389,3.3683846865495,129.3826139622093
7.988996058970959,0.26432497551466205,-0.2687774515535675,0.4859231976426373,0.0,-0.039952636202215785,0.0228476845227803,0.0,0.37675580754824844,1.0982715378804209,0.0,-67.58464381300735,-197.0143238949509,0.046024230874172116,1.1610965978072443,208.28424784201923
7.997082087370727,0.26432497551466205,-0.26910050970454424,0.48610794466855745,0.0,-0.039952636202215785,0.022847684522776746,0.0,0.0,-4.3942627314663696e-13,0.0,-38.48288059802319,-68.72195580623674,0.04602423087417035,4.3942627314663696e-13,78.76318498483963
8.005168115770495,0.26432497551466205,-0.26942356785552096,0.48629269169447753,0.0,-0.039952636202215785,0.022847684522773193,0.0,-0.2455915232927519,-0.013103834793348978,0.0,-42.870427304208135,-2.2874038540544013,0.046024230874168584,0.24594086037002003,42.93140754316049
8.013254144170263,0.26432497551466205,-0.2697466260064977,0.48647743872039767,0.0,-0.04392435626639113,0.022635768562206948,0.0,-0.6933029853840473,-0.03699202505168553,0.0,-24.99619452288637,-1.3337023977698523,0.049413835024400304,0.6942891612720575,25.031749893121567
8.021340172570032,0.26432497551466205,-0.27013391503994416,0.48665875862936675,0.0,-0.05116477146113496,0.02224944739250745,0.0,-0.6498314008891386,-0.03467254572376133,0.0,31.39444998659286,2.186030087723252,0.0557931155963003,0.6507557414333789,31.470465797396642
8.0294262009698,0.26432497551466205,-0.27057406559670244,0.4868372580473876,0.0,-0.05443346659169279,0.022075042183377747,0.0,-0.1855901570106533,-0.0016394223075288927,0.0,143.47607760805602,59.29017457293633,0.058739337522539715,0.18559739783935916,155.2440325638386
8.037512229369568,0.26432497551466205,-0.2710142161534607,0.4870157574654085,0.0,-0.05416614602174619,0.022222934561831664,0.0,1.6704718755630796,0.924171525124212,0.0,214.99705361378702,112.6973331638876,0.058547674551501894,1.9090755079089055,242.74353125235262
8.045598257769337,0.26432497551466205,-0.27145004358677816,0.48719664860737394,0.0,-0.027418500538058055,0.037020796580200965,0.0,3.2913544057645483,1.8209082507751733,0.0,-2.044239887616172,-1.130954865080426,0.046068574442759885,3.7614785234116126,2.3362310726831077
8.053684286169105,0.26432497551466205,-0.2714576297015203,0.4876144598904676,0.0,-0.0009381756243165285,0.051670766220112796,0.0,1.6374123119886723,0.9058816588084189,1.3584063158578161e-11,-203.5210762961863,-112.59595939751574,0.051679282650551675,1.8712938463046316,232.59122633797926
8.061770314568873,0.26432497551466205,-0.27146521581626254,0.4880322711735612,0.0,-0.0009381756243165285,0.05167076622010924,2.1968224096902e-13,-2.1967844210379894e-13,2.19824158875781e-13,-5.968354872283621e-24,-101.24947817619527,-56.01524098246397,0.05167928265054812,3.8058056406990535e-13,115.71155540081273
8.069856342968642,0.26432497551466205,-0.2714728019310047,0.4884500824566548,3.552713678800501e-15,-0.0009381756243200812,0.05167076622011635,-9.652057399436236e-26,-2.0961010704922955e-13,2.753353101070388e-13,-4.075218947574791e-11,1.483080280330836e-11,-3.3915870651129305e-11,0.05167928265055529,3.460432486972238e-13,5.5054336258663696e-11
8.077942371368408,0.26432497551466205,-0.2714803880457469,0.4888678937397483,0.0,-0.0009381756243199181,0.05167076622011369,-4.3936448193813654e-13,2.016614321395744e-14,-3.2866522769981697e-13,-5.433625263432458e-11,2.841645352987136e-11,-7.469681133253153e-11,0.05167928265055263,5.490616114971666e-13,9.664127898990313e-11
