t,mode,scenario,e_left,e_right,step_left,step_right,coord_state,plan_active,d_self_model,d_env_model,n_constraints,qp_ok,n_obstacle_pts,n_arm_arm,n_arm_env,n_arm_torso,pen,d_arms,d_obst,d_belt
0.05,full,shared,0.2271549292734434,0.22715492859616165,0,0,free,0,0.05676101943747254,0.16504642260436408,5,1,752,0,0,0,0.0,0.25,nan,0.22430129255519893
0.1,full,shared,0.19873955424583492,0.19873955157529288,0,0,free,0,0.052290460093895,0.15666091829243378,5,1,752,0,0,0,0.0,0.2403994846513157,nan,0.23531351018541347
0.15000000000000002,full,shared,0.1740541488414919,0.17405414164611963,0,0,free,0,0.05026879173058847,0.15180094649736606,6,1,752,0,0,0,0.0,0.20241709808180364,nan,0.24478697211171851
0.2,full,shared,0.15255728129317686,0.15255726825037982,0,0,free,0,0.050359247381471225,0.14881609184422492,6,1,822,0,0,0,0.0,0.16918941487984637,nan,0.2529838424545635
0.25,full,shared,0.13380337772298745,0.13380335849145883,0,0,free,0,0.0519756240500137,0.14772407463848283,10,1,822,0,0,0,0.0,0.15021814105578069,nan,0.2589013434870472
0.30000000000000004,full,shared,0.12206364442002345,0.12206361171511791,0,0,free,0,0.06468946507700767,0.14958414339202683,10,0,822,0,0,0,0.0,0.15021814105578069,nan,0.2589013434870472
0.35000000000000003,full,shared,0.12206364442002345,0.12206361171511791,0,0,free,0,0.06468946507700767,0.14958414339202683,10,0,825,0,0,0,0.0,0.15021814105578069,nan,0.2589013434870472
0.4,full,shared,0.12206364442002345,0.12206361171511791,0,0,free,0,0.06468946507700767,0.14958414339202683,10,0,825,0,0,0,0.0,0.15021814105578069,nan,0.2589013434870472
0.45,full,shared,0.12206364442002345,0.12206361171511791,0,0,free,0,0.06468946507700767,0.14958414339202683,10,0,825,0,0,0,0.0,0.15021814105578069,nan,0.2589013434870472
0.5,full,shared,0.12206364442002345,0.12206361171511791,0,0,free,0,0.06468946507700767,0.14958414339202683,10,0,825,0,0,0,0.0,0.15021814105578069,nan,0.2589013434870472
0.55,full,shared,0.12206364442002345,0.12206361171511791,0,0,free,0,0.06468946507700767,0.14958414339202683,10,0,825,0,0,0,0.0,0.15021814105578069,nan,0.2589013434870472
0.6000000000000001,full,shared,0.12206364442002345,0.12206361171511791,0,0,free,0,0.06468946507700767,0.14958414339202683,10,0,825,0,0,0,0.0,0.15021814105578069,nan,0.2589013434870472
0.65,full,shared,0.12206364442002345,0.12206361171511791,0,0,free,0,0.06468946507700767,0.14958414339202683,10,0,825,0,0,0,0.0,0.15021814105578069,nan,0.2589013434870472
0.7000000000000001,full,shared,0.12206364442002345,0.12206361171511791,0,0,free,0,0.06468946507700767,0.14958414339202683,10,0,825,0,0,0,0.0,0.15021814105578069,nan,0.2589013434870472
0.75,full,shared,0.12206364442002345,0.12206361171511791,0,0,free,0,0.06468946507700767,0.14958414339202683,10,0,825,0,0,0,0.0,0.15021814105578069,nan,0.2589013434870472
0.8,full,shared,0.12206364442002345,0.12206361171511791,0,0,free,0,0.06468946507700767,0.14958414339202683,10,0,825,0,0,0,0.0,0.15021814105578069,nan,0.2589013434870472
0.8500000000000001,full,shared,0.12206364442002345,0.12206361171511791,0,0,free,0,0.06468946507700767,0.14958414339202683,10,0,825,0,0,0,0.0,0.15021814105578069,nan,0.2589013434870472
0.9,full,shared,0.12206364442002345,0.12206361171511791,0,0,free,0,0.06468946507700767,0.14958414339202683,10,0,825,0,0,0,0.0,0.15021814105578069,nan,0.2589013434870472
0.9500000000000001,full,shared,0.12206364442002345,0.12206361171511791,0,0,free,0,0.06468946507700767,0.14958414339202683,10,0,825,0,0,0,0.0,0.15021814105578069,nan,0.2589013434870472
1.0,full,shared,0.12206364442002345,0.12206361171511791,0,0,free,0,0.06468946507700767,0.14958414339202683,10,0,825,0,0,0,0.0,0.15021814105578069,nan,0.2589013434870472
1.05,full,shared,0.12206364442002345,0.12206361171511791,0,0,free,0,0.06468946507700767,0.14958414339202683,10,0,825,0,0,0,0.0,0.15021814105578069,nan,0.2589013434870472
1.1,full,shared,0.12206364442002345,0.12206361171511791,0,0,free,0,0.06468946507700767,0.14958414339202683,10,0,825,0,0,0,0.0,0.15021814105578069,nan,0.2589013434870472
1.1500000000000001,full,shared,0.12206364442002345,0.12206361171511791,0,0,free,0,0.06468946507700767,0.14958414339202683,10,0,825,0,0,0,0.0,0.15021814105578069,nan,0.2589013434870472
1.2000000000000002,full,shared,0.12206364442002345,0.12206361171511791,0,0,free,0,0.06468946507700767,0.14958414339202683,10,0,825,0,0,0,0.0,0.15021814105578069,nan,0.2589013434870472
1.25,full,shared,0.12206364442002345,0.12206361171511791,0,0,yield,0,0.06468946507700767,0.14958414339202683,10,1,825,0,0,0,0.0,0.156180093239625,nan,0.25960594581177243
1.3,full,shared,0.14112813931032814,0.10712053814865985,0,0,yield,0,0.06717276837376505,0.15026488782088465,10,1,825,0,0,0,0.0,0.162531518563216,nan,0.2601528164652155
1.35,full,shared,0.15861894797981535,0.09403878655013145,0,0,yield,0,0.07023104631209053,0.15161754637212202,8,1,825,0,0,0,0.0,0.16894145715067305,nan,0.2605739889232018
1.4000000000000001,full,shared,0.17435986020335603,0.08257931864320092,0,0,yield,0,0.07364078218622037,0.15337404442829128,8,1,827,0,0,0,0.0,0.17481843589455742,nan,0.2608929017161782
1.4500000000000002,full,shared,0.1883897081930352,0.07253590772702286,0,0,yield,0,0.07721547854581491,0.1553432742127038,7,1,827,0,0,0,0.0,0.17775978579468396,nan,0.26112923713271263
1.5,full,shared,0.20082640123708387,0.06373005775027314,0,0,yield,0,0.08085142215532669,0.15739232504239298,7,1,827,0,0,0,0.0,0.18065701532553455,nan,0.26129988658760717
1.55,full,shared,0.2118136505434108,0.05600684409505254,0,0,yield,0,0.08447108639417426,0.15943126919233006,6,1,831,0,0,0,0.0,0.18341140701008785,nan,0.26141916076177607
1.6,full,shared,0.2214985901973043,0.049231487350909514,0,0,yield,0,0.08801800666429725,0.1614013691093035,4,1,831,0,0,0,0.0,0.18605144011785768,nan,0.26149894653297634
1.6500000000000001,full,shared,0.23002209981182034,0.043286509365112795,0,0,yield,0,0.0914526176371772,0.163266191933234,4,1,831,0,0,0,0.0,0.18853237074403387,nan,0.26154892887448955
1.7000000000000002,full,shared,0.2375147589687812,0.03806935356032419,0,0,yield,0,0.09474857658247653,0.16500503684081483,4,1,835,0,0,0,0.0,0.19083092121080983,nan,0.26157686242517475
1.75,full,shared,0.24409544091422752,0.03349037820143892,0,0,yield,0,0.09788966333630005,0.16660813338571345,4,1,835,0,0,0,0.0,0.19293821622403345,nan,0.2615888588016181
1.8,full,shared,0.2498711847891677,0.029471152337891708,0,0,yield,0,0.10086725066312528,0.16807316521067453,4,1,835,0,0,0,0.0,0.19485484245562407,nan,0.2615896637088809
1.85,full,shared,0.2549376897260507,0.02594299995344149,0,0,yield,0,0.10367829034055968,0.16940277187078087,4,1,838,0,0,0,0.0,0.19650633365839912,nan,0.26158290870588996
1.9000000000000001,full,shared,0.2593800984912631,0.022845749788777722,0,0,yield,0,0.10632374111107439,0.17060276632622448,4,1,838,0,0,0,0.0,0.19795631746588357,nan,0.26157133082936934
1.9500000000000002,full,shared,0.2632738964987865,0.020126657127170447,0,0,yield,0,0.10880736166571563,0.1716808732712209,4,1,838,0,0,0,0.0,0.19919997191913316,nan,0.2615569586891032
2.0,full,shared,0.26668583310461424,0.01773947053666601,0,0,yield,0,0.11113479742563558,0.17264584512442924,4,1,839,0,0,0,0.0,0.20003671069955503,nan,0.26154126677184697
2.0500000000000003,full,shared,0.2696748155169507,0.01564362164880491,0,0,yield,0,0.11331289899245499,0.1735068510152328,4,1,839,0,0,0,0.0,0.200787265689199,nan,0.26152530122526685
2.1,full,shared,0.2722927496827415,0.013803519994851184,0,0,yield,0,0.11534922040728628,0.17427306250111677,4,1,839,0,0,0,0.0,0.20145822710378303,nan,0.2615097809936612
2.15,full,shared,0.27458531619656884,0.0121879380432908,0,0,yield,0,0.11725165513547757,0.174953380491898,4,1,839,0,0,0,0.0,0.2020564292218794,nan,0.2614951781792997
2.2,full,shared,0.27659267711465274,0.01076947398898264,0,0,yield,0,0.1190281763409287,0.1755324287540351,4,1,839,0,0,0,0.0,0.20258864751576497,nan,0.26148178123521426
2.25,full,shared,0.2783501140963718,0.0095240818436557,0,0,yield,0,0.12068665536222427,0.17603650313843533,4,1,839,0,0,0,0.0,0.20306140268202796,nan,0.261469744182215
2.3000000000000003,full,shared,0.2798886008039305,0.008430659963422942,0,0,yield,0,0.12223473826975088,0.176482183178026,4,1,840,0,0,0,0.0,0.20348084066501834,nan,0.26145912457550924
2.35,full,shared,0.28123531386225303,0.007470690427264731,0,0,yield,0,0.12367976520824674,0.17687568166161427,4,1,840,0,0,0,0.0,0.20385266612057384,nan,0.2614499125128561
2.4000000000000004,full,shared,0.2824140872794789,0.006627922786072248,0,0,yield,0,0.12502872094981365,0.1772226744685907,4,1,840,0,0,0,0.0,0.2041821129282567,nan,0.2614420525664042
2.45,full,shared,0.2834458154238005,0.005888096557267718,0,0,yield,0,0.1262882079869342,0.1775283136419127,4,1,840,0,0,0,0.0,0.20447393987220347,nan,0.2614354601771315
2.5,full,shared,0.28434880955452096,0.005238697617129235,0,0,yield,0,0.1274644356834682,0.17779725135018426,4,1,840,0,0,0,0.0,0.20473244296538415,nan,0.2614300337399932
2.5500000000000003,full,shared,0.2851391126858657,0.004668744261786387,0,0,yield,0,0.12856322075472232,0.17803367043330431,4,1,840,0,0,0,0.0,0.20491831411670916,nan,0.26142566337011097
2.6,full,shared,0.28583077722828687,0.0041685992571245545,0,0,yield,0,0.12933889845115604,0.17824131841269497,4,1,840,0,0,0,0.0,0.205022263899033,nan,0.2614222371286187
2.6500000000000004,full,shared,0.28643610950795767,0.0037298046597961914,0,0,yield,0,0.12916158649215043,0.17842354285606765,4,1,840,0,0,0,0.0,0.20510920103599517,nan,0.26141964532280804
2.7,full,shared,0.28696588488901836,0.003344936612279497,0,0,yield,0,0.12897193130508688,0.17858332659929918,4,1,840,0,0,0,0.0,0.20518144110151443,nan,0.261417783357634
2.75,full,shared,0.2874295368701701,0.003007477654190357,0,0,yield,0,0.1287741875176301,0.1787233218665753,4,1,840,0,0,0,0.0,0.2052410201146484,nan,0.26141655351582804
2.8000000000000003,full,shared,0.28783532318672217,0.002711704423385867,0,0,yield,0,0.12857189411149317,0.17884588266375992,4,1,840,0,0,0,0.0,0.2052897225462105,nan,0.26141586595013233
2.85,full,shared,0.2881904716154119,0.0024525889024902526,0,0,yield,0,0.1283679699767456,0.1789530950763981,4,1,840,0,0,0,0.0,0.20532910792754872,nan,0.2614156391089356
2.9000000000000004,full,shared,0.28850130790183615,0.0022257116123602792,0,0,yield,0,0.1281647988575031,0.17904680530175068,4,1,840,0,0,0,0.0,0.20536053566743034,nan,0.26141579976634655
2.95,full,shared,0.2887733679482054,0.002027185372328297,0,0,yield,0,0.12796430456563007,0.1791286453462812,4,1,840,0,0,0,0.0,0.205385187907939,nan,0.2614162827781098
3.0,full,shared,0.2890114961581703,0.0018535884697767613,0,1,yield,0,0.12776801731819765,0.17920005641954237,4,1,840,0,0,0,0.0,0.205404090349368,nan,0.2614170306612916
3.0500000000000003,full,shared,0.2892199316226756,0.22552652089672587,0,1,free,0,0.12757713203528975,0.17926231011926397,4,1,840,0,0,0,0.0,0.1951281257386838,nan,0.2694489208625076
3.1,full,shared,0.2532824078695906,0.19735520312697424,0,1,free,0,0.11274209206403711,0.16769742918703467,4,1,840,0,0,0,0.0,0.18612419909631012,nan,0.2760253172919783
3.1500000000000004,full,shared,0.2218032352536089,0.17272254622137345,0,1,free,0,0.10172742414129847,0.15974741744126955,4,1,840,0,0,0,0.0,0.18052414292044522,nan,0.27874795086078386
3.2,full,shared,0.19426984560665767,0.15116264773830415,0,1,free,0,0.09404159397086258,0.15478855695444418,5,1,840,0,0,0,0.0,0.176259843622152,nan,0.2705226746176038
3.25,full,shared,0.1702036425202788,0.13228754026899028,0,1,free,0,0.08910729793077392,0.1520786858721624,6,1,840,0,0,0,0.0,0.1702109208931366,nan,0.2632990015062303
3.3000000000000003,full,shared,0.1491697345292835,0.11576371356985252,0,1,free,0,0.0863605283830851,0.15099729051941865,6,1,840,0,0,0,0.0,0.16593673620654334,nan,0.2569533546601276
3.35,full,shared,0.1307811303565746,0.10130040218911261,0,1,free,0,0.08529713945066396,0.15104820814904632,7,1,840,0,0,0,0.0,0.16167076768999628,nan,0.25137865465706877
3.4000000000000004,full,shared,0.11469806115657041,0.08864265542217087,0,1,free,0,0.08549025619743149,0.15185028589544358,7,1,840,0,0,0,0.0,0.15839998628740887,nan,0.24648144715113862
3.45,full,shared,0.10062444932013426,0.07756653470481589,0,1,free,0,0.08659169817623989,0.15312060708600989,7,1,840,0,0,0,0.0,0.15566554921724854,nan,0.24217984757680477
3.5,full,shared,0.08830319955945352,0.06787534489439727,0,1,free,0,0.08832539943745059,0.15465536262174492,7,1,840,0,0,0,0.0,0.15363598649970944,nan,0.23836587121873254
3.5500000000000003,full,shared,0.07751131479559108,0.05936911435421708,0,1,free,0,0.09047752852472689,0.15593294317584755,8,1,840,0,0,0,0.0,0.15226019180901598,nan,0.23495999275304158
3.6,full,shared,0.06805532446643939,0.05185730088419968,0,1,free,0,0.09288590657651695,0.15706358215381755,9,1,840,0,0,0,0.0,0.15128213209451424,nan,0.23197607048048596
3.6500000000000004,full,shared,0.059767211680962065,0.04530309811182657,0,1,free,0,0.09543003754083428,0.15825525808781893,9,1,840,0,0,0,0.0,0.15059776943972975,nan,0.22936407876684084
3.7,full,shared,0.05250087391266891,0.039584563259120784,0,1,free,0,0.09802232679114913,0.15944822940654862,9,1,840,0,0,0,0.0,0.15012839608138503,nan,0.2270792491605652
3.75,full,shared,0.04612908519938803,0.0345947643294986,0,1,free,0,0.10060066346810063,0.16060361700566905,9,1,840,0,0,0,0.0,0.14981501394801688,nan,0.22508170015834017
3.8000000000000003,full,shared,0.04054090337348208,0.030240170758170613,0,1,free,0,0.1031223364635006,0.16169742693894268,9,1,840,0,0,0,0.0,0.14961375628398907,nan,0.22333605188032302
3.85,full,shared,0.035639461074633276,0.026439134642035737,0,1,free,0,0.10555915720438257,0.16271610954644983,9,1,840,0,0,0,0.0,0.14949224771312747,nan,0.22181103268427427
3.9000000000000004,full,shared,0.0313400830554678,0.023120483135416217,0,1,free,0,0.10789362495093373,0.16361033354744103,9,1,840,0,0,0,0.0,0.1494267625296556,nan,0.22047908757119894
3.95,full,shared,0.02756867863339533,0.02022223462549966,0,1,free,0,0.11011596368835501,0.16436510094104267,9,1,840,0,0,0,0.0,0.14940003681748354,nan,0.21931599789121947
4.0,full,shared,0.024260365559241322,0.017690443349076566,0,2,free,0,0.11222186967955204,0.1650517328132758,9,1,840,0,0,0,0.0,0.14934222545148787,nan,0.21830052011463896
4.05,full,shared,0.021358288282061797,0.015478170698367313,0,2,free,0,0.11421082604748371,0.16567212885371513,9,1,840,0,0,0,0.0,0.149289201392603,nan,0.21741404904633266
4.1000000000000005,full,shared,0.01881259980997085,0.013544576919532533,0,2,free,0,0.11608486128782451,0.16622962501211946,9,1,840,0,0,0,0.0,0.14925218444096142,nan,0.21664030864231953
4.15,full,shared,0.01657958156712201,0.011854124151365664,0,2,free,0,0.11784764916422873,0.16672838641699572,9,1,840,0,0,0,0.0,0.14922644631653942,nan,0.2159650717160354
4.2,full,shared,0.014620880161159632,0.01037588039711634,0,2,free,0,0.11950386682300072,0.16717298718076046,9,1,840,0,0,0,0.0,0.14920861434889385,nan,0.2153759083782979
4.25,full,shared,0.01290284363991057,0.009082913647577703,0,2,free,0,0.12105874514740698,0.16756812443992974,9,1,840,0,0,0,0.0,0.1491962988915755,nan,0.2148619620740485
4.3,full,shared,0.011395942779094961,0.007951765669649332,0,2,free,0,0.12251775993097057,0.16791842834999077,9,1,840,0,0,0,0.0,0.14918781924106803,nan,0.21441375145358743
4.3500000000000005,full,shared,0.010074265484547994,0.006961995636836932,0,2,free,0,0.12388642475164056,0.1682283402894359,9,1,840,0,0,0,0.0,0.1491820029154926,nan,0.21402299593934637
4.4,full,shared,0.0089150742831155,0.006095784647798575,0,2,free,0,0.1251701561029957,0.1685020391875307,9,1,840,0,0,0,0.0,0.14917803933942053,nan,0.21368246273101354
4.45,full,shared,0.007898418523096942,0.0053375931290763155,0,2,free,0,0.1263741891221326,0.1687434014858078,9,1,840,0,0,0,0.0,0.1491746317878937,nan,0.2133857643713858
4.5,full,shared,0.007006794165137889,0.004673938201253482,0,2,free,0,0.12750352812918797,0.16895637765469734,9,1,840,0,0,0,0.0,0.14917077835279466,nan,0.21312735503396885
4.55,full,shared,0.006224845113567542,0.004093087281307248,0,2,free,0,0.12856292072499947,0.16914451019450222,9,1,840,0,0,0,0.0,0.14916643726642204,nan,0.2129024361255346
4.6000000000000005,full,shared,0.00553910087398974,0.003584709862632983,0,2,free,0,0.12955684748858376,0.16931057206621442,9,1,840,0,0,0,0.0,0.1491616385005898,nan,0.21270680291705768
4.65,full,shared,0.004937746048399546,0.003139766494437967,0,2,free,0,0.13048952176703849,0.16945706635092134,9,1,840,0,0,0,0.0,0.14915645347006018,nan,0.2125367718663086
4.7,full,shared,0.004410417762149809,0.0027503472034281265,0,2,free,0,0.1313648957471814,0.16958624173164272,9,1,840,0,0,0,0.0,0.14915097438693123,nan,0.21238911668750793
4.75,full,shared,0.003948027627682656,0.0024095301916438132,0,2,free,0,0.13218667030502035,0.16970011042480115,9,1,840,0,0,0,0.0,0.14914530052644645,nan,0.21226101214944293
4.800000000000001,full,shared,0.003542605272756657,0.0021112582607682863,0,2,free,0,0.13246848310069514,0.16980046719056552,9,1,840,0,0,0,0.0,0.14913952942171227,nan,0.21214998469042456
4.8500000000000005,full,shared,0.003187160828220303,0.0018502307195723531,0,2,free,0,0.13245770317505645,0.1698889084923153,9,1,840,0,0,0,0.0,0.14913375151383496,nan,0.2120538690364383
4.9,full,shared,0.00287556409889432,0.0016218088338988371,0,2,free,0,0.1324470667168176,0.16996685116790022,9,1,840,0,0,0,0.0,0.14912804719543546,nan,0.21197077011063403
4.95,full,shared,0.0026024384186863025,0.0014219331163946155,0,2,free,0,0.13243663654685478,0.17003555021794847,9,1,840,0,0,0,0.0,0.14912248547860021,nan,0.21189902960314633
5.0,full,shared,0.002363067440643558,0.0012470509602267288,0,2,free,0,0.1324264628429887,0.17009611548120074,9,1,840,0,0,0,0.0,0.1491171237311917,nan,0.2118371966378355
5.050000000000001,full,shared,0.002153313314695886,0.0010940533231260214,0,2,free,0,0.13241658461822575,0.1701495270647389,9,1,840,0,0,0,0.0,0.14911200810089542,nan,0.21178400203821768
5.1000000000000005,full,shared,0.001969544937786597,0.0009602193197761696,1,2,free,0,0.13240703118186775,0.17019664948449198,9,1,840,0,0,0,0.0,0.14910717433303777,nan,0.2117383357636019
5.15,full,shared,0.22557508771343515,0.0008431677338454245,1,2,free,0,0.13239782351139384,0.17023824452779945,9,1,840,0,0,0,0.0,0.1684367201686537,nan,0.21169922712288425
5.2,full,shared,0.19739637902188434,0.0007408145721061948,1,2,free,0,0.14142597157666903,0.17027498287975223,5,1,840,0,0,0,0.0,0.18707359127180276,nan,0.21166582743394524
5.25,full,shared,0.1727570417654117,0.0006513359041407967,1,2,free,0,0.14498890748629711,0.1703074545833584,5,1,840,0,0,0,0.0,0.20446877005194994,nan,0.2116373948249125
5.300000000000001,full,shared,0.15119144997267098,0.0005731353224732079,1,2,free,0,0.14827986004689758,0.17033617840545684,5,1,840,0,0,0,0.0,0.22032469241821143,nan,0.2116132809155148
5.3500000000000005,full,shared,0.1323116262088803,0.0005048154326069047,1,2,free,0,0.15143292696987504,0.17036161020075535,4,1,840,0,0,0,0.0,0.23458790522358128,nan,0.21159291915326095
5.4,full,shared,0.11578395160244889,0.00044515287246228713,1,2,free,0,0.1544739009317529,0.1703841503578748,4,1,840,0,0,0,0.0,0.24731669209030577,nan,0.21157581458941188
5.45,full,shared,0.10131752475068495,0.00039307640860903665,1,2,free,0,0.15738700004434147,0.17040415040561924,4,1,840,0,0,0,0.0,0.25,nan,0.21156153493334984
5.5,full,shared,0.08865726203700187,0.00034764771886981673,1,2,free,0,0.16014559313560411,0.17042191887817415,4,1,840,0,0,0,0.0,0.25,nan,0.21154970271085694
5.550000000000001,full,shared,0.07757910745030618,0.00030804452972861627,1,2,free,0,0.1620269666373324,0.1704377264940014,4,1,840,0,0,0,0.0,0.25,nan,0.21153998840195942
5.6000000000000005,full,shared,0.0678862675706452,0.00027354580985364664,1,2,free,0,0.16170403879057454,0.1704518107363553,4,1,840,0,0,0,0.0,0.25,nan,0.21153210443365056
5.65,full,shared,0.059316446545685915,0.000243518773898386,1,2,free,0,0.16138355380897962,0.17046437989358126,4,1,840,0,0,0,0.0,0.25,nan,0.2115257999192609
5.7,full,shared,0.051810172951827084,0.00021740748253653552,1,2,free,0,0.16106583902616106,0.17047561662074207,4,1,840,0,0,0,0.0,0.25,nan,0.2115208560554297
5.75,full,shared,0.04526110369786285,0.0001947228662439561,1,2,free,0,0.1607511894471016,0.17048568107451645,4,1,840,0,0,0,0.0,0.25,nan,0.21151708209123876
5.800000000000001,full,shared,0.03954728873654751,0.0001750340257978595,1,2,free,0,0.16043987054028125,0.17049471367229085,2,1,840,0,0,0,0.0,0.25,nan,0.2115143118019408
5.8500000000000005,full,shared,0.034561795633945576,0.0001579606955472411,1,2,free,0,0.16013212071519745,0.17050283751718426,2,1,840,0,0,0,0.0,0.25,nan,0.21151240040432306
5.9,full,shared,0.03021110099815813,0.00014316676743981926,1,2,free,0,0.15982815352705565,0.17051016053034507,2,1,840,0,0,0,0.0,0.25,nan,0.2115112218572458
5.95,full,shared,0.02641357110808444,0.0001303547850876941,1,2,free,0,0.1595281596470407,0.17051677732404957,2,1,840,0,0,0,0.0,0.25,nan,0.21151066649681727
6.0,full,shared,0.023098052989871172,0.00011926132099406164,1,2,free,0,0.1592323086247145,0.17052277084348927,2,1,840,0,0,0,0.0,0.25,nan,0.21151063897072941
6.050000000000001,full,shared,0.020202589027667594,0.00010965313300369514,1,2,free,0,0.15894075047696637,0.17052821380895966,2,1,840,0,0,0,0.0,0.25,nan,0.21151105643283563
6.1000000000000005,full,shared,0.017673260036638914,0.0001013239837289302,2,2,free,0,0.1586536171267089,0.17053316998439877,2,1,840,0,0,0,0.0,0.25,nan,0.21151184695792746
6.15,full,shared,0.015463155223250414,9.409200066899156e-05,2,2,free,0,0.15837102370121026,0.1705376952824505,2,1,840,0,0,0,0.0,0.25,nan,0.21151294816127353
6.2,full,shared,0.013531462790022434,8.77974330324171e-05,2,2,free,0,0.15809306972400133,0.17054183874127,2,1,840,0,0,0,0.0,0.25,nan,0.21151430598821086
6.25,full,shared,0.011842672134580793,8.230069011951676e-05,2,2,free,0,0.15781984020007356,0.17054564337549327,2,1,840,0,0,0,0.0,0.25,nan,0.21151587365580837
6.300000000000001,full,shared,0.010365877233793817,7.748054507695364e-05,2,2,free,0,0.1575514066172976,0.170549146924743,2,1,840,0,0,0,0.0,0.25,nan,0.2115176107289417
6.3500000000000005,full,shared,0.00907417037858854,7.323243517018895e-05,2,2,free,0,0.15728782786922746,0.17055238250849242,3,1,840,0,0,0,0.0,0.25,nan,0.21151948231004247
6.4,full,shared,0.007944115734898076,6.946681055416413e-05,2,2,free,0,0.1570291511108396,0.17055537919992503,3,1,840,0,0,0,0.0,0.25,nan,0.21152145833228742
6.45,full,shared,0.006955292882688838,6.610752121208901e-05,2,2,free,0,0.1567754125547861,0.17055816252819417,3,1,840,0,0,0,0.0,0.25,nan,0.2115235129421974
6.5,full,shared,0.006089901328062437,6.309024715192468e-05,2,2,free,0,0.15652663821592955,0.1705607549206426,3,1,840,0,0,0,0.0,0.25,nan,0.2115256239581379
6.550000000000001,full,shared,0.005332417964140144,6.036099760381593e-05,2,2,free,0,0.1562828446065937,0.17056317608740595,3,1,840,0,0,0,0.0,0.25,nan,0.2115277723978496
6.6000000000000005,full,shared,0.004669382663772122,5.787469984494615e-05,2,2,free,0,0.15604403939093453,0.17056544335893536,3,1,840,0,0,0,0.0,0.25,nan,0.21152994206608222
6.65,full,shared,0.00408907353068481,5.559390011612583e-05,2,2,free,0,0.1558102220009835,0.17056757198296302,3,1,840,0,0,0,0.0,0.25,nan,0.21153211919305448
6.7,full,shared,0.0035811698662542805,5.3487591532452894e-05,2,2,free,0,0.15558138421801748,0.1705695753833394,3,1,840,0,0,0,0.0,0.25,nan,0.21153429211907027
6.75,full,shared,0.0031366407930886312,5.1530177075266955e-05,2,2,free,0,0.15535751072108128,0.17057146538636409,3,1,840,0,0,0,0.0,0.25,nan,0.21153645101931529
6.800000000000001,full,shared,0.0027475838289349763,4.970056450813103e-05,2,2,free,0,0.15513857960761673,0.17057325241972232,3,1,840,0,0,0,0.0,0.25,nan,0.21153858766211397
6.8500000000000005,full,shared,0.0024070837213426032,4.798139041449429e-05,2,2,free,0,0.1549245628862676,0.17057494568624454,3,1,840,0,0,0,0.0,0.25,nan,0.21154069519986896
6.9,full,shared,0.0021090889849862573,4.635836101536214e-05,2,2,free,0,0.15471542694531976,0.17057655331715482,3,1,840,0,0,0,0.0,0.25,nan,0.21154276798376592
6.95,full,shared,0.0018483039193515616,4.481970059806433e-05,2,2,free,0,0.15451113299487562,0.17057808250336143,3,1,840,0,0,0,0.0,0.25,nan,0.21154480140476573
7.0,full,shared,0.0016200941462138697,4.335569016036765e-05,2,2,free,0,0.15431163749041982,0.1705795396142203,3,1,840,0,0,0,0.0,0.25,nan,0.21154679175182112
7.050000000000001,full,shared,0.0014204039803980685,4.195828909747564e-05,2,2,free,0,0.15411689253133282,0.17058093029728116,3,1,840,0,0,0,0.0,0.25,nan,0.21154873609111868
7.1000000000000005,full,shared,0.0012456841332904084,4.062082163890346e-05,2,2,free,0,0.15392684624281516,0.17058225957003342,3,1,840,0,0,0,0.0,0.25,nan,0.21155063215796954
7.15,full,shared,0.0010928284583651645,3.933772336293383e-05,2,2,free,0,0.15374144313520932,0.17058353189608672,3,1,840,0,0,0,0.0,0.25,nan,0.21155247826398826
7.2,full,shared,0.0009591186001449444,3.810433270601764e-05,2,2,free,0,0.15356062444753504,0.17058475125439576,3,1,840,0,0,0,0.0,0.25,nan,0.21155427321626863
7.25,full,shared,0.0008421755489783157,3.691672249153653e-05,2,2,free,0,0.15338432847220052,0.1705859211993046,3,1,840,0,0,0,0.0,0.25,nan,0.21155601624568898
7.300000000000001,full,shared,0.0007399172383930105,3.5771563533236765e-05,2,2,free,0,0.153212490862565,0.17058704491234566,3,1,840,0,0,0,0.0,0.25,nan,0.21155770694578402
7.3500000000000005,full,shared,0.0006505214226782275,3.466601448881554e-05,2,2,free,0,0.15304504492421123,0.17058812524808242,3,1,840,0,0,0,0.0,0.25,nan,0.21155934521772857
7.4,full,shared,0.000572393166150686,3.3597631723102144e-05,2,2,free,0,0.15288192189092736,0.17058916477425506,3,1,840,0,0,0,0.0,0.25,nan,0.21153463287130203
7.45,full,shared,0.000504136365355452,3.256429783721184e-05,2,2,free,0,0.15272305118504648,0.1705901658067937,3,1,840,0,0,0,0.0,0.25,nan,0.21151143086601676
7.5,full,shared,0.00044452879093027713,3.156416256648281e-05,2,2,free,0,0.15256836066340002,0.17059113044075286,3,1,840,0,0,0,0.0,0.25,nan,0.21149163201576304
7.550000000000001,full,shared,0.0003925002049824846,3.0595596577052e-05,2,2,free,0,0.152417776848283,0.17059206057623372,3,1,840,0,0,0,0.0,0.25,nan,0.21147479617692355
7.6000000000000005,full,shared,0.0003471131647013715,2.9657152224142655e-05,2,2,free,0,0.15227122514620267,0.17059295794267554,3,1,840,0,0,0,0.0,0.25,nan,0.21146053848685364
7.65,full,shared,0.0003075461777406584,2.8747533662087053e-05,2,2,free,0,0.15212863005162675,0.1705938241181717,3,1,840,0,0,0,0.0,0.25,nan,0.21144852246974366
7.7,full,shared,0.00027307890722456755,2.7865570664186565e-05,2,2,free,0,0.15198991534012418,0.1705946605486091,3,1,840,0,0,0,0.0,0.25,nan,0.2114384539989852
7.75,full,shared,0.00024307919118702164,2.70101988769139e-05,2,2,free,0,0.15185500424757326,0.17059546856253133,3,1,840,0,0,0,0.0,0.25,nan,0.21143007601013653
7.800000000000001,full,shared,0.00021699165145821347,2.6180442787811767e-05,2,2,free,0,0.1517238196386359,0.1705962493849607,3,1,840,0,0,0,0.0,0.25,nan,0.2114231638734988
7.8500000000000005,full,shared,0.00019432772571126037,2.537540227733237e-05,2,2,free,0,0.15159628416349585,0.170597004149312,3,1,840,0,0,0,0.0,0.25,nan,0.21141752133929048
7.9,full,shared,0.0001746569755216156,2.4594241595878705e-05,2,2,free,0,0.1514723204037282,0.17059773390742722,3,1,840,0,0,0,0.0,0.25,nan,0.21141297699325767
7.95,full,shared,0.00015759955047100506,2.38361797625474e-05,2,2,free,0,0.15135185100852377,0.1705984396394979,3,1,840,0,0,0,0.0,0.25,nan,0.21140938114957575
8.0,full,shared,0.00014281971666891782,2.310048332131555e-05,2,2,free,0,0.15123479882026075,0.17059912226141416,3,1,840,0,0,0,0.0,0.25,nan,0.2114066031337435
8.05,full,shared,0.00013002035022639458,2.238646025123363e-05,2,2,free,0,0.15112108699046345,0.17059978263162578,3,1,840,0,0,0,0.0,0.25,nan,0.21140452890276185
8.1,full,shared,0.00011893831422389108,2.1693454440943986e-05,2,2,free,0,0.15101063908751622,0.17060042155745897,3,1,840,0,0,0,0.0,0.25,nan,0.21140305896410905
8.15,full,shared,0.0001093406125904335,2.102084154208575e-05,2,2,free,0,0.1509033791952089,0.17060103980041624,3,1,840,0,0,0,0.0,0.25,nan,0.2114021065532229
8.200000000000001,full,shared,0.00010102121362923498,2.0368025405161284e-05,2,2,free,0,0.15079923200304146,0.17060163808069984,3,1,840,0,0,0,0.0,0.25,nan,0.21140159603874242
8.25,full,shared,9.379840682610067e-05,1.9734434880203013e-05,2,2,free,0,0.15069812288916884,0.17060221708156392,3,1,840,0,0,0,0.0,0.25,nan,0.21140146152702066
8.3,full,shared,8.751256576622084e-05,1.9119521632843278e-05,2,2,free,0,0.15059997799496755,0.17060277745215785,3,1,840,0,0,0,0.0,0.25,nan,0.21140164564087682
8.35,full,shared,8.202418964339729e-05,1.852275762688797e-05,2,2,free,0,0.1505047242938915,0.1706033198112909,3,1,840,0,0,0,0.0,0.25,nan,0.21140209845066005
8.4,full,shared,7.721211312905776e-05,1.7943633567384406e-05,2,2,free,0,0.1504122896526221,0.17060384474998697,3,1,840,0,0,0,0.0,0.25,nan,0.2114027765397576
8.450000000000001,full,shared,7.297181270772753e-05,1.7381657255023717e-05,2,2,free,0,0.15032260288640364,0.17060435283362174,3,1,840,0,0,0,0.0,0.25,nan,0.211403642186217
8.5,full,shared,6.921376098404923e-05,1.683635224129106e-05,2,2,free,0,0.1502355938083903,0.17060484460431702,3,1,840,0,0,0,0.0,0.25,nan,0.21140466264617352
8.55,full,shared,6.586181935730195e-05,1.6307256797799423e-05,2,2,free,0,0.15015119327329346,0.1706053205825827,3,1,840,0,0,0,0.0,0.25,nan,0.21140580952747634
8.6,full,shared,6.285167370598074e-05,1.5793922903313026e-05,2,2,free,0,0.15006933321582305,0.17060578126880876,3,1,840,0,0,0,0.0,0.25,nan,0.21140705824159578
8.65,full,shared,6.012933448985075e-05,1.5295915425623385e-05,2,2,free,0,0.14998994668422344,0.1706062271450694,4,1,840,0,0,0,0.0,0.25,nan,0.21140838752455016
8.700000000000001,full,shared,5.76497299479493e-05,1.4812811447622494e-05,2,2,free,0,0.14991296786900232,0.1706066586757874,4,1,840,0,0,0,0.0,0.25,nan,0.21140977901553681
8.75,full,shared,5.5375407582106524e-05,1.434419941013938e-05,2,2,free,0,0.14983833212784425,0.17060707630957012,4,1,840,0,0,0,0.0,0.25,nan,0.21141121689089626
8.8,full,shared,5.3275362646533836e-05,1.3889678826342965e-05,2,2,free,0,0.14976597600569252,0.17060748047957436,4,1,840,0,0,0,0.0,0.25,nan,0.21141268754196918
8.85,full,shared,5.1324002206431224e-05,1.3448859702589273e-05,2,2,free,0,0.1496958372515011,0.17060787160467022,4,1,840,0,0,0,0.0,0.25,nan,0.21141417929442208
8.9,full,shared,4.950023945933366e-05,1.3021362201359704e-05,2,2,free,0,0.149627854831346,0.1706082500898864,4,1,840,0,0,0,0.0,0.25,nan,0.21141568216148932
8.950000000000001,full,shared,4.778671697949216e-05,1.2606815974835239e-05,2,2,free,0,0.14956196893861595,0.1706086163276357,4,1,840,0,0,0,0.0,0.25,nan,0.21141718762888007
9.0,full,shared,4.616914912559678e-05,1.2204860146653041e-05,2,2,free,0,0.1494981210004812,0.17060897069789877,4,1,840,0,0,0,0.0,0.25,nan,0.21141868846609435
9.05,full,shared,4.463576752513058e-05,1.1815142842625538e-05,2,2,free,0,0.1494362536820063,0.17060931356891984,4,1,840,0,0,0,0.0,0.25,nan,0.2114201785616664
9.1,full,shared,4.3176862200530963e-05,1.1437320931631553e-05,2,2,free,0,0.14937631088762782,0.17060964529779415,4,1,840,0,0,0,0.0,0.25,nan,0.2114216527786078
9.15,full,shared,4.178440040764177e-05,1.1071059894197476e-05,2,2,free,0,0.14931823775999287,0.1706099662306016,4,1,840,0,0,0,0.0,0.25,nan,0.2114231068283482
9.200000000000001,full,shared,4.045171515344707e-05,1.0716033379942616e-05,2,2,free,0,0.14926198067701968,0.17061027670331197,4,1,840,0,0,0,0.0,0.25,nan,0.21142453715994047
9.25,full,shared,3.917324989255549e-05,1.0371923221060135e-05,2,2,free,0,0.1492074872463705,0.17061057704170668,4,1,840,0,0,0,0.0,0.25,nan,0.21142594086285438
9.3,full,shared,3.794435098071197e-05,1.0038418994881569e-05,2,2,free,0,0.14915470629859978,0.17061086756210642,4,1,840,0,0,0,0.0,0.25,nan,0.21142731558331673
9.35,full,shared,3.676109860879209e-05,9.715218121883182e-06,2,2,free,0,0.14910358787817568,0.17061114857127202,4,1,840,0,0,0,0.0,0.25,nan,0.21142865944976885
9.4,full,shared,3.5620170420960406e-05,9.402025488271627e-06,2,2,free,0,0.14905408323330932,0.1706114203671109,4,1,840,0,0,0,0.0,0.25,nan,0.21142997100753413
9.450000000000001,full,shared,3.451873126097331e-05,9.098553311436518e-06,2,2,free,0,0.14900614480427843,0.17061168323877407,4,1,840,0,0,0,0.0,0.25,nan,0.21143124916299627
9.5,full,shared,3.3454343716489293e-05,8.804521013315815e-06,2,2,free,0,0.1489597262103659,0.17061193746692438,4,1,840,0,0,0,0.0,0.25,nan,0.21143249313350576
9.55,full,shared,3.242489526342221e-05,8.519655080380497e-06,2,2,free,0,0.14891478223583293,0.1706121833240382,4,1,840,0,0,0,0.0,0.25,nan,0.21143370240398884
9.600000000000001,full,shared,3.142854123775694e-05,8.24368895814025e-06,2,2,free,0,0.1488712688147671,0.17061242107450786,4,1,840,0,0,0,0.0,0.25,nan,0.21143487668915972
9.65,full,shared,3.0463656504197877e-05,7.976362807404844e-06,2,2,free,0,0.14882914301520256,0.17061179737122953,4,1,840,0,0,0,0.0,0.25,nan,0.2114360159004186
9.700000000000001,full,shared,2.952879771523242e-05,7.717423431647868e-06,2,2,free,0,0.14878836302226672,0.17060943176111165,4,1,840,0,0,0,0.0,0.25,nan,0.21143712011642302
9.75,full,shared,2.8622672367466606e-05,7.466624161225065e-06,2,2,free,0,0.14874888812073944,0.17060714293979615,4,1,840,0,0,0,0.0,0.25,nan,0.2114381895584364
9.8,full,shared,2.7744114022400534e-05,7.223724716602729e-06,2,2,free,0,0.14871067867694854,0.1706049285118504,4,1,840,0,0,0,0.0,0.25,nan,0.21143922456770514
9.850000000000001,full,shared,2.6892061295027372e-05,6.988491016892088e-06,2,2,free,0,0.14867369612029324,0.17060278614996227,4,1,840,0,0,0,0.0,0.25,nan,0.21144022558648146
9.9,full,shared,2.6065541686744026e-05,6.760695137706781e-06,2,2,free,0,0.14863790292411283,0.17060071359339177,4,1,840,0,0,0,0.0,0.25,nan,0.21144119314090604
9.950000000000001,full,shared,2.5263657618335623e-05,6.540115133151663e-06,2,2,free,0,0.148603262586412,0.1705987086465624,4,1,840,0,0,0,0.0,0.25,nan,0.21144212782669725
10.0,full,shared,2.4485575496260778e-05,6.326534969256381e-06,2,2,free,0,0.1485697396100994,0.17059676917753142,4,1,840,0,0,0,0.0,0.25,nan,0.21144303029614264
10.05,full,shared,2.3730516804626893e-05,6.119744359783826e-06,2,2,free,0,0.14853729948316813,0.170594893116569,4,1,840,0,0,0,0.0,0.25,nan,0.2114439012467889
10.100000000000001,full,shared,2.2997750287317955e-05,5.919538641358447e-06,2,2,free,0,0.1485059086586073,0.17059307845469518,4,1,840,0,0,0,0.0,0.25,nan,0.21144474141239267
10.15,full,shared,2.2286585609498898e-05,5.725718712380523e-06,2,2,free,0,0.1484755345341725,0.17059132324217507,4,1,840,0,0,0,0.0,0.25,nan,0.2114455515540482
10.200000000000001,full,shared,2.1596368363991922e-05,5.538090895203512e-06,2,2,free,0,0.1484461454321594,0.17058962558707774,4,1,840,0,0,0,0.0,0.25,nan,0.21144633245289313
10.25,full,shared,2.0926476145067966e-05,5.3564667520373135e-06,2,2,free,0,0.14841771057921221,0.1705879836539521,4,1,840,0,0,0,0.0,0.25,nan,0.21144708490440067
10.3,full,shared,2.0276314054879233e-05,5.180663037662962e-06,2,2,free,0,0.14839020008595083,0.17058639566229633,4,1,840,0,0,0,0.0,0.25,nan,0.211447809712202
10.350000000000001,full,shared,1.9645312715352022e-05,5.010501607935744e-06,2,2,free,0,0.14836358492682294,0.17058485988517527,4,1,840,0,0,0,0.0,0.25,nan,0.211448507684047
10.4,full,shared,1.903292489631146e-05,4.8458092795376945e-06,2,2,free,0,0.1483378369199822,0.1705833746478402,4,1,840,0,0,0,0.0,0.25,nan,0.21144917962768994
10.450000000000001,full,shared,1.8438624127952657e-05,4.686417698021098e-06,2,2,free,0,0.14831292870732454,0.1705819383263937,4,1,840,0,0,0,0.0,0.25,nan,0.21144982634722964
10.5,full,shared,1.7861902282424052e-05,4.53216321338962e-06,2,2,free,0,0.14828883373470186,0.17058054934646988,4,1,840,0,0,0,0.0,0.25,nan,0.21145044864041396
10.55,full,shared,1.7302268438551137e-05,4.382886861024613e-06,2,2,free,0,0.14826552623216616,0.1705792061818086,4,1,840,0,0,0,0.0,0.25,nan,0.21145104729615183
10.600000000000001,full,shared,1.6759247302048848e-05,4.2384341766779425e-06,2,2,free,0,0.14824298119461082,0.17057790735304088,4,1,840,0,0,0,0.0,0.25,nan,0.21145162309241006
10.65,full,shared,1.6232378399890357e-05,4.098655100608577e-06,2,2,free,0,0.1482211743625068,0.1705766514263971,4,1,840,0,0,0,0.0,0.25,nan,0.21145217679451356
10.700000000000001,full,shared,1.5721214868610593e-05,3.963403903877172e-06,2,2,free,0,0.1482000822029117,0.17057543701242944,4,1,840,0,0,0,0.0,0.25,nan,0.2114527091538122
10.75,full,shared,1.5225322619289818e-05,3.832539073697052e-06,2,2,free,0,0.14817968189073982,0.1705742627647766,5,1,840,0,0,0,0.0,0.25,nan,0.21145322090632257
10.8,full,shared,1.4744279761229783e-05,3.705923201650484e-06,2,2,free,0,0.14815995129033194,0.17057312737898545,5,1,840,0,0,0,0.0,0.25,nan,0.21145371277192393
10.850000000000001,full,shared,1.4277675868401565e-05,3.583422863691986e-06,2,2,free,0,0.14814086893726597,0.17057202959133463,5,1,840,0,0,0,0.0,0.25,nan,0.21145418545363925
10.9,full,shared,1.3825111622468253e-05,3.4649085616695466e-06,2,2,free,0,0.14812241402046433,0.17057096817764408,5,1,840,0,0,0,0.0,0.25,nan,0.21145463963703104
10.950000000000001,full,shared,1.3386198012246943e-05,3.350254601741294e-06,2,2,free,0,0.1481045663646534,0.1705699419521657,5,1,840,0,0,0,0.0,0.25,nan,0.21145507598984092
11.0,full,shared,1.2960556025673495e-05,3.2393389873355522e-06,2,2,free,0,0.14808730641309026,0.17056894976648138,5,1,840,0,0,0,0.0,0.25,nan,0.2114554951616
11.05,full,shared,1.2547816446407799e-05,3.1320434114161243e-06,2,2,free,0,0.14807061521055614,0.17056799050833774,5,1,840,0,0,0,0.0,0.25,nan,0.2114558977835691
11.100000000000001,full,shared,1.2147619397692095e-05,3.0282530015590222e-06,2,2,free,0,0.14805447438687952,0.17056706310075273,5,1,840,0,0,0,0.0,0.25,nan,0.21145628446857534
11.15,full,shared,1.1759614071650109e-05,2.927856376641562e-06,2,2,free,0,0.14803886614053008,0.17056616650083276,5,1,840,0,0,0,0.0,0.25,nan,0.21145665581115958
11.200000000000001,full,shared,1.138345824738079e-05,2.8307454768173737e-06,2,2,free,0,0.1480237732227167,0.1705652996988452,5,1,840,0,0,0,0.0,0.25,nan,0.21145701238751358
11.25,full,shared,1.101881831465157e-05,2.736815524314009e-06,2,2,free,0,0.1480091789217281,0.17056446171717576,5,1,840,0,0,0,0.0,0.25,nan,0.21145735475571537
11.3,full,shared,1.0665368936629735e-05,2.6459648701357552e-06,2,2,free,0,0.14799506704771803,0.17056365160945586,5,1,840,0,0,0,0.0,0.25,nan,0.21145768345591043
11.350000000000001,full,shared,1.0322792842541625e-05,2.558094990886071e-06,2,2,free,0,0.147981421917684,0.17056286845952995,5,1,840,0,0,0,0.0,0.25,nan,0.21145799901060236
11.4,full,shared,9.990780613081874e-06,2.4731103385358094e-06,2,2,free,0,0.14796822834089185,0.17056211138061214,5,1,840,0,0,0,0.0,0.25,nan,0.2114583019248174
11.450000000000001,full,shared,9.669030602028963e-06,2.390918304786272e-06,2,2,free,0,0.14795547160458378,0.17056137951435965,5,1,840,0,0,0,0.0,0.25,nan,0.21145859268663003
11.5,full,shared,9.357248497461446e-06,2.3114290957342566e-06,2,2,free,0,0.14794313746006982,0.17056067203005243,5,1,840,0,0,0,0.0,0.25,nan,0.21145887176727818
11.55,full,shared,9.055147520654674e-06,2.2345556852009842e-06,2,2,free,0,0.14793121210908255,0.17055998812371254,5,1,840,0,0,0,0.0,0.25,nan,0.21145913962166107
11.600000000000001,full,shared,8.762447930939117e-06,2.160213747957156e-06,2,2,free,0,0.14791968219048424,0.17055932701727922,5,1,840,0,0,0,0.0,0.25,nan,0.21145939668861768
11.65,full,shared,8.478877174887097e-06,2.088321551580736e-06,2,2,free,0,0.14790853476735422,0.17055868795784604,5,1,840,0,0,0,0.0,0.25,nan,0.2114596433914261
11.700000000000001,full,shared,8.204169482366968e-06,2.0187998825088278e-06,2,2,free,0,0.14789775731434907,0.17055807021688787,5,1,840,0,0,0,0.0,0.25,nan,0.21145988013808836
11.75,full,shared,7.938065963095835e-06,1.9515720248453404e-06,2,2,free,0,0.147887337705344,0.17055747308944724,5,1,840,0,0,0,0.0,0.25,nan,0.21146010732188036
11.8,full,shared,7.68031423840669e-06,1.8865636289239728e-06,2,2,free,0,0.14787726420148994,0.17055689589347187,5,1,840,0,0,0,0.0,0.25,nan,0.21146032532164283
11.850000000000001,full,shared,7.4306684493453185e-06,1.8237026823740794e-06,2,2,free,0,0.1478675254395021,0.17055633796906014,5,1,840,0,0,0,0.0,0.25,nan,0.2114605345022308
11.9,full,shared,7.188889187412043e-06,1.7629194079685956e-06,2,2,free,0,0.14785811042030161,0.17055579867780318,5,1,840,0,0,0,0.0,0.25,nan,0.21146073521494146
11.950000000000001,full,shared,6.954743140226296e-06,1.7041462419732437e-06,2,2,free,0,0.1478490084978955,0.1705552774020627,5,1,840,0,0,0,0.0,0.25,nan,0.21146092779787307
12.0,full,shared,6.728003224042095e-06,1.6473177427461954e-06,2,2,free,0,0.147840209368634,0.1705547735443549,5,1,840,0,0,0,0.0,0.25,nan,0.21146111257643596
12.05,full,shared,6.508448285640319e-06,1.5923705279775147e-06,2,2,free,0,0.14783170306070698,0.17055428652671098,5,1,840,0,0,0,0.0,0.25,nan,0.21146128986362378
12.100000000000001,full,shared,6.295863087115955e-06,1.5392432208402257e-06,2,2,free,0,0.1478234799239474,0.17055381579005538,5,1,840,0,0,0,0.0,0.25,nan,0.21146145996052768
12.15,full,shared,6.090038094273581e-06,1.4878763835456944e-06,2,2,free,0,0.14781553061989616,0.17055336079361216,5,1,840,0,0,0,0.0,0.25,nan,0.21146162315668626
12.200000000000001,full,shared,5.8907694038664915e-06,1.4382124700085633e-06,2,2,free,0,0.14780784611217113,0.1705529210143188,5,1,840,0,0,0,0.0,0.25,nan,0.2114617797304389
12.25,full,shared,5.697858629949113e-06,1.390195755821145e-06,2,2,free,0,0.14780041765708374,0.17055249594627123,5,1,840,0,0,0,0.0,0.25,nan,0.21146192994938506
12.3,full,shared,5.511112787793346e-06,1.3437723100012471e-06,2,2,free,0,0.1477932367945135,0.17055208510015582,5,1,840,0,0,0,0.0,0.25,nan,0.21146207407060513
12.350000000000001,full,shared,5.330344239378353e-06,1.298889906688681e-06,2,2,free,0,0.14778629533908028,0.17055168800275,5,1,840,0,0,0,0.0,0.25,nan,0.21146221234124873
12.4,full,shared,5.155370412504083e-06,1.2554979903215451e-06,2,2,free,0,0.14777958537152852,0.17055130419639283,5,1,840,0,0,0,0.0,0.25,nan,0.2114623449986347
12.450000000000001,full,shared,4.98601388667615e-06,1.2135476364759848e-06,2,2,free,0,0.14777309923036946,0.17055093323847267,5,1,840,0,0,0,0.0,0.25,nan,0.2114624722708155
12.5,full,shared,4.822102083674146e-06,1.1729914763963816e-06,2,2,free,0,0.1477668295037886,0.17055057470097157,5,1,840,0,0,0,0.0,0.25,nan,0.21146259437681947
12.55,full,shared,4.663467309746746e-06,1.1337836689791482e-06,2,2,free,0,0.14776076902175794,0.1705502281699759,5,1,840,0,0,0,0.0,0.25,nan,0.21146271152695972
12.600000000000001,full,shared,4.509946590138394e-06,1.0958798487308293e-06,2,2,free,0,0.14775491084839332,0.17054989324522696,5,1,840,0,0,0,0.0,0.25,nan,0.2114628239231836
12.65,full,shared,4.361381598552361e-06,1.0592370862963855e-06,2,2,free,0,0.14774924827452884,0.17054956953967,5,1,840,0,0,0,0.0,0.25,nan,0.21146293175936026
12.700000000000001,full,shared,4.2176184888021514e-06,1.0238138210539203e-06,2,2,free,0,0.14774377481054957,0.17054925667905882,5,1,840,0,0,0,0.0,0.25,nan,0.21146303522159993
12.75,full,shared,4.078507805633894e-06,9.895698494810501e-07,2,2,free,0,0.1477384841793698,0.1705489543015044,5,1,840,0,0,0,0.0,0.25,nan,0.21146313448856324
12.8,full,shared,3.943904413399556e-06,9.564662621865616e-07,2,2,free,0,0.14773337030967787,0.1705486620570963,5,1,840,0,0,0,0.0,0.25,nan,0.21146322973171217
12.850000000000001,full,shared,3.8136674105672408e-06,9.244654106080507e-07,2,2,free,0,0.14772842732935804,0.17054837960750602,5,1,840,0,0,0,0.0,0.25,nan,0.21146332111556354
12.9,full,shared,3.6876599183298917e-06,8.935308728006402e-07,2,2,free,0,0.1477236495591106,0.17054810662560685,5,1,840,0,0,0,0.0,0.25,nan,0.21146340879805414
12.950000000000001,full,shared,3.565749063854952e-06,8.636274043710931e-07,2,2,free,0,0.1477190315062869,0.17054784279511756,5,1,840,0,0,0,0.0,0.25,nan,0.21146349293066746
13.0,full,shared,3.4478058963832083e-06,8.347209054655421e-07,2,2,free,0,0.14771456785888853,0.17054758781024879,5,1,840,0,0,0,0.0,0.25,nan,0.21146357365872548
13.05,full,shared,3.333705261096672e-06,8.067783934621989e-07,2,2,free,0,0.1477102534797486,0.17054734137534833,5,1,840,0,0,0,0.0,0.25,nan,0.21146365112168908
13.100000000000001,full,shared,3.2233256901153925e-06,7.797679518339984e-07,2,2,free,0,0.14770608340091274,0.1705471032045864,5,1,840,0,0,0,0.0,0.25,nan,0.2114637254533217
13.15,full,shared,3.116549339634733e-06,7.536587129503897e-07,2,2,free,0,0.14770205281817378,0.17054687302162005,5,1,840,0,0,0,0.0,0.25,nan,0.21146379678193805
13.200000000000001,full,shared,3.0132618595841324e-06,7.284208114876357e-07,2,2,free,0,0.1476981570857862,0.1705466505592933,5,1,840,0,0,0,0.0,0.25,nan,0.21146386523057192
13.25,full,shared,2.9133523476652478e-06,7.040253606176095e-07,2,2,free,0,0.1476943917113333,0.17054643555932916,5,1,840,0,0,0,0.0,0.25,nan,0.21146393091728244
13.3,full,shared,2.8167132113757945e-06,6.804444173259364e-07,2,2,free,0,0.14769075235076412,0.17054622777204154,5,1,840,0,0,0,0.0,0.25,nan,0.21146399395526883
13.350000000000001,full,shared,2.7232401061742085e-06,6.576509586523902e-07,2,2,free,0,0.1476872348035746,0.17054602695604812,5,1,840,0,0,0,0.0,0.25,nan,0.21146405445307292
13.4,full,shared,2.632831855057049e-06,6.356188362225134e-07,2,2,free,0,0.1476838350081615,0.17054583287801137,5,1,840,0,0,0,0.0,0.25,nan,0.2114641125147959
13.450000000000001,full,shared,2.5453903464652974e-06,6.143227695742149e-07,2,2,free,0,0.14768054903728228,0.1705456453123538,5,1,840,0,0,0,0.0,0.25,nan,0.21146416824027015
13.5,full,shared,2.460820463243221e-06,5.937383064346588e-07,2,2,free,0,0.14767737309369544,0.1705454640410146,5,1,840,0,0,0,0.0,0.25,nan,0.2114642217252093
13.55,full,shared,2.379029990783038e-06,5.73841793245755e-07,2,2,free,0,0.14767430350592503,0.17054528885320377,5,1,840,0,0,0,0.0,0.25,nan,0.2114642730613917
13.600000000000001,full,shared,2.299929556924913e-06,5.54610355407687e-07,2,2,free,0,0.14767133672415111,0.1705451195451586,5,1,840,0,0,0,0.0,0.25,nan,0.21146432233681767
13.65,full,shared,2.223432513407064e-06,5.360218789175267e-07,2,2,free,0,0.1476684693162284,0.1705449559199014,5,1,840,0,0,0,0.0,0.25,nan,0.21146436963585857
13.700000000000001,full,shared,2.1494549028722114e-06,5.18054964971777e-07,2,2,free,0,0.1476656979638603,0.1705447977870397,5,1,840,0,0,0,0.0,0.25,nan,0.21146441503940727
13.75,full,shared,2.0779153599884264e-06,5.006889314150345e-07,2,2,free,0,0.14766301945885096,0.17054464496252303,5,1,840,0,0,0,0.0,0.25,nan,0.21146445862502083
13.8,full,shared,2.0087350477217755e-06,4.839037717322894e-07,2,2,free,0,0.14766043069951124,0.1705444972684495,5,1,840,0,0,0,0.0,0.25,nan,0.21146450046703646
13.850000000000001,full,shared,1.9418375791967613e-06,4.6768014008876243e-07,2,2,free,0,0.14765792868716598,0.1705443545328572,5,1,840,0,0,0,0.0,0.25,nan,0.21146454063673603
13.9,full,shared,1.8771489470943533e-06,4.519993290817678e-07,2,2,free,0,0.14765551052276865,0.170544216589528,5,1,840,0,0,0,0.0,0.25,nan,0.21146457920245265
13.950000000000001,full,shared,1.8145974623249134e-06,4.3684325355277395e-07,2,2,free,0,0.14765317340362816,0.17054408327779208,5,1,840,0,0,0,0.0,0.25,nan,0.21146461622969992
14.0,full,shared,1.7541136814332877e-06,4.221944195511542e-07,2,2,free,0,0.14765091462025054,0.17054395444235515,5,1,840,0,0,0,0.0,0.25,nan,0.2114646517812756
14.05,full,shared,1.6956303436467998e-06,4.080359167140291e-07,2,2,free,0,0.14764873155326358,0.17054382993310852,5,1,840,0,0,0,0.0,0.25,nan,0.21146468591739043
14.100000000000001,full,shared,1.6390822995727029e-06,3.9435139232271315e-07,2,2,free,0,0.14764662167045606,0.17054370960496423,5,1,840,0,0,0,0.0,0.25,nan,0.21146471869574868
14.15,full,shared,1.5844064543582318e-06,3.811250343120225e-07,2,2,free,0,0.14764458252390433,0.17054359331768668,5,1,840,0,0,0,0.0,0.25,nan,0.21146475017168143
14.200000000000001,full,shared,1.531541732834227e-06,3.683415547904299e-07,2,2,free,0,0.14764261174718968,0.17054348093572946,5,1,840,0,0,0,0.0,0.25,nan,0.21146478039822514
14.25,full,shared,1.4804289556329089e-06,3.559861753047226e-07,2,2,free,0,0.14764070705271648,0.1705433723280792,5,1,840,0,0,0,0.0,0.25,nan,0.21146480942622048
14.3,full,shared,1.4310108623540538e-06,3.440446021606159e-07,2,2,free,0,0.14763886622910788,0.17054326736811107,5,1,840,0,0,0,0.0,0.25,nan,0.21146483730441157
14.350000000000001,full,shared,1.38323198045525e-06,3.3250302147607264e-07,2,2,free,0,0.14763708713868268,0.17054316593343258,5,1,840,0,0,0,0.0,0.25,nan,0.21146486407951637
14.4,full,shared,1.3370386216782787e-06,3.21348071879177e-07,2,2,free,0,0.14763536771502983,0.17054306790575394,5,1,840,0,0,0,0.0,0.25,nan,0.2114648897963317
14.450000000000001,full,shared,1.2923788085108897e-06,3.1056684064154856e-07,2,2,free,0,0.14763370596064207,0.17054297317074119,5,1,840,0,0,0,0.0,0.25,nan,0.2114649144977906
14.5,full,shared,1.2492022394656062e-06,3.001468418467444e-07,2,2,free,0,0.14763209994463988,0.17054288161789027,5,1,840,0,0,0,0.0,0.25,nan,0.21146493822506296
14.55,full,shared,1.2074602016323173e-06,2.9007600324619925e-07,2,2,free,0,0.1476305478005675,0.1705427931403997,5,1,840,0,0,0,0.0,0.25,nan,0.21146496101761325
14.600000000000001,full,shared,1.1671055536352935e-06,2.803426548444935e-07,2,2,free,0,0.1476290477242549,0.17054270763504426,5,1,840,0,0,0,0.0,0.25,nan,0.21146498291326898
14.65,full,shared,1.1280926772418909e-06,2.7093551578594414e-07,2,2,free,0,0.14762759797175623,0.1705426250020563,5,1,840,0,0,0,0.0,0.25,nan,0.2114650039483018
14.700000000000001,full,shared,1.0903774089036526e-06,2.618436800446925e-07,2,2,free,0,0.1476261968573509,0.1705425451450112,5,1,840,0,0,0,0.0,0.25,nan,0.21146502415748747
14.75,full,shared,1.0539170172459726e-06,2.530566021593797e-07,2,2,free,0,0.14762484275161647,0.17054246797071818,5,1,840,0,0,0,0.0,0.25,nan,0.21146504357416085
14.8,full,shared,1.0186701503129478e-06,2.4456408994919436e-07,2,2,free,0,0.1476235340795553,0.17054239338910757,5,1,840,0,0,0,0.0,0.25,nan,0.21146506223028239
14.850000000000001,full,shared,9.845967977581265e-07,2.3635629163705777e-07,2,2,free,0,0.14762226931878725,0.1705423213131275,5,1,840,0,0,0,0.0,0.25,nan,0.21146508015649268
14.9,full,shared,9.516582296837068e-07,2.2842368007747722e-07,2,2,free,0,0.14762104699780854,0.17054225165864845,5,1,840,0,0,0,0.0,0.25,nan,0.21146509738217267
14.950000000000001,full,shared,9.198169821131595e-07,2.207570480807412e-07,2,2,free,0,0.14761986569429358,0.1705421843443592,5,1,840,0,0,0,0.0,0.25,nan,0.21146511393549383
15.0,full,shared,8.890368008678442e-07,2.133474943994364e-07,2,2,free,0,0.14761872403346432,0.1705421192916755,5,1,840,0,0,0,0.0,0.25,nan,0.21146512984347277
0.05,full+plan,shared,0.2271549292734434,0.22715492859616165,0,0,free,0,0.05676101943747254,0.16504642260436408,5,1,752,0,0,0,0.0,0.25,nan,0.22430129255519893
0.1,full+plan,shared,0.19873955424583492,0.19873955157529288,0,0,free,0,0.052290460093895,0.15666091829243378,5,1,752,0,0,0,0.0,0.2403994846513157,nan,0.23531351018541347
0.15000000000000002,full+plan,shared,0.1740541488414919,0.17405414164611963,0,0,free,0,0.05026879173058847,0.15180094649736606,6,1,752,0,0,0,0.0,0.20241709808180364,nan,0.24478697211171851
0.2,full+plan,shared,0.15255728129317686,0.15255726825037982,0,0,free,0,0.050359247381471225,0.14881609184422492,6,1,822,0,0,0,0.0,0.16918941487984637,nan,0.2529838424545635
0.25,full+plan,shared,0.13380337772298745,0.13380335849145883,0,0,free,0,0.0519756240500137,0.14772407463848283,10,1,822,0,0,0,0.0,0.15021814105578069,nan,0.2589013434870472
0.30000000000000004,full+plan,shared,0.12206364442002345,0.12206361171511791,0,0,free,0,0.06468946507700767,0.14958414339202683,10,0,822,0,0,0,0.0,0.15021814105578069,nan,0.2589013434870472
0.35000000000000003,full+plan,shared,0.12206364442002345,0.12206361171511791,0,0,free,0,0.06468946507700767,0.14958414339202683,10,0,825,0,0,0,0.0,0.15021814105578069,nan,0.2589013434870472
0.4,full+plan,shared,0.12206364442002345,0.12206361171511791,0,0,free,0,0.06468946507700767,0.14958414339202683,10,0,825,0,0,0,0.0,0.15021814105578069,nan,0.2589013434870472
0.45,full+plan,shared,0.12206364442002345,0.12206361171511791,0,0,free,0,0.06468946507700767,0.14958414339202683,10,0,825,0,0,0,0.0,0.15021814105578069,nan,0.2589013434870472
0.5,full+plan,shared,0.12206364442002345,0.12206361171511791,0,0,free,0,0.06468946507700767,0.14958414339202683,10,0,825,0,0,0,0.0,0.15021814105578069,nan,0.2589013434870472
0.55,full+plan,shared,0.12206364442002345,0.12206361171511791,0,0,free,0,0.06468946507700767,0.14958414339202683,10,0,825,0,0,0,0.0,0.15021814105578069,nan,0.2589013434870472
0.6000000000000001,full+plan,shared,0.12206364442002345,0.12206361171511791,0,0,free,0,0.06468946507700767,0.14958414339202683,10,0,825,0,0,0,0.0,0.15021814105578069,nan,0.2589013434870472
0.65,full+plan,shared,0.12206364442002345,0.12206361171511791,0,0,free,0,0.06468946507700767,0.14958414339202683,10,0,825,0,0,0,0.0,0.15021814105578069,nan,0.2589013434870472
0.7000000000000001,full+plan,shared,0.12206364442002345,0.12206361171511791,0,0,free,0,0.06468946507700767,0.14958414339202683,10,0,825,0,0,0,0.0,0.15021814105578069,nan,0.2589013434870472
0.75,full+plan,shared,0.12206364442002345,0.12206361171511791,0,0,free,0,0.06468946507700767,0.14958414339202683,10,0,825,0,0,0,0.0,0.15021814105578069,nan,0.2589013434870472
0.8,full+plan,shared,0.12206364442002345,0.12206361171511791,0,0,free,0,0.06468946507700767,0.14958414339202683,10,0,825,0,0,0,0.0,0.15021814105578069,nan,0.2589013434870472
0.8500000000000001,full+plan,shared,0.12206364442002345,0.12206361171511791,0,0,free,0,0.06468946507700767,0.14958414339202683,10,0,825,0,0,0,0.0,0.15021814105578069,nan,0.2589013434870472
0.9,full+plan,shared,0.12206364442002345,0.12206361171511791,0,0,free,0,0.06468946507700767,0.14958414339202683,10,0,825,0,0,0,0.0,0.15021814105578069,nan,0.2589013434870472
0.9500000000000001,full+plan,shared,0.12206364442002345,0.12206361171511791,0,0,free,0,0.06468946507700767,0.14958414339202683,10,0,825,0,0,0,0.0,0.15021814105578069,nan,0.2589013434870472
1.0,full+plan,shared,0.12206364442002345,0.12206361171511791,0,0,free,0,0.06468946507700767,0.14958414339202683,10,0,825,0,0,0,0.0,0.15021814105578069,nan,0.2589013434870472
1.05,full+plan,shared,0.12206364442002345,0.12206361171511791,0,0,free,0,0.06468946507700767,0.14958414339202683,10,0,825,0,0,0,0.0,0.15021814105578069,nan,0.2589013434870472
1.1,full+plan,shared,0.12206364442002345,0.12206361171511791,0,0,free,0,0.06468946507700767,0.14958414339202683,10,0,825,0,0,0,0.0,0.15021814105578069,nan,0.2589013434870472
1.1500000000000001,full+plan,shared,0.12206364442002345,0.12206361171511791,0,0,free,0,0.06468946507700767,0.14958414339202683,10,0,825,0,0,0,0.0,0.15021814105578069,nan,0.2589013434870472
1.2000000000000002,full+plan,shared,0.12206364442002345,0.12206361171511791,0,0,free,0,0.06468946507700767,0.14958414339202683,10,0,825,0,0,0,0.0,0.15021814105578069,nan,0.2589013434870472
1.25,full+plan,shared,0.12206364442002345,0.12206361171511791,0,0,yield,0,0.06468946507700767,0.14958414339202683,10,1,825,0,0,0,0.0,0.156180093239625,nan,0.25960594581177243
1.3,full+plan,shared,0.14112813931032814,0.10712053814865985,0,0,yield,0,0.06717276837376505,0.15026488782088465,10,1,825,0,0,0,0.0,0.162531518563216,nan,0.2601528164652155
1.35,full+plan,shared,0.15861894797981535,0.09403878655013145,0,0,yield,0,0.07023104631209053,0.15161754637212202,8,1,825,0,0,0,0.0,0.16894145715067305,nan,0.2605739889232018
1.4000000000000001,full+plan,shared,0.17435986020335603,0.08257931864320092,0,0,yield,0,0.07364078218622037,0.15337404442829128,8,1,827,0,0,0,0.0,0.17481843589455742,nan,0.2608929017161782
1.4500000000000002,full+plan,shared,0.1883897081930352,0.07253590772702286,0,0,yield,0,0.07721547854581491,0.1553432742127038,7,1,827,0,0,0,0.0,0.17775978579468396,nan,0.26112923713271263
1.5,full+plan,shared,0.20082640123708387,0.06373005775027314,0,0,yield,0,0.08085142215532669,0.15739232504239298,7,1,827,0,0,0,0.0,0.18065701532553455,nan,0.26129988658760717
1.55,full+plan,shared,0.2118136505434108,0.05600684409505254,0,0,yield,0,0.08447108639417426,0.15943126919233006,6,1,831,0,0,0,0.0,0.18341140701008785,nan,0.26141916076177607
1.6,full+plan,shared,0.2214985901973043,0.049231487350909514,0,0,yield,0,0.08801800666429725,0.1614013691093035,4,1,831,0,0,0,0.0,0.18605144011785768,nan,0.26149894653297634
1.6500000000000001,full+plan,shared,0.23002209981182034,0.043286509365112795,0,0,yield,0,0.0914526176371772,0.163266191933234,4,1,831,0,0,0,0.0,0.18853237074403387,nan,0.26154892887448955
1.7000000000000002,full+plan,shared,0.2375147589687812,0.03806935356032419,0,0,yield,0,0.09474857658247653,0.16500503684081483,4,1,835,0,0,0,0.0,0.19083092121080983,nan,0.26157686242517475
1.75,full+plan,shared,0.24409544091422752,0.03349037820143892,0,0,yield,0,0.09788966333630005,0.16660813338571345,4,1,835,0,0,0,0.0,0.19293821622403345,nan,0.2615888588016181
1.8,full+plan,shared,0.2498711847891677,0.029471152337891708,0,0,yield,0,0.10086725066312528,0.16807316521067453,4,1,835,0,0,0,0.0,0.19485484245562407,nan,0.2615896637088809
1.85,full+plan,shared,0.2549376897260507,0.02594299995344149,0,0,yield,0,0.10367829034055968,0.16940277187078087,4,1,838,0,0,0,0.0,0.19650633365839912,nan,0.26158290870588996
1.9000000000000001,full+plan,shared,0.2593800984912631,0.022845749788777722,0,0,yield,0,0.10632374111107439,0.17060276632622448,4,1,838,0,0,0,0.0,0.19795631746588357,nan,0.26157133082936934
1.9500000000000002,full+plan,shared,0.2632738964987865,0.020126657127170447,0,0,yield,0,0.10880736166571563,0.1716808732712209,4,1,838,0,0,0,0.0,0.19919997191913316,nan,0.2615569586891032
2.0,full+plan,shared,0.26668583310461424,0.01773947053666601,0,0,yield,0,0.11113479742563558,0.17264584512442924,4,1,839,0,0,0,0.0,0.20003671069955503,nan,0.26154126677184697
2.0500000000000003,full+plan,shared,0.2696748155169507,0.01564362164880491,0,0,yield,0,0.11331289899245499,0.1735068510152328,4,1,839,0,0,0,0.0,0.200787265689199,nan,0.26152530122526685
2.1,full+plan,shared,0.2722927496827415,0.013803519994851184,0,0,yield,0,0.11534922040728628,0.17427306250111677,4,1,839,0,0,0,0.0,0.20145822710378303,nan,0.2615097809936612
2.15,full+plan,shared,0.27458531619656884,0.0121879380432908,0,0,yield,0,0.11725165513547757,0.174953380491898,4,1,839,0,0,0,0.0,0.2020564292218794,nan,0.2614951781792997
2.2,full+plan,shared,0.27659267711465274,0.01076947398898264,0,0,yield,0,0.1190281763409287,0.1755324287540351,4,1,839,0,0,0,0.0,0.20258864751576497,nan,0.26148178123521426
2.25,full+plan,shared,0.2783501140963718,0.0095240818436557,0,0,yield,0,0.12068665536222427,0.17603650313843533,4,1,839,0,0,0,0.0,0.20306140268202796,nan,0.261469744182215
2.3000000000000003,full+plan,shared,0.2798886008039305,0.008430659963422942,0,0,yield,0,0.12223473826975088,0.176482183178026,4,1,840,0,0,0,0.0,0.20348084066501834,nan,0.26145912457550924
2.35,full+plan,shared,0.28123531386225303,0.007470690427264731,0,0,yield,0,0.12367976520824674,0.17687568166161427,4,1,840,0,0,0,0.0,0.20385266612057384,nan,0.2614499125128561
2.4000000000000004,full+plan,shared,0.2824140872794789,0.006627922786072248,0,0,yield,0,0.12502872094981365,0.1772226744685907,4,1,840,0,0,0,0.0,0.2041821129282567,nan,0.2614420525664042
2.45,full+plan,shared,0.2834458154238005,0.005888096557267718,0,0,yield,0,0.1262882079869342,0.1775283136419127,4,1,840,0,0,0,0.0,0.20447393987220347,nan,0.2614354601771315
2.5,full+plan,shared,0.28434880955452096,0.005238697617129235,0,0,yield,0,0.1274644356834682,0.17779725135018426,4,1,840,0,0,0,0.0,0.20473244296538415,nan,0.2614300337399932
2.5500000000000003,full+plan,shared,0.2851391126858657,0.004668744261786387,0,0,yield,0,0.12856322075472232,0.17803367043330431,4,1,840,0,0,0,0.0,0.20491831411670916,nan,0.26142566337011097
2.6,full+plan,shared,0.28583077722828687,0.0041685992571245545,0,0,yield,0,0.12933889845115604,0.17824131841269497,4,1,840,0,0,0,0.0,0.205022263899033,nan,0.2614222371286187
2.6500000000000004,full+plan,shared,0.28643610950795767,0.0037298046597961914,0,0,yield,0,0.12916158649215043,0.17842354285606765,4,1,840,0,0,0,0.0,0.20510920103599517,nan,0.26141964532280804
2.7,full+plan,shared,0.28696588488901836,0.003344936612279497,0,0,yield,0,0.12897193130508688,0.17858332659929918,4,1,840,0,0,0,0.0,0.20518144110151443,nan,0.261417783357634
2.75,full+plan,shared,0.2874295368701701,0.003007477654190357,0,0,yield,0,0.1287741875176301,0.1787233218665753,4,1,840,0,0,0,0.0,0.2052410201146484,nan,0.26141655351582804
2.8000000000000003,full+plan,shared,0.28783532318672217,0.002711704423385867,0,0,yield,0,0.12857189411149317,0.17884588266375992,4,1,840,0,0,0,0.0,0.2052897225462105,nan,0.26141586595013233
2.85,full+plan,shared,0.2881904716154119,0.0024525889024902526,0,0,yield,0,0.1283679699767456,0.1789530950763981,4,1,840,0,0,0,0.0,0.20532910792754872,nan,0.2614156391089356
2.9000000000000004,full+plan,shared,0.28850130790183615,0.0022257116123602792,0,0,yield,0,0.1281647988575031,0.17904680530175068,4,1,840,0,0,0,0.0,0.20536053566743034,nan,0.26141579976634655
2.95,full+plan,shared,0.2887733679482054,0.002027185372328297,0,0,yield,0,0.12796430456563007,0.1791286453462812,4,1,840,0,0,0,0.0,0.205385187907939,nan,0.2614162827781098
3.0,full+plan,shared,0.2890114961581703,0.0018535884697767613,0,1,yield,0,0.12776801731819765,0.17920005641954237,4,1,840,0,0,0,0.0,0.205404090349368,nan,0.2614170306612916
3.0500000000000003,full+plan,shared,0.2892199316226756,0.22552652089672587,0,1,free,0,0.12757713203528975,0.17926231011926397,4,1,840,0,0,0,0.0,0.1951281257386838,nan,0.2694489208625076
3.1,full+plan,shared,0.2532824078695906,0.19735520312697424,0,1,free,0,0.11274209206403711,0.16769742918703467,4,1,840,0,0,0,0.0,0.18612419909631012,nan,0.2760253172919783
3.1500000000000004,full+plan,shared,0.2218032352536089,0.17272254622137345,0,1,free,0,0.10172742414129847,0.15974741744126955,4,1,840,0,0,0,0.0,0.18052414292044522,nan,0.27874795086078386
3.2,full+plan,shared,0.19426984560665767,0.15116264773830415,0,1,free,0,0.09404159397086258,0.15478855695444418,5,1,840,0,0,0,0.0,0.176259843622152,nan,0.2705226746176038
3.25,full+plan,shared,0.1702036425202788,0.13228754026899028,0,1,free,0,0.08910729793077392,0.1520786858721624,6,1,840,0,0,0,0.0,0.1702109208931366,nan,0.2632990015062303
3.3000000000000003,full+plan,shared,0.1491697345292835,0.11576371356985252,0,1,free,0,0.0863605283830851,0.15099729051941865,6,1,840,0,0,0,0.0,0.16593673620654334,nan,0.2569533546601276
3.35,full+plan,shared,0.1307811303565746,0.10130040218911261,0,1,free,0,0.08529713945066396,0.15104820814904632,7,1,840,0,0,0,0.0,0.16167076768999628,nan,0.25137865465706877
3.4000000000000004,full+plan,shared,0.11469806115657041,0.08864265542217087,0,1,free,0,0.08549025619743149,0.15185028589544358,7,1,840,0,0,0,0.0,0.15839998628740887,nan,0.24648144715113862
3.45,full+plan,shared,0.10062444932013426,0.07756653470481589,0,1,free,0,0.08659169817623989,0.15312060708600989,7,1,840,0,0,0,0.0,0.15566554921724854,nan,0.24217984757680477
3.5,full+plan,shared,0.08830319955945352,0.06787534489439727,0,1,free,0,0.08832539943745059,0.15465536262174492,7,1,840,0,0,0,0.0,0.15363598649970944,nan,0.23836587121873254
3.5500000000000003,full+plan,shared,0.07751131479559108,0.05936911435421708,0,1,free,0,0.09047752852472689,0.15593294317584755,8,1,840,0,0,0,0.0,0.15226019180901598,nan,0.23495999275304158
3.6,full+plan,shared,0.06805532446643939,0.05185730088419968,0,1,free,0,0.09288590657651695,0.15706358215381755,9,1,840,0,0,0,0.0,0.15128213209451424,nan,0.23197607048048596
3.6500000000000004,full+plan,shared,0.059767211680962065,0.04530309811182657,0,1,free,0,0.09543003754083428,0.15825525808781893,9,1,840,0,0,0,0.0,0.15059776943972975,nan,0.22936407876684084
3.7,full+plan,shared,0.05250087391266891,0.039584563259120784,0,1,free,0,0.09802232679114913,0.15944822940654862,9,1,840,0,0,0,0.0,0.15012839608138503,nan,0.2270792491605652
3.75,full+plan,shared,0.04612908519938803,0.0345947643294986,0,1,free,0,0.10060066346810063,0.16060361700566905,9,1,840,0,0,0,0.0,0.14981501394801688,nan,0.22508170015834017
3.8000000000000003,full+plan,shared,0.04054090337348208,0.030240170758170613,0,1,free,0,0.1031223364635006,0.16169742693894268,9,1,840,0,0,0,0.0,0.14961375628398907,nan,0.22333605188032302
3.85,full+plan,shared,0.035639461074633276,0.026439134642035737,0,1,free,0,0.10555915720438257,0.16271610954644983,9,1,840,0,0,0,0.0,0.14949224771312747,nan,0.22181103268427427
3.9000000000000004,full+plan,shared,0.0313400830554678,0.023120483135416217,0,1,free,0,0.10789362495093373,0.16361033354744103,9,1,840,0,0,0,0.0,0.1494267625296556,nan,0.22047908757119894
3.95,full+plan,shared,0.02756867863339533,0.02022223462549966,0,1,free,0,0.11011596368835501,0.16436510094104267,9,1,840,0,0,0,0.0,0.14940003681748354,nan,0.21931599789121947
4.0,full+plan,shared,0.024260365559241322,0.017690443349076566,0,2,free,0,0.11222186967955204,0.1650517328132758,9,1,840,0,0,0,0.0,0.14934222545148787,nan,0.21830052011463896
4.05,full+plan,shared,0.021358288282061797,0.015478170698367313,0,2,free,0,0.11421082604748371,0.16567212885371513,9,1,840,0,0,0,0.0,0.149289201392603,nan,0.21741404904633266
4.1000000000000005,full+plan,shared,0.01881259980997085,0.013544576919532533,0,2,free,0,0.11608486128782451,0.16622962501211946,9,1,840,0,0,0,0.0,0.14925218444096142,nan,0.21664030864231953
4.15,full+plan,shared,0.01657958156712201,0.011854124151365664,0,2,free,0,0.11784764916422873,0.16672838641699572,9,1,840,0,0,0,0.0,0.14922644631653942,nan,0.2159650717160354
4.2,full+plan,shared,0.014620880161159632,0.01037588039711634,0,2,free,0,0.11950386682300072,0.16717298718076046,9,1,840,0,0,0,0.0,0.14920861434889385,nan,0.2153759083782979
4.25,full+plan,shared,0.01290284363991057,0.009082913647577703,0,2,free,0,0.12105874514740698,0.16756812443992974,9,1,840,0,0,0,0.0,0.1491962988915755,nan,0.2148619620740485
4.3,full+plan,shared,0.011395942779094961,0.007951765669649332,0,2,free,0,0.12251775993097057,0.16791842834999077,9,1,840,0,0,0,0.0,0.14918781924106803,nan,0.21441375145358743
4.3500000000000005,full+plan,shared,0.010074265484547994,0.006961995636836932,0,2,free,0,0.12388642475164056,0.1682283402894359,9,1,840,0,0,0,0.0,0.1491820029154926,nan,0.21402299593934637
4.4,full+plan,shared,0.0089150742831155,0.006095784647798575,0,2,free,0,0.1251701561029957,0.1685020391875307,9,1,840,0,0,0,0.0,0.14917803933942053,nan,0.21368246273101354
4.45,full+plan,shared,0.007898418523096942,0.0053375931290763155,0,2,free,0,0.1263741891221326,0.1687434014858078,9,1,840,0,0,0,0.0,0.1491746317878937,nan,0.2133857643713858
4.5,full+plan,shared,0.007006794165137889,0.004673938201253482,0,2,free,0,0.12750352812918797,0.16895637765469734,9,1,840,0,0,0,0.0,0.14917077835279466,nan,0.21312735503396885
4.55,full+plan,shared,0.006224845113567542,0.004093087281307248,0,2,free,0,0.12856292072499947,0.16914451019450222,9,1,840,0,0,0,0.0,0.14916643726642204,nan,0.2129024361255346
4.6000000000000005,full+plan,shared,0.00553910087398974,0.003584709862632983,0,2,free,0,0.12955684748858376,0.16931057206621442,9,1,840,0,0,0,0.0,0.1491616385005898,nan,0.21270680291705768
4.65,full+plan,shared,0.004937746048399546,0.003139766494437967,0,2,free,0,0.13048952176703849,0.16945706635092134,9,1,840,0,0,0,0.0,0.14915645347006018,nan,0.2125367718663086
4.7,full+plan,shared,0.004410417762149809,0.0027503472034281265,0,2,free,0,0.1313648957471814,0.16958624173164272,9,1,840,0,0,0,0.0,0.14915097438693123,nan,0.21238911668750793
4.75,full+plan,shared,0.003948027627682656,0.0024095301916438132,0,2,free,0,0.13218667030502035,0.16970011042480115,9,1,840,0,0,0,0.0,0.14914530052644645,nan,0.21226101214944293
4.800000000000001,full+plan,shared,0.003542605272756657,0.0021112582607682863,0,2,free,0,0.13246848310069514,0.16980046719056552,9,1,840,0,0,0,0.0,0.14913952942171227,nan,0.21214998469042456
4.8500000000000005,full+plan,shared,0.003187160828220303,0.0018502307195723531,0,2,free,0,0.13245770317505645,0.1698889084923153,9,1,840,0,0,0,0.0,0.14913375151383496,nan,0.2120538690364383
4.9,full+plan,shared,0.00287556409889432,0.0016218088338988371,0,2,free,0,0.1324470667168176,0.16996685116790022,9,1,840,0,0,0,0.0,0.14912804719543546,nan,0.21197077011063403
4.95,full+plan,shared,0.0026024384186863025,0.0014219331163946155,0,2,free,0,0.13243663654685478,0.17003555021794847,9,1,840,0,0,0,0.0,0.14912248547860021,nan,0.21189902960314633
5.0,full+plan,shared,0.002363067440643558,0.0012470509602267288,0,2,free,0,0.1324264628429887,0.17009611548120074,9,1,840,0,0,0,0.0,0.1491171237311917,nan,0.2118371966378355
5.050000000000001,full+plan,shared,0.002153313314695886,0.0010940533231260214,0,2,free,0,0.13241658461822575,0.1701495270647389,9,1,840,0,0,0,0.0,0.14911200810089542,nan,0.21178400203821768
5.1000000000000005,full+plan,shared,0.001969544937786597,0.0009602193197761696,1,2,free,0,0.13240703118186775,0.17019664948449198,9,1,840,0,0,0,0.0,0.14910717433303777,nan,0.2117383357636019
5.15,full+plan,shared,0.22557508771343515,0.0008431677338454245,1,2,free,0,0.13239782351139384,0.17023824452779945,9,1,840,0,0,0,0.0,0.1684367201686537,nan,0.21169922712288425
5.2,full+plan,shared,0.19739637902188434,0.0007408145721061948,1,2,free,0,0.14142597157666903,0.17027498287975223,5,1,840,0,0,0,0.0,0.18707359127180276,nan,0.21166582743394524
5.25,full+plan,shared,0.1727570417654117,0.0006513359041407967,1,2,free,0,0.14498890748629711,0.1703074545833584,5,1,840,0,0,0,0.0,0.20446877005194994,nan,0.2116373948249125
5.300000000000001,full+plan,shared,0.15119144997267098,0.0005731353224732079,1,2,free,0,0.14827986004689758,0.17033617840545684,5,1,840,0,0,0,0.0,0.22032469241821143,nan,0.2116132809155148
5.3500000000000005,full+plan,shared,0.1323116262088803,0.0005048154326069047,1,2,free,0,0.15143292696987504,0.17036161020075535,4,1,840,0,0,0,0.0,0.23458790522358128,nan,0.21159291915326095
5.4,full+plan,shared,0.11578395160244889,0.00044515287246228713,1,2,free,0,0.1544739009317529,0.1703841503578748,4,1,840,0,0,0,0.0,0.24731669209030577,nan,0.21157581458941188
5.45,full+plan,shared,0.10131752475068495,0.00039307640860903665,1,2,free,0,0.15738700004434147,0.17040415040561924,4,1,840,0,0,0,0.0,0.25,nan,0.21156153493334984
5.5,full+plan,shared,0.08865726203700187,0.00034764771886981673,1,2,free,0,0.16014559313560411,0.17042191887817415,4,1,840,0,0,0,0.0,0.25,nan,0.21154970271085694
5.550000000000001,full+plan,shared,0.07757910745030618,0.00030804452972861627,1,2,free,0,0.1620269666373324,0.1704377264940014,4,1,840,0,0,0,0.0,0.25,nan,0.21153998840195942
5.6000000000000005,full+plan,shared,0.0678862675706452,0.00027354580985364664,1,2,free,0,0.16170403879057454,0.1704518107363553,4,1,840,0,0,0,0.0,0.25,nan,0.21153210443365056
5.65,full+plan,shared,0.059316446545685915,0.000243518773898386,1,2,free,0,0.16138355380897962,0.17046437989358126,4,1,840,0,0,0,0.0,0.25,nan,0.2115257999192609
5.7,full+plan,shared,0.051810172951827084,0.00021740748253653552,1,2,free,0,0.16106583902616106,0.17047561662074207,4,1,840,0,0,0,0.0,0.25,nan,0.2115208560554297
5.75,full+plan,shared,0.04526110369786285,0.0001947228662439561,1,2,free,0,0.1607511894471016,0.17048568107451645,4,1,840,0,0,0,0.0,0.25,nan,0.21151708209123876
5.800000000000001,full+plan,shared,0.03954728873654751,0.0001750340257978595,1,2,free,0,0.16043987054028125,0.17049471367229085,2,1,840,0,0,0,0.0,0.25,nan,0.2115143118019408
5.8500000000000005,full+plan,shared,0.034561795633945576,0.0001579606955472411,1,2,free,0,0.16013212071519745,0.17050283751718426,2,1,840,0,0,0,0.0,0.25,nan,0.21151240040432306
5.9,full+plan,shared,0.03021110099815813,0.00014316676743981926,1,2,free,0,0.15982815352705565,0.17051016053034507,2,1,840,0,0,0,0.0,0.25,nan,0.2115112218572458
5.95,full+plan,shared,0.02641357110808444,0.0001303547850876941,1,2,free,0,0.1595281596470407,0.17051677732404957,2,1,840,0,0,0,0.0,0.25,nan,0.21151066649681727
6.0,full+plan,shared,0.023098052989871172,0.00011926132099406164,1,2,free,0,0.1592323086247145,0.17052277084348927,2,1,840,0,0,0,0.0,0.25,nan,0.21151063897072941
6.050000000000001,full+plan,shared,0.020202589027667594,0.00010965313300369514,1,2,free,0,0.15894075047696637,0.17052821380895966,2,1,840,0,0,0,0.0,0.25,nan,0.21151105643283563
6.1000000000000005,full+plan,shared,0.017673260036638914,0.0001013239837289302,2,2,free,0,0.1586536171267089,0.17053316998439877,2,1,840,0,0,0,0.0,0.25,nan,0.21151184695792746
6.15,full+plan,shared,0.015463155223250414,9.409200066899156e-05,2,2,free,0,0.15837102370121026,0.1705376952824505,2,1,840,0,0,0,0.0,0.25,nan,0.21151294816127353
6.2,full+plan,shared,0.013531462790022434,8.77974330324171e-05,2,2,free,0,0.15809306972400133,0.17054183874127,2,1,840,0,0,0,0.0,0.25,nan,0.21151430598821086
6.25,full+plan,shared,0.011842672134580793,8.230069011951676e-05,2,2,free,0,0.15781984020007356,0.17054564337549327,2,1,840,0,0,0,0.0,0.25,nan,0.21151587365580837
6.300000000000001,full+plan,shared,0.010365877233793817,7.748054507695364e-05,2,2,free,0,0.1575514066172976,0.170549146924743,2,1,840,0,0,0,0.0,0.25,nan,0.2115176107289417
6.3500000000000005,full+plan,shared,0.00907417037858854,7.323243517018895e-05,2,2,free,0,0.15728782786922746,0.17055238250849242,3,1,840,0,0,0,0.0,0.25,nan,0.21151948231004247
6.4,full+plan,shared,0.007944115734898076,6.946681055416413e-05,2,2,free,0,0.1570291511108396,0.17055537919992503,3,1,840,0,0,0,0.0,0.25,nan,0.21152145833228742
6.45,full+plan,shared,0.006955292882688838,6.610752121208901e-05,2,2,free,0,0.1567754125547861,0.17055816252819417,3,1,840,0,0,0,0.0,0.25,nan,0.2115235129421974
6.5,full+plan,shared,0.006089901328062437,6.309024715192468e-05,2,2,free,0,0.15652663821592955,0.1705607549206426,3,1,840,0,0,0,0.0,0.25,nan,0.2115256239581379
6.550000000000001,full+plan,shared,0.005332417964140144,6.036099760381593e-05,2,2,free,0,0.1562828446065937,0.17056317608740595,3,1,840,0,0,0,0.0,0.25,nan,0.2115277723978496
6.6000000000000005,full+plan,shared,0.004669382663772122,5.787469984494615e-05,2,2,free,0,0.15604403939093453,0.17056544335893536,3,1,840,0,0,0,0.0,0.25,nan,0.21152994206608222
6.65,full+plan,shared,0.00408907353068481,5.559390011612583e-05,2,2,free,0,0.1558102220009835,0.17056757198296302,3,1,840,0,0,0,0.0,0.25,nan,0.21153211919305448
6.7,full+plan,shared,0.0035811698662542805,5.3487591532452894e-05,2,2,free,0,0.15558138421801748,0.1705695753833394,3,1,840,0,0,0,0.0,0.25,nan,0.21153429211907027
6.75,full+plan,shared,0.0031366407930886312,5.1530177075266955e-05,2,2,free,0,0.15535751072108128,0.17057146538636409,3,1,840,0,0,0,0.0,0.25,nan,0.21153645101931529
6.800000000000001,full+plan,shared,0.0027475838289349763,4.970056450813103e-05,2,2,free,0,0.15513857960761673,0.17057325241972232,3,1,840,0,0,0,0.0,0.25,nan,0.21153858766211397
6.8500000000000005,full+plan,shared,0.0024070837213426032,4.798139041449429e-05,2,2,free,0,0.1549245628862676,0.17057494568624454,3,1,840,0,0,0,0.0,0.25,nan,0.21154069519986896
6.9,full+plan,shared,0.0021090889849862573,4.635836101536214e-05,2,2,free,0,0.15471542694531976,0.17057655331715482,3,1,840,0,0,0,0.0,0.25,nan,0.21154276798376592
6.95,full+plan,shared,0.0018483039193515616,4.481970059806433e-05,2,2,free,0,0.15451113299487562,0.17057808250336143,3,1,840,0,0,0,0.0,0.25,nan,0.21154480140476573
7.0,full+plan,shared,0.0016200941462138697,4.335569016036765e-05,2,2,free,0,0.15431163749041982,0.1705795396142203,3,1,840,0,0,0,0.0,0.25,nan,0.21154679175182112
7.050000000000001,full+plan,shared,0.0014204039803980685,4.195828909747564e-05,2,2,free,0,0.15411689253133282,0.17058093029728116,3,1,840,0,0,0,0.0,0.25,nan,0.21154873609111868
7.1000000000000005,full+plan,shared,0.0012456841332904084,4.062082163890346e-05,2,2,free,0,0.15392684624281516,0.17058225957003342,3,1,840,0,0,0,0.0,0.25,nan,0.21155063215796954
7.15,full+plan,shared,0.0010928284583651645,3.933772336293383e-05,2,2,free,0,0.15374144313520932,0.17058353189608672,3,1,840,0,0,0,0.0,0.25,nan,0.21155247826398826
7.2,full+plan,shared,0.0009591186001449444,3.810433270601764e-05,2,2,free,0,0.15356062444753504,0.17058475125439576,3,1,840,0,0,0,0.0,0.25,nan,0.21155427321626863
7.25,full+plan,shared,0.0008421755489783157,3.691672249153653e-05,2,2,free,0,0.15338432847220052,0.1705859211993046,3,1,840,0,0,0,0.0,0.25,nan,0.21155601624568898
7.300000000000001,full+plan,shared,0.0007399172383930105,3.5771563533236765e-05,2,2,free,0,0.153212490862565,0.17058704491234566,3,1,840,0,0,0,0.0,0.25,nan,0.21155770694578402
7.3500000000000005,full+plan,shared,0.0006505214226782275,3.466601448881554e-05,2,2,free,0,0.15304504492421123,0.17058812524808242,3,1,840,0,0,0,0.0,0.25,nan,0.21155934521772857
7.4,full+plan,shared,0.000572393166150686,3.3597631723102144e-05,2,2,free,0,0.15288192189092736,0.17058916477425506,3,1,840,0,0,0,0.0,0.25,nan,0.21153463287130203
7.45,full+plan,shared,0.000504136365355452,3.256429783721184e-05,2,2,free,0,0.15272305118504648,0.1705901658067937,3,1,840,0,0,0,0.0,0.25,nan,0.21151143086601676
7.5,full+plan,shared,0.00044452879093027713,3.156416256648281e-05,2,2,free,0,0.15256836066340002,0.17059113044075286,3,1,840,0,0,0,0.0,0.25,nan,0.21149163201576304
7.550000000000001,full+plan,shared,0.0003925002049824846,3.0595596577052e-05,2,2,free,0,0.152417776848283,0.17059206057623372,3,1,840,0,0,0,0.0,0.25,nan,0.21147479617692355
7.6000000000000005,full+plan,shared,0.0003471131647013715,2.9657152224142655e-05,2,2,free,0,0.15227122514620267,0.17059295794267554,3,1,840,0,0,0,0.0,0.25,nan,0.21146053848685364
7.65,full+plan,shared,0.0003075461777406584,2.8747533662087053e-05,2,2,free,0,0.15212863005162675,0.1705938241181717,3,1,840,0,0,0,0.0,0.25,nan,0.21144852246974366
7.7,full+plan,shared,0.00027307890722456755,2.7865570664186565e-05,2,2,free,0,0.15198991534012418,0.1705946605486091,3,1,840,0,0,0,0.0,0.25,nan,0.2114384539989852
7.75,full+plan,shared,0.00024307919118702164,2.70101988769139e-05,2,2,free,0,0.15185500424757326,0.17059546856253133,3,1,840,0,0,0,0.0,0.25,nan,0.21143007601013653
7.800000000000001,full+plan,shared,0.00021699165145821347,2.6180442787811767e-05,2,2,free,0,0.1517238196386359,0.1705962493849607,3,1,840,0,0,0,0.0,0.25,nan,0.2114231638734988
7.8500000000000005,full+plan,shared,0.00019432772571126037,2.537540227733237e-05,2,2,free,0,0.15159628416349585,0.170597004149312,3,1,840,0,0,0,0.0,0.25,nan,0.21141752133929048
7.9,full+plan,shared,0.0001746569755216156,2.4594241595878705e-05,2,2,free,0,0.1514723204037282,0.17059773390742722,3,1,840,0,0,0,0.0,0.25,nan,0.21141297699325767
7.95,full+plan,shared,0.00015759955047100506,2.38361797625474e-05,2,2,free,0,0.15135185100852377,0.1705984396394979,3,1,840,0,0,0,0.0,0.25,nan,0.21140938114957575
8.0,full+plan,shared,0.00014281971666891782,2.310048332131555e-05,2,2,free,0,0.15123479882026075,0.17059912226141416,3,1,840,0,0,0,0.0,0.25,nan,0.2114066031337435
8.05,full+plan,shared,0.00013002035022639458,2.238646025123363e-05,2,2,free,0,0.15112108699046345,0.17059978263162578,3,1,840,0,0,0,0.0,0.25,nan,0.21140452890276185
8.1,full+plan,shared,0.00011893831422389108,2.1693454440943986e-05,2,2,free,0,0.15101063908751622,0.17060042155745897,3,1,840,0,0,0,0.0,0.25,nan,0.21140305896410905
8.15,full+plan,shared,0.0001093406125904335,2.102084154208575e-05,2,2,free,0,0.1509033791952089,0.17060103980041624,3,1,840,0,0,0,0.0,0.25,nan,0.2114021065532229
8.200000000000001,full+plan,shared,0.00010102121362923498,2.0368025405161284e-05,2,2,free,0,0.15079923200304146,0.17060163808069984,3,1,840,0,0,0,0.0,0.25,nan,0.21140159603874242
8.25,full+plan,shared,9.379840682610067e-05,1.9734434880203013e-05,2,2,free,0,0.15069812288916884,0.17060221708156392,3,1,840,0,0,0,0.0,0.25,nan,0.21140146152702066
8.3,full+plan,shared,8.751256576622084e-05,1.9119521632843278e-05,2,2,free,0,0.15059997799496755,0.17060277745215785,3,1,840,0,0,0,0.0,0.25,nan,0.21140164564087682
8.35,full+plan,shared,8.202418964339729e-05,1.852275762688797e-05,2,2,free,0,0.1505047242938915,0.1706033198112909,3,1,840,0,0,0,0.0,0.25,nan,0.21140209845066005
8.4,full+plan,shared,7.721211312905776e-05,1.7943633567384406e-05,2,2,free,0,0.1504122896526221,0.17060384474998697,3,1,840,0,0,0,0.0,0.25,nan,0.2114027765397576
8.450000000000001,full+plan,shared,7.297181270772753e-05,1.7381657255023717e-05,2,2,free,0,0.15032260288640364,0.17060435283362174,3,1,840,0,0,0,0.0,0.25,nan,0.211403642186217
8.5,full+plan,shared,6.921376098404923e-05,1.683635224129106e-05,2,2,free,0,0.1502355938083903,0.17060484460431702,3,1,840,0,0,0,0.0,0.25,nan,0.21140466264617352
8.55,full+plan,shared,6.586181935730195e-05,1.6307256797799423e-05,2,2,free,0,0.15015119327329346,0.1706053205825827,3,1,840,0,0,0,0.0,0.25,nan,0.21140580952747634
8.6,full+plan,shared,6.285167370598074e-05,1.5793922903313026e-05,2,2,free,0,0.15006933321582305,0.17060578126880876,3,1,840,0,0,0,0.0,0.25,nan,0.21140705824159578
8.65,full+plan,shared,6.012933448985075e-05,1.5295915425623385e-05,2,2,free,0,0.14998994668422344,0.1706062271450694,4,1,840,0,0,0,0.0,0.25,nan,0.21140838752455016
8.700000000000001,full+plan,shared,5.76497299479493e-05,1.4812811447622494e-05,2,2,free,0,0.14991296786900232,0.1706066586757874,4,1,840,0,0,0,0.0,0.25,nan,0.21140977901553681
8.75,full+plan,shared,5.5375407582106524e-05,1.434419941013938e-05,2,2,free,0,0.14983833212784425,0.17060707630957012,4,1,840,0,0,0,0.0,0.25,nan,0.21141121689089626
8.8,full+plan,shared,5.3275362646533836e-05,1.3889678826342965e-05,2,2,free,0,0.14976597600569252,0.17060748047957436,4,1,840,0,0,0,0.0,0.25,nan,0.21141268754196918
8.85,full+plan,shared,5.1324002206431224e-05,1.3448859702589273e-05,2,2,free,0,0.1496958372515011,0.17060787160467022,4,1,840,0,0,0,0.0,0.25,nan,0.21141417929442208
8.9,full+plan,shared,4.950023945933366e-05,1.3021362201359704e-05,2,2,free,0,0.149627854831346,0.1706082500898864,4,1,840,0,0,0,0.0,0.25,nan,0.21141568216148932
8.950000000000001,full+plan,shared,4.778671697949216e-05,1.2606815974835239e-05,2,2,free,0,0.14956196893861595,0.1706086163276357,4,1,840,0,0,0,0.0,0.25,nan,0.21141718762888007
9.0,full+plan,shared,4.616914912559678e-05,1.2204860146653041e-05,2,2,free,0,0.1494981210004812,0.17060897069789877,4,1,840,0,0,0,0.0,0.25,nan,0.21141868846609435
9.05,full+plan,shared,4.463576752513058e-05,1.1815142842625538e-05,2,2,free,0,0.1494362536820063,0.17060931356891984,4,1,840,0,0,0,0.0,0.25,nan,0.2114201785616664
9.1,full+plan,shared,4.3176862200530963e-05,1.1437320931631553e-05,2,2,free,0,0.14937631088762782,0.17060964529779415,4,1,840,0,0,0,0.0,0.25,nan,0.2114216527786078
9.15,full+plan,shared,4.178440040764177e-05,1.1071059894197476e-05,2,2,free,0,0.14931823775999287,0.1706099662306016,4,1,840,0,0,0,0.0,0.25,nan,0.2114231068283482
9.200000000000001,full+plan,shared,4.045171515344707e-05,1.0716033379942616e-05,2,2,free,0,0.14926198067701968,0.17061027670331197,4,1,840,0,0,0,0.0,0.25,nan,0.21142453715994047
9.25,full+plan,shared,3.917324989255549e-05,1.0371923221060135e-05,2,2,free,0,0.1492074872463705,0.17061057704170668,4,1,840,0,0,0,0.0,0.25,nan,0.21142594086285438
9.3,full+plan,shared,3.794435098071197e-05,1.0038418994881569e-05,2,2,free,0,0.14915470629859978,0.17061086756210642,4,1,840,0,0,0,0.0,0.25,nan,0.21142731558331673
9.35,full+plan,shared,3.676109860879209e-05,9.715218121883182e-06,2,2,free,0,0.14910358787817568,0.17061114857127202,4,1,840,0,0,0,0.0,0.25,nan,0.21142865944976885
9.4,full+plan,shared,3.5620170420960406e-05,9.402025488271627e-06,2,2,free,0,0.14905408323330932,0.1706114203671109,4,1,840,0,0,0,0.0,0.25,nan,0.21142997100753413
9.450000000000001,full+plan,shared,3.451873126097331e-05,9.098553311436518e-06,2,2,free,0,0.14900614480427843,0.17061168323877407,4,1,840,0,0,0,0.0,0.25,nan,0.21143124916299627
9.5,full+plan,shared,3.3454343716489293e-05,8.804521013315815e-06,2,2,free,0,0.1489597262103659,0.17061193746692438,4,1,840,0,0,0,0.0,0.25,nan,0.21143249313350576
9.55,full+plan,shared,3.242489526342221e-05,8.519655080380497e-06,2,2,free,0,0.14891478223583293,0.1706121833240382,4,1,840,0,0,0,0.0,0.25,nan,0.21143370240398884
9.600000000000001,full+plan,shared,3.142854123775694e-05,8.24368895814025e-06,2,2,free,0,0.1488712688147671,0.17061242107450786,4,1,840,0,0,0,0.0,0.25,nan,0.21143487668915972
9.65,full+plan,shared,3.0463656504197877e-05,7.976362807404844e-06,2,2,free,0,0.14882914301520256,0.17061179737122953,4,1,840,0,0,0,0.0,0.25,nan,0.2114360159004186
9.700000000000001,full+plan,shared,2.952879771523242e-05,7.717423431647868e-06,2,2,free,0,0.14878836302226672,0.17060943176111165,4,1,840,0,0,0,0.0,0.25,nan,0.21143712011642302
9.75,full+plan,shared,2.8622672367466606e-05,7.466624161225065e-06,2,2,free,0,0.14874888812073944,0.17060714293979615,4,1,840,0,0,0,0.0,0.25,nan,0.2114381895584364
9.8,full+plan,shared,2.7744114022400534e-05,7.223724716602729e-06,2,2,free,0,0.14871067867694854,0.1706049285118504,4,1,840,0,0,0,0.0,0.25,nan,0.21143922456770514
9.850000000000001,full+plan,shared,2.6892061295027372e-05,6.988491016892088e-06,2,2,free,0,0.14867369612029324,0.17060278614996227,4,1,840,0,0,0,0.0,0.25,nan,0.21144022558648146
9.9,full+plan,shared,2.6065541686744026e-05,6.760695137706781e-06,2,2,free,0,0.14863790292411283,0.17060071359339177,4,1,840,0,0,0,0.0,0.25,nan,0.21144119314090604
9.950000000000001,full+plan,shared,2.5263657618335623e-05,6.540115133151663e-06,2,2,free,0,0.148603262586412,0.1705987086465624,4,1,840,0,0,0,0.0,0.25,nan,0.21144212782669725
10.0,full+plan,shared,2.4485575496260778e-05,6.326534969256381e-06,2,2,free,0,0.1485697396100994,0.17059676917753142,4,1,840,0,0,0,0.0,0.25,nan,0.21144303029614264
10.05,full+plan,shared,2.3730516804626893e-05,6.119744359783826e-06,2,2,free,0,0.14853729948316813,0.170594893116569,4,1,840,0,0,0,0.0,0.25,nan,0.2114439012467889
10.100000000000001,full+plan,shared,2.2997750287317955e-05,5.919538641358447e-06,2,2,free,0,0.1485059086586073,0.17059307845469518,4,1,840,0,0,0,0.0,0.25,nan,0.21144474141239267
10.15,full+plan,shared,2.2286585609498898e-05,5.725718712380523e-06,2,2,free,0,0.1484755345341725,0.17059132324217507,4,1,840,0,0,0,0.0,0.25,nan,0.2114455515540482
10.200000000000001,full+plan,shared,2.1596368363991922e-05,5.538090895203512e-06,2,2,free,0,0.1484461454321594,0.17058962558707774,4,1,840,0,0,0,0.0,0.25,nan,0.21144633245289313
10.25,full+plan,shared,2.0926476145067966e-05,5.3564667520373135e-06,2,2,free,0,0.14841771057921221,0.1705879836539521,4,1,840,0,0,0,0.0,0.25,nan,0.21144708490440067
10.3,full+plan,shared,2.0276314054879233e-05,5.180663037662962e-06,2,2,free,0,0.14839020008595083,0.17058639566229633,4,1,840,0,0,0,0.0,0.25,nan,0.211447809712202
10.350000000000001,full+plan,shared,1.9645312715352022e-05,5.010501607935744e-06,2,2,free,0,0.14836358492682294,0.17058485988517527,4,1,840,0,0,0,0.0,0.25,nan,0.211448507684047
10.4,full+plan,shared,1.903292489631146e-05,4.8458092795376945e-06,2,2,free,0,0.1483378369199822,0.1705833746478402,4,1,840,0,0,0,0.0,0.25,nan,0.21144917962768994
10.450000000000001,full+plan,shared,1.8438624127952657e-05,4.686417698021098e-06,2,2,free,0,0.14831292870732454,0.1705819383263937,4,1,840,0,0,0,0.0,0.25,nan,0.21144982634722964
10.5,full+plan,shared,1.7861902282424052e-05,4.53216321338962e-06,2,2,free,0,0.14828883373470186,0.17058054934646988,4,1,840,0,0,0,0.0,0.25,nan,0.21145044864041396
10.55,full+plan,shared,1.7302268438551137e-05,4.382886861024613e-06,2,2,free,0,0.14826552623216616,0.1705792061818086,4,1,840,0,0,0,0.0,0.25,nan,0.21145104729615183
10.600000000000001,full+plan,shared,1.6759247302048848e-05,4.2384341766779425e-06,2,2,free,0,0.14824298119461082,0.17057790735304088,4,1,840,0,0,0,0.0,0.25,nan,0.21145162309241006
10.65,full+plan,shared,1.6232378399890357e-05,4.098655100608577e-06,2,2,free,0,0.1482211743625068,0.1705766514263971,4,1,840,0,0,0,0.0,0.25,nan,0.21145217679451356
10.700000000000001,full+plan,shared,1.5721214868610593e-05,3.963403903877172e-06,2,2,free,0,0.1482000822029117,0.17057543701242944,4,1,840,0,0,0,0.0,0.25,nan,0.2114527091538122
10.75,full+plan,shared,1.5225322619289818e-05,3.832539073697052e-06,2,2,free,0,0.14817968189073982,0.1705742627647766,5,1,840,0,0,0,0.0,0.25,nan,0.21145322090632257
10.8,full+plan,shared,1.4744279761229783e-05,3.705923201650484e-06,2,2,free,0,0.14815995129033194,0.17057312737898545,5,1,840,0,0,0,0.0,0.25,nan,0.21145371277192393
10.850000000000001,full+plan,shared,1.4277675868401565e-05,3.583422863691986e-06,2,2,free,0,0.14814086893726597,0.17057202959133463,5,1,840,0,0,0,0.0,0.25,nan,0.21145418545363925
10.9,full+plan,shared,1.3825111622468253e-05,3.4649085616695466e-06,2,2,free,0,0.14812241402046433,0.17057096817764408,5,1,840,0,0,0,0.0,0.25,nan,0.21145463963703104
10.950000000000001,full+plan,shared,1.3386198012246943e-05,3.350254601741294e-06,2,2,free,0,0.1481045663646534,0.1705699419521657,5,1,840,0,0,0,0.0,0.25,nan,0.21145507598984092
11.0,full+plan,shared,1.2960556025673495e-05,3.2393389873355522e-06,2,2,free,0,0.14808730641309026,0.17056894976648138,5,1,840,0,0,0,0.0,0.25,nan,0.2114554951616
11.05,full+plan,shared,1.2547816446407799e-05,3.1320434114161243e-06,2,2,free,0,0.14807061521055614,0.17056799050833774,5,1,840,0,0,0,0.0,0.25,nan,0.2114558977835691
11.100000000000001,full+plan,shared,1.2147619397692095e-05,3.0282530015590222e-06,2,2,free,0,0.14805447438687952,0.17056706310075273,5,1,840,0,0,0,0.0,0.25,nan,0.21145628446857534
11.15,full+plan,shared,1.1759614071650109e-05,2.927856376641562e-06,2,2,free,0,0.14803886614053008,0.17056616650083276,5,1,840,0,0,0,0.0,0.25,nan,0.21145665581115958
11.200000000000001,full+plan,shared,1.138345824738079e-05,2.8307454768173737e-06,2,2,free,0,0.1480237732227167,0.1705652996988452,5,1,840,0,0,0,0.0,0.25,nan,0.21145701238751358
11.25,full+plan,shared,1.101881831465157e-05,2.736815524314009e-06,2,2,free,0,0.1480091789217281,0.17056446171717576,5,1,840,0,0,0,0.0,0.25,nan,0.21145735475571537
11.3,full+plan,shared,1.0665368936629735e-05,2.6459648701357552e-06,2,2,free,0,0.14799506704771803,0.17056365160945586,5,1,840,0,0,0,0.0,0.25,nan,0.21145768345591043
11.350000000000001,full+plan,shared,1.0322792842541625e-05,2.558094990886071e-06,2,2,free,0,0.147981421917684,0.17056286845952995,5,1,840,0,0,0,0.0,0.25,nan,0.21145799901060236
11.4,full+plan,shared,9.990780613081874e-06,2.4731103385358094e-06,2,2,free,0,0.14796822834089185,0.17056211138061214,5,1,840,0,0,0,0.0,0.25,nan,0.2114583019248174
11.450000000000001,full+plan,shared,9.669030602028963e-06,2.390918304786272e-06,2,2,free,0,0.14795547160458378,0.17056137951435965,5,1,840,0,0,0,0.0,0.25,nan,0.21145859268663003
11.5,full+plan,shared,9.357248497461446e-06,2.3114290957342566e-06,2,2,free,0,0.14794313746006982,0.17056067203005243,5,1,840,0,0,0,0.0,0.25,nan,0.21145887176727818
11.55,full+plan,shared,9.055147520654674e-06,2.2345556852009842e-06,2,2,free,0,0.14793121210908255,0.17055998812371254,5,1,840,0,0,0,0.0,0.25,nan,0.21145913962166107
11.600000000000001,full+plan,shared,8.762447930939117e-06,2.160213747957156e-06,2,2,free,0,0.14791968219048424,0.17055932701727922,5,1,840,0,0,0,0.0,0.25,nan,0.21145939668861768
11.65,full+plan,shared,8.478877174887097e-06,2.088321551580736e-06,2,2,free,0,0.14790853476735422,0.17055868795784604,5,1,840,0,0,0,0.0,0.25,nan,0.2114596433914261
11.700000000000001,full+plan,shared,8.204169482366968e-06,2.0187998825088278e-06,2,2,free,0,0.14789775731434907,0.17055807021688787,5,1,840,0,0,0,0.0,0.25,nan,0.21145988013808836
11.75,full+plan,shared,7.938065963095835e-06,1.9515720248453404e-06,2,2,free,0,0.147887337705344,0.17055747308944724,5,1,840,0,0,0,0.0,0.25,nan,0.21146010732188036
11.8,full+plan,shared,7.68031423840669e-06,1.8865636289239728e-06,2,2,free,0,0.14787726420148994,0.17055689589347187,5,1,840,0,0,0,0.0,0.25,nan,0.21146032532164283
11.850000000000001,full+plan,shared,7.4306684493453185e-06,1.8237026823740794e-06,2,2,free,0,0.1478675254395021,0.17055633796906014,5,1,840,0,0,0,0.0,0.25,nan,0.2114605345022308
11.9,full+plan,shared,7.188889187412043e-06,1.7629194079685956e-06,2,2,free,0,0.14785811042030161,0.17055579867780318,5,1,840,0,0,0,0.0,0.25,nan,0.21146073521494146
11.950000000000001,full+plan,shared,6.954743140226296e-06,1.7041462419732437e-06,2,2,free,0,0.1478490084978955,0.1705552774020627,5,1,840,0,0,0,0.0,0.25,nan,0.21146092779787307
12.0,full+plan,shared,6.728003224042095e-06,1.6473177427461954e-06,2,2,free,0,0.147840209368634,0.1705547735443549,5,1,840,0,0,0,0.0,0.25,nan,0.21146111257643596
12.05,full+plan,shared,6.508448285640319e-06,1.5923705279775147e-06,2,2,free,0,0.14783170306070698,0.17055428652671098,5,1,840,0,0,0,0.0,0.25,nan,0.21146128986362378
12.100000000000001,full+plan,shared,6.295863087115955e-06,1.5392432208402257e-06,2,2,free,0,0.1478234799239474,0.17055381579005538,5,1,840,0,0,0,0.0,0.25,nan,0.21146145996052768
12.15,full+plan,shared,6.090038094273581e-06,1.4878763835456944e-06,2,2,free,0,0.14781553061989616,0.17055336079361216,5,1,840,0,0,0,0.0,0.25,nan,0.21146162315668626
12.200000000000001,full+plan,shared,5.8907694038664915e-06,1.4382124700085633e-06,2,2,free,0,0.14780784611217113,0.1705529210143188,5,1,840,0,0,0,0.0,0.25,nan,0.2114617797304389
12.25,full+plan,shared,5.697858629949113e-06,1.390195755821145e-06,2,2,free,0,0.14780041765708374,0.17055249594627123,5,1,840,0,0,0,0.0,0.25,nan,0.21146192994938506
12.3,full+plan,shared,5.511112787793346e-06,1.3437723100012471e-06,2,2,free,0,0.1477932367945135,0.17055208510015582,5,1,840,0,0,0,0.0,0.25,nan,0.21146207407060513
12.350000000000001,full+plan,shared,5.330344239378353e-06,1.298889906688681e-06,2,2,free,0,0.14778629533908028,0.17055168800275,5,1,840,0,0,0,0.0,0.25,nan,0.21146221234124873
12.4,full+plan,shared,5.155370412504083e-06,1.2554979903215451e-06,2,2,free,0,0.14777958537152852,0.17055130419639283,5,1,840,0,0,0,0.0,0.25,nan,0.2114623449986347
12.450000000000001,full+plan,shared,4.98601388667615e-06,1.2135476364759848e-06,2,2,free,0,0.14777309923036946,0.17055093323847267,5,1,840,0,0,0,0.0,0.25,nan,0.2114624722708155
12.5,full+plan,shared,4.822102083674146e-06,1.1729914763963816e-06,2,2,free,0,0.1477668295037886,0.17055057470097157,5,1,840,0,0,0,0.0,0.25,nan,0.21146259437681947
12.55,full+plan,shared,4.663467309746746e-06,1.1337836689791482e-06,2,2,free,0,0.14776076902175794,0.1705502281699759,5,1,840,0,0,0,0.0,0.25,nan,0.21146271152695972
12.600000000000001,full+plan,shared,4.509946590138394e-06,1.0958798487308293e-06,2,2,free,0,0.14775491084839332,0.17054989324522696,5,1,840,0,0,0,0.0,0.25,nan,0.2114628239231836
12.65,full+plan,shared,4.361381598552361e-06,1.0592370862963855e-06,2,2,free,0,0.14774924827452884,0.17054956953967,5,1,840,0,0,0,0.0,0.25,nan,0.21146293175936026
12.700000000000001,full+plan,shared,4.2176184888021514e-06,1.0238138210539203e-06,2,2,free,0,0.14774377481054957,0.17054925667905882,5,1,840,0,0,0,0.0,0.25,nan,0.21146303522159993
12.75,full+plan,shared,4.078507805633894e-06,9.895698494810501e-07,2,2,free,0,0.1477384841793698,0.1705489543015044,5,1,840,0,0,0,0.0,0.25,nan,0.21146313448856324
12.8,full+plan,shared,3.943904413399556e-06,9.564662621865616e-07,2,2,free,0,0.14773337030967787,0.1705486620570963,5,1,840,0,0,0,0.0,0.25,nan,0.21146322973171217
12.850000000000001,full+plan,shared,3.8136674105672408e-06,9.244654106080507e-07,2,2,free,0,0.14772842732935804,0.17054837960750602,5,1,840,0,0,0,0.0,0.25,nan,0.21146332111556354
12.9,full+plan,shared,3.6876599183298917e-06,8.935308728006402e-07,2,2,free,0,0.1477236495591106,0.17054810662560685,5,1,840,0,0,0,0.0,0.25,nan,0.21146340879805414
12.950000000000001,full+plan,shared,3.565749063854952e-06,8.636274043710931e-07,2,2,free,0,0.1477190315062869,0.17054784279511756,5,1,840,0,0,0,0.0,0.25,nan,0.21146349293066746
13.0,full+plan,shared,3.4478058963832083e-06,8.347209054655421e-07,2,2,free,0,0.14771456785888853,0.17054758781024879,5,1,840,0,0,0,0.0,0.25,nan,0.21146357365872548
13.05,full+plan,shared,3.333705261096672e-06,8.067783934621989e-07,2,2,free,0,0.1477102534797486,0.17054734137534833,5,1,840,0,0,0,0.0,0.25,nan,0.21146365112168908
13.100000000000001,full+plan,shared,3.2233256901153925e-06,7.797679518339984e-07,2,2,free,0,0.14770608340091274,0.1705471032045864,5,1,840,0,0,0,0.0,0.25,nan,0.2114637254533217
13.15,full+plan,shared,3.116549339634733e-06,7.536587129503897e-07,2,2,free,0,0.14770205281817378,0.17054687302162005,5,1,840,0,0,0,0.0,0.25,nan,0.21146379678193805
13.200000000000001,full+plan,shared,3.0132618595841324e-06,7.284208114876357e-07,2,2,free,0,0.1476981570857862,0.1705466505592933,5,1,840,0,0,0,0.0,0.25,nan,0.21146386523057192
13.25,full+plan,shared,2.9133523476652478e-06,7.040253606176095e-07,2,2,free,0,0.1476943917113333,0.17054643555932916,5,1,840,0,0,0,0.0,0.25,nan,0.21146393091728244
13.3,full+plan,shared,2.8167132113757945e-06,6.804444173259364e-07,2,2,free,0,0.14769075235076412,0.17054622777204154,5,1,840,0,0,0,0.0,0.25,nan,0.21146399395526883
13.350000000000001,full+plan,shared,2.7232401061742085e-06,6.576509586523902e-07,2,2,free,0,0.1476872348035746,0.17054602695604812,5,1,840,0,0,0,0.0,0.25,nan,0.21146405445307292
13.4,full+plan,shared,2.632831855057049e-06,6.356188362225134e-07,2,2,free,0,0.1476838350081615,0.17054583287801137,5,1,840,0,0,0,0.0,0.25,nan,0.2114641125147959
13.450000000000001,full+plan,shared,2.5453903464652974e-06,6.143227695742149e-07,2,2,free,0,0.14768054903728228,0.1705456453123538,5,1,840,0,0,0,0.0,0.25,nan,0.21146416824027015
13.5,full+plan,shared,2.460820463243221e-06,5.937383064346588e-07,2,2,free,0,0.14767737309369544,0.1705454640410146,5,1,840,0,0,0,0.0,0.25,nan,0.2114642217252093
13.55,full+plan,shared,2.379029990783038e-06,5.73841793245755e-07,2,2,free,0,0.14767430350592503,0.17054528885320377,5,1,840,0,0,0,0.0,0.25,nan,0.2114642730613917
13.600000000000001,full+plan,shared,2.299929556924913e-06,5.54610355407687e-07,2,2,free,0,0.14767133672415111,0.1705451195451586,5,1,840,0,0,0,0.0,0.25,nan,0.21146432233681767
13.65,full+plan,shared,2.223432513407064e-06,5.360218789175267e-07,2,2,free,0,0.1476684693162284,0.1705449559199014,5,1,840,0,0,0,0.0,0.25,nan,0.21146436963585857
13.700000000000001,full+plan,shared,2.1494549028722114e-06,5.18054964971777e-07,2,2,free,0,0.1476656979638603,0.1705447977870397,5,1,840,0,0,0,0.0,0.25,nan,0.21146441503940727
13.75,full+plan,shared,2.0779153599884264e-06,5.006889314150345e-07,2,2,free,0,0.14766301945885096,0.17054464496252303,5,1,840,0,0,0,0.0,0.25,nan,0.21146445862502083
13.8,full+plan,shared,2.0087350477217755e-06,4.839037717322894e-07,2,2,free,0,0.14766043069951124,0.1705444972684495,5,1,840,0,0,0,0.0,0.25,nan,0.21146450046703646
13.850000000000001,full+plan,shared,1.9418375791967613e-06,4.6768014008876243e-07,2,2,free,0,0.14765792868716598,0.1705443545328572,5,1,840,0,0,0,0.0,0.25,nan,0.21146454063673603
13.9,full+plan,shared,1.8771489470943533e-06,4.519993290817678e-07,2,2,free,0,0.14765551052276865,0.170544216589528,5,1,840,0,0,0,0.0,0.25,nan,0.21146457920245265
13.950000000000001,full+plan,shared,1.8145974623249134e-06,4.3684325355277395e-07,2,2,free,0,0.14765317340362816,0.17054408327779208,5,1,840,0,0,0,0.0,0.25,nan,0.21146461622969992
14.0,full+plan,shared,1.7541136814332877e-06,4.221944195511542e-07,2,2,free,0,0.14765091462025054,0.17054395444235515,5,1,840,0,0,0,0.0,0.25,nan,0.2114646517812756
14.05,full+plan,shared,1.6956303436467998e-06,4.080359167140291e-07,2,2,free,0,0.14764873155326358,0.17054382993310852,5,1,840,0,0,0,0.0,0.25,nan,0.21146468591739043
14.100000000000001,full+plan,shared,1.6390822995727029e-06,3.9435139232271315e-07,2,2,free,0,0.14764662167045606,0.17054370960496423,5,1,840,0,0,0,0.0,0.25,nan,0.21146471869574868
14.15,full+plan,shared,1.5844064543582318e-06,3.811250343120225e-07,2,2,free,0,0.14764458252390433,0.17054359331768668,5,1,840,0,0,0,0.0,0.25,nan,0.21146475017168143
14.200000000000001,full+plan,shared,1.531541732834227e-06,3.683415547904299e-07,2,2,free,0,0.14764261174718968,0.17054348093572946,5,1,840,0,0,0,0.0,0.25,nan,0.21146478039822514
14.25,full+plan,shared,1.4804289556329089e-06,3.559861753047226e-07,2,2,free,0,0.14764070705271648,0.1705433723280792,5,1,840,0,0,0,0.0,0.25,nan,0.21146480942622048
14.3,full+plan,shared,1.4310108623540538e-06,3.440446021606159e-07,2,2,free,0,0.14763886622910788,0.17054326736811107,5,1,840,0,0,0,0.0,0.25,nan,0.21146483730441157
14.350000000000001,full+plan,shared,1.38323198045525e-06,3.3250302147607264e-07,2,2,free,0,0.14763708713868268,0.17054316593343258,5,1,840,0,0,0,0.0,0.25,nan,0.21146486407951637
14.4,full+plan,shared,1.3370386216782787e-06,3.21348071879177e-07,2,2,free,0,0.14763536771502983,0.17054306790575394,5,1,840,0,0,0,0.0,0.25,nan,0.2114648897963317
14.450000000000001,full+plan,shared,1.2923788085108897e-06,3.1056684064154856e-07,2,2,free,0,0.14763370596064207,0.17054297317074119,5,1,840,0,0,0,0.0,0.25,nan,0.2114649144977906
14.5,full+plan,shared,1.2492022394656062e-06,3.001468418467444e-07,2,2,free,0,0.14763209994463988,0.17054288161789027,5,1,840,0,0,0,0.0,0.25,nan,0.21146493822506296
14.55,full+plan,shared,1.2074602016323173e-06,2.9007600324619925e-07,2,2,free,0,0.1476305478005675,0.1705427931403997,5,1,840,0,0,0,0.0,0.25,nan,0.21146496101761325
14.600000000000001,full+plan,shared,1.1671055536352935e-06,2.803426548444935e-07,2,2,free,0,0.1476290477242549,0.17054270763504426,5,1,840,0,0,0,0.0,0.25,nan,0.21146498291326898
14.65,full+plan,shared,1.1280926772418909e-06,2.7093551578594414e-07,2,2,free,0,0.14762759797175623,0.1705426250020563,5,1,840,0,0,0,0.0,0.25,nan,0.2114650039483018
14.700000000000001,full+plan,shared,1.0903774089036526e-06,2.618436800446925e-07,2,2,free,0,0.1476261968573509,0.1705425451450112,5,1,840,0,0,0,0.0,0.25,nan,0.21146502415748747
14.75,full+plan,shared,1.0539170172459726e-06,2.530566021593797e-07,2,2,free,0,0.14762484275161647,0.17054246797071818,5,1,840,0,0,0,0.0,0.25,nan,0.21146504357416085
14.8,full+plan,shared,1.0186701503129478e-06,2.4456408994919436e-07,2,2,free,0,0.1476235340795553,0.17054239338910757,5,1,840,0,0,0,0.0,0.25,nan,0.21146506223028239
14.850000000000001,full+plan,shared,9.845967977581265e-07,2.3635629163705777e-07,2,2,free,0,0.14762226931878725,0.1705423213131275,5,1,840,0,0,0,0.0,0.25,nan,0.21146508015649268
14.9,full+plan,shared,9.516582296837068e-07,2.2842368007747722e-07,2,2,free,0,0.14762104699780854,0.17054225165864845,5,1,840,0,0,0,0.0,0.25,nan,0.21146509738217267
14.950000000000001,full+plan,shared,9.198169821131595e-07,2.207570480807412e-07,2,2,free,0,0.14761986569429358,0.1705421843443592,5,1,840,0,0,0,0.0,0.25,nan,0.21146511393549383
15.0,full+plan,shared,8.890368008678442e-07,2.133474943994364e-07,2,2,free,0,0.14761872403346432,0.1705421192916755,5,1,840,0,0,0,0.0,0.25,nan,0.21146512984347277
