t,mode,scenario,e_left,e_right,step_left,step_right,coord_state,plan_active,d_self_model,d_env_model,n_constraints,qp_ok,n_obstacle_pts,n_arm_arm,n_arm_env,n_arm_torso,pen,d_arms,d_obst,d_belt
0.05,off,shared,0.2271549292734434,0.22715492859616165,0,0,,0,0.05676101943747254,inf,0,1,0,0,0,0,0.0,0.25,nan,0.2243607806222382
0.1,off,shared,0.19873879170595735,0.19873878950225107,0,0,,0,0.05182377084928909,inf,0,1,0,0,0,0,0.0,0.2404356934355501,nan,0.23536481395678244
0.15000000000000002,off,shared,0.17405211712518878,0.17405211038237803,0,0,,0,0.04981254270195436,inf,0,1,0,0,0,0,0.0,0.20245929162246645,nan,0.2448303179052561
0.2,off,shared,0.1525553054013146,0.15255529276260815,0,0,,0,0.04992176646724232,inf,0,1,0,0,0,0,0.0,0.1692168274097479,nan,0.2530198656083972
0.25,off,shared,0.13380219868000418,0.13380217978160067,0,0,,0,0.051561493586906995,inf,0,1,0,0,0,0,0.0,0.1404843693739139,nan,0.26013761632851795
0.30000000000000004,off,shared,0.11741838025865978,0.1174183553317892,0,0,,0,0.05428666100876399,inf,0,1,0,0,0,0,0.0,0.11513660193591832,nan,0.26634548523177315
0.35000000000000003,off,shared,0.10308721827826062,0.10308718787318179,0,0,,0,0.057757880257025676,inf,0,1,0,0,0,0,0.0,0.09303438254056975,nan,0.2717741574555571
0.4,off,shared,0.09053938081816848,0.09053934563341123,0,0,,0,0.05879256417296838,inf,0,1,0,0,0,0,0.0,0.07387891605634689,nan,0.27653086620392087
0.45,off,shared,0.07954454185462038,0.07954450265490774,0,0,,0,0.04112413602743628,inf,0,1,0,0,0,0,0.0,0.05708889326648681,nan,0.2807049276437671
0.5,off,shared,0.06990475170058248,0.06990470923228377,0,0,,0,0.025682792655241232,inf,0,1,0,0,0,0,0.0,0.042253104206432614,nan,0.28437169593182376
0.55,off,shared,0.06144913208378195,0.0614490870600072,0,0,,0,0.01217872536307299,inf,0,1,0,0,0,0,0.0,0.029429271692270095,nan,0.2875954160899862
0.6000000000000001,off,shared,0.05402961854493732,0.05402957161021044,0,0,,0,0.0003627678248941807,inf,0,1,0,0,0,0,0.0,0.018465235967138022,nan,0.2904313158666264
0.65,off,shared,0.04751751905939256,0.047517470788744805,0,0,,0,-0.009980052176206386,inf,0,1,0,0,0,0,0.0,0.00960026367368496,nan,0.29292717308063054
0.7000000000000001,off,shared,0.041800704317301735,0.04180065521370209,0,0,,0,-0.01903578966096625,inf,0,1,0,1,0,0,-0.001473751721492213,0.0,nan,0.29512451863686506
0.75,off,shared,0.036781287675598885,0.036781238180249705,0,0,,0,-0.027682962505692965,inf,0,1,0,2,0,0,-0.009097371534464462,0.0,nan,0.2970595823248222
0.8,off,shared,0.03237368829594989,0.03237363878092165,0,0,,0,-0.03534218460606741,inf,0,1,0,2,0,0,-0.015876632643375594,0.0,nan,0.2987640529817178
0.8500000000000001,off,shared,0.028502998054009288,0.02850294883745206,0,0,,0,-0.04206260319758986,inf,0,1,0,2,0,0,-0.02178882505955082,0.0,nan,0.3002657012532185
0.9,off,shared,0.02510359300524257,0.025103544354348202,0,0,,0,-0.04796070243741251,inf,0,1,0,2,0,0,-0.026975757728123672,0.0,nan,0.3015888980783016
0.9500000000000001,off,shared,0.022117944500359827,0.022117896635948223,0,0,,0,-0.053138218831373304,inf,0,1,0,2,0,0,-0.031499126641609115,0.0,nan,0.30275505213107656
1.0,off,shared,0.019495595527109433,0.019495548632209352,0,0,,0,-0.05768407918363797,inf,0,1,0,5,0,0,-0.035534054214059516,0.0,nan,0.3037829828171993
1.05,off,shared,0.01719227529957801,0.017192229523355793,0,0,,0,-0.06167606702375274,inf,0,1,0,5,0,0,-0.03905602108156125,0.0,nan,0.30468924107274764
1.1,off,shared,0.015169130650762246,0.015169086109354678,0,0,,0,-0.06518225921919149,inf,0,1,0,6,0,0,-0.04213831341393704,0.0,nan,0.30548838709689086
1.1500000000000001,off,shared,0.013392056882094026,0.013392013663082505,0,0,,0,-0.06826226734048713,inf,0,1,0,5,0,0,-0.044861717242102854,0.0,nan,0.30619323204282434
1.2000000000000002,off,shared,0.011831113888412067,0.01183107206285884,0,0,,0,-0.07096831266242454,inf,0,1,0,5,0,0,-0.04723770350787822,0.0,nan,0.3068150491730922
1.25,off,shared,0.01046001575644545,0.010459975374082262,0,0,,0,-0.07334615893883864,inf,0,1,0,7,0,0,-0.04930898918586492,0.0,nan,0.3073637588511072
1.3,off,shared,0.009255683971879107,0.009255645063527253,0,0,,0,-0.07543592318021361,inf,0,1,0,5,0,0,-0.05117715241397628,0.0,nan,0.30784809094702326
1.35,off,shared,0.00819785586604823,0.008197818449970586,0,0,,0,-0.0772727814857162,inf,0,1,0,6,0,0,-0.05280799715453991,0.0,nan,0.3082757276001312
1.4000000000000001,off,shared,0.007268741199632973,0.007268705281865729,0,0,,0,-0.07888758435191123,inf,0,1,0,5,0,0,-0.05423011945708638,0.0,nan,0.308653428847247
1.4500000000000002,off,shared,0.006452720760856899,0.006452686336609378,0,0,,0,-0.080307393660846,inf,0,1,0,5,0,0,-0.055464279331931994,0.0,nan,0.30898714319741594
1.5,off,shared,0.005736081682970059,0.00573604873971508,0,0,,0,-0.08155595181557868,inf,0,1,0,5,0,0,-0.05655596467742706,0.0,nan,0.3092821050222906
1.55,off,shared,0.005106784927256839,0.005106753445915827,0,0,,0,-0.0826540918861473,inf,0,1,0,5,0,0,-0.05752715540875403,0.0,nan,0.30954292029810004
1.6,off,shared,0.0045542609339879496,0.004554230894396143,0,0,,0,-0.08362009646064436,inf,0,1,0,5,0,0,-0.058340157066887756,0.0,nan,0.3097736421211986
1.6500000000000001,off,shared,0.00406922997437232,0.004069201347283042,0,0,,0,-0.08447001175886573,inf,0,1,0,5,0,0,-0.059073176557860166,0.0,nan,0.30997783719267813
1.7000000000000002,off,shared,0.0036435441501801277,0.0036435169049813696,0,0,,0,-0.08521792272928047,inf,0,1,0,5,0,0,-0.059658993699886434,0.0,nan,0.3101586443431327
1.75,off,shared,0.0032700484037047153,0.0032700225081030653,0,0,,0,-0.08587619406087489,inf,0,1,0,5,0,0,-0.06015761815095332,0.0,nan,0.310318826043111
1.8,off,shared,0.0029424582197508536,0.0029424336383429357,0,0,,0,-0.08645568138237207,inf,0,1,0,6,0,0,-0.06054092738528418,0.0,nan,0.3104608137270394
1.85,off,shared,0.0026552519958644464,0.00265522869321728,0,0,,0,-0.08696591639342774,inf,0,1,0,5,0,0,-0.06071478508357372,0.0,nan,0.3105867476787977
1.9000000000000001,off,shared,0.0024035763426732927,0.0024035542819934477,0,0,,0,-0.08741526916415318,inf,0,1,0,5,0,0,-0.06079278745703812,0.0,nan,0.3106985121047773
1.9500000000000002,off,shared,0.0021831628013349127,0.0021831419451362752,0,0,,0,-0.08781109045079927,inf,0,1,0,6,0,0,-0.06079018206131091,0.0,nan,0.3107977659910791
2.0,off,shared,0.001990254682978667,0.0019902349932841095,1,1,,0,-0.08815983650065734,inf,0,1,0,6,0,0,-0.0607850966181868,0.0,nan,0.31088597023339337
2.0500000000000003,off,shared,0.22539719934700622,0.22539721903171336,1,1,,0,-0.08846717850507432,inf,0,1,0,2,0,0,-0.01292419347033498,0.0,nan,0.29867587181807365
2.1,off,shared,0.1972446980716897,0.19724471414909744,1,1,,0,-0.03903018586609455,inf,0,1,0,0,0,0,0.0,0.031227562582877667,nan,0.2879975594609746
2.15,off,shared,0.17262757523184577,0.1726275895540792,1,1,,0,0.004246531135905174,inf,0,1,0,0,0,0,0.0,0.06885677706611867,nan,0.27863571113390206
2.2,off,shared,0.1510806819122154,0.15108069535103247,1,1,,0,0.042056500105633166,inf,0,1,0,0,0,0,0.0,0.10200245086205907,nan,0.2704177046514168
2.25,off,shared,0.1322165516389476,0.1322165645588841,1,1,,0,0.07519497335475323,inf,0,1,0,0,0,0,0.0,0.13107423200944984,nan,0.2631993882949112
2.3000000000000003,off,shared,0.11570204234420568,0.11570205486190654,1,1,,0,0.1042273744842228,inf,0,1,0,0,0,0,0.0,0.15655362405511727,nan,0.25685752181485866
2.35,off,shared,0.10124667394465847,0.10124668604393434,1,1,,0,0.1296523873123131,inf,0,1,0,0,0,0,0.0,0.17887815669362186,nan,0.25128533449892243
2.4000000000000004,off,shared,0.08859572314117635,0.08859573475803746,1,1,,0,0.1519106252200665,inf,0,1,0,0,0,0,0.0,0.19840003999767838,nan,0.24638964004639863
2.45,off,shared,0.07752543538822369,0.07752544643177268,1,1,,0,0.16177296873805408,inf,0,1,0,0,0,0,0.0,0.21542026873755288,nan,0.2420887781336193
2.5,off,shared,0.06783926586378017,0.0678392762432106,1,1,,0,0.1641709338053215,inf,0,1,0,0,0,0,0.0,0.23026826036476783,nan,0.23830953059263715
2.5500000000000003,off,shared,0.05936440993318013,0.05936441969301395,1,1,,0,0.16632127878690284,inf,0,1,0,0,0,0,0.0,0.2434218620229283,nan,0.2349053562804696
2.6,off,shared,0.05185336832223152,0.05185337142557373,1,1,,0,0.16722240586805154,inf,0,1,0,0,0,0,0.0,0.25,nan,0.2319221694710646
2.6500000000000004,off,shared,0.04529981784229804,0.04529981545201903,1,1,,0,0.1679398750105462,inf,0,1,0,0,0,0,0.0,0.25,nan,0.22931011715403027
2.7,off,shared,0.03958183234338715,0.039581825491203385,1,1,,0,0.16848858582536536,inf,0,1,0,0,0,0,0.0,0.25,nan,0.227024583190104
2.75,off,shared,0.03459249428127918,0.03459248388453792,1,1,,0,0.16888862032088292,inf,0,1,0,0,0,0,0.0,0.25,nan,0.2250258172820011
2.8000000000000003,off,shared,0.030238285733604063,0.030238272598806445,1,1,,0,0.16916196505325198,inf,0,1,0,0,0,0,0.0,0.25,nan,0.22327855068566727
2.85,off,shared,0.026437569923791513,0.02643755474483805,1,1,,0,0.16933035502400307,inf,0,1,0,0,0,0,0.0,0.25,nan,0.22175160470796562
2.9000000000000004,off,shared,0.02311918377244162,0.02311916713943452,1,1,,0,0.16941397882260467,inf,0,1,0,0,0,0,0.0,0.25,nan,0.220417501358808
2.95,off,shared,0.020221154200206013,0.020221136605592716,1,1,,0,0.169430802368355,inf,0,1,0,0,0,0,0.0,0.25,nan,0.2192520853236467
3.0,off,shared,0.0176895428600946,0.017689524718654395,2,2,,0,0.16939631138583833,inf,0,1,0,0,0,0,0.0,0.25,nan,0.21823416483784774
3.0500000000000003,off,shared,0.015477417563098301,0.015477399211155771,2,2,,0,0.16932352009650115,inf,0,1,0,0,0,0,0.0,0.25,nan,0.21734517678425835
3.1,off,shared,0.013543944060704406,0.013543925772121579,2,2,,0,0.1692231360389398,inf,0,1,0,0,0,0,0.0,0.25,nan,0.2165688791487147
3.1500000000000004,off,shared,0.011853589190452679,0.011853571178097504,2,2,,0,0.16910380522329027,inf,0,1,0,0,0,0,0.0,0.25,nan,0.2158910721035051
3.2,off,shared,0.010375424936693382,0.01037540736689974,2,2,,0,0.16897238787762436,inf,0,1,0,0,0,0,0.0,0.25,nan,0.2152993476253794
3.25,off,shared,0.009082522644710067,0.00908250564316409,2,2,,0,0.16883423391794444,inf,0,1,0,0,0,0,0.0,0.25,nan,0.21478286650356992
3.3000000000000003,off,shared,0.00795142689199623,0.0079514105507959,2,2,,0,0.16869344032427314,inf,0,1,0,0,0,0,0.0,0.25,nan,0.21433216101596175
3.35,off,shared,0.006961699193334517,0.006961683574877242,2,2,,0,0.16855308144466352,inf,0,1,0,0,0,0,0.0,0.25,nan,0.21393896116474365
3.4000000000000004,off,shared,0.0060955225870286105,0.006095507731414783,2,2,,0,0.16841540885329026,inf,0,1,0,0,0,0,0.0,0.25,nan,0.21359570420694907
3.45,off,shared,0.005336832553042552,0.00533681845183263,2,2,,0,0.16827533542672263,inf,0,1,0,0,0,0,0.0,0.25,nan,0.21329677578415696
3.5,off,shared,0.004673271310469777,0.0046732579441712,2,2,,0,0.16812805067153708,inf,0,1,0,0,0,0,0.0,0.25,nan,0.21303622541255984
3.5500000000000003,off,shared,0.004092502717553089,0.004092489988386348,2,2,,0,0.16795205313012207,inf,0,1,0,0,0,0,0.0,0.25,nan,0.21280925292226416
3.6,off,shared,0.0035841976337948243,0.0035841854584216814,2,2,,0,0.16775107946423284,inf,0,1,0,0,0,0,0.0,0.25,nan,0.2126116517066391
3.6500000000000004,off,shared,0.003139317802655598,0.003139306109904048,2,2,,0,0.16752842973158827,inf,0,1,0,0,0,0,0.0,0.25,nan,0.2124397361091298
3.7,off,shared,0.0027499542938931826,0.0027499430240801688,2,2,,0,0.16728702146060048,inf,0,1,0,0,0,0,0.0,0.25,nan,0.21229027755178176
3.75,off,shared,0.002409186223504297,0.0024091753259800415,2,2,,0,0.16702943709533613,inf,0,1,0,0,0,0,0.0,0.25,nan,0.2121604483804821
3.8000000000000003,off,shared,0.002110957189096677,0.0021109466214527827,2,2,,0,0.16675796551809402,inf,0,1,0,0,0,0,0.0,0.25,nan,0.212047772519104
3.85,off,shared,0.001849967196910769,0.0018499569235516785,2,2,,0,0.1664746383180989,inf,0,1,0,0,0,0,0.0,0.25,nan,0.2119500821190975
3.9000000000000004,off,shared,0.0016215781232095327,0.0016215681144199439,2,2,,0,0.16618126142160955,inf,0,1,0,0,0,0,0.0,0.25,nan,0.21186547950027712
3.95,off,shared,0.0014217310125496864,0.0014217212448773774,2,2,,0,0.1658794426568262,inf,0,1,0,0,0,0,0.0,0.25,nan,0.211792303739888
4.0,off,shared,0.0012468737227081402,0.0012468641768762047,2,2,,0,0.16557061575043042,inf,0,1,0,0,0,0,0.0,0.25,nan,0.21172910135836476
4.05,off,shared,0.0010938976184253926,0.0010938882789019455,2,2,,0,0.1652560612147298,inf,0,1,0,0,0,0,0.0,0.25,nan,0.21167460060289967
4.1000000000000005,off,shared,0.0009600821691028073,0.000960073024189596,2,2,,0,0.16493692452340825,inf,0,1,0,0,0,0,0.0,0.25,nan,0.2116276888935419
4.15,off,shared,0.0008430464689743621,0.0008430375101226614,2,2,,0,0.16461423192161317,inf,0,1,0,0,0,0,0.0,0.25,nan,0.21158739304973084
4.2,off,shared,0.0007407067951025104,0.0007406980158507313,2,2,,0,0.164288904189695,inf,0,1,0,0,0,0,0.0,0.25,nan,0.21155286195459266
4.25,off,shared,0.0006512394547615795,0.000651230851655126,2,2,,0,0.1639617686185248,inf,0,1,0,0,0,0,0.0,0.25,nan,0.21152335136325096
4.3,off,shared,0.0005730482471819494,0.0005730398191888193,2,2,,0,0.1636335694424615,inf,0,1,0,0,0,0,0.0,0.25,nan,0.21149821059094454
4.3500000000000005,off,shared,0.0005047359613961405,0.0005047277093255476,2,2,,0,0.16330497692766455,inf,0,1,0,0,0,0,0.0,0.25,nan,0.21147687084917222
4.4,off,shared,0.0004450793977785398,0.00044507132471579723,2,2,,0,0.16297659529938557,inf,0,1,0,0,0,0,0.0,0.25,nan,0.21145883502740148
4.45,off,shared,0.00039300746629045987,0.00039299957782668835,2,2,,0,0.1626489696598169,inf,0,1,0,0,0,0,0.0,0.25,nan,0.21144366874614284
4.5,off,shared,0.0003475819782610995,0.00034757428138826996,2,2,,0,0.162322592034373,inf,0,1,0,0,0,0,0.0,0.25,nan,0.21143099251724762
4.55,off,shared,0.0003079807823674755,0.0003079732854317011,2,2,,0,0.16199790666309494,inf,0,1,0,0,0,0,0.0,0.25,nan,0.21142047488240412
4.6000000000000005,off,shared,0.0002734829639085661,0.00027347567646792494,2,2,,0,0.16167531463742457,inf,0,1,0,0,0,0,0.0,0.25,nan,0.2114118264046706
4.65,off,shared,0.00024345585065269193,0.00024344878460309327,2,2,,0,0.16135517797272703,inf,0,1,0,0,0,0,0.0,0.25,nan,0.211404794406996
4.7,off,shared,0.0002173436173514681,0.00021733678532922767,2,2,,0,0.16103782319176574,inf,0,1,0,0,0,0,0.0,0.25,nan,0.21139915836701262
4.75,off,shared,0.00019465731060094122,0.00019465072573506608,2,2,,0,0.16072354448427645,inf,0,1,0,0,0,0,0.0,0.25,nan,0.2113947258870973
4.800000000000001,off,shared,0.0001749661513629987,0.00017495982755844785,2,2,,0,0.1604126065052226,inf,0,1,0,0,0,0,0.0,0.25,nan,0.21139132916555192
4.8500000000000005,off,shared,0.00015788999855022979,0.000157883949792398,2,2,,0,0.16010524685284216,inf,0,1,0,0,0,0,0.0,0.25,nan,0.211388821909123
4.9,off,shared,0.00014309287277593463,0.00014308711182246675,2,2,,0,0.15980167827535247,inf,0,1,0,0,0,0,0.0,0.25,nan,0.21138707663156386
4.95,off,shared,0.00013027744807130888,0.0001302719856756716,2,2,,0,0.15950209064398008,inf,0,1,0,0,0,0,0.0,0.25,nan,0.21138598228842398
5.0,off,shared,0.0001191804249571871,0.00011917526980865623,2,2,,0,0.1592066527197416,inf,0,1,0,0,0,0,0.0,0.25,nan,0.21138544220853783
5.050000000000001,off,shared,0.00010956868291685023,0.00010956384149563712,2,2,,0,0.15891551374401652,inf,0,1,0,0,0,0,0.0,0.25,nan,0.21138537228497623
5.1000000000000005,off,shared,0.00010123609701010593,0.00010123157194571424,2,2,,0,0.1586288048766475,inf,0,1,0,0,0,0,0.0,0.25,nan,0.21138569939009633
5.15,off,shared,9.4000890532219e-05,9.399668086233624e-05,2,2,,0,0.15834664050047015,inf,0,1,0,0,0,0,0.0,0.25,nan,0.21138635999114264
5.2,off,shared,8.77033916580684e-05,8.7699492840009e-05,2,2,,0,0.15806911941191698,inf,0,1,0,0,0,0,0.0,0.25,nan,0.21138729893813835
5.25,off,shared,8.220406689677988e-05,8.220047136324274e-05,2,2,,0,0.15779632590996012,inf,0,1,0,0,0,0,0.0,0.25,nan,0.21138846840396985
5.300000000000001,off,shared,7.738172816633254e-05,7.737842503153185e-05,2,2,,0,0.15752833079741924,inf,0,1,0,0,0,0,0.0,0.25,nan,0.21138982695701525
5.3500000000000005,off,shared,7.31318320879017e-05,7.312880764271392e-05,2,2,,0,0.15726519230543246,inf,0,1,0,0,0,0,0.0,0.25,nan,0.2113913387508638
5.4,off,shared,6.936483182752755e-05,6.936207053076136e-05,2,2,,0,0.15700695695112565,inf,0,1,0,0,0,0,0.0,0.25,nan,0.2113929728143077
5.45,off,shared,6.600456642719036e-05,6.60020513495051e-05,2,2,,0,0.15675366033463445,inf,0,1,0,0,0,0,0.0,0.25,nan,0.21139470243167213
5.5,off,shared,6.298669567823706e-05,6.298440935570236e-05,2,2,,0,0.15650532788331922,inf,0,1,0,0,0,0,0.0,0.25,nan,0.21139650459947512
5.550000000000001,off,shared,6.025720202938023e-05,6.0255126681814613e-05,2,2,,0,0.15626197554808585,inf,0,1,0,0,0,0,0.0,0.25,nan,0.21139835955336095
5.6000000000000005,off,shared,5.777098139080138e-05,5.776909906207147e-05,2,2,,0,0.15602361045909635,inf,0,1,0,0,0,0,0.0,0.25,nan,0.21140025035277177
5.65,off,shared,5.549054677604502e-05,5.5488840430134314e-05,2,2,,0,0.15579023154120936,inf,0,1,0,0,0,0,0.0,0.25,nan,0.21140216251810673
5.7,off,shared,5.3384858481930776e-05,5.3383311757357025e-05,2,2,,0,0.15556183009514785,inf,0,1,0,0,0,0,0.0,0.25,nan,0.21140408371383212
5.75,off,shared,5.1428287470050005e-05,5.142688495297254e-05,2,2,,0,0.1553383903471069,inf,0,1,0,0,0,0,0.0,0.25,nan,0.21140600347120164
5.800000000000001,off,shared,4.959971148325458e-05,4.959843837884422e-05,2,2,,0,0.1551198899684147,inf,0,1,0,0,0,0,0.0,0.25,nan,0.21140791294638317
5.8500000000000005,off,shared,4.7881739127536876e-05,4.7880582049169606e-05,2,2,,0,0.15490630056914978,inf,0,1,0,0,0,0,0.0,0.25,nan,0.21140980470768078
5.9,off,shared,4.62600519106568e-05,4.62589989809596e-05,2,2,,0,0.15469758816409446,inf,0,1,0,0,0,0,0.0,0.25,nan,0.21141167255123172
5.95,off,shared,4.4722851236246363e-05,4.472189129444134e-05,2,2,,0,0.15449371361720737,inf,0,1,0,0,0,0,0.0,0.25,nan,0.2114135113386445
6.0,off,shared,4.326039819576356e-05,4.3259521383173784e-05,2,2,,0,0.15429463306258562,inf,0,1,0,0,0,0,0.0,0.25,nan,0.21141531685548542
6.050000000000001,off,shared,4.1864634631521974e-05,4.18638315893258e-05,2,2,,0,0.15410029830331673,inf,0,1,0,0,0,0,0.0,0.25,nan,0.21141708568875972
6.1000000000000005,off,shared,4.0528869030398616e-05,4.052813170531091e-05,2,2,,0,0.15391065719279795,inf,0,1,0,0,0,0,0.0,0.25,nan,0.21141881511746374
6.15,off,shared,3.9247523503342684e-05,3.924684475140249e-05,2,2,,0,0.1537256539931326,inf,0,1,0,0,0,0,0.0,0.25,nan,0.21142050301903093
6.2,off,shared,3.8015924783695004e-05,3.801529768187733e-05,2,2,,0,0.1535452297178893,inf,0,1,0,0,0,0,0.0,0.25,nan,0.2114221477870285
6.25,off,shared,3.683013490656746e-05,3.6829554162537164e-05,2,2,,0,0.15336932245632606,inf,0,1,0,0,0,0,0.0,0.25,nan,0.21142374825880406
6.300000000000001,off,shared,3.568681621985265e-05,3.5686276670068166e-05,2,2,,0,0.1531978676796299,inf,0,1,0,0,0,0,0.0,0.25,nan,0.2114253036529824
6.3500000000000005,off,shared,3.458311946705153e-05,3.458261639115305e-05,2,2,,0,0.15303079853176593,inf,0,1,0,0,0,0,0.0,0.25,nan,0.21142681351492543
6.4,off,shared,3.351659420531289e-05,3.3516123800810514e-05,2,2,,0,0.15286804610490345,inf,0,1,0,0,0,0,0.0,0.25,nan,0.2114282776682651
6.45,off,shared,3.2485117277332016e-05,3.248467587412116e-05,2,2,,0,0.1527095396979315,inf,0,1,0,0,0,0,0.0,0.25,nan,0.21142969617381413
6.5,off,shared,3.1486833674600866e-05,3.148641818954901e-05,2,2,,0,0.1525552070621547,inf,0,1,0,0,0,0,0.0,0.25,nan,0.2114310692928546
6.550000000000001,off,shared,3.0520109387399874e-05,3.051971717186753e-05,2,2,,0,0.15240497463181307,inf,0,1,0,0,0,0,0.0,0.25,nan,0.21143239745576203
6.6000000000000005,off,shared,2.9583493453525858e-05,2.9583122015610514e-05,2,2,,0,0.15225876774081148,inf,0,1,0,0,0,0,0.0,0.25,nan,0.2114336812342955
6.65,off,shared,2.8675686602518936e-05,2.8675333694511587e-05,2,2,,0,0.15211651082692956,inf,0,1,0,0,0,0,0.0,0.25,nan,0.2114349213177621
6.7,off,shared,2.7795515776389596e-05,2.7795179670706407e-05,2,2,,0,0.15197812762326052,inf,0,1,0,0,0,0,0.0,0.25,nan,0.21143611849193567
6.75,off,shared,2.6941914376761734e-05,2.6941593494657335e-05,2,2,,0,0.15184354133665207,inf,0,1,0,0,0,0,0.0,0.25,nan,0.21143727362117992
6.800000000000001,off,shared,2.6113905018105317e-05,2.611359801585962e-05,2,2,,0,0.1517126748154099,inf,0,1,0,0,0,0,0.0,0.25,nan,0.211438387632766
6.8500000000000005,off,shared,2.5310585939224413e-05,2.5310291532284445e-05,2,2,,0,0.15158545070536283,inf,0,1,0,0,0,0,0.0,0.25,nan,0.2114394615033136
6.9,off,shared,2.4531119829488447e-05,2.4530836677900987e-05,2,2,,0,0.15146179159530382,inf,0,1,0,0,0,0,0.0,0.25,nan,0.2114404962468991
6.95,off,shared,2.377472464459098e-05,2.3774451992547834e-05,2,2,,0,0.1513416201516662,inf,0,1,0,0,0,0,0.0,0.25,nan,0.21144149290500758
7.0,off,shared,2.3040666132921402e-05,2.3040403035083632e-05,2,2,,0,0.15122485924369844,inf,0,1,0,0,0,0,0.0,0.25,nan,0.21144245253768645
7.050000000000001,off,shared,2.2328251239459918e-05,2.2327997057072994e-05,2,2,,0,0.15111143205915062,inf,0,1,0,0,0,0,0.0,0.25,nan,0.21144337621641773
7.1000000000000005,off,shared,2.163682335689956e-05,2.163657744264102e-05,2,2,,0,0.15100126221068738,inf,0,1,0,0,0,0,0.0,0.25,nan,0.21144426501720626
7.15,off,shared,2.096575776885554e-05,2.0965519550942833e-05,2,2,,0,0.1508942738339552,inf,0,1,0,0,0,0,0.0,0.25,nan,0.21144512001529192
7.2,off,shared,2.031445783883176e-05,2.0314226720151092e-05,2,2,,0,0.15079039167757763,inf,0,1,0,0,0,0,0.0,0.25,nan,0.21144594228068925
7.25,off,shared,1.9682352285672915e-05,1.9682127794734205e-05,2,2,,0,0.15068954118483618,inf,0,1,0,0,0,0,0.0,0.25,nan,0.2114467328738242
7.300000000000001,off,shared,1.9068892529791927e-05,1.90686743415807e-05,2,2,,0,0.1505916485684634,inf,0,1,0,0,0,0,0.0,0.25,nan,0.2114474928426987
7.3500000000000005,off,shared,1.8473550539012803e-05,1.847333838775829e-05,2,2,,0,0.1504966408784843,inf,0,1,0,0,0,0,0.0,0.25,nan,0.21144822321952705
7.4,off,shared,1.789581700492127e-05,1.7895610599797517e-05,2,2,,0,0.15040444606276532,inf,0,1,0,0,0,0,0.0,0.25,nan,0.2114489250190702
7.45,off,shared,1.7335199840080853e-05,1.7334998903839233e-05,2,2,,0,0.15031499302207568,inf,0,1,0,0,0,0,0.0,0.25,nan,0.2114495992362787
7.5,off,shared,1.679122286935824e-05,1.679102707835872e-05,2,2,,0,0.15022821165877576,inf,0,1,0,0,0,0,0.0,0.25,nan,0.21145024684495428
7.550000000000001,off,shared,1.626342449566256e-05,1.6263233617100816e-05,2,2,,0,0.15014403292034378,inf,0,1,0,0,0,0,0.0,0.25,nan,0.2114508687965838
7.6000000000000005,off,shared,1.5751356859017545e-05,1.5751170841662905e-05,2,2,,0,0.1500623888371302,inf,0,1,0,0,0,0,0.0,0.25,nan,0.21145146601931752
7.65,off,shared,1.5254585129165267e-05,1.5254403852911362e-05,2,2,,0,0.14998321255557134,inf,0,1,0,0,0,0,0.0,0.25,nan,0.2114520394172722
7.7,off,shared,1.4772686741629148e-05,1.477251001365831e-05,2,2,,0,0.14990643836657708,inf,0,1,0,0,0,0,0.0,0.25,nan,0.2114525898700229
7.75,off,shared,1.4305250509610537e-05,1.430507818660345e-05,2,2,,0,0.14983200172990485,inf,0,1,0,0,0,0,0.0,0.25,nan,0.2114531182324083
7.800000000000001,off,shared,1.3851876379478212e-05,1.3851708358364842e-05,2,2,,0,0.14975983929410475,inf,0,1,0,0,0,0,0.0,0.25,nan,0.21145362533421685
7.8500000000000005,off,shared,1.3412174666138437e-05,1.3412010966504416e-05,2,2,,0,0.14968988891315194,inf,0,1,0,0,0,0,0.0,0.25,nan,0.2114541119801573
7.9,off,shared,1.2985766052061619e-05,1.2985606460053864e-05,2,2,,0,0.14962208965884916,inf,0,1,0,0,0,0,0.0,0.25,nan,0.2114545789501442
7.95,off,shared,1.257228061284116e-05,1.2572125032004054e-05,2,2,,0,0.14955638183101577,inf,0,1,0,0,0,0,0.0,0.25,nan,0.21145502699912677
8.0,off,shared,1.2171357888859908e-05,1.2171206208071867e-05,2,2,,0,0.1494927069637042,inf,0,1,0,0,0,0,0.0,0.25,nan,0.21145545685772682
8.05,off,shared,1.1782646533255688e-05,1.1782498599695234e-05,2,2,,0,0.1494310078289961,inf,0,1,0,0,0,0,0.0,0.25,nan,0.21145586923214765
8.1,off,shared,1.1405803866003614e-05,1.1405659631607408e-05,2,2,,0,0.1493712284383536,inf,0,1,0,0,0,0,0.0,0.25,nan,0.21145626480489355
8.15,off,shared,1.1040495864832184e-05,1.1040355245523242e-05,2,2,,0,0.1493133140412321,inf,0,1,0,0,0,0,0.0,0.25,nan,0.21145664423509747
8.200000000000001,off,shared,1.0686396645056974e-05,1.0686259625213964e-05,2,2,,0,0.14925721112194656,inf,0,1,0,0,0,0,0.0,0.25,nan,0.2114570081588637
8.25,off,shared,1.0343188500152633e-05,1.0343055022217413e-05,2,2,,0,0.14920286739400485,inf,0,1,0,0,0,0,0.0,0.25,nan,0.21145735718983338
8.3,off,shared,1.001056166434614e-05,1.0010431636789881e-05,2,2,,0,0.14915023179297915,inf,0,1,0,0,0,0,0.0,0.25,nan,0.21145769191980646
8.35,off,shared,9.688213941429865e-06,9.688087300677586e-06,2,2,,0,0.14909925446773786,inf,0,1,0,0,0,0,0.0,0.25,nan,0.211458012919144
8.4,off,shared,9.37585073630268e-06,9.375727381798838e-06,2,2,,0,0.1490498867697745,inf,0,1,0,0,0,0,0.0,0.25,nan,0.21145832073744064
8.450000000000001,off,shared,9.073184833151396e-06,9.073064661084088e-06,2,2,,0,0.14900208124153247,inf,0,1,0,0,0,0,0.0,0.25,nan,0.21145861590398984
8.5,off,shared,8.779936116428613e-06,8.779819094558498e-06,2,2,,0,0.14895579160340433,inf,0,1,0,0,0,0,0.0,0.25,nan,0.21145889892837444
8.55,off,shared,8.495831602201253e-06,8.495717672350957e-06,2,2,,0,0.14891097273940085,inf,0,1,0,0,0,0,0.0,0.25,nan,0.21145917030105632
8.6,off,shared,8.220605221511124e-06,8.220494301370207e-06,2,2,,0,0.14886758068206912,inf,0,1,0,0,0,0,0.0,0.25,nan,0.21145943049396132
8.65,off,shared,7.953997601844401e-06,7.953889678954465e-06,2,2,,0,0.14882557259645107,inf,0,1,0,0,0,0,0.0,0.25,nan,0.21145967996102344
8.700000000000001,off,shared,7.695756106739619e-06,7.695651064478017e-06,2,2,,0,0.1487849067631581,inf,0,1,0,0,0,0,0.0,0.25,nan,0.21145991913882123
8.75,off,shared,7.445634498432678e-06,7.445532350579283e-06,2,2,,0,0.14874554256099126,inf,0,1,0,0,0,0,0.0,0.25,nan,0.21146014844701744
8.8,off,shared,7.203393023979875e-06,7.203293649642584e-06,2,2,,0,0.1487074404486362,inf,0,1,0,0,0,0,0.0,0.25,nan,0.21146036828902937
8.85,off,shared,6.968798087757693e-06,6.968701429658928e-06,2,2,,0,0.1486705619462631,inf,0,1,0,0,0,0,0.0,0.25,nan,0.21146057905250293
8.9,off,shared,6.741622198458695e-06,6.741528195651022e-06,2,2,,0,0.14863486961636935,inf,0,1,0,0,0,0,0.0,0.25,nan,0.2114607811098902
8.950000000000001,off,shared,6.5216439251461025e-06,6.521552522047811e-06,2,2,,0,0.14860032704433218,inf,0,1,0,0,0,0,0.0,0.25,nan,0.2114609748189621
9.0,off,shared,6.308647639747734e-06,6.308558805880332e-06,2,2,,0,0.1485668988188541,inf,0,1,0,0,0,0,0.0,0.25,nan,0.21146116052332176
9.05,off,shared,6.102423552627655e-06,6.102337222801435e-06,2,2,,0,0.14853455051186149,inf,0,1,0,0,0,0,0.0,0.25,nan,0.21146133855290172
9.1,off,shared,5.902767473706588e-06,5.902683552582782e-06,2,2,,0,0.14850324865859177,inf,0,1,0,0,0,0,0.0,0.25,nan,0.21146150922443263
9.15,off,shared,5.709480724646454e-06,5.70939916208164e-06,2,2,,0,0.14847296073733096,inf,0,1,0,0,0,0,0.0,0.25,nan,0.21146167284200834
9.200000000000001,off,shared,5.522370013588965e-06,5.522290777807805e-06,2,2,,0,0.14844365514917623,inf,0,1,0,0,0,0,0.0,0.25,nan,0.211461829697433
9.25,off,shared,5.341247367236146e-06,5.3411703980221425e-06,2,2,,0,0.14841530119774327,inf,0,1,0,0,0,0,0.0,0.25,nan,0.2114619800707741
9.3,off,shared,5.16592994159993e-06,5.16585522257347e-06,2,2,,0,0.14838786906897317,inf,0,1,0,0,0,0,0.0,0.25,nan,0.21146212423073407
9.35,off,shared,4.996240035357896e-06,4.9961674832823114e-06,2,2,,0,0.14836132981079642,inf,0,1,0,0,0,0,0.0,0.25,nan,0.21146226243511979
9.4,off,shared,4.832004832161186e-06,4.831934382263272e-06,2,2,,0,0.14833565531320458,inf,0,1,0,0,0,0,0.0,0.25,nan,0.21146239493125918
9.450000000000001,off,shared,4.673056362179614e-06,4.672988009121138e-06,2,2,,0,0.14831081828820714,inf,0,1,0,0,0,0,0.0,0.25,nan,0.2114625219563332
9.5,off,shared,4.519231421158089e-06,4.5191650707570836e-06,2,2,,0,0.1482867922500044,inf,0,1,0,0,0,0,0.0,0.25,nan,0.2114626437378665
9.55,off,shared,4.370371389335552e-06,4.370306996148625e-06,2,2,,0,0.1482635514953745,inf,0,1,0,0,0,0,0.0,0.25,nan,0.2114627604940248
9.600000000000001,off,shared,4.226322174128332e-06,4.226259697819456e-06,2,2,,0,0.1482410710842466,inf,0,1,0,0,0,0,0.0,0.25,nan,0.2114628724340203
9.65,off,shared,4.08693406790034e-06,4.086873469089371e-06,2,2,,0,0.14821932682050043,inf,0,1,0,0,0,0,0.0,0.25,nan,0.2114629797584452
9.700000000000001,off,shared,3.952061722549995e-06,3.9520029426958404e-06,2,2,,0,0.14819829523294947,inf,0,1,0,0,0,0,0.0,0.25,nan,0.21146308265962033
9.75,off,shared,3.821563930447339e-06,3.8215069275171754e-06,2,2,,0,0.1481779535567087,inf,0,1,0,0,0,0,0.0,0.25,nan,0.21146318132187358
9.8,off,shared,3.695303645063955e-06,3.69524836308704e-06,2,2,,0,0.14815827971468387,inf,0,1,0,0,0,0,0.0,0.25,nan,0.21146327592196112
9.850000000000001,off,shared,3.573147782622223e-06,3.5730941579896034e-06,2,2,,0,0.14813925229948666,inf,0,1,0,0,0,0,0.0,0.25,nan,0.21146336662925747
9.9,off,shared,3.4549671636201314e-06,3.4549151590163983e-06,2,2,,0,0.14812085055555968,inf,0,1,0,0,0,0,0.0,0.25,nan,0.2114634536061456
9.950000000000001,off,shared,3.3406363889136475e-06,3.3405859664607368e-06,2,2,,0,0.14810305436165522,inf,0,1,0,0,0,0,0.0,0.25,nan,0.21146353700822929
10.0,off,shared,3.230033803349668e-06,3.229984909310575e-06,2,2,,0,0.14808584421353704,inf,0,1,0,0,0,0,0.0,0.25,nan,0.21146361698462346
10.05,off,shared,3.1230413443763097e-06,3.1229939495760006e-06,2,2,,0,0.14806920120713307,inf,0,1,0,0,0,0,0.0,0.25,nan,0.21146369367825157
10.100000000000001,off,shared,3.0195444863461174e-06,3.0194985581448965e-06,2,2,,0,0.14805310702191188,inf,0,1,0,0,0,0,0.0,0.25,nan,0.2114637672260541
10.15,off,shared,2.919432117428123e-06,2.9193876041803506e-06,2,2,,0,0.1480375439046278,inf,0,1,0,0,0,0,0.0,0.25,nan,0.21146383775923983
10.200000000000001,off,shared,2.822596452870383e-06,2.822553318746804e-06,2,2,,0,0.14802249465342504,inf,0,1,0,0,0,0,0.0,0.25,nan,0.2114639054035491
10.25,off,shared,2.7289329681377496e-06,2.728891181554577e-06,2,2,,0,0.14800794260220218,inf,0,1,0,0,0,0,0.0,0.25,nan,0.2114639702794502
10.3,off,shared,2.6383403069486524e-06,2.638299820889634e-06,2,2,,0,0.14799387160538569,inf,0,1,0,0,0,0,0.0,0.25,nan,0.2114640325023628
10.350000000000001,off,shared,2.550720188511659e-06,2.550680965232442e-06,2,2,,0,0.14798026602301229,inf,0,1,0,0,0,0,0.0,0.25,nan,0.21146409218286932
10.4,off,shared,2.465977309207474e-06,2.4659393107181887e-06,2,2,,0,0.1479671107061291,inf,0,1,0,0,0,0,0.0,0.25,nan,0.2114641494269237
10.450000000000001,off,shared,2.384019294892591e-06,2.3839824850488313e-06,2,2,,0,0.1479543909825512,inf,0,1,0,0,0,0,0.0,0.25,nan,0.2114642043360052
10.5,off,shared,2.304756609215539e-06,2.3047209558749508e-06,2,2,,0,0.14794209264294444,inf,0,1,0,0,0,0,0.0,0.25,nan,0.2114642570073647
10.55,off,shared,2.228102458276426e-06,2.228067924180162e-06,2,2,,0,0.1479302019272652,inf,0,1,0,0,0,0,0.0,0.25,nan,0.21146430753414058
10.600000000000001,off,shared,2.1539727211397067e-06,2.153939272198822e-06,2,2,,0,0.1479187055114769,inf,0,1,0,0,0,0,0.0,0.25,nan,0.21146435600557012
10.65,off,shared,2.08228587661481e-06,2.08225348617612e-06,2,2,,0,0.14790759049465724,inf,0,1,0,0,0,0,0.0,0.25,nan,0.21146440250713006
10.700000000000001,off,shared,2.0129629476674946e-06,2.0129315767494395e-06,2,2,,0,0.14789684438635214,inf,0,1,0,0,0,0,0.0,0.25,nan,0.21146444712070844
10.75,off,shared,1.945927405789807e-06,1.945897030647904e-06,2,2,,0,0.14788645509431292,inf,0,1,0,0,0,0,0.0,0.25,nan,0.21146448992474742
10.8,off,shared,1.8811051030867705e-06,1.8810757019194186e-06,2,2,,0,0.14787641091255155,inf,0,1,0,0,0,0,0.0,0.25,nan,0.21146453099437557
10.850000000000001,off,shared,1.8184242215826542e-06,1.8183957541873087e-06,2,2,,0,0.14786670050963185,inf,0,1,0,0,0,0,0.0,0.25,nan,0.21146457040157796
10.9,off,shared,1.7578151853103006e-06,1.7577876291496e-06,2,2,,0,0.14785731291734883,inf,0,1,0,0,0,0,0.0,0.25,nan,0.21146460821530122
10.950000000000001,off,shared,1.6992106050042786e-06,1.6991839236842283e-06,2,2,,0,0.14784823751966342,inf,0,1,0,0,0,0,0.0,0.25,nan,0.2114646445015863
11.0,off,shared,1.642545214597452e-06,1.64251937981582e-06,2,2,,0,0.14783946404196102,inf,0,1,0,0,0,0,0.0,0.25,nan,0.21146467932370727
11.05,off,shared,1.587755788498319e-06,1.5877307932481333e-06,2,2,,0,0.14783098254058658,inf,0,1,0,0,0,0,0.0,0.25,nan,0.21146471274225387
11.100000000000001,off,shared,1.5347811324243068e-06,1.5347569383082674e-06,2,2,,0,0.14782278339262583,inf,0,1,0,0,0,0,0.0,0.25,nan,0.211464744815283
11.15,off,shared,1.4835619747593049e-06,1.4835385560510144e-06,2,2,,0,0.1478148572860551,inf,0,1,0,0,0,0,0.0,0.25,nan,0.21146477559840438
11.200000000000001,off,shared,1.434040915800575e-06,1.4340182560281345e-06,2,2,,0,0.14780719521010588,inf,0,1,0,0,0,0,0.0,0.25,nan,0.21146480514488541
11.25,off,shared,1.3861623976304032e-06,1.3861404704686477e-06,2,2,,0,0.1477997884458978,inf,0,1,0,0,0,0,0.0,0.25,nan,0.21146483350575773
11.3,off,shared,1.3398726241037745e-06,1.3398514026676898e-06,2,2,,0,0.1477926285573657,inf,0,1,0,0,0,0,0.0,0.25,nan,0.21146486072989756
11.350000000000001,off,shared,1.2951195239686115e-06,1.2950989836641362e-06,2,2,,0,0.1477857073824097,inf,0,1,0,0,0,0,0.0,0.25,nan,0.21146488686413234
11.4,off,shared,1.25185268005974e-06,1.2518328038147308e-06,2,2,,0,0.14777901702433455,inf,0,1,0,0,0,0,0.0,0.25,nan,0.21146491195332395
11.450000000000001,off,shared,1.2100232946672856e-06,1.21000405901568e-06,2,2,,0,0.14777254984351013,inf,0,1,0,0,0,0,0.0,0.25,nan,0.21146493604044714
11.5,off,shared,1.1695841352024378e-06,1.1695655258197627e-06,2,2,,0,0.14776629844928074,inf,0,1,0,0,0,0,0.0,0.25,nan,0.21146495916667007
11.55,off,shared,1.1304894907283298e-06,1.1304714885966959e-06,2,2,,0,0.14776025569210977,inf,0,1,0,0,0,0,0.0,0.25,nan,0.21146498137143588
11.600000000000001,off,shared,1.0926951150139027e-06,1.092677700354258e-06,2,2,,0,0.14775441465596828,inf,0,1,0,0,0,0,0.0,0.25,nan,0.21146500269252855
11.65,off,shared,1.0561581924709735e-06,1.05614134638521e-06,2,2,,0,0.1477487686509109,inf,0,1,0,0,0,0,0.0,0.25,nan,0.21146502316614846
11.700000000000001,off,shared,1.0208372923947332e-06,1.020820992872838e-06,2,2,,0,0.14774331120591433,inf,0,1,0,0,0,0,0.0,0.25,nan,0.21146504282697876
11.75,off,shared,9.866923138892484e-07,9.866765466982932e-07,2,2,,0,0.14773803606191377,inf,0,1,0,0,0,0,0.0,0.25,nan,0.21146506170825885
11.8,off,shared,9.536844572223315e-07,9.536692039769081e-07,2,2,,0,0.14773293716503744,inf,0,1,0,0,0,0,0.0,0.25,nan,0.2114650798418175
11.850000000000001,off,shared,9.217761839069834e-07,9.217614305663089e-07,2,2,,0,0.14772800866005065,inf,0,1,0,0,0,0,0.0,0.25,nan,0.21146509725817542
11.9,off,shared,8.909311621402963e-07,8.909168960307343e-07,2,2,,0,0.14772324488400584,inf,0,1,0,0,0,0,0.0,0.25,nan,0.21146511398655365
11.950000000000001,off,shared,8.611142592155048e-07,8.611004616723522e-07,2,2,,0,0.14771864036005766,inf,0,1,0,0,0,0,0.0,0.25,nan,0.21146513005496492
12.0,off,shared,8.322914736166027e-07,8.322781226540936e-07,2,2,,0,0.14771418979151302,inf,0,1,0,0,0,0,0.0,0.25,nan,0.2114651454902513
12.05,off,shared,8.044299049980722e-07,8.044169872612873e-07,2,2,,0,0.14770988805603286,inf,0,1,0,0,0,0,0.0,0.25,nan,0.2114651603181349
12.100000000000001,off,shared,7.77497732004083e-07,7.774852370346794e-07,2,2,,0,0.14770573019999877,inf,0,1,0,0,0,0,0.0,0.25,nan,0.21146517456325775
12.15,off,shared,7.514641722813023e-07,7.514520863436076e-07,2,2,,0,0.14770171143307703,inf,0,1,0,0,0,0,0.0,0.25,nan,0.2114651882492492
12.200000000000001,off,shared,7.262994434193757e-07,7.262877562780943e-07,2,2,,0,0.14769782712295215,inf,0,1,0,0,0,0,0.0,0.25,nan,0.21146520139874114
12.25,off,shared,7.019747426295603e-07,7.019634398334428e-07,2,2,,0,0.14769407279019708,inf,0,1,0,0,0,0,0.0,0.25,nan,0.21146521403343155
12.3,off,shared,6.784622050456099e-07,6.784512759224484e-07,2,2,,0,0.14769044410333199,inf,0,1,0,0,0,0,0.0,0.25,nan,0.21146522617411578
12.350000000000001,off,shared,6.557348844373399e-07,6.557243153019553e-07,2,2,,0,0.14768693687401885,inf,0,1,0,0,0,0,0.0,0.25,nan,0.21146523784072102
12.4,off,shared,6.337667083853001e-07,6.337564891466746e-07,2,2,,0,0.14768354705241604,inf,0,1,0,0,0,0,0.0,0.25,nan,0.21146524905235553
12.450000000000001,off,shared,6.125324675690629e-07,6.125225854533993e-07,2,2,,0,0.14768027072267265,inf,0,1,0,0,0,0,0.0,0.25,nan,0.21146525982732645
12.5,off,shared,5.920077802447436e-07,5.91998218475037e-07,2,2,,0,0.1476771040985584,inf,0,1,0,0,0,0,0.0,0.25,nan,0.21146527018319083
12.55,off,shared,5.721690552373605e-07,5.721598077560146e-07,2,2,,0,0.1476740435192565,inf,0,1,0,0,0,0,0.0,0.25,nan,0.21146528013677546
12.600000000000001,off,shared,5.529934886849503e-07,5.529845468499933e-07,2,2,,0,0.14767108544524898,inf,0,1,0,0,0,0,0.0,0.25,nan,0.21146528970421385
12.65,off,shared,5.34459022782238e-07,5.344503786035267e-07,2,2,,0,0.1476682264543679,inf,0,1,0,0,0,0,0.0,0.25,nan,0.211465298900969
12.700000000000001,off,shared,5.165443293408058e-07,5.165359702178679e-07,2,2,,0,0.1476654632379532,inf,0,1,0,0,0,0,0.0,0.25,nan,0.21146530774186745
12.75,off,shared,4.992287807727848e-07,4.992206967152357e-07,2,2,,0,0.14766279259714,inf,0,1,0,0,0,0,0.0,0.25,nan,0.21146531624112896
12.8,off,shared,4.82492425526373e-07,4.824846088584801e-07,2,2,,0,0.14766021143926705,inf,0,1,0,0,0,0,0.0,0.25,nan,0.21146532441238264
12.850000000000001,off,shared,4.663159734335873e-07,4.663084155846159e-07,2,2,,0,0.14765771677438227,inf,0,1,0,0,0,0,0.0,0.25,nan,0.21146533226870134
12.9,off,shared,4.506807747341012e-07,4.5067346602322006e-07,2,2,,0,0.1476553057118788,inf,0,1,0,0,0,0,0.0,0.25,nan,0.21146533982261728
12.950000000000001,off,shared,4.3556878921688694e-07,4.355617251765197e-07,2,2,,0,0.14765297545723427,inf,0,1,0,0,0,0,0.0,0.25,nan,0.21146534708615017
13.0,off,shared,4.209625810027064e-07,4.209557487742737e-07,2,2,,0,0.14765072330884227,inf,0,1,0,0,0,0,0.0,0.25,nan,0.21146535407082523
13.05,off,shared,4.0684528355005754e-07,4.0683867697427945e-07,2,2,,0,0.1476485466549693,inf,0,1,0,0,0,0,0.0,0.25,nan,0.21146536078770006
13.100000000000001,off,shared,3.93200591190817e-07,3.931942015192984e-07,2,2,,0,0.1476464429707866,inf,0,1,0,0,0,0,0.0,0.25,nan,0.2114653672473773
13.15,off,shared,3.800127372867039e-07,3.8000655832879546e-07,2,2,,0,0.14764440981551258,inf,0,1,0,0,0,0,0.0,0.25,nan,0.21146537346002592
13.200000000000001,off,shared,3.672664787571343e-07,3.672605055933175e-07,2,2,,0,0.14764244482963318,inf,0,1,0,0,0,0,0.0,0.25,nan,0.21146537943540034
13.25,off,shared,3.5494707823007334e-07,3.549413037298531e-07,2,2,,0,0.14764054573222896,inf,0,1,0,0,0,0,0.0,0.25,nan,0.2114653851828573
13.3,off,shared,3.4304028569537314e-07,3.430347032824842e-07,2,2,,0,0.14763871031837894,inf,0,1,0,0,0,0,0.0,0.25,nan,0.21146539071137405
13.350000000000001,off,shared,3.315323230412473e-07,3.3152692678203225e-07,2,2,,0,0.14763693645664822,inf,0,1,0,0,0,0,0.0,0.25,nan,0.21146539602956127
13.4,off,shared,3.2040987173990303e-07,3.2040465550654024e-07,2,2,,0,0.14763522208665897,inf,0,1,0,0,0,0,0.0,0.25,nan,0.2114654011456817
13.450000000000001,off,shared,3.096600528050775e-07,3.0965501090756175e-07,2,2,,0,0.1476335652167433,inf,0,1,0,0,0,0,0.0,0.25,nan,0.21146540606765984
13.5,off,shared,2.9927041898352774e-07,2.9926554328646933e-07,2,2,,0,0.14763196392166433,inf,0,1,0,0,0,0,0.0,0.25,nan,0.21146541080310277
13.55,off,shared,2.8922893111876094e-07,2.8922421763400166e-07,2,2,,0,0.14763041634042373,inf,0,1,0,0,0,0,0.0,0.25,nan,0.21146541535930685
13.600000000000001,off,shared,2.795239541717104e-07,2.7951939624626915e-07,2,2,,0,0.14762892067412742,inf,0,1,0,0,0,0,0.0,0.25,nan,0.21146541974327648
13.65,off,shared,2.701442381511177e-07,2.701398317144322e-07,2,2,,0,0.14762747518393227,inf,0,1,0,0,0,0,0.0,0.25,nan,0.2114654239617303
13.700000000000001,off,shared,2.610789092262456e-07,2.6107464808890386e-07,2,2,,0,0.14762607818904933,inf,0,1,0,0,0,0,0.0,0.25,nan,0.21146542802111867
13.75,off,shared,2.523174522388048e-07,2.5231333330224765e-07,2,2,,0,0.14762472806482463,inf,0,1,0,0,0,0,0.0,0.25,nan,0.21146543192763068
13.8,off,shared,2.4384970517120764e-07,2.438457243960361e-07,2,2,,0,0.1476234232408698,inf,0,1,0,0,0,0,0.0,0.25,nan,0.21146543568720844
13.850000000000001,off,shared,2.3566584341390678e-07,2.3566199479093985e-07,2,2,,0,0.14762216219926405,inf,0,1,0,0,0,0,0.0,0.25,nan,0.2114654393055525
13.9,off,shared,2.277563684145748e-07,2.2775264812954332e-07,2,2,,0,0.14762094347281096,inf,0,1,0,0,0,0,0.0,0.25,nan,0.21146544278813784
13.950000000000001,off,shared,2.201120992990566e-07,2.2010850371363037e-07,2,2,,0,0.14761976564335122,inf,0,1,0,0,0,0,0.0,0.25,nan,0.21146544614021867
14.0,off,shared,2.127241619592024e-07,2.1272068648102913e-07,2,2,,0,0.14761862734013365,inf,0,1,0,0,0,0,0.0,0.25,nan,0.21146544936683853
14.05,off,shared,2.055839764596063e-07,2.0558061563941755e-07,2,2,,0,0.14761752723823773,inf,0,1,0,0,0,0,0.0,0.25,nan,0.21146545247284132
14.100000000000001,off,shared,1.986832490272034e-07,1.9867999985093626e-07,2,2,,0,0.14761646405705198,inf,0,1,0,0,0,0,0.0,0.25,nan,0.2114654554628771
14.15,off,shared,1.9201396232046516e-07,1.9201082105542827e-07,2,2,,0,0.14761543655879622,inf,0,1,0,0,0,0,0.0,0.25,nan,0.21146545834140873
14.200000000000001,off,shared,1.8556836810839152e-07,1.855653321774903e-07,2,2,,0,0.14761444354709335,inf,0,1,0,0,0,0,0.0,0.25,nan,0.2114654611127248
14.25,off,shared,1.7933897528388802e-07,1.7933604106721585e-07,2,2,,0,0.14761348386559692,inf,0,1,0,0,0,0,0.0,0.25,nan,0.21146546378094044
14.3,off,shared,1.7331854437274286e-07,1.733157071811598e-07,2,2,,0,0.1476125563966516,inf,0,1,0,0,0,0,0.0,0.25,nan,0.2114654663500103
14.350000000000001,off,shared,1.6750007484136345e-07,1.6749733170365871e-07,2,2,,0,0.14761166006001003,inf,0,1,0,0,0,0,0.0,0.25,nan,0.2114654688237304
14.4,off,shared,1.618768018016801e-07,1.618741503144052e-07,2,2,,0,0.14761079381157932,inf,0,1,0,0,0,0,0.0,0.25,nan,0.21146547120574766
14.450000000000001,off,shared,1.5644218709998584e-07,1.564396243670525e-07,2,2,,0,0.1476099566422192,inf,0,1,0,0,0,0,0.0,0.25,nan,0.21146547349956346
14.5,off,shared,1.5118990862853016e-07,1.5118743115495802e-07,2,2,,0,0.14760914757657678,inf,0,1,0,0,0,0,0.0,0.25,nan,0.21146547570854224
14.55,off,shared,1.461138578052043e-07,1.4611146277900576e-07,2,2,,0,0.1476083656719569,inf,0,1,0,0,0,0,0.0,0.25,nan,0.21146547783591652
14.600000000000001,off,shared,1.4120812810564173e-07,1.4120581336498622e-07,2,2,,0,0.14760761001723655,inf,0,1,0,0,0,0,0.0,0.25,nan,0.21146547988479003
14.65,off,shared,1.3646701240939698e-07,1.3646477507026528e-07,2,2,,0,0.14760687973180514,inf,0,1,0,0,0,0,0.0,0.25,nan,0.2114654818581453
14.700000000000001,off,shared,1.3188499373809754e-07,1.318828305967948e-07,2,2,,0,0.1476061739645506,inf,0,1,0,0,0,0,0.0,0.25,nan,0.21146548375884755
14.75,off,shared,1.2745673804231406e-07,1.274546469057835e-07,2,2,,0,0.1476054918928743,inf,0,1,0,0,0,0,0.0,0.25,nan,0.21146548558964995
14.8,off,shared,1.231770918246595e-07,1.2317507072184085e-07,2,2,,0,0.1476048327217353,inf,0,1,0,0,0,0,0.0,0.25,nan,0.21146548735319792
14.850000000000001,off,shared,1.1904107283750787e-07,1.1903911914568778e-07,2,2,,0,0.1476041956827332,inf,0,1,0,0,0,0,0.0,0.25,nan,0.211465489052033
14.9,off,shared,1.1504386610780702e-07,1.1504197746906619e-07,2,2,,0,0.1476035800332151,inf,0,1,0,0,0,0,0.0,0.25,nan,0.2114654906885992
14.950000000000001,off,shared,1.1118081748864589e-07,1.1117899137830703e-07,2,2,,0,0.1476029850554184,inf,0,1,0,0,0,0,0.0,0.25,nan,0.21146549226524247
15.0,off,shared,1.0744742770719119e-07,1.0744566258553077e-07,2,2,,0,0.1476024100556365,inf,0,1,0,0,0,0,0.0,0.25,nan,0.21146549378421986
0.05,self,shared,0.2271549292734434,0.22715492859616165,0,0,,0,0.05676101943747254,inf,2,1,0,0,0,0,0.0,0.25,nan,0.22430129255519893
0.1,self,shared,0.19873955424583492,0.19873955157529288,0,0,,0,0.052290460093895,inf,2,1,0,0,0,0,0.0,0.2403994846513157,nan,0.23531351018541347
0.15000000000000002,self,shared,0.1740541488414919,0.17405414164611963,0,0,,0,0.05026879173058847,inf,2,1,0,0,0,0,0.0,0.20241709808180364,nan,0.24478697211171851
0.2,self,shared,0.15255728129317686,0.15255726825037982,0,0,,0,0.050359247381471225,inf,2,1,0,0,0,0,0.0,0.16918941487984637,nan,0.2529838424545635
0.25,self,shared,0.13380337772298745,0.13380335849145883,0,0,,0,0.0519756240500137,inf,6,1,0,0,0,0,0.0,0.15021814105578069,nan,0.2589013434870472
0.30000000000000004,self,shared,0.12206364442002345,0.12206361171511791,0,0,,0,0.06468946507700767,inf,6,0,0,0,0,0,0.0,0.15021814105578069,nan,0.2589013434870472
0.35000000000000003,self,shared,0.12206364442002345,0.12206361171511791,0,0,,0,0.06468946507700767,inf,6,0,0,0,0,0,0.0,0.15021814105578069,nan,0.2589013434870472
0.4,self,shared,0.12206364442002345,0.12206361171511791,0,0,,0,0.06468946507700767,inf,6,0,0,0,0,0,0.0,0.15021814105578069,nan,0.2589013434870472
0.45,self,shared,0.12206364442002345,0.12206361171511791,0,0,,0,0.06468946507700767,inf,6,0,0,0,0,0,0.0,0.15021814105578069,nan,0.2589013434870472
0.5,self,shared,0.12206364442002345,0.12206361171511791,0,0,,0,0.06468946507700767,inf,6,0,0,0,0,0,0.0,0.15021814105578069,nan,0.2589013434870472
0.55,self,shared,0.12206364442002345,0.12206361171511791,0,0,,0,0.06468946507700767,inf,6,0,0,0,0,0,0.0,0.15021814105578069,nan,0.2589013434870472
0.6000000000000001,self,shared,0.12206364442002345,0.12206361171511791,0,0,,0,0.06468946507700767,inf,6,0,0,0,0,0,0.0,0.15021814105578069,nan,0.2589013434870472
0.65,self,shared,0.12206364442002345,0.12206361171511791,0,0,,0,0.06468946507700767,inf,6,0,0,0,0,0,0.0,0.15021814105578069,nan,0.2589013434870472
0.7000000000000001,self,shared,0.12206364442002345,0.12206361171511791,0,0,,0,0.06468946507700767,inf,6,0,0,0,0,0,0.0,0.15021814105578069,nan,0.2589013434870472
0.75,self,shared,0.12206364442002345,0.12206361171511791,0,0,,0,0.06468946507700767,inf,6,0,0,0,0,0,0.0,0.15021814105578069,nan,0.2589013434870472
0.8,self,shared,0.12206364442002345,0.12206361171511791,0,0,,0,0.06468946507700767,inf,6,0,0,0,0,0,0.0,0.15021814105578069,nan,0.2589013434870472
0.8500000000000001,self,shared,0.12206364442002345,0.12206361171511791,0,0,,0,0.06468946507700767,inf,6,0,0,0,0,0,0.0,0.15021814105578069,nan,0.2589013434870472
0.9,self,shared,0.12206364442002345,0.12206361171511791,0,0,,0,0.06468946507700767,inf,6,0,0,0,0,0,0.0,0.15021814105578069,nan,0.2589013434870472
0.9500000000000001,self,shared,0.12206364442002345,0.12206361171511791,0,0,,0,0.06468946507700767,inf,6,0,0,0,0,0,0.0,0.15021814105578069,nan,0.2589013434870472
1.0,self,shared,0.12206364442002345,0.12206361171511791,0,0,,0,0.06468946507700767,inf,6,0,0,0,0,0,0.0,0.15021814105578069,nan,0.2589013434870472
1.05,self,shared,0.12206364442002345,0.12206361171511791,0,0,,0,0.06468946507700767,inf,6,0,0,0,0,0,0.0,0.15021814105578069,nan,0.2589013434870472
1.1,self,shared,0.12206364442002345,0.12206361171511791,0,0,,0,0.06468946507700767,inf,6,0,0,0,0,0,0.0,0.15021814105578069,nan,0.2589013434870472
1.1500000000000001,self,shared,0.12206364442002345,0.12206361171511791,0,0,,0,0.06468946507700767,inf,6,0,0,0,0,0,0.0,0.15021814105578069,nan,0.2589013434870472
1.2000000000000002,self,shared,0.12206364442002345,0.12206361171511791,0,0,,0,0.06468946507700767,inf,6,0,0,0,0,0,0.0,0.15021814105578069,nan,0.2589013434870472
1.25,self,shared,0.12206364442002345,0.12206361171511791,0,0,,0,0.06468946507700767,inf,6,0,0,0,0,0,0.0,0.15021814105578069,nan,0.2589013434870472
1.3,self,shared,0.12206364442002345,0.12206361171511791,0,0,,0,0.06468946507700767,inf,6,0,0,0,0,0,0.0,0.15021814105578069,nan,0.2589013434870472
1.35,self,shared,0.12206364442002345,0.12206361171511791,0,0,,0,0.06468946507700767,inf,6,0,0,0,0,0,0.0,0.15021814105578069,nan,0.2589013434870472
1.4000000000000001,self,shared,0.12206364442002345,0.12206361171511791,0,0,,0,0.06468946507700767,inf,6,0,0,0,0,0,0.0,0.15021814105578069,nan,0.2589013434870472
1.4500000000000002,self,shared,0.12206364442002345,0.12206361171511791,0,0,,0,0.06468946507700767,inf,6,0,0,0,0,0,0.0,0.15021814105578069,nan,0.2589013434870472
1.5,self,shared,0.12206364442002345,0.12206361171511791,0,0,,0,0.06468946507700767,inf,6,0,0,0,0,0,0.0,0.15021814105578069,nan,0.2589013434870472
1.55,self,shared,0.12206364442002345,0.12206361171511791,0,0,,0,0.06468946507700767,inf,6,0,0,0,0,0,0.0,0.15021814105578069,nan,0.2589013434870472
1.6,self,shared,0.12206364442002345,0.12206361171511791,0,0,,0,0.06468946507700767,inf,6,0,0,0,0,0,0.0,0.15021814105578069,nan,0.2589013434870472
1.6500000000000001,self,shared,0.12206364442002345,0.12206361171511791,0,0,,0,0.06468946507700767,inf,6,0,0,0,0,0,0.0,0.15021814105578069,nan,0.2589013434870472
1.7000000000000002,self,shared,0.12206364442002345,0.12206361171511791,0,0,,0,0.06468946507700767,inf,6,0,0,0,0,0,0.0,0.15021814105578069,nan,0.2589013434870472
1.75,self,shared,0.12206364442002345,0.12206361171511791,0,0,,0,0.06468946507700767,inf,6,0,0,0,0,0,0.0,0.15021814105578069,nan,0.2589013434870472
1.8,self,shared,0.12206364442002345,0.12206361171511791,0,0,,0,0.06468946507700767,inf,6,0,0,0,0,0,0.0,0.15021814105578069,nan,0.2589013434870472
1.85,self,shared,0.12206364442002345,0.12206361171511791,0,0,,0,0.06468946507700767,inf,6,0,0,0,0,0,0.0,0.15021814105578069,nan,0.2589013434870472
1.9000000000000001,self,shared,0.12206364442002345,0.12206361171511791,0,0,,0,0.06468946507700767,inf,6,0,0,0,0,0,0.0,0.15021814105578069,nan,0.2589013434870472
1.9500000000000002,self,shared,0.12206364442002345,0.12206361171511791,0,0,,0,0.06468946507700767,inf,6,0,0,0,0,0,0.0,0.15021814105578069,nan,0.2589013434870472
2.0,self,shared,0.12206364442002345,0.12206361171511791,0,0,,0,0.06468946507700767,inf,6,0,0,0,0,0,0.0,0.15021814105578069,nan,0.2589013434870472
2.0500000000000003,self,shared,0.12206364442002345,0.12206361171511791,0,0,,0,0.06468946507700767,inf,6,0,0,0,0,0,0.0,0.15021814105578069,nan,0.2589013434870472
2.1,self,shared,0.12206364442002345,0.12206361171511791,0,0,,0,0.06468946507700767,inf,6,0,0,0,0,0,0.0,0.15021814105578069,nan,0.2589013434870472
2.15,self,shared,0.12206364442002345,0.12206361171511791,0,0,,0,0.06468946507700767,inf,6,0,0,0,0,0,0.0,0.15021814105578069,nan,0.2589013434870472
2.2,self,shared,0.12206364442002345,0.12206361171511791,0,0,,0,0.06468946507700767,inf,6,0,0,0,0,0,0.0,0.15021814105578069,nan,0.2589013434870472
2.25,self,shared,0.12206364442002345,0.12206361171511791,0,0,,0,0.06468946507700767,inf,6,0,0,0,0,0,0.0,0.15021814105578069,nan,0.2589013434870472
2.3000000000000003,self,shared,0.12206364442002345,0.12206361171511791,0,0,,0,0.06468946507700767,inf,6,0,0,0,0,0,0.0,0.15021814105578069,nan,0.2589013434870472
2.35,self,shared,0.12206364442002345,0.12206361171511791,0,0,,0,0.06468946507700767,inf,6,0,0,0,0,0,0.0,0.15021814105578069,nan,0.2589013434870472
2.4000000000000004,self,shared,0.12206364442002345,0.12206361171511791,0,0,,0,0.06468946507700767,inf,6,0,0,0,0,0,0.0,0.15021814105578069,nan,0.2589013434870472
2.45,self,shared,0.12206364442002345,0.12206361171511791,0,0,,0,0.06468946507700767,inf,6,0,0,0,0,0,0.0,0.15021814105578069,nan,0.2589013434870472
2.5,self,shared,0.12206364442002345,0.12206361171511791,0,0,,0,0.06468946507700767,inf,6,0,0,0,0,0,0.0,0.15021814105578069,nan,0.2589013434870472
2.5500000000000003,self,shared,0.12206364442002345,0.12206361171511791,0,0,,0,0.06468946507700767,inf,6,0,0,0,0,0,0.0,0.15021814105578069,nan,0.2589013434870472
2.6,self,shared,0.12206364442002345,0.12206361171511791,0,0,,0,0.06468946507700767,inf,6,0,0,0,0,0,0.0,0.15021814105578069,nan,0.2589013434870472
2.6500000000000004,self,shared,0.12206364442002345,0.12206361171511791,0,0,,0,0.06468946507700767,inf,6,0,0,0,0,0,0.0,0.15021814105578069,nan,0.2589013434870472
2.7,self,shared,0.12206364442002345,0.12206361171511791,0,0,,0,0.06468946507700767,inf,6,0,0,0,0,0,0.0,0.15021814105578069,nan,0.2589013434870472
2.75,self,shared,0.12206364442002345,0.12206361171511791,0,0,,0,0.06468946507700767,inf,6,0,0,0,0,0,0.0,0.15021814105578069,nan,0.2589013434870472
2.8000000000000003,self,shared,0.12206364442002345,0.12206361171511791,0,0,,0,0.06468946507700767,inf,6,0,0,0,0,0,0.0,0.15021814105578069,nan,0.2589013434870472
2.85,self,shared,0.12206364442002345,0.12206361171511791,0,0,,0,0.06468946507700767,inf,6,0,0,0,0,0,0.0,0.15021814105578069,nan,0.2589013434870472
2.9000000000000004,self,shared,0.12206364442002345,0.12206361171511791,0,0,,0,0.06468946507700767,inf,6,0,0,0,0,0,0.0,0.15021814105578069,nan,0.2589013434870472
2.95,self,shared,0.12206364442002345,0.12206361171511791,0,0,,0,0.06468946507700767,inf,6,0,0,0,0,0,0.0,0.15021814105578069,nan,0.2589013434870472
3.0,self,shared,0.12206364442002345,0.12206361171511791,0,0,,0,0.06468946507700767,inf,6,0,0,0,0,0,0.0,0.15021814105578069,nan,0.2589013434870472
3.0500000000000003,self,shared,0.12206364442002345,0.12206361171511791,0,0,,0,0.06468946507700767,inf,6,0,0,0,0,0,0.0,0.15021814105578069,nan,0.2589013434870472
3.1,self,shared,0.12206364442002345,0.12206361171511791,0,0,,0,0.06468946507700767,inf,6,0,0,0,0,0,0.0,0.15021814105578069,nan,0.2589013434870472
3.1500000000000004,self,shared,0.12206364442002345,0.12206361171511791,0,0,,0,0.06468946507700767,inf,6,0,0,0,0,0,0.0,0.15021814105578069,nan,0.2589013434870472
3.2,self,shared,0.12206364442002345,0.12206361171511791,0,0,,0,0.06468946507700767,inf,6,0,0,0,0,0,0.0,0.15021814105578069,nan,0.2589013434870472
3.25,self,shared,0.12206364442002345,0.12206361171511791,0,0,,0,0.06468946507700767,inf,6,0,0,0,0,0,0.0,0.15021814105578069,nan,0.2589013434870472
3.3000000000000003,self,shared,0.12206364442002345,0.12206361171511791,0,0,,0,0.06468946507700767,inf,6,0,0,0,0,0,0.0,0.15021814105578069,nan,0.2589013434870472
3.35,self,shared,0.12206364442002345,0.12206361171511791,0,0,,0,0.06468946507700767,inf,6,0,0,0,0,0,0.0,0.15021814105578069,nan,0.2589013434870472
3.4000000000000004,self,shared,0.12206364442002345,0.12206361171511791,0,0,,0,0.06468946507700767,inf,6,0,0,0,0,0,0.0,0.15021814105578069,nan,0.2589013434870472
3.45,self,shared,0.12206364442002345,0.12206361171511791,0,0,,0,0.06468946507700767,inf,6,0,0,0,0,0,0.0,0.15021814105578069,nan,0.2589013434870472
3.5,self,shared,0.12206364442002345,0.12206361171511791,0,0,,0,0.06468946507700767,inf,6,0,0,0,0,0,0.0,0.15021814105578069,nan,0.2589013434870472
3.5500000000000003,self,shared,0.12206364442002345,0.12206361171511791,0,0,,0,0.06468946507700767,inf,6,0,0,0,0,0,0.0,0.15021814105578069,nan,0.2589013434870472
3.6,self,shared,0.12206364442002345,0.12206361171511791,0,0,,0,0.06468946507700767,inf,6,0,0,0,0,0,0.0,0.15021814105578069,nan,0.2589013434870472
3.6500000000000004,self,shared,0.12206364442002345,0.12206361171511791,0,0,,0,0.06468946507700767,inf,6,0,0,0,0,0,0.0,0.15021814105578069,nan,0.2589013434870472
3.7,self,shared,0.12206364442002345,0.12206361171511791,0,0,,0,0.06468946507700767,inf,6,0,0,0,0,0,0.0,0.15021814105578069,nan,0.2589013434870472
3.75,self,shared,0.12206364442002345,0.12206361171511791,0,0,,0,0.06468946507700767,inf,6,0,0,0,0,0,0.0,0.15021814105578069,nan,0.2589013434870472
3.8000000000000003,self,shared,0.12206364442002345,0.12206361171511791,0,0,,0,0.06468946507700767,inf,6,0,0,0,0,0,0.0,0.15021814105578069,nan,0.2589013434870472
3.85,self,shared,0.12206364442002345,0.12206361171511791,0,0,,0,0.06468946507700767,inf,6,0,0,0,0,0,0.0,0.15021814105578069,nan,0.2589013434870472
3.9000000000000004,self,shared,0.12206364442002345,0.12206361171511791,0,0,,0,0.06468946507700767,inf,6,0,0,0,0,0,0.0,0.15021814105578069,nan,0.2589013434870472
3.95,self,shared,0.12206364442002345,0.12206361171511791,0,0,,0,0.06468946507700767,inf,6,0,0,0,0,0,0.0,0.15021814105578069,nan,0.2589013434870472
4.0,self,shared,0.12206364442002345,0.12206361171511791,0,0,,0,0.06468946507700767,inf,6,0,0,0,0,0,0.0,0.15021814105578069,nan,0.2589013434870472
4.05,self,shared,0.12206364442002345,0.12206361171511791,0,0,,0,0.06468946507700767,inf,6,0,0,0,0,0,0.0,0.15021814105578069,nan,0.2589013434870472
4.1000000000000005,self,shared,0.12206364442002345,0.12206361171511791,0,0,,0,0.06468946507700767,inf,6,0,0,0,0,0,0.0,0.15021814105578069,nan,0.2589013434870472
4.15,self,shared,0.12206364442002345,0.12206361171511791,0,0,,0,0.06468946507700767,inf,6,0,0,0,0,0,0.0,0.15021814105578069,nan,0.2589013434870472
4.2,self,shared,0.12206364442002345,0.12206361171511791,0,0,,0,0.06468946507700767,inf,6,0,0,0,0,0,0.0,0.15021814105578069,nan,0.2589013434870472
4.25,self,shared,0.12206364442002345,0.12206361171511791,0,0,,0,0.06468946507700767,inf,6,0,0,0,0,0,0.0,0.15021814105578069,nan,0.2589013434870472
4.3,self,shared,0.12206364442002345,0.12206361171511791,0,0,,0,0.06468946507700767,inf,6,0,0,0,0,0,0.0,0.15021814105578069,nan,0.2589013434870472
4.3500000000000005,self,shared,0.12206364442002345,0.12206361171511791,0,0,,0,0.06468946507700767,inf,6,0,0,0,0,0,0.0,0.15021814105578069,nan,0.2589013434870472
4.4,self,shared,0.12206364442002345,0.12206361171511791,0,0,,0,0.06468946507700767,inf,6,0,0,0,0,0,0.0,0.15021814105578069,nan,0.2589013434870472
4.45,self,shared,0.12206364442002345,0.12206361171511791,0,0,,0,0.06468946507700767,inf,6,0,0,0,0,0,0.0,0.15021814105578069,nan,0.2589013434870472
4.5,self,shared,0.12206364442002345,0.12206361171511791,0,0,,0,0.06468946507700767,inf,6,0,0,0,0,0,0.0,0.15021814105578069,nan,0.2589013434870472
4.55,self,shared,0.12206364442002345,0.12206361171511791,0,0,,0,0.06468946507700767,inf,6,0,0,0,0,0,0.0,0.15021814105578069,nan,0.2589013434870472
4.6000000000000005,self,shared,0.12206364442002345,0.12206361171511791,0,0,,0,0.06468946507700767,inf,6,0,0,0,0,0,0.0,0.15021814105578069,nan,0.2589013434870472
4.65,self,shared,0.12206364442002345,0.12206361171511791,0,0,,0,0.06468946507700767,inf,6,0,0,0,0,0,0.0,0.15021814105578069,nan,0.2589013434870472
4.7,self,shared,0.12206364442002345,0.12206361171511791,0,0,,0,0.06468946507700767,inf,6,0,0,0,0,0,0.0,0.15021814105578069,nan,0.2589013434870472
4.75,self,shared,0.12206364442002345,0.12206361171511791,0,0,,0,0.06468946507700767,inf,6,0,0,0,0,0,0.0,0.15021814105578069,nan,0.2589013434870472
4.800000000000001,self,shared,0.12206364442002345,0.12206361171511791,0,0,,0,0.06468946507700767,inf,6,0,0,0,0,0,0.0,0.15021814105578069,nan,0.2589013434870472
4.8500000000000005,self,shared,0.12206364442002345,0.12206361171511791,0,0,,0,0.06468946507700767,inf,6,0,0,0,0,0,0.0,0.15021814105578069,nan,0.2589013434870472
4.9,self,shared,0.12206364442002345,0.12206361171511791,0,0,,0,0.06468946507700767,inf,6,1,0,0,0,0,0.0,0.13454301282825723,nan,0.2650175764336783
4.95,self,shared,0.11204223659363675,0.11204218944887367,0,0,,0,0.07154432713530894,inf,6,1,0,0,0,0,0.0,0.12159328376292479,nan,0.2704482166088592
5.0,self,shared,0.10355549638569905,0.10355543675392986,0,0,,0,0.07797041642113824,inf,6,1,0,0,0,0,0.0,0.11087290836725322,nan,0.27526175513028395
5.050000000000001,self,shared,0.0963802722205963,0.09638020223735622,0,0,,0,0.07851316879648759,inf,6,1,0,0,0,0,0.0,0.1017543889688303,nan,0.2795222443564308
5.1000000000000005,self,shared,0.09032625274671295,0.09032617457780351,0,0,,0,0.07059597833129103,inf,6,1,0,0,0,0,0.0,0.09400644391424422,nan,0.28328883084990186
5.15,self,shared,0.08522947185493646,0.08522938762246161,0,0,,0,0.06397628908931421,inf,6,1,0,0,0,0,0.0,0.08754973477534297,nan,0.2866155861295855
5.2,self,shared,0.08094793745538817,0.08094784915204706,0,0,,0,0.058439335979053875,inf,6,1,0,0,0,0,0.0,0.08216367152484418,nan,0.28955155889459394
5.25,self,shared,0.07735852096558954,0.07735843040813548,0,0,,0,0.05380683205493089,inf,6,1,0,0,0,0,0.0,0.07766659810263628,nan,0.29214097513603254
5.300000000000001,self,shared,0.07435460732479575,0.07435451615123315,0,0,,0,0.04993037312063925,inf,6,1,0,0,0,0,0.0,0.0739085392927973,nan,0.2944235269748924
5.3500000000000005,self,shared,0.07184420027366627,0.0718441098620694,0,0,,0,0.04668620578401836,inf,6,1,0,0,0,0,0.0,0.07077627291081587,nan,0.29642997031893203
5.4,self,shared,0.06975252373680452,0.06975243477744167,0,0,,0,0.043995583806812844,inf,6,1,0,0,0,0,0.0,0.06804222428569426,nan,0.2981932588882171
5.45,self,shared,0.06801101285287695,0.06801092582364882,0,0,,0,0.041769549964074004,inf,6,1,0,0,0,0,0.0,0.06568688544073693,nan,0.2997432739781073
5.5,self,shared,0.0665608535244166,0.06656076879079259,0,0,,0,0.0399296155624943,inf,6,1,0,0,0,0,0.0,0.06370751369981242,nan,0.3011061947613053
5.550000000000001,self,shared,0.06535261445027354,0.0653525323111411,0,0,,0,0.03841050783739075,inf,6,1,0,0,0,0,0.0,0.06204268041967573,nan,0.3023049626646611
5.6000000000000005,self,shared,0.06434493972126404,0.06434486039683972,0,0,,0,0.037157943745340344,inf,6,1,0,0,0,0,0.0,0.06064117923842071,nan,0.3033596854225916
5.65,self,shared,0.06350336808778062,0.06350329174434408,0,0,,0,0.036126780539566916,inf,6,1,0,0,0,0,0.0,0.05946030648092886,nan,0.3042879895289713
5.7,self,shared,0.06279928013772416,0.06279920690224826,0,0,,0,0.0352794780621104,inf,6,1,0,0,0,0,0.0,0.05846443305704085,nan,0.30510532811865343
5.75,self,shared,0.06220897241334067,0.06220890233843083,0,0,,0,0.034584820345723744,inf,6,1,0,0,0,0,0.0,0.0576238179830854,nan,0.30582525024944773
5.800000000000001,self,shared,0.06171285368018062,0.0617127868145532,0,0,,0,0.0339585963022086,inf,6,1,0,0,0,0,0.0,0.05691362250798367,nan,0.30645963656069386
5.8500000000000005,self,shared,0.061294755594446464,0.06129469194127466,0,0,,0,0.03334716924738315,inf,6,1,0,0,0,0,0.0,0.05631309065199442,nan,0.30701890560372236
5.9,self,shared,0.060941347453926965,0.060941286992235985,0,0,,0,0.032834529609330726,inf,6,1,0,0,0,0,0.0,0.05580486787342941,nan,0.30751219455238876
5.95,self,shared,0.06064164359228951,0.060641586299475414,0,0,,0,0.032404417258959026,inf,6,1,0,0,0,0,0.0,0.05537443457741439,nan,0.30794751746357296
6.0,self,shared,0.06038659174142384,0.06038653758088923,0,0,,0,0.0320432714884825,inf,6,1,0,0,0,0,0.0,0.05500963475898214,nan,0.3083319039762381
6.050000000000001,self,shared,0.06016873088794371,0.060168679804553676,0,0,,0,0.031739780768368836,inf,6,1,0,0,0,0,0.0,0.05470028388996694,nan,0.3086715207885241
6.1000000000000005,self,shared,0.05998190823066736,0.05998186015074272,0,0,,0,0.031484507879066884,inf,6,1,0,0,0,0,0.0,0.0544378425587656,nan,0.308971778120653
6.15,self,shared,0.05982104579164488,0.05982100065298768,0,0,,0,0.03126957773974032,inf,6,1,0,0,0,0,0.0,0.05421122806944722,nan,0.3092374230182927
6.2,self,shared,0.05968194842058891,0.05968190614733227,0,0,,0,0.031088417247829195,inf,6,1,0,0,0,0,0.0,0.05394345640483544,nan,0.3094726210770339
6.25,self,shared,0.05956114621068898,0.059561106730200764,0,0,,0,0.0309355387899274,inf,6,1,0,0,0,0,0.0,0.05370783715985676,nan,0.3096810281039454
6.300000000000001,self,shared,0.059455765212388476,0.059455728447827094,0,0,,0,0.03080635972120055,inf,6,1,0,0,0,0,0.0,0.05349988672826652,nan,0.3098658529008661
6.3500000000000005,self,shared,0.05936342150319365,0.05936338737364836,0,0,,0,0.030697052061712096,inf,6,1,0,0,0,0,0.0,0.05331581126471788,nan,0.3100299123013389
6.4,self,shared,0.059282134371915,0.05928210279564679,0,0,,0,0.030604417207511572,inf,6,1,0,0,0,0,0.0,0.053152395473006625,nan,0.31017567940665847
6.45,self,shared,0.059210255214022976,0.05921022611447952,0,0,,0,0.030525781597667154,inf,6,1,0,0,0,0,0.0,0.05300690963816122,nan,0.3103053258701062
6.5,self,shared,0.05914640921559908,0.05914638251690244,0,0,,0,0.03045890966943711,inf,6,1,0,0,0,0,0.0,0.052877032051177233,nan,0.3104207589524156
6.550000000000001,self,shared,0.05908944757545472,0.05908942320337716,0,0,,0,0.030401931422946338,inf,6,1,0,0,0,0,0.0,0.05276078407336472,nan,0.31052365401742577
6.6000000000000005,self,shared,0.0590384082550074,0.059038386130325964,0,0,,0,0.030353281930455722,inf,6,1,0,0,0,0,0.0,0.05265647589995084,nan,0.3106154830207942
6.65,self,shared,0.058992483765177336,0.05899246381725587,0,0,,0,0.030311650982501187,inf,6,1,0,0,0,0,0.0,0.05256266110598742,nan,0.3106975394732697
6.7,self,shared,0.05895099469884329,0.05895097684210753,0,0,,0,0.030275941068138162,inf,4,1,0,0,0,0,0.0,0.05247809869071747,nan,0.310770960332441
6.75,self,shared,0.058913367917141614,0.05891335208701274,0,0,,0,0.030245232353006316,inf,4,1,0,0,0,0,0.0,0.05240172112337552,nan,0.31083674520436244
6.800000000000001,self,shared,0.05887911862752984,0.058879104747953076,0,0,,0,0.03021875343789944,inf,4,1,0,0,0,0,0.0,0.0523326077186709,nan,0.3108957731782448
6.8500000000000005,self,shared,0.058847835562127256,0.058847823566229966,0,0,,0,0.030195856988216196,inf,4,1,0,0,0,0,0.0,0.052269962194316684,nan,0.31094881756740567
6.9,self,shared,0.058819168782938476,0.05881915861580598,0,0,,0,0.030175999421514277,inf,4,1,0,0,0,0,0.0,0.05221309379866339,nan,0.3109965588617237
6.95,self,shared,0.05879281959006485,0.05879281117352475,0,0,,0,0.030158723900327547,inf,4,1,0,0,0,0,0.0,0.052161401627355185,nan,0.31103959607467047
7.0,self,shared,0.05876853214528894,0.05876852541780118,0,0,,0,0.03014364619609676,inf,4,1,0,0,0,0,0.0,0.05211436122597841,nan,0.3110784566950725
7.050000000000001,self,shared,0.058746086570271805,0.05874608147605544,0,0,,0,0.030130442846430697,inf,4,1,0,0,0,0,0.0,0.05207151339823638,nan,0.3111136054074014
7.1000000000000005,self,shared,0.05872529320333817,0.058725289679978074,0,0,,0,0.030118841269823338,inf,4,1,0,0,0,0,0.0,0.05203245479384302,nan,0.31114545175592057
7.15,self,shared,0.058705987833511226,0.058705985815801554,0,0,,0,0.030108611537158964,inf,4,1,0,0,0,0,0.0,0.05199682997264914,nan,0.31117435685743355
7.2,self,shared,0.058688027721837496,0.05868802715576207,0,0,,0,0.03009955946104101,inf,4,1,0,0,0,0,0.0,0.05196432459672801,nan,0.31120063927140984
7.25,self,shared,0.058671288315074954,0.05867128914548928,0,0,,0,0.030091520841901684,inf,4,1,0,0,0,0,0.0,0.05193465982827356,nan,0.311224580193621
7.300000000000001,self,shared,0.05865566048519588,0.05865566266188249,0,0,,0,0.03008435665921573,inf,4,1,0,0,0,0,0.0,0.05190758742645337,nan,0.3112464279662678
7.3500000000000005,self,shared,0.058641048228600307,0.058641051696440995,0,0,,0,0.030077949027712533,inf,4,1,0,0,0,0,0.0,0.05188288570674425,nan,0.31126640206152867
7.4,self,shared,0.058627366736114656,0.05862737144615351,0,0,,0,0.03007219783999479,inf,4,1,0,0,0,0,0.0,0.051860356054729974,nan,0.31128469656777014
7.45,self,shared,0.05861454077475069,0.05861454668488193,0,0,,0,0.03006701792522576,inf,4,1,0,0,0,0,0.0,0.05183981992769973,nan,0.3113014832548787
7.5,self,shared,0.058602503358184635,0.05860251041345098,0,0,,0,0.030062336720097463,inf,4,1,0,0,0,0,0.0,0.05182111639497227,nan,0.3113169142564022
7.550000000000001,self,shared,0.05859119456960644,0.058591202722077664,0,0,,0,0.03005809225237409,inf,4,1,0,0,0,0,0.0,0.051804099923502225,nan,0.31133112441994204
7.6000000000000005,self,shared,0.058580560626776655,0.05858056983689019,0,0,,0,0.030054231517999727,inf,4,1,0,0,0,0,0.0,0.05178863852412042,nan,0.3113442333878019
7.65,self,shared,0.05857055306906146,0.058570563284831,0,0,,0,0.030050709062557024,inf,4,1,0,0,0,0,0.0,0.051774612211192186,nan,0.31135634740398876
7.7,self,shared,0.05856112805297328,0.05856113923521853,0,0,,0,0.030047485825880432,inf,4,1,0,0,0,0,0.0,0.05176191158914963,nan,0.3113675609129839
7.75,self,shared,0.058552245793930265,0.05855225789806596,0,0,,0,0.030044528168364906,inf,4,1,0,0,0,0,0.0,0.051750436701517674,nan,0.3113779579608996
7.800000000000001,self,shared,0.05854387005144231,0.05854388303375711,0,0,,0,0.03004180703214318,inf,4,1,0,0,0,0,0.0,0.05174009600150542,nan,0.31138761342062315
7.8500000000000005,self,shared,0.058535967704506316,0.05853598153562591,0,0,,0,0.030039297252786493,inf,4,1,0,0,0,0,0.0,0.05173080543605828,nan,0.31139659407898523
7.9,self,shared,0.05852850841397857,0.05852852305351101,0,0,,0,0.030036976985801142,inf,4,1,0,0,0,0,0.0,0.051722487699662346,nan,0.3114049595752727
7.95,self,shared,0.05852146428717509,0.058521479699005875,0,0,,0,0.030034827205513898,inf,4,1,0,0,0,0,0.0,0.05171507157176621,nan,0.3114127632411644
8.0,self,shared,0.058514809621500664,0.05851482577517979,0,0,,0,0.03003283129836723,inf,4,1,0,0,0,0,0.0,0.0517084913098412,nan,0.3114200528396799
8.05,self,shared,0.058508520674962025,0.0585085375341777,0,0,,0,0.030030974701662702,inf,4,1,0,0,0,0,0.0,0.051702686154006264,nan,0.3114268711999463
8.1,self,shared,0.058502575462542235,0.058502593001424526,0,0,,0,0.030029244629314653,inf,4,1,0,0,0,0,0.0,0.051697599831966236,nan,0.3114332567875323
8.15,self,shared,0.05849695359328772,0.05849697177623359,0,0,,0,0.030027629805236766,inf,4,1,0,0,0,0,0.0,0.05169318014839375,nan,0.31143924419846425
8.200000000000001,self,shared,0.05849163610508446,0.058491654895101476,0,0,,0,0.03002612025294285,inf,4,1,0,0,0,0,0.0,0.05168937873373378,nan,0.3114448646087057
8.25,self,shared,0.05848660533430119,0.05848662470872251,0,0,,0,0.03002470712752342,inf,4,1,0,0,0,0,0.0,0.05168615059593285,nan,0.311450146149877
8.3,self,shared,0.058481844811112745,0.05848186473837791,0,0,,0,0.03002338254708531,inf,4,1,0,0,0,0,0.0,0.05168345388823507,nan,0.31145511425171557
8.35,self,shared,0.058477339147827,0.05847735959538947,0,0,,0,0.03002213947689203,inf,4,1,0,0,0,0,0.0,0.05168124968818255,nan,0.3114597919453034
8.4,self,shared,0.05847307394428181,0.05847309489043834,0,0,,0,0.03002097161474114,inf,4,1,0,0,0,0,0.0,0.051679501713125325,nan,0.31146420011944553
8.450000000000001,self,shared,0.058469035721564554,0.058469057142100885,0,0,,0,0.030019873300969502,inf,4,1,0,0,0,0,0.0,0.05167817613923731,nan,0.31146835776957194
8.5,self,shared,0.05846521183904325,0.05846523370698182,0,0,,0,0.03001883942823641,inf,4,1,0,0,0,0,0.0,0.0516772414182335,nan,0.31147228217914036
8.55,self,shared,0.05846159042934547,0.05846161272454818,0,0,,0,0.030017865381834513,inf,4,1,0,0,0,0,0.0,0.0516766681155782,nan,0.31147598912127006
8.6,self,shared,0.058458160344936165,0.058458183047984065,0,0,,0,0.03001694697299577,inf,4,1,0,0,0,0,0.0,0.051676428738454794,nan,0.3114794930107291
8.65,self,shared,0.0584549111077795,0.058454934194247625,0,0,,0,0.03001608039284316,inf,4,1,0,0,0,0,0.0,0.051676497595345074,nan,0.31148280704501186
8.700000000000001,self,shared,0.05845183285950228,0.058451856304644556,0,0,,0,0.03001526217377147,inf,4,1,0,0,0,0,0.0,0.051676850704384665,nan,0.3114859433317033
8.75,self,shared,0.058448916309933485,0.05844894009503142,0,0,,0,0.030014489134882444,inf,4,1,0,0,0,0,0.0,0.0516774656580308,nan,0.31148891299633885
8.8,self,shared,0.058446152715910506,0.05844617682191191,0,0,,0,0.03001375837383677,inf,4,1,0,0,0,0,0.0,0.051678321467842236,nan,0.31149172628262034
8.85,self,shared,0.05844353383210287,0.0584435582392171,0,0,,0,0.03001306721604445,inf,4,1,0,0,0,0,0.0,0.05167939854575762,nan,0.31149439264097445
8.9,self,shared,0.05844105187708662,0.0584410765714564,0,0,,0,0.03001241319416556,inf,4,1,0,0,0,0,0.0,0.05168067856307037,nan,0.31149692080498304
8.950000000000001,self,shared,0.05843869952185281,0.058438724480067136,0,0,,0,0.03001179404298994,inf,4,1,0,0,0,0,0.0,0.05168214438547542,nan,0.31149931885726334
9.0,self,shared,0.058436469835967134,0.05843649504209978,0,0,,0,0.030011207658928257,inf,4,1,0,0,0,0,0.0,0.05168377998471981,nan,0.31150159429033
9.05,self,shared,0.05843435628165473,0.058434381719253456,0,0,,0,0.030010652098619958,inf,4,1,0,0,0,0,0.0,0.05168557037733301,nan,0.31150375406228104
9.1,self,shared,0.05843235267901586,0.058432378336035366,0,0,,0,0.030010125554084263,inf,4,1,0,0,0,0,0.0,0.0516875015565614,nan,0.31150580465535815
9.15,self,shared,0.05843045319378273,0.05843047905670438,0,0,,0,0.030009626348660973,inf,4,1,0,0,0,0,0.0,0.05168643321710643,nan,0.311507752100029
9.200000000000001,self,shared,0.05842865231098129,0.05842867836387099,0,0,,0,0.03000915291838789,inf,4,1,0,0,0,0,0.0,0.05167691361201007,nan,0.3115096020270439
9.25,self,shared,0.05842694481677287,0.05842697104379592,0,0,,0,0.030008703807011067,inf,4,1,0,0,0,0,0.0,0.051667799998483505,nan,0.3115113596981053
9.3,self,shared,0.05842532577783141,0.0584253521660921,0,0,,0,0.030008277650618753,inf,4,1,0,0,0,0,0.0,0.051659073197135245,nan,0.3115130300310004
9.35,self,shared,0.058423790530978764,0.05842381707050761,0,0,,0,0.030007873179864572,inf,4,1,0,0,0,0,0.0,0.05165071502106318,nan,0.3115146176411031
9.4,self,shared,0.05842233466874213,0.05842236134232118,0,0,,0,0.030007489203581247,inf,4,1,0,0,0,0,0.0,0.051642708205504324,nan,0.31151612685494745
9.450000000000001,self,shared,0.05842095401424774,0.05842098081147254,0,0,,0,0.030007124605154062,inf,4,1,0,0,0,0,0.0,0.05163503636009452,nan,0.3115175617342042
9.5,self,shared,0.058419644616450134,0.05841967153143358,0,0,,0,0.030006778338059814,inf,4,1,0,0,0,0,0.0,0.0516276839306488,nan,0.31151892610337495
9.55,self,shared,0.0584184027426891,0.05841842976307965,0,0,,0,0.030006449421950757,inf,4,1,0,0,0,0,0.0,0.05162063614038489,nan,0.3115202235564255
9.600000000000001,self,shared,0.058417224853567616,0.058417251969473116,0,0,,0,0.03000613693144316,inf,4,1,0,0,0,0,0.0,0.05161387895628143,nan,0.31152145748175364
9.65,self,shared,0.05841610760000933,0.05841613480408178,0,0,,0,0.03000583999894889,inf,4,1,0,0,0,0,0.0,0.05160739904830103,nan,0.3115226310748317
9.700000000000001,self,shared,0.058415047814416456,0.05841507509533107,0,0,,0,0.03000555780791904,inf,4,1,0,0,0,0,0.0,0.05160118374427951,nan,0.3115237473541502
9.75,self,shared,0.058414042494184464,0.05841406984235211,0,0,,0,0.030005289587602194,inf,4,1,0,0,0,0,0.0,0.051595221012842446,nan,0.3115248091673827
9.8,self,shared,0.05841308879332494,0.05841311620546874,0,0,,0,0.03000503461037697,inf,4,1,0,0,0,0,0.0,0.051589499398257105,nan,0.31152581920937805
9.850000000000001,self,shared,0.058412184024333375,0.05841221149135518,0,0,,0,0.030004792194018248,inf,4,1,0,0,0,0,0.0,0.051584008029561056,nan,0.3115267800277578
9.9,self,shared,0.05841132563744205,0.0584113531511772,0,0,,0,0.030004561691817283,inf,4,1,0,0,0,0,0.0,0.05157873655143507,nan,0.31152769403716174
9.950000000000001,self,shared,0.058410511220079564,0.0584105387706527,0,0,,0,0.030004342495470487,inf,4,1,0,0,0,0,0.0,0.05157367510936881,nan,0.3115285635218613
10.0,self,shared,0.058409738483046154,0.05840976606352413,0,0,,0,0.030004134026882512,inf,4,1,0,0,0,0,0.0,0.05156881433951699,nan,0.31152939064467955
10.05,self,shared,0.058409005257551355,0.05840903286527438,0,0,,0,0.03000393574065227,inf,4,1,0,0,0,0,0.0,0.0515641453567827,nan,0.31153017746566347
10.100000000000001,self,shared,0.05840830949585944,0.05840833712068322,0,0,,0,0.0300037471231399,inf,4,1,0,0,0,0,0.0,0.05155965964919669,nan,0.3115309259333604
10.15,self,shared,0.05840764925056818,0.05840767688922553,0,0,,0,0.030003567687536703,inf,4,1,0,0,0,0,0.0,0.05155534914364021,nan,0.31153163789365335
10.200000000000001,self,shared,0.05840702268074625,0.05840705032767424,0,0,,0,0.030003396972967694,inf,4,1,0,0,0,0,0.0,0.051551206166333456,nan,0.3115323151065329
10.25,self,shared,0.05840642804092207,0.05840645568986895,0,0,,0,0.030003234541810114,inf,4,1,0,0,0,0,0.0,0.05154722339203637,nan,0.3115329592384998
10.3,self,shared,0.05840586367452561,0.05840589132584168,0,0,,0,0.030003079981650832,inf,4,1,0,0,0,0,0.0,0.051543393866880186,nan,0.31153357187966024
10.350000000000001,self,shared,0.05840532801810848,0.058405355664602386,0,0,,0,0.030002932900510093,inf,4,1,0,0,0,0,0.0,0.05153971094579924,nan,0.3115341545349749
10.4,self,shared,0.05840481958463656,0.05840484722329058,0,0,,0,0.030002792927598484,inf,4,1,0,0,0,0,0.0,0.05153616830702415,nan,0.3115347086391139
10.450000000000001,self,shared,0.05840433696840758,0.05840436459175654,0,0,,0,0.030002659709759405,inf,4,1,0,0,0,0,0.0,0.05153275990675457,nan,0.31153523555549933
10.5,self,shared,0.05840387883484002,0.058403906439118934,0,0,,0,0.030002532915530594,inf,4,1,0,0,0,0,0.0,0.05152948002683017,nan,0.31153573658164835
10.55,self,shared,0.05840344391761222,0.05840347150256118,0,0,,0,0.030002412227281103,inf,4,1,0,0,0,0,0.0,0.051526323181359794,nan,0.31153621295191625
10.600000000000001,self,shared,0.05840303102253256,0.05840305858136355,0,0,,0,0.03000229734610331,inf,4,1,0,0,0,0,0.0,0.051523284149513814,nan,0.3115366658383941
10.65,self,shared,0.05840263900976278,0.05840266654163995,0,0,,0,0.03000218798447861,inf,4,1,0,0,0,0,0.0,0.051520357963180205,nan,0.31153709636466276
10.700000000000001,self,shared,0.0584022668066633,0.05840229430584952,0,0,,0,0.030002083874320185,inf,4,1,0,0,0,0,0.0,0.05151753986245317,nan,0.3115375055922437
10.75,self,shared,0.05840191339038438,0.05840194085722465,0,0,,0,0.030001984759884845,inf,4,1,0,0,0,0,0.0,0.05151482532510978,nan,0.3115378945381265
10.8,self,shared,0.05840157779439656,0.058401605225765416,0,0,,0,0.030001890395025946,inf,4,1,0,0,0,0,0.0,0.05151221004990635,nan,0.311538264165394
10.850000000000001,self,shared,0.05840125910333616,0.05840128649482533,0,0,,0,0.030001800549814092,inf,4,1,0,0,0,0,0.0,0.05150968990905183,nan,0.31153861539427663
10.9,self,shared,0.05840095644718278,0.058400983796932905,0,0,,0,0.030001715005005244,inf,4,1,0,0,0,0,0.0,0.05150726097504375,nan,0.31153894910341473
10.950000000000001,self,shared,0.05840066900048218,0.05840069631073865,0,0,,0,0.030001633552478785,inf,4,1,0,0,0,0,0.0,0.05150491947896432,nan,0.3115392661263928
11.0,self,shared,0.058400395985074724,0.05840042324981687,0,0,,0,0.030001555991343964,inf,4,1,0,0,0,0,0.0,0.05150266185532533,nan,0.31153956725901455
11.05,self,shared,0.05840013665894549,0.05840016387702384,0,0,,0,0.030001482134806773,inf,4,1,0,0,0,0,0.0,0.05150048469276095,nan,0.31153985325977207
11.100000000000001,self,shared,0.0583998903205977,0.058399917490592236,0,0,,0,0.03000141180431777,inf,4,1,0,0,0,0,0.0,0.05149838472788059,nan,0.3115401248515607
11.15,self,shared,0.05839965630397704,0.05839968342476043,0,0,,0,0.030001344828723506,inf,4,1,0,0,0,0,0.0,0.051496358816880285,nan,0.311540382718127
11.200000000000001,self,shared,0.058399433976846694,0.05839946104957743,0,0,,0,0.030001281046218548,inf,4,1,0,0,0,0,0.0,0.05149440400368362,nan,0.3115406275213074
11.25,self,shared,0.05839922274390085,0.058399249765756514,0,0,,0,0.03000122030476217,inf,4,1,0,0,0,0,0.0,0.051492517431657885,nan,0.3115408598812145
11.3,self,shared,0.058399022035260345,0.058399049005580836,0,0,,0,0.030001162455044417,inf,4,1,0,0,0,0,0.0,0.05149069639382638,nan,0.31154108039831085
11.350000000000001,self,shared,0.05839883131595165,0.058398858230692074,0,0,,0,0.03000110736019826,inf,4,1,0,0,0,0,0.0,0.051488938298741356,nan,0.3115412896398614
11.4,self,shared,0.05839865007290861,0.05839867693339212,0,0,,0,0.030001054887218215,inf,4,1,0,0,0,0,0.0,0.051487240652745334,nan,0.3115414881446742
11.450000000000001,self,shared,0.05839847782409498,0.05839850462852188,0,0,,0,0.030001004910456777,inf,4,1,0,0,0,0,0.0,0.051485601066029535,nan,0.3115416764283315
11.5,self,shared,0.058398314108564865,0.05839834085952461,0,0,,0,0.03000095730986277,inf,4,1,0,0,0,0,0.0,0.051484017286090866,nan,0.31154185498280096
11.55,self,shared,0.05839815849268647,0.0583981851902878,0,0,,0,0.030000911971696992,inf,4,1,0,0,0,0,0.0,0.051482487138103696,nan,0.3115420242780108
11.600000000000001,self,shared,0.05839801056377653,0.058398037209138595,0,0,,0,0.030000868787936577,inf,4,1,0,0,0,0,0.0,0.051481008544751045,nan,0.31154218476055096
11.65,self,shared,0.05839786993292441,0.05839789652194568,0,0,,0,0.0300008276548325,inf,4,1,0,0,0,0,0.0,0.051479579522397734,nan,0.3115423368564999
11.700000000000001,self,shared,0.058397736228916086,0.05839776275838904,0,0,,0,0.030000788474538687,inf,4,1,0,0,0,0,0.0,0.051478198177302634,nan,0.3115424809711892
11.75,self,shared,0.05839760909729466,0.058397635570306944,0,0,,0,0.03000075115463266,inf,4,1,0,0,0,0,0.0,0.05147686267065159,nan,0.31154261748818535
11.8,self,shared,0.058397488204705916,0.058397514622661933,0,0,,0,0.030000715605235623,inf,4,1,0,0,0,0,0.0,0.051475571292247065,nan,0.3115427467844011
11.850000000000001,self,shared,0.05839737323887098,0.05839739959676981,0,0,,0,0.03000068174352208,inf,4,1,0,0,0,0,0.0,0.05147432234961699,nan,0.31154286920194163
11.9,self,shared,0.058397263895217835,0.058397290195510924,0,0,,0,0.030000649487746778,inf,4,1,0,0,0,0,0.0,0.05147311425335549,nan,0.31154298508241907
11.950000000000001,self,shared,0.05839715989213278,0.058397186131392095,0,0,,0,0.030000618761482065,inf,4,1,0,0,0,0,0.0,0.05147194547220187,nan,0.3115430947425323
12.0,self,shared,0.05839706095509453,0.05839708713916279,0,0,,0,0.030000589492050686,inf,4,1,0,0,0,0,0.0,0.05147081454881607,nan,0.31154319848675593
12.05,self,shared,0.058396966832558614,0.05839699295793311,0,0,,0,0.03000056160978358,inf,4,1,0,0,0,0,0.0,0.05146972008384004,nan,0.31154329660362257
12.100000000000001,self,shared,0.058396877278182324,0.05839690334876308,0,0,,0,0.03000053504924001,inf,4,1,0,0,0,0,0.0,0.051468660726086995,nan,0.31154338937139336
12.15,self,shared,0.05839679206523057,0.058396818076701155,0,0,,0,0.030000509746810483,inf,4,1,0,0,0,0,0.0,0.051467635185766095,nan,0.3115434770480242
12.200000000000001,self,shared,0.058396710972432084,0.05839673692578864,0,0,,0,0.03000048564259024,inf,4,1,0,0,0,0,0.0,0.051466642235590256,nan,0.31154355988649696
12.25,self,shared,0.05839663379368797,0.058396659686918616,0,0,,0,0.030000462679296624,inf,4,1,0,0,0,0,0.0,0.05146568070058631,nan,0.31154363812880714
12.3,self,shared,0.0583965603303505,0.05839658616735095,0,0,,0,0.0300004408043007,inf,4,1,0,0,0,0,0.0,0.05146474942921686,nan,0.31154371200107545
12.350000000000001,self,shared,0.05839649039775378,0.05839651617723105,0,0,,0,0.030000419964963776,inf,4,1,0,0,0,0,0.0,0.051463847329007655,nan,0.3115437817191572
12.4,self,shared,0.05839642381764811,0.05839644954052406,0,0,,0,0.030000400111867997,inf,4,1,0,0,0,0,0.0,0.051462973364182,nan,0.3115438474899642
12.450000000000001,self,shared,0.05839636042227071,0.058396386088863085,0,0,,0,0.030000381198029724,inf,4,1,0,0,0,0,0.0,0.05146212655284231,nan,0.3115439095104192
12.5,self,shared,0.05839630005126771,0.05839632566459996,0,0,,0,0.030000363179513823,inf,4,1,0,0,0,0,0.0,0.051461305902551886,nan,0.3115439679665547
12.55,self,shared,0.05839624255384312,0.058396268115531356,0,0,,0,0.030000346013486057,inf,4,1,0,0,0,0,0.0,0.051460510523823354,nan,0.3115440230397478
12.600000000000001,self,shared,0.05839618778938472,0.058396213296194585,0,0,,0,0.030000329660168107,inf,4,1,0,0,0,0,0.0,0.051459739499312256,nan,0.31154407490063385
12.65,self,shared,0.05839613562054484,0.05839616107072029,0,0,,0,0.03000031408029015,inf,4,1,0,0,0,0,0.0,0.0514589919981452,nan,0.3115441237073312
12.700000000000001,self,shared,0.05839608591532998,0.05839611131308565,0,0,,0,0.030000299237458228,inf,4,1,0,0,0,0,0.0,0.05145826719050657,nan,0.31154416961564946
12.75,self,shared,0.05839603855227442,0.05839606389972433,0,0,,0,0.030000285096878132,inf,4,1,0,0,0,0,0.0,0.05145756430528395,nan,0.3115442127731963
12.8,self,shared,0.05839599341736342,0.058396018711614706,0,0,,0,0.030000271625006555,inf,4,1,0,0,0,0,0.0,0.05145688258748075,nan,0.3115442533190843
12.850000000000001,self,shared,0.05839595039848402,0.05839597564013716,0,0,,0,0.03000025879023563,inf,4,1,0,0,0,0,0.0,0.051456221315323195,nan,0.3115442913869394
12.9,self,shared,0.058395909391695415,0.05839593457975768,0,0,,0,0.030000246562485067,inf,4,1,0,0,0,0,0.0,0.05145557978527618,nan,0.31154432710294555
12.950000000000001,self,shared,0.05839587029448031,0.05839589543391236,0,0,,0,0.030000234912775703,inf,4,1,0,0,0,0,0.0,0.051454957328811474,nan,0.3115443605874887
13.0,self,shared,0.058395833014972136,0.058395858105498494,0,0,,0,0.030000223813610394,inf,4,1,0,0,0,0,0.0,0.05145435330881214,nan,0.31154439195473504
13.05,self,shared,0.058395797462969926,0.058395822505865495,0,0,,0,0.030000213239268214,inf,4,1,0,0,0,0,0.0,0.051453767100185566,nan,0.3115444213163473
13.100000000000001,self,shared,0.058395763553071106,0.05839578855046063,0,0,,0,0.030000203164866596,inf,4,1,0,0,0,0,0.0,0.051453198124789074,nan,0.31154444877649834
13.15,self,shared,0.05839573120458311,0.0583957561587662,0,0,,0,0.0300001935669547,inf,4,1,0,0,0,0,0.0,0.05145264580190312,nan,0.31154447443032274
13.200000000000001,self,shared,0.05839570034279303,0.05839572525123399,0,0,,0,0.030000184422235066,inf,4,1,0,0,0,0,0.0,0.0514521095764805,nan,0.3115444983768293
13.25,self,shared,0.05839567089381549,0.05839569575703566,0,0,,0,0.030000175709833224,inf,4,1,0,0,0,0,0.0,0.0514515889356343,nan,0.3115445207080084
13.3,self,shared,0.05839564278832515,0.05839566760767374,0,0,,0,0.030000167409488854,inf,4,1,0,0,0,0,0.0,0.051451083343123157,nan,0.3115445415022059
13.350000000000001,self,shared,0.058395615962247384,0.05839564073515281,0,0,,0,0.030000159501050894,inf,4,1,0,0,0,0,0.0,0.05145059231954752,nan,0.31154456084234183
13.4,self,shared,0.05839559035328012,0.05839561507803371,0,0,,0,0.030000151966585717,inf,4,1,0,0,0,0,0.0,0.051450115405163054,nan,0.31154457880744635
13.450000000000001,self,shared,0.05839556589830025,0.05839559058099945,0,0,,0,0.030000144788131594,inf,4,1,0,0,0,0,0.0,0.05144965213248772,nan,0.3115445954690216
13.5,self,shared,0.05839554254455598,0.0583955671843726,0,0,,0,0.03000013794885932,inf,4,1,0,0,0,0,0.0,0.05144920206318679,nan,0.31154461089795304
13.55,self,shared,0.0583955202375693,0.05839554483614726,0,0,,0,0.030000131432675714,inf,4,1,0,0,0,0,0.0,0.05144876478719265,nan,0.3115446251627533
13.600000000000001,self,shared,0.05839549892844877,0.058395523484110125,0,0,,0,0.030000125224444993,inf,4,1,0,0,0,0,0.0,0.05144833989442324,nan,0.3115446383250927
13.65,self,shared,0.058395478568850114,0.05839550308055912,0,0,,0,0.030000119309716217,inf,4,1,0,0,0,0,0.0,0.05144792698776208,nan,0.3115446504421008
13.700000000000001,self,shared,0.05839545911001879,0.05839548358251529,0,0,,0,0.030000113674242462,inf,4,1,0,0,0,0,0.0,0.05144752568277458,nan,0.3115446615735359
13.75,self,shared,0.05839544051178912,0.05839546494373171,0,0,,0,0.030000108305012166,inf,4,1,0,0,0,0,0.0,0.05144713563157197,nan,0.31154467177533596
13.8,self,shared,0.0583954227323606,0.058395447123413255,0,0,,0,0.030000103189361665,inf,4,1,0,0,0,0,0.0,0.05144675648339269,nan,0.3115446810960091
13.850000000000001,self,shared,0.058395405730440164,0.0583954300849738,0,0,,0,0.03000009831557114,inf,4,1,0,0,0,0,0.0,0.05144638788578686,nan,0.3115446895880375
13.9,self,shared,0.058395389472746126,0.05839541378729544,0,0,,0,0.03000009367205396,inf,4,1,0,0,0,0,0.0,0.051446029519258724,nan,0.3115446972962673
13.950000000000001,self,shared,0.058395373920978676,0.058395398197877,0,0,,0,0.030000089247848125,inf,4,1,0,0,0,0,0.0,0.05144568106664579,nan,0.31154470426192205
14.0,self,shared,0.05839535904247844,0.05839538328228311,0,0,,0,0.030000085032606733,inf,4,1,0,0,0,0,0.0,0.051445342222925156,nan,0.3115447105297985
14.05,self,shared,0.05839534480606674,0.05839536900784522,0,0,,0,0.0300000810164657,inf,4,1,0,0,0,0,0.0,0.051445012710098936,nan,0.3115447161425685
14.100000000000001,self,shared,0.05839533118085236,0.058395355345262114,0,0,,0,0.0300000771902051,inf,4,1,0,0,0,0,0.0,0.051444692224481205,nan,0.31154472113477893
14.15,self,shared,0.05839531813805403,0.05839534226513865,0,0,,0,0.030000073544405384,inf,4,1,0,0,0,0,0.0,0.051444380506742486,nan,0.3115447255401781
14.200000000000001,self,shared,0.05839530564689481,0.058395329744055174,0,0,,0,0.030000070070946905,inf,4,1,0,0,0,0,0.0,0.051444077277476144,nan,0.31154472939897515
14.25,self,shared,0.058395293687157776,0.05839531775036739,0,0,,0,0.03000006676166736,inf,4,1,0,0,0,0,0.0,0.05144378228410111,nan,0.31154473273870253
14.3,self,shared,0.058395282231625344,0.05839530626131768,0,0,,0,0.03000006360855831,inf,4,1,0,0,0,0,0.0,0.05144349529029335,nan,0.3115447355923703
14.350000000000001,self,shared,0.05839527125689701,0.058395295253705376,0,0,,0,0.03000006060444252,inf,4,1,0,0,0,0,0.0,0.05144321605599668,nan,0.31154473798802973
14.4,self,shared,0.05839526073911781,0.0583952847064398,0,0,,0,0.030000057742143177,inf,4,1,0,0,0,0,0.0,0.051442944350335876,nan,0.31154473995672693
14.450000000000001,self,shared,0.05839525066042504,0.0583952745952564,0,0,,0,0.03000005501511542,inf,4,1,0,0,0,0,0.0,0.05144267995720698,nan,0.3115447415193805
14.5,self,shared,0.058395240997436676,0.05839526490288777,0,0,,0,0.03000005241685627,inf,4,1,0,0,0,0,0.0,0.051442422653848005,nan,0.31154474270422916
14.55,self,shared,0.05839523173349917,0.058395255607675965,0,0,,0,0.030000049941261736,inf,4,1,0,0,0,0,0.0,0.051442172218635354,nan,0.3115447435311748
14.600000000000001,self,shared,0.05839522284704227,0.05839524669460007,0,0,,0,0.03000004758253115,inf,4,1,0,0,0,0,0.0,0.051441928461481705,nan,0.3115447440278837
14.65,self,shared,0.05839521432364574,0.05839523814340376,0,0,,0,0.030000045335149286,inf,4,1,0,0,0,0,0.0,0.0514416911989084,nan,0.31154474421219935
14.700000000000001,self,shared,0.05839520614680865,0.05839522993766504,0,0,,0,0.030000043193992146,inf,4,1,0,0,0,0,0.0,0.051441460252555506,nan,0.311544744106541
14.75,self,shared,0.058395198300269506,0.05839522206216368,0,0,,0,0.030000041153946194,inf,4,1,0,0,0,0,0.0,0.05144123541730914,nan,0.31154474373141927
14.8,self,shared,0.05839519076941391,0.05839521450190303,0,0,,0,0.03000003921033581,inf,4,1,0,0,0,0,0.0,0.05144101653282693,nan,0.31154474310123914
14.850000000000001,self,shared,0.05839518353702839,0.05839520724539338,0,0,,0,0.030000037358505496,inf,4,1,0,0,0,0,0.0,0.051440803414391556,nan,0.31154474223448714
14.9,self,shared,0.05839517659339399,0.058395200275388734,0,0,,0,0.030000035594182198,inf,4,1,0,0,0,0,0.0,0.05144059589642286,nan,0.3115447411492379
14.950000000000001,self,shared,0.05839516992482802,0.058395193579785225,0,0,,0,0.0300000339131722,inf,4,1,0,0,0,0,0.0,0.0514403938346367,nan,0.3115447398567891
15.0,self,shared,0.05839516351676397,0.05839518714869355,0,0,,0,0.03000003231164626,inf,4,1,0,0,0,0,0.0,0.05144019706792492,nan,0.311544738373026
0.05,self+frame,shared,0.2271549292734434,0.22715492859616165,0,0,,0,0.05676101943747254,0.16504642260436408,5,1,752,0,0,0,0.0,0.25,nan,0.22430129255519893
0.1,self+frame,shared,0.19873955424583492,0.19873955157529288,0,0,,0,0.052290460093895,0.15666091829243378,5,1,752,0,0,0,0.0,0.2403994846513157,nan,0.23531351018541347
0.15000000000000002,self+frame,shared,0.1740541488414919,0.17405414164611963,0,0,,0,0.05026879173058847,0.15180094649736606,6,1,752,0,0,0,0.0,0.20241709808180364,nan,0.24478697211171851
0.2,self+frame,shared,0.15255728129317686,0.15255726825037982,0,0,,0,0.050359247381471225,0.14881609184422492,6,1,741,0,0,0,0.0,0.16918941487984637,nan,0.2529838424545635
0.25,self+frame,shared,0.13380337772298745,0.13380335849145883,0,0,,0,0.0519756240500137,0.14772407463848283,10,1,741,0,0,0,0.0,0.15021814105578069,nan,0.2589013434870472
0.30000000000000004,self+frame,shared,0.12206364442002345,0.12206361171511791,0,0,,0,0.06468946507700767,0.14958414339202683,10,0,741,0,0,0,0.0,0.15021814105578069,nan,0.2589013434870472
0.35000000000000003,self+frame,shared,0.12206364442002345,0.12206361171511791,0,0,,0,0.06468946507700767,0.14958414339202683,10,0,743,0,0,0,0.0,0.15021814105578069,nan,0.2589013434870472
0.4,self+frame,shared,0.12206364442002345,0.12206361171511791,0,0,,0,0.06468946507700767,0.14958414339202683,10,0,743,0,0,0,0.0,0.15021814105578069,nan,0.2589013434870472
0.45,self+frame,shared,0.12206364442002345,0.12206361171511791,0,0,,0,0.06468946507700767,0.14958414339202683,10,0,743,0,0,0,0.0,0.15021814105578069,nan,0.2589013434870472
0.5,self+frame,shared,0.12206364442002345,0.12206361171511791,0,0,,0,0.06468946507700767,0.14958414339202683,10,0,743,0,0,0,0.0,0.15021814105578069,nan,0.2589013434870472
0.55,self+frame,shared,0.12206364442002345,0.12206361171511791,0,0,,0,0.06468946507700767,0.14958414339202683,10,0,743,0,0,0,0.0,0.15021814105578069,nan,0.2589013434870472
0.6000000000000001,self+frame,shared,0.12206364442002345,0.12206361171511791,0,0,,0,0.06468946507700767,0.14958414339202683,10,0,743,0,0,0,0.0,0.15021814105578069,nan,0.2589013434870472
0.65,self+frame,shared,0.12206364442002345,0.12206361171511791,0,0,,0,0.06468946507700767,0.14958414339202683,10,0,743,0,0,0,0.0,0.15021814105578069,nan,0.2589013434870472
0.7000000000000001,self+frame,shared,0.12206364442002345,0.12206361171511791,0,0,,0,0.06468946507700767,0.14958414339202683,10,0,743,0,0,0,0.0,0.15021814105578069,nan,0.2589013434870472
0.75,self+frame,shared,0.12206364442002345,0.12206361171511791,0,0,,0,0.06468946507700767,0.14958414339202683,10,0,743,0,0,0,0.0,0.15021814105578069,nan,0.2589013434870472
0.8,self+frame,shared,0.12206364442002345,0.12206361171511791,0,0,,0,0.06468946507700767,0.14958414339202683,10,0,743,0,0,0,0.0,0.15021814105578069,nan,0.2589013434870472
0.8500000000000001,self+frame,shared,0.12206364442002345,0.12206361171511791,0,0,,0,0.06468946507700767,0.14958414339202683,10,0,743,0,0,0,0.0,0.15021814105578069,nan,0.2589013434870472
0.9,self+frame,shared,0.12206364442002345,0.12206361171511791,0,0,,0,0.06468946507700767,0.14958414339202683,10,0,743,0,0,0,0.0,0.15021814105578069,nan,0.2589013434870472
0.9500000000000001,self+frame,shared,0.12206364442002345,0.12206361171511791,0,0,,0,0.06468946507700767,0.14958414339202683,10,0,743,0,0,0,0.0,0.15021814105578069,nan,0.2589013434870472
1.0,self+frame,shared,0.12206364442002345,0.12206361171511791,0,0,,0,0.06468946507700767,0.14958414339202683,10,0,743,0,0,0,0.0,0.15021814105578069,nan,0.2589013434870472
1.05,self+frame,shared,0.12206364442002345,0.12206361171511791,0,0,,0,0.06468946507700767,0.14958414339202683,10,0,743,0,0,0,0.0,0.15021814105578069,nan,0.2589013434870472
1.1,self+frame,shared,0.12206364442002345,0.12206361171511791,0,0,,0,0.06468946507700767,0.14958414339202683,10,0,743,0,0,0,0.0,0.15021814105578069,nan,0.2589013434870472
1.1500000000000001,self+frame,shared,0.12206364442002345,0.12206361171511791,0,0,,0,0.06468946507700767,0.14958414339202683,10,0,743,0,0,0,0.0,0.15021814105578069,nan,0.2589013434870472
1.2000000000000002,self+frame,shared,0.12206364442002345,0.12206361171511791,0,0,,0,0.06468946507700767,0.14958414339202683,10,0,743,0,0,0,0.0,0.15021814105578069,nan,0.2589013434870472
1.25,self+frame,shared,0.12206364442002345,0.12206361171511791,0,0,,0,0.06468946507700767,0.14958414339202683,10,0,743,0,0,0,0.0,0.15021814105578069,nan,0.2589013434870472
1.3,self+frame,shared,0.12206364442002345,0.12206361171511791,0,0,,0,0.06468946507700767,0.14958414339202683,10,0,743,0,0,0,0.0,0.15021814105578069,nan,0.2589013434870472
1.35,self+frame,shared,0.12206364442002345,0.12206361171511791,0,0,,0,0.06468946507700767,0.14958414339202683,10,0,743,0,0,0,0.0,0.15021814105578069,nan,0.2589013434870472
1.4000000000000001,self+frame,shared,0.12206364442002345,0.12206361171511791,0,0,,0,0.06468946507700767,0.14958414339202683,10,0,743,0,0,0,0.0,0.15021814105578069,nan,0.2589013434870472
1.4500000000000002,self+frame,shared,0.12206364442002345,0.12206361171511791,0,0,,0,0.06468946507700767,0.14958414339202683,10,0,743,0,0,0,0.0,0.15021814105578069,nan,0.2589013434870472
1.5,self+frame,shared,0.12206364442002345,0.12206361171511791,0,0,,0,0.06468946507700767,0.14958414339202683,10,0,743,0,0,0,0.0,0.15021814105578069,nan,0.2589013434870472
1.55,self+frame,shared,0.12206364442002345,0.12206361171511791,0,0,,0,0.06468946507700767,0.14958414339202683,10,0,743,0,0,0,0.0,0.15021814105578069,nan,0.2589013434870472
1.6,self+frame,shared,0.12206364442002345,0.12206361171511791,0,0,,0,0.06468946507700767,0.14958414339202683,10,0,743,0,0,0,0.0,0.15021814105578069,nan,0.2589013434870472
1.6500000000000001,self+frame,shared,0.12206364442002345,0.12206361171511791,0,0,,0,0.06468946507700767,0.14958414339202683,10,0,743,0,0,0,0.0,0.15021814105578069,nan,0.2589013434870472
1.7000000000000002,self+frame,shared,0.12206364442002345,0.12206361171511791,0,0,,0,0.06468946507700767,0.14958414339202683,10,0,743,0,0,0,0.0,0.15021814105578069,nan,0.2589013434870472
1.75,self+frame,shared,0.12206364442002345,0.12206361171511791,0,0,,0,0.06468946507700767,0.14958414339202683,10,0,743,0,0,0,0.0,0.15021814105578069,nan,0.2589013434870472
1.8,self+frame,shared,0.12206364442002345,0.12206361171511791,0,0,,0,0.06468946507700767,0.14958414339202683,10,0,743,0,0,0,0.0,0.15021814105578069,nan,0.2589013434870472
1.85,self+frame,shared,0.12206364442002345,0.12206361171511791,0,0,,0,0.06468946507700767,0.14958414339202683,10,0,743,0,0,0,0.0,0.15021814105578069,nan,0.2589013434870472
1.9000000000000001,self+frame,shared,0.12206364442002345,0.12206361171511791,0,0,,0,0.06468946507700767,0.14958414339202683,10,0,743,0,0,0,0.0,0.15021814105578069,nan,0.2589013434870472
1.9500000000000002,self+frame,shared,0.12206364442002345,0.12206361171511791,0,0,,0,0.06468946507700767,0.14958414339202683,10,0,743,0,0,0,0.0,0.15021814105578069,nan,0.2589013434870472
2.0,self+frame,shared,0.12206364442002345,0.12206361171511791,0,0,,0,0.06468946507700767,0.14958414339202683,10,0,743,0,0,0,0.0,0.15021814105578069,nan,0.2589013434870472
2.0500000000000003,self+frame,shared,0.12206364442002345,0.12206361171511791,0,0,,0,0.06468946507700767,0.14958414339202683,10,0,743,0,0,0,0.0,0.15021814105578069,nan,0.2589013434870472
2.1,self+frame,shared,0.12206364442002345,0.12206361171511791,0,0,,0,0.06468946507700767,0.14958414339202683,10,0,743,0,0,0,0.0,0.15021814105578069,nan,0.2589013434870472
2.15,self+frame,shared,0.12206364442002345,0.12206361171511791,0,0,,0,0.06468946507700767,0.14958414339202683,10,0,743,0,0,0,0.0,0.15021814105578069,nan,0.2589013434870472
2.2,self+frame,shared,0.12206364442002345,0.12206361171511791,0,0,,0,0.06468946507700767,0.14958414339202683,10,0,743,0,0,0,0.0,0.15021814105578069,nan,0.2589013434870472
2.25,self+frame,shared,0.12206364442002345,0.12206361171511791,0,0,,0,0.06468946507700767,0.14958414339202683,10,0,743,0,0,0,0.0,0.15021814105578069,nan,0.2589013434870472
2.3000000000000003,self+frame,shared,0.12206364442002345,0.12206361171511791,0,0,,0,0.06468946507700767,0.14958414339202683,10,0,743,0,0,0,0.0,0.15021814105578069,nan,0.2589013434870472
2.35,self+frame,shared,0.12206364442002345,0.12206361171511791,0,0,,0,0.06468946507700767,0.14958414339202683,10,0,743,0,0,0,0.0,0.15021814105578069,nan,0.2589013434870472
2.4000000000000004,self+frame,shared,0.12206364442002345,0.12206361171511791,0,0,,0,0.06468946507700767,0.14958414339202683,10,0,743,0,0,0,0.0,0.15021814105578069,nan,0.2589013434870472
2.45,self+frame,shared,0.12206364442002345,0.12206361171511791,0,0,,0,0.06468946507700767,0.14958414339202683,10,0,743,0,0,0,0.0,0.15021814105578069,nan,0.2589013434870472
2.5,self+frame,shared,0.12206364442002345,0.12206361171511791,0,0,,0,0.06468946507700767,0.14958414339202683,10,0,743,0,0,0,0.0,0.15021814105578069,nan,0.2589013434870472
2.5500000000000003,self+frame,shared,0.12206364442002345,0.12206361171511791,0,0,,0,0.06468946507700767,0.14958414339202683,10,0,743,0,0,0,0.0,0.15021814105578069,nan,0.2589013434870472
2.6,self+frame,shared,0.12206364442002345,0.12206361171511791,0,0,,0,0.06468946507700767,0.14958414339202683,10,0,743,0,0,0,0.0,0.15021814105578069,nan,0.2589013434870472
2.6500000000000004,self+frame,shared,0.12206364442002345,0.12206361171511791,0,0,,0,0.06468946507700767,0.14958414339202683,10,0,743,0,0,0,0.0,0.15021814105578069,nan,0.2589013434870472
2.7,self+frame,shared,0.12206364442002345,0.12206361171511791,0,0,,0,0.06468946507700767,0.14958414339202683,10,0,743,0,0,0,0.0,0.15021814105578069,nan,0.2589013434870472
2.75,self+frame,shared,0.12206364442002345,0.12206361171511791,0,0,,0,0.06468946507700767,0.14958414339202683,10,0,743,0,0,0,0.0,0.15021814105578069,nan,0.2589013434870472
2.8000000000000003,self+frame,shared,0.12206364442002345,0.12206361171511791,0,0,,0,0.06468946507700767,0.14958414339202683,10,0,743,0,0,0,0.0,0.15021814105578069,nan,0.2589013434870472
2.85,self+frame,shared,0.12206364442002345,0.12206361171511791,0,0,,0,0.06468946507700767,0.14958414339202683,10,0,743,0,0,0,0.0,0.15021814105578069,nan,0.2589013434870472
2.9000000000000004,self+frame,shared,0.12206364442002345,0.12206361171511791,0,0,,0,0.06468946507700767,0.14958414339202683,10,0,743,0,0,0,0.0,0.15021814105578069,nan,0.2589013434870472
2.95,self+frame,shared,0.12206364442002345,0.12206361171511791,0,0,,0,0.06468946507700767,0.14958414339202683,10,0,743,0,0,0,0.0,0.15021814105578069,nan,0.2589013434870472
3.0,self+frame,shared,0.12206364442002345,0.12206361171511791,0,0,,0,0.06468946507700767,0.14958414339202683,10,0,743,0,0,0,0.0,0.15021814105578069,nan,0.2589013434870472
3.0500000000000003,self+frame,shared,0.12206364442002345,0.12206361171511791,0,0,,0,0.06468946507700767,0.14958414339202683,10,0,743,0,0,0,0.0,0.15021814105578069,nan,0.2589013434870472
3.1,self+frame,shared,0.12206364442002345,0.12206361171511791,0,0,,0,0.06468946507700767,0.14958414339202683,10,0,743,0,0,0,0.0,0.15021814105578069,nan,0.2589013434870472
3.1500000000000004,self+frame,shared,0.12206364442002345,0.12206361171511791,0,0,,0,0.06468946507700767,0.14958414339202683,10,0,743,0,0,0,0.0,0.15021814105578069,nan,0.2589013434870472
3.2,self+frame,shared,0.12206364442002345,0.12206361171511791,0,0,,0,0.06468946507700767,0.14958414339202683,10,0,743,0,0,0,0.0,0.15021814105578069,nan,0.2589013434870472
3.25,self+frame,shared,0.12206364442002345,0.12206361171511791,0,0,,0,0.06468946507700767,0.14958414339202683,10,0,743,0,0,0,0.0,0.15021814105578069,nan,0.2589013434870472
3.3000000000000003,self+frame,shared,0.12206364442002345,0.12206361171511791,0,0,,0,0.06468946507700767,0.14958414339202683,10,0,743,0,0,0,0.0,0.15021814105578069,nan,0.2589013434870472
3.35,self+frame,shared,0.12206364442002345,0.12206361171511791,0,0,,0,0.06468946507700767,0.14958414339202683,10,0,743,0,0,0,0.0,0.15021814105578069,nan,0.2589013434870472
3.4000000000000004,self+frame,shared,0.12206364442002345,0.12206361171511791,0,0,,0,0.06468946507700767,0.14958414339202683,10,0,743,0,0,0,0.0,0.15021814105578069,nan,0.2589013434870472
3.45,self+frame,shared,0.12206364442002345,0.12206361171511791,0,0,,0,0.06468946507700767,0.14958414339202683,10,0,743,0,0,0,0.0,0.15021814105578069,nan,0.2589013434870472
3.5,self+frame,shared,0.12206364442002345,0.12206361171511791,0,0,,0,0.06468946507700767,0.14958414339202683,10,0,743,0,0,0,0.0,0.15021814105578069,nan,0.2589013434870472
3.5500000000000003,self+frame,shared,0.12206364442002345,0.12206361171511791,0,0,,0,0.06468946507700767,0.14958414339202683,10,0,743,0,0,0,0.0,0.15021814105578069,nan,0.2589013434870472
3.6,self+frame,shared,0.12206364442002345,0.12206361171511791,0,0,,0,0.06468946507700767,0.14958414339202683,10,0,743,0,0,0,0.0,0.15021814105578069,nan,0.2589013434870472
3.6500000000000004,self+frame,shared,0.12206364442002345,0.12206361171511791,0,0,,0,0.06468946507700767,0.14958414339202683,10,0,743,0,0,0,0.0,0.15021814105578069,nan,0.2589013434870472
3.7,self+frame,shared,0.12206364442002345,0.12206361171511791,0,0,,0,0.06468946507700767,0.14958414339202683,10,0,743,0,0,0,0.0,0.15021814105578069,nan,0.2589013434870472
3.75,self+frame,shared,0.12206364442002345,0.12206361171511791,0,0,,0,0.06468946507700767,0.14958414339202683,10,0,743,0,0,0,0.0,0.15021814105578069,nan,0.2589013434870472
3.8000000000000003,self+frame,shared,0.12206364442002345,0.12206361171511791,0,0,,0,0.06468946507700767,0.14958414339202683,10,0,743,0,0,0,0.0,0.15021814105578069,nan,0.2589013434870472
3.85,self+frame,shared,0.12206364442002345,0.12206361171511791,0,0,,0,0.06468946507700767,0.14958414339202683,10,0,743,0,0,0,0.0,0.15021814105578069,nan,0.2589013434870472
3.9000000000000004,self+frame,shared,0.12206364442002345,0.12206361171511791,0,0,,0,0.06468946507700767,0.14958414339202683,10,0,743,0,0,0,0.0,0.15021814105578069,nan,0.2589013434870472
3.95,self+frame,shared,0.12206364442002345,0.12206361171511791,0,0,,0,0.06468946507700767,0.14958414339202683,10,0,743,0,0,0,0.0,0.15021814105578069,nan,0.2589013434870472
4.0,self+frame,shared,0.12206364442002345,0.12206361171511791,0,0,,0,0.06468946507700767,0.14958414339202683,10,0,743,0,0,0,0.0,0.15021814105578069,nan,0.2589013434870472
4.05,self+frame,shared,0.12206364442002345,0.12206361171511791,0,0,,0,0.06468946507700767,0.14958414339202683,10,0,743,0,0,0,0.0,0.15021814105578069,nan,0.2589013434870472
4.1000000000000005,self+frame,shared,0.12206364442002345,0.12206361171511791,0,0,,0,0.06468946507700767,0.14958414339202683,10,0,743,0,0,0,0.0,0.15021814105578069,nan,0.2589013434870472
4.15,self+frame,shared,0.12206364442002345,0.12206361171511791,0,0,,0,0.06468946507700767,0.14958414339202683,10,0,743,0,0,0,0.0,0.15021814105578069,nan,0.2589013434870472
4.2,self+frame,shared,0.12206364442002345,0.12206361171511791,0,0,,0,0.06468946507700767,0.14958414339202683,10,0,743,0,0,0,0.0,0.15021814105578069,nan,0.2589013434870472
4.25,self+frame,shared,0.12206364442002345,0.12206361171511791,0,0,,0,0.06468946507700767,0.14958414339202683,10,0,743,0,0,0,0.0,0.15021814105578069,nan,0.2589013434870472
4.3,self+frame,shared,0.12206364442002345,0.12206361171511791,0,0,,0,0.06468946507700767,0.14958414339202683,10,0,743,0,0,0,0.0,0.15021814105578069,nan,0.2589013434870472
4.3500000000000005,self+frame,shared,0.12206364442002345,0.12206361171511791,0,0,,0,0.06468946507700767,0.14958414339202683,10,0,743,0,0,0,0.0,0.15021814105578069,nan,0.2589013434870472
4.4,self+frame,shared,0.12206364442002345,0.12206361171511791,0,0,,0,0.06468946507700767,0.14958414339202683,10,0,743,0,0,0,0.0,0.15021814105578069,nan,0.2589013434870472
4.45,self+frame,shared,0.12206364442002345,0.12206361171511791,0,0,,0,0.06468946507700767,0.14958414339202683,10,0,743,0,0,0,0.0,0.15021814105578069,nan,0.2589013434870472
4.5,self+frame,shared,0.12206364442002345,0.12206361171511791,0,0,,0,0.06468946507700767,0.14958414339202683,10,0,743,0,0,0,0.0,0.15021814105578069,nan,0.2589013434870472
4.55,self+frame,shared,0.12206364442002345,0.12206361171511791,0,0,,0,0.06468946507700767,0.14958414339202683,10,0,743,0,0,0,0.0,0.15021814105578069,nan,0.2589013434870472
4.6000000000000005,self+frame,shared,0.12206364442002345,0.12206361171511791,0,0,,0,0.06468946507700767,0.14958414339202683,10,0,743,0,0,0,0.0,0.15021814105578069,nan,0.2589013434870472
4.65,self+frame,shared,0.12206364442002345,0.12206361171511791,0,0,,0,0.06468946507700767,0.14958414339202683,10,0,743,0,0,0,0.0,0.15021814105578069,nan,0.2589013434870472
4.7,self+frame,shared,0.12206364442002345,0.12206361171511791,0,0,,0,0.06468946507700767,0.14958414339202683,10,0,743,0,0,0,0.0,0.15021814105578069,nan,0.2589013434870472
4.75,self+frame,shared,0.12206364442002345,0.12206361171511791,0,0,,0,0.06468946507700767,0.14958414339202683,10,0,743,0,0,0,0.0,0.15021814105578069,nan,0.2589013434870472
4.800000000000001,self+frame,shared,0.12206364442002345,0.12206361171511791,0,0,,0,0.06468946507700767,0.14958414339202683,10,0,743,0,0,0,0.0,0.15021814105578069,nan,0.2589013434870472
4.8500000000000005,self+frame,shared,0.12206364442002345,0.12206361171511791,0,0,,0,0.06468946507700767,0.14958414339202683,10,0,743,0,0,0,0.0,0.15021814105578069,nan,0.2589013434870472
4.9,self+frame,shared,0.12206364442002345,0.12206361171511791,0,0,,0,0.06468946507700767,0.14958414339202683,10,0,743,0,0,0,0.0,0.15021814105578069,nan,0.2589013434870472
4.95,self+frame,shared,0.12206364442002345,0.12206361171511791,0,0,,0,0.06468946507700767,0.14958414339202683,10,0,743,0,0,0,0.0,0.15021814105578069,nan,0.2589013434870472
5.0,self+frame,shared,0.12206364442002345,0.12206361171511791,0,0,,0,0.06468946507700767,0.14958414339202683,10,0,743,0,0,0,0.0,0.15021814105578069,nan,0.2589013434870472
5.050000000000001,self+frame,shared,0.12206364442002345,0.12206361171511791,0,0,,0,0.06468946507700767,0.14958414339202683,10,0,743,0,0,0,0.0,0.15021814105578069,nan,0.2589013434870472
5.1000000000000005,self+frame,shared,0.12206364442002345,0.12206361171511791,0,0,,0,0.06468946507700767,0.14958414339202683,10,0,743,0,0,0,0.0,0.15021814105578069,nan,0.2589013434870472
5.15,self+frame,shared,0.12206364442002345,0.12206361171511791,0,0,,0,0.06468946507700767,0.14958414339202683,10,0,743,0,0,0,0.0,0.15021814105578069,nan,0.2589013434870472
5.2,self+frame,shared,0.12206364442002345,0.12206361171511791,0,0,,0,0.06468946507700767,0.14958414339202683,10,0,743,0,0,0,0.0,0.15021814105578069,nan,0.2589013434870472
5.25,self+frame,shared,0.12206364442002345,0.12206361171511791,0,0,,0,0.06468946507700767,0.14958414339202683,10,0,743,0,0,0,0.0,0.15021814105578069,nan,0.2589013434870472
5.300000000000001,self+frame,shared,0.12206364442002345,0.12206361171511791,0,0,,0,0.06468946507700767,0.14958414339202683,10,0,743,0,0,0,0.0,0.15021814105578069,nan,0.2589013434870472
5.3500000000000005,self+frame,shared,0.12206364442002345,0.12206361171511791,0,0,,0,0.06468946507700767,0.14958414339202683,10,0,743,0,0,0,0.0,0.15021814105578069,nan,0.2589013434870472
5.4,self+frame,shared,0.12206364442002345,0.12206361171511791,0,0,,0,0.06468946507700767,0.14958414339202683,10,0,743,0,0,0,0.0,0.15021814105578069,nan,0.2589013434870472
5.45,self+frame,shared,0.12206364442002345,0.12206361171511791,0,0,,0,0.06468946507700767,0.14958414339202683,10,0,743,0,0,0,0.0,0.15021814105578069,nan,0.2589013434870472
5.5,self+frame,shared,0.12206364442002345,0.12206361171511791,0,0,,0,0.06468946507700767,0.14958414339202683,10,0,743,0,0,0,0.0,0.15021814105578069,nan,0.2589013434870472
5.550000000000001,self+frame,shared,0.12206364442002345,0.12206361171511791,0,0,,0,0.06468946507700767,0.14958414339202683,10,0,743,0,0,0,0.0,0.15021814105578069,nan,0.2589013434870472
5.6000000000000005,self+frame,shared,0.12206364442002345,0.12206361171511791,0,0,,0,0.06468946507700767,0.14958414339202683,10,0,743,0,0,0,0.0,0.15021814105578069,nan,0.2589013434870472
5.65,self+frame,shared,0.12206364442002345,0.12206361171511791,0,0,,0,0.06468946507700767,0.14958414339202683,10,0,743,0,0,0,0.0,0.15021814105578069,nan,0.2589013434870472
5.7,self+frame,shared,0.12206364442002345,0.12206361171511791,0,0,,0,0.06468946507700767,0.14958414339202683,10,0,743,0,0,0,0.0,0.15021814105578069,nan,0.2589013434870472
5.75,self+frame,shared,0.12206364442002345,0.12206361171511791,0,0,,0,0.06468946507700767,0.14958414339202683,10,0,743,0,0,0,0.0,0.15021814105578069,nan,0.2589013434870472
5.800000000000001,self+frame,shared,0.12206364442002345,0.12206361171511791,0,0,,0,0.06468946507700767,0.14958414339202683,10,0,743,0,0,0,0.0,0.15021814105578069,nan,0.2589013434870472
5.8500000000000005,self+frame,shared,0.12206364442002345,0.12206361171511791,0,0,,0,0.06468946507700767,0.14958414339202683,10,0,743,0,0,0,0.0,0.15021814105578069,nan,0.2589013434870472
5.9,self+frame,shared,0.12206364442002345,0.12206361171511791,0,0,,0,0.06468946507700767,0.14958414339202683,10,0,743,0,0,0,0.0,0.15021814105578069,nan,0.2589013434870472
5.95,self+frame,shared,0.12206364442002345,0.12206361171511791,0,0,,0,0.06468946507700767,0.14958414339202683,10,0,743,0,0,0,0.0,0.15021814105578069,nan,0.2589013434870472
6.0,self+frame,shared,0.12206364442002345,0.12206361171511791,0,0,,0,0.06468946507700767,0.14958414339202683,10,0,743,0,0,0,0.0,0.15021814105578069,nan,0.2589013434870472
6.050000000000001,self+frame,shared,0.12206364442002345,0.12206361171511791,0,0,,0,0.06468946507700767,0.14958414339202683,10,0,743,0,0,0,0.0,0.15021814105578069,nan,0.2589013434870472
6.1000000000000005,self+frame,shared,0.12206364442002345,0.12206361171511791,0,0,,0,0.06468946507700767,0.14958414339202683,10,0,743,0,0,0,0.0,0.15021814105578069,nan,0.2589013434870472
6.15,self+frame,shared,0.12206364442002345,0.12206361171511791,0,0,,0,0.06468946507700767,0.14958414339202683,10,0,743,0,0,0,0.0,0.15021814105578069,nan,0.2589013434870472
6.2,self+frame,shared,0.12206364442002345,0.12206361171511791,0,0,,0,0.06468946507700767,0.14958414339202683,10,0,743,0,0,0,0.0,0.15021814105578069,nan,0.2589013434870472
6.25,self+frame,shared,0.12206364442002345,0.12206361171511791,0,0,,0,0.06468946507700767,0.14958414339202683,10,0,743,0,0,0,0.0,0.15021814105578069,nan,0.2589013434870472
6.300000000000001,self+frame,shared,0.12206364442002345,0.12206361171511791,0,0,,0,0.06468946507700767,0.14958414339202683,10,0,743,0,0,0,0.0,0.15021814105578069,nan,0.2589013434870472
6.3500000000000005,self+frame,shared,0.12206364442002345,0.12206361171511791,0,0,,0,0.06468946507700767,0.14958414339202683,10,0,743,0,0,0,0.0,0.15021814105578069,nan,0.2589013434870472
6.4,self+frame,shared,0.12206364442002345,0.12206361171511791,0,0,,0,0.06468946507700767,0.14958414339202683,10,0,743,0,0,0,0.0,0.15021814105578069,nan,0.2589013434870472
6.45,self+frame,shared,0.12206364442002345,0.12206361171511791,0,0,,0,0.06468946507700767,0.14958414339202683,10,0,743,0,0,0,0.0,0.15021814105578069,nan,0.2589013434870472
6.5,self+frame,shared,0.12206364442002345,0.12206361171511791,0,0,,0,0.06468946507700767,0.14958414339202683,10,0,743,0,0,0,0.0,0.15021814105578069,nan,0.2589013434870472
6.550000000000001,self+frame,shared,0.12206364442002345,0.12206361171511791,0,0,,0,0.06468946507700767,0.14958414339202683,10,0,743,0,0,0,0.0,0.15021814105578069,nan,0.2589013434870472
6.6000000000000005,self+frame,shared,0.12206364442002345,0.12206361171511791,0,0,,0,0.06468946507700767,0.14958414339202683,10,0,743,0,0,0,0.0,0.15021814105578069,nan,0.2589013434870472
6.65,self+frame,shared,0.12206364442002345,0.12206361171511791,0,0,,0,0.06468946507700767,0.14958414339202683,10,0,743,0,0,0,0.0,0.15021814105578069,nan,0.2589013434870472
6.7,self+frame,shared,0.12206364442002345,0.12206361171511791,0,0,,0,0.06468946507700767,0.14958414339202683,10,0,743,0,0,0,0.0,0.15021814105578069,nan,0.2589013434870472
6.75,self+frame,shared,0.12206364442002345,0.12206361171511791,0,0,,0,0.06468946507700767,0.14958414339202683,10,0,743,0,0,0,0.0,0.15021814105578069,nan,0.2589013434870472
6.800000000000001,self+frame,shared,0.12206364442002345,0.12206361171511791,0,0,,0,0.06468946507700767,0.14958414339202683,10,0,743,0,0,0,0.0,0.15021814105578069,nan,0.2589013434870472
6.8500000000000005,self+frame,shared,0.12206364442002345,0.12206361171511791,0,0,,0,0.06468946507700767,0.14958414339202683,10,0,743,0,0,0,0.0,0.15021814105578069,nan,0.2589013434870472
6.9,self+frame,shared,0.12206364442002345,0.12206361171511791,0,0,,0,0.06468946507700767,0.14958414339202683,10,0,743,0,0,0,0.0,0.15021814105578069,nan,0.2589013434870472
6.95,self+frame,shared,0.12206364442002345,0.12206361171511791,0,0,,0,0.06468946507700767,0.14958414339202683,10,0,743,0,0,0,0.0,0.15021814105578069,nan,0.2589013434870472
7.0,self+frame,shared,0.12206364442002345,0.12206361171511791,0,0,,0,0.06468946507700767,0.14958414339202683,10,0,743,0,0,0,0.0,0.15021814105578069,nan,0.2589013434870472
7.050000000000001,self+frame,shared,0.12206364442002345,0.12206361171511791,0,0,,0,0.06468946507700767,0.14958414339202683,10,0,743,0,0,0,0.0,0.15021814105578069,nan,0.2589013434870472
7.1000000000000005,self+frame,shared,0.12206364442002345,0.12206361171511791,0,0,,0,0.06468946507700767,0.14958414339202683,10,0,743,0,0,0,0.0,0.15021814105578069,nan,0.2589013434870472
7.15,self+frame,shared,0.12206364442002345,0.12206361171511791,0,0,,0,0.06468946507700767,0.14958414339202683,10,0,743,0,0,0,0.0,0.15021814105578069,nan,0.2589013434870472
7.2,self+frame,shared,0.12206364442002345,0.12206361171511791,0,0,,0,0.06468946507700767,0.14958414339202683,10,0,743,0,0,0,0.0,0.15021814105578069,nan,0.2589013434870472
7.25,self+frame,shared,0.12206364442002345,0.12206361171511791,0,0,,0,0.06468946507700767,0.14958414339202683,10,0,743,0,0,0,0.0,0.15021814105578069,nan,0.2589013434870472
7.300000000000001,self+frame,shared,0.12206364442002345,0.12206361171511791,0,0,,0,0.06468946507700767,0.14958414339202683,10,0,743,0,0,0,0.0,0.15021814105578069,nan,0.2589013434870472
7.3500000000000005,self+frame,shared,0.12206364442002345,0.12206361171511791,0,0,,0,0.06468946507700767,0.14958414339202683,10,0,743,0,0,0,0.0,0.15021814105578069,nan,0.2589013434870472
7.4,self+frame,shared,0.12206364442002345,0.12206361171511791,0,0,,0,0.06468946507700767,0.14958414339202683,10,0,743,0,0,0,0.0,0.15021814105578069,nan,0.2589013434870472
7.45,self+frame,shared,0.12206364442002345,0.12206361171511791,0,0,,0,0.06468946507700767,0.14958414339202683,10,0,743,0,0,0,0.0,0.15021814105578069,nan,0.2589013434870472
7.5,self+frame,shared,0.12206364442002345,0.12206361171511791,0,0,,0,0.06468946507700767,0.14958414339202683,10,0,743,0,0,0,0.0,0.15021814105578069,nan,0.2589013434870472
7.550000000000001,self+frame,shared,0.12206364442002345,0.12206361171511791,0,0,,0,0.06468946507700767,0.14958414339202683,10,0,743,0,0,0,0.0,0.15021814105578069,nan,0.2589013434870472
7.6000000000000005,self+frame,shared,0.12206364442002345,0.12206361171511791,0,0,,0,0.06468946507700767,0.14958414339202683,10,0,743,0,0,0,0.0,0.15021814105578069,nan,0.2589013434870472
7.65,self+frame,shared,0.12206364442002345,0.12206361171511791,0,0,,0,0.06468946507700767,0.14958414339202683,10,0,743,0,0,0,0.0,0.15021814105578069,nan,0.2589013434870472
7.7,self+frame,shared,0.12206364442002345,0.12206361171511791,0,0,,0,0.06468946507700767,0.14958414339202683,10,0,743,0,0,0,0.0,0.15021814105578069,nan,0.2589013434870472
7.75,self+frame,shared,0.12206364442002345,0.12206361171511791,0,0,,0,0.06468946507700767,0.14958414339202683,10,0,743,0,0,0,0.0,0.15021814105578069,nan,0.2589013434870472
7.800000000000001,self+frame,shared,0.12206364442002345,0.12206361171511791,0,0,,0,0.06468946507700767,0.14958414339202683,10,0,743,0,0,0,0.0,0.15021814105578069,nan,0.2589013434870472
7.8500000000000005,self+frame,shared,0.12206364442002345,0.12206361171511791,0,0,,0,0.06468946507700767,0.14958414339202683,10,0,743,0,0,0,0.0,0.15021814105578069,nan,0.2589013434870472
7.9,self+frame,shared,0.12206364442002345,0.12206361171511791,0,0,,0,0.06468946507700767,0.14958414339202683,10,0,743,0,0,0,0.0,0.15021814105578069,nan,0.2589013434870472
7.95,self+frame,shared,0.12206364442002345,0.12206361171511791,0,0,,0,0.06468946507700767,0.14958414339202683,10,0,743,0,0,0,0.0,0.15021814105578069,nan,0.2589013434870472
8.0,self+frame,shared,0.12206364442002345,0.12206361171511791,0,0,,0,0.06468946507700767,0.14958414339202683,10,0,743,0,0,0,0.0,0.15021814105578069,nan,0.2589013434870472
8.05,self+frame,shared,0.12206364442002345,0.12206361171511791,0,0,,0,0.06468946507700767,0.14958414339202683,10,0,743,0,0,0,0.0,0.15021814105578069,nan,0.2589013434870472
8.1,self+frame,shared,0.12206364442002345,0.12206361171511791,0,0,,0,0.06468946507700767,0.14958414339202683,10,0,743,0,0,0,0.0,0.15021814105578069,nan,0.2589013434870472
8.15,self+frame,shared,0.12206364442002345,0.12206361171511791,0,0,,0,0.06468946507700767,0.14958414339202683,10,0,743,0,0,0,0.0,0.15021814105578069,nan,0.2589013434870472
8.200000000000001,self+frame,shared,0.12206364442002345,0.12206361171511791,0,0,,0,0.06468946507700767,0.14958414339202683,10,0,743,0,0,0,0.0,0.15021814105578069,nan,0.2589013434870472
8.25,self+frame,shared,0.12206364442002345,0.12206361171511791,0,0,,0,0.06468946507700767,0.14958414339202683,10,0,743,0,0,0,0.0,0.15021814105578069,nan,0.2589013434870472
8.3,self+frame,shared,0.12206364442002345,0.12206361171511791,0,0,,0,0.06468946507700767,0.14958414339202683,10,0,743,0,0,0,0.0,0.15021814105578069,nan,0.2589013434870472
8.35,self+frame,shared,0.12206364442002345,0.12206361171511791,0,0,,0,0.06468946507700767,0.14958414339202683,10,0,743,0,0,0,0.0,0.15021814105578069,nan,0.2589013434870472
8.4,self+frame,shared,0.12206364442002345,0.12206361171511791,0,0,,0,0.06468946507700767,0.14958414339202683,10,0,743,0,0,0,0.0,0.15021814105578069,nan,0.2589013434870472
8.450000000000001,self+frame,shared,0.12206364442002345,0.12206361171511791,0,0,,0,0.06468946507700767,0.14958414339202683,10,0,743,0,0,0,0.0,0.15021814105578069,nan,0.2589013434870472
8.5,self+frame,shared,0.12206364442002345,0.12206361171511791,0,0,,0,0.06468946507700767,0.14958414339202683,10,0,743,0,0,0,0.0,0.15021814105578069,nan,0.2589013434870472
8.55,self+frame,shared,0.12206364442002345,0.12206361171511791,0,0,,0,0.06468946507700767,0.14958414339202683,10,0,743,0,0,0,0.0,0.15021814105578069,nan,0.2589013434870472
8.6,self+frame,shared,0.12206364442002345,0.12206361171511791,0,0,,0,0.06468946507700767,0.14958414339202683,10,0,743,0,0,0,0.0,0.15021814105578069,nan,0.2589013434870472
8.65,self+frame,shared,0.12206364442002345,0.12206361171511791,0,0,,0,0.06468946507700767,0.14958414339202683,10,0,743,0,0,0,0.0,0.15021814105578069,nan,0.2589013434870472
8.700000000000001,self+frame,shared,0.12206364442002345,0.12206361171511791,0,0,,0,0.06468946507700767,0.14958414339202683,10,0,743,0,0,0,0.0,0.15021814105578069,nan,0.2589013434870472
8.75,self+frame,shared,0.12206364442002345,0.12206361171511791,0,0,,0,0.06468946507700767,0.14958414339202683,10,0,743,0,0,0,0.0,0.15021814105578069,nan,0.2589013434870472
8.8,self+frame,shared,0.12206364442002345,0.12206361171511791,0,0,,0,0.06468946507700767,0.14958414339202683,10,0,743,0,0,0,0.0,0.15021814105578069,nan,0.2589013434870472
8.85,self+frame,shared,0.12206364442002345,0.12206361171511791,0,0,,0,0.06468946507700767,0.14958414339202683,10,0,743,0,0,0,0.0,0.15021814105578069,nan,0.2589013434870472
8.9,self+frame,shared,0.12206364442002345,0.12206361171511791,0,0,,0,0.06468946507700767,0.14958414339202683,10,0,743,0,0,0,0.0,0.15021814105578069,nan,0.2589013434870472
8.950000000000001,self+frame,shared,0.12206364442002345,0.12206361171511791,0,0,,0,0.06468946507700767,0.14958414339202683,10,0,743,0,0,0,0.0,0.15021814105578069,nan,0.2589013434870472
9.0,self+frame,shared,0.12206364442002345,0.12206361171511791,0,0,,0,0.06468946507700767,0.14958414339202683,10,0,743,0,0,0,0.0,0.15021814105578069,nan,0.2589013434870472
9.05,self+frame,shared,0.12206364442002345,0.12206361171511791,0,0,,0,0.06468946507700767,0.14958414339202683,10,0,743,0,0,0,0.0,0.15021814105578069,nan,0.2589013434870472
9.1,self+frame,shared,0.12206364442002345,0.12206361171511791,0,0,,0,0.06468946507700767,0.14958414339202683,10,0,743,0,0,0,0.0,0.15021814105578069,nan,0.2589013434870472
9.15,self+frame,shared,0.12206364442002345,0.12206361171511791,0,0,,0,0.06468946507700767,0.14958414339202683,10,0,743,0,0,0,0.0,0.15021814105578069,nan,0.2589013434870472
9.200000000000001,self+frame,shared,0.12206364442002345,0.12206361171511791,0,0,,0,0.06468946507700767,0.14958414339202683,10,0,743,0,0,0,0.0,0.15021814105578069,nan,0.2589013434870472
9.25,self+frame,shared,0.12206364442002345,0.12206361171511791,0,0,,0,0.06468946507700767,0.14958414339202683,10,0,743,0,0,0,0.0,0.15021814105578069,nan,0.2589013434870472
9.3,self+frame,shared,0.12206364442002345,0.12206361171511791,0,0,,0,0.06468946507700767,0.14958414339202683,10,0,743,0,0,0,0.0,0.15021814105578069,nan,0.2589013434870472
9.35,self+frame,shared,0.12206364442002345,0.12206361171511791,0,0,,0,0.06468946507700767,0.14958414339202683,10,0,743,0,0,0,0.0,0.15021814105578069,nan,0.2589013434870472
9.4,self+frame,shared,0.12206364442002345,0.12206361171511791,0,0,,0,0.06468946507700767,0.14958414339202683,10,0,743,0,0,0,0.0,0.15021814105578069,nan,0.2589013434870472
9.450000000000001,self+frame,shared,0.12206364442002345,0.12206361171511791,0,0,,0,0.06468946507700767,0.14958414339202683,10,0,743,0,0,0,0.0,0.15021814105578069,nan,0.2589013434870472
9.5,self+frame,shared,0.12206364442002345,0.12206361171511791,0,0,,0,0.06468946507700767,0.14958414339202683,10,0,743,0,0,0,0.0,0.15021814105578069,nan,0.2589013434870472
9.55,self+frame,shared,0.12206364442002345,0.12206361171511791,0,0,,0,0.06468946507700767,0.14958414339202683,10,0,743,0,0,0,0.0,0.15021814105578069,nan,0.2589013434870472
9.600000000000001,self+frame,shared,0.12206364442002345,0.12206361171511791,0,0,,0,0.06468946507700767,0.14958414339202683,10,0,743,0,0,0,0.0,0.15021814105578069,nan,0.2589013434870472
9.65,self+frame,shared,0.12206364442002345,0.12206361171511791,0,0,,0,0.06468946507700767,0.14958414339202683,10,0,743,0,0,0,0.0,0.15021814105578069,nan,0.2589013434870472
9.700000000000001,self+frame,shared,0.12206364442002345,0.12206361171511791,0,0,,0,0.06468946507700767,0.14958414339202683,10,0,743,0,0,0,0.0,0.15021814105578069,nan,0.2589013434870472
9.75,self+frame,shared,0.12206364442002345,0.12206361171511791,0,0,,0,0.06468946507700767,0.14958414339202683,10,0,743,0,0,0,0.0,0.15021814105578069,nan,0.2589013434870472
9.8,self+frame,shared,0.12206364442002345,0.12206361171511791,0,0,,0,0.06468946507700767,0.14958414339202683,10,0,743,0,0,0,0.0,0.15021814105578069,nan,0.2589013434870472
9.850000000000001,self+frame,shared,0.12206364442002345,0.12206361171511791,0,0,,0,0.06468946507700767,0.14958414339202683,10,0,743,0,0,0,0.0,0.15021814105578069,nan,0.2589013434870472
9.9,self+frame,shared,0.12206364442002345,0.12206361171511791,0,0,,0,0.06468946507700767,0.14958414339202683,10,0,743,0,0,0,0.0,0.15021814105578069,nan,0.2589013434870472
9.950000000000001,self+frame,shared,0.12206364442002345,0.12206361171511791,0,0,,0,0.06468946507700767,0.14958414339202683,10,0,743,0,0,0,0.0,0.15021814105578069,nan,0.2589013434870472
10.0,self+frame,shared,0.12206364442002345,0.12206361171511791,0,0,,0,0.06468946507700767,0.14958414339202683,10,0,743,0,0,0,0.0,0.15021814105578069,nan,0.2589013434870472
10.05,self+frame,shared,0.12206364442002345,0.12206361171511791,0,0,,0,0.06468946507700767,0.14958414339202683,10,0,743,0,0,0,0.0,0.15021814105578069,nan,0.2589013434870472
10.100000000000001,self+frame,shared,0.12206364442002345,0.12206361171511791,0,0,,0,0.06468946507700767,0.14958414339202683,10,0,743,0,0,0,0.0,0.15021814105578069,nan,0.2589013434870472
10.15,self+frame,shared,0.12206364442002345,0.12206361171511791,0,0,,0,0.06468946507700767,0.14958414339202683,10,0,743,0,0,0,0.0,0.15021814105578069,nan,0.2589013434870472
10.200000000000001,self+frame,shared,0.12206364442002345,0.12206361171511791,0,0,,0,0.06468946507700767,0.14958414339202683,10,0,743,0,0,0,0.0,0.15021814105578069,nan,0.2589013434870472
10.25,self+frame,shared,0.12206364442002345,0.12206361171511791,0,0,,0,0.06468946507700767,0.14958414339202683,10,0,743,0,0,0,0.0,0.15021814105578069,nan,0.2589013434870472
10.3,self+frame,shared,0.12206364442002345,0.12206361171511791,0,0,,0,0.06468946507700767,0.14958414339202683,10,0,743,0,0,0,0.0,0.15021814105578069,nan,0.2589013434870472
10.350000000000001,self+frame,shared,0.12206364442002345,0.12206361171511791,0,0,,0,0.06468946507700767,0.14958414339202683,10,0,743,0,0,0,0.0,0.15021814105578069,nan,0.2589013434870472
10.4,self+frame,shared,0.12206364442002345,0.12206361171511791,0,0,,0,0.06468946507700767,0.14958414339202683,10,0,743,0,0,0,0.0,0.15021814105578069,nan,0.2589013434870472
10.450000000000001,self+frame,shared,0.12206364442002345,0.12206361171511791,0,0,,0,0.06468946507700767,0.14958414339202683,10,0,743,0,0,0,0.0,0.15021814105578069,nan,0.2589013434870472
10.5,self+frame,shared,0.12206364442002345,0.12206361171511791,0,0,,0,0.06468946507700767,0.14958414339202683,10,0,743,0,0,0,0.0,0.15021814105578069,nan,0.2589013434870472
10.55,self+frame,shared,0.12206364442002345,0.12206361171511791,0,0,,0,0.06468946507700767,0.14958414339202683,10,0,743,0,0,0,0.0,0.15021814105578069,nan,0.2589013434870472
10.600000000000001,self+frame,shared,0.12206364442002345,0.12206361171511791,0,0,,0,0.06468946507700767,0.14958414339202683,10,0,743,0,0,0,0.0,0.15021814105578069,nan,0.2589013434870472
10.65,self+frame,shared,0.12206364442002345,0.12206361171511791,0,0,,0,0.06468946507700767,0.14958414339202683,10,0,743,0,0,0,0.0,0.15021814105578069,nan,0.2589013434870472
10.700000000000001,self+frame,shared,0.12206364442002345,0.12206361171511791,0,0,,0,0.06468946507700767,0.14958414339202683,10,0,743,0,0,0,0.0,0.15021814105578069,nan,0.2589013434870472
10.75,self+frame,shared,0.12206364442002345,0.12206361171511791,0,0,,0,0.06468946507700767,0.14958414339202683,10,0,743,0,0,0,0.0,0.15021814105578069,nan,0.2589013434870472
10.8,self+frame,shared,0.12206364442002345,0.12206361171511791,0,0,,0,0.06468946507700767,0.14958414339202683,10,0,743,0,0,0,0.0,0.15021814105578069,nan,0.2589013434870472
10.850000000000001,self+frame,shared,0.12206364442002345,0.12206361171511791,0,0,,0,0.06468946507700767,0.14958414339202683,10,0,743,0,0,0,0.0,0.15021814105578069,nan,0.2589013434870472
10.9,self+frame,shared,0.12206364442002345,0.12206361171511791,0,0,,0,0.06468946507700767,0.14958414339202683,10,0,743,0,0,0,0.0,0.15021814105578069,nan,0.2589013434870472
10.950000000000001,self+frame,shared,0.12206364442002345,0.12206361171511791,0,0,,0,0.06468946507700767,0.14958414339202683,10,0,743,0,0,0,0.0,0.15021814105578069,nan,0.2589013434870472
11.0,self+frame,shared,0.12206364442002345,0.12206361171511791,0,0,,0,0.06468946507700767,0.14958414339202683,10,0,743,0,0,0,0.0,0.15021814105578069,nan,0.2589013434870472
11.05,self+frame,shared,0.12206364442002345,0.12206361171511791,0,0,,0,0.06468946507700767,0.14958414339202683,10,0,743,0,0,0,0.0,0.15021814105578069,nan,0.2589013434870472
11.100000000000001,self+frame,shared,0.12206364442002345,0.12206361171511791,0,0,,0,0.06468946507700767,0.14958414339202683,10,0,743,0,0,0,0.0,0.15021814105578069,nan,0.2589013434870472
11.15,self+frame,shared,0.12206364442002345,0.12206361171511791,0,0,,0,0.06468946507700767,0.14958414339202683,10,0,743,0,0,0,0.0,0.15021814105578069,nan,0.2589013434870472
11.200000000000001,self+frame,shared,0.12206364442002345,0.12206361171511791,0,0,,0,0.06468946507700767,0.14958414339202683,10,0,743,0,0,0,0.0,0.15021814105578069,nan,0.2589013434870472
11.25,self+frame,shared,0.12206364442002345,0.12206361171511791,0,0,,0,0.06468946507700767,0.14958414339202683,10,0,743,0,0,0,0.0,0.15021814105578069,nan,0.2589013434870472
11.3,self+frame,shared,0.12206364442002345,0.12206361171511791,0,0,,0,0.06468946507700767,0.14958414339202683,10,0,743,0,0,0,0.0,0.15021814105578069,nan,0.2589013434870472
11.350000000000001,self+frame,shared,0.12206364442002345,0.12206361171511791,0,0,,0,0.06468946507700767,0.14958414339202683,10,0,743,0,0,0,0.0,0.15021814105578069,nan,0.2589013434870472
11.4,self+frame,shared,0.12206364442002345,0.12206361171511791,0,0,,0,0.06468946507700767,0.14958414339202683,10,0,743,0,0,0,0.0,0.15021814105578069,nan,0.2589013434870472
11.450000000000001,self+frame,shared,0.12206364442002345,0.12206361171511791,0,0,,0,0.06468946507700767,0.14958414339202683,10,0,743,0,0,0,0.0,0.15021814105578069,nan,0.2589013434870472
11.5,self+frame,shared,0.12206364442002345,0.12206361171511791,0,0,,0,0.06468946507700767,0.14958414339202683,10,0,743,0,0,0,0.0,0.15021814105578069,nan,0.2589013434870472
11.55,self+frame,shared,0.12206364442002345,0.12206361171511791,0,0,,0,0.06468946507700767,0.14958414339202683,10,0,743,0,0,0,0.0,0.15021814105578069,nan,0.2589013434870472
11.600000000000001,self+frame,shared,0.12206364442002345,0.12206361171511791,0,0,,0,0.06468946507700767,0.14958414339202683,10,0,743,0,0,0,0.0,0.15021814105578069,nan,0.2589013434870472
11.65,self+frame,shared,0.12206364442002345,0.12206361171511791,0,0,,0,0.06468946507700767,0.14958414339202683,10,0,743,0,0,0,0.0,0.15021814105578069,nan,0.2589013434870472
11.700000000000001,self+frame,shared,0.12206364442002345,0.12206361171511791,0,0,,0,0.06468946507700767,0.14958414339202683,10,0,743,0,0,0,0.0,0.15021814105578069,nan,0.2589013434870472
11.75,self+frame,shared,0.12206364442002345,0.12206361171511791,0,0,,0,0.06468946507700767,0.14958414339202683,10,0,743,0,0,0,0.0,0.15021814105578069,nan,0.2589013434870472
11.8,self+frame,shared,0.12206364442002345,0.12206361171511791,0,0,,0,0.06468946507700767,0.14958414339202683,10,0,743,0,0,0,0.0,0.15021814105578069,nan,0.2589013434870472
11.850000000000001,self+frame,shared,0.12206364442002345,0.12206361171511791,0,0,,0,0.06468946507700767,0.14958414339202683,10,0,743,0,0,0,0.0,0.15021814105578069,nan,0.2589013434870472
11.9,self+frame,shared,0.12206364442002345,0.12206361171511791,0,0,,0,0.06468946507700767,0.14958414339202683,10,0,743,0,0,0,0.0,0.15021814105578069,nan,0.2589013434870472
11.950000000000001,self+frame,shared,0.12206364442002345,0.12206361171511791,0,0,,0,0.06468946507700767,0.14958414339202683,10,0,743,0,0,0,0.0,0.15021814105578069,nan,0.2589013434870472
12.0,self+frame,shared,0.12206364442002345,0.12206361171511791,0,0,,0,0.06468946507700767,0.14958414339202683,10,0,743,0,0,0,0.0,0.15021814105578069,nan,0.2589013434870472
12.05,self+frame,shared,0.12206364442002345,0.12206361171511791,0,0,,0,0.06468946507700767,0.14958414339202683,10,0,743,0,0,0,0.0,0.15021814105578069,nan,0.2589013434870472
12.100000000000001,self+frame,shared,0.12206364442002345,0.12206361171511791,0,0,,0,0.06468946507700767,0.14958414339202683,10,0,743,0,0,0,0.0,0.15021814105578069,nan,0.2589013434870472
12.15,self+frame,shared,0.12206364442002345,0.12206361171511791,0,0,,0,0.06468946507700767,0.14958414339202683,10,0,743,0,0,0,0.0,0.15021814105578069,nan,0.2589013434870472
12.200000000000001,self+frame,shared,0.12206364442002345,0.12206361171511791,0,0,,0,0.06468946507700767,0.14958414339202683,10,0,743,0,0,0,0.0,0.15021814105578069,nan,0.2589013434870472
12.25,self+frame,shared,0.12206364442002345,0.12206361171511791,0,0,,0,0.06468946507700767,0.14958414339202683,10,0,743,0,0,0,0.0,0.15021814105578069,nan,0.2589013434870472
12.3,self+frame,shared,0.12206364442002345,0.12206361171511791,0,0,,0,0.06468946507700767,0.14958414339202683,10,0,743,0,0,0,0.0,0.15021814105578069,nan,0.2589013434870472
12.350000000000001,self+frame,shared,0.12206364442002345,0.12206361171511791,0,0,,0,0.06468946507700767,0.14958414339202683,10,0,743,0,0,0,0.0,0.15021814105578069,nan,0.2589013434870472
12.4,self+frame,shared,0.12206364442002345,0.12206361171511791,0,0,,0,0.06468946507700767,0.14958414339202683,10,0,743,0,0,0,0.0,0.15021814105578069,nan,0.2589013434870472
12.450000000000001,self+frame,shared,0.12206364442002345,0.12206361171511791,0,0,,0,0.06468946507700767,0.14958414339202683,10,0,743,0,0,0,0.0,0.15021814105578069,nan,0.2589013434870472
12.5,self+frame,shared,0.12206364442002345,0.12206361171511791,0,0,,0,0.06468946507700767,0.14958414339202683,10,0,743,0,0,0,0.0,0.15021814105578069,nan,0.2589013434870472
12.55,self+frame,shared,0.12206364442002345,0.12206361171511791,0,0,,0,0.06468946507700767,0.14958414339202683,10,0,743,0,0,0,0.0,0.15021814105578069,nan,0.2589013434870472
12.600000000000001,self+frame,shared,0.12206364442002345,0.12206361171511791,0,0,,0,0.06468946507700767,0.14958414339202683,10,0,743,0,0,0,0.0,0.15021814105578069,nan,0.2589013434870472
12.65,self+frame,shared,0.12206364442002345,0.12206361171511791,0,0,,0,0.06468946507700767,0.14958414339202683,10,0,743,0,0,0,0.0,0.15021814105578069,nan,0.2589013434870472
12.700000000000001,self+frame,shared,0.12206364442002345,0.12206361171511791,0,0,,0,0.06468946507700767,0.14958414339202683,10,0,743,0,0,0,0.0,0.15021814105578069,nan,0.2589013434870472
12.75,self+frame,shared,0.12206364442002345,0.12206361171511791,0,0,,0,0.06468946507700767,0.14958414339202683,10,0,743,0,0,0,0.0,0.15021814105578069,nan,0.2589013434870472
12.8,self+frame,shared,0.12206364442002345,0.12206361171511791,0,0,,0,0.06468946507700767,0.14958414339202683,10,0,743,0,0,0,0.0,0.15021814105578069,nan,0.2589013434870472
12.850000000000001,self+frame,shared,0.12206364442002345,0.12206361171511791,0,0,,0,0.06468946507700767,0.14958414339202683,10,0,743,0,0,0,0.0,0.15021814105578069,nan,0.2589013434870472
12.9,self+frame,shared,0.12206364442002345,0.12206361171511791,0,0,,0,0.06468946507700767,0.14958414339202683,10,0,743,0,0,0,0.0,0.15021814105578069,nan,0.2589013434870472
12.950000000000001,self+frame,shared,0.12206364442002345,0.12206361171511791,0,0,,0,0.06468946507700767,0.14958414339202683,10,0,743,0,0,0,0.0,0.15021814105578069,nan,0.2589013434870472
13.0,self+frame,shared,0.12206364442002345,0.12206361171511791,0,0,,0,0.06468946507700767,0.14958414339202683,10,0,743,0,0,0,0.0,0.15021814105578069,nan,0.2589013434870472
13.05,self+frame,shared,0.12206364442002345,0.12206361171511791,0,0,,0,0.06468946507700767,0.14958414339202683,10,0,743,0,0,0,0.0,0.15021814105578069,nan,0.2589013434870472
13.100000000000001,self+frame,shared,0.12206364442002345,0.12206361171511791,0,0,,0,0.06468946507700767,0.14958414339202683,10,0,743,0,0,0,0.0,0.15021814105578069,nan,0.2589013434870472
13.15,self+frame,shared,0.12206364442002345,0.12206361171511791,0,0,,0,0.06468946507700767,0.14958414339202683,10,0,743,0,0,0,0.0,0.15021814105578069,nan,0.2589013434870472
13.200000000000001,self+frame,shared,0.12206364442002345,0.12206361171511791,0,0,,0,0.06468946507700767,0.14958414339202683,10,0,743,0,0,0,0.0,0.15021814105578069,nan,0.2589013434870472
13.25,self+frame,shared,0.12206364442002345,0.12206361171511791,0,0,,0,0.06468946507700767,0.14958414339202683,10,0,743,0,0,0,0.0,0.15021814105578069,nan,0.2589013434870472
13.3,self+frame,shared,0.12206364442002345,0.12206361171511791,0,0,,0,0.06468946507700767,0.14958414339202683,10,0,743,0,0,0,0.0,0.15021814105578069,nan,0.2589013434870472
13.350000000000001,self+frame,shared,0.12206364442002345,0.12206361171511791,0,0,,0,0.06468946507700767,0.14958414339202683,10,0,743,0,0,0,0.0,0.15021814105578069,nan,0.2589013434870472
13.4,self+frame,shared,0.12206364442002345,0.12206361171511791,0,0,,0,0.06468946507700767,0.14958414339202683,10,0,743,0,0,0,0.0,0.15021814105578069,nan,0.2589013434870472
13.450000000000001,self+frame,shared,0.12206364442002345,0.12206361171511791,0,0,,0,0.06468946507700767,0.14958414339202683,10,0,743,0,0,0,0.0,0.15021814105578069,nan,0.2589013434870472
13.5,self+frame,shared,0.12206364442002345,0.12206361171511791,0,0,,0,0.06468946507700767,0.14958414339202683,10,0,743,0,0,0,0.0,0.15021814105578069,nan,0.2589013434870472
13.55,self+frame,shared,0.12206364442002345,0.12206361171511791,0,0,,0,0.06468946507700767,0.14958414339202683,10,0,743,0,0,0,0.0,0.15021814105578069,nan,0.2589013434870472
13.600000000000001,self+frame,shared,0.12206364442002345,0.12206361171511791,0,0,,0,0.06468946507700767,0.14958414339202683,10,0,743,0,0,0,0.0,0.15021814105578069,nan,0.2589013434870472
13.65,self+frame,shared,0.12206364442002345,0.12206361171511791,0,0,,0,0.06468946507700767,0.14958414339202683,10,0,743,0,0,0,0.0,0.15021814105578069,nan,0.2589013434870472
13.700000000000001,self+frame,shared,0.12206364442002345,0.12206361171511791,0,0,,0,0.06468946507700767,0.14958414339202683,10,0,743,0,0,0,0.0,0.15021814105578069,nan,0.2589013434870472
13.75,self+frame,shared,0.12206364442002345,0.12206361171511791,0,0,,0,0.06468946507700767,0.14958414339202683,10,0,743,0,0,0,0.0,0.15021814105578069,nan,0.2589013434870472
13.8,self+frame,shared,0.12206364442002345,0.12206361171511791,0,0,,0,0.06468946507700767,0.14958414339202683,10,0,743,0,0,0,0.0,0.15021814105578069,nan,0.2589013434870472
13.850000000000001,self+frame,shared,0.12206364442002345,0.12206361171511791,0,0,,0,0.06468946507700767,0.14958414339202683,10,0,743,0,0,0,0.0,0.15021814105578069,nan,0.2589013434870472
13.9,self+frame,shared,0.12206364442002345,0.12206361171511791,0,0,,0,0.06468946507700767,0.14958414339202683,10,0,743,0,0,0,0.0,0.15021814105578069,nan,0.2589013434870472
13.950000000000001,self+frame,shared,0.12206364442002345,0.12206361171511791,0,0,,0,0.06468946507700767,0.14958414339202683,10,0,743,0,0,0,0.0,0.15021814105578069,nan,0.2589013434870472
14.0,self+frame,shared,0.12206364442002345,0.12206361171511791,0,0,,0,0.06468946507700767,0.14958414339202683,10,0,743,0,0,0,0.0,0.15021814105578069,nan,0.2589013434870472
14.05,self+frame,shared,0.12206364442002345,0.12206361171511791,0,0,,0,0.06468946507700767,0.14958414339202683,10,0,743,0,0,0,0.0,0.15021814105578069,nan,0.2589013434870472
14.100000000000001,self+frame,shared,0.12206364442002345,0.12206361171511791,0,0,,0,0.06468946507700767,0.14958414339202683,10,0,743,0,0,0,0.0,0.15021814105578069,nan,0.2589013434870472
14.15,self+frame,shared,0.12206364442002345,0.12206361171511791,0,0,,0,0.06468946507700767,0.14958414339202683,10,0,743,0,0,0,0.0,0.15021814105578069,nan,0.2589013434870472
14.200000000000001,self+frame,shared,0.12206364442002345,0.12206361171511791,0,0,,0,0.06468946507700767,0.14958414339202683,10,0,743,0,0,0,0.0,0.15021814105578069,nan,0.2589013434870472
14.25,self+frame,shared,0.12206364442002345,0.12206361171511791,0,0,,0,0.06468946507700767,0.14958414339202683,10,0,743,0,0,0,0.0,0.15021814105578069,nan,0.2589013434870472
14.3,self+frame,shared,0.12206364442002345,0.12206361171511791,0,0,,0,0.06468946507700767,0.14958414339202683,10,0,743,0,0,0,0.0,0.15021814105578069,nan,0.2589013434870472
14.350000000000001,self+frame,shared,0.12206364442002345,0.12206361171511791,0,0,,0,0.06468946507700767,0.14958414339202683,10,0,743,0,0,0,0.0,0.15021814105578069,nan,0.2589013434870472
14.4,self+frame,shared,0.12206364442002345,0.12206361171511791,0,0,,0,0.06468946507700767,0.14958414339202683,10,0,743,0,0,0,0.0,0.15021814105578069,nan,0.2589013434870472
14.450000000000001,self+frame,shared,0.12206364442002345,0.12206361171511791,0,0,,0,0.06468946507700767,0.14958414339202683,10,0,743,0,0,0,0.0,0.15021814105578069,nan,0.2589013434870472
14.5,self+frame,shared,0.12206364442002345,0.12206361171511791,0,0,,0,0.06468946507700767,0.14958414339202683,10,0,743,0,0,0,0.0,0.15021814105578069,nan,0.2589013434870472
14.55,self+frame,shared,0.12206364442002345,0.12206361171511791,0,0,,0,0.06468946507700767,0.14958414339202683,10,0,743,0,0,0,0.0,0.15021814105578069,nan,0.2589013434870472
14.600000000000001,self+frame,shared,0.12206364442002345,0.12206361171511791,0,0,,0,0.06468946507700767,0.14958414339202683,10,0,743,0,0,0,0.0,0.15021814105578069,nan,0.2589013434870472
14.65,self+frame,shared,0.12206364442002345,0.12206361171511791,0,0,,0,0.06468946507700767,0.14958414339202683,10,0,743,0,0,0,0.0,0.15021814105578069,nan,0.2589013434870472
14.700000000000001,self+frame,shared,0.12206364442002345,0.12206361171511791,0,0,,0,0.06468946507700767,0.14958414339202683,10,0,743,0,0,0,0.0,0.15021814105578069,nan,0.2589013434870472
14.75,self+frame,shared,0.12206364442002345,0.12206361171511791,0,0,,0,0.06468946507700767,0.14958414339202683,10,0,743,0,0,0,0.0,0.15021814105578069,nan,0.2589013434870472
14.8,self+frame,shared,0.12206364442002345,0.12206361171511791,0,0,,0,0.06468946507700767,0.14958414339202683,10,0,743,0,0,0,0.0,0.15021814105578069,nan,0.2589013434870472
14.850000000000001,self+frame,shared,0.12206364442002345,0.12206361171511791,0,0,,0,0.06468946507700767,0.14958414339202683,10,0,743,0,0,0,0.0,0.15021814105578069,nan,0.2589013434870472
14.9,self+frame,shared,0.12206364442002345,0.12206361171511791,0,0,,0,0.06468946507700767,0.14958414339202683,10,0,743,0,0,0,0.0,0.15021814105578069,nan,0.2589013434870472
14.950000000000001,self+frame,shared,0.12206364442002345,0.12206361171511791,0,0,,0,0.06468946507700767,0.14958414339202683,10,0,743,0,0,0,0.0,0.15021814105578069,nan,0.2589013434870472
15.0,self+frame,shared,0.12206364442002345,0.12206361171511791,0,0,,0,0.06468946507700767,0.14958414339202683,10,0,743,0,0,0,0.0,0.15021814105578069,nan,0.2589013434870472
0.05,self+cam,shared,0.2271549292734434,0.22715492859616165,0,0,,0,0.05676101943747254,0.16504642260436408,5,1,752,0,0,0,0.0,0.25,nan,0.22430129255519893
0.1,self+cam,shared,0.19873955424583492,0.19873955157529288,0,0,,0,0.052290460093895,0.15666091829243378,5,1,752,0,0,0,0.0,0.2403994846513157,nan,0.23531351018541347
0.15000000000000002,self+cam,shared,0.1740541488414919,0.17405414164611963,0,0,,0,0.05026879173058847,0.15180094649736606,6,1,752,0,0,0,0.0,0.20241709808180364,nan,0.24478697211171851
0.2,self+cam,shared,0.15255728129317686,0.15255726825037982,0,0,,0,0.050359247381471225,0.14881609184422492,6,1,822,0,0,0,0.0,0.16918941487984637,nan,0.2529838424545635
0.25,self+cam,shared,0.13380337772298745,0.13380335849145883,0,0,,0,0.0519756240500137,0.14772407463848283,10,1,822,0,0,0,0.0,0.15021814105578069,nan,0.2589013434870472
0.30000000000000004,self+cam,shared,0.12206364442002345,0.12206361171511791,0,0,,0,0.06468946507700767,0.14958414339202683,10,0,822,0,0,0,0.0,0.15021814105578069,nan,0.2589013434870472
0.35000000000000003,self+cam,shared,0.12206364442002345,0.12206361171511791,0,0,,0,0.06468946507700767,0.14958414339202683,10,0,825,0,0,0,0.0,0.15021814105578069,nan,0.2589013434870472
0.4,self+cam,shared,0.12206364442002345,0.12206361171511791,0,0,,0,0.06468946507700767,0.14958414339202683,10,0,825,0,0,0,0.0,0.15021814105578069,nan,0.2589013434870472
0.45,self+cam,shared,0.12206364442002345,0.12206361171511791,0,0,,0,0.06468946507700767,0.14958414339202683,10,0,825,0,0,0,0.0,0.15021814105578069,nan,0.2589013434870472
0.5,self+cam,shared,0.12206364442002345,0.12206361171511791,0,0,,0,0.06468946507700767,0.14958414339202683,10,0,825,0,0,0,0.0,0.15021814105578069,nan,0.2589013434870472
0.55,self+cam,shared,0.12206364442002345,0.12206361171511791,0,0,,0,0.06468946507700767,0.14958414339202683,10,0,825,0,0,0,0.0,0.15021814105578069,nan,0.2589013434870472
0.6000000000000001,self+cam,shared,0.12206364442002345,0.12206361171511791,0,0,,0,0.06468946507700767,0.14958414339202683,10,0,825,0,0,0,0.0,0.15021814105578069,nan,0.2589013434870472
0.65,self+cam,shared,0.12206364442002345,0.12206361171511791,0,0,,0,0.06468946507700767,0.14958414339202683,10,0,825,0,0,0,0.0,0.15021814105578069,nan,0.2589013434870472
0.7000000000000001,self+cam,shared,0.12206364442002345,0.12206361171511791,0,0,,0,0.06468946507700767,0.14958414339202683,10,0,825,0,0,0,0.0,0.15021814105578069,nan,0.2589013434870472
0.75,self+cam,shared,0.12206364442002345,0.12206361171511791,0,0,,0,0.06468946507700767,0.14958414339202683,10,0,825,0,0,0,0.0,0.15021814105578069,nan,0.2589013434870472
0.8,self+cam,shared,0.12206364442002345,0.12206361171511791,0,0,,0,0.06468946507700767,0.14958414339202683,10,0,825,0,0,0,0.0,0.15021814105578069,nan,0.2589013434870472
0.8500000000000001,self+cam,shared,0.12206364442002345,0.12206361171511791,0,0,,0,0.06468946507700767,0.14958414339202683,10,0,825,0,0,0,0.0,0.15021814105578069,nan,0.2589013434870472
0.9,self+cam,shared,0.12206364442002345,0.12206361171511791,0,0,,0,0.06468946507700767,0.14958414339202683,10,0,825,0,0,0,0.0,0.15021814105578069,nan,0.2589013434870472
0.9500000000000001,self+cam,shared,0.12206364442002345,0.12206361171511791,0,0,,0,0.06468946507700767,0.14958414339202683,10,0,825,0,0,0,0.0,0.15021814105578069,nan,0.2589013434870472
1.0,self+cam,shared,0.12206364442002345,0.12206361171511791,0,0,,0,0.06468946507700767,0.14958414339202683,10,0,825,0,0,0,0.0,0.15021814105578069,nan,0.2589013434870472
1.05,self+cam,shared,0.12206364442002345,0.12206361171511791,0,0,,0,0.06468946507700767,0.14958414339202683,10,0,825,0,0,0,0.0,0.15021814105578069,nan,0.2589013434870472
1.1,self+cam,shared,0.12206364442002345,0.12206361171511791,0,0,,0,0.06468946507700767,0.14958414339202683,10,0,825,0,0,0,0.0,0.15021814105578069,nan,0.2589013434870472
1.1500000000000001,self+cam,shared,0.12206364442002345,0.12206361171511791,0,0,,0,0.06468946507700767,0.14958414339202683,10,0,825,0,0,0,0.0,0.15021814105578069,nan,0.2589013434870472
1.2000000000000002,self+cam,shared,0.12206364442002345,0.12206361171511791,0,0,,0,0.06468946507700767,0.14958414339202683,10,0,825,0,0,0,0.0,0.15021814105578069,nan,0.2589013434870472
1.25,self+cam,shared,0.12206364442002345,0.12206361171511791,0,0,,0,0.06468946507700767,0.14958414339202683,10,0,825,0,0,0,0.0,0.15021814105578069,nan,0.2589013434870472
1.3,self+cam,shared,0.12206364442002345,0.12206361171511791,0,0,,0,0.06468946507700767,0.14958414339202683,10,0,825,0,0,0,0.0,0.15021814105578069,nan,0.2589013434870472
1.35,self+cam,shared,0.12206364442002345,0.12206361171511791,0,0,,0,0.06468946507700767,0.14958414339202683,10,0,825,0,0,0,0.0,0.15021814105578069,nan,0.2589013434870472
1.4000000000000001,self+cam,shared,0.12206364442002345,0.12206361171511791,0,0,,0,0.06468946507700767,0.14958414339202683,10,0,825,0,0,0,0.0,0.15021814105578069,nan,0.2589013434870472
1.4500000000000002,self+cam,shared,0.12206364442002345,0.12206361171511791,0,0,,0,0.06468946507700767,0.14958414339202683,10,0,825,0,0,0,0.0,0.15021814105578069,nan,0.2589013434870472
1.5,self+cam,shared,0.12206364442002345,0.12206361171511791,0,0,,0,0.06468946507700767,0.14958414339202683,10,0,825,0,0,0,0.0,0.15021814105578069,nan,0.2589013434870472
1.55,self+cam,shared,0.12206364442002345,0.12206361171511791,0,0,,0,0.06468946507700767,0.14958414339202683,10,0,825,0,0,0,0.0,0.15021814105578069,nan,0.2589013434870472
1.6,self+cam,shared,0.12206364442002345,0.12206361171511791,0,0,,0,0.06468946507700767,0.14958414339202683,10,0,825,0,0,0,0.0,0.15021814105578069,nan,0.2589013434870472
1.6500000000000001,self+cam,shared,0.12206364442002345,0.12206361171511791,0,0,,0,0.06468946507700767,0.14958414339202683,10,0,825,0,0,0,0.0,0.15021814105578069,nan,0.2589013434870472
1.7000000000000002,self+cam,shared,0.12206364442002345,0.12206361171511791,0,0,,0,0.06468946507700767,0.14958414339202683,10,0,825,0,0,0,0.0,0.15021814105578069,nan,0.2589013434870472
1.75,self+cam,shared,0.12206364442002345,0.12206361171511791,0,0,,0,0.06468946507700767,0.14958414339202683,10,0,825,0,0,0,0.0,0.15021814105578069,nan,0.2589013434870472
1.8,self+cam,shared,0.12206364442002345,0.12206361171511791,0,0,,0,0.06468946507700767,0.14958414339202683,10,0,825,0,0,0,0.0,0.15021814105578069,nan,0.2589013434870472
1.85,self+cam,shared,0.12206364442002345,0.12206361171511791,0,0,,0,0.06468946507700767,0.14958414339202683,10,0,825,0,0,0,0.0,0.15021814105578069,nan,0.2589013434870472
1.9000000000000001,self+cam,shared,0.12206364442002345,0.12206361171511791,0,0,,0,0.06468946507700767,0.14958414339202683,10,0,825,0,0,0,0.0,0.15021814105578069,nan,0.2589013434870472
1.9500000000000002,self+cam,shared,0.12206364442002345,0.12206361171511791,0,0,,0,0.06468946507700767,0.14958414339202683,10,0,825,0,0,0,0.0,0.15021814105578069,nan,0.2589013434870472
2.0,self+cam,shared,0.12206364442002345,0.12206361171511791,0,0,,0,0.06468946507700767,0.14958414339202683,10,0,825,0,0,0,0.0,0.15021814105578069,nan,0.2589013434870472
2.0500000000000003,self+cam,shared,0.12206364442002345,0.12206361171511791,0,0,,0,0.06468946507700767,0.14958414339202683,10,0,825,0,0,0,0.0,0.15021814105578069,nan,0.2589013434870472
2.1,self+cam,shared,0.12206364442002345,0.12206361171511791,0,0,,0,0.06468946507700767,0.14958414339202683,10,0,825,0,0,0,0.0,0.15021814105578069,nan,0.2589013434870472
2.15,self+cam,shared,0.12206364442002345,0.12206361171511791,0,0,,0,0.06468946507700767,0.14958414339202683,10,0,825,0,0,0,0.0,0.15021814105578069,nan,0.2589013434870472
2.2,self+cam,shared,0.12206364442002345,0.12206361171511791,0,0,,0,0.06468946507700767,0.14958414339202683,10,0,825,0,0,0,0.0,0.15021814105578069,nan,0.2589013434870472
2.25,self+cam,shared,0.12206364442002345,0.12206361171511791,0,0,,0,0.06468946507700767,0.14958414339202683,10,0,825,0,0,0,0.0,0.15021814105578069,nan,0.2589013434870472
2.3000000000000003,self+cam,shared,0.12206364442002345,0.12206361171511791,0,0,,0,0.06468946507700767,0.14958414339202683,10,0,825,0,0,0,0.0,0.15021814105578069,nan,0.2589013434870472
2.35,self+cam,shared,0.12206364442002345,0.12206361171511791,0,0,,0,0.06468946507700767,0.14958414339202683,10,0,825,0,0,0,0.0,0.15021814105578069,nan,0.2589013434870472
2.4000000000000004,self+cam,shared,0.12206364442002345,0.12206361171511791,0,0,,0,0.06468946507700767,0.14958414339202683,10,0,825,0,0,0,0.0,0.15021814105578069,nan,0.2589013434870472
2.45,self+cam,shared,0.12206364442002345,0.12206361171511791,0,0,,0,0.06468946507700767,0.14958414339202683,10,0,825,0,0,0,0.0,0.15021814105578069,nan,0.2589013434870472
2.5,self+cam,shared,0.12206364442002345,0.12206361171511791,0,0,,0,0.06468946507700767,0.14958414339202683,10,0,825,0,0,0,0.0,0.15021814105578069,nan,0.2589013434870472
2.5500000000000003,self+cam,shared,0.12206364442002345,0.12206361171511791,0,0,,0,0.06468946507700767,0.14958414339202683,10,0,825,0,0,0,0.0,0.15021814105578069,nan,0.2589013434870472
2.6,self+cam,shared,0.12206364442002345,0.12206361171511791,0,0,,0,0.06468946507700767,0.14958414339202683,10,0,825,0,0,0,0.0,0.15021814105578069,nan,0.2589013434870472
2.6500000000000004,self+cam,shared,0.12206364442002345,0.12206361171511791,0,0,,0,0.06468946507700767,0.14958414339202683,10,0,825,0,0,0,0.0,0.15021814105578069,nan,0.2589013434870472
2.7,self+cam,shared,0.12206364442002345,0.12206361171511791,0,0,,0,0.06468946507700767,0.14958414339202683,10,0,825,0,0,0,0.0,0.15021814105578069,nan,0.2589013434870472
2.75,self+cam,shared,0.12206364442002345,0.12206361171511791,0,0,,0,0.06468946507700767,0.14958414339202683,10,0,825,0,0,0,0.0,0.15021814105578069,nan,0.2589013434870472
2.8000000000000003,self+cam,shared,0.12206364442002345,0.12206361171511791,0,0,,0,0.06468946507700767,0.14958414339202683,10,0,825,0,0,0,0.0,0.15021814105578069,nan,0.2589013434870472
2.85,self+cam,shared,0.12206364442002345,0.12206361171511791,0,0,,0,0.06468946507700767,0.14958414339202683,10,0,825,0,0,0,0.0,0.15021814105578069,nan,0.2589013434870472
2.9000000000000004,self+cam,shared,0.12206364442002345,0.12206361171511791,0,0,,0,0.06468946507700767,0.14958414339202683,10,0,825,0,0,0,0.0,0.15021814105578069,nan,0.2589013434870472
2.95,self+cam,shared,0.12206364442002345,0.12206361171511791,0,0,,0,0.06468946507700767,0.14958414339202683,10,0,825,0,0,0,0.0,0.15021814105578069,nan,0.2589013434870472
3.0,self+cam,shared,0.12206364442002345,0.12206361171511791,0,0,,0,0.06468946507700767,0.14958414339202683,10,0,825,0,0,0,0.0,0.15021814105578069,nan,0.2589013434870472
3.0500000000000003,self+cam,shared,0.12206364442002345,0.12206361171511791,0,0,,0,0.06468946507700767,0.14958414339202683,10,0,825,0,0,0,0.0,0.15021814105578069,nan,0.2589013434870472
3.1,self+cam,shared,0.12206364442002345,0.12206361171511791,0,0,,0,0.06468946507700767,0.14958414339202683,10,0,825,0,0,0,0.0,0.15021814105578069,nan,0.2589013434870472
3.1500000000000004,self+cam,shared,0.12206364442002345,0.12206361171511791,0,0,,0,0.06468946507700767,0.14958414339202683,10,0,825,0,0,0,0.0,0.15021814105578069,nan,0.2589013434870472
3.2,self+cam,shared,0.12206364442002345,0.12206361171511791,0,0,,0,0.06468946507700767,0.14958414339202683,10,0,825,0,0,0,0.0,0.15021814105578069,nan,0.2589013434870472
3.25,self+cam,shared,0.12206364442002345,0.12206361171511791,0,0,,0,0.06468946507700767,0.14958414339202683,10,0,825,0,0,0,0.0,0.15021814105578069,nan,0.2589013434870472
3.3000000000000003,self+cam,shared,0.12206364442002345,0.12206361171511791,0,0,,0,0.06468946507700767,0.14958414339202683,10,0,825,0,0,0,0.0,0.15021814105578069,nan,0.2589013434870472
3.35,self+cam,shared,0.12206364442002345,0.12206361171511791,0,0,,0,0.06468946507700767,0.14958414339202683,10,0,825,0,0,0,0.0,0.15021814105578069,nan,0.2589013434870472
3.4000000000000004,self+cam,shared,0.12206364442002345,0.12206361171511791,0,0,,0,0.06468946507700767,0.14958414339202683,10,0,825,0,0,0,0.0,0.15021814105578069,nan,0.2589013434870472
3.45,self+cam,shared,0.12206364442002345,0.12206361171511791,0,0,,0,0.06468946507700767,0.14958414339202683,10,0,825,0,0,0,0.0,0.15021814105578069,nan,0.2589013434870472
3.5,self+cam,shared,0.12206364442002345,0.12206361171511791,0,0,,0,0.06468946507700767,0.14958414339202683,10,0,825,0,0,0,0.0,0.15021814105578069,nan,0.2589013434870472
3.5500000000000003,self+cam,shared,0.12206364442002345,0.12206361171511791,0,0,,0,0.06468946507700767,0.14958414339202683,10,0,825,0,0,0,0.0,0.15021814105578069,nan,0.2589013434870472
3.6,self+cam,shared,0.12206364442002345,0.12206361171511791,0,0,,0,0.06468946507700767,0.14958414339202683,10,0,825,0,0,0,0.0,0.15021814105578069,nan,0.2589013434870472
3.6500000000000004,self+cam,shared,0.12206364442002345,0.12206361171511791,0,0,,0,0.06468946507700767,0.14958414339202683,10,0,825,0,0,0,0.0,0.15021814105578069,nan,0.2589013434870472
3.7,self+cam,shared,0.12206364442002345,0.12206361171511791,0,0,,0,0.06468946507700767,0.14958414339202683,10,0,825,0,0,0,0.0,0.15021814105578069,nan,0.2589013434870472
3.75,self+cam,shared,0.12206364442002345,0.12206361171511791,0,0,,0,0.06468946507700767,0.14958414339202683,10,0,825,0,0,0,0.0,0.15021814105578069,nan,0.2589013434870472
3.8000000000000003,self+cam,shared,0.12206364442002345,0.12206361171511791,0,0,,0,0.06468946507700767,0.14958414339202683,10,0,825,0,0,0,0.0,0.15021814105578069,nan,0.2589013434870472
3.85,self+cam,shared,0.12206364442002345,0.12206361171511791,0,0,,0,0.06468946507700767,0.14958414339202683,10,0,825,0,0,0,0.0,0.15021814105578069,nan,0.2589013434870472
3.9000000000000004,self+cam,shared,0.12206364442002345,0.12206361171511791,0,0,,0,0.06468946507700767,0.14958414339202683,10,0,825,0,0,0,0.0,0.15021814105578069,nan,0.2589013434870472
3.95,self+cam,shared,0.12206364442002345,0.12206361171511791,0,0,,0,0.06468946507700767,0.14958414339202683,10,0,825,0,0,0,0.0,0.15021814105578069,nan,0.2589013434870472
4.0,self+cam,shared,0.12206364442002345,0.12206361171511791,0,0,,0,0.06468946507700767,0.14958414339202683,10,0,825,0,0,0,0.0,0.15021814105578069,nan,0.2589013434870472
4.05,self+cam,shared,0.12206364442002345,0.12206361171511791,0,0,,0,0.06468946507700767,0.14958414339202683,10,0,825,0,0,0,0.0,0.15021814105578069,nan,0.2589013434870472
4.1000000000000005,self+cam,shared,0.12206364442002345,0.12206361171511791,0,0,,0,0.06468946507700767,0.14958414339202683,10,0,825,0,0,0,0.0,0.15021814105578069,nan,0.2589013434870472
4.15,self+cam,shared,0.12206364442002345,0.12206361171511791,0,0,,0,0.06468946507700767,0.14958414339202683,10,0,825,0,0,0,0.0,0.15021814105578069,nan,0.2589013434870472
4.2,self+cam,shared,0.12206364442002345,0.12206361171511791,0,0,,0,0.06468946507700767,0.14958414339202683,10,0,825,0,0,0,0.0,0.15021814105578069,nan,0.2589013434870472
4.25,self+cam,shared,0.12206364442002345,0.12206361171511791,0,0,,0,0.06468946507700767,0.14958414339202683,10,0,825,0,0,0,0.0,0.15021814105578069,nan,0.2589013434870472
4.3,self+cam,shared,0.12206364442002345,0.12206361171511791,0,0,,0,0.06468946507700767,0.14958414339202683,10,0,825,0,0,0,0.0,0.15021814105578069,nan,0.2589013434870472
4.3500000000000005,self+cam,shared,0.12206364442002345,0.12206361171511791,0,0,,0,0.06468946507700767,0.14958414339202683,10,0,825,0,0,0,0.0,0.15021814105578069,nan,0.2589013434870472
4.4,self+cam,shared,0.12206364442002345,0.12206361171511791,0,0,,0,0.06468946507700767,0.14958414339202683,10,0,825,0,0,0,0.0,0.15021814105578069,nan,0.2589013434870472
4.45,self+cam,shared,0.12206364442002345,0.12206361171511791,0,0,,0,0.06468946507700767,0.14958414339202683,10,0,825,0,0,0,0.0,0.15021814105578069,nan,0.2589013434870472
4.5,self+cam,shared,0.12206364442002345,0.12206361171511791,0,0,,0,0.06468946507700767,0.14958414339202683,10,0,825,0,0,0,0.0,0.15021814105578069,nan,0.2589013434870472
4.55,self+cam,shared,0.12206364442002345,0.12206361171511791,0,0,,0,0.06468946507700767,0.14958414339202683,10,0,825,0,0,0,0.0,0.15021814105578069,nan,0.2589013434870472
4.6000000000000005,self+cam,shared,0.12206364442002345,0.12206361171511791,0,0,,0,0.06468946507700767,0.14958414339202683,10,0,825,0,0,0,0.0,0.15021814105578069,nan,0.2589013434870472
4.65,self+cam,shared,0.12206364442002345,0.12206361171511791,0,0,,0,0.06468946507700767,0.14958414339202683,10,0,825,0,0,0,0.0,0.15021814105578069,nan,0.2589013434870472
4.7,self+cam,shared,0.12206364442002345,0.12206361171511791,0,0,,0,0.06468946507700767,0.14958414339202683,10,0,825,0,0,0,0.0,0.15021814105578069,nan,0.2589013434870472
4.75,self+cam,shared,0.12206364442002345,0.12206361171511791,0,0,,0,0.06468946507700767,0.14958414339202683,10,0,825,0,0,0,0.0,0.15021814105578069,nan,0.2589013434870472
4.800000000000001,self+cam,shared,0.12206364442002345,0.12206361171511791,0,0,,0,0.06468946507700767,0.14958414339202683,10,0,825,0,0,0,0.0,0.15021814105578069,nan,0.2589013434870472
4.8500000000000005,self+cam,shared,0.12206364442002345,0.12206361171511791,0,0,,0,0.06468946507700767,0.14958414339202683,10,0,825,0,0,0,0.0,0.15021814105578069,nan,0.2589013434870472
4.9,self+cam,shared,0.12206364442002345,0.12206361171511791,0,0,,0,0.06468946507700767,0.14958414339202683,10,0,825,0,0,0,0.0,0.15021814105578069,nan,0.2589013434870472
4.95,self+cam,shared,0.12206364442002345,0.12206361171511791,0,0,,0,0.06468946507700767,0.14958414339202683,10,0,825,0,0,0,0.0,0.15021814105578069,nan,0.2589013434870472
5.0,self+cam,shared,0.12206364442002345,0.12206361171511791,0,0,,0,0.06468946507700767,0.14958414339202683,10,0,825,0,0,0,0.0,0.15021814105578069,nan,0.2589013434870472
5.050000000000001,self+cam,shared,0.12206364442002345,0.12206361171511791,0,0,,0,0.06468946507700767,0.14958414339202683,10,0,825,0,0,0,0.0,0.15021814105578069,nan,0.2589013434870472
5.1000000000000005,self+cam,shared,0.12206364442002345,0.12206361171511791,0,0,,0,0.06468946507700767,0.14958414339202683,10,0,825,0,0,0,0.0,0.15021814105578069,nan,0.2589013434870472
5.15,self+cam,shared,0.12206364442002345,0.12206361171511791,0,0,,0,0.06468946507700767,0.14958414339202683,10,0,825,0,0,0,0.0,0.15021814105578069,nan,0.2589013434870472
5.2,self+cam,shared,0.12206364442002345,0.12206361171511791,0,0,,0,0.06468946507700767,0.14958414339202683,10,0,825,0,0,0,0.0,0.15021814105578069,nan,0.2589013434870472
5.25,self+cam,shared,0.12206364442002345,0.12206361171511791,0,0,,0,0.06468946507700767,0.14958414339202683,10,0,825,0,0,0,0.0,0.15021814105578069,nan,0.2589013434870472
5.300000000000001,self+cam,shared,0.12206364442002345,0.12206361171511791,0,0,,0,0.06468946507700767,0.14958414339202683,10,0,825,0,0,0,0.0,0.15021814105578069,nan,0.2589013434870472
5.3500000000000005,self+cam,shared,0.12206364442002345,0.12206361171511791,0,0,,0,0.06468946507700767,0.14958414339202683,10,0,825,0,0,0,0.0,0.15021814105578069,nan,0.2589013434870472
5.4,self+cam,shared,0.12206364442002345,0.12206361171511791,0,0,,0,0.06468946507700767,0.14958414339202683,10,0,825,0,0,0,0.0,0.15021814105578069,nan,0.2589013434870472
5.45,self+cam,shared,0.12206364442002345,0.12206361171511791,0,0,,0,0.06468946507700767,0.14958414339202683,10,0,825,0,0,0,0.0,0.15021814105578069,nan,0.2589013434870472
5.5,self+cam,shared,0.12206364442002345,0.12206361171511791,0,0,,0,0.06468946507700767,0.14958414339202683,10,0,825,0,0,0,0.0,0.15021814105578069,nan,0.2589013434870472
5.550000000000001,self+cam,shared,0.12206364442002345,0.12206361171511791,0,0,,0,0.06468946507700767,0.14958414339202683,10,0,825,0,0,0,0.0,0.15021814105578069,nan,0.2589013434870472
5.6000000000000005,self+cam,shared,0.12206364442002345,0.12206361171511791,0,0,,0,0.06468946507700767,0.14958414339202683,10,0,825,0,0,0,0.0,0.15021814105578069,nan,0.2589013434870472
5.65,self+cam,shared,0.12206364442002345,0.12206361171511791,0,0,,0,0.06468946507700767,0.14958414339202683,10,0,825,0,0,0,0.0,0.15021814105578069,nan,0.2589013434870472
5.7,self+cam,shared,0.12206364442002345,0.12206361171511791,0,0,,0,0.06468946507700767,0.14958414339202683,10,0,825,0,0,0,0.0,0.15021814105578069,nan,0.2589013434870472
5.75,self+cam,shared,0.12206364442002345,0.12206361171511791,0,0,,0,0.06468946507700767,0.14958414339202683,10,0,825,0,0,0,0.0,0.15021814105578069,nan,0.2589013434870472
5.800000000000001,self+cam,shared,0.12206364442002345,0.12206361171511791,0,0,,0,0.06468946507700767,0.14958414339202683,10,0,825,0,0,0,0.0,0.15021814105578069,nan,0.2589013434870472
5.8500000000000005,self+cam,shared,0.12206364442002345,0.12206361171511791,0,0,,0,0.06468946507700767,0.14958414339202683,10,0,825,0,0,0,0.0,0.15021814105578069,nan,0.2589013434870472
5.9,self+cam,shared,0.12206364442002345,0.12206361171511791,0,0,,0,0.06468946507700767,0.14958414339202683,10,0,825,0,0,0,0.0,0.15021814105578069,nan,0.2589013434870472
5.95,self+cam,shared,0.12206364442002345,0.12206361171511791,0,0,,0,0.06468946507700767,0.14958414339202683,10,0,825,0,0,0,0.0,0.15021814105578069,nan,0.2589013434870472
6.0,self+cam,shared,0.12206364442002345,0.12206361171511791,0,0,,0,0.06468946507700767,0.14958414339202683,10,0,825,0,0,0,0.0,0.15021814105578069,nan,0.2589013434870472
6.050000000000001,self+cam,shared,0.12206364442002345,0.12206361171511791,0,0,,0,0.06468946507700767,0.14958414339202683,10,0,825,0,0,0,0.0,0.15021814105578069,nan,0.2589013434870472
6.1000000000000005,self+cam,shared,0.12206364442002345,0.12206361171511791,0,0,,0,0.06468946507700767,0.14958414339202683,10,0,825,0,0,0,0.0,0.15021814105578069,nan,0.2589013434870472
6.15,self+cam,shared,0.12206364442002345,0.12206361171511791,0,0,,0,0.06468946507700767,0.14958414339202683,10,0,825,0,0,0,0.0,0.15021814105578069,nan,0.2589013434870472
6.2,self+cam,shared,0.12206364442002345,0.12206361171511791,0,0,,0,0.06468946507700767,0.14958414339202683,10,0,825,0,0,0,0.0,0.15021814105578069,nan,0.2589013434870472
6.25,self+cam,shared,0.12206364442002345,0.12206361171511791,0,0,,0,0.06468946507700767,0.14958414339202683,10,0,825,0,0,0,0.0,0.15021814105578069,nan,0.2589013434870472
6.300000000000001,self+cam,shared,0.12206364442002345,0.12206361171511791,0,0,,0,0.06468946507700767,0.14958414339202683,10,0,825,0,0,0,0.0,0.15021814105578069,nan,0.2589013434870472
6.3500000000000005,self+cam,shared,0.12206364442002345,0.12206361171511791,0,0,,0,0.06468946507700767,0.14958414339202683,10,0,825,0,0,0,0.0,0.15021814105578069,nan,0.2589013434870472
6.4,self+cam,shared,0.12206364442002345,0.12206361171511791,0,0,,0,0.06468946507700767,0.14958414339202683,10,0,825,0,0,0,0.0,0.15021814105578069,nan,0.2589013434870472
6.45,self+cam,shared,0.12206364442002345,0.12206361171511791,0,0,,0,0.06468946507700767,0.14958414339202683,10,0,825,0,0,0,0.0,0.15021814105578069,nan,0.2589013434870472
6.5,self+cam,shared,0.12206364442002345,0.12206361171511791,0,0,,0,0.06468946507700767,0.14958414339202683,10,0,825,0,0,0,0.0,0.15021814105578069,nan,0.2589013434870472
6.550000000000001,self+cam,shared,0.12206364442002345,0.12206361171511791,0,0,,0,0.06468946507700767,0.14958414339202683,10,0,825,0,0,0,0.0,0.15021814105578069,nan,0.2589013434870472
6.6000000000000005,self+cam,shared,0.12206364442002345,0.12206361171511791,0,0,,0,0.06468946507700767,0.14958414339202683,10,0,825,0,0,0,0.0,0.15021814105578069,nan,0.2589013434870472
6.65,self+cam,shared,0.12206364442002345,0.12206361171511791,0,0,,0,0.06468946507700767,0.14958414339202683,10,0,825,0,0,0,0.0,0.15021814105578069,nan,0.2589013434870472
6.7,self+cam,shared,0.12206364442002345,0.12206361171511791,0,0,,0,0.06468946507700767,0.14958414339202683,10,0,825,0,0,0,0.0,0.15021814105578069,nan,0.2589013434870472
6.75,self+cam,shared,0.12206364442002345,0.12206361171511791,0,0,,0,0.06468946507700767,0.14958414339202683,10,0,825,0,0,0,0.0,0.15021814105578069,nan,0.2589013434870472
6.800000000000001,self+cam,shared,0.12206364442002345,0.12206361171511791,0,0,,0,0.06468946507700767,0.14958414339202683,10,0,825,0,0,0,0.0,0.15021814105578069,nan,0.2589013434870472
6.8500000000000005,self+cam,shared,0.12206364442002345,0.12206361171511791,0,0,,0,0.06468946507700767,0.14958414339202683,10,0,825,0,0,0,0.0,0.15021814105578069,nan,0.2589013434870472
6.9,self+cam,shared,0.12206364442002345,0.12206361171511791,0,0,,0,0.06468946507700767,0.14958414339202683,10,0,825,0,0,0,0.0,0.15021814105578069,nan,0.2589013434870472
6.95,self+cam,shared,0.12206364442002345,0.12206361171511791,0,0,,0,0.06468946507700767,0.14958414339202683,10,0,825,0,0,0,0.0,0.15021814105578069,nan,0.2589013434870472
7.0,self+cam,shared,0.12206364442002345,0.12206361171511791,0,0,,0,0.06468946507700767,0.14958414339202683,10,0,825,0,0,0,0.0,0.15021814105578069,nan,0.2589013434870472
7.050000000000001,self+cam,shared,0.12206364442002345,0.12206361171511791,0,0,,0,0.06468946507700767,0.14958414339202683,10,0,825,0,0,0,0.0,0.15021814105578069,nan,0.2589013434870472
7.1000000000000005,self+cam,shared,0.12206364442002345,0.12206361171511791,0,0,,0,0.06468946507700767,0.14958414339202683,10,0,825,0,0,0,0.0,0.15021814105578069,nan,0.2589013434870472
7.15,self+cam,shared,0.12206364442002345,0.12206361171511791,0,0,,0,0.06468946507700767,0.14958414339202683,10,0,825,0,0,0,0.0,0.15021814105578069,nan,0.2589013434870472
7.2,self+cam,shared,0.12206364442002345,0.12206361171511791,0,0,,0,0.06468946507700767,0.14958414339202683,10,0,825,0,0,0,0.0,0.15021814105578069,nan,0.2589013434870472
7.25,self+cam,shared,0.12206364442002345,0.12206361171511791,0,0,,0,0.06468946507700767,0.14958414339202683,10,0,825,0,0,0,0.0,0.15021814105578069,nan,0.2589013434870472
7.300000000000001,self+cam,shared,0.12206364442002345,0.12206361171511791,0,0,,0,0.06468946507700767,0.14958414339202683,10,0,825,0,0,0,0.0,0.15021814105578069,nan,0.2589013434870472
7.3500000000000005,self+cam,shared,0.12206364442002345,0.12206361171511791,0,0,,0,0.06468946507700767,0.14958414339202683,10,0,825,0,0,0,0.0,0.15021814105578069,nan,0.2589013434870472
7.4,self+cam,shared,0.12206364442002345,0.12206361171511791,0,0,,0,0.06468946507700767,0.14958414339202683,10,0,825,0,0,0,0.0,0.15021814105578069,nan,0.2589013434870472
7.45,self+cam,shared,0.12206364442002345,0.12206361171511791,0,0,,0,0.06468946507700767,0.14958414339202683,10,0,825,0,0,0,0.0,0.15021814105578069,nan,0.2589013434870472
7.5,self+cam,shared,0.12206364442002345,0.12206361171511791,0,0,,0,0.06468946507700767,0.14958414339202683,10,0,825,0,0,0,0.0,0.15021814105578069,nan,0.2589013434870472
7.550000000000001,self+cam,shared,0.12206364442002345,0.12206361171511791,0,0,,0,0.06468946507700767,0.14958414339202683,10,0,825,0,0,0,0.0,0.15021814105578069,nan,0.2589013434870472
7.6000000000000005,self+cam,shared,0.12206364442002345,0.12206361171511791,0,0,,0,0.06468946507700767,0.14958414339202683,10,0,825,0,0,0,0.0,0.15021814105578069,nan,0.2589013434870472
7.65,self+cam,shared,0.12206364442002345,0.12206361171511791,0,0,,0,0.06468946507700767,0.14958414339202683,10,0,825,0,0,0,0.0,0.15021814105578069,nan,0.2589013434870472
7.7,self+cam,shared,0.12206364442002345,0.12206361171511791,0,0,,0,0.06468946507700767,0.14958414339202683,10,0,825,0,0,0,0.0,0.15021814105578069,nan,0.2589013434870472
7.75,self+cam,shared,0.12206364442002345,0.12206361171511791,0,0,,0,0.06468946507700767,0.14958414339202683,10,0,825,0,0,0,0.0,0.15021814105578069,nan,0.2589013434870472
7.800000000000001,self+cam,shared,0.12206364442002345,0.12206361171511791,0,0,,0,0.06468946507700767,0.14958414339202683,10,0,825,0,0,0,0.0,0.15021814105578069,nan,0.2589013434870472
7.8500000000000005,self+cam,shared,0.12206364442002345,0.12206361171511791,0,0,,0,0.06468946507700767,0.14958414339202683,10,0,825,0,0,0,0.0,0.15021814105578069,nan,0.2589013434870472
7.9,self+cam,shared,0.12206364442002345,0.12206361171511791,0,0,,0,0.06468946507700767,0.14958414339202683,10,0,825,0,0,0,0.0,0.15021814105578069,nan,0.2589013434870472
7.95,self+cam,shared,0.12206364442002345,0.12206361171511791,0,0,,0,0.06468946507700767,0.14958414339202683,10,0,825,0,0,0,0.0,0.15021814105578069,nan,0.2589013434870472
8.0,self+cam,shared,0.12206364442002345,0.12206361171511791,0,0,,0,0.06468946507700767,0.14958414339202683,10,0,825,0,0,0,0.0,0.15021814105578069,nan,0.2589013434870472
8.05,self+cam,shared,0.12206364442002345,0.12206361171511791,0,0,,0,0.06468946507700767,0.14958414339202683,10,0,825,0,0,0,0.0,0.15021814105578069,nan,0.2589013434870472
8.1,self+cam,shared,0.12206364442002345,0.12206361171511791,0,0,,0,0.06468946507700767,0.14958414339202683,10,0,825,0,0,0,0.0,0.15021814105578069,nan,0.2589013434870472
8.15,self+cam,shared,0.12206364442002345,0.12206361171511791,0,0,,0,0.06468946507700767,0.14958414339202683,10,0,825,0,0,0,0.0,0.15021814105578069,nan,0.2589013434870472
8.200000000000001,self+cam,shared,0.12206364442002345,0.12206361171511791,0,0,,0,0.06468946507700767,0.14958414339202683,10,0,825,0,0,0,0.0,0.15021814105578069,nan,0.2589013434870472
8.25,self+cam,shared,0.12206364442002345,0.12206361171511791,0,0,,0,0.06468946507700767,0.14958414339202683,10,0,825,0,0,0,0.0,0.15021814105578069,nan,0.2589013434870472
8.3,self+cam,shared,0.12206364442002345,0.12206361171511791,0,0,,0,0.06468946507700767,0.14958414339202683,10,0,825,0,0,0,0.0,0.15021814105578069,nan,0.2589013434870472
8.35,self+cam,shared,0.12206364442002345,0.12206361171511791,0,0,,0,0.06468946507700767,0.14958414339202683,10,0,825,0,0,0,0.0,0.15021814105578069,nan,0.2589013434870472
8.4,self+cam,shared,0.12206364442002345,0.12206361171511791,0,0,,0,0.06468946507700767,0.14958414339202683,10,0,825,0,0,0,0.0,0.15021814105578069,nan,0.2589013434870472
8.450000000000001,self+cam,shared,0.12206364442002345,0.12206361171511791,0,0,,0,0.06468946507700767,0.14958414339202683,10,0,825,0,0,0,0.0,0.15021814105578069,nan,0.2589013434870472
8.5,self+cam,shared,0.12206364442002345,0.12206361171511791,0,0,,0,0.06468946507700767,0.14958414339202683,10,0,825,0,0,0,0.0,0.15021814105578069,nan,0.2589013434870472
8.55,self+cam,shared,0.12206364442002345,0.12206361171511791,0,0,,0,0.06468946507700767,0.14958414339202683,10,0,825,0,0,0,0.0,0.15021814105578069,nan,0.2589013434870472
8.6,self+cam,shared,0.12206364442002345,0.12206361171511791,0,0,,0,0.06468946507700767,0.14958414339202683,10,0,825,0,0,0,0.0,0.15021814105578069,nan,0.2589013434870472
8.65,self+cam,shared,0.12206364442002345,0.12206361171511791,0,0,,0,0.06468946507700767,0.14958414339202683,10,0,825,0,0,0,0.0,0.15021814105578069,nan,0.2589013434870472
8.700000000000001,self+cam,shared,0.12206364442002345,0.12206361171511791,0,0,,0,0.06468946507700767,0.14958414339202683,10,0,825,0,0,0,0.0,0.15021814105578069,nan,0.2589013434870472
8.75,self+cam,shared,0.12206364442002345,0.12206361171511791,0,0,,0,0.06468946507700767,0.14958414339202683,10,0,825,0,0,0,0.0,0.15021814105578069,nan,0.2589013434870472
8.8,self+cam,shared,0.12206364442002345,0.12206361171511791,0,0,,0,0.06468946507700767,0.14958414339202683,10,0,825,0,0,0,0.0,0.15021814105578069,nan,0.2589013434870472
8.85,self+cam,shared,0.12206364442002345,0.12206361171511791,0,0,,0,0.06468946507700767,0.14958414339202683,10,0,825,0,0,0,0.0,0.15021814105578069,nan,0.2589013434870472
8.9,self+cam,shared,0.12206364442002345,0.12206361171511791,0,0,,0,0.06468946507700767,0.14958414339202683,10,0,825,0,0,0,0.0,0.15021814105578069,nan,0.2589013434870472
8.950000000000001,self+cam,shared,0.12206364442002345,0.12206361171511791,0,0,,0,0.06468946507700767,0.14958414339202683,10,0,825,0,0,0,0.0,0.15021814105578069,nan,0.2589013434870472
9.0,self+cam,shared,0.12206364442002345,0.12206361171511791,0,0,,0,0.06468946507700767,0.14958414339202683,10,0,825,0,0,0,0.0,0.15021814105578069,nan,0.2589013434870472
9.05,self+cam,shared,0.12206364442002345,0.12206361171511791,0,0,,0,0.06468946507700767,0.14958414339202683,10,0,825,0,0,0,0.0,0.15021814105578069,nan,0.2589013434870472
9.1,self+cam,shared,0.12206364442002345,0.12206361171511791,0,0,,0,0.06468946507700767,0.14958414339202683,10,0,825,0,0,0,0.0,0.15021814105578069,nan,0.2589013434870472
9.15,self+cam,shared,0.12206364442002345,0.12206361171511791,0,0,,0,0.06468946507700767,0.14958414339202683,10,0,825,0,0,0,0.0,0.15021814105578069,nan,0.2589013434870472
9.200000000000001,self+cam,shared,0.12206364442002345,0.12206361171511791,0,0,,0,0.06468946507700767,0.14958414339202683,10,0,825,0,0,0,0.0,0.15021814105578069,nan,0.2589013434870472
9.25,self+cam,shared,0.12206364442002345,0.12206361171511791,0,0,,0,0.06468946507700767,0.14958414339202683,10,0,825,0,0,0,0.0,0.15021814105578069,nan,0.2589013434870472
9.3,self+cam,shared,0.12206364442002345,0.12206361171511791,0,0,,0,0.06468946507700767,0.14958414339202683,10,0,825,0,0,0,0.0,0.15021814105578069,nan,0.2589013434870472
9.35,self+cam,shared,0.12206364442002345,0.12206361171511791,0,0,,0,0.06468946507700767,0.14958414339202683,10,0,825,0,0,0,0.0,0.15021814105578069,nan,0.2589013434870472
9.4,self+cam,shared,0.12206364442002345,0.12206361171511791,0,0,,0,0.06468946507700767,0.14958414339202683,10,0,825,0,0,0,0.0,0.15021814105578069,nan,0.2589013434870472
9.450000000000001,self+cam,shared,0.12206364442002345,0.12206361171511791,0,0,,0,0.06468946507700767,0.14958414339202683,10,0,825,0,0,0,0.0,0.15021814105578069,nan,0.2589013434870472
9.5,self+cam,shared,0.12206364442002345,0.12206361171511791,0,0,,0,0.06468946507700767,0.14958414339202683,10,0,825,0,0,0,0.0,0.15021814105578069,nan,0.2589013434870472
9.55,self+cam,shared,0.12206364442002345,0.12206361171511791,0,0,,0,0.06468946507700767,0.14958414339202683,10,0,825,0,0,0,0.0,0.15021814105578069,nan,0.2589013434870472
9.600000000000001,self+cam,shared,0.12206364442002345,0.12206361171511791,0,0,,0,0.06468946507700767,0.14958414339202683,10,0,825,0,0,0,0.0,0.15021814105578069,nan,0.2589013434870472
9.65,self+cam,shared,0.12206364442002345,0.12206361171511791,0,0,,0,0.06468946507700767,0.14958414339202683,10,0,825,0,0,0,0.0,0.15021814105578069,nan,0.2589013434870472
9.700000000000001,self+cam,shared,0.12206364442002345,0.12206361171511791,0,0,,0,0.06468946507700767,0.14958414339202683,10,0,825,0,0,0,0.0,0.15021814105578069,nan,0.2589013434870472
9.75,self+cam,shared,0.12206364442002345,0.12206361171511791,0,0,,0,0.06468946507700767,0.14958414339202683,10,0,825,0,0,0,0.0,0.15021814105578069,nan,0.2589013434870472
9.8,self+cam,shared,0.12206364442002345,0.12206361171511791,0,0,,0,0.06468946507700767,0.14958414339202683,10,0,825,0,0,0,0.0,0.15021814105578069,nan,0.2589013434870472
9.850000000000001,self+cam,shared,0.12206364442002345,0.12206361171511791,0,0,,0,0.06468946507700767,0.14958414339202683,10,0,825,0,0,0,0.0,0.15021814105578069,nan,0.2589013434870472
9.9,self+cam,shared,0.12206364442002345,0.12206361171511791,0,0,,0,0.06468946507700767,0.14958414339202683,10,0,825,0,0,0,0.0,0.15021814105578069,nan,0.2589013434870472
9.950000000000001,self+cam,shared,0.12206364442002345,0.12206361171511791,0,0,,0,0.06468946507700767,0.14958414339202683,10,0,825,0,0,0,0.0,0.15021814105578069,nan,0.2589013434870472
10.0,self+cam,shared,0.12206364442002345,0.12206361171511791,0,0,,0,0.06468946507700767,0.14958414339202683,10,0,825,0,0,0,0.0,0.15021814105578069,nan,0.2589013434870472
10.05,self+cam,shared,0.12206364442002345,0.12206361171511791,0,0,,0,0.06468946507700767,0.14958414339202683,10,0,825,0,0,0,0.0,0.15021814105578069,nan,0.2589013434870472
10.100000000000001,self+cam,shared,0.12206364442002345,0.12206361171511791,0,0,,0,0.06468946507700767,0.14958414339202683,10,0,825,0,0,0,0.0,0.15021814105578069,nan,0.2589013434870472
10.15,self+cam,shared,0.12206364442002345,0.12206361171511791,0,0,,0,0.06468946507700767,0.14958414339202683,10,0,825,0,0,0,0.0,0.15021814105578069,nan,0.2589013434870472
10.200000000000001,self+cam,shared,0.12206364442002345,0.12206361171511791,0,0,,0,0.06468946507700767,0.14958414339202683,10,0,825,0,0,0,0.0,0.15021814105578069,nan,0.2589013434870472
10.25,self+cam,shared,0.12206364442002345,0.12206361171511791,0,0,,0,0.06468946507700767,0.14958414339202683,10,0,825,0,0,0,0.0,0.15021814105578069,nan,0.2589013434870472
10.3,self+cam,shared,0.12206364442002345,0.12206361171511791,0,0,,0,0.06468946507700767,0.14958414339202683,10,0,825,0,0,0,0.0,0.15021814105578069,nan,0.2589013434870472
10.350000000000001,self+cam,shared,0.12206364442002345,0.12206361171511791,0,0,,0,0.06468946507700767,0.14958414339202683,10,0,825,0,0,0,0.0,0.15021814105578069,nan,0.2589013434870472
10.4,self+cam,shared,0.12206364442002345,0.12206361171511791,0,0,,0,0.06468946507700767,0.14958414339202683,10,0,825,0,0,0,0.0,0.15021814105578069,nan,0.2589013434870472
10.450000000000001,self+cam,shared,0.12206364442002345,0.12206361171511791,0,0,,0,0.06468946507700767,0.14958414339202683,10,0,825,0,0,0,0.0,0.15021814105578069,nan,0.2589013434870472
10.5,self+cam,shared,0.12206364442002345,0.12206361171511791,0,0,,0,0.06468946507700767,0.14958414339202683,10,0,825,0,0,0,0.0,0.15021814105578069,nan,0.2589013434870472
10.55,self+cam,shared,0.12206364442002345,0.12206361171511791,0,0,,0,0.06468946507700767,0.14958414339202683,10,0,825,0,0,0,0.0,0.15021814105578069,nan,0.2589013434870472
10.600000000000001,self+cam,shared,0.12206364442002345,0.12206361171511791,0,0,,0,0.06468946507700767,0.14958414339202683,10,0,825,0,0,0,0.0,0.15021814105578069,nan,0.2589013434870472
10.65,self+cam,shared,0.12206364442002345,0.12206361171511791,0,0,,0,0.06468946507700767,0.14958414339202683,10,0,825,0,0,0,0.0,0.15021814105578069,nan,0.2589013434870472
10.700000000000001,self+cam,shared,0.12206364442002345,0.12206361171511791,0,0,,0,0.06468946507700767,0.14958414339202683,10,0,825,0,0,0,0.0,0.15021814105578069,nan,0.2589013434870472
10.75,self+cam,shared,0.12206364442002345,0.12206361171511791,0,0,,0,0.06468946507700767,0.14958414339202683,10,0,825,0,0,0,0.0,0.15021814105578069,nan,0.2589013434870472
10.8,self+cam,shared,0.12206364442002345,0.12206361171511791,0,0,,0,0.06468946507700767,0.14958414339202683,10,0,825,0,0,0,0.0,0.15021814105578069,nan,0.2589013434870472
10.850000000000001,self+cam,shared,0.12206364442002345,0.12206361171511791,0,0,,0,0.06468946507700767,0.14958414339202683,10,0,825,0,0,0,0.0,0.15021814105578069,nan,0.2589013434870472
10.9,self+cam,shared,0.12206364442002345,0.12206361171511791,0,0,,0,0.06468946507700767,0.14958414339202683,10,0,825,0,0,0,0.0,0.15021814105578069,nan,0.2589013434870472
10.950000000000001,self+cam,shared,0.12206364442002345,0.12206361171511791,0,0,,0,0.06468946507700767,0.14958414339202683,10,0,825,0,0,0,0.0,0.15021814105578069,nan,0.2589013434870472
11.0,self+cam,shared,0.12206364442002345,0.12206361171511791,0,0,,0,0.06468946507700767,0.14958414339202683,10,0,825,0,0,0,0.0,0.15021814105578069,nan,0.2589013434870472
11.05,self+cam,shared,0.12206364442002345,0.12206361171511791,0,0,,0,0.06468946507700767,0.14958414339202683,10,0,825,0,0,0,0.0,0.15021814105578069,nan,0.2589013434870472
11.100000000000001,self+cam,shared,0.12206364442002345,0.12206361171511791,0,0,,0,0.06468946507700767,0.14958414339202683,10,0,825,0,0,0,0.0,0.15021814105578069,nan,0.2589013434870472
11.15,self+cam,shared,0.12206364442002345,0.12206361171511791,0,0,,0,0.06468946507700767,0.14958414339202683,10,0,825,0,0,0,0.0,0.15021814105578069,nan,0.2589013434870472
11.200000000000001,self+cam,shared,0.12206364442002345,0.12206361171511791,0,0,,0,0.06468946507700767,0.14958414339202683,10,0,825,0,0,0,0.0,0.15021814105578069,nan,0.2589013434870472
11.25,self+cam,shared,0.12206364442002345,0.12206361171511791,0,0,,0,0.06468946507700767,0.14958414339202683,10,0,825,0,0,0,0.0,0.15021814105578069,nan,0.2589013434870472
11.3,self+cam,shared,0.12206364442002345,0.12206361171511791,0,0,,0,0.06468946507700767,0.14958414339202683,10,0,825,0,0,0,0.0,0.15021814105578069,nan,0.2589013434870472
11.350000000000001,self+cam,shared,0.12206364442002345,0.12206361171511791,0,0,,0,0.06468946507700767,0.14958414339202683,10,0,825,0,0,0,0.0,0.15021814105578069,nan,0.2589013434870472
11.4,self+cam,shared,0.12206364442002345,0.12206361171511791,0,0,,0,0.06468946507700767,0.14958414339202683,10,0,825,0,0,0,0.0,0.15021814105578069,nan,0.2589013434870472
11.450000000000001,self+cam,shared,0.12206364442002345,0.12206361171511791,0,0,,0,0.06468946507700767,0.14958414339202683,10,0,825,0,0,0,0.0,0.15021814105578069,nan,0.2589013434870472
11.5,self+cam,shared,0.12206364442002345,0.12206361171511791,0,0,,0,0.06468946507700767,0.14958414339202683,10,0,825,0,0,0,0.0,0.15021814105578069,nan,0.2589013434870472
11.55,self+cam,shared,0.12206364442002345,0.12206361171511791,0,0,,0,0.06468946507700767,0.14958414339202683,10,0,825,0,0,0,0.0,0.15021814105578069,nan,0.2589013434870472
11.600000000000001,self+cam,shared,0.12206364442002345,0.12206361171511791,0,0,,0,0.06468946507700767,0.14958414339202683,10,0,825,0,0,0,0.0,0.15021814105578069,nan,0.2589013434870472
11.65,self+cam,shared,0.12206364442002345,0.12206361171511791,0,0,,0,0.06468946507700767,0.14958414339202683,10,0,825,0,0,0,0.0,0.15021814105578069,nan,0.2589013434870472
11.700000000000001,self+cam,shared,0.12206364442002345,0.12206361171511791,0,0,,0,0.06468946507700767,0.14958414339202683,10,0,825,0,0,0,0.0,0.15021814105578069,nan,0.2589013434870472
11.75,self+cam,shared,0.12206364442002345,0.12206361171511791,0,0,,0,0.06468946507700767,0.14958414339202683,10,0,825,0,0,0,0.0,0.15021814105578069,nan,0.2589013434870472
11.8,self+cam,shared,0.12206364442002345,0.12206361171511791,0,0,,0,0.06468946507700767,0.14958414339202683,10,0,825,0,0,0,0.0,0.15021814105578069,nan,0.2589013434870472
11.850000000000001,self+cam,shared,0.12206364442002345,0.12206361171511791,0,0,,0,0.06468946507700767,0.14958414339202683,10,0,825,0,0,0,0.0,0.15021814105578069,nan,0.2589013434870472
11.9,self+cam,shared,0.12206364442002345,0.12206361171511791,0,0,,0,0.06468946507700767,0.14958414339202683,10,0,825,0,0,0,0.0,0.15021814105578069,nan,0.2589013434870472
11.950000000000001,self+cam,shared,0.12206364442002345,0.12206361171511791,0,0,,0,0.06468946507700767,0.14958414339202683,10,0,825,0,0,0,0.0,0.15021814105578069,nan,0.2589013434870472
12.0,self+cam,shared,0.12206364442002345,0.12206361171511791,0,0,,0,0.06468946507700767,0.14958414339202683,10,0,825,0,0,0,0.0,0.15021814105578069,nan,0.2589013434870472
12.05,self+cam,shared,0.12206364442002345,0.12206361171511791,0,0,,0,0.06468946507700767,0.14958414339202683,10,0,825,0,0,0,0.0,0.15021814105578069,nan,0.2589013434870472
12.100000000000001,self+cam,shared,0.12206364442002345,0.12206361171511791,0,0,,0,0.06468946507700767,0.14958414339202683,10,0,825,0,0,0,0.0,0.15021814105578069,nan,0.2589013434870472
12.15,self+cam,shared,0.12206364442002345,0.12206361171511791,0,0,,0,0.06468946507700767,0.14958414339202683,10,0,825,0,0,0,0.0,0.15021814105578069,nan,0.2589013434870472
12.200000000000001,self+cam,shared,0.12206364442002345,0.12206361171511791,0,0,,0,0.06468946507700767,0.14958414339202683,10,0,825,0,0,0,0.0,0.15021814105578069,nan,0.2589013434870472
12.25,self+cam,shared,0.12206364442002345,0.12206361171511791,0,0,,0,0.06468946507700767,0.14958414339202683,10,0,825,0,0,0,0.0,0.15021814105578069,nan,0.2589013434870472
12.3,self+cam,shared,0.12206364442002345,0.12206361171511791,0,0,,0,0.06468946507700767,0.14958414339202683,10,0,825,0,0,0,0.0,0.15021814105578069,nan,0.2589013434870472
12.350000000000001,self+cam,shared,0.12206364442002345,0.12206361171511791,0,0,,0,0.06468946507700767,0.14958414339202683,10,0,825,0,0,0,0.0,0.15021814105578069,nan,0.2589013434870472
12.4,self+cam,shared,0.12206364442002345,0.12206361171511791,0,0,,0,0.06468946507700767,0.14958414339202683,10,0,825,0,0,0,0.0,0.15021814105578069,nan,0.2589013434870472
12.450000000000001,self+cam,shared,0.12206364442002345,0.12206361171511791,0,0,,0,0.06468946507700767,0.14958414339202683,10,0,825,0,0,0,0.0,0.15021814105578069,nan,0.2589013434870472
12.5,self+cam,shared,0.12206364442002345,0.12206361171511791,0,0,,0,0.06468946507700767,0.14958414339202683,10,0,825,0,0,0,0.0,0.15021814105578069,nan,0.2589013434870472
12.55,self+cam,shared,0.12206364442002345,0.12206361171511791,0,0,,0,0.06468946507700767,0.14958414339202683,10,0,825,0,0,0,0.0,0.15021814105578069,nan,0.2589013434870472
12.600000000000001,self+cam,shared,0.12206364442002345,0.12206361171511791,0,0,,0,0.06468946507700767,0.14958414339202683,10,0,825,0,0,0,0.0,0.15021814105578069,nan,0.2589013434870472
12.65,self+cam,shared,0.12206364442002345,0.12206361171511791,0,0,,0,0.06468946507700767,0.14958414339202683,10,0,825,0,0,0,0.0,0.15021814105578069,nan,0.2589013434870472
12.700000000000001,self+cam,shared,0.12206364442002345,0.12206361171511791,0,0,,0,0.06468946507700767,0.14958414339202683,10,0,825,0,0,0,0.0,0.15021814105578069,nan,0.2589013434870472
12.75,self+cam,shared,0.12206364442002345,0.12206361171511791,0,0,,0,0.06468946507700767,0.14958414339202683,10,0,825,0,0,0,0.0,0.15021814105578069,nan,0.2589013434870472
12.8,self+cam,shared,0.12206364442002345,0.12206361171511791,0,0,,0,0.06468946507700767,0.14958414339202683,10,0,825,0,0,0,0.0,0.15021814105578069,nan,0.2589013434870472
12.850000000000001,self+cam,shared,0.12206364442002345,0.12206361171511791,0,0,,0,0.06468946507700767,0.14958414339202683,10,0,825,0,0,0,0.0,0.15021814105578069,nan,0.2589013434870472
12.9,self+cam,shared,0.12206364442002345,0.12206361171511791,0,0,,0,0.06468946507700767,0.14958414339202683,10,0,825,0,0,0,0.0,0.15021814105578069,nan,0.2589013434870472
12.950000000000001,self+cam,shared,0.12206364442002345,0.12206361171511791,0,0,,0,0.06468946507700767,0.14958414339202683,10,0,825,0,0,0,0.0,0.15021814105578069,nan,0.2589013434870472
13.0,self+cam,shared,0.12206364442002345,0.12206361171511791,0,0,,0,0.06468946507700767,0.14958414339202683,10,0,825,0,0,0,0.0,0.15021814105578069,nan,0.2589013434870472
13.05,self+cam,shared,0.12206364442002345,0.12206361171511791,0,0,,0,0.06468946507700767,0.14958414339202683,10,0,825,0,0,0,0.0,0.15021814105578069,nan,0.2589013434870472
13.100000000000001,self+cam,shared,0.12206364442002345,0.12206361171511791,0,0,,0,0.06468946507700767,0.14958414339202683,10,0,825,0,0,0,0.0,0.15021814105578069,nan,0.2589013434870472
13.15,self+cam,shared,0.12206364442002345,0.12206361171511791,0,0,,0,0.06468946507700767,0.14958414339202683,10,0,825,0,0,0,0.0,0.15021814105578069,nan,0.2589013434870472
13.200000000000001,self+cam,shared,0.12206364442002345,0.12206361171511791,0,0,,0,0.06468946507700767,0.14958414339202683,10,0,825,0,0,0,0.0,0.15021814105578069,nan,0.2589013434870472
13.25,self+cam,shared,0.12206364442002345,0.12206361171511791,0,0,,0,0.06468946507700767,0.14958414339202683,10,0,825,0,0,0,0.0,0.15021814105578069,nan,0.2589013434870472
13.3,self+cam,shared,0.12206364442002345,0.12206361171511791,0,0,,0,0.06468946507700767,0.14958414339202683,10,0,825,0,0,0,0.0,0.15021814105578069,nan,0.2589013434870472
13.350000000000001,self+cam,shared,0.12206364442002345,0.12206361171511791,0,0,,0,0.06468946507700767,0.14958414339202683,10,0,825,0,0,0,0.0,0.15021814105578069,nan,0.2589013434870472
13.4,self+cam,shared,0.12206364442002345,0.12206361171511791,0,0,,0,0.06468946507700767,0.14958414339202683,10,0,825,0,0,0,0.0,0.15021814105578069,nan,0.2589013434870472
13.450000000000001,self+cam,shared,0.12206364442002345,0.12206361171511791,0,0,,0,0.06468946507700767,0.14958414339202683,10,0,825,0,0,0,0.0,0.15021814105578069,nan,0.2589013434870472
13.5,self+cam,shared,0.12206364442002345,0.12206361171511791,0,0,,0,0.06468946507700767,0.14958414339202683,10,0,825,0,0,0,0.0,0.15021814105578069,nan,0.2589013434870472
13.55,self+cam,shared,0.12206364442002345,0.12206361171511791,0,0,,0,0.06468946507700767,0.14958414339202683,10,0,825,0,0,0,0.0,0.15021814105578069,nan,0.2589013434870472
13.600000000000001,self+cam,shared,0.12206364442002345,0.12206361171511791,0,0,,0,0.06468946507700767,0.14958414339202683,10,0,825,0,0,0,0.0,0.15021814105578069,nan,0.2589013434870472
13.65,self+cam,shared,0.12206364442002345,0.12206361171511791,0,0,,0,0.06468946507700767,0.14958414339202683,10,0,825,0,0,0,0.0,0.15021814105578069,nan,0.2589013434870472
13.700000000000001,self+cam,shared,0.12206364442002345,0.12206361171511791,0,0,,0,0.06468946507700767,0.14958414339202683,10,0,825,0,0,0,0.0,0.15021814105578069,nan,0.2589013434870472
13.75,self+cam,shared,0.12206364442002345,0.12206361171511791,0,0,,0,0.06468946507700767,0.14958414339202683,10,0,825,0,0,0,0.0,0.15021814105578069,nan,0.2589013434870472
13.8,self+cam,shared,0.12206364442002345,0.12206361171511791,0,0,,0,0.06468946507700767,0.14958414339202683,10,0,825,0,0,0,0.0,0.15021814105578069,nan,0.2589013434870472
13.850000000000001,self+cam,shared,0.12206364442002345,0.12206361171511791,0,0,,0,0.06468946507700767,0.14958414339202683,10,0,825,0,0,0,0.0,0.15021814105578069,nan,0.2589013434870472
13.9,self+cam,shared,0.12206364442002345,0.12206361171511791,0,0,,0,0.06468946507700767,0.14958414339202683,10,0,825,0,0,0,0.0,0.15021814105578069,nan,0.2589013434870472
13.950000000000001,self+cam,shared,0.12206364442002345,0.12206361171511791,0,0,,0,0.06468946507700767,0.14958414339202683,10,0,825,0,0,0,0.0,0.15021814105578069,nan,0.2589013434870472
14.0,self+cam,shared,0.12206364442002345,0.12206361171511791,0,0,,0,0.06468946507700767,0.14958414339202683,10,0,825,0,0,0,0.0,0.15021814105578069,nan,0.2589013434870472
14.05,self+cam,shared,0.12206364442002345,0.12206361171511791,0,0,,0,0.06468946507700767,0.14958414339202683,10,0,825,0,0,0,0.0,0.15021814105578069,nan,0.2589013434870472
14.100000000000001,self+cam,shared,0.12206364442002345,0.12206361171511791,0,0,,0,0.06468946507700767,0.14958414339202683,10,0,825,0,0,0,0.0,0.15021814105578069,nan,0.2589013434870472
14.15,self+cam,shared,0.12206364442002345,0.12206361171511791,0,0,,0,0.06468946507700767,0.14958414339202683,10,0,825,0,0,0,0.0,0.15021814105578069,nan,0.2589013434870472
14.200000000000001,self+cam,shared,0.12206364442002345,0.12206361171511791,0,0,,0,0.06468946507700767,0.14958414339202683,10,0,825,0,0,0,0.0,0.15021814105578069,nan,0.2589013434870472
14.25,self+cam,shared,0.12206364442002345,0.12206361171511791,0,0,,0,0.06468946507700767,0.14958414339202683,10,0,825,0,0,0,0.0,0.15021814105578069,nan,0.2589013434870472
14.3,self+cam,shared,0.12206364442002345,0.12206361171511791,0,0,,0,0.06468946507700767,0.14958414339202683,10,0,825,0,0,0,0.0,0.15021814105578069,nan,0.2589013434870472
14.350000000000001,self+cam,shared,0.12206364442002345,0.12206361171511791,0,0,,0,0.06468946507700767,0.14958414339202683,10,0,825,0,0,0,0.0,0.15021814105578069,nan,0.2589013434870472
14.4,self+cam,shared,0.12206364442002345,0.12206361171511791,0,0,,0,0.06468946507700767,0.14958414339202683,10,0,825,0,0,0,0.0,0.15021814105578069,nan,0.2589013434870472
14.450000000000001,self+cam,shared,0.12206364442002345,0.12206361171511791,0,0,,0,0.06468946507700767,0.14958414339202683,10,0,825,0,0,0,0.0,0.15021814105578069,nan,0.2589013434870472
14.5,self+cam,shared,0.12206364442002345,0.12206361171511791,0,0,,0,0.06468946507700767,0.14958414339202683,10,0,825,0,0,0,0.0,0.15021814105578069,nan,0.2589013434870472
14.55,self+cam,shared,0.12206364442002345,0.12206361171511791,0,0,,0,0.06468946507700767,0.14958414339202683,10,0,825,0,0,0,0.0,0.15021814105578069,nan,0.2589013434870472
14.600000000000001,self+cam,shared,0.12206364442002345,0.12206361171511791,0,0,,0,0.06468946507700767,0.14958414339202683,10,0,825,0,0,0,0.0,0.15021814105578069,nan,0.2589013434870472
14.65,self+cam,shared,0.12206364442002345,0.12206361171511791,0,0,,0,0.06468946507700767,0.14958414339202683,10,0,825,0,0,0,0.0,0.15021814105578069,nan,0.2589013434870472
14.700000000000001,self+cam,shared,0.12206364442002345,0.12206361171511791,0,0,,0,0.06468946507700767,0.14958414339202683,10,0,825,0,0,0,0.0,0.15021814105578069,nan,0.2589013434870472
14.75,self+cam,shared,0.12206364442002345,0.12206361171511791,0,0,,0,0.06468946507700767,0.14958414339202683,10,0,825,0,0,0,0.0,0.15021814105578069,nan,0.2589013434870472
14.8,self+cam,shared,0.12206364442002345,0.12206361171511791,0,0,,0,0.06468946507700767,0.14958414339202683,10,0,825,0,0,0,0.0,0.15021814105578069,nan,0.2589013434870472
14.850000000000001,self+cam,shared,0.12206364442002345,0.12206361171511791,0,0,,0,0.06468946507700767,0.14958414339202683,10,0,825,0,0,0,0.0,0.15021814105578069,nan,0.2589013434870472
14.9,self+cam,shared,0.12206364442002345,0.12206361171511791,0,0,,0,0.06468946507700767,0.14958414339202683,10,0,825,0,0,0,0.0,0.15021814105578069,nan,0.2589013434870472
14.950000000000001,self+cam,shared,0.12206364442002345,0.12206361171511791,0,0,,0,0.06468946507700767,0.14958414339202683,10,0,825,0,0,0,0.0,0.15021814105578069,nan,0.2589013434870472
15.0,self+cam,shared,0.12206364442002345,0.12206361171511791,0,0,,0,0.06468946507700767,0.14958414339202683,10,0,825,0,0,0,0.0,0.15021814105578069,nan,0.2589013434870472
0.05,full,shared,0.2271549292734434,0.22715492859616165,0,0,free,0,0.05676101943747254,0.16504642260436408,5,1,752,0,0,0,0.0,0.25,nan,0.22430129255519893
0.1,full,shared,0.19873955424583492,0.19873955157529288,0,0,free,0,0.052290460093895,0.15666091829243378,5,1,752,0,0,0,0.0,0.2403994846513157,nan,0.23531351018541347
0.15000000000000002,full,shared,0.1740541488414919,0.17405414164611963,0,0,free,0,0.05026879173058847,0.15180094649736606,6,1,752,0,0,0,0.0,0.20241709808180364,nan,0.24478697211171851
0.2,full,shared,0.15255728129317686,0.15255726825037982,0,0,free,0,0.050359247381471225,0.14881609184422492,6,1,822,0,0,0,0.0,0.16918941487984637,nan,0.2529838424545635
0.25,full,shared,0.13380337772298745,0.13380335849145883,0,0,free,0,0.0519756240500137,0.14772407463848283,10,1,822,0,0,0,0.0,0.15021814105578069,nan,0.2589013434870472
0.30000000000000004,full,shared,0.12206364442002345,0.12206361171511791,0,0,free,0,0.06468946507700767,0.14958414339202683,10,0,822,0,0,0,0.0,0.15021814105578069,nan,0.2589013434870472
0.35000000000000003,full,shared,0.12206364442002345,0.12206361171511791,0,0,free,0,0.06468946507700767,0.14958414339202683,10,0,825,0,0,0,0.0,0.15021814105578069,nan,0.2589013434870472
0.4,full,shared,0.12206364442002345,0.12206361171511791,0,0,free,0,0.06468946507700767,0.14958414339202683,10,0,825,0,0,0,0.0,0.15021814105578069,nan,0.2589013434870472
0.45,full,shared,0.12206364442002345,0.12206361171511791,0,0,free,0,0.06468946507700767,0.14958414339202683,10,0,825,0,0,0,0.0,0.15021814105578069,nan,0.2589013434870472
0.5,full,shared,0.12206364442002345,0.12206361171511791,0,0,free,0,0.06468946507700767,0.14958414339202683,10,0,825,0,0,0,0.0,0.15021814105578069,nan,0.2589013434870472
0.55,full,shared,0.12206364442002345,0.12206361171511791,0,0,free,0,0.06468946507700767,0.14958414339202683,10,0,825,0,0,0,0.0,0.15021814105578069,nan,0.2589013434870472
0.6000000000000001,full,shared,0.12206364442002345,0.12206361171511791,0,0,free,0,0.06468946507700767,0.14958414339202683,10,0,825,0,0,0,0.0,0.15021814105578069,nan,0.2589013434870472
0.65,full,shared,0.12206364442002345,0.12206361171511791,0,0,free,0,0.06468946507700767,0.14958414339202683,10,0,825,0,0,0,0.0,0.15021814105578069,nan,0.2589013434870472
0.7000000000000001,full,shared,0.12206364442002345,0.12206361171511791,0,0,free,0,0.06468946507700767,0.14958414339202683,10,0,825,0,0,0,0.0,0.15021814105578069,nan,0.2589013434870472
0.75,full,shared,0.12206364442002345,0.12206361171511791,0,0,free,0,0.06468946507700767,0.14958414339202683,10,0,825,0,0,0,0.0,0.15021814105578069,nan,0.2589013434870472
0.8,full,shared,0.12206364442002345,0.12206361171511791,0,0,free,0,0.06468946507700767,0.14958414339202683,10,0,825,0,0,0,0.0,0.15021814105578069,nan,0.2589013434870472
0.8500000000000001,full,shared,0.12206364442002345,0.12206361171511791,0,0,free,0,0.06468946507700767,0.14958414339202683,10,0,825,0,0,0,0.0,0.15021814105578069,nan,0.2589013434870472
0.9,full,shared,0.12206364442002345,0.12206361171511791,0,0,free,0,0.06468946507700767,0.14958414339202683,10,0,825,0,0,0,0.0,0.15021814105578069,nan,0.2589013434870472
0.9500000000000001,full,shared,0.12206364442002345,0.12206361171511791,0,0,free,0,0.06468946507700767,0.14958414339202683,10,0,825,0,0,0,0.0,0.15021814105578069,nan,0.2589013434870472
1.0,full,shared,0.12206364442002345,0.12206361171511791,0,0,free,0,0.06468946507700767,0.14958414339202683,10,0,825,0,0,0,0.0,0.15021814105578069,nan,0.2589013434870472
1.05,full,shared,0.12206364442002345,0.12206361171511791,0,0,free,0,0.06468946507700767,0.14958414339202683,10,0,825,0,0,0,0.0,0.15021814105578069,nan,0.2589013434870472
1.1,full,shared,0.12206364442002345,0.12206361171511791,0,0,free,0,0.06468946507700767,0.14958414339202683,10,0,825,0,0,0,0.0,0.15021814105578069,nan,0.2589013434870472
1.1500000000000001,full,shared,0.12206364442002345,0.12206361171511791,0,0,free,0,0.06468946507700767,0.14958414339202683,10,0,825,0,0,0,0.0,0.15021814105578069,nan,0.2589013434870472
1.2000000000000002,full,shared,0.12206364442002345,0.12206361171511791,0,0,free,0,0.06468946507700767,0.14958414339202683,10,0,825,0,0,0,0.0,0.15021814105578069,nan,0.2589013434870472
1.25,full,shared,0.12206364442002345,0.12206361171511791,0,0,yield,0,0.06468946507700767,0.14958414339202683,10,1,825,0,0,0,0.0,0.156180093239625,nan,0.25960594581177243
1.3,full,shared,0.14112813931032814,0.10712053814865985,0,0,yield,0,0.06717276837376505,0.15026488782088465,10,1,825,0,0,0,0.0,0.162531518563216,nan,0.2601528164652155
1.35,full,shared,0.15861894797981535,0.09403878655013145,0,0,yield,0,0.07023104631209053,0.15161754637212202,8,1,825,0,0,0,0.0,0.16894145715067305,nan,0.2605739889232018
1.4000000000000001,full,shared,0.17435986020335603,0.08257931864320092,0,0,yield,0,0.07364078218622037,0.15337404442829128,8,1,827,0,0,0,0.0,0.17481843589455742,nan,0.2608929017161782
1.4500000000000002,full,shared,0.1883897081930352,0.07253590772702286,0,0,yield,0,0.07721547854581491,0.1553432742127038,7,1,827,0,0,0,0.0,0.17775978579468396,nan,0.26112923713271263
1.5,full,shared,0.20082640123708387,0.06373005775027314,0,0,yield,0,0.08085142215532669,0.15739232504239298,7,1,827,0,0,0,0.0,0.18065701532553455,nan,0.26129988658760717
1.55,full,shared,0.2118136505434108,0.05600684409505254,0,0,yield,0,0.08447108639417426,0.15943126919233006,6,1,831,0,0,0,0.0,0.18341140701008785,nan,0.26141916076177607
1.6,full,shared,0.2214985901973043,0.049231487350909514,0,0,yield,0,0.08801800666429725,0.1614013691093035,4,1,831,0,0,0,0.0,0.18605144011785768,nan,0.26149894653297634
1.6500000000000001,full,shared,0.23002209981182034,0.043286509365112795,0,0,yield,0,0.0914526176371772,0.163266191933234,4,1,831,0,0,0,0.0,0.18853237074403387,nan,0.26154892887448955
1.7000000000000002,full,shared,0.2375147589687812,0.03806935356032419,0,0,yield,0,0.09474857658247653,0.16500503684081483,4,1,835,0,0,0,0.0,0.19083092121080983,nan,0.26157686242517475
1.75,full,shared,0.24409544091422752,0.03349037820143892,0,0,yield,0,0.09788966333630005,0.16660813338571345,4,1,835,0,0,0,0.0,0.19293821622403345,nan,0.2615888588016181
1.8,full,shared,0.2498711847891677,0.029471152337891708,0,0,yield,0,0.10086725066312528,0.16807316521067453,4,1,835,0,0,0,0.0,0.19485484245562407,nan,0.2615896637088809
1.85,full,shared,0.2549376897260507,0.02594299995344149,0,0,yield,0,0.10367829034055968,0.16940277187078087,4,1,838,0,0,0,0.0,0.19650633365839912,nan,0.26158290870588996
1.9000000000000001,full,shared,0.2593800984912631,0.022845749788777722,0,0,yield,0,0.10632374111107439,0.17060276632622448,4,1,838,0,0,0,0.0,0.19795631746588357,nan,0.26157133082936934
1.9500000000000002,full,shared,0.2632738964987865,0.020126657127170447,0,0,yield,0,0.10880736166571563,0.1716808732712209,4,1,838,0,0,0,0.0,0.19919997191913316,nan,0.2615569586891032
2.0,full,shared,0.26668583310461424,0.01773947053666601,0,0,yield,0,0.11113479742563558,0.17264584512442924,4,1,839,0,0,0,0.0,0.20003671069955503,nan,0.26154126677184697
2.0500000000000003,full,shared,0.2696748155169507,0.01564362164880491,0,0,yield,0,0.11331289899245499,0.1735068510152328,4,1,839,0,0,0,0.0,0.200787265689199,nan,0.26152530122526685
2.1,full,shared,0.2722927496827415,0.013803519994851184,0,0,yield,0,0.11534922040728628,0.17427306250111677,4,1,839,0,0,0,0.0,0.20145822710378303,nan,0.2615097809936612
2.15,full,shared,0.27458531619656884,0.0121879380432908,0,0,yield,0,0.11725165513547757,0.174953380491898,4,1,839,0,0,0,0.0,0.2020564292218794,nan,0.2614951781792997
2.2,full,shared,0.27659267711465274,0.01076947398898264,0,0,yield,0,0.1190281763409287,0.1755324287540351,4,1,839,0,0,0,0.0,0.20258864751576497,nan,0.26148178123521426
2.25,full,shared,0.2783501140963718,0.0095240818436557,0,0,yield,0,0.12068665536222427,0.17603650313843533,4,1,839,0,0,0,0.0,0.20306140268202796,nan,0.261469744182215
2.3000000000000003,full,shared,0.2798886008039305,0.008430659963422942,0,0,yield,0,0.12223473826975088,0.176482183178026,4,1,840,0,0,0,0.0,0.20348084066501834,nan,0.26145912457550924
2.35,full,shared,0.28123531386225303,0.007470690427264731,0,0,yield,0,0.12367976520824674,0.17687568166161427,4,1,840,0,0,0,0.0,0.20385266612057384,nan,0.2614499125128561
2.4000000000000004,full,shared,0.2824140872794789,0.006627922786072248,0,0,yield,0,0.12502872094981365,0.1772226744685907,4,1,840,0,0,0,0.0,0.2041821129282567,nan,0.2614420525664042
2.45,full,shared,0.2834458154238005,0.005888096557267718,0,0,yield,0,0.1262882079869342,0.1775283136419127,4,1,840,0,0,0,0.0,0.20447393987220347,nan,0.2614354601771315
2.5,full,shared,0.28434880955452096,0.005238697617129235,0,0,yield,0,0.1274644356834682,0.17779725135018426,4,1,840,0,0,0,0.0,0.20473244296538415,nan,0.2614300337399932
2.5500000000000003,full,shared,0.2851391126858657,0.004668744261786387,0,0,yield,0,0.12856322075472232,0.17803367043330431,4,1,840,0,0,0,0.0,0.20491831411670916,nan,0.26142566337011097
2.6,full,shared,0.28583077722828687,0.0041685992571245545,0,0,yield,0,0.12933889845115604,0.17824131841269497,4,1,840,0,0,0,0.0,0.205022263899033,nan,0.2614222371286187
2.6500000000000004,full,shared,0.28643610950795767,0.0037298046597961914,0,0,yield,0,0.12916158649215043,0.17842354285606765,4,1,840,0,0,0,0.0,0.20510920103599517,nan,0.26141964532280804
2.7,full,shared,0.28696588488901836,0.003344936612279497,0,0,yield,0,0.12897193130508688,0.17858332659929918,4,1,840,0,0,0,0.0,0.20518144110151443,nan,0.261417783357634
2.75,full,shared,0.2874295368701701,0.003007477654190357,0,0,yield,0,0.1287741875176301,0.1787233218665753,4,1,840,0,0,0,0.0,0.2052410201146484,nan,0.26141655351582804
2.8000000000000003,full,shared,0.28783532318672217,0.002711704423385867,0,0,yield,0,0.12857189411149317,0.17884588266375992,4,1,840,0,0,0,0.0,0.2052897225462105,nan,0.26141586595013233
2.85,full,shared,0.2881904716154119,0.0024525889024902526,0,0,yield,0,0.1283679699767456,0.1789530950763981,4,1,840,0,0,0,0.0,0.20532910792754872,nan,0.2614156391089356
2.9000000000000004,full,shared,0.28850130790183615,0.0022257116123602792,0,0,yield,0,0.1281647988575031,0.17904680530175068,4,1,840,0,0,0,0.0,0.20536053566743034,nan,0.26141579976634655
2.95,full,shared,0.2887733679482054,0.002027185372328297,0,0,yield,0,0.12796430456563007,0.1791286453462812,4,1,840,0,0,0,0.0,0.205385187907939,nan,0.2614162827781098
3.0,full,shared,0.2890114961581703,0.0018535884697767613,0,1,yield,0,0.12776801731819765,0.17920005641954237,4,1,840,0,0,0,0.0,0.205404090349368,nan,0.2614170306612916
3.0500000000000003,full,shared,0.2892199316226756,0.22552652089672587,0,1,free,0,0.12757713203528975,0.17926231011926397,4,1,840,0,0,0,0.0,0.1951281257386838,nan,0.2694489208625076
3.1,full,shared,0.2532824078695906,0.19735520312697424,0,1,free,0,0.11274209206403711,0.16769742918703467,4,1,840,0,0,0,0.0,0.18612419909631012,nan,0.2760253172919783
3.1500000000000004,full,shared,0.2218032352536089,0.17272254622137345,0,1,free,0,0.10172742414129847,0.15974741744126955,4,1,840,0,0,0,0.0,0.18052414292044522,nan,0.27874795086078386
3.2,full,shared,0.19426984560665767,0.15116264773830415,0,1,free,0,0.09404159397086258,0.15478855695444418,5,1,840,0,0,0,0.0,0.176259843622152,nan,0.2705226746176038
3.25,full,shared,0.1702036425202788,0.13228754026899028,0,1,free,0,0.08910729793077392,0.1520786858721624,6,1,840,0,0,0,0.0,0.1702109208931366,nan,0.2632990015062303
3.3000000000000003,full,shared,0.1491697345292835,0.11576371356985252,0,1,free,0,0.0863605283830851,0.15099729051941865,6,1,840,0,0,0,0.0,0.16593673620654334,nan,0.2569533546601276
3.35,full,shared,0.1307811303565746,0.10130040218911261,0,1,free,0,0.08529713945066396,0.15104820814904632,7,1,840,0,0,0,0.0,0.16167076768999628,nan,0.25137865465706877
3.4000000000000004,full,shared,0.11469806115657041,0.08864265542217087,0,1,free,0,0.08549025619743149,0.15185028589544358,7,1,840,0,0,0,0.0,0.15839998628740887,nan,0.24648144715113862
3.45,full,shared,0.10062444932013426,0.07756653470481589,0,1,free,0,0.08659169817623989,0.15312060708600989,7,1,840,0,0,0,0.0,0.15566554921724854,nan,0.24217984757680477
3.5,full,shared,0.08830319955945352,0.06787534489439727,0,1,free,0,0.08832539943745059,0.15465536262174492,7,1,840,0,0,0,0.0,0.15363598649970944,nan,0.23836587121873254
3.5500000000000003,full,shared,0.07751131479559108,0.05936911435421708,0,1,free,0,0.09047752852472689,0.15593294317584755,8,1,840,0,0,0,0.0,0.15226019180901598,nan,0.23495999275304158
3.6,full,shared,0.06805532446643939,0.05185730088419968,0,1,free,0,0.09288590657651695,0.15706358215381755,9,1,840,0,0,0,0.0,0.15128213209451424,nan,0.23197607048048596
3.6500000000000004,full,shared,0.059767211680962065,0.04530309811182657,0,1,free,0,0.09543003754083428,0.15825525808781893,9,1,840,0,0,0,0.0,0.15059776943972975,nan,0.22936407876684084
3.7,full,shared,0.05250087391266891,0.039584563259120784,0,1,free,0,0.09802232679114913,0.15944822940654862,9,1,840,0,0,0,0.0,0.15012839608138503,nan,0.2270792491605652
3.75,full,shared,0.04612908519938803,0.0345947643294986,0,1,free,0,0.10060066346810063,0.16060361700566905,9,1,840,0,0,0,0.0,0.14981501394801688,nan,0.22508170015834017
3.8000000000000003,full,shared,0.04054090337348208,0.030240170758170613,0,1,free,0,0.1031223364635006,0.16169742693894268,9,1,840,0,0,0,0.0,0.14961375628398907,nan,0.22333605188032302
3.85,full,shared,0.035639461074633276,0.026439134642035737,0,1,free,0,0.10555915720438257,0.16271610954644983,9,1,840,0,0,0,0.0,0.14949224771312747,nan,0.22181103268427427
3.9000000000000004,full,shared,0.0313400830554678,0.023120483135416217,0,1,free,0,0.10789362495093373,0.16361033354744103,9,1,840,0,0,0,0.0,0.1494267625296556,nan,0.22047908757119894
3.95,full,shared,0.02756867863339533,0.02022223462549966,0,1,free,0,0.11011596368835501,0.16436510094104267,9,1,840,0,0,0,0.0,0.14940003681748354,nan,0.21931599789121947
4.0,full,shared,0.024260365559241322,0.017690443349076566,0,2,free,0,0.11222186967955204,0.1650517328132758,9,1,840,0,0,0,0.0,0.14934222545148787,nan,0.21830052011463896
4.05,full,shared,0.021358288282061797,0.015478170698367313,0,2,free,0,0.11421082604748371,0.16567212885371513,9,1,840,0,0,0,0.0,0.149289201392603,nan,0.21741404904633266
4.1000000000000005,full,shared,0.01881259980997085,0.013544576919532533,0,2,free,0,0.11608486128782451,0.16622962501211946,9,1,840,0,0,0,0.0,0.14925218444096142,nan,0.21664030864231953
4.15,full,shared,0.01657958156712201,0.011854124151365664,0,2,free,0,0.11784764916422873,0.16672838641699572,9,1,840,0,0,0,0.0,0.14922644631653942,nan,0.2159650717160354
4.2,full,shared,0.014620880161159632,0.01037588039711634,0,2,free,0,0.11950386682300072,0.16717298718076046,9,1,840,0,0,0,0.0,0.14920861434889385,nan,0.2153759083782979
4.25,full,shared,0.01290284363991057,0.009082913647577703,0,2,free,0,0.12105874514740698,0.16756812443992974,9,1,840,0,0,0,0.0,0.1491962988915755,nan,0.2148619620740485
4.3,full,shared,0.011395942779094961,0.007951765669649332,0,2,free,0,0.12251775993097057,0.16791842834999077,9,1,840,0,0,0,0.0,0.14918781924106803,nan,0.21441375145358743
4.3500000000000005,full,shared,0.010074265484547994,0.006961995636836932,0,2,free,0,0.12388642475164056,0.1682283402894359,9,1,840,0,0,0,0.0,0.1491820029154926,nan,0.21402299593934637
4.4,full,shared,0.0089150742831155,0.006095784647798575,0,2,free,0,0.1251701561029957,0.1685020391875307,9,1,840,0,0,0,0.0,0.14917803933942053,nan,0.21368246273101354
4.45,full,shared,0.007898418523096942,0.0053375931290763155,0,2,free,0,0.1263741891221326,0.1687434014858078,9,1,840,0,0,0,0.0,0.1491746317878937,nan,0.2133857643713858
4.5,full,shared,0.007006794165137889,0.004673938201253482,0,2,free,0,0.12750352812918797,0.16895637765469734,9,1,840,0,0,0,0.0,0.14917077835279466,nan,0.21312735503396885
4.55,full,shared,0.006224845113567542,0.004093087281307248,0,2,free,0,0.12856292072499947,0.16914451019450222,9,1,840,0,0,0,0.0,0.14916643726642204,nan,0.2129024361255346
4.6000000000000005,full,shared,0.00553910087398974,0.003584709862632983,0,2,free,0,0.12955684748858376,0.16931057206621442,9,1,840,0,0,0,0.0,0.1491616385005898,nan,0.21270680291705768
4.65,full,shared,0.004937746048399546,0.003139766494437967,0,2,free,0,0.13048952176703849,0.16945706635092134,9,1,840,0,0,0,0.0,0.14915645347006018,nan,0.2125367718663086
4.7,full,shared,0.004410417762149809,0.0027503472034281265,0,2,free,0,0.1313648957471814,0.16958624173164272,9,1,840,0,0,0,0.0,0.14915097438693123,nan,0.21238911668750793
4.75,full,shared,0.003948027627682656,0.0024095301916438132,0,2,free,0,0.13218667030502035,0.16970011042480115,9,1,840,0,0,0,0.0,0.14914530052644645,nan,0.21226101214944293
4.800000000000001,full,shared,0.003542605272756657,0.0021112582607682863,0,2,free,0,0.13246848310069514,0.16980046719056552,9,1,840,0,0,0,0.0,0.14913952942171227,nan,0.21214998469042456
4.8500000000000005,full,shared,0.003187160828220303,0.0018502307195723531,0,2,free,0,0.13245770317505645,0.1698889084923153,9,1,840,0,0,0,0.0,0.14913375151383496,nan,0.2120538690364383
4.9,full,shared,0.00287556409889432,0.0016218088338988371,0,2,free,0,0.1324470667168176,0.16996685116790022,9,1,840,0,0,0,0.0,0.14912804719543546,nan,0.21197077011063403
4.95,full,shared,0.0026024384186863025,0.0014219331163946155,0,2,free,0,0.13243663654685478,0.17003555021794847,9,1,840,0,0,0,0.0,0.14912248547860021,nan,0.21189902960314633
5.0,full,shared,0.002363067440643558,0.0012470509602267288,0,2,free,0,0.1324264628429887,0.17009611548120074,9,1,840,0,0,0,0.0,0.1491171237311917,nan,0.2118371966378355
5.050000000000001,full,shared,0.002153313314695886,0.0010940533231260214,0,2,free,0,0.13241658461822575,0.1701495270647389,9,1,840,0,0,0,0.0,0.14911200810089542,nan,0.21178400203821768
5.1000000000000005,full,shared,0.001969544937786597,0.0009602193197761696,1,2,free,0,0.13240703118186775,0.17019664948449198,9,1,840,0,0,0,0.0,0.14910717433303777,nan,0.2117383357636019
5.15,full,shared,0.22557508771343515,0.0008431677338454245,1,2,free,0,0.13239782351139384,0.17023824452779945,9,1,840,0,0,0,0.0,0.1684367201686537,nan,0.21169922712288425
5.2,full,shared,0.19739637902188434,0.0007408145721061948,1,2,free,0,0.14142597157666903,0.17027498287975223,5,1,840,0,0,0,0.0,0.18707359127180276,nan,0.21166582743394524
5.25,full,shared,0.1727570417654117,0.0006513359041407967,1,2,free,0,0.14498890748629711,0.1703074545833584,5,1,840,0,0,0,0.0,0.20446877005194994,nan,0.2116373948249125
5.300000000000001,full,shared,0.15119144997267098,0.0005731353224732079,1,2,free,0,0.14827986004689758,0.17033617840545684,5,1,840,0,0,0,0.0,0.22032469241821143,nan,0.2116132809155148
5.3500000000000005,full,shared,0.1323116262088803,0.0005048154326069047,1,2,free,0,0.15143292696987504,0.17036161020075535,4,1,840,0,0,0,0.0,0.23458790522358128,nan,0.21159291915326095
5.4,full,shared,0.11578395160244889,0.00044515287246228713,1,2,free,0,0.1544739009317529,0.1703841503578748,4,1,840,0,0,0,0.0,0.24731669209030577,nan,0.21157581458941188
5.45,full,shared,0.10131752475068495,0.00039307640860903665,1,2,free,0,0.15738700004434147,0.17040415040561924,4,1,840,0,0,0,0.0,0.25,nan,0.21156153493334984
5.5,full,shared,0.08865726203700187,0.00034764771886981673,1,2,free,0,0.16014559313560411,0.17042191887817415,4,1,840,0,0,0,0.0,0.25,nan,0.21154970271085694
5.550000000000001,full,shared,0.07757910745030618,0.00030804452972861627,1,2,free,0,0.1620269666373324,0.1704377264940014,4,1,840,0,0,0,0.0,0.25,nan,0.21153998840195942
5.6000000000000005,full,shared,0.0678862675706452,0.00027354580985364664,1,2,free,0,0.16170403879057454,0.1704518107363553,4,1,840,0,0,0,0.0,0.25,nan,0.21153210443365056
5.65,full,shared,0.059316446545685915,0.000243518773898386,1,2,free,0,0.16138355380897962,0.17046437989358126,4,1,840,0,0,0,0.0,0.25,nan,0.2115257999192609
5.7,full,shared,0.051810172951827084,0.00021740748253653552,1,2,free,0,0.16106583902616106,0.17047561662074207,4,1,840,0,0,0,0.0,0.25,nan,0.2115208560554297
5.75,full,shared,0.04526110369786285,0.0001947228662439561,1,2,free,0,0.1607511894471016,0.17048568107451645,4,1,840,0,0,0,0.0,0.25,nan,0.21151708209123876
5.800000000000001,full,shared,0.03954728873654751,0.0001750340257978595,1,2,free,0,0.16043987054028125,0.17049471367229085,2,1,840,0,0,0,0.0,0.25,nan,0.2115143118019408
5.8500000000000005,full,shared,0.034561795633945576,0.0001579606955472411,1,2,free,0,0.16013212071519745,0.17050283751718426,2,1,840,0,0,0,0.0,0.25,nan,0.21151240040432306
5.9,full,shared,0.03021110099815813,0.00014316676743981926,1,2,free,0,0.15982815352705565,0.17051016053034507,2,1,840,0,0,0,0.0,0.25,nan,0.2115112218572458
5.95,full,shared,0.02641357110808444,0.0001303547850876941,1,2,free,0,0.1595281596470407,0.17051677732404957,2,1,840,0,0,0,0.0,0.25,nan,0.21151066649681727
6.0,full,shared,0.023098052989871172,0.00011926132099406164,1,2,free,0,0.1592323086247145,0.17052277084348927,2,1,840,0,0,0,0.0,0.25,nan,0.21151063897072941
6.050000000000001,full,shared,0.020202589027667594,0.00010965313300369514,1,2,free,0,0.15894075047696637,0.17052821380895966,2,1,840,0,0,0,0.0,0.25,nan,0.21151105643283563
6.1000000000000005,full,shared,0.017673260036638914,0.0001013239837289302,2,2,free,0,0.1586536171267089,0.17053316998439877,2,1,840,0,0,0,0.0,0.25,nan,0.21151184695792746
6.15,full,shared,0.015463155223250414,9.409200066899156e-05,2,2,free,0,0.15837102370121026,0.1705376952824505,2,1,840,0,0,0,0.0,0.25,nan,0.21151294816127353
6.2,full,shared,0.013531462790022434,8.77974330324171e-05,2,2,free,0,0.15809306972400133,0.17054183874127,2,1,840,0,0,0,0.0,0.25,nan,0.21151430598821086
6.25,full,shared,0.011842672134580793,8.230069011951676e-05,2,2,free,0,0.15781984020007356,0.17054564337549327,2,1,840,0,0,0,0.0,0.25,nan,0.21151587365580837
6.300000000000001,full,shared,0.010365877233793817,7.748054507695364e-05,2,2,free,0,0.1575514066172976,0.170549146924743,2,1,840,0,0,0,0.0,0.25,nan,0.2115176107289417
6.3500000000000005,full,shared,0.00907417037858854,7.323243517018895e-05,2,2,free,0,0.15728782786922746,0.17055238250849242,3,1,840,0,0,0,0.0,0.25,nan,0.21151948231004247
6.4,full,shared,0.007944115734898076,6.946681055416413e-05,2,2,free,0,0.1570291511108396,0.17055537919992503,3,1,840,0,0,0,0.0,0.25,nan,0.21152145833228742
6.45,full,shared,0.006955292882688838,6.610752121208901e-05,2,2,free,0,0.1567754125547861,0.17055816252819417,3,1,840,0,0,0,0.0,0.25,nan,0.2115235129421974
6.5,full,shared,0.006089901328062437,6.309024715192468e-05,2,2,free,0,0.15652663821592955,0.1705607549206426,3,1,840,0,0,0,0.0,0.25,nan,0.2115256239581379
6.550000000000001,full,shared,0.005332417964140144,6.036099760381593e-05,2,2,free,0,0.1562828446065937,0.17056317608740595,3,1,840,0,0,0,0.0,0.25,nan,0.2115277723978496
6.6000000000000005,full,shared,0.004669382663772122,5.787469984494615e-05,2,2,free,0,0.15604403939093453,0.17056544335893536,3,1,840,0,0,0,0.0,0.25,nan,0.21152994206608222
6.65,full,shared,0.00408907353068481,5.559390011612583e-05,2,2,free,0,0.1558102220009835,0.17056757198296302,3,1,840,0,0,0,0.0,0.25,nan,0.21153211919305448
6.7,full,shared,0.0035811698662542805,5.3487591532452894e-05,2,2,free,0,0.15558138421801748,0.1705695753833394,3,1,840,0,0,0,0.0,0.25,nan,0.21153429211907027
6.75,full,shared,0.0031366407930886312,5.1530177075266955e-05,2,2,free,0,0.15535751072108128,0.17057146538636409,3,1,840,0,0,0,0.0,0.25,nan,0.21153645101931529
6.800000000000001,full,shared,0.0027475838289349763,4.970056450813103e-05,2,2,free,0,0.15513857960761673,0.17057325241972232,3,1,840,0,0,0,0.0,0.25,nan,0.21153858766211397
6.8500000000000005,full,shared,0.0024070837213426032,4.798139041449429e-05,2,2,free,0,0.1549245628862676,0.17057494568624454,3,1,840,0,0,0,0.0,0.25,nan,0.21154069519986896
6.9,full,shared,0.0021090889849862573,4.635836101536214e-05,2,2,free,0,0.15471542694531976,0.17057655331715482,3,1,840,0,0,0,0.0,0.25,nan,0.21154276798376592
6.95,full,shared,0.0018483039193515616,4.481970059806433e-05,2,2,free,0,0.15451113299487562,0.17057808250336143,3,1,840,0,0,0,0.0,0.25,nan,0.21154480140476573
7.0,full,shared,0.0016200941462138697,4.335569016036765e-05,2,2,free,0,0.15431163749041982,0.1705795396142203,3,1,840,0,0,0,0.0,0.25,nan,0.21154679175182112
7.050000000000001,full,shared,0.0014204039803980685,4.195828909747564e-05,2,2,free,0,0.15411689253133282,0.17058093029728116,3,1,840,0,0,0,0.0,0.25,nan,0.21154873609111868
7.1000000000000005,full,shared,0.0012456841332904084,4.062082163890346e-05,2,2,free,0,0.15392684624281516,0.17058225957003342,3,1,840,0,0,0,0.0,0.25,nan,0.21155063215796954
7.15,full,shared,0.0010928284583651645,3.933772336293383e-05,2,2,free,0,0.15374144313520932,0.17058353189608672,3,1,840,0,0,0,0.0,0.25,nan,0.21155247826398826
7.2,full,shared,0.0009591186001449444,3.810433270601764e-05,2,2,free,0,0.15356062444753504,0.17058475125439576,3,1,840,0,0,0,0.0,0.25,nan,0.21155427321626863
7.25,full,shared,0.0008421755489783157,3.691672249153653e-05,2,2,free,0,0.15338432847220052,0.1705859211993046,3,1,840,0,0,0,0.0,0.25,nan,0.21155601624568898
7.300000000000001,full,shared,0.0007399172383930105,3.5771563533236765e-05,2,2,free,0,0.153212490862565,0.17058704491234566,3,1,840,0,0,0,0.0,0.25,nan,0.21155770694578402
7.3500000000000005,full,shared,0.0006505214226782275,3.466601448881554e-05,2,2,free,0,0.15304504492421123,0.17058812524808242,3,1,840,0,0,0,0.0,0.25,nan,0.21155934521772857
7.4,full,shared,0.000572393166150686,3.3597631723102144e-05,2,2,free,0,0.15288192189092736,0.17058916477425506,3,1,840,0,0,0,0.0,0.25,nan,0.21153463287130203
7.45,full,shared,0.000504136365355452,3.256429783721184e-05,2,2,free,0,0.15272305118504648,0.1705901658067937,3,1,840,0,0,0,0.0,0.25,nan,0.21151143086601676
7.5,full,shared,0.00044452879093027713,3.156416256648281e-05,2,2,free,0,0.15256836066340002,0.17059113044075286,3,1,840,0,0,0,0.0,0.25,nan,0.21149163201576304
7.550000000000001,full,shared,0.0003925002049824846,3.0595596577052e-05,2,2,free,0,0.152417776848283,0.17059206057623372,3,1,840,0,0,0,0.0,0.25,nan,0.21147479617692355
7.6000000000000005,full,shared,0.0003471131647013715,2.9657152224142655e-05,2,2,free,0,0.15227122514620267,0.17059295794267554,3,1,840,0,0,0,0.0,0.25,nan,0.21146053848685364
7.65,full,shared,0.0003075461777406584,2.8747533662087053e-05,2,2,free,0,0.15212863005162675,0.1705938241181717,3,1,840,0,0,0,0.0,0.25,nan,0.21144852246974366
7.7,full,shared,0.00027307890722456755,2.7865570664186565e-05,2,2,free,0,0.15198991534012418,0.1705946605486091,3,1,840,0,0,0,0.0,0.25,nan,0.2114384539989852
7.75,full,shared,0.00024307919118702164,2.70101988769139e-05,2,2,free,0,0.15185500424757326,0.17059546856253133,3,1,840,0,0,0,0.0,0.25,nan,0.21143007601013653
7.800000000000001,full,shared,0.00021699165145821347,2.6180442787811767e-05,2,2,free,0,0.1517238196386359,0.1705962493849607,3,1,840,0,0,0,0.0,0.25,nan,0.2114231638734988
7.8500000000000005,full,shared,0.00019432772571126037,2.537540227733237e-05,2,2,free,0,0.15159628416349585,0.170597004149312,3,1,840,0,0,0,0.0,0.25,nan,0.21141752133929048
7.9,full,shared,0.0001746569755216156,2.4594241595878705e-05,2,2,free,0,0.1514723204037282,0.17059773390742722,3,1,840,0,0,0,0.0,0.25,nan,0.21141297699325767
7.95,full,shared,0.00015759955047100506,2.38361797625474e-05,2,2,free,0,0.15135185100852377,0.1705984396394979,3,1,840,0,0,0,0.0,0.25,nan,0.21140938114957575
8.0,full,shared,0.00014281971666891782,2.310048332131555e-05,2,2,free,0,0.15123479882026075,0.17059912226141416,3,1,840,0,0,0,0.0,0.25,nan,0.2114066031337435
8.05,full,shared,0.00013002035022639458,2.238646025123363e-05,2,2,free,0,0.15112108699046345,0.17059978263162578,3,1,840,0,0,0,0.0,0.25,nan,0.21140452890276185
8.1,full,shared,0.00011893831422389108,2.1693454440943986e-05,2,2,free,0,0.15101063908751622,0.17060042155745897,3,1,840,0,0,0,0.0,0.25,nan,0.21140305896410905
8.15,full,shared,0.0001093406125904335,2.102084154208575e-05,2,2,free,0,0.1509033791952089,0.17060103980041624,3,1,840,0,0,0,0.0,0.25,nan,0.2114021065532229
8.200000000000001,full,shared,0.00010102121362923498,2.0368025405161284e-05,2,2,free,0,0.15079923200304146,0.17060163808069984,3,1,840,0,0,0,0.0,0.25,nan,0.21140159603874242
8.25,full,shared,9.379840682610067e-05,1.9734434880203013e-05,2,2,free,0,0.15069812288916884,0.17060221708156392,3,1,840,0,0,0,0.0,0.25,nan,0.21140146152702066
8.3,full,shared,8.751256576622084e-05,1.9119521632843278e-05,2,2,free,0,0.15059997799496755,0.17060277745215785,3,1,840,0,0,0,0.0,0.25,nan,0.21140164564087682
8.35,full,shared,8.202418964339729e-05,1.852275762688797e-05,2,2,free,0,0.1505047242938915,0.1706033198112909,3,1,840,0,0,0,0.0,0.25,nan,0.21140209845066005
8.4,full,shared,7.721211312905776e-05,1.7943633567384406e-05,2,2,free,0,0.1504122896526221,0.17060384474998697,3,1,840,0,0,0,0.0,0.25,nan,0.2114027765397576
8.450000000000001,full,shared,7.297181270772753e-05,1.7381657255023717e-05,2,2,free,0,0.15032260288640364,0.17060435283362174,3,1,840,0,0,0,0.0,0.25,nan,0.211403642186217
8.5,full,shared,6.921376098404923e-05,1.683635224129106e-05,2,2,free,0,0.1502355938083903,0.17060484460431702,3,1,840,0,0,0,0.0,0.25,nan,0.21140466264617352
8.55,full,shared,6.586181935730195e-05,1.6307256797799423e-05,2,2,free,0,0.15015119327329346,0.1706053205825827,3,1,840,0,0,0,0.0,0.25,nan,0.21140580952747634
8.6,full,shared,6.285167370598074e-05,1.5793922903313026e-05,2,2,free,0,0.15006933321582305,0.17060578126880876,3,1,840,0,0,0,0.0,0.25,nan,0.21140705824159578
8.65,full,shared,6.012933448985075e-05,1.5295915425623385e-05,2,2,free,0,0.14998994668422344,0.1706062271450694,4,1,840,0,0,0,0.0,0.25,nan,0.21140838752455016
8.700000000000001,full,shared,5.76497299479493e-05,1.4812811447622494e-05,2,2,free,0,0.14991296786900232,0.1706066586757874,4,1,840,0,0,0,0.0,0.25,nan,0.21140977901553681
8.75,full,shared,5.5375407582106524e-05,1.434419941013938e-05,2,2,free,0,0.14983833212784425,0.17060707630957012,4,1,840,0,0,0,0.0,0.25,nan,0.21141121689089626
8.8,full,shared,5.3275362646533836e-05,1.3889678826342965e-05,2,2,free,0,0.14976597600569252,0.17060748047957436,4,1,840,0,0,0,0.0,0.25,nan,0.21141268754196918
8.85,full,shared,5.1324002206431224e-05,1.3448859702589273e-05,2,2,free,0,0.1496958372515011,0.17060787160467022,4,1,840,0,0,0,0.0,0.25,nan,0.21141417929442208
8.9,full,shared,4.950023945933366e-05,1.3021362201359704e-05,2,2,free,0,0.149627854831346,0.1706082500898864,4,1,840,0,0,0,0.0,0.25,nan,0.21141568216148932
8.950000000000001,full,shared,4.778671697949216e-05,1.2606815974835239e-05,2,2,free,0,0.14956196893861595,0.1706086163276357,4,1,840,0,0,0,0.0,0.25,nan,0.21141718762888007
9.0,full,shared,4.616914912559678e-05,1.2204860146653041e-05,2,2,free,0,0.1494981210004812,0.17060897069789877,4,1,840,0,0,0,0.0,0.25,nan,0.21141868846609435
9.05,full,shared,4.463576752513058e-05,1.1815142842625538e-05,2,2,free,0,0.1494362536820063,0.17060931356891984,4,1,840,0,0,0,0.0,0.25,nan,0.2114201785616664
9.1,full,shared,4.3176862200530963e-05,1.1437320931631553e-05,2,2,free,0,0.14937631088762782,0.17060964529779415,4,1,840,0,0,0,0.0,0.25,nan,0.2114216527786078
9.15,full,shared,4.178440040764177e-05,1.1071059894197476e-05,2,2,free,0,0.14931823775999287,0.1706099662306016,4,1,840,0,0,0,0.0,0.25,nan,0.2114231068283482
9.200000000000001,full,shared,4.045171515344707e-05,1.0716033379942616e-05,2,2,free,0,0.14926198067701968,0.17061027670331197,4,1,840,0,0,0,0.0,0.25,nan,0.21142453715994047
9.25,full,shared,3.917324989255549e-05,1.0371923221060135e-05,2,2,free,0,0.1492074872463705,0.17061057704170668,4,1,840,0,0,0,0.0,0.25,nan,0.21142594086285438
9.3,full,shared,3.794435098071197e-05,1.0038418994881569e-05,2,2,free,0,0.14915470629859978,0.17061086756210642,4,1,840,0,0,0,0.0,0.25,nan,0.21142731558331673
9.35,full,shared,3.676109860879209e-05,9.715218121883182e-06,2,2,free,0,0.14910358787817568,0.17061114857127202,4,1,840,0,0,0,0.0,0.25,nan,0.21142865944976885
9.4,full,shared,3.5620170420960406e-05,9.402025488271627e-06,2,2,free,0,0.14905408323330932,0.1706114203671109,4,1,840,0,0,0,0.0,0.25,nan,0.21142997100753413
9.450000000000001,full,shared,3.451873126097331e-05,9.098553311436518e-06,2,2,free,0,0.14900614480427843,0.17061168323877407,4,1,840,0,0,0,0.0,0.25,nan,0.21143124916299627
9.5,full,shared,3.3454343716489293e-05,8.804521013315815e-06,2,2,free,0,0.1489597262103659,0.17061193746692438,4,1,840,0,0,0,0.0,0.25,nan,0.21143249313350576
9.55,full,shared,3.242489526342221e-05,8.519655080380497e-06,2,2,free,0,0.14891478223583293,0.1706121833240382,4,1,840,0,0,0,0.0,0.25,nan,0.21143370240398884
9.600000000000001,full,shared,3.142854123775694e-05,8.24368895814025e-06,2,2,free,0,0.1488712688147671,0.17061242107450786,4,1,840,0,0,0,0.0,0.25,nan,0.21143487668915972
9.65,full,shared,3.0463656504197877e-05,7.976362807404844e-06,2,2,free,0,0.14882914301520256,0.17061179737122953,4,1,840,0,0,0,0.0,0.25,nan,0.2114360159004186
9.700000000000001,full,shared,2.952879771523242e-05,7.717423431647868e-06,2,2,free,0,0.14878836302226672,0.17060943176111165,4,1,840,0,0,0,0.0,0.25,nan,0.21143712011642302
9.75,full,shared,2.8622672367466606e-05,7.466624161225065e-06,2,2,free,0,0.14874888812073944,0.17060714293979615,4,1,840,0,0,0,0.0,0.25,nan,0.2114381895584364
9.8,full,shared,2.7744114022400534e-05,7.223724716602729e-06,2,2,free,0,0.14871067867694854,0.1706049285118504,4,1,840,0,0,0,0.0,0.25,nan,0.21143922456770514
9.850000000000001,full,shared,2.6892061295027372e-05,6.988491016892088e-06,2,2,free,0,0.14867369612029324,0.17060278614996227,4,1,840,0,0,0,0.0,0.25,nan,0.21144022558648146
9.9,full,shared,2.6065541686744026e-05,6.760695137706781e-06,2,2,free,0,0.14863790292411283,0.17060071359339177,4,1,840,0,0,0,0.0,0.25,nan,0.21144119314090604
9.950000000000001,full,shared,2.5263657618335623e-05,6.540115133151663e-06,2,2,free,0,0.148603262586412,0.1705987086465624,4,1,840,0,0,0,0.0,0.25,nan,0.21144212782669725
10.0,full,shared,2.4485575496260778e-05,6.326534969256381e-06,2,2,free,0,0.1485697396100994,0.17059676917753142,4,1,840,0,0,0,0.0,0.25,nan,0.21144303029614264
10.05,full,shared,2.3730516804626893e-05,6.119744359783826e-06,2,2,free,0,0.14853729948316813,0.170594893116569,4,1,840,0,0,0,0.0,0.25,nan,0.2114439012467889
10.100000000000001,full,shared,2.2997750287317955e-05,5.919538641358447e-06,2,2,free,0,0.1485059086586073,0.17059307845469518,4,1,840,0,0,0,0.0,0.25,nan,0.21144474141239267
10.15,full,shared,2.2286585609498898e-05,5.725718712380523e-06,2,2,free,0,0.1484755345341725,0.17059132324217507,4,1,840,0,0,0,0.0,0.25,nan,0.2114455515540482
10.200000000000001,full,shared,2.1596368363991922e-05,5.538090895203512e-06,2,2,free,0,0.1484461454321594,0.17058962558707774,4,1,840,0,0,0,0.0,0.25,nan,0.21144633245289313
10.25,full,shared,2.0926476145067966e-05,5.3564667520373135e-06,2,2,free,0,0.14841771057921221,0.1705879836539521,4,1,840,0,0,0,0.0,0.25,nan,0.21144708490440067
10.3,full,shared,2.0276314054879233e-05,5.180663037662962e-06,2,2,free,0,0.14839020008595083,0.17058639566229633,4,1,840,0,0,0,0.0,0.25,nan,0.211447809712202
10.350000000000001,full,shared,1.9645312715352022e-05,5.010501607935744e-06,2,2,free,0,0.14836358492682294,0.17058485988517527,4,1,840,0,0,0,0.0,0.25,nan,0.211448507684047
10.4,full,shared,1.903292489631146e-05,4.8458092795376945e-06,2,2,free,0,0.1483378369199822,0.1705833746478402,4,1,840,0,0,0,0.0,0.25,nan,0.21144917962768994
10.450000000000001,full,shared,1.8438624127952657e-05,4.686417698021098e-06,2,2,free,0,0.14831292870732454,0.1705819383263937,4,1,840,0,0,0,0.0,0.25,nan,0.21144982634722964
10.5,full,shared,1.7861902282424052e-05,4.53216321338962e-06,2,2,free,0,0.14828883373470186,0.17058054934646988,4,1,840,0,0,0,0.0,0.25,nan,0.21145044864041396
10.55,full,shared,1.7302268438551137e-05,4.382886861024613e-06,2,2,free,0,0.14826552623216616,0.1705792061818086,4,1,840,0,0,0,0.0,0.25,nan,0.21145104729615183
10.600000000000001,full,shared,1.6759247302048848e-05,4.2384341766779425e-06,2,2,free,0,0.14824298119461082,0.17057790735304088,4,1,840,0,0,0,0.0,0.25,nan,0.21145162309241006
10.65,full,shared,1.6232378399890357e-05,4.098655100608577e-06,2,2,free,0,0.1482211743625068,0.1705766514263971,4,1,840,0,0,0,0.0,0.25,nan,0.21145217679451356
10.700000000000001,full,shared,1.5721214868610593e-05,3.963403903877172e-06,2,2,free,0,0.1482000822029117,0.17057543701242944,4,1,840,0,0,0,0.0,0.25,nan,0.2114527091538122
10.75,full,shared,1.5225322619289818e-05,3.832539073697052e-06,2,2,free,0,0.14817968189073982,0.1705742627647766,5,1,840,0,0,0,0.0,0.25,nan,0.21145322090632257
10.8,full,shared,1.4744279761229783e-05,3.705923201650484e-06,2,2,free,0,0.14815995129033194,0.17057312737898545,5,1,840,0,0,0,0.0,0.25,nan,0.21145371277192393
10.850000000000001,full,shared,1.4277675868401565e-05,3.583422863691986e-06,2,2,free,0,0.14814086893726597,0.17057202959133463,5,1,840,0,0,0,0.0,0.25,nan,0.21145418545363925
10.9,full,shared,1.3825111622468253e-05,3.4649085616695466e-06,2,2,free,0,0.14812241402046433,0.17057096817764408,5,1,840,0,0,0,0.0,0.25,nan,0.21145463963703104
10.950000000000001,full,shared,1.3386198012246943e-05,3.350254601741294e-06,2,2,free,0,0.1481045663646534,0.1705699419521657,5,1,840,0,0,0,0.0,0.25,nan,0.21145507598984092
11.0,full,shared,1.2960556025673495e-05,3.2393389873355522e-06,2,2,free,0,0.14808730641309026,0.17056894976648138,5,1,840,0,0,0,0.0,0.25,nan,0.2114554951616
11.05,full,shared,1.2547816446407799e-05,3.1320434114161243e-06,2,2,free,0,0.14807061521055614,0.17056799050833774,5,1,840,0,0,0,0.0,0.25,nan,0.2114558977835691
11.100000000000001,full,shared,1.2147619397692095e-05,3.0282530015590222e-06,2,2,free,0,0.14805447438687952,0.17056706310075273,5,1,840,0,0,0,0.0,0.25,nan,0.21145628446857534
11.15,full,shared,1.1759614071650109e-05,2.927856376641562e-06,2,2,free,0,0.14803886614053008,0.17056616650083276,5,1,840,0,0,0,0.0,0.25,nan,0.21145665581115958
11.200000000000001,full,shared,1.138345824738079e-05,2.8307454768173737e-06,2,2,free,0,0.1480237732227167,0.1705652996988452,5,1,840,0,0,0,0.0,0.25,nan,0.21145701238751358
11.25,full,shared,1.101881831465157e-05,2.736815524314009e-06,2,2,free,0,0.1480091789217281,0.17056446171717576,5,1,840,0,0,0,0.0,0.25,nan,0.21145735475571537
11.3,full,shared,1.0665368936629735e-05,2.6459648701357552e-06,2,2,free,0,0.14799506704771803,0.17056365160945586,5,1,840,0,0,0,0.0,0.25,nan,0.21145768345591043
11.350000000000001,full,shared,1.0322792842541625e-05,2.558094990886071e-06,2,2,free,0,0.147981421917684,0.17056286845952995,5,1,840,0,0,0,0.0,0.25,nan,0.21145799901060236
11.4,full,shared,9.990780613081874e-06,2.4731103385358094e-06,2,2,free,0,0.14796822834089185,0.17056211138061214,5,1,840,0,0,0,0.0,0.25,nan,0.2114583019248174
11.450000000000001,full,shared,9.669030602028963e-06,2.390918304786272e-06,2,2,free,0,0.14795547160458378,0.17056137951435965,5,1,840,0,0,0,0.0,0.25,nan,0.21145859268663003
11.5,full,shared,9.357248497461446e-06,2.3114290957342566e-06,2,2,free,0,0.14794313746006982,0.17056067203005243,5,1,840,0,0,0,0.0,0.25,nan,0.21145887176727818
11.55,full,shared,9.055147520654674e-06,2.2345556852009842e-06,2,2,free,0,0.14793121210908255,0.17055998812371254,5,1,840,0,0,0,0.0,0.25,nan,0.21145913962166107
11.600000000000001,full,shared,8.762447930939117e-06,2.160213747957156e-06,2,2,free,0,0.14791968219048424,0.17055932701727922,5,1,840,0,0,0,0.0,0.25,nan,0.21145939668861768
11.65,full,shared,8.478877174887097e-06,2.088321551580736e-06,2,2,free,0,0.14790853476735422,0.17055868795784604,5,1,840,0,0,0,0.0,0.25,nan,0.2114596433914261
11.700000000000001,full,shared,8.204169482366968e-06,2.0187998825088278e-06,2,2,free,0,0.14789775731434907,0.17055807021688787,5,1,840,0,0,0,0.0,0.25,nan,0.21145988013808836
11.75,full,shared,7.938065963095835e-06,1.9515720248453404e-06,2,2,free,0,0.147887337705344,0.17055747308944724,5,1,840,0,0,0,0.0,0.25,nan,0.21146010732188036
11.8,full,shared,7.68031423840669e-06,1.8865636289239728e-06,2,2,free,0,0.14787726420148994,0.17055689589347187,5,1,840,0,0,0,0.0,0.25,nan,0.21146032532164283
11.850000000000001,full,shared,7.4306684493453185e-06,1.8237026823740794e-06,2,2,free,0,0.1478675254395021,0.17055633796906014,5,1,840,0,0,0,0.0,0.25,nan,0.2114605345022308
11.9,full,shared,7.188889187412043e-06,1.7629194079685956e-06,2,2,free,0,0.14785811042030161,0.17055579867780318,5,1,840,0,0,0,0.0,0.25,nan,0.21146073521494146
11.950000000000001,full,shared,6.954743140226296e-06,1.7041462419732437e-06,2,2,free,0,0.1478490084978955,0.1705552774020627,5,1,840,0,0,0,0.0,0.25,nan,0.21146092779787307
12.0,full,shared,6.728003224042095e-06,1.6473177427461954e-06,2,2,free,0,0.147840209368634,0.1705547735443549,5,1,840,0,0,0,0.0,0.25,nan,0.21146111257643596
12.05,full,shared,6.508448285640319e-06,1.5923705279775147e-06,2,2,free,0,0.14783170306070698,0.17055428652671098,5,1,840,0,0,0,0.0,0.25,nan,0.21146128986362378
12.100000000000001,full,shared,6.295863087115955e-06,1.5392432208402257e-06,2,2,free,0,0.1478234799239474,0.17055381579005538,5,1,840,0,0,0,0.0,0.25,nan,0.21146145996052768
12.15,full,shared,6.090038094273581e-06,1.4878763835456944e-06,2,2,free,0,0.14781553061989616,0.17055336079361216,5,1,840,0,0,0,0.0,0.25,nan,0.21146162315668626
12.200000000000001,full,shared,5.8907694038664915e-06,1.4382124700085633e-06,2,2,free,0,0.14780784611217113,0.1705529210143188,5,1,840,0,0,0,0.0,0.25,nan,0.2114617797304389
12.25,full,shared,5.697858629949113e-06,1.390195755821145e-06,2,2,free,0,0.14780041765708374,0.17055249594627123,5,1,840,0,0,0,0.0,0.25,nan,0.21146192994938506
12.3,full,shared,5.511112787793346e-06,1.3437723100012471e-06,2,2,free,0,0.1477932367945135,0.17055208510015582,5,1,840,0,0,0,0.0,0.25,nan,0.21146207407060513
12.350000000000001,full,shared,5.330344239378353e-06,1.298889906688681e-06,2,2,free,0,0.14778629533908028,0.17055168800275,5,1,840,0,0,0,0.0,0.25,nan,0.21146221234124873
12.4,full,shared,5.155370412504083e-06,1.2554979903215451e-06,2,2,free,0,0.14777958537152852,0.17055130419639283,5,1,840,0,0,0,0.0,0.25,nan,0.2114623449986347
12.450000000000001,full,shared,4.98601388667615e-06,1.2135476364759848e-06,2,2,free,0,0.14777309923036946,0.17055093323847267,5,1,840,0,0,0,0.0,0.25,nan,0.2114624722708155
12.5,full,shared,4.822102083674146e-06,1.1729914763963816e-06,2,2,free,0,0.1477668295037886,0.17055057470097157,5,1,840,0,0,0,0.0,0.25,nan,0.21146259437681947
12.55,full,shared,4.663467309746746e-06,1.1337836689791482e-06,2,2,free,0,0.14776076902175794,0.1705502281699759,5,1,840,0,0,0,0.0,0.25,nan,0.21146271152695972
12.600000000000001,full,shared,4.509946590138394e-06,1.0958798487308293e-06,2,2,free,0,0.14775491084839332,0.17054989324522696,5,1,840,0,0,0,0.0,0.25,nan,0.2114628239231836
12.65,full,shared,4.361381598552361e-06,1.0592370862963855e-06,2,2,free,0,0.14774924827452884,0.17054956953967,5,1,840,0,0,0,0.0,0.25,nan,0.21146293175936026
12.700000000000001,full,shared,4.2176184888021514e-06,1.0238138210539203e-06,2,2,free,0,0.14774377481054957,0.17054925667905882,5,1,840,0,0,0,0.0,0.25,nan,0.21146303522159993
12.75,full,shared,4.078507805633894e-06,9.895698494810501e-07,2,2,free,0,0.1477384841793698,0.1705489543015044,5,1,840,0,0,0,0.0,0.25,nan,0.21146313448856324
12.8,full,shared,3.943904413399556e-06,9.564662621865616e-07,2,2,free,0,0.14773337030967787,0.1705486620570963,5,1,840,0,0,0,0.0,0.25,nan,0.21146322973171217
12.850000000000001,full,shared,3.8136674105672408e-06,9.244654106080507e-07,2,2,free,0,0.14772842732935804,0.17054837960750602,5,1,840,0,0,0,0.0,0.25,nan,0.21146332111556354
12.9,full,shared,3.6876599183298917e-06,8.935308728006402e-07,2,2,free,0,0.1477236495591106,0.17054810662560685,5,1,840,0,0,0,0.0,0.25,nan,0.21146340879805414
12.950000000000001,full,shared,3.565749063854952e-06,8.636274043710931e-07,2,2,free,0,0.1477190315062869,0.17054784279511756,5,1,840,0,0,0,0.0,0.25,nan,0.21146349293066746
13.0,full,shared,3.4478058963832083e-06,8.347209054655421e-07,2,2,free,0,0.14771456785888853,0.17054758781024879,5,1,840,0,0,0,0.0,0.25,nan,0.21146357365872548
13.05,full,shared,3.333705261096672e-06,8.067783934621989e-07,2,2,free,0,0.1477102534797486,0.17054734137534833,5,1,840,0,0,0,0.0,0.25,nan,0.21146365112168908
13.100000000000001,full,shared,3.2233256901153925e-06,7.797679518339984e-07,2,2,free,0,0.14770608340091274,0.1705471032045864,5,1,840,0,0,0,0.0,0.25,nan,0.2114637254533217
13.15,full,shared,3.116549339634733e-06,7.536587129503897e-07,2,2,free,0,0.14770205281817378,0.17054687302162005,5,1,840,0,0,0,0.0,0.25,nan,0.21146379678193805
13.200000000000001,full,shared,3.0132618595841324e-06,7.284208114876357e-07,2,2,free,0,0.1476981570857862,0.1705466505592933,5,1,840,0,0,0,0.0,0.25,nan,0.21146386523057192
13.25,full,shared,2.9133523476652478e-06,7.040253606176095e-07,2,2,free,0,0.1476943917113333,0.17054643555932916,5,1,840,0,0,0,0.0,0.25,nan,0.21146393091728244
13.3,full,shared,2.8167132113757945e-06,6.804444173259364e-07,2,2,free,0,0.14769075235076412,0.17054622777204154,5,1,840,0,0,0,0.0,0.25,nan,0.21146399395526883
13.350000000000001,full,shared,2.7232401061742085e-06,6.576509586523902e-07,2,2,free,0,0.1476872348035746,0.17054602695604812,5,1,840,0,0,0,0.0,0.25,nan,0.21146405445307292
13.4,full,shared,2.632831855057049e-06,6.356188362225134e-07,2,2,free,0,0.1476838350081615,0.17054583287801137,5,1,840,0,0,0,0.0,0.25,nan,0.2114641125147959
13.450000000000001,full,shared,2.5453903464652974e-06,6.143227695742149e-07,2,2,free,0,0.14768054903728228,0.1705456453123538,5,1,840,0,0,0,0.0,0.25,nan,0.21146416824027015
13.5,full,shared,2.460820463243221e-06,5.937383064346588e-07,2,2,free,0,0.14767737309369544,0.1705454640410146,5,1,840,0,0,0,0.0,0.25,nan,0.2114642217252093
13.55,full,shared,2.379029990783038e-06,5.73841793245755e-07,2,2,free,0,0.14767430350592503,0.17054528885320377,5,1,840,0,0,0,0.0,0.25,nan,0.2114642730613917
13.600000000000001,full,shared,2.299929556924913e-06,5.54610355407687e-07,2,2,free,0,0.14767133672415111,0.1705451195451586,5,1,840,0,0,0,0.0,0.25,nan,0.21146432233681767
13.65,full,shared,2.223432513407064e-06,5.360218789175267e-07,2,2,free,0,0.1476684693162284,0.1705449559199014,5,1,840,0,0,0,0.0,0.25,nan,0.21146436963585857
13.700000000000001,full,shared,2.1494549028722114e-06,5.18054964971777e-07,2,2,free,0,0.1476656979638603,0.1705447977870397,5,1,840,0,0,0,0.0,0.25,nan,0.21146441503940727
13.75,full,shared,2.0779153599884264e-06,5.006889314150345e-07,2,2,free,0,0.14766301945885096,0.17054464496252303,5,1,840,0,0,0,0.0,0.25,nan,0.21146445862502083
13.8,full,shared,2.0087350477217755e-06,4.839037717322894e-07,2,2,free,0,0.14766043069951124,0.1705444972684495,5,1,840,0,0,0,0.0,0.25,nan,0.21146450046703646
13.850000000000001,full,shared,1.9418375791967613e-06,4.6768014008876243e-07,2,2,free,0,0.14765792868716598,0.1705443545328572,5,1,840,0,0,0,0.0,0.25,nan,0.21146454063673603
13.9,full,shared,1.8771489470943533e-06,4.519993290817678e-07,2,2,free,0,0.14765551052276865,0.170544216589528,5,1,840,0,0,0,0.0,0.25,nan,0.21146457920245265
13.950000000000001,full,shared,1.8145974623249134e-06,4.3684325355277395e-07,2,2,free,0,0.14765317340362816,0.17054408327779208,5,1,840,0,0,0,0.0,0.25,nan,0.21146461622969992
14.0,full,shared,1.7541136814332877e-06,4.221944195511542e-07,2,2,free,0,0.14765091462025054,0.17054395444235515,5,1,840,0,0,0,0.0,0.25,nan,0.2114646517812756
14.05,full,shared,1.6956303436467998e-06,4.080359167140291e-07,2,2,free,0,0.14764873155326358,0.17054382993310852,5,1,840,0,0,0,0.0,0.25,nan,0.21146468591739043
14.100000000000001,full,shared,1.6390822995727029e-06,3.9435139232271315e-07,2,2,free,0,0.14764662167045606,0.17054370960496423,5,1,840,0,0,0,0.0,0.25,nan,0.21146471869574868
14.15,full,shared,1.5844064543582318e-06,3.811250343120225e-07,2,2,free,0,0.14764458252390433,0.17054359331768668,5,1,840,0,0,0,0.0,0.25,nan,0.21146475017168143
14.200000000000001,full,shared,1.531541732834227e-06,3.683415547904299e-07,2,2,free,0,0.14764261174718968,0.17054348093572946,5,1,840,0,0,0,0.0,0.25,nan,0.21146478039822514
14.25,full,shared,1.4804289556329089e-06,3.559861753047226e-07,2,2,free,0,0.14764070705271648,0.1705433723280792,5,1,840,0,0,0,0.0,0.25,nan,0.21146480942622048
14.3,full,shared,1.4310108623540538e-06,3.440446021606159e-07,2,2,free,0,0.14763886622910788,0.17054326736811107,5,1,840,0,0,0,0.0,0.25,nan,0.21146483730441157
14.350000000000001,full,shared,1.38323198045525e-06,3.3250302147607264e-07,2,2,free,0,0.14763708713868268,0.17054316593343258,5,1,840,0,0,0,0.0,0.25,nan,0.21146486407951637
14.4,full,shared,1.3370386216782787e-06,3.21348071879177e-07,2,2,free,0,0.14763536771502983,0.17054306790575394,5,1,840,0,0,0,0.0,0.25,nan,0.2114648897963317
14.450000000000001,full,shared,1.2923788085108897e-06,3.1056684064154856e-07,2,2,free,0,0.14763370596064207,0.17054297317074119,5,1,840,0,0,0,0.0,0.25,nan,0.2114649144977906
14.5,full,shared,1.2492022394656062e-06,3.001468418467444e-07,2,2,free,0,0.14763209994463988,0.17054288161789027,5,1,840,0,0,0,0.0,0.25,nan,0.21146493822506296
14.55,full,shared,1.2074602016323173e-06,2.9007600324619925e-07,2,2,free,0,0.1476305478005675,0.1705427931403997,5,1,840,0,0,0,0.0,0.25,nan,0.21146496101761325
14.600000000000001,full,shared,1.1671055536352935e-06,2.803426548444935e-07,2,2,free,0,0.1476290477242549,0.17054270763504426,5,1,840,0,0,0,0.0,0.25,nan,0.21146498291326898
14.65,full,shared,1.1280926772418909e-06,2.7093551578594414e-07,2,2,free,0,0.14762759797175623,0.1705426250020563,5,1,840,0,0,0,0.0,0.25,nan,0.2114650039483018
14.700000000000001,full,shared,1.0903774089036526e-06,2.618436800446925e-07,2,2,free,0,0.1476261968573509,0.1705425451450112,5,1,840,0,0,0,0.0,0.25,nan,0.21146502415748747
14.75,full,shared,1.0539170172459726e-06,2.530566021593797e-07,2,2,free,0,0.14762484275161647,0.17054246797071818,5,1,840,0,0,0,0.0,0.25,nan,0.21146504357416085
14.8,full,shared,1.0186701503129478e-06,2.4456408994919436e-07,2,2,free,0,0.1476235340795553,0.17054239338910757,5,1,840,0,0,0,0.0,0.25,nan,0.21146506223028239
14.850000000000001,full,shared,9.845967977581265e-07,2.3635629163705777e-07,2,2,free,0,0.14762226931878725,0.1705423213131275,5,1,840,0,0,0,0.0,0.25,nan,0.21146508015649268
14.9,full,shared,9.516582296837068e-07,2.2842368007747722e-07,2,2,free,0,0.14762104699780854,0.17054225165864845,5,1,840,0,0,0,0.0,0.25,nan,0.21146509738217267
14.950000000000001,full,shared,9.198169821131595e-07,2.207570480807412e-07,2,2,free,0,0.14761986569429358,0.1705421843443592,5,1,840,0,0,0,0.0,0.25,nan,0.21146511393549383
15.0,full,shared,8.890368008678442e-07,2.133474943994364e-07,2,2,free,0,0.14761872403346432,0.1705421192916755,5,1,840,0,0,0,0.0,0.25,nan,0.21146512984347277
0.05,full+plan,shared,0.2271549292734434,0.22715492859616165,0,0,free,0,0.05676101943747254,0.16504642260436408,5,1,752,0,0,0,0.0,0.25,nan,0.22430129255519893
0.1,full+plan,shared,0.19873955424583492,0.19873955157529288,0,0,free,0,0.052290460093895,0.15666091829243378,5,1,752,0,0,0,0.0,0.2403994846513157,nan,0.23531351018541347
0.15000000000000002,full+plan,shared,0.1740541488414919,0.17405414164611963,0,0,free,0,0.05026879173058847,0.15180094649736606,6,1,752,0,0,0,0.0,0.20241709808180364,nan,0.24478697211171851
0.2,full+plan,shared,0.15255728129317686,0.15255726825037982,0,0,free,0,0.050359247381471225,0.14881609184422492,6,1,822,0,0,0,0.0,0.16918941487984637,nan,0.2529838424545635
0.25,full+plan,shared,0.13380337772298745,0.13380335849145883,0,0,free,0,0.0519756240500137,0.14772407463848283,10,1,822,0,0,0,0.0,0.15021814105578069,nan,0.2589013434870472
0.30000000000000004,full+plan,shared,0.12206364442002345,0.12206361171511791,0,0,free,0,0.06468946507700767,0.14958414339202683,10,0,822,0,0,0,0.0,0.15021814105578069,nan,0.2589013434870472
0.35000000000000003,full+plan,shared,0.12206364442002345,0.12206361171511791,0,0,free,0,0.06468946507700767,0.14958414339202683,10,0,825,0,0,0,0.0,0.15021814105578069,nan,0.2589013434870472
0.4,full+plan,shared,0.12206364442002345,0.12206361171511791,0,0,free,0,0.06468946507700767,0.14958414339202683,10,0,825,0,0,0,0.0,0.15021814105578069,nan,0.2589013434870472
0.45,full+plan,shared,0.12206364442002345,0.12206361171511791,0,0,free,0,0.06468946507700767,0.14958414339202683,10,0,825,0,0,0,0.0,0.15021814105578069,nan,0.2589013434870472
0.5,full+plan,shared,0.12206364442002345,0.12206361171511791,0,0,free,0,0.06468946507700767,0.14958414339202683,10,0,825,0,0,0,0.0,0.15021814105578069,nan,0.2589013434870472
0.55,full+plan,shared,0.12206364442002345,0.12206361171511791,0,0,free,0,0.06468946507700767,0.14958414339202683,10,0,825,0,0,0,0.0,0.15021814105578069,nan,0.2589013434870472
0.6000000000000001,full+plan,shared,0.12206364442002345,0.12206361171511791,0,0,free,0,0.06468946507700767,0.14958414339202683,10,0,825,0,0,0,0.0,0.15021814105578069,nan,0.2589013434870472
0.65,full+plan,shared,0.12206364442002345,0.12206361171511791,0,0,free,0,0.06468946507700767,0.14958414339202683,10,0,825,0,0,0,0.0,0.15021814105578069,nan,0.2589013434870472
0.7000000000000001,full+plan,shared,0.12206364442002345,0.12206361171511791,0,0,free,0,0.06468946507700767,0.14958414339202683,10,0,825,0,0,0,0.0,0.15021814105578069,nan,0.2589013434870472
0.75,full+plan,shared,0.12206364442002345,0.12206361171511791,0,0,free,0,0.06468946507700767,0.14958414339202683,10,0,825,0,0,0,0.0,0.15021814105578069,nan,0.2589013434870472
0.8,full+plan,shared,0.12206364442002345,0.12206361171511791,0,0,free,0,0.06468946507700767,0.14958414339202683,10,0,825,0,0,0,0.0,0.15021814105578069,nan,0.2589013434870472
0.8500000000000001,full+plan,shared,0.12206364442002345,0.12206361171511791,0,0,free,0,0.06468946507700767,0.14958414339202683,10,0,825,0,0,0,0.0,0.15021814105578069,nan,0.2589013434870472
0.9,full+plan,shared,0.12206364442002345,0.12206361171511791,0,0,free,0,0.06468946507700767,0.14958414339202683,10,0,825,0,0,0,0.0,0.15021814105578069,nan,0.2589013434870472
0.9500000000000001,full+plan,shared,0.12206364442002345,0.12206361171511791,0,0,free,0,0.06468946507700767,0.14958414339202683,10,0,825,0,0,0,0.0,0.15021814105578069,nan,0.2589013434870472
1.0,full+plan,shared,0.12206364442002345,0.12206361171511791,0,0,free,0,0.06468946507700767,0.14958414339202683,10,0,825,0,0,0,0.0,0.15021814105578069,nan,0.2589013434870472
1.05,full+plan,shared,0.12206364442002345,0.12206361171511791,0,0,free,0,0.06468946507700767,0.14958414339202683,10,0,825,0,0,0,0.0,0.15021814105578069,nan,0.2589013434870472
1.1,full+plan,shared,0.12206364442002345,0.12206361171511791,0,0,free,0,0.06468946507700767,0.14958414339202683,10,0,825,0,0,0,0.0,0.15021814105578069,nan,0.2589013434870472
1.1500000000000001,full+plan,shared,0.12206364442002345,0.12206361171511791,0,0,free,0,0.06468946507700767,0.14958414339202683,10,0,825,0,0,0,0.0,0.15021814105578069,nan,0.2589013434870472
1.2000000000000002,full+plan,shared,0.12206364442002345,0.12206361171511791,0,0,free,0,0.06468946507700767,0.14958414339202683,10,0,825,0,0,0,0.0,0.15021814105578069,nan,0.2589013434870472
1.25,full+plan,shared,0.12206364442002345,0.12206361171511791,0,0,yield,0,0.06468946507700767,0.14958414339202683,10,1,825,0,0,0,0.0,0.156180093239625,nan,0.25960594581177243
1.3,full+plan,shared,0.14112813931032814,0.10712053814865985,0,0,yield,0,0.06717276837376505,0.15026488782088465,10,1,825,0,0,0,0.0,0.162531518563216,nan,0.2601528164652155
1.35,full+plan,shared,0.15861894797981535,0.09403878655013145,0,0,yield,0,0.07023104631209053,0.15161754637212202,8,1,825,0,0,0,0.0,0.16894145715067305,nan,0.2605739889232018
1.4000000000000001,full+plan,shared,0.17435986020335603,0.08257931864320092,0,0,yield,0,0.07364078218622037,0.15337404442829128,8,1,827,0,0,0,0.0,0.17481843589455742,nan,0.2608929017161782
1.4500000000000002,full+plan,shared,0.1883897081930352,0.07253590772702286,0,0,yield,0,0.07721547854581491,0.1553432742127038,7,1,827,0,0,0,0.0,0.17775978579468396,nan,0.26112923713271263
1.5,full+plan,shared,0.20082640123708387,0.06373005775027314,0,0,yield,0,0.08085142215532669,0.15739232504239298,7,1,827,0,0,0,0.0,0.18065701532553455,nan,0.26129988658760717
1.55,full+plan,shared,0.2118136505434108,0.05600684409505254,0,0,yield,0,0.08447108639417426,0.15943126919233006,6,1,831,0,0,0,0.0,0.18341140701008785,nan,0.26141916076177607
1.6,full+plan,shared,0.2214985901973043,0.049231487350909514,0,0,yield,0,0.08801800666429725,0.1614013691093035,4,1,831,0,0,0,0.0,0.18605144011785768,nan,0.26149894653297634
1.6500000000000001,full+plan,shared,0.23002209981182034,0.043286509365112795,0,0,yield,0,0.0914526176371772,0.163266191933234,4,1,831,0,0,0,0.0,0.18853237074403387,nan,0.26154892887448955
1.7000000000000002,full+plan,shared,0.2375147589687812,0.03806935356032419,0,0,yield,0,0.09474857658247653,0.16500503684081483,4,1,835,0,0,0,0.0,0.19083092121080983,nan,0.26157686242517475
1.75,full+plan,shared,0.24409544091422752,0.03349037820143892,0,0,yield,0,0.09788966333630005,0.16660813338571345,4,1,835,0,0,0,0.0,0.19293821622403345,nan,0.2615888588016181
1.8,full+plan,shared,0.2498711847891677,0.029471152337891708,0,0,yield,0,0.10086725066312528,0.16807316521067453,4,1,835,0,0,0,0.0,0.19485484245562407,nan,0.2615896637088809
1.85,full+plan,shared,0.2549376897260507,0.02594299995344149,0,0,yield,0,0.10367829034055968,0.16940277187078087,4,1,838,0,0,0,0.0,0.19650633365839912,nan,0.26158290870588996
1.9000000000000001,full+plan,shared,0.2593800984912631,0.022845749788777722,0,0,yield,0,0.10632374111107439,0.17060276632622448,4,1,838,0,0,0,0.0,0.19795631746588357,nan,0.26157133082936934
1.9500000000000002,full+plan,shared,0.2632738964987865,0.020126657127170447,0,0,yield,0,0.10880736166571563,0.1716808732712209,4,1,838,0,0,0,0.0,0.19919997191913316,nan,0.2615569586891032
2.0,full+plan,shared,0.26668583310461424,0.01773947053666601,0,0,yield,0,0.11113479742563558,0.17264584512442924,4,1,839,0,0,0,0.0,0.20003671069955503,nan,0.26154126677184697
2.0500000000000003,full+plan,shared,0.2696748155169507,0.01564362164880491,0,0,yield,0,0.11331289899245499,0.1735068510152328,4,1,839,0,0,0,0.0,0.200787265689199,nan,0.26152530122526685
2.1,full+plan,shared,0.2722927496827415,0.013803519994851184,0,0,yield,0,0.11534922040728628,0.17427306250111677,4,1,839,0,0,0,0.0,0.20145822710378303,nan,0.2615097809936612
2.15,full+plan,shared,0.27458531619656884,0.0121879380432908,0,0,yield,0,0.11725165513547757,0.174953380491898,4,1,839,0,0,0,0.0,0.2020564292218794,nan,0.2614951781792997
2.2,full+plan,shared,0.27659267711465274,0.01076947398898264,0,0,yield,0,0.1190281763409287,0.1755324287540351,4,1,839,0,0,0,0.0,0.20258864751576497,nan,0.26148178123521426
2.25,full+plan,shared,0.2783501140963718,0.0095240818436557,0,0,yield,0,0.12068665536222427,0.17603650313843533,4,1,839,0,0,0,0.0,0.20306140268202796,nan,0.261469744182215
2.3000000000000003,full+plan,shared,0.2798886008039305,0.008430659963422942,0,0,yield,0,0.12223473826975088,0.176482183178026,4,1,840,0,0,0,0.0,0.20348084066501834,nan,0.26145912457550924
2.35,full+plan,shared,0.28123531386225303,0.007470690427264731,0,0,yield,0,0.12367976520824674,0.17687568166161427,4,1,840,0,0,0,0.0,0.20385266612057384,nan,0.2614499125128561
2.4000000000000004,full+plan,shared,0.2824140872794789,0.006627922786072248,0,0,yield,0,0.12502872094981365,0.1772226744685907,4,1,840,0,0,0,0.0,0.2041821129282567,nan,0.2614420525664042
2.45,full+plan,shared,0.2834458154238005,0.005888096557267718,0,0,yield,0,0.1262882079869342,0.1775283136419127,4,1,840,0,0,0,0.0,0.20447393987220347,nan,0.2614354601771315
2.5,full+plan,shared,0.28434880955452096,0.005238697617129235,0,0,yield,0,0.1274644356834682,0.17779725135018426,4,1,840,0,0,0,0.0,0.20473244296538415,nan,0.2614300337399932
2.5500000000000003,full+plan,shared,0.2851391126858657,0.004668744261786387,0,0,yield,0,0.12856322075472232,0.17803367043330431,4,1,840,0,0,0,0.0,0.20491831411670916,nan,0.26142566337011097
2.6,full+plan,shared,0.28583077722828687,0.0041685992571245545,0,0,yield,0,0.12933889845115604,0.17824131841269497,4,1,840,0,0,0,0.0,0.205022263899033,nan,0.2614222371286187
2.6500000000000004,full+plan,shared,0.28643610950795767,0.0037298046597961914,0,0,yield,0,0.12916158649215043,0.17842354285606765,4,1,840,0,0,0,0.0,0.20510920103599517,nan,0.26141964532280804
2.7,full+plan,shared,0.28696588488901836,0.003344936612279497,0,0,yield,0,0.12897193130508688,0.17858332659929918,4,1,840,0,0,0,0.0,0.20518144110151443,nan,0.261417783357634
2.75,full+plan,shared,0.2874295368701701,0.003007477654190357,0,0,yield,0,0.1287741875176301,0.1787233218665753,4,1,840,0,0,0,0.0,0.2052410201146484,nan,0.26141655351582804
2.8000000000000003,full+plan,shared,0.28783532318672217,0.002711704423385867,0,0,yield,0,0.12857189411149317,0.17884588266375992,4,1,840,0,0,0,0.0,0.2052897225462105,nan,0.26141586595013233
2.85,full+plan,shared,0.2881904716154119,0.0024525889024902526,0,0,yield,0,0.1283679699767456,0.1789530950763981,4,1,840,0,0,0,0.0,0.20532910792754872,nan,0.2614156391089356
2.9000000000000004,full+plan,shared,0.28850130790183615,0.0022257116123602792,0,0,yield,0,0.1281647988575031,0.17904680530175068,4,1,840,0,0,0,0.0,0.20536053566743034,nan,0.26141579976634655
2.95,full+plan,shared,0.2887733679482054,0.002027185372328297,0,0,yield,0,0.12796430456563007,0.1791286453462812,4,1,840,0,0,0,0.0,0.205385187907939,nan,0.2614162827781098
3.0,full+plan,shared,0.2890114961581703,0.0018535884697767613,0,1,yield,0,0.12776801731819765,0.17920005641954237,4,1,840,0,0,0,0.0,0.205404090349368,nan,0.2614170306612916
3.0500000000000003,full+plan,shared,0.2892199316226756,0.22552652089672587,0,1,free,0,0.12757713203528975,0.17926231011926397,4,1,840,0,0,0,0.0,0.1951281257386838,nan,0.2694489208625076
3.1,full+plan,shared,0.2532824078695906,0.19735520312697424,0,1,free,0,0.11274209206403711,0.16769742918703467,4,1,840,0,0,0,0.0,0.18612419909631012,nan,0.2760253172919783
3.1500000000000004,full+plan,shared,0.2218032352536089,0.17272254622137345,0,1,free,0,0.10172742414129847,0.15974741744126955,4,1,840,0,0,0,0.0,0.18052414292044522,nan,0.27874795086078386
3.2,full+plan,shared,0.19426984560665767,0.15116264773830415,0,1,free,0,0.09404159397086258,0.15478855695444418,5,1,840,0,0,0,0.0,0.176259843622152,nan,0.2705226746176038
3.25,full+plan,shared,0.1702036425202788,0.13228754026899028,0,1,free,0,0.08910729793077392,0.1520786858721624,6,1,840,0,0,0,0.0,0.1702109208931366,nan,0.2632990015062303
3.3000000000000003,full+plan,shared,0.1491697345292835,0.11576371356985252,0,1,free,0,0.0863605283830851,0.15099729051941865,6,1,840,0,0,0,0.0,0.16593673620654334,nan,0.2569533546601276
3.35,full+plan,shared,0.1307811303565746,0.10130040218911261,0,1,free,0,0.08529713945066396,0.15104820814904632,7,1,840,0,0,0,0.0,0.16167076768999628,nan,0.25137865465706877
3.4000000000000004,full+plan,shared,0.11469806115657041,0.08864265542217087,0,1,free,0,0.08549025619743149,0.15185028589544358,7,1,840,0,0,0,0.0,0.15839998628740887,nan,0.24648144715113862
3.45,full+plan,shared,0.10062444932013426,0.07756653470481589,0,1,free,0,0.08659169817623989,0.15312060708600989,7,1,840,0,0,0,0.0,0.15566554921724854,nan,0.24217984757680477
3.5,full+plan,shared,0.08830319955945352,0.06787534489439727,0,1,free,0,0.08832539943745059,0.15465536262174492,7,1,840,0,0,0,0.0,0.15363598649970944,nan,0.23836587121873254
3.5500000000000003,full+plan,shared,0.07751131479559108,0.05936911435421708,0,1,free,0,0.09047752852472689,0.15593294317584755,8,1,840,0,0,0,0.0,0.15226019180901598,nan,0.23495999275304158
3.6,full+plan,shared,0.06805532446643939,0.05185730088419968,0,1,free,0,0.09288590657651695,0.15706358215381755,9,1,840,0,0,0,0.0,0.15128213209451424,nan,0.23197607048048596
3.6500000000000004,full+plan,shared,0.059767211680962065,0.04530309811182657,0,1,free,0,0.09543003754083428,0.15825525808781893,9,1,840,0,0,0,0.0,0.15059776943972975,nan,0.22936407876684084
3.7,full+plan,shared,0.05250087391266891,0.039584563259120784,0,1,free,0,0.09802232679114913,0.15944822940654862,9,1,840,0,0,0,0.0,0.15012839608138503,nan,0.2270792491605652
3.75,full+plan,shared,0.04612908519938803,0.0345947643294986,0,1,free,0,0.10060066346810063,0.16060361700566905,9,1,840,0,0,0,0.0,0.14981501394801688,nan,0.22508170015834017
3.8000000000000003,full+plan,shared,0.04054090337348208,0.030240170758170613,0,1,free,0,0.1031223364635006,0.16169742693894268,9,1,840,0,0,0,0.0,0.14961375628398907,nan,0.22333605188032302
3.85,full+plan,shared,0.035639461074633276,0.026439134642035737,0,1,free,0,0.10555915720438257,0.16271610954644983,9,1,840,0,0,0,0.0,0.14949224771312747,nan,0.22181103268427427
3.9000000000000004,full+plan,shared,0.0313400830554678,0.023120483135416217,0,1,free,0,0.10789362495093373,0.16361033354744103,9,1,840,0,0,0,0.0,0.1494267625296556,nan,0.22047908757119894
3.95,full+plan,shared,0.02756867863339533,0.02022223462549966,0,1,free,0,0.11011596368835501,0.16436510094104267,9,1,840,0,0,0,0.0,0.14940003681748354,nan,0.21931599789121947
4.0,full+plan,shared,0.024260365559241322,0.017690443349076566,0,2,free,0,0.11222186967955204,0.1650517328132758,9,1,840,0,0,0,0.0,0.14934222545148787,nan,0.21830052011463896
4.05,full+plan,shared,0.021358288282061797,0.015478170698367313,0,2,free,0,0.11421082604748371,0.16567212885371513,9,1,840,0,0,0,0.0,0.149289201392603,nan,0.21741404904633266
4.1000000000000005,full+plan,shared,0.01881259980997085,0.013544576919532533,0,2,free,0,0.11608486128782451,0.16622962501211946,9,1,840,0,0,0,0.0,0.14925218444096142,nan,0.21664030864231953
4.15,full+plan,shared,0.01657958156712201,0.011854124151365664,0,2,free,0,0.11784764916422873,0.16672838641699572,9,1,840,0,0,0,0.0,0.14922644631653942,nan,0.2159650717160354
4.2,full+plan,shared,0.014620880161159632,0.01037588039711634,0,2,free,0,0.11950386682300072,0.16717298718076046,9,1,840,0,0,0,0.0,0.14920861434889385,nan,0.2153759083782979
4.25,full+plan,shared,0.01290284363991057,0.009082913647577703,0,2,free,0,0.12105874514740698,0.16756812443992974,9,1,840,0,0,0,0.0,0.1491962988915755,nan,0.2148619620740485
4.3,full+plan,shared,0.011395942779094961,0.007951765669649332,0,2,free,0,0.12251775993097057,0.16791842834999077,9,1,840,0,0,0,0.0,0.14918781924106803,nan,0.21441375145358743
4.3500000000000005,full+plan,shared,0.010074265484547994,0.006961995636836932,0,2,free,0,0.12388642475164056,0.1682283402894359,9,1,840,0,0,0,0.0,0.1491820029154926,nan,0.21402299593934637
4.4,full+plan,shared,0.0089150742831155,0.006095784647798575,0,2,free,0,0.1251701561029957,0.1685020391875307,9,1,840,0,0,0,0.0,0.14917803933942053,nan,0.21368246273101354
4.45,full+plan,shared,0.007898418523096942,0.0053375931290763155,0,2,free,0,0.1263741891221326,0.1687434014858078,9,1,840,0,0,0,0.0,0.1491746317878937,nan,0.2133857643713858
4.5,full+plan,shared,0.007006794165137889,0.004673938201253482,0,2,free,0,0.12750352812918797,0.16895637765469734,9,1,840,0,0,0,0.0,0.14917077835279466,nan,0.21312735503396885
4.55,full+plan,shared,0.006224845113567542,0.004093087281307248,0,2,free,0,0.12856292072499947,0.16914451019450222,9,1,840,0,0,0,0.0,0.14916643726642204,nan,0.2129024361255346
4.6000000000000005,full+plan,shared,0.00553910087398974,0.003584709862632983,0,2,free,0,0.12955684748858376,0.16931057206621442,9,1,840,0,0,0,0.0,0.1491616385005898,nan,0.21270680291705768
4.65,full+plan,shared,0.004937746048399546,0.003139766494437967,0,2,free,0,0.13048952176703849,0.16945706635092134,9,1,840,0,0,0,0.0,0.14915645347006018,nan,0.2125367718663086
4.7,full+plan,shared,0.004410417762149809,0.0027503472034281265,0,2,free,0,0.1313648957471814,0.16958624173164272,9,1,840,0,0,0,0.0,0.14915097438693123,nan,0.21238911668750793
4.75,full+plan,shared,0.003948027627682656,0.0024095301916438132,0,2,free,0,0.13218667030502035,0.16970011042480115,9,1,840,0,0,0,0.0,0.14914530052644645,nan,0.21226101214944293
4.800000000000001,full+plan,shared,0.003542605272756657,0.0021112582607682863,0,2,free,0,0.13246848310069514,0.16980046719056552,9,1,840,0,0,0,0.0,0.14913952942171227,nan,0.21214998469042456
4.8500000000000005,full+plan,shared,0.003187160828220303,0.0018502307195723531,0,2,free,0,0.13245770317505645,0.1698889084923153,9,1,840,0,0,0,0.0,0.14913375151383496,nan,0.2120538690364383
4.9,full+plan,shared,0.00287556409889432,0.0016218088338988371,0,2,free,0,0.1324470667168176,0.16996685116790022,9,1,840,0,0,0,0.0,0.14912804719543546,nan,0.21197077011063403
4.95,full+plan,shared,0.0026024384186863025,0.0014219331163946155,0,2,free,0,0.13243663654685478,0.17003555021794847,9,1,840,0,0,0,0.0,0.14912248547860021,nan,0.21189902960314633
5.0,full+plan,shared,0.002363067440643558,0.0012470509602267288,0,2,free,0,0.1324264628429887,0.17009611548120074,9,1,840,0,0,0,0.0,0.1491171237311917,nan,0.2118371966378355
5.050000000000001,full+plan,shared,0.002153313314695886,0.0010940533231260214,0,2,free,0,0.13241658461822575,0.1701495270647389,9,1,840,0,0,0,0.0,0.14911200810089542,nan,0.21178400203821768
5.1000000000000005,full+plan,shared,0.001969544937786597,0.0009602193197761696,1,2,free,0,0.13240703118186775,0.17019664948449198,9,1,840,0,0,0,0.0,0.14910717433303777,nan,0.2117383357636019
5.15,full+plan,shared,0.22557508771343515,0.0008431677338454245,1,2,free,0,0.13239782351139384,0.17023824452779945,9,1,840,0,0,0,0.0,0.1684367201686537,nan,0.21169922712288425
5.2,full+plan,shared,0.19739637902188434,0.0007408145721061948,1,2,free,0,0.14142597157666903,0.17027498287975223,5,1,840,0,0,0,0.0,0.18707359127180276,nan,0.21166582743394524
5.25,full+plan,shared,0.1727570417654117,0.0006513359041407967,1,2,free,0,0.14498890748629711,0.1703074545833584,5,1,840,0,0,0,0.0,0.20446877005194994,nan,0.2116373948249125
5.300000000000001,full+plan,shared,0.15119144997267098,0.0005731353224732079,1,2,free,0,0.14827986004689758,0.17033617840545684,5,1,840,0,0,0,0.0,0.22032469241821143,nan,0.2116132809155148
5.3500000000000005,full+plan,shared,0.1323116262088803,0.0005048154326069047,1,2,free,0,0.15143292696987504,0.17036161020075535,4,1,840,0,0,0,0.0,0.23458790522358128,nan,0.21159291915326095
5.4,full+plan,shared,0.11578395160244889,0.00044515287246228713,1,2,free,0,0.1544739009317529,0.1703841503578748,4,1,840,0,0,0,0.0,0.24731669209030577,nan,0.21157581458941188
5.45,full+plan,shared,0.10131752475068495,0.00039307640860903665,1,2,free,0,0.15738700004434147,0.17040415040561924,4,1,840,0,0,0,0.0,0.25,nan,0.21156153493334984
5.5,full+plan,shared,0.08865726203700187,0.00034764771886981673,1,2,free,0,0.16014559313560411,0.17042191887817415,4,1,840,0,0,0,0.0,0.25,nan,0.21154970271085694
5.550000000000001,full+plan,shared,0.07757910745030618,0.00030804452972861627,1,2,free,0,0.1620269666373324,0.1704377264940014,4,1,840,0,0,0,0.0,0.25,nan,0.21153998840195942
5.6000000000000005,full+plan,shared,0.0678862675706452,0.00027354580985364664,1,2,free,0,0.16170403879057454,0.1704518107363553,4,1,840,0,0,0,0.0,0.25,nan,0.21153210443365056
5.65,full+plan,shared,0.059316446545685915,0.000243518773898386,1,2,free,0,0.16138355380897962,0.17046437989358126,4,1,840,0,0,0,0.0,0.25,nan,0.2115257999192609
5.7,full+plan,shared,0.051810172951827084,0.00021740748253653552,1,2,free,0,0.16106583902616106,0.17047561662074207,4,1,840,0,0,0,0.0,0.25,nan,0.2115208560554297
5.75,full+plan,shared,0.04526110369786285,0.0001947228662439561,1,2,free,0,0.1607511894471016,0.17048568107451645,4,1,840,0,0,0,0.0,0.25,nan,0.21151708209123876
5.800000000000001,full+plan,shared,0.03954728873654751,0.0001750340257978595,1,2,free,0,0.16043987054028125,0.17049471367229085,2,1,840,0,0,0,0.0,0.25,nan,0.2115143118019408
5.8500000000000005,full+plan,shared,0.034561795633945576,0.0001579606955472411,1,2,free,0,0.16013212071519745,0.17050283751718426,2,1,840,0,0,0,0.0,0.25,nan,0.21151240040432306
5.9,full+plan,shared,0.03021110099815813,0.00014316676743981926,1,2,free,0,0.15982815352705565,0.17051016053034507,2,1,840,0,0,0,0.0,0.25,nan,0.2115112218572458
5.95,full+plan,shared,0.02641357110808444,0.0001303547850876941,1,2,free,0,0.1595281596470407,0.17051677732404957,2,1,840,0,0,0,0.0,0.25,nan,0.21151066649681727
6.0,full+plan,shared,0.023098052989871172,0.00011926132099406164,1,2,free,0,0.1592323086247145,0.17052277084348927,2,1,840,0,0,0,0.0,0.25,nan,0.21151063897072941
6.050000000000001,full+plan,shared,0.020202589027667594,0.00010965313300369514,1,2,free,0,0.15894075047696637,0.17052821380895966,2,1,840,0,0,0,0.0,0.25,nan,0.21151105643283563
6.1000000000000005,full+plan,shared,0.017673260036638914,0.0001013239837289302,2,2,free,0,0.1586536171267089,0.17053316998439877,2,1,840,0,0,0,0.0,0.25,nan,0.21151184695792746
6.15,full+plan,shared,0.015463155223250414,9.409200066899156e-05,2,2,free,0,0.15837102370121026,0.1705376952824505,2,1,840,0,0,0,0.0,0.25,nan,0.21151294816127353
6.2,full+plan,shared,0.013531462790022434,8.77974330324171e-05,2,2,free,0,0.15809306972400133,0.17054183874127,2,1,840,0,0,0,0.0,0.25,nan,0.21151430598821086
6.25,full+plan,shared,0.011842672134580793,8.230069011951676e-05,2,2,free,0,0.15781984020007356,0.17054564337549327,2,1,840,0,0,0,0.0,0.25,nan,0.21151587365580837
6.300000000000001,full+plan,shared,0.010365877233793817,7.748054507695364e-05,2,2,free,0,0.1575514066172976,0.170549146924743,2,1,840,0,0,0,0.0,0.25,nan,0.2115176107289417
6.3500000000000005,full+plan,shared,0.00907417037858854,7.323243517018895e-05,2,2,free,0,0.15728782786922746,0.17055238250849242,3,1,840,0,0,0,0.0,0.25,nan,0.21151948231004247
6.4,full+plan,shared,0.007944115734898076,6.946681055416413e-05,2,2,free,0,0.1570291511108396,0.17055537919992503,3,1,840,0,0,0,0.0,0.25,nan,0.21152145833228742
6.45,full+plan,shared,0.006955292882688838,6.610752121208901e-05,2,2,free,0,0.1567754125547861,0.17055816252819417,3,1,840,0,0,0,0.0,0.25,nan,0.2115235129421974
6.5,full+plan,shared,0.006089901328062437,6.309024715192468e-05,2,2,free,0,0.15652663821592955,0.1705607549206426,3,1,840,0,0,0,0.0,0.25,nan,0.2115256239581379
6.550000000000001,full+plan,shared,0.005332417964140144,6.036099760381593e-05,2,2,free,0,0.1562828446065937,0.17056317608740595,3,1,840,0,0,0,0.0,0.25,nan,0.2115277723978496
6.6000000000000005,full+plan,shared,0.004669382663772122,5.787469984494615e-05,2,2,free,0,0.15604403939093453,0.17056544335893536,3,1,840,0,0,0,0.0,0.25,nan,0.21152994206608222
6.65,full+plan,shared,0.00408907353068481,5.559390011612583e-05,2,2,free,0,0.1558102220009835,0.17056757198296302,3,1,840,0,0,0,0.0,0.25,nan,0.21153211919305448
6.7,full+plan,shared,0.0035811698662542805,5.3487591532452894e-05,2,2,free,0,0.15558138421801748,0.1705695753833394,3,1,840,0,0,0,0.0,0.25,nan,0.21153429211907027
6.75,full+plan,shared,0.0031366407930886312,5.1530177075266955e-05,2,2,free,0,0.15535751072108128,0.17057146538636409,3,1,840,0,0,0,0.0,0.25,nan,0.21153645101931529
6.800000000000001,full+plan,shared,0.0027475838289349763,4.970056450813103e-05,2,2,free,0,0.15513857960761673,0.17057325241972232,3,1,840,0,0,0,0.0,0.25,nan,0.21153858766211397
6.8500000000000005,full+plan,shared,0.0024070837213426032,4.798139041449429e-05,2,2,free,0,0.1549245628862676,0.17057494568624454,3,1,840,0,0,0,0.0,0.25,nan,0.21154069519986896
6.9,full+plan,shared,0.0021090889849862573,4.635836101536214e-05,2,2,free,0,0.15471542694531976,0.17057655331715482,3,1,840,0,0,0,0.0,0.25,nan,0.21154276798376592
6.95,full+plan,shared,0.0018483039193515616,4.481970059806433e-05,2,2,free,0,0.15451113299487562,0.17057808250336143,3,1,840,0,0,0,0.0,0.25,nan,0.21154480140476573
7.0,full+plan,shared,0.0016200941462138697,4.335569016036765e-05,2,2,free,0,0.15431163749041982,0.1705795396142203,3,1,840,0,0,0,0.0,0.25,nan,0.21154679175182112
7.050000000000001,full+plan,shared,0.0014204039803980685,4.195828909747564e-05,2,2,free,0,0.15411689253133282,0.17058093029728116,3,1,840,0,0,0,0.0,0.25,nan,0.21154873609111868
7.1000000000000005,full+plan,shared,0.0012456841332904084,4.062082163890346e-05,2,2,free,0,0.15392684624281516,0.17058225957003342,3,1,840,0,0,0,0.0,0.25,nan,0.21155063215796954
7.15,full+plan,shared,0.0010928284583651645,3.933772336293383e-05,2,2,free,0,0.15374144313520932,0.17058353189608672,3,1,840,0,0,0,0.0,0.25,nan,0.21155247826398826
7.2,full+plan,shared,0.0009591186001449444,3.810433270601764e-05,2,2,free,0,0.15356062444753504,0.17058475125439576,3,1,840,0,0,0,0.0,0.25,nan,0.21155427321626863
7.25,full+plan,shared,0.0008421755489783157,3.691672249153653e-05,2,2,free,0,0.15338432847220052,0.1705859211993046,3,1,840,0,0,0,0.0,0.25,nan,0.21155601624568898
7.300000000000001,full+plan,shared,0.0007399172383930105,3.5771563533236765e-05,2,2,free,0,0.153212490862565,0.17058704491234566,3,1,840,0,0,0,0.0,0.25,nan,0.21155770694578402
7.3500000000000005,full+plan,shared,0.0006505214226782275,3.466601448881554e-05,2,2,free,0,0.15304504492421123,0.17058812524808242,3,1,840,0,0,0,0.0,0.25,nan,0.21155934521772857
7.4,full+plan,shared,0.000572393166150686,3.3597631723102144e-05,2,2,free,0,0.15288192189092736,0.17058916477425506,3,1,840,0,0,0,0.0,0.25,nan,0.21153463287130203
7.45,full+plan,shared,0.000504136365355452,3.256429783721184e-05,2,2,free,0,0.15272305118504648,0.1705901658067937,3,1,840,0,0,0,0.0,0.25,nan,0.21151143086601676
7.5,full+plan,shared,0.00044452879093027713,3.156416256648281e-05,2,2,free,0,0.15256836066340002,0.17059113044075286,3,1,840,0,0,0,0.0,0.25,nan,0.21149163201576304
7.550000000000001,full+plan,shared,0.0003925002049824846,3.0595596577052e-05,2,2,free,0,0.152417776848283,0.17059206057623372,3,1,840,0,0,0,0.0,0.25,nan,0.21147479617692355
7.6000000000000005,full+plan,shared,0.0003471131647013715,2.9657152224142655e-05,2,2,free,0,0.15227122514620267,0.17059295794267554,3,1,840,0,0,0,0.0,0.25,nan,0.21146053848685364
7.65,full+plan,shared,0.0003075461777406584,2.8747533662087053e-05,2,2,free,0,0.15212863005162675,0.1705938241181717,3,1,840,0,0,0,0.0,0.25,nan,0.21144852246974366
7.7,full+plan,shared,0.00027307890722456755,2.7865570664186565e-05,2,2,free,0,0.15198991534012418,0.1705946605486091,3,1,840,0,0,0,0.0,0.25,nan,0.2114384539989852
7.75,full+plan,shared,0.00024307919118702164,2.70101988769139e-05,2,2,free,0,0.15185500424757326,0.17059546856253133,3,1,840,0,0,0,0.0,0.25,nan,0.21143007601013653
7.800000000000001,full+plan,shared,0.00021699165145821347,2.6180442787811767e-05,2,2,free,0,0.1517238196386359,0.1705962493849607,3,1,840,0,0,0,0.0,0.25,nan,0.2114231638734988
7.8500000000000005,full+plan,shared,0.00019432772571126037,2.537540227733237e-05,2,2,free,0,0.15159628416349585,0.170597004149312,3,1,840,0,0,0,0.0,0.25,nan,0.21141752133929048
7.9,full+plan,shared,0.0001746569755216156,2.4594241595878705e-05,2,2,free,0,0.1514723204037282,0.17059773390742722,3,1,840,0,0,0,0.0,0.25,nan,0.21141297699325767
7.95,full+plan,shared,0.00015759955047100506,2.38361797625474e-05,2,2,free,0,0.15135185100852377,0.1705984396394979,3,1,840,0,0,0,0.0,0.25,nan,0.21140938114957575
8.0,full+plan,shared,0.00014281971666891782,2.310048332131555e-05,2,2,free,0,0.15123479882026075,0.17059912226141416,3,1,840,0,0,0,0.0,0.25,nan,0.2114066031337435
8.05,full+plan,shared,0.00013002035022639458,2.238646025123363e-05,2,2,free,0,0.15112108699046345,0.17059978263162578,3,1,840,0,0,0,0.0,0.25,nan,0.21140452890276185
8.1,full+plan,shared,0.00011893831422389108,2.1693454440943986e-05,2,2,free,0,0.15101063908751622,0.17060042155745897,3,1,840,0,0,0,0.0,0.25,nan,0.21140305896410905
8.15,full+plan,shared,0.0001093406125904335,2.102084154208575e-05,2,2,free,0,0.1509033791952089,0.17060103980041624,3,1,840,0,0,0,0.0,0.25,nan,0.2114021065532229
8.200000000000001,full+plan,shared,0.00010102121362923498,2.0368025405161284e-05,2,2,free,0,0.15079923200304146,0.17060163808069984,3,1,840,0,0,0,0.0,0.25,nan,0.21140159603874242
8.25,full+plan,shared,9.379840682610067e-05,1.9734434880203013e-05,2,2,free,0,0.15069812288916884,0.17060221708156392,3,1,840,0,0,0,0.0,0.25,nan,0.21140146152702066
8.3,full+plan,shared,8.751256576622084e-05,1.9119521632843278e-05,2,2,free,0,0.15059997799496755,0.17060277745215785,3,1,840,0,0,0,0.0,0.25,nan,0.21140164564087682
8.35,full+plan,shared,8.202418964339729e-05,1.852275762688797e-05,2,2,free,0,0.1505047242938915,0.1706033198112909,3,1,840,0,0,0,0.0,0.25,nan,0.21140209845066005
8.4,full+plan,shared,7.721211312905776e-05,1.7943633567384406e-05,2,2,free,0,0.1504122896526221,0.17060384474998697,3,1,840,0,0,0,0.0,0.25,nan,0.2114027765397576
8.450000000000001,full+plan,shared,7.297181270772753e-05,1.7381657255023717e-05,2,2,free,0,0.15032260288640364,0.17060435283362174,3,1,840,0,0,0,0.0,0.25,nan,0.211403642186217
8.5,full+plan,shared,6.921376098404923e-05,1.683635224129106e-05,2,2,free,0,0.1502355938083903,0.17060484460431702,3,1,840,0,0,0,0.0,0.25,nan,0.21140466264617352
8.55,full+plan,shared,6.586181935730195e-05,1.6307256797799423e-05,2,2,free,0,0.15015119327329346,0.1706053205825827,3,1,840,0,0,0,0.0,0.25,nan,0.21140580952747634
8.6,full+plan,shared,6.285167370598074e-05,1.5793922903313026e-05,2,2,free,0,0.15006933321582305,0.17060578126880876,3,1,840,0,0,0,0.0,0.25,nan,0.21140705824159578
8.65,full+plan,shared,6.012933448985075e-05,1.5295915425623385e-05,2,2,free,0,0.14998994668422344,0.1706062271450694,4,1,840,0,0,0,0.0,0.25,nan,0.21140838752455016
8.700000000000001,full+plan,shared,5.76497299479493e-05,1.4812811447622494e-05,2,2,free,0,0.14991296786900232,0.1706066586757874,4,1,840,0,0,0,0.0,0.25,nan,0.21140977901553681
8.75,full+plan,shared,5.5375407582106524e-05,1.434419941013938e-05,2,2,free,0,0.14983833212784425,0.17060707630957012,4,1,840,0,0,0,0.0,0.25,nan,0.21141121689089626
8.8,full+plan,shared,5.3275362646533836e-05,1.3889678826342965e-05,2,2,free,0,0.14976597600569252,0.17060748047957436,4,1,840,0,0,0,0.0,0.25,nan,0.21141268754196918
8.85,full+plan,shared,5.1324002206431224e-05,1.3448859702589273e-05,2,2,free,0,0.1496958372515011,0.17060787160467022,4,1,840,0,0,0,0.0,0.25,nan,0.21141417929442208
8.9,full+plan,shared,4.950023945933366e-05,1.3021362201359704e-05,2,2,free,0,0.149627854831346,0.1706082500898864,4,1,840,0,0,0,0.0,0.25,nan,0.21141568216148932
8.950000000000001,full+plan,shared,4.778671697949216e-05,1.2606815974835239e-05,2,2,free,0,0.14956196893861595,0.1706086163276357,4,1,840,0,0,0,0.0,0.25,nan,0.21141718762888007
9.0,full+plan,shared,4.616914912559678e-05,1.2204860146653041e-05,2,2,free,0,0.1494981210004812,0.17060897069789877,4,1,840,0,0,0,0.0,0.25,nan,0.21141868846609435
9.05,full+plan,shared,4.463576752513058e-05,1.1815142842625538e-05,2,2,free,0,0.1494362536820063,0.17060931356891984,4,1,840,0,0,0,0.0,0.25,nan,0.2114201785616664
9.1,full+plan,shared,4.3176862200530963e-05,1.1437320931631553e-05,2,2,free,0,0.14937631088762782,0.17060964529779415,4,1,840,0,0,0,0.0,0.25,nan,0.2114216527786078
9.15,full+plan,shared,4.178440040764177e-05,1.1071059894197476e-05,2,2,free,0,0.14931823775999287,0.1706099662306016,4,1,840,0,0,0,0.0,0.25,nan,0.2114231068283482
9.200000000000001,full+plan,shared,4.045171515344707e-05,1.0716033379942616e-05,2,2,free,0,0.14926198067701968,0.17061027670331197,4,1,840,0,0,0,0.0,0.25,nan,0.21142453715994047
9.25,full+plan,shared,3.917324989255549e-05,1.0371923221060135e-05,2,2,free,0,0.1492074872463705,0.17061057704170668,4,1,840,0,0,0,0.0,0.25,nan,0.21142594086285438
9.3,full+plan,shared,3.794435098071197e-05,1.0038418994881569e-05,2,2,free,0,0.14915470629859978,0.17061086756210642,4,1,840,0,0,0,0.0,0.25,nan,0.21142731558331673
9.35,full+plan,shared,3.676109860879209e-05,9.715218121883182e-06,2,2,free,0,0.14910358787817568,0.17061114857127202,4,1,840,0,0,0,0.0,0.25,nan,0.21142865944976885
9.4,full+plan,shared,3.5620170420960406e-05,9.402025488271627e-06,2,2,free,0,0.14905408323330932,0.1706114203671109,4,1,840,0,0,0,0.0,0.25,nan,0.21142997100753413
9.450000000000001,full+plan,shared,3.451873126097331e-05,9.098553311436518e-06,2,2,free,0,0.14900614480427843,0.17061168323877407,4,1,840,0,0,0,0.0,0.25,nan,0.21143124916299627
9.5,full+plan,shared,3.3454343716489293e-05,8.804521013315815e-06,2,2,free,0,0.1489597262103659,0.17061193746692438,4,1,840,0,0,0,0.0,0.25,nan,0.21143249313350576
9.55,full+plan,shared,3.242489526342221e-05,8.519655080380497e-06,2,2,free,0,0.14891478223583293,0.1706121833240382,4,1,840,0,0,0,0.0,0.25,nan,0.21143370240398884
9.600000000000001,full+plan,shared,3.142854123775694e-05,8.24368895814025e-06,2,2,free,0,0.1488712688147671,0.17061242107450786,4,1,840,0,0,0,0.0,0.25,nan,0.21143487668915972
9.65,full+plan,shared,3.0463656504197877e-05,7.976362807404844e-06,2,2,free,0,0.14882914301520256,0.17061179737122953,4,1,840,0,0,0,0.0,0.25,nan,0.2114360159004186
9.700000000000001,full+plan,shared,2.952879771523242e-05,7.717423431647868e-06,2,2,free,0,0.14878836302226672,0.17060943176111165,4,1,840,0,0,0,0.0,0.25,nan,0.21143712011642302
9.75,full+plan,shared,2.8622672367466606e-05,7.466624161225065e-06,2,2,free,0,0.14874888812073944,0.17060714293979615,4,1,840,0,0,0,0.0,0.25,nan,0.2114381895584364
9.8,full+plan,shared,2.7744114022400534e-05,7.223724716602729e-06,2,2,free,0,0.14871067867694854,0.1706049285118504,4,1,840,0,0,0,0.0,0.25,nan,0.21143922456770514
9.850000000000001,full+plan,shared,2.6892061295027372e-05,6.988491016892088e-06,2,2,free,0,0.14867369612029324,0.17060278614996227,4,1,840,0,0,0,0.0,0.25,nan,0.21144022558648146
9.9,full+plan,shared,2.6065541686744026e-05,6.760695137706781e-06,2,2,free,0,0.14863790292411283,0.17060071359339177,4,1,840,0,0,0,0.0,0.25,nan,0.21144119314090604
9.950000000000001,full+plan,shared,2.5263657618335623e-05,6.540115133151663e-06,2,2,free,0,0.148603262586412,0.1705987086465624,4,1,840,0,0,0,0.0,0.25,nan,0.21144212782669725
10.0,full+plan,shared,2.4485575496260778e-05,6.326534969256381e-06,2,2,free,0,0.1485697396100994,0.17059676917753142,4,1,840,0,0,0,0.0,0.25,nan,0.21144303029614264
10.05,full+plan,shared,2.3730516804626893e-05,6.119744359783826e-06,2,2,free,0,0.14853729948316813,0.170594893116569,4,1,840,0,0,0,0.0,0.25,nan,0.2114439012467889
10.100000000000001,full+plan,shared,2.2997750287317955e-05,5.919538641358447e-06,2,2,free,0,0.1485059086586073,0.17059307845469518,4,1,840,0,0,0,0.0,0.25,nan,0.21144474141239267
10.15,full+plan,shared,2.2286585609498898e-05,5.725718712380523e-06,2,2,free,0,0.1484755345341725,0.17059132324217507,4,1,840,0,0,0,0.0,0.25,nan,0.2114455515540482
10.200000000000001,full+plan,shared,2.1596368363991922e-05,5.538090895203512e-06,2,2,free,0,0.1484461454321594,0.17058962558707774,4,1,840,0,0,0,0.0,0.25,nan,0.21144633245289313
10.25,full+plan,shared,2.0926476145067966e-05,5.3564667520373135e-06,2,2,free,0,0.14841771057921221,0.1705879836539521,4,1,840,0,0,0,0.0,0.25,nan,0.21144708490440067
10.3,full+plan,shared,2.0276314054879233e-05,5.180663037662962e-06,2,2,free,0,0.14839020008595083,0.17058639566229633,4,1,840,0,0,0,0.0,0.25,nan,0.211447809712202
10.350000000000001,full+plan,shared,1.9645312715352022e-05,5.010501607935744e-06,2,2,free,0,0.14836358492682294,0.17058485988517527,4,1,840,0,0,0,0.0,0.25,nan,0.211448507684047
10.4,full+plan,shared,1.903292489631146e-05,4.8458092795376945e-06,2,2,free,0,0.1483378369199822,0.1705833746478402,4,1,840,0,0,0,0.0,0.25,nan,0.21144917962768994
10.450000000000001,full+plan,shared,1.8438624127952657e-05,4.686417698021098e-06,2,2,free,0,0.14831292870732454,0.1705819383263937,4,1,840,0,0,0,0.0,0.25,nan,0.21144982634722964
10.5,full+plan,shared,1.7861902282424052e-05,4.53216321338962e-06,2,2,free,0,0.14828883373470186,0.17058054934646988,4,1,840,0,0,0,0.0,0.25,nan,0.21145044864041396
10.55,full+plan,shared,1.7302268438551137e-05,4.382886861024613e-06,2,2,free,0,0.14826552623216616,0.1705792061818086,4,1,840,0,0,0,0.0,0.25,nan,0.21145104729615183
10.600000000000001,full+plan,shared,1.6759247302048848e-05,4.2384341766779425e-06,2,2,free,0,0.14824298119461082,0.17057790735304088,4,1,840,0,0,0,0.0,0.25,nan,0.21145162309241006
10.65,full+plan,shared,1.6232378399890357e-05,4.098655100608577e-06,2,2,free,0,0.1482211743625068,0.1705766514263971,4,1,840,0,0,0,0.0,0.25,nan,0.21145217679451356
10.700000000000001,full+plan,shared,1.5721214868610593e-05,3.963403903877172e-06,2,2,free,0,0.1482000822029117,0.17057543701242944,4,1,840,0,0,0,0.0,0.25,nan,0.2114527091538122
10.75,full+plan,shared,1.5225322619289818e-05,3.832539073697052e-06,2,2,free,0,0.14817968189073982,0.1705742627647766,5,1,840,0,0,0,0.0,0.25,nan,0.21145322090632257
10.8,full+plan,shared,1.4744279761229783e-05,3.705923201650484e-06,2,2,free,0,0.14815995129033194,0.17057312737898545,5,1,840,0,0,0,0.0,0.25,nan,0.21145371277192393
10.850000000000001,full+plan,shared,1.4277675868401565e-05,3.583422863691986e-06,2,2,free,0,0.14814086893726597,0.17057202959133463,5,1,840,0,0,0,0.0,0.25,nan,0.21145418545363925
10.9,full+plan,shared,1.3825111622468253e-05,3.4649085616695466e-06,2,2,free,0,0.14812241402046433,0.17057096817764408,5,1,840,0,0,0,0.0,0.25,nan,0.21145463963703104
10.950000000000001,full+plan,shared,1.3386198012246943e-05,3.350254601741294e-06,2,2,free,0,0.1481045663646534,0.1705699419521657,5,1,840,0,0,0,0.0,0.25,nan,0.21145507598984092
11.0,full+plan,shared,1.2960556025673495e-05,3.2393389873355522e-06,2,2,free,0,0.14808730641309026,0.17056894976648138,5,1,840,0,0,0,0.0,0.25,nan,0.2114554951616
11.05,full+plan,shared,1.2547816446407799e-05,3.1320434114161243e-06,2,2,free,0,0.14807061521055614,0.17056799050833774,5,1,840,0,0,0,0.0,0.25,nan,0.2114558977835691
11.100000000000001,full+plan,shared,1.2147619397692095e-05,3.0282530015590222e-06,2,2,free,0,0.14805447438687952,0.17056706310075273,5,1,840,0,0,0,0.0,0.25,nan,0.21145628446857534
11.15,full+plan,shared,1.1759614071650109e-05,2.927856376641562e-06,2,2,free,0,0.14803886614053008,0.17056616650083276,5,1,840,0,0,0,0.0,0.25,nan,0.21145665581115958
11.200000000000001,full+plan,shared,1.138345824738079e-05,2.8307454768173737e-06,2,2,free,0,0.1480237732227167,0.1705652996988452,5,1,840,0,0,0,0.0,0.25,nan,0.21145701238751358
11.25,full+plan,shared,1.101881831465157e-05,2.736815524314009e-06,2,2,free,0,0.1480091789217281,0.17056446171717576,5,1,840,0,0,0,0.0,0.25,nan,0.21145735475571537
11.3,full+plan,shared,1.0665368936629735e-05,2.6459648701357552e-06,2,2,free,0,0.14799506704771803,0.17056365160945586,5,1,840,0,0,0,0.0,0.25,nan,0.21145768345591043
11.350000000000001,full+plan,shared,1.0322792842541625e-05,2.558094990886071e-06,2,2,free,0,0.147981421917684,0.17056286845952995,5,1,840,0,0,0,0.0,0.25,nan,0.21145799901060236
11.4,full+plan,shared,9.990780613081874e-06,2.4731103385358094e-06,2,2,free,0,0.14796822834089185,0.17056211138061214,5,1,840,0,0,0,0.0,0.25,nan,0.2114583019248174
11.450000000000001,full+plan,shared,9.669030602028963e-06,2.390918304786272e-06,2,2,free,0,0.14795547160458378,0.17056137951435965,5,1,840,0,0,0,0.0,0.25,nan,0.21145859268663003
11.5,full+plan,shared,9.357248497461446e-06,2.3114290957342566e-06,2,2,free,0,0.14794313746006982,0.17056067203005243,5,1,840,0,0,0,0.0,0.25,nan,0.21145887176727818
11.55,full+plan,shared,9.055147520654674e-06,2.2345556852009842e-06,2,2,free,0,0.14793121210908255,0.17055998812371254,5,1,840,0,0,0,0.0,0.25,nan,0.21145913962166107
11.600000000000001,full+plan,shared,8.762447930939117e-06,2.160213747957156e-06,2,2,free,0,0.14791968219048424,0.17055932701727922,5,1,840,0,0,0,0.0,0.25,nan,0.21145939668861768
11.65,full+plan,shared,8.478877174887097e-06,2.088321551580736e-06,2,2,free,0,0.14790853476735422,0.17055868795784604,5,1,840,0,0,0,0.0,0.25,nan,0.2114596433914261
11.700000000000001,full+plan,shared,8.204169482366968e-06,2.0187998825088278e-06,2,2,free,0,0.14789775731434907,0.17055807021688787,5,1,840,0,0,0,0.0,0.25,nan,0.21145988013808836
11.75,full+plan,shared,7.938065963095835e-06,1.9515720248453404e-06,2,2,free,0,0.147887337705344,0.17055747308944724,5,1,840,0,0,0,0.0,0.25,nan,0.21146010732188036
11.8,full+plan,shared,7.68031423840669e-06,1.8865636289239728e-06,2,2,free,0,0.14787726420148994,0.17055689589347187,5,1,840,0,0,0,0.0,0.25,nan,0.21146032532164283
11.850000000000001,full+plan,shared,7.4306684493453185e-06,1.8237026823740794e-06,2,2,free,0,0.1478675254395021,0.17055633796906014,5,1,840,0,0,0,0.0,0.25,nan,0.2114605345022308
11.9,full+plan,shared,7.188889187412043e-06,1.7629194079685956e-06,2,2,free,0,0.14785811042030161,0.17055579867780318,5,1,840,0,0,0,0.0,0.25,nan,0.21146073521494146
11.950000000000001,full+plan,shared,6.954743140226296e-06,1.7041462419732437e-06,2,2,free,0,0.1478490084978955,0.1705552774020627,5,1,840,0,0,0,0.0,0.25,nan,0.21146092779787307
12.0,full+plan,shared,6.728003224042095e-06,1.6473177427461954e-06,2,2,free,0,0.147840209368634,0.1705547735443549,5,1,840,0,0,0,0.0,0.25,nan,0.21146111257643596
12.05,full+plan,shared,6.508448285640319e-06,1.5923705279775147e-06,2,2,free,0,0.14783170306070698,0.17055428652671098,5,1,840,0,0,0,0.0,0.25,nan,0.21146128986362378
12.100000000000001,full+plan,shared,6.295863087115955e-06,1.5392432208402257e-06,2,2,free,0,0.1478234799239474,0.17055381579005538,5,1,840,0,0,0,0.0,0.25,nan,0.21146145996052768
12.15,full+plan,shared,6.090038094273581e-06,1.4878763835456944e-06,2,2,free,0,0.14781553061989616,0.17055336079361216,5,1,840,0,0,0,0.0,0.25,nan,0.21146162315668626
12.200000000000001,full+plan,shared,5.8907694038664915e-06,1.4382124700085633e-06,2,2,free,0,0.14780784611217113,0.1705529210143188,5,1,840,0,0,0,0.0,0.25,nan,0.2114617797304389
12.25,full+plan,shared,5.697858629949113e-06,1.390195755821145e-06,2,2,free,0,0.14780041765708374,0.17055249594627123,5,1,840,0,0,0,0.0,0.25,nan,0.21146192994938506
12.3,full+plan,shared,5.511112787793346e-06,1.3437723100012471e-06,2,2,free,0,0.1477932367945135,0.17055208510015582,5,1,840,0,0,0,0.0,0.25,nan,0.21146207407060513
12.350000000000001,full+plan,shared,5.330344239378353e-06,1.298889906688681e-06,2,2,free,0,0.14778629533908028,0.17055168800275,5,1,840,0,0,0,0.0,0.25,nan,0.21146221234124873
12.4,full+plan,shared,5.155370412504083e-06,1.2554979903215451e-06,2,2,free,0,0.14777958537152852,0.17055130419639283,5,1,840,0,0,0,0.0,0.25,nan,0.2114623449986347
12.450000000000001,full+plan,shared,4.98601388667615e-06,1.2135476364759848e-06,2,2,free,0,0.14777309923036946,0.17055093323847267,5,1,840,0,0,0,0.0,0.25,nan,0.2114624722708155
12.5,full+plan,shared,4.822102083674146e-06,1.1729914763963816e-06,2,2,free,0,0.1477668295037886,0.17055057470097157,5,1,840,0,0,0,0.0,0.25,nan,0.21146259437681947
12.55,full+plan,shared,4.663467309746746e-06,1.1337836689791482e-06,2,2,free,0,0.14776076902175794,0.1705502281699759,5,1,840,0,0,0,0.0,0.25,nan,0.21146271152695972
12.600000000000001,full+plan,shared,4.509946590138394e-06,1.0958798487308293e-06,2,2,free,0,0.14775491084839332,0.17054989324522696,5,1,840,0,0,0,0.0,0.25,nan,0.2114628239231836
12.65,full+plan,shared,4.361381598552361e-06,1.0592370862963855e-06,2,2,free,0,0.14774924827452884,0.17054956953967,5,1,840,0,0,0,0.0,0.25,nan,0.21146293175936026
12.700000000000001,full+plan,shared,4.2176184888021514e-06,1.0238138210539203e-06,2,2,free,0,0.14774377481054957,0.17054925667905882,5,1,840,0,0,0,0.0,0.25,nan,0.21146303522159993
12.75,full+plan,shared,4.078507805633894e-06,9.895698494810501e-07,2,2,free,0,0.1477384841793698,0.1705489543015044,5,1,840,0,0,0,0.0,0.25,nan,0.21146313448856324
12.8,full+plan,shared,3.943904413399556e-06,9.564662621865616e-07,2,2,free,0,0.14773337030967787,0.1705486620570963,5,1,840,0,0,0,0.0,0.25,nan,0.21146322973171217
12.850000000000001,full+plan,shared,3.8136674105672408e-06,9.244654106080507e-07,2,2,free,0,0.14772842732935804,0.17054837960750602,5,1,840,0,0,0,0.0,0.25,nan,0.21146332111556354
12.9,full+plan,shared,3.6876599183298917e-06,8.935308728006402e-07,2,2,free,0,0.1477236495591106,0.17054810662560685,5,1,840,0,0,0,0.0,0.25,nan,0.21146340879805414
12.950000000000001,full+plan,shared,3.565749063854952e-06,8.636274043710931e-07,2,2,free,0,0.1477190315062869,0.17054784279511756,5,1,840,0,0,0,0.0,0.25,nan,0.21146349293066746
13.0,full+plan,shared,3.4478058963832083e-06,8.347209054655421e-07,2,2,free,0,0.14771456785888853,0.17054758781024879,5,1,840,0,0,0,0.0,0.25,nan,0.21146357365872548
13.05,full+plan,shared,3.333705261096672e-06,8.067783934621989e-07,2,2,free,0,0.1477102534797486,0.17054734137534833,5,1,840,0,0,0,0.0,0.25,nan,0.21146365112168908
13.100000000000001,full+plan,shared,3.2233256901153925e-06,7.797679518339984e-07,2,2,free,0,0.14770608340091274,0.1705471032045864,5,1,840,0,0,0,0.0,0.25,nan,0.2114637254533217
13.15,full+plan,shared,3.116549339634733e-06,7.536587129503897e-07,2,2,free,0,0.14770205281817378,0.17054687302162005,5,1,840,0,0,0,0.0,0.25,nan,0.21146379678193805
13.200000000000001,full+plan,shared,3.0132618595841324e-06,7.284208114876357e-07,2,2,free,0,0.1476981570857862,0.1705466505592933,5,1,840,0,0,0,0.0,0.25,nan,0.21146386523057192
13.25,full+plan,shared,2.9133523476652478e-06,7.040253606176095e-07,2,2,free,0,0.1476943917113333,0.17054643555932916,5,1,840,0,0,0,0.0,0.25,nan,0.21146393091728244
13.3,full+plan,shared,2.8167132113757945e-06,6.804444173259364e-07,2,2,free,0,0.14769075235076412,0.17054622777204154,5,1,840,0,0,0,0.0,0.25,nan,0.21146399395526883
13.350000000000001,full+plan,shared,2.7232401061742085e-06,6.576509586523902e-07,2,2,free,0,0.1476872348035746,0.17054602695604812,5,1,840,0,0,0,0.0,0.25,nan,0.21146405445307292
13.4,full+plan,shared,2.632831855057049e-06,6.356188362225134e-07,2,2,free,0,0.1476838350081615,0.17054583287801137,5,1,840,0,0,0,0.0,0.25,nan,0.2114641125147959
13.450000000000001,full+plan,shared,2.5453903464652974e-06,6.143227695742149e-07,2,2,free,0,0.14768054903728228,0.1705456453123538,5,1,840,0,0,0,0.0,0.25,nan,0.21146416824027015
13.5,full+plan,shared,2.460820463243221e-06,5.937383064346588e-07,2,2,free,0,0.14767737309369544,0.1705454640410146,5,1,840,0,0,0,0.0,0.25,nan,0.2114642217252093
13.55,full+plan,shared,2.379029990783038e-06,5.73841793245755e-07,2,2,free,0,0.14767430350592503,0.17054528885320377,5,1,840,0,0,0,0.0,0.25,nan,0.2114642730613917
13.600000000000001,full+plan,shared,2.299929556924913e-06,5.54610355407687e-07,2,2,free,0,0.14767133672415111,0.1705451195451586,5,1,840,0,0,0,0.0,0.25,nan,0.21146432233681767
13.65,full+plan,shared,2.223432513407064e-06,5.360218789175267e-07,2,2,free,0,0.1476684693162284,0.1705449559199014,5,1,840,0,0,0,0.0,0.25,nan,0.21146436963585857
13.700000000000001,full+plan,shared,2.1494549028722114e-06,5.18054964971777e-07,2,2,free,0,0.1476656979638603,0.1705447977870397,5,1,840,0,0,0,0.0,0.25,nan,0.21146441503940727
13.75,full+plan,shared,2.0779153599884264e-06,5.006889314150345e-07,2,2,free,0,0.14766301945885096,0.17054464496252303,5,1,840,0,0,0,0.0,0.25,nan,0.21146445862502083
13.8,full+plan,shared,2.0087350477217755e-06,4.839037717322894e-07,2,2,free,0,0.14766043069951124,0.1705444972684495,5,1,840,0,0,0,0.0,0.25,nan,0.21146450046703646
13.850000000000001,full+plan,shared,1.9418375791967613e-06,4.6768014008876243e-07,2,2,free,0,0.14765792868716598,0.1705443545328572,5,1,840,0,0,0,0.0,0.25,nan,0.21146454063673603
13.9,full+plan,shared,1.8771489470943533e-06,4.519993290817678e-07,2,2,free,0,0.14765551052276865,0.170544216589528,5,1,840,0,0,0,0.0,0.25,nan,0.21146457920245265
13.950000000000001,full+plan,shared,1.8145974623249134e-06,4.3684325355277395e-07,2,2,free,0,0.14765317340362816,0.17054408327779208,5,1,840,0,0,0,0.0,0.25,nan,0.21146461622969992
14.0,full+plan,shared,1.7541136814332877e-06,4.221944195511542e-07,2,2,free,0,0.14765091462025054,0.17054395444235515,5,1,840,0,0,0,0.0,0.25,nan,0.2114646517812756
14.05,full+plan,shared,1.6956303436467998e-06,4.080359167140291e-07,2,2,free,0,0.14764873155326358,0.17054382993310852,5,1,840,0,0,0,0.0,0.25,nan,0.21146468591739043
14.100000000000001,full+plan,shared,1.6390822995727029e-06,3.9435139232271315e-07,2,2,free,0,0.14764662167045606,0.17054370960496423,5,1,840,0,0,0,0.0,0.25,nan,0.21146471869574868
14.15,full+plan,shared,1.5844064543582318e-06,3.811250343120225e-07,2,2,free,0,0.14764458252390433,0.17054359331768668,5,1,840,0,0,0,0.0,0.25,nan,0.21146475017168143
14.200000000000001,full+plan,shared,1.531541732834227e-06,3.683415547904299e-07,2,2,free,0,0.14764261174718968,0.17054348093572946,5,1,840,0,0,0,0.0,0.25,nan,0.21146478039822514
14.25,full+plan,shared,1.4804289556329089e-06,3.559861753047226e-07,2,2,free,0,0.14764070705271648,0.1705433723280792,5,1,840,0,0,0,0.0,0.25,nan,0.21146480942622048
14.3,full+plan,shared,1.4310108623540538e-06,3.440446021606159e-07,2,2,free,0,0.14763886622910788,0.17054326736811107,5,1,840,0,0,0,0.0,0.25,nan,0.21146483730441157
14.350000000000001,full+plan,shared,1.38323198045525e-06,3.3250302147607264e-07,2,2,free,0,0.14763708713868268,0.17054316593343258,5,1,840,0,0,0,0.0,0.25,nan,0.21146486407951637
14.4,full+plan,shared,1.3370386216782787e-06,3.21348071879177e-07,2,2,free,0,0.14763536771502983,0.17054306790575394,5,1,840,0,0,0,0.0,0.25,nan,0.2114648897963317
14.450000000000001,full+plan,shared,1.2923788085108897e-06,3.1056684064154856e-07,2,2,free,0,0.14763370596064207,0.17054297317074119,5,1,840,0,0,0,0.0,0.25,nan,0.2114649144977906
14.5,full+plan,shared,1.2492022394656062e-06,3.001468418467444e-07,2,2,free,0,0.14763209994463988,0.17054288161789027,5,1,840,0,0,0,0.0,0.25,nan,0.21146493822506296
14.55,full+plan,shared,1.2074602016323173e-06,2.9007600324619925e-07,2,2,free,0,0.1476305478005675,0.1705427931403997,5,1,840,0,0,0,0.0,0.25,nan,0.21146496101761325
14.600000000000001,full+plan,shared,1.1671055536352935e-06,2.803426548444935e-07,2,2,free,0,0.1476290477242549,0.17054270763504426,5,1,840,0,0,0,0.0,0.25,nan,0.21146498291326898
14.65,full+plan,shared,1.1280926772418909e-06,2.7093551578594414e-07,2,2,free,0,0.14762759797175623,0.1705426250020563,5,1,840,0,0,0,0.0,0.25,nan,0.2114650039483018
14.700000000000001,full+plan,shared,1.0903774089036526e-06,2.618436800446925e-07,2,2,free,0,0.1476261968573509,0.1705425451450112,5,1,840,0,0,0,0.0,0.25,nan,0.21146502415748747
14.75,full+plan,shared,1.0539170172459726e-06,2.530566021593797e-07,2,2,free,0,0.14762484275161647,0.17054246797071818,5,1,840,0,0,0,0.0,0.25,nan,0.21146504357416085
14.8,full+plan,shared,1.0186701503129478e-06,2.4456408994919436e-07,2,2,free,0,0.1476235340795553,0.17054239338910757,5,1,840,0,0,0,0.0,0.25,nan,0.21146506223028239
14.850000000000001,full+plan,shared,9.845967977581265e-07,2.3635629163705777e-07,2,2,free,0,0.14762226931878725,0.1705423213131275,5,1,840,0,0,0,0.0,0.25,nan,0.21146508015649268
14.9,full+plan,shared,9.516582296837068e-07,2.2842368007747722e-07,2,2,free,0,0.14762104699780854,0.17054225165864845,5,1,840,0,0,0,0.0,0.25,nan,0.21146509738217267
14.950000000000001,full+plan,shared,9.198169821131595e-07,2.207570480807412e-07,2,2,free,0,0.14761986569429358,0.1705421843443592,5,1,840,0,0,0,0.0,0.25,nan,0.21146511393549383
15.0,full+plan,shared,8.890368008678442e-07,2.133474943994364e-07,2,2,free,0,0.14761872403346432,0.1705421192916755,5,1,840,0,0,0,0.0,0.25,nan,0.21146512984347277
