t,mode,scenario,e_left,e_right,step_left,step_right,coord_state,plan_active,d_self_model,d_env_model,n_constraints,qp_ok,n_obstacle_pts,n_arm_arm,n_arm_env,n_arm_torso,pen,d_arms,d_obst,d_belt
0.05,full,converge,0.2353740052161439,0.23537400504707728,0,0,free,0,0.05676101943747254,0.16504642260436408,5,1,752,0,0,0,0.0,0.25,nan,0.21201724964604807
0.1,full,converge,0.20653811359267588,0.2106337990496868,0,0,free,0,0.052502152086353296,0.15076234118440393,6,1,752,0,0,0,0.0,0.2355206280275939,nan,0.21243750271361173
0.15000000000000002,full,converge,0.18248371402788124,0.18798441385761963,0,0,free,0,0.053568283751980486,0.138422862231838,6,1,752,0,0,0,0.0,0.1941879687124645,nan,0.21266152522065196
0.2,full,converge,0.16097339021380022,0.16735918132701552,0,0,free,0,0.05468313978322363,0.12761910450948427,6,1,826,0,0,0,0.0,0.15741735706481313,nan,0.2128212478068242
0.25,full,converge,0.1416459658945223,0.1490547120001661,0,0,free,0,0.05457479357989557,0.11831036710373025,10,1,826,0,0,0,0.0,0.1420154179354708,nan,0.21195932786037275
0.30000000000000004,full,converge,0.13384029447557025,0.14029177126486303,0,0,free,0,0.06354415106207713,0.11307536447493416,10,0,826,0,0,0,0.0,0.1420154179354708,nan,0.21195932786037275
0.35000000000000003,full,converge,0.13384029447557025,0.14029177126486303,0,0,free,0,0.06354415106207713,0.11307536447493416,10,0,830,0,0,0,0.0,0.1420154179354708,nan,0.21195932786037275
0.4,full,converge,0.13384029447557025,0.14029177126486303,0,0,free,0,0.06354415106207713,0.11307536447493416,10,0,830,0,0,0,0.0,0.1420154179354708,nan,0.21195932786037275
0.45,full,converge,0.13384029447557025,0.14029177126486303,0,0,free,0,0.06354415106207713,0.11307536447493416,10,0,830,0,0,0,0.0,0.1420154179354708,nan,0.21195932786037275
0.5,full,converge,0.13384029447557025,0.14029177126486303,0,0,free,0,0.06354415106207713,0.11307536447493416,10,0,830,0,0,0,0.0,0.1420154179354708,nan,0.21195932786037275
0.55,full,converge,0.13384029447557025,0.14029177126486303,0,0,free,0,0.06354415106207713,0.11307536447493416,10,0,830,0,0,0,0.0,0.1420154179354708,nan,0.21195932786037275
0.6000000000000001,full,converge,0.13384029447557025,0.14029177126486303,0,0,free,0,0.06354415106207713,0.11307536447493416,10,0,830,0,0,0,0.0,0.1420154179354708,nan,0.21195932786037275
0.65,full,converge,0.13384029447557025,0.14029177126486303,0,0,free,0,0.06354415106207713,0.11307536447493416,10,0,830,0,0,0,0.0,0.1420154179354708,nan,0.21195932786037275
0.7000000000000001,full,converge,0.13384029447557025,0.14029177126486303,0,0,free,0,0.06354415106207713,0.11307536447493416,10,0,830,0,0,0,0.0,0.1420154179354708,nan,0.21195932786037275
0.75,full,converge,0.13384029447557025,0.14029177126486303,0,0,free,0,0.06354415106207713,0.11307536447493416,10,0,830,0,0,0,0.0,0.1420154179354708,nan,0.21195932786037275
0.8,full,converge,0.13384029447557025,0.14029177126486303,0,0,free,0,0.06354415106207713,0.11307536447493416,10,0,830,0,0,0,0.0,0.1420154179354708,nan,0.21195932786037275
0.8500000000000001,full,converge,0.13384029447557025,0.14029177126486303,0,0,free,0,0.06354415106207713,0.11307536447493416,10,0,830,0,0,0,0.0,0.1420154179354708,nan,0.21195932786037275
0.9,full,converge,0.13384029447557025,0.14029177126486303,0,0,free,0,0.06354415106207713,0.11307536447493416,10,0,830,0,0,0,0.0,0.1420154179354708,nan,0.21195932786037275
0.9500000000000001,full,converge,0.13384029447557025,0.14029177126486303,0,0,free,0,0.06354415106207713,0.11307536447493416,10,0,830,0,0,0,0.0,0.1420154179354708,nan,0.21195932786037275
1.0,full,converge,0.13384029447557025,0.14029177126486303,0,0,free,0,0.06354415106207713,0.11307536447493416,10,0,830,0,0,0,0.0,0.1420154179354708,nan,0.21195932786037275
1.05,full,converge,0.13384029447557025,0.14029177126486303,0,0,free,0,0.06354415106207713,0.11307536447493416,10,0,830,0,0,0,0.0,0.1420154179354708,nan,0.21195932786037275
1.1,full,converge,0.13384029447557025,0.14029177126486303,0,0,free,0,0.06354415106207713,0.11307536447493416,10,0,830,0,0,0,0.0,0.1420154179354708,nan,0.21195932786037275
1.1500000000000001,full,converge,0.13384029447557025,0.14029177126486303,0,0,free,0,0.06354415106207713,0.11307536447493416,10,0,830,0,0,0,0.0,0.1420154179354708,nan,0.21195932786037275
1.2000000000000002,full,converge,0.13384029447557025,0.14029177126486303,0,0,yield,0,0.06354415106207713,0.11307536447493416,10,1,830,0,0,0,0.0,0.14447439274641097,nan,0.2122901032876211
1.25,full,converge,0.11784275990490832,0.16002108535888035,0,0,yield,0,0.06330233026358136,0.12662716384949263,10,1,830,0,0,0,0.0,0.14885159257181146,nan,0.2126173925578524
1.3,full,converge,0.10383131109801239,0.1789173328651942,0,0,yield,0,0.06336044902668299,0.1194277782451558,10,1,830,0,0,0,0.0,0.15422445307284288,nan,0.2129556003010321
1.35,full,converge,0.09154561981732692,0.19632092268283155,0,0,yield,0,0.06347227100568299,0.11247965199497548,10,1,830,0,0,0,0.0,0.15908965432464242,nan,0.2133099864148259
1.4000000000000001,full,converge,0.08076506502966954,0.21169154158142914,0,0,yield,0,0.06345841601269687,0.10683015543317986,10,1,832,0,0,0,0.0,0.16129909661333694,nan,0.21440403629118798
1.4500000000000002,full,converge,0.07260835395575771,0.2252322050949802,0,0,yield,0,0.06791285088886943,0.10463128251235226,10,1,832,0,0,0,0.0,0.1637821948214632,nan,0.21577975293561724
1.5,full,converge,0.06587457799754383,0.23714195782886505,0,0,yield,0,0.0718740262544691,0.10376197204834195,9,1,832,0,0,0,0.0,0.16632903287361794,nan,0.2171434300668097
1.55,full,converge,0.06029719701098086,0.24760605883052345,0,0,yield,0,0.07546067622630391,0.1034712150622756,8,1,835,0,0,0,0.0,0.1688548807314849,nan,0.21846823302300067
1.6,full,converge,0.055744414812198946,0.256792850067369,0,0,yield,0,0.07866063260330088,0.10358524771882222,8,1,835,0,0,0,0.0,0.17130563929159054,nan,0.21973169558632633
1.6500000000000001,full,converge,0.05208365739722127,0.264853416103186,0,0,yield,0,0.08148261155553553,0.10396637298133196,7,1,835,0,0,0,0.0,0.1736469936673812,nan,0.22091659873549385
1.7000000000000002,full,converge,0.04918343882538611,0.2719224064337683,0,0,yield,0,0.08394899145751987,0.10450946683886816,6,1,837,0,0,0,0.0,0.17585779611585495,nan,0.22201122085030234
1.75,full,converge,0.04691728095680052,0.27811931047252353,0,0,yield,0,0.08608981224247268,0.105137229248321,6,1,837,0,0,0,0.0,0.17792601091174692,nan,0.22300905938369142
1.8,full,converge,0.04516810382769811,0.2835498660031485,0,0,yield,0,0.08793837226037353,0.10579502853697911,6,1,837,0,0,0,0.0,0.17984612082370946,nan,0.2239081531711805
1.85,full,converge,0.043831782702801206,0.2883074559508833,0,0,yield,0,0.0895282910332769,0.10644595921815447,6,1,837,0,0,0,0.0,0.18161735300349063,nan,0.2247101778875854
1.9000000000000001,full,converge,0.04281916066639107,0.2924744288747835,0,0,yield,0,0.09089171407282569,0.10706648060490001,5,1,837,0,0,0,0.0,0.18324238236677864,nan,0.22541948485887142
1.9500000000000002,full,converge,0.04205642642765936,0.2961233168789398,0,0,yield,0,0.09205832731922108,0.10764279358163881,4,1,837,0,0,0,0.0,0.18472633958363338,nan,0.22604220979200218
2.0,full,converge,0.04148419419831219,0.2993179433153101,0,0,yield,0,0.09305491013075494,0.10816796764166109,4,1,837,0,0,0,0.0,0.18607603587603705,nan,0.22658552207954907
2.0500000000000003,full,converge,0.04105578741446635,0.30211442161389046,0,0,yield,0,0.09390522770078151,0.1086397465590919,4,1,837,0,0,0,0.0,0.1872993559479486,nan,0.22705703852382875
2.1,full,converge,0.04073519221854539,0.30456205088651656,0,0,yield,0,0.0946301252520985,0.10905892422380356,4,1,837,0,0,0,0.0,0.1884047874741847,nan,0.22746439478766567
2.15,full,converge,0.0404950164322796,0.30670411578708234,0,0,yield,0,0.09524773248792882,0.10942817538335528,4,1,837,0,0,0,0.0,0.18940106288601133,nan,0.2278149523334415
2.2,full,converge,0.04031464850465025,0.3085785987689117,0,0,yield,0,0.09577371977589937,0.10975123577300089,4,1,837,0,0,0,0.0,0.19029311630884788,nan,0.22811561347073084
2.25,full,converge,0.04017870018442627,0.31021881282777486,0,0,yield,0,0.09622104284835946,0.1100323427417694,4,1,837,0,0,0,0.0,0.1909623748823683,nan,0.2283727179310192
2.3000000000000003,full,converge,0.040075745480516255,0.31165396252882693,0,0,yield,0,0.09660081407216196,0.11027586540998632,4,1,837,0,0,0,0.0,0.1915661766574382,nan,0.22859199807008557
2.35,full,converge,0.03999733035038798,0.3129096405967387,0,0,yield,0,0.09692337092179464,0.11048606984160819,4,1,837,0,0,0,0.0,0.1921096748420996,nan,0.22877857429961412
2.4000000000000004,full,converge,0.03993721181774921,0.31400826683343075,0,0,yield,0,0.09719745817865104,0.11066697847501022,4,1,837,0,0,0,0.0,0.1925979098241893,nan,0.2289369766852677
2.45,full,converge,0.03989078250870113,0.314969475537417,0,0,yield,0,0.09743046690624522,0.11082229398853716,4,1,837,0,0,0,0.0,0.19303572545713235,nan,0.22907118238179247
2.5,full,converge,0.03985464033328358,0.3158104570664637,0,0,yield,0,0.09762864580499674,0.11095536618768248,4,1,837,0,0,0,0.0,0.1934277145104681,nan,0.22918466157088357
2.5500000000000003,full,converge,0.03982626932288344,0.3165462586380111,0,0,yield,0,0.09779727983848101,0.11106918675449726,4,1,837,0,0,0,0.0,0.19377818602728542,nan,0.22928042686376926
2.6,full,converge,0.03980380427245252,0.3171900489879735,0,0,yield,0,0.09794084086383907,0.1111664013068239,4,1,837,0,0,0,0.0,0.19409114886597764,nan,0.22936108283636558
2.6500000000000004,full,converge,0.03978585786343737,0.31775335101079655,0,0,yield,0,0.09806311452464504,0.11124933153824226,4,1,837,0,0,0,0.0,0.19437030706983363,nan,0.2294288736017046
2.7,full,converge,0.03977139400970708,0.3182462461062778,0,0,yield,0,0.09816730707167719,0.11132000256012334,4,1,837,0,0,0,0.0,0.19461906364489875,nan,0.22948572718915916
2.75,full,converge,0.039759635193301855,0.3186775535432587,0,0,yield,0,0.09825613531804621,0.11138017225383973,4,1,837,0,0,0,0.0,0.19484053017927608,nan,0.22953329609989692
2.8000000000000003,full,converge,0.039749994702487634,0.3190549877960132,0,0,yield,0,0.09833190241037741,0.11143136058951192,4,1,837,0,0,0,0.0,0.19503754038748325,nan,0.22957299381309937
2.85,full,converge,0.03974202707257855,0.31938529648888914,0,0,yield,0,0.0983965616446189,0.11147487765295305,4,1,837,0,0,0,0.0,0.19521266604016593,nan,0.2296060272608943
2.9000000000000004,full,converge,0.039735391787670514,0.3196743812760046,0,0,yield,0,0.09845177032164486,0.11103250263298584,4,1,837,0,0,0,0.0,0.1953682342638102,nan,0.22963342546719023
2.95,full,converge,0.03972982666184979,0.3199274037254898,0,0,yield,0,0.09849893516551915,0.11106410811694381,4,1,837,0,0,0,0.0,0.19550634541310816,nan,0.22965606462269406
3.0,full,converge,0.03972512827405497,0.32014887803595504,0,0,yield,0,0.0985392506494399,0.11109093726189959,4,1,837,0,0,0,0.0,0.19562889085632462,nan,0.2296746899163672
3.0500000000000003,full,converge,0.03972113753009723,0.32034275219699837,0,0,yield,0,0.09857373144205299,0.11111370040040983,4,1,837,0,0,0,0.0,0.19573757042285111,nan,0.22968993445549157
3.1,full,converge,0.039717728995049356,0.3205124790145085,0,0,yield,0,0.09860323975176764,0.11113300427696432,4,1,837,0,0,0,0.0,0.19583390909364273,nan,0.2297023356064133
3.1500000000000004,full,converge,0.039714802957270916,0.32066107825465856,0,0,yield,0,0.09862850851638842,0.1111493666389386,4,1,837,0,0,0,0.0,0.19591927284978736,nan,0.22971234906154103
3.2,full,converge,0.039712279509104866,0.32079119100686637,0,0,escalate,0,0.09865016100061307,0.11116322891371563,4,1,837,0,0,0,0.0,0.1583329138708388,nan,0.22972036091814207
3.25,full,converge,0.039710094104091126,0.2810375842124184,0,0,escalate,0,0.09866872739377962,0.1111749671880968,7,1,837,0,0,0,0.0,0.1420661998056323,nan,0.22733588056906096
3.3000000000000003,full,converge,0.041405115831824595,0.25532521175334943,0,0,escalate,0,0.09816990911216221,0.10984381568335469,8,1,837,0,0,0,0.0,0.12948407062438716,nan,0.22542915183325685
3.35,full,converge,0.04426720226217732,0.23342418348946117,0,0,escalate,0,0.09825813098109436,0.10958563656036063,10,1,837,0,0,0,0.0,0.12004405255449668,nan,0.2239116433756937
3.4000000000000004,full,converge,0.047746697777032235,0.2147304023915321,0,0,escalate,0,0.08872845203942502,0.10939903861946695,10,1,837,0,0,0,0.0,0.11303712039681471,nan,0.22271147540803182
3.45,full,converge,0.05146933967849462,0.1985758972648342,0,0,escalate,0,0.08026771259726377,0.10961242936160995,10,1,837,0,0,0,0.0,0.10647783109461921,nan,0.22177805624937397
3.5,full,converge,0.055195706191745506,0.18437124489200732,0,0,escalate,0,0.0728845133547441,0.11012884001612358,10,1,837,0,0,0,0.0,0.09864057123408612,nan,0.22105457853948474
3.5500000000000003,full,converge,0.05879175715198909,0.17187642444158774,0,0,escalate,0,0.06645577375529758,0.11085415296969447,10,1,837,0,0,0,0.0,0.09208410433732621,nan,0.2204948529843619
3.6,full,converge,0.06213636636631477,0.1610791560929248,0,0,escalate,0,0.06124476860535545,0.11169088267640473,10,1,837,0,0,0,0.0,0.08692467607897267,nan,0.22004922250325387
3.6500000000000004,full,converge,0.06512551390988042,0.15205409432205189,0,0,escalate,0,0.0574007725839976,0.11253196649140346,10,1,837,0,0,0,0.0,0.08281749541857146,nan,0.21939681358571594
3.7,full,converge,0.06767306415661287,0.14440894648680097,0,0,escalate,0,0.05436021562201511,0.1130028875695962,10,1,837,0,0,0,0.0,0.07921136695467638,nan,0.2186957064094236
3.75,full,converge,0.06991065566507579,0.137768265571296,0,0,escalate,0,0.05171619488020683,0.11330731189011486,10,1,837,0,0,0,0.0,0.07545665489010807,nan,0.2184890196913677
3.8000000000000003,full,converge,0.07208066685036792,0.13132331861532875,0,0,escalate,0,0.048250074614533914,0.11405871189104305,10,1,837,0,0,0,0.0,0.0723309497973378,nan,0.21858608990270845
3.85,full,converge,0.07417928751590847,0.12577975311840753,0,0,escalate,0,0.045362302114487066,0.11382297459439386,10,1,837,0,0,0,0.0,0.06967975337313477,nan,0.2187306406142594
3.9000000000000004,full,converge,0.07608839006118139,0.12100939244440934,0,0,escalate,0,0.04299333200175533,0.11084814820442584,10,1,837,0,0,0,0.0,0.06749116876822536,nan,0.21891269233387878
3.95,full,converge,0.0778151167077789,0.11690325244073738,0,0,escalate,0,0.040877959655540225,0.10832402929377194,10,1,837,0,0,0,0.0,0.06569024324716771,nan,0.21912410439199947
4.0,full,converge,0.07936951903930137,0.11336800656045704,0,0,escalate,0,0.039073141382691495,0.10617455461653433,10,1,837,0,0,0,0.0,0.06421334111066565,nan,0.21935814177259705
4.05,full,converge,0.08076326641708764,0.11032362934198349,0,0,escalate,0,0.03756860158209083,0.10433720886345008,10,1,837,0,0,0,0.0,0.06290366235398158,nan,0.21960922244818526
4.1000000000000005,full,converge,0.0820087726065932,0.10770142432779777,0,0,escalate,0,0.036314086120851324,0.10276044297990714,10,1,837,0,0,0,0.0,0.061782801907533914,nan,0.21987275321873045
4.15,full,converge,0.08311860491999264,0.10544236907108819,0,0,escalate,0,0.03526785249034903,0.10140161347647711,10,1,837,0,0,0,0.0,0.06085259650700701,nan,0.22014500402386428
4.2,full,converge,0.08410508767423673,0.10349572120679812,0,0,escalate,0,0.03439520206632682,0.10022534273406472,10,1,837,0,0,0,0.0,0.06008255525668872,nan,0.219870339921849
4.25,full,converge,0.0849800416998624,0.10181783952315386,0,0,escalate,0,0.033667269030405844,0.09920221159929524,10,1,837,0,0,0,0.0,0.05944688582448867,nan,0.21921857352675878
4.3,full,converge,0.08575462065746609,0.10037118240735848,0,0,escalate,0,0.033060022022456365,0.09830771056150545,10,1,837,0,0,0,0.0,0.05892383948371872,nan,0.21860323866830111
4.3500000000000005,full,converge,0.08643921667981562,0.09912345351987305,0,0,escalate,0,0.032553441165528496,0.09752139167626664,10,1,837,0,0,0,0.0,0.05849513241594338,nan,0.21802006721635758
4.4,full,converge,0.08704341595675971,0.09804687021139381,0,0,escalate,0,0.03213083915412443,0.0968261764696273,10,1,837,0,0,0,0.0,0.0581454353024091,nan,0.2174653518201074
4.45,full,converge,0.08757598978130184,0.09711753530932321,0,0,escalate,0,0.031778300420745614,0.09620778715405287,10,1,837,0,0,0,0.0,0.057861925799796994,nan,0.21693589104588307
4.5,full,converge,0.08804491045325241,0.09631489645519538,0,0,escalate,0,0.03148421706079357,0.0956542762188484,10,1,837,0,0,0,0.0,0.057633899151535856,nan,0.21642893004297592
4.55,full,converge,0.08845738390621866,0.09562128023942008,0,0,escalate,0,0.031238904108840407,0.09515563620071163,10,1,838,0,0,0,0.0,0.05745243220647721,nan,0.21594210115052792
4.6000000000000005,full,converge,0.08881989309004622,0.09502149049254104,0,0,escalate,0,0.031034280034962405,0.09470347513260041,10,1,838,0,0,0,0.0,0.0573100957000728,nan,0.21547336763277103
4.65,full,converge,0.08913824759867198,0.09450246185362776,0,0,escalate,0,0.03086360098201113,0.09429074654158437,10,1,838,0,0,0,0.0,0.057200709664989274,nan,0.21502097255743846
4.7,full,converge,0.08941763616135379,0.0940529611951607,0,0,escalate,0,0.03072123940957852,0.09391152496771368,10,1,838,0,0,0,0.0,0.05711913664792191,nan,0.21458339358259526
4.75,full,converge,0.08966267974679672,0.0936633303114386,0,0,escalate,0,0.030602499540258607,0.09356081930700971,10,1,838,0,0,0,0.0,0.057061107794585834,nan,0.2141593040389277
4.800000000000001,full,converge,0.0898774835250586,0.09332526441670692,0,0,escalate,0,0.030503463373571765,0.0932344178152357,10,1,838,0,0,0,0.0,0.057023077124513065,nan,0.2137475398649752
4.8500000000000005,full,converge,0.0900656866981679,0.09303162148654902,0,0,escalate,0,0.030420862143040087,0.0929287593751425,10,1,839,0,0,0,0.0,0.05700209986606583,nan,0.21334707205308845
4.9,full,converge,0.09023050937703152,0.09277625838210489,0,0,escalate,0,0.030351968980989283,0.0926408266677893,10,1,839,0,0,0,0.0,0.05694714383114618,nan,0.21295698383951456
4.95,full,converge,0.09037479623222149,0.09255388994914214,0,0,escalate,0,0.03029450928317906,0.09236805753284338,10,1,839,0,0,0,0.0,0.05689098823566221,nan,0.2125764519805199
5.0,full,converge,0.09050105667007713,0.09235996801215028,0,0,escalate,0,0.030246585853951985,0.09210827125629834,10,1,839,0,0,0,0.0,0.05684480646733119,nan,0.21220473151489905
5.050000000000001,full,converge,0.09061150152744368,0.09219057746978421,0,0,escalate,0,0.030206616398682162,0.0918596074413994,10,1,839,0,0,0,0.0,0.05680720454687105,nan,0.21184114330749393
5.1000000000000005,full,converge,0.09070807642257127,0.0920423470577502,0,0,escalate,0,0.03017328133664135,0.09162047497992748,10,1,839,0,0,0,0.0,0.056777031199057616,nan,0.2114850640310738
5.15,full,converge,0.09079249180479677,0.09191237281093154,0,0,escalate,0,0.030145480234172503,0.09138950971973173,10,1,839,0,0,0,0.0,0.05675333697624058,nan,0.21113591797852604
5.2,full,converge,0.09086625002574521,0.091798152325155,0,0,escalate,0,0.030122295443557878,0.09116553903728869,10,1,839,0,0,0,0.0,0.056735340378532284,nan,0.21079317046221357
5.25,full,converge,0.09093066954544225,0.09169752837313569,0,0,escalate,0,0.0301029617597231,0.09094755229466456,10,1,839,0,0,0,0.0,0.05672239976628309,nan,0.21045632240493017
5.300000000000001,full,converge,0.09098690657202003,0.09160864048429754,0,0,escalate,0,0.030086841104065315,0.09073467607716695,10,1,839,0,0,0,0.0,0.056713990076985965,nan,0.21012490596906142
5.3500000000000005,full,converge,0.09103597430598544,0.0915298834068925,0,0,escalate,0,0.030073401405004765,0.09052615349434623,10,1,839,0,0,0,0.0,0.05670968354460267,nan,0.20979848094217945
5.4,full,converge,0.09107876005317751,0.0914598714344747,0,0,escalate,0,0.030062198982221483,0.09032132676749821,10,1,839,0,0,0,0.0,0.05670913367913819,nan,0.20947663180248
5.45,full,converge,0.0911160403915017,0.09139740777339074,0,0,escalate,0,0.03005286385669423,0.09011962260395334,10,1,839,0,0,0,0.0,0.05671206202354746,nan,0.20915896523143263
5.5,full,converge,0.09114849459426184,0.09134145824120841,0,0,escalate,0,0.03004508749892594,0.08992053987608303,10,1,839,0,0,0,0.0,0.05671824714552696,nan,0.20884510807662704
5.550000000000001,full,converge,0.09117671649243463,0.0912911286677222,0,0,escalate,0,0.03003861261434565,0.0897236392258948,10,1,839,0,0,0,0.0,0.056727515504262915,nan,0.2085347056236465
5.6000000000000005,full,converge,0.09120122495066431,0.09124564546878497,0,0,escalate,0,0.030033103889865576,0.08952853427541277,10,1,839,0,0,0,0.0,0.056739733868550475,nan,0.20822742016069562
5.65,full,converge,0.09122247307134988,0.09120433897814868,0,0,escalate,0,0.03002849417638212,0.08933488425660313,10,1,839,0,0,0,0.0,0.05675480302090546,nan,0.20792292968641768
5.7,full,converge,0.09124085634557871,0.09116662906607187,0,0,escalate,0,0.030024673385980027,0.08914238766128277,10,1,839,0,0,0,0.0,0.05677265252235671,nan,0.20762092684137812
5.75,full,converge,0.0912567197995856,0.09113201279813593,0,0,escalate,0,0.030021511669413997,0.0889507769312208,10,1,839,0,0,0,0.0,0.05679323636107411,nan,0.2073211179685578
5.800000000000001,full,converge,0.09127036425215301,0.09110005383538859,0,0,escalate,0,0.03001890071779975,0.08875981393612992,10,1,839,0,0,0,0.0,0.056816529320508964,nan,0.20702322227776515
5.8500000000000005,full,converge,0.0912820518458846,0.09107037327628816,0,0,escalate,0,0.03001675018639502,0.08856928612554005,10,1,839,0,0,0,0.0,0.056842523963380666,nan,0.2067269711132148
5.9,full,converge,0.09129201088136915,0.09104264179500846,0,0,escalate,0,0.03001498471250688,0.0883790032414368,10,1,840,0,0,0,0.0,0.05687122810525711,nan,0.20643210727460082
5.95,full,converge,0.0913004400634653,0.09101657285514336,0,0,escalate,0,0.030013541428856566,0.08818879453322073,10,1,840,0,0,0,0.0,0.05690266271165928,nan,0.20613838443397203
6.0,full,converge,0.09130751222465129,0.09099191686908159,0,0,escalate,0,0.030012367890024483,0.08799850637160475,10,1,840,0,0,0,0.0,0.056936860139590297,nan,0.20584556658708475
6.050000000000001,full,converge,0.09131337756052382,0.09096845618578077,0,0,escalate,0,0.030011420343197343,0.08780800022262308,10,1,840,0,0,0,0.0,0.0568438206473882,nan,0.20555342753907924
6.1000000000000005,full,converge,0.091318166516536,0.0909460007147045,0,0,escalate,0,0.03001066228676394,0.08761715088208694,10,1,840,0,0,0,0.0,0.05665089202404251,nan,0.20526175047276063
6.15,full,converge,0.091321992255634,0.09092438421077356,0,0,escalate,0,0.03001006326724015,0.08742584503478601,10,1,840,0,0,0,0.0,0.05645940231707186,nan,0.20497032750144417
6.2,full,converge,0.09132495284373021,0.09090346104117986,0,0,escalate,0,0.03000959787689972,0.08723397995052021,10,1,840,0,0,0,0.0,0.05626933311930663,nan,0.20467895927510116
6.25,full,converge,0.09132713316968029,0.09088310338554259,0,0,escalate,0,0.030009244917537814,0.08704146239348351,10,1,840,0,0,0,0.0,0.05608067700848509,nan,0.20438745461816998
6.300000000000001,full,converge,0.09132860660783829,0.09086319883419118,0,0,escalate,0,0.030008986702915658,0.08684820769326992,10,1,840,0,0,0,0.0,0.05589343692507704,nan,0.2040956301804534
6.3500000000000005,full,converge,0.0913294364590583,0.09084364832294974,0,0,escalate,0,0.030008808476887416,0.08665413894811319,10,1,840,0,0,0,0.0,0.055707625627890604,nan,0.2038033101188349
6.4,full,converge,0.09132967725024728,0.09082436431066315,0,0,escalate,0,0.03000869792804728,0.08645918633836894,10,1,840,0,0,0,0.0,0.05552326525618869,nan,0.2035103257818297
6.45,full,converge,0.09132937582498873,0.09080526924487987,0,0,escalate,0,0.030008644785206623,0.08626328651998202,10,1,840,0,0,0,0.0,0.05534038698405054,nan,0.20321651543390795
6.5,full,converge,0.09132857231175001,0.09078629421879497,0,0,escalate,0,0.030008640479325055,0.08606638213582943,10,1,840,0,0,0,0.0,0.05515903067100774,nan,0.20292172398317676
6.550000000000001,full,converge,0.0913273009919699,0.09076737778835044,0,0,escalate,0,0.03000867786225131,0.08586842135698552,10,1,840,0,0,0,0.0,0.054979244688957665,nan,0.20262580273665576
6.6000000000000005,full,converge,0.09132559100218894,0.09074846500189455,0,0,escalate,0,0.03000875097077227,0.08566935753937654,10,1,840,0,0,0,0.0,0.05480108566377999,nan,0.20232860915391326
6.65,full,converge,0.09132346700806154,0.09072950649839526,0,0,escalate,0,0.030008854830961385,0.08546914887966167,10,1,840,0,0,0,0.0,0.054624618318843104,nan,0.20203000660734227
6.7,full,converge,0.09132094976430055,0.09071045775223985,0,0,escalate,0,0.0300089852946315,0.08526775812072179,10,1,840,0,0,0,0.0,0.05444991535561068,nan,0.20172986421370254
6.75,full,converge,0.09131805658241259,0.09069127844306163,0,0,escalate,0,0.030009138901808008,0.08506515236969553,10,1,840,0,0,0,0.0,0.05427705738029519,nan,0.2014280565962322
6.800000000000001,full,converge,0.09131480177207464,0.09067193187437088,0,0,escalate,0,0.030009312767015156,0.08486130284596083,10,1,840,0,0,0,0.0,0.05410613275479812,nan,0.20112446372524173
6.8500000000000005,full,converge,0.0913111970212532,0.0906523844691703,0,0,escalate,0,0.030009504484025562,0.08465618473550915,10,1,840,0,0,0,0.0,0.0539372376029364,nan,0.200818970727633
6.9,full,converge,0.09130725170506755,0.09063260536433837,0,0,escalate,0,0.03000971204613684,0.08444977701978651,10,1,840,0,0,0,0.0,0.053770475737811775,nan,0.20051146772984196
6.95,full,converge,0.09130297317217106,0.09061256603128758,0,0,escalate,0,0.030009933779902798,0.08424206235332943,10,1,840,0,0,0,0.0,0.05360595861635612,nan,0.20020184970990773
7.0,full,converge,0.09129836700767678,0.09059223993843082,0,0,escalate,0,0.030010168288953032,0.08403302697435286,10,1,840,0,0,0,0.0,0.053443805354711056,nan,0.1998900163525733
7.050000000000001,full,converge,0.09129343721688297,0.09057160230321003,0,0,escalate,0,0.030010414408073255,0.08382266059424229,10,1,840,0,0,0,0.0,0.053284142665145404,nan,0.19957587191010562
7.1000000000000005,full,converge,0.0912881864439078,0.09055062981261172,0,0,escalate,0,0.030010671163770875,0.08361095634117113,10,1,840,0,0,0,0.0,0.05312710488576813,nan,0.1992593250755933
7.15,full,converge,0.09128261612353009,0.09052930042940595,0,0,escalate,0,0.030010937743261662,0.08339791062921456,10,1,840,0,0,0,0.0,0.052967104235939214,nan,0.1989429554026253
7.2,full,converge,0.09127868095655406,0.0905062725795209,0,0,escalate,0,0.03001124159880847,0.08318263226020106,10,1,840,0,0,0,0.0,0.05280303586929081,nan,0.19862789260201164
7.25,full,converge,0.09127670777701719,0.09048144876881875,0,0,escalate,0,0.030011582117837637,0.08296555947216613,10,1,840,0,0,0,0.0,0.05263631481345452,nan,0.19831427646848832
7.300000000000001,full,converge,0.09127619441345096,0.09045531336579724,0,0,escalate,0,0.030011937444226033,0.08274763927309378,10,1,840,0,0,0,0.0,0.052468190979698265,nan,0.19800224932559007
7.3500000000000005,full,converge,0.09127674859009245,0.09042824875263011,0,0,escalate,0,0.03001228745694523,0.08252966108210483,10,1,840,0,0,0,0.0,0.052299748866954134,nan,0.197691951130898
7.4,full,converge,0.09127806599732131,0.09040055469405707,0,0,escalate,0,0.030012615410749177,0.08231227942518646,10,1,840,0,0,0,0.0,0.05213191607699317,nan,0.19738351674209664
7.45,full,converge,0.09127991245677239,0.09037246441856749,0,0,escalate,0,0.030012908483688955,0.08209603390186737,10,1,840,0,0,0,0.0,0.05196547636012935,nan,0.19707707453967316
7.5,full,converge,0.0912821095144547,0.09034415780345074,0,0,escalate,0,0.030013157693740244,0.08188136679346714,10,1,840,0,0,0,0.0,0.05180108471583229,nan,0.1967727458628944
7.550000000000001,full,converge,0.09128452279882597,0.09031577220210997,0,0,escalate,0,0.030013357494956094,0.08166863813433076,10,1,840,0,0,0,0.0,0.051639282804467834,nan,0.19647064498439082
7.6000000000000005,full,converge,0.09128705263658338,0.09028741126643158,0,0,escalate,0,0.030013505225651632,0.08145813888505546,10,1,840,0,0,0,0.0,0.0514805137485853,nan,0.19617087933545962
7.65,full,converge,0.09128962650434198,0.090259152118018,0,0,escalate,0,0.030013600529711332,0.08125010212828074,10,1,840,0,0,0,0.0,0.05132513578045682,nan,0.19587354980739702
7.7,full,converge,0.09129219299401647,0.09023105112639693,0,0,escalate,0,0.03001364480923044,0.08104471257504134,10,1,840,0,0,0,0.0,0.051173434500837355,nan,0.19557875116724188
7.75,full,converge,0.09129471696510437,0.09020314858044948,0,0,escalate,0,0.030013640736299974,0.08084211476444705,10,1,840,0,0,0,0.0,0.05102563370409567,nan,0.19528657239024894
7.800000000000001,full,converge,0.09129717569385344,0.09017547242351129,0,0,escalate,0,0.030013591843650267,0.08064241986449952,10,1,840,0,0,0,0.0,0.05088190476310749,nan,0.1949970970011311
7.8500000000000005,full,converge,0.0912995558231668,0.09014804122054806,0,0,escalate,0,0.030013502188561192,0.08044571148992813,10,1,840,0,0,0,0.0,0.05074237474209955,nan,0.19471040331199407
7.9,full,converge,0.09130185095289425,0.09012086651345375,0,0,escalate,0,0.030013376090767846,0.08025205047059403,10,1,840,0,0,0,0.0,0.05060713328974494,nan,0.19442656466229902
7.95,full,converge,0.0913040597425049,0.09009395467572952,0,0,escalate,0,0.030013217928582275,0.080061478971692,10,1,840,0,0,0,0.0,0.050476238538054594,nan,0.19414564958820446
8.0,full,converge,0.09130618443513382,0.09006730836356343,0,0,escalate,0,0.030013031991168865,0.07987402383960099,10,1,840,0,0,0,0.0,0.05034972205743995,nan,0.19386772195627044
8.05,full,converge,0.09130822971401496,0.0900409276366754,0,0,escalate,0,0.03001282237427741,0.07968969939797502,10,1,840,0,0,0,0.0,0.05022759308239943,nan,0.19359284106718844
8.1,full,converge,0.09131020182379312,0.09001481082809516,0,0,escalate,0,0.030012592910634323,0.07950850975797077,10,1,840,0,0,0,0.0,0.05010984202412781,nan,0.1933210617438944
8.15,full,converge,0.09131210790920471,0.08998895518732009,0,0,escalate,0,0.03001234712765169,0.07853215296005145,10,1,840,0,0,0,0.0,0.049996443485994774,nan,0.19305243439855235
8.200000000000001,full,converge,0.09131395551869177,0.08996335737732879,0,0,escalate,0,0.030012088228672185,0.07835352145652338,10,1,840,0,0,0,0.0,0.04988735876152656,nan,0.19278700509426805
8.25,full,converge,0.09131575223951859,0.08993801382953891,0,0,escalate,0,0.030011819087085057,0.07817804371313239,10,1,840,0,0,0,0.0,0.049782537967166515,nan,0.1925248156193885
8.3,full,converge,0.0913175054376447,0.08991292100221192,0,0,escalate,0,0.030011542253101875,0.07800569784585765,10,1,840,0,0,0,0.0,0.04968192184493656,nan,0.19226590353352624
8.35,full,converge,0.09131922208254276,0.08988807555436036,0,0,escalate,0,0.03001125996884718,0.07783645857368407,10,1,840,0,0,0,0.0,0.04958544327719995,nan,0.192010302211162
8.4,full,converge,0.09132090864216409,0.08986347444354437,0,0,escalate,0,0.030010974188825895,0.07767029785669577,10,1,840,0,0,0,0.0,0.04949302860955516,nan,0.1917580409800289
8.450000000000001,full,converge,0.09132257097709048,0.08983911504101502,0,0,escalate,0,0.030010686600914133,0.0775071855077061,10,1,840,0,0,0,0.0,0.04940459873529307,nan,0.19150914512665385
8.5,full,converge,0.09132421434679704,0.08981499511579932,0,0,escalate,0,0.03001039865262578,0.07734708953276201,10,1,840,0,0,0,0.0,0.049320070067608794,nan,0.19126363603246388
8.55,full,converge,0.09132584337950152,0.0897911128710744,0,0,escalate,0,0.030010111573515158,0.07718997654772047,10,1,840,0,0,0,0.0,0.049239355360030664,nan,0.1910215312455842
8.6,full,converge,0.09132746209532894,0.08976746692078325,0,0,escalate,0,0.030009826400538175,0.07703581199818574,10,1,840,0,0,0,0.0,0.049162364412402765,nan,0.19078284460984418
8.65,full,converge,0.09132907391936618,0.08974405627816459,0,0,escalate,0,0.030009543999831606,0.07688456041941583,10,1,840,0,0,0,0.0,0.049089004700673025,nan,0.19054758634095392
8.700000000000001,full,converge,0.09133068173960077,0.0897208802999468,0,0,escalate,0,0.030009265088915854,0.07673618555118303,10,1,840,0,0,0,0.0,0.048933402788589785,nan,0.19031576318472776
8.75,full,converge,0.09133228791834624,0.0896979386744234,0,0,escalate,0,0.030008990254008105,0.07659065057233366,10,1,840,0,0,0,0.0,0.04878154952741007,nan,0.190087378512923
8.8,full,converge,0.09133389435981268,0.08967523135926678,0,0,escalate,0,0.030008719969956077,0.07644791812086474,10,1,840,0,0,0,0.0,0.04863394391162341,nan,0.18986243247180712
8.85,full,converge,0.09133550253435357,0.0896527585608364,0,0,escalate,0,0.030008454614897845,0.0763079504257439,10,1,840,0,0,0,0.0,0.04849050909282567,nan,0.1896409221104246
8.9,full,converge,0.09133711353057847,0.0896305206831278,0,0,escalate,0,0.030008194484102663,0.07617070938727097,10,1,840,0,0,0,0.0,0.04835116662550306,nan,0.18942284150320698
8.950000000000001,full,converge,0.09133872810933205,0.08960851827658944,0,0,escalate,0,0.03000793980358757,0.0760361565890122,10,1,840,0,0,0,0.0,0.04821583674302927,nan,0.1892081819186454
9.0,full,converge,0.09134034672867192,0.08958675201779703,0,0,escalate,0,0.030007690738719145,0.07590425343798896,10,1,840,0,0,0,0.0,0.048084447665385964,nan,0.1889965538598023
9.05,full,converge,0.09134194509067219,0.0895652373431188,0,0,escalate,0,0.03000744862572488,0.07577475291081423,10,1,840,0,0,0,0.0,0.04795701089776856,nan,0.18878333743197595
9.1,full,converge,0.0913432265876294,0.0895441441927712,0,0,escalate,0,0.030007228268618874,0.0756451008828691,10,1,840,0,0,0,0.0,0.04783324871023182,nan,0.18856888628907365
9.15,full,converge,0.0913442418012561,0.08952339917660186,0,0,escalate,0,0.03000702510179784,0.07551558769871333,10,1,840,0,0,0,0.0,0.04771292880398634,nan,0.18835349453524797
9.200000000000001,full,converge,0.09134503410998929,0.08950294089995915,0,0,escalate,0,0.03000683587555472,0.07538643275261697,10,1,840,0,0,0,0.0,0.047595855855432315,nan,0.18813740733941342
9.25,full,converge,0.0913456405595986,0.0894827178977439,0,0,escalate,0,0.030006658322889485,0.075257799974594,10,1,840,0,0,0,0.0,0.04748186469896619,nan,0.18792082959189937
9.3,full,converge,0.09134609267278497,0.08946268692700825,0,0,escalate,0,0.030006490886984927,0.07512981018046783,10,1,840,0,0,0,0.0,0.047370814860309134,nan,0.18770393291197462
9.35,full,converge,0.09134641718585888,0.08944281156242441,0,0,escalate,0,0.030006332508832056,0.07500255079399737,10,1,840,0,0,0,0.0,0.04726258615138559,nan,0.1874868613818924
9.4,full,converge,0.09134663668613037,0.08942306105866737,0,0,escalate,0,0.030006182465517395,0.07487608357275663,9,1,840,0,0,0,0.0,0.04715707511256498,nan,0.18726973613813602
9.450000000000001,full,converge,0.0913467702128496,0.08940340937741705,0,0,escalate,0,0.030006040253397787,0.07475045056010443,9,1,840,0,0,0,0.0,0.04705419214424156,nan,0.1870526592100069
9.5,full,converge,0.09134683375170155,0.089383834419287,0,0,escalate,0,0.030005905502935887,0.07462567885941304,9,1,840,0,0,0,0.0,0.046953859178419814,nan,0.1868357165717226
9.55,full,converge,0.09134684068031654,0.08936431736997937,0,0,escalate,0,0.03000577537789502,0.07450178426754264,9,1,840,0,0,0,0.0,0.04685600779571261,nan,0.18661898067190286
9.600000000000001,full,converge,0.09134680216289164,0.08934484215673093,0,0,escalate,0,0.030005630912443695,0.0743787741032228,9,1,840,0,0,0,0.0,0.04676057767761686,nan,0.18640251255488993
9.65,full,converge,0.09134672746485599,0.08932539501921669,0,0,escalate,0,0.03000549662476075,0.07425664947881766,9,1,840,0,0,0,0.0,0.0466675153630423,nan,0.18618636355979634
9.700000000000001,full,converge,0.09134662426634817,0.08930596411581052,0,0,escalate,0,0.03000537185676587,0.07413540691849344,9,1,840,0,0,0,0.0,0.04657677322805437,nan,0.18597057673220585
9.75,full,converge,0.09134649889571335,0.08928653922761721,0,0,escalate,0,0.03000525597443203,0.07401503967429543,9,1,840,0,0,0,0.0,0.046488308632283815,nan,0.18575518804711633
9.8,full,converge,0.09134635654049707,0.08926711150277786,0,0,escalate,0,0.030005148368456455,0.0738955387195285,9,1,840,0,0,0,0.0,0.04640208322798353,nan,0.18554022738691966
9.850000000000001,full,converge,0.0913462014433298,0.0892476732276133,0,0,escalate,0,0.030005048455049435,0.07377689347612607,9,1,840,0,0,0,0.0,0.046318062400652296,nan,0.1853257193884782
9.9,full,converge,0.09134603704391656,0.08922821766218167,0,0,escalate,0,0.030004955677607206,0.07365909234375612,9,1,840,0,0,0,0.0,0.04623621477104947,nan,0.1851116841660566
9.950000000000001,full,converge,0.09134586612502203,0.08920873887424972,0,0,escalate,0,0.03000486950689317,0.07354212315458797,9,1,840,0,0,0,0.0,0.04615651181572178,nan,0.18489813790317255
10.0,full,converge,0.0913456909095337,0.08918923162975434,0,0,escalate,0,0.030004789442364246,0.07342597343778093,9,1,840,0,0,0,0.0,0.04607892752711162,nan,0.1846850933632257
10.05,full,converge,0.0913455131657456,0.08916969127551533,0,0,escalate,0,0.03000471501256259,0.07331063063294413,9,1,840,0,0,0,0.0,0.04600343811101874,nan,0.18447256037524384
10.100000000000001,full,converge,0.0913453342915471,0.08915011364659377,0,0,escalate,0,0.03000464577468341,0.07319608229437985,9,1,840,0,0,0,0.0,0.04593002176536005,nan,0.18426054618849974
10.15,full,converge,0.09134515537816139,0.08913049499787785,0,0,escalate,0,0.030004581314943893,0.07308231615075272,9,1,840,0,0,0,0.0,0.045858658471244915,nan,0.18404905582400788
10.200000000000001,full,converge,0.09134497725676295,0.08911083195000785,0,0,escalate,0,0.03000452124779511,0.07296932020092711,9,1,840,0,0,0,0.0,0.04578932982772572,nan,0.18383809234711246
10.25,full,converge,0.0913448005584027,0.08909112142788235,0,0,escalate,0,0.030004465215634143,0.07285708271890518,9,1,840,0,0,0,0.0,0.04572201886855346,nan,0.18362765713515372
10.3,full,converge,0.09134462575792328,0.08907136060563008,0,0,escalate,0,0.030004412886929968,0.07274559234017669,9,1,840,0,0,0,0.0,0.04565670995246274,nan,0.18341775010527572
10.350000000000001,full,converge,0.09134445320192751,0.08905154688123108,0,0,escalate,0,0.030004363956244715,0.07263483801807052,9,1,840,0,0,0,0.0,0.04559338864879258,nan,0.18320836990167566
10.4,full,converge,0.09134428312498258,0.08903167785440344,0,0,escalate,0,0.03000431814217701,0.07252480905747752,9,1,840,0,0,0,0.0,0.04553204161235645,nan,0.18299951405808124
10.450000000000001,full,converge,0.09134411569936705,0.08901175126893675,0,0,escalate,0,0.03000427518639999,0.0724154950971932,9,1,840,0,0,0,0.0,0.045472656508986624,nan,0.18279117918348275
10.5,full,converge,0.09134395102159798,0.08899176502768419,0,0,escalate,0,0.030004234851846626,0.07230688613645292,9,1,840,0,0,0,0.0,0.045415221941577856,nan,0.18258336104404005
10.55,full,converge,0.09134378915365318,0.08897171714564388,0,0,escalate,0,0.030004196922195678,0.07219897245501583,9,1,840,0,0,0,0.0,0.045359727346863804,nan,0.1823760547368295
10.600000000000001,full,converge,0.09134363013244509,0.08895160573524219,0,0,escalate,0,0.030004161199550697,0.07209174468029791,9,1,840,0,0,0,0.0,0.04530616296464816,nan,0.18216925474981427
10.65,full,converge,0.09134347396119875,0.08893142901298803,0,0,escalate,0,0.030004127503839864,0.07198519371312201,9,1,840,0,0,0,0.0,0.04525451976147363,nan,0.18196295507495364
10.700000000000001,full,converge,0.09134332064296763,0.08891118526225616,0,0,escalate,0,0.030004095671273392,0.07187931073385243,9,1,840,0,0,0,0.0,0.04520478938135781,nan,0.18175714928175746
10.75,full,converge,0.091343170164716,0.088890872844948,0,0,escalate,0,0.030004065552835676,0.07177408720121439,9,1,840,0,0,0,0.0,0.04515696409789597,nan,0.18155183059599433
10.8,full,converge,0.09134302251453272,0.08887049018221152,0,0,escalate,0,0.03000403701326733,0.07166951483308917,9,1,840,0,0,0,0.0,0.045111036767747144,nan,0.18134699195723758
10.850000000000001,full,converge,0.09134287769120095,0.08885003573891209,0,0,escalate,0,0.03000400993013906,0.07156558558353426,9,1,840,0,0,0,0.0,0.04506700080005412,nan,0.18114262606136966
10.9,full,converge,0.09134273569240803,0.08882950803353278,0,0,escalate,0,0.030003984192742014,0.07146229162624945,9,1,840,0,0,0,0.0,0.045024850090251735,nan,0.18093872544176148
10.950000000000001,full,converge,0.09134259652604934,0.08880890562073447,0,0,escalate,0,0.03000395970018592,0.07135962540713137,9,1,840,0,0,0,0.0,0.04498457904305843,nan,0.18073528247140047
11.0,full,converge,0.09134246021282513,0.08878822709221644,0,0,escalate,0,0.03000393636231015,0.07125757951687645,9,1,840,0,0,0,0.0,0.044946182495213455,nan,0.18053228941153565
11.05,full,converge,0.0913423267841252,0.08876747106852108,0,0,escalate,0,0.03000391409734092,0.07115614676645254,9,1,840,0,0,0,0.0,0.04490965570287592,nan,0.18032973846917966
11.100000000000001,full,converge,0.0913421962844226,0.08874663619803735,0,0,escalate,0,0.030003892831517123,0.07105532016663882,9,1,840,0,0,0,0.0,0.04487499431090629,nan,0.18012762179246133
11.15,full,converge,0.09134206875914669,0.08872572116225634,0,0,escalate,0,0.03000387249792559,0.07095509292873606,9,1,840,0,0,0,0.0,0.04484219434470202,nan,0.179925931510993
11.200000000000001,full,converge,0.09134194428462636,0.0887047246472137,0,0,escalate,0,0.03000385303709159,0.07085545840046481,9,1,840,0,0,0,0.0,0.04481125217352448,nan,0.17972447813421988
11.25,full,converge,0.09134182294377806,0.0886836453611283,0,0,escalate,0,0.030003834394974102,0.07075641011771677,9,1,840,0,0,0,0.0,0.04476763023074807,nan,0.17954170812728665
11.3,full,converge,0.09133353078179378,0.08867087994429425,0,0,escalate,0,0.030003714786096147,0.07069483890672168,9,1,840,0,0,0,0.0,0.04472492384970519,nan,0.1793639204912828
11.350000000000001,full,converge,0.09132336887325145,0.08866049909336195,0,0,escalate,0,0.030003548966269028,0.07063895765477643,9,1,840,0,0,0,0.0,0.04468491824524066,nan,0.1791891718116202
11.4,full,converge,0.09131243781536305,0.08865134503876672,0,0,escalate,0,0.030003390271662683,0.07058410100256884,9,1,840,0,0,0,0.0,0.044647456011222865,nan,0.17901748409588725
11.450000000000001,full,converge,0.09130089539466703,0.08864324591478819,0,0,escalate,0,0.030003238801158905,0.07053027367300788,9,1,840,0,0,0,0.0,0.04461239155449071,nan,0.1788488672577907
11.5,full,converge,0.09128887616986912,0.08863605391778998,0,0,escalate,0,0.03000309451190805,0.0704774765797585,9,1,840,0,0,0,0.0,0.04457958986784093,nan,0.17868332084812255
11.55,full,converge,0.091276494717893,0.08862964196973408,0,0,escalate,0,0.030002957259859436,0.07042570736518461,9,1,840,0,0,0,0.0,0.04454892545607612,nan,0.1785208355581046
11.600000000000001,full,converge,0.09126384843361747,0.08862390083839372,0,0,escalate,0,0.030002826830918233,0.07037496087081938,9,1,840,0,0,0,0.0,0.044520281397623866,nan,0.17836139452177735
11.65,full,converge,0.09125101995651612,0.08861873663965962,0,0,escalate,0,0.0300027029647075,0.07032522954938972,9,1,840,0,0,0,0.0,0.04449354852988071,nan,0.17820497447188532
11.700000000000001,full,converge,0.09123807923922321,0.08861406871245092,0,0,escalate,0,0.030002585372367302,0.07027650383241935,9,1,840,0,0,0,0.0,0.044468624731119996,nan,0.17805154673615065
11.75,full,converge,0.09122508534887153,0.08860982776534346,0,0,escalate,0,0.03000247374994816,0.0702287724495308,9,1,840,0,0,0,0.0,0.044445414288450676,nan,0.17790107809976574
11.8,full,converge,0.09121208800368567,0.0886059542957597,0,0,escalate,0,0.030002367788263484,0.07018202270536483,9,1,840,0,0,0,0.0,0.04442382733874648,nan,0.17775353159138085
11.850000000000001,full,converge,0.09119912890820439,0.08860239721823888,0,0,escalate,0,0.030002267180008618,0.07013624073354557,9,1,840,0,0,0,0.0,0.04440377938025077,nan,0.17760886712458268
11.9,full,converge,0.09118624289674065,0.0885991126856158,0,0,escalate,0,0.0300021716248203,0.07009141170561811,9,1,840,0,0,0,0.0,0.044385190835910075,nan,0.1774670420959107
11.950000000000001,full,converge,0.0911734589005723,0.08859606309712978,0,0,escalate,0,0.030002080832662065,0.07004752002433595,9,1,840,0,0,0,0.0,0.044367986657504244,nan,0.1773280118588122
12.0,full,converge,0.0911608008308155,0.08859321618267686,0,0,escalate,0,0.030001994526256875,0.07000454947878779,9,1,840,0,0,0,0.0,0.04435209598561935,nan,0.17719173019670464
12.05,full,converge,0.09114828827396988,0.08859054429381998,0,0,escalate,0,0.03000191244221581,0.06996248339812863,9,1,840,0,0,0,0.0,0.04433745184217558,nan,0.1770581496573752
12.100000000000001,full,converge,0.09113593713547666,0.08858802373522122,0,0,escalate,0,0.030001834331812832,0.06992130476154573,9,1,840,0,0,0,0.0,0.04432399084064217,nan,0.17692722193335475
12.15,full,converge,0.09112376016953358,0.08858563422036216,0,0,escalate,0,0.03000175996115087,0.06988099632172001,9,1,840,0,0,0,0.0,0.04431165294574473,nan,0.1767988980885845
12.200000000000001,full,converge,0.09111176745992568,0.0885833583719623,0,0,escalate,0,0.03000168911100065,0.06984154067954357,9,1,840,0,0,0,0.0,0.04430038123807479,nan,0.17667312885019004
12.25,full,converge,0.09109996680610545,0.08858118132634431,0,0,escalate,0,0.030001621576348503,0.06980292037868821,9,1,840,0,0,0,0.0,0.04429012172108219,nan,0.17654986477470158
12.3,full,converge,0.09108836405775894,0.08857909038408637,0,0,escalate,0,0.030001557165778903,0.06976511796038168,9,1,840,0,0,0,0.0,0.04428082311784741,nan,0.17642905646887985
12.350000000000001,full,converge,0.09107696343440445,0.088577074680022,0,0,escalate,0,0.03000149570087199,0.06972811603371701,9,1,840,0,0,0,0.0,0.0442724367140539,nan,0.1763106547215948
12.4,full,converge,0.09106576775128364,0.08857512494779894,0,0,escalate,0,0.03000143701535571,0.06969189732009137,9,1,840,0,0,0,0.0,0.044264916200713225,nan,0.1761946106317981
12.450000000000001,full,converge,0.09105477865349261,0.08857323327767626,0,0,escalate,0,0.030001380954356865,0.0696564446933354,9,1,840,0,0,0,0.0,0.04425821752798474,nan,0.17608087571619568
12.5,full,converge,0.09104399679790817,0.08857139292334223,0,0,escalate,0,0.030001327373675418,0.06962174121471756,9,1,840,0,0,0,0.0,0.04425229877741594,nan,0.17596940201881273
12.55,full,converge,0.09103342200501503,0.08856959814618978,0,0,escalate,0,0.03000127613894729,0.06958777016742126,9,1,840,0,0,0,0.0,0.04424712003971655,nan,0.17586014218595547
12.600000000000001,full,converge,0.09102305340531891,0.08856784406207006,0,0,escalate,0,0.030001227124945795,0.06955451507997334,9,1,840,0,0,0,0.0,0.04424264330390336,nan,0.17575304950640436
12.65,full,converge,0.0910128895621023,0.08856612650756057,0,0,escalate,0,0.030001180214942275,0.06952195973871744,9,1,840,0,0,0,0.0,0.044238832356586044,nan,0.17564807800042082
12.700000000000001,full,converge,0.09100292854527908,0.08856444196678842,0,0,escalate,0,0.030001135299932147,0.06949008821653374,9,1,840,0,0,0,0.0,0.044235652684895814,nan,0.1755451824214681
12.75,full,converge,0.09099316804972829,0.08856278744189654,0,0,escalate,0,0.030001092278146374,0.0694588848710061,9,1,840,0,0,0,0.0,0.04423307138884814,nan,0.17544431832209617
12.8,full,converge,0.09098360544135907,0.08856116040641394,0,0,escalate,0,0.03000105105439496,0.06942833436563908,9,1,840,0,0,0,0.0,0.044231057091559126,nan,0.17534544207117153
12.850000000000001,full,converge,0.09097423784228051,0.08855955871148545,0,0,escalate,0,0.030001011539633,0.06939842167338445,9,1,840,0,0,0,0.0,0.04422957987378501,nan,0.17524851087000926
12.9,full,converge,0.09096506215891927,0.08855798055739172,0,0,escalate,0,0.030000973650363277,0.06936913208197368,9,1,840,0,0,0,0.0,0.044228611191342554,nan,0.17515348275287246
12.950000000000001,full,converge,0.0909560751569913,0.08855642440825313,0,0,escalate,0,0.030000937308338443,0.06934045119142776,9,1,840,0,0,0,0.0,0.04422812381302312,nan,0.17506031662751287
13.0,full,converge,0.09094727347319322,0.08855488898424113,0,0,escalate,0,0.030000902440012578,0.06931236492670506,9,1,840,0,0,0,0.0,0.044228091754440556,nan,0.17496897225727637
13.05,full,converge,0.09093865366029803,0.08855337320761736,0,0,escalate,0,0.03000086897625162,0.06928485953070238,9,1,840,0,0,0,0.0,0.04422849021861152,nan,0.1748794102536695
13.100000000000001,full,converge,0.09093021221537757,0.08855187616915483,0,0,escalate,0,0.03000083685202498,0.06925792156032859,9,1,840,0,0,0,0.0,0.04422929554195936,nan,0.17479159209555462
13.15,full,converge,0.09092194559172756,0.08855039711778423,0,0,escalate,0,0.030000806005999636,0.06923153789145242,9,1,840,0,0,0,0.0,0.04423048513656095,nan,0.17470548011536358
13.200000000000001,full,converge,0.09091385023926182,0.08854893541455994,0,0,escalate,0,0.030000776380349897,0.06920569571334687,9,1,840,0,0,0,0.0,0.04423203743960707,nan,0.17462103748523816
13.25,full,converge,0.09090592260518834,0.0885474905252943,0,0,escalate,0,0.030000747920502557,0.06918038252228367,9,1,840,0,0,0,0.0,0.0442339318731353,nan,0.17453822821946452
13.3,full,converge,0.0908981591437661,0.0885460620148058,0,0,escalate,0,0.03000072057480896,0.06915558612166106,9,1,840,0,0,0,0.0,0.04423614879184012,nan,0.17445701714994644
13.350000000000001,full,converge,0.09089055634153231,0.08854464951197409,0,0,escalate,0,0.03000069429444585,0.06913129461286854,9,1,840,0,0,0,0.0,0.044238669444490675,nan,0.17437736992451003
13.4,full,converge,0.09088311071740549,0.08854325271120496,0,0,escalate,0,0.030000669033148103,0.06910749639322597,9,1,840,0,0,0,0.0,0.044241475931232045,nan,0.1742992529873042
13.450000000000001,full,converge,0.09087581883918824,0.0885418713509224,0,0,escalate,0,0.030000644747074923,0.06908418014857995,9,1,840,0,0,0,0.0,0.04424455116786073,nan,0.17422263357226464
13.5,full,converge,0.09086867730472098,0.08854050523069933,0,0,escalate,0,0.03000062139460699,0.06906133484972696,9,1,840,0,0,0,0.0,0.04424787884312188,nan,0.17414747968583055
13.55,full,converge,0.0908616827904619,0.08853915415909112,0,0,escalate,0,0.030000598936263972,0.06903894974596908,9,1,840,0,0,0,0.0,0.04425144339455938,nan,0.1740737600892539
13.600000000000001,full,converge,0.09085483200674799,0.08853781799874845,0,0,escalate,0,0.030000577334474365,0.06901701435817553,9,1,840,0,0,0,0.0,0.0442552299646296,nan,0.17400144428496733
13.65,full,converge,0.09084812174117228,0.08853649661642839,0,0,escalate,0,0.030000556553554852,0.0689955184733674,9,1,840,0,0,0,0.0,0.04425922437680302,nan,0.17393050249960795
13.700000000000001,full,converge,0.09084154883461405,0.08853518990742218,0,0,escalate,0,0.030000536559524893,0.06897445213765874,9,1,840,0,0,0,0.0,0.04426341310436427,nan,0.17386090565932855
13.75,full,converge,0.09083511019305662,0.088533897779793,0,0,escalate,0,0.03000051732003814,0.06895380564797265,9,1,840,0,0,0,0.0,0.04426778323963161,nan,0.17379262539556695
13.8,full,converge,0.09082880279385765,0.08853262014865945,0,0,escalate,0,0.030000498804255787,0.06893356955239119,9,1,840,0,0,0,0.0,0.044272322468774876,nan,0.17372563400089958
13.850000000000001,full,converge,0.09082262367239052,0.08853135694275585,0,0,escalate,0,0.030000480982802974,0.06891373463520242,9,1,840,0,0,0,0.0,0.04427701904570358,nan,0.17365990444344093
13.9,full,converge,0.09081656993214819,0.0885301080987062,0,0,escalate,0,0.030000463827622614,0.06889429192054594,9,1,840,0,0,0,0.0,0.04428186176571398,nan,0.1735954103212609
13.950000000000001,full,converge,0.09081063874673219,0.08852887354982847,0,0,escalate,0,0.030000447311980788,0.06887523265604145,9,1,840,0,0,0,0.0,0.04428683994583309,nan,0.17353212587013034
14.0,full,converge,0.09080482735065162,0.08852765324022503,0,0,escalate,0,0.030000431410302925,0.06885654831572441,9,1,840,0,0,0,0.0,0.04429194339864676,nan,0.17347002592901783
14.05,full,converge,0.0907991330439866,0.08852644711230401,0,0,escalate,0,0.030000416098191318,0.06883823058722352,9,1,840,0,0,0,0.0,0.044297162411555534,nan,0.17340908594351312
14.100000000000001,full,converge,0.09079355319094429,0.08852525511107737,0,0,escalate,0,0.030000401352314382,0.06882027137194593,9,1,840,0,0,0,0.0,0.04430248772813527,nan,0.17334928193334387
14.15,full,converge,0.0907880852210943,0.08852407717828073,0,0,escalate,0,0.030000387150365987,0.06880266277414368,9,1,840,0,0,0,0.0,0.044307910528092506,nan,0.1732905904840749
14.200000000000001,full,converge,0.09078272662459443,0.08852291325675105,0,0,escalate,0,0.03000037347100945,0.06878539709735174,9,1,840,0,0,0,0.0,0.04431342240659819,nan,0.17323298873570214
14.25,full,converge,0.09077747494952063,0.08852176329029317,0,0,escalate,0,0.030000360293834988,0.06876846683958418,9,1,840,0,0,0,0.0,0.044319015356631866,nan,0.17317645436958973
14.3,full,converge,0.09077232781298546,0.08852062721316321,0,0,escalate,0,0.030000347599303007,0.068751864689086,9,1,840,0,0,0,0.0,0.044324681753598334,nan,0.17312096558215417
14.350000000000001,full,converge,0.09076728288763335,0.08851950495795524,0,0,escalate,0,0.030000335368723874,0.06873558351475825,9,1,840,0,0,0,0.0,0.04433041433912689,nan,0.17306650109388688
14.4,full,converge,0.09076233789357661,0.0885183964693493,0,0,escalate,0,0.03000032358415547,0.06871961636812954,9,1,840,0,0,0,0.0,0.044336206203868966,nan,0.17301304009880314
14.450000000000001,full,converge,0.09075749061880013,0.0885173016719376,0,0,escalate,0,0.030000312228458614,0.06870395646700564,9,1,840,0,0,0,0.0,0.04434205077349315,nan,0.1729605622958409
14.5,full,converge,0.09075273890279992,0.0885162204960171,0,0,escalate,0,0.03000030128517092,0.06868859720455525,9,1,840,0,0,0,0.0,0.044347941793708184,nan,0.17290904783153027
14.55,full,converge,0.09074808064209502,0.08851515285988659,0,0,escalate,0,0.03000029073855473,0.06867353213091307,9,1,840,0,0,0,0.0,0.044353873316015584,nan,0.1728584773389683
14.600000000000001,full,converge,0.0907435137752785,0.0885140986957462,0,0,escalate,0,0.030000280573470955,0.0686587549633999,9,1,840,0,0,0,0.0,0.04435983968435364,nan,0.17280883189009388
14.65,full,converge,0.09073903629951756,0.088513057922369,0,0,escalate,0,0.030000270775431964,0.06864425957248532,9,1,840,0,0,0,0.0,0.044365835526954334,nan,0.1727600929708608
14.700000000000001,full,converge,0.09073464626423233,0.08851203045108329,0,0,escalate,0,0.030000261330547257,0.06863003997271894,9,1,840,0,0,0,0.0,0.04437185574022353,nan,0.17271224249697148
14.75,full,converge,0.09073034176042369,0.08851101619797695,0,0,escalate,0,0.030000252225483942,0.06861609032680616,9,1,840,0,0,0,0.0,0.044377895475293555,nan,0.17266526281184746
14.8,full,converge,0.09072612092886595,0.08851001507627534,0,0,escalate,0,0.030000243447435876,0.06860240494486675,9,1,840,0,0,0,0.0,0.044383950131485925,nan,0.17261913664784478
14.850000000000001,full,converge,0.09072198195708561,0.08850902699400065,0,0,escalate,0,0.030000234984121743,0.06858897827148125,9,1,840,0,0,0,0.0,0.044390015342366744,nan,0.17257384712739388
14.9,full,converge,0.0907179230801782,0.08850805185325758,0,0,escalate,0,0.030000226823763992,0.06857580488526527,9,1,840,0,0,0,0.0,0.044396086969660395,nan,0.17252937775556654
14.950000000000001,full,converge,0.09071394256511449,0.08850708956689272,0,0,escalate,0,0.030000218955028773,0.06856287949639414,9,1,840,0,0,0,0.0,0.04440216108814266,nan,0.17248571240009802
15.0,full,converge,0.09071003874009782,0.08850614002349425,0,0,escalate,0,0.0300002113670699,0.06855019693939798,9,1,840,0,0,0,0.0,0.04440823398079352,nan,0.1724428353010674
0.05,full+plan,converge,0.2353740052161439,0.23537400504707728,0,0,free,0,0.05676101943747254,0.16504642260436408,5,1,752,0,0,0,0.0,0.25,nan,0.21201724964604807
0.1,full+plan,converge,0.20653811359267588,0.2106337990496868,0,0,free,0,0.052502152086353296,0.15076234118440393,6,1,752,0,0,0,0.0,0.2355206280275939,nan,0.21243750271361173
0.15000000000000002,full+plan,converge,0.18248371402788124,0.18798441385761963,0,0,free,0,0.053568283751980486,0.138422862231838,6,1,752,0,0,0,0.0,0.1941879687124645,nan,0.21266152522065196
0.2,full+plan,converge,0.16097339021380022,0.16735918132701552,0,0,free,0,0.05468313978322363,0.12761910450948427,6,1,826,0,0,0,0.0,0.15741735706481313,nan,0.2128212478068242
0.25,full+plan,converge,0.1416459658945223,0.1490547120001661,0,0,free,0,0.05457479357989557,0.11831036710373025,10,1,826,0,0,0,0.0,0.1420154179354708,nan,0.21195932786037275
0.30000000000000004,full+plan,converge,0.13384029447557025,0.14029177126486303,0,0,free,0,0.06354415106207713,0.11307536447493416,10,0,826,0,0,0,0.0,0.1420154179354708,nan,0.21195932786037275
0.35000000000000003,full+plan,converge,0.13384029447557025,0.14029177126486303,0,0,free,0,0.06354415106207713,0.11307536447493416,10,0,830,0,0,0,0.0,0.1420154179354708,nan,0.21195932786037275
0.4,full+plan,converge,0.13384029447557025,0.14029177126486303,0,0,free,0,0.06354415106207713,0.11307536447493416,10,0,830,0,0,0,0.0,0.1420154179354708,nan,0.21195932786037275
0.45,full+plan,converge,0.13384029447557025,0.14029177126486303,0,0,free,0,0.06354415106207713,0.11307536447493416,10,0,830,0,0,0,0.0,0.1420154179354708,nan,0.21195932786037275
0.5,full+plan,converge,0.13384029447557025,0.14029177126486303,0,0,free,0,0.06354415106207713,0.11307536447493416,10,0,830,0,0,0,0.0,0.1420154179354708,nan,0.21195932786037275
0.55,full+plan,converge,0.13384029447557025,0.14029177126486303,0,0,free,0,0.06354415106207713,0.11307536447493416,10,0,830,0,0,0,0.0,0.1420154179354708,nan,0.21195932786037275
0.6000000000000001,full+plan,converge,0.13384029447557025,0.14029177126486303,0,0,free,0,0.06354415106207713,0.11307536447493416,10,0,830,0,0,0,0.0,0.1420154179354708,nan,0.21195932786037275
0.65,full+plan,converge,0.13384029447557025,0.14029177126486303,0,0,free,0,0.06354415106207713,0.11307536447493416,10,0,830,0,0,0,0.0,0.1420154179354708,nan,0.21195932786037275
0.7000000000000001,full+plan,converge,0.13384029447557025,0.14029177126486303,0,0,free,0,0.06354415106207713,0.11307536447493416,10,0,830,0,0,0,0.0,0.1420154179354708,nan,0.21195932786037275
0.75,full+plan,converge,0.13384029447557025,0.14029177126486303,0,0,free,0,0.06354415106207713,0.11307536447493416,10,0,830,0,0,0,0.0,0.1420154179354708,nan,0.21195932786037275
0.8,full+plan,converge,0.13384029447557025,0.14029177126486303,0,0,free,0,0.06354415106207713,0.11307536447493416,10,0,830,0,0,0,0.0,0.1420154179354708,nan,0.21195932786037275
0.8500000000000001,full+plan,converge,0.13384029447557025,0.14029177126486303,0,0,free,0,0.06354415106207713,0.11307536447493416,10,0,830,0,0,0,0.0,0.1420154179354708,nan,0.21195932786037275
0.9,full+plan,converge,0.13384029447557025,0.14029177126486303,0,0,free,0,0.06354415106207713,0.11307536447493416,10,0,830,0,0,0,0.0,0.1420154179354708,nan,0.21195932786037275
0.9500000000000001,full+plan,converge,0.13384029447557025,0.14029177126486303,0,0,free,0,0.06354415106207713,0.11307536447493416,10,0,830,0,0,0,0.0,0.1420154179354708,nan,0.21195932786037275
1.0,full+plan,converge,0.13384029447557025,0.14029177126486303,0,0,free,0,0.06354415106207713,0.11307536447493416,10,0,830,0,0,0,0.0,0.1420154179354708,nan,0.21195932786037275
1.05,full+plan,converge,0.13384029447557025,0.14029177126486303,0,0,free,0,0.06354415106207713,0.11307536447493416,10,0,830,0,0,0,0.0,0.1420154179354708,nan,0.21195932786037275
1.1,full+plan,converge,0.13384029447557025,0.14029177126486303,0,0,free,0,0.06354415106207713,0.11307536447493416,10,0,830,0,0,0,0.0,0.1420154179354708,nan,0.21195932786037275
1.1500000000000001,full+plan,converge,0.13384029447557025,0.14029177126486303,0,0,free,0,0.06354415106207713,0.11307536447493416,10,0,830,0,0,0,0.0,0.1420154179354708,nan,0.21195932786037275
1.2000000000000002,full+plan,converge,0.13384029447557025,0.14029177126486303,0,0,yield,0,0.06354415106207713,0.11307536447493416,10,1,830,0,0,0,0.0,0.14447439274641097,nan,0.2122901032876211
1.25,full+plan,converge,0.11784275990490832,0.16002108535888035,0,0,yield,0,0.06330233026358136,0.12662716384949263,10,1,830,0,0,0,0.0,0.14885159257181146,nan,0.2126173925578524
1.3,full+plan,converge,0.10383131109801239,0.1789173328651942,0,0,yield,0,0.06336044902668299,0.1194277782451558,10,1,830,0,0,0,0.0,0.15422445307284288,nan,0.2129556003010321
1.35,full+plan,converge,0.09154561981732692,0.19632092268283155,0,0,yield,0,0.06347227100568299,0.11247965199497548,10,1,830,0,0,0,0.0,0.15908965432464242,nan,0.2133099864148259
1.4000000000000001,full+plan,converge,0.08076506502966954,0.21169154158142914,0,0,yield,0,0.06345841601269687,0.10683015543317986,10,1,832,0,0,0,0.0,0.16129909661333694,nan,0.21440403629118798
1.4500000000000002,full+plan,converge,0.07260835395575771,0.2252322050949802,0,0,yield,0,0.06791285088886943,0.10463128251235226,10,1,832,0,0,0,0.0,0.1637821948214632,nan,0.21577975293561724
1.5,full+plan,converge,0.06587457799754383,0.23714195782886505,0,0,yield,0,0.0718740262544691,0.10376197204834195,9,1,832,0,0,0,0.0,0.16632903287361794,nan,0.2171434300668097
1.55,full+plan,converge,0.06029719701098086,0.24760605883052345,0,0,yield,0,0.07546067622630391,0.1034712150622756,8,1,835,0,0,0,0.0,0.1688548807314849,nan,0.21846823302300067
1.6,full+plan,converge,0.055744414812198946,0.256792850067369,0,0,yield,0,0.07866063260330088,0.10358524771882222,8,1,835,0,0,0,0.0,0.17130563929159054,nan,0.21973169558632633
1.6500000000000001,full+plan,converge,0.05208365739722127,0.264853416103186,0,0,yield,0,0.08148261155553553,0.10396637298133196,7,1,835,0,0,0,0.0,0.1736469936673812,nan,0.22091659873549385
1.7000000000000002,full+plan,converge,0.04918343882538611,0.2719224064337683,0,0,yield,0,0.08394899145751987,0.10450946683886816,6,1,837,0,0,0,0.0,0.17585779611585495,nan,0.22201122085030234
1.75,full+plan,converge,0.04691728095680052,0.27811931047252353,0,0,yield,0,0.08608981224247268,0.105137229248321,6,1,837,0,0,0,0.0,0.17792601091174692,nan,0.22300905938369142
1.8,full+plan,converge,0.04516810382769811,0.2835498660031485,0,0,yield,0,0.08793837226037353,0.10579502853697911,6,1,837,0,0,0,0.0,0.17984612082370946,nan,0.2239081531711805
1.85,full+plan,converge,0.043831782702801206,0.2883074559508833,0,0,yield,0,0.0895282910332769,0.10644595921815447,6,1,837,0,0,0,0.0,0.18161735300349063,nan,0.2247101778875854
1.9000000000000001,full+plan,converge,0.04281916066639107,0.2924744288747835,0,0,yield,0,0.09089171407282569,0.10706648060490001,5,1,837,0,0,0,0.0,0.18324238236677864,nan,0.22541948485887142
1.9500000000000002,full+plan,converge,0.04205642642765936,0.2961233168789398,0,0,yield,0,0.09205832731922108,0.10764279358163881,4,1,837,0,0,0,0.0,0.18472633958363338,nan,0.22604220979200218
2.0,full+plan,converge,0.04148419419831219,0.2993179433153101,0,0,yield,0,0.09305491013075494,0.10816796764166109,4,1,837,0,0,0,0.0,0.18607603587603705,nan,0.22658552207954907
2.0500000000000003,full+plan,converge,0.04105578741446635,0.30211442161389046,0,0,yield,0,0.09390522770078151,0.1086397465590919,4,1,837,0,0,0,0.0,0.1872993559479486,nan,0.22705703852382875
2.1,full+plan,converge,0.04073519221854539,0.30456205088651656,0,0,yield,0,0.0946301252520985,0.10905892422380356,4,1,837,0,0,0,0.0,0.1884047874741847,nan,0.22746439478766567
2.15,full+plan,converge,0.0404950164322796,0.30670411578708234,0,0,yield,0,0.09524773248792882,0.10942817538335528,4,1,837,0,0,0,0.0,0.18940106288601133,nan,0.2278149523334415
2.2,full+plan,converge,0.04031464850465025,0.3085785987689117,0,0,yield,0,0.09577371977589937,0.10975123577300089,4,1,837,0,0,0,0.0,0.19029311630884788,nan,0.22811561347073084
2.25,full+plan,converge,0.04017870018442627,0.31021881282777486,0,0,yield,0,0.09622104284835946,0.1100323427417694,4,1,837,0,0,0,0.0,0.1909623748823683,nan,0.2283727179310192
2.3000000000000003,full+plan,converge,0.040075745480516255,0.31165396252882693,0,0,yield,0,0.09660081407216196,0.11027586540998632,4,1,837,0,0,0,0.0,0.1915661766574382,nan,0.22859199807008557
2.35,full+plan,converge,0.03999733035038798,0.3129096405967387,0,0,yield,0,0.09692337092179464,0.11048606984160819,4,1,837,0,0,0,0.0,0.1921096748420996,nan,0.22877857429961412
2.4000000000000004,full+plan,converge,0.03993721181774921,0.31400826683343075,0,0,yield,0,0.09719745817865104,0.11066697847501022,4,1,837,0,0,0,0.0,0.1925979098241893,nan,0.2289369766852677
2.45,full+plan,converge,0.03989078250870113,0.314969475537417,0,0,yield,0,0.09743046690624522,0.11082229398853716,4,1,837,0,0,0,0.0,0.19303572545713235,nan,0.22907118238179247
2.5,full+plan,converge,0.03985464033328358,0.3158104570664637,0,0,yield,0,0.09762864580499674,0.11095536618768248,4,1,837,0,0,0,0.0,0.1934277145104681,nan,0.22918466157088357
2.5500000000000003,full+plan,converge,0.03982626932288344,0.3165462586380111,0,0,yield,0,0.09779727983848101,0.11106918675449726,4,1,837,0,0,0,0.0,0.19377818602728542,nan,0.22928042686376926
2.6,full+plan,converge,0.03980380427245252,0.3171900489879735,0,0,yield,0,0.09794084086383907,0.1111664013068239,4,1,837,0,0,0,0.0,0.19409114886597764,nan,0.22936108283636558
2.6500000000000004,full+plan,converge,0.03978585786343737,0.31775335101079655,0,0,yield,0,0.09806311452464504,0.11124933153824226,4,1,837,0,0,0,0.0,0.19437030706983363,nan,0.2294288736017046
2.7,full+plan,converge,0.03977139400970708,0.3182462461062778,0,0,yield,0,0.09816730707167719,0.11132000256012334,4,1,837,0,0,0,0.0,0.19461906364489875,nan,0.22948572718915916
2.75,full+plan,converge,0.039759635193301855,0.3186775535432587,0,0,yield,0,0.09825613531804621,0.11138017225383973,4,1,837,0,0,0,0.0,0.19484053017927608,nan,0.22953329609989692
2.8000000000000003,full+plan,converge,0.039749994702487634,0.3190549877960132,0,0,yield,0,0.09833190241037741,0.11143136058951192,4,1,837,0,0,0,0.0,0.19503754038748325,nan,0.22957299381309937
2.85,full+plan,converge,0.03974202707257855,0.31938529648888914,0,0,yield,0,0.0983965616446189,0.11147487765295305,4,1,837,0,0,0,0.0,0.19521266604016593,nan,0.2296060272608943
2.9000000000000004,full+plan,converge,0.039735391787670514,0.3196743812760046,0,0,yield,0,0.09845177032164486,0.11103250263298584,4,1,837,0,0,0,0.0,0.1953682342638102,nan,0.22963342546719023
2.95,full+plan,converge,0.03972982666184979,0.3199274037254898,0,0,yield,0,0.09849893516551915,0.11106410811694381,4,1,837,0,0,0,0.0,0.19550634541310816,nan,0.22965606462269406
3.0,full+plan,converge,0.03972512827405497,0.32014887803595504,0,0,yield,0,0.0985392506494399,0.11109093726189959,4,1,837,0,0,0,0.0,0.19562889085632462,nan,0.2296746899163672
3.0500000000000003,full+plan,converge,0.03972113753009723,0.32034275219699837,0,0,yield,0,0.09857373144205299,0.11111370040040983,4,1,837,0,0,0,0.0,0.19573757042285111,nan,0.22968993445549157
3.1,full+plan,converge,0.039717728995049356,0.3205124790145085,0,0,yield,0,0.09860323975176764,0.11113300427696432,4,1,837,0,0,0,0.0,0.19583390909364273,nan,0.2297023356064133
3.1500000000000004,full+plan,converge,0.039714802957270916,0.32066107825465856,0,0,yield,0,0.09862850851638842,0.1111493666389386,4,1,837,0,0,0,0.0,0.19591927284978736,nan,0.22971234906154103
3.2,full+plan,converge,0.039712279509104866,0.32079119100686637,0,0,escalate,0,0.09865016100061307,0.11116322891371563,4,1,837,0,0,0,0.0,0.1583329138708388,nan,0.22972036091814207
3.25,full+plan,converge,0.039710094104091126,0.2810375842124184,0,0,escalate,0,0.09866872739377962,0.1111749671880968,7,1,837,0,0,0,0.0,0.1420661998056323,nan,0.22733588056906096
3.3000000000000003,full+plan,converge,0.041405115831824595,0.25532521175334943,0,0,escalate,0,0.09816990911216221,0.10984381568335469,8,1,837,0,0,0,0.0,0.12948407062438716,nan,0.22542915183325685
3.35,full+plan,converge,0.04426720226217732,0.23342418348946117,0,0,escalate,0,0.09825813098109436,0.10958563656036063,10,1,837,0,0,0,0.0,0.12004405255449668,nan,0.2239116433756937
3.4000000000000004,full+plan,converge,0.047746697777032235,0.2147304023915321,0,0,escalate,0,0.08872845203942502,0.10939903861946695,10,1,837,0,0,0,0.0,0.11303712039681471,nan,0.22271147540803182
3.45,full+plan,converge,0.05146933967849462,0.1985758972648342,0,0,escalate,0,0.08026771259726377,0.10961242936160995,10,1,837,0,0,0,0.0,0.10647783109461921,nan,0.22177805624937397
3.5,full+plan,converge,0.055195706191745506,0.18437124489200732,0,0,escalate,0,0.0728845133547441,0.11012884001612358,10,1,837,0,0,0,0.0,0.09864057123408612,nan,0.22105457853948474
3.5500000000000003,full+plan,converge,0.05879175715198909,0.17187642444158774,0,0,escalate,0,0.06645577375529758,0.11085415296969447,10,1,837,0,0,0,0.0,0.09208410433732621,nan,0.2204948529843619
3.6,full+plan,converge,0.06213636636631477,0.1610791560929248,0,0,escalate,0,0.06124476860535545,0.11169088267640473,10,1,837,0,0,0,0.0,0.08692467607897267,nan,0.22004922250325387
3.6500000000000004,full+plan,converge,0.06512551390988042,0.15205409432205189,0,0,escalate,0,0.0574007725839976,0.11253196649140346,10,1,837,0,0,0,0.0,0.08281749541857146,nan,0.21939681358571594
3.7,full+plan,converge,0.06767306415661287,0.14440894648680097,0,0,escalate,0,0.05436021562201511,0.1130028875695962,10,1,837,0,0,0,0.0,0.07921136695467638,nan,0.2186957064094236
3.75,full+plan,converge,0.06991065566507579,0.137768265571296,0,0,escalate,0,0.05171619488020683,0.11330731189011486,10,1,837,0,0,0,0.0,0.07545665489010807,nan,0.2184890196913677
3.8000000000000003,full+plan,converge,0.07208066685036792,0.13132331861532875,0,0,escalate,0,0.048250074614533914,0.11405871189104305,10,1,837,0,0,0,0.0,0.0723309497973378,nan,0.21858608990270845
3.85,full+plan,converge,0.07417928751590847,0.12577975311840753,0,0,escalate,0,0.045362302114487066,0.11382297459439386,10,1,837,0,0,0,0.0,0.06967975337313477,nan,0.2187306406142594
3.9000000000000004,full+plan,converge,0.07608839006118139,0.12100939244440934,0,0,escalate,0,0.04299333200175533,0.11084814820442584,10,1,837,0,0,0,0.0,0.06749116876822536,nan,0.21891269233387878
3.95,full+plan,converge,0.0778151167077789,0.11690325244073738,0,0,escalate,0,0.040877959655540225,0.10832402929377194,10,1,837,0,0,0,0.0,0.06569024324716771,nan,0.21912410439199947
4.0,full+plan,converge,0.07936951903930137,0.11336800656045704,0,0,escalate,0,0.039073141382691495,0.10617455461653433,10,1,837,0,0,0,0.0,0.06421334111066565,nan,0.21935814177259705
4.05,full+plan,converge,0.08076326641708764,0.11032362934198349,0,0,escalate,0,0.03756860158209083,0.10433720886345008,10,1,837,0,0,0,0.0,0.06290366235398158,nan,0.21960922244818526
4.1000000000000005,full+plan,converge,0.0820087726065932,0.10770142432779777,0,0,escalate,0,0.036314086120851324,0.10276044297990714,10,1,837,0,0,0,0.0,0.061782801907533914,nan,0.21987275321873045
4.15,full+plan,converge,0.08311860491999264,0.10544236907108819,0,0,escalate,0,0.03526785249034903,0.10140161347647711,10,1,837,0,0,0,0.0,0.06085259650700701,nan,0.22014500402386428
4.2,full+plan,converge,0.08410508767423673,0.10349572120679812,0,0,escalate,0,0.03439520206632682,0.10022534273406472,10,1,837,0,0,0,0.0,0.06008255525668872,nan,0.219870339921849
4.25,full+plan,converge,0.0849800416998624,0.10181783952315386,0,0,escalate,0,0.033667269030405844,0.09920221159929524,10,1,837,0,0,0,0.0,0.05944688582448867,nan,0.21921857352675878
4.3,full+plan,converge,0.08575462065746609,0.10037118240735848,0,0,escalate,0,0.033060022022456365,0.09830771056150545,10,1,837,0,0,0,0.0,0.05892383948371872,nan,0.21860323866830111
4.3500000000000005,full+plan,converge,0.08643921667981562,0.09912345351987305,0,0,escalate,0,0.032553441165528496,0.09752139167626664,10,1,837,0,0,0,0.0,0.05849513241594338,nan,0.21802006721635758
4.4,full+plan,converge,0.08704341595675971,0.09804687021139381,0,0,escalate,0,0.03213083915412443,0.0968261764696273,10,1,837,0,0,0,0.0,0.0581454353024091,nan,0.2174653518201074
4.45,full+plan,converge,0.08757598978130184,0.09711753530932321,0,0,escalate,0,0.031778300420745614,0.09620778715405287,10,1,837,0,0,0,0.0,0.057861925799796994,nan,0.21693589104588307
4.5,full+plan,converge,0.08804491045325241,0.09631489645519538,0,0,escalate,0,0.03148421706079357,0.0956542762188484,10,1,837,0,0,0,0.0,0.057633899151535856,nan,0.21642893004297592
4.55,full+plan,converge,0.08845738390621866,0.09562128023942008,0,0,escalate,0,0.031238904108840407,0.09515563620071163,10,1,838,0,0,0,0.0,0.05745243220647721,nan,0.21594210115052792
4.6000000000000005,full+plan,converge,0.08881989309004622,0.09502149049254104,0,0,escalate,0,0.031034280034962405,0.09470347513260041,10,1,838,0,0,0,0.0,0.0573100957000728,nan,0.21547336763277103
4.65,full+plan,converge,0.08913824759867198,0.09450246185362776,0,0,escalate,0,0.03086360098201113,0.09429074654158437,10,1,838,0,0,0,0.0,0.057200709664989274,nan,0.21502097255743846
4.7,full+plan,converge,0.08941763616135379,0.0940529611951607,0,0,escalate,0,0.03072123940957852,0.09391152496771368,10,1,838,0,0,0,0.0,0.05711913664792191,nan,0.21458339358259526
4.75,full+plan,converge,0.08966267974679672,0.0936633303114386,0,0,escalate,0,0.030602499540258607,0.09356081930700971,10,1,838,0,0,0,0.0,0.057061107794585834,nan,0.2141593040389277
4.800000000000001,full+plan,converge,0.0898774835250586,0.09332526441670692,0,0,escalate,0,0.030503463373571765,0.0932344178152357,10,1,838,0,0,0,0.0,0.057023077124513065,nan,0.2137475398649752
4.8500000000000005,full+plan,converge,0.0900656866981679,0.09303162148654902,0,0,escalate,0,0.030420862143040087,0.0929287593751425,10,1,839,0,0,0,0.0,0.05700209986606583,nan,0.21334707205308845
4.9,full+plan,converge,0.09023050937703152,0.09277625838210489,0,0,escalate,0,0.030351968980989283,0.0926408266677893,10,1,839,0,0,0,0.0,0.05694714383114618,nan,0.21295698383951456
4.95,full+plan,converge,0.09037479623222149,0.09255388994914214,0,0,escalate,0,0.03029450928317906,0.09236805753284338,10,1,839,0,0,0,0.0,0.05689098823566221,nan,0.2125764519805199
5.0,full+plan,converge,0.09050105667007713,0.09235996801215028,0,0,escalate,0,0.030246585853951985,0.09210827125629834,10,1,839,0,0,0,0.0,0.05684480646733119,nan,0.21220473151489905
5.050000000000001,full+plan,converge,0.09061150152744368,0.09219057746978421,0,0,escalate,0,0.030206616398682162,0.0918596074413994,10,1,839,0,0,0,0.0,0.05680720454687105,nan,0.21184114330749393
5.1000000000000005,full+plan,converge,0.09070807642257127,0.0920423470577502,0,0,escalate,0,0.03017328133664135,0.09162047497992748,10,1,839,0,0,0,0.0,0.056777031199057616,nan,0.2114850640310738
5.15,full+plan,converge,0.09079249180479677,0.09191237281093154,0,0,escalate,0,0.030145480234172503,0.09138950971973173,10,1,839,0,0,0,0.0,0.05675333697624058,nan,0.21113591797852604
5.2,full+plan,converge,0.09086625002574521,0.091798152325155,0,0,escalate,0,0.030122295443557878,0.09116553903728869,10,1,839,0,0,0,0.0,0.056735340378532284,nan,0.21079317046221357
5.25,full+plan,converge,0.09093066954544225,0.09169752837313569,0,0,escalate,0,0.0301029617597231,0.09094755229466456,10,1,839,0,0,0,0.0,0.05672239976628309,nan,0.21045632240493017
5.300000000000001,full+plan,converge,0.09098690657202003,0.09160864048429754,0,0,escalate,0,0.030086841104065315,0.09073467607716695,10,1,839,0,0,0,0.0,0.056713990076985965,nan,0.21012490596906142
5.3500000000000005,full+plan,converge,0.09103597430598544,0.0915298834068925,0,0,escalate,0,0.030073401405004765,0.09052615349434623,10,1,839,0,0,0,0.0,0.05670968354460267,nan,0.20979848094217945
5.4,full+plan,converge,0.09107876005317751,0.0914598714344747,0,0,escalate,0,0.030062198982221483,0.09032132676749821,10,1,839,0,0,0,0.0,0.05670913367913819,nan,0.20947663180248
5.45,full+plan,converge,0.0911160403915017,0.09139740777339074,0,0,escalate,0,0.03005286385669423,0.09011962260395334,10,1,839,0,0,0,0.0,0.05671206202354746,nan,0.20915896523143263
5.5,full+plan,converge,0.09114849459426184,0.09134145824120841,0,0,escalate,0,0.03004508749892594,0.08992053987608303,10,1,839,0,0,0,0.0,0.05671824714552696,nan,0.20884510807662704
5.550000000000001,full+plan,converge,0.09117671649243463,0.0912911286677222,0,0,escalate,0,0.03003861261434565,0.0897236392258948,10,1,839,0,0,0,0.0,0.056727515504262915,nan,0.2085347056236465
5.6000000000000005,full+plan,converge,0.09120122495066431,0.09124564546878497,0,0,escalate,0,0.030033103889865576,0.08952853427541277,10,1,839,0,0,0,0.0,0.056739733868550475,nan,0.20822742016069562
5.65,full+plan,converge,0.09122247307134988,0.09120433897814868,0,0,escalate,0,0.03002849417638212,0.08933488425660313,10,1,839,0,0,0,0.0,0.05675480302090546,nan,0.20792292968641768
5.7,full+plan,converge,0.09124085634557871,0.09116662906607187,0,0,escalate,0,0.030024673385980027,0.08914238766128277,10,1,839,0,0,0,0.0,0.05677265252235671,nan,0.20762092684137812
5.75,full+plan,converge,0.0912567197995856,0.09113201279813593,0,0,escalate,0,0.030021511669413997,0.0889507769312208,10,1,839,0,0,0,0.0,0.05679323636107411,nan,0.2073211179685578
5.800000000000001,full+plan,converge,0.09127036425215301,0.09110005383538859,0,0,escalate,0,0.03001890071779975,0.08875981393612992,10,1,839,0,0,0,0.0,0.056816529320508964,nan,0.20702322227776515
5.8500000000000005,full+plan,converge,0.0912820518458846,0.09107037327628816,0,0,escalate,0,0.03001675018639502,0.08856928612554005,10,1,839,0,0,0,0.0,0.056842523963380666,nan,0.2067269711132148
5.9,full+plan,converge,0.09129201088136915,0.09104264179500846,0,0,escalate,0,0.03001498471250688,0.0883790032414368,10,1,840,0,0,0,0.0,0.05687122810525711,nan,0.20643210727460082
5.95,full+plan,converge,0.0913004400634653,0.09101657285514336,0,0,escalate,0,0.030013541428856566,0.08818879453322073,10,1,840,0,0,0,0.0,0.05690266271165928,nan,0.20613838443397203
6.0,full+plan,converge,0.09130751222465129,0.09099191686908159,0,0,escalate,0,0.030012367890024483,0.08799850637160475,10,1,840,0,0,0,0.0,0.056936860139590297,nan,0.20584556658708475
6.050000000000001,full+plan,converge,0.09131337756052382,0.09096845618578077,0,0,escalate,0,0.030011420343197343,0.08780800022262308,10,1,840,0,0,0,0.0,0.0568438206473882,nan,0.20555342753907924
6.1000000000000005,full+plan,converge,0.091318166516536,0.0909460007147045,0,0,escalate,0,0.03001066228676394,0.08761715088208694,10,1,840,0,0,0,0.0,0.05665089202404251,nan,0.20526175047276063
6.15,full+plan,converge,0.091321992255634,0.09092438421077356,0,0,escalate,0,0.03001006326724015,0.08742584503478601,10,1,840,0,0,0,0.0,0.05645940231707186,nan,0.20497032750144417
6.2,full+plan,converge,0.09132495284373021,0.09090346104117986,0,0,escalate,0,0.03000959787689972,0.08723397995052021,10,1,840,0,0,0,0.0,0.05626933311930663,nan,0.20467895927510116
6.25,full+plan,converge,0.09132713316968029,0.09088310338554259,0,0,escalate,0,0.030009244917537814,0.08704146239348351,10,1,840,0,0,0,0.0,0.05608067700848509,nan,0.20438745461816998
6.300000000000001,full+plan,converge,0.09132860660783829,0.09086319883419118,0,0,escalate,0,0.030008986702915658,0.08684820769326992,10,1,840,0,0,0,0.0,0.05589343692507704,nan,0.2040956301804534
6.3500000000000005,full+plan,converge,0.0913294364590583,0.09084364832294974,0,0,escalate,0,0.030008808476887416,0.08665413894811319,10,1,840,0,0,0,0.0,0.055707625627890604,nan,0.2038033101188349
6.4,full+plan,converge,0.09132967725024728,0.09082436431066315,0,0,escalate,0,0.03000869792804728,0.08645918633836894,10,1,840,0,0,0,0.0,0.05552326525618869,nan,0.2035103257818297
6.45,full+plan,converge,0.09132937582498873,0.09080526924487987,0,0,escalate,0,0.030008644785206623,0.08626328651998202,10,1,840,0,0,0,0.0,0.05534038698405054,nan,0.20321651543390795
6.5,full+plan,converge,0.09132857231175001,0.09078629421879497,0,0,escalate,0,0.030008640479325055,0.08606638213582943,10,1,840,0,0,0,0.0,0.05515903067100774,nan,0.20292172398317676
6.550000000000001,full+plan,converge,0.0913273009919699,0.09076737778835044,0,0,escalate,0,0.03000867786225131,0.08586842135698552,10,1,840,0,0,0,0.0,0.054979244688957665,nan,0.20262580273665576
6.6000000000000005,full+plan,converge,0.09132559100218894,0.09074846500189455,0,0,escalate,0,0.03000875097077227,0.08566935753937654,10,1,840,0,0,0,0.0,0.05480108566377999,nan,0.20232860915391326
6.65,full+plan,converge,0.09132346700806154,0.09072950649839526,0,0,escalate,0,0.030008854830961385,0.08546914887966167,10,1,840,0,0,0,0.0,0.054624618318843104,nan,0.20203000660734227
6.7,full+plan,converge,0.09132094976430055,0.09071045775223985,0,0,escalate,0,0.0300089852946315,0.08526775812072179,10,1,840,0,0,0,0.0,0.05444991535561068,nan,0.20172986421370254
6.75,full+plan,converge,0.09131805658241259,0.09069127844306163,0,0,escalate,0,0.030009138901808008,0.08506515236969553,10,1,840,0,0,0,0.0,0.05427705738029519,nan,0.2014280565962322
6.800000000000001,full+plan,converge,0.09131480177207464,0.09067193187437088,0,0,escalate,0,0.030009312767015156,0.08486130284596083,10,1,840,0,0,0,0.0,0.05410613275479812,nan,0.20112446372524173
6.8500000000000005,full+plan,converge,0.0913111970212532,0.0906523844691703,0,0,escalate,0,0.030009504484025562,0.08465618473550915,10,1,840,0,0,0,0.0,0.0539372376029364,nan,0.200818970727633
6.9,full+plan,converge,0.09130725170506755,0.09063260536433837,0,0,escalate,0,0.03000971204613684,0.08444977701978651,10,1,840,0,0,0,0.0,0.053770475737811775,nan,0.20051146772984196
6.95,full+plan,converge,0.09130297317217106,0.09061256603128758,0,0,escalate,0,0.030009933779902798,0.08424206235332943,10,1,840,0,0,0,0.0,0.05360595861635612,nan,0.20020184970990773
7.0,full+plan,converge,0.09129836700767678,0.09059223993843082,0,0,escalate,0,0.030010168288953032,0.08403302697435286,10,1,840,0,0,0,0.0,0.053443805354711056,nan,0.1998900163525733
7.050000000000001,full+plan,converge,0.09129343721688297,0.09057160230321003,0,0,escalate,0,0.030010414408073255,0.08382266059424229,10,1,840,0,0,0,0.0,0.053284142665145404,nan,0.19957587191010562
7.1000000000000005,full+plan,converge,0.0912881864439078,0.09055062981261172,0,0,escalate,0,0.030010671163770875,0.08361095634117113,10,1,840,0,0,0,0.0,0.05312710488576813,nan,0.1992593250755933
7.15,full+plan,converge,0.09128261612353009,0.09052930042940595,0,0,escalate,0,0.030010937743261662,0.08339791062921456,10,1,840,0,0,0,0.0,0.052967104235939214,nan,0.1989429554026253
7.2,full+plan,converge,0.09127868095655406,0.0905062725795209,0,0,escalate,0,0.03001124159880847,0.08318263226020106,10,1,840,0,0,0,0.0,0.05280303586929081,nan,0.19862789260201164
7.25,full+plan,converge,0.09127670777701719,0.09048144876881875,0,0,escalate,0,0.030011582117837637,0.08296555947216613,10,1,840,0,0,0,0.0,0.05263631481345452,nan,0.19831427646848832
7.300000000000001,full+plan,converge,0.09127619441345096,0.09045531336579724,0,0,escalate,0,0.030011937444226033,0.08274763927309378,10,1,840,0,0,0,0.0,0.052468190979698265,nan,0.19800224932559007
7.3500000000000005,full+plan,converge,0.09127674859009245,0.09042824875263011,0,0,escalate,0,0.03001228745694523,0.08252966108210483,10,1,840,0,0,0,0.0,0.052299748866954134,nan,0.197691951130898
7.4,full+plan,converge,0.09127806599732131,0.09040055469405707,0,0,escalate,0,0.030012615410749177,0.08231227942518646,10,1,840,0,0,0,0.0,0.05213191607699317,nan,0.19738351674209664
7.45,full+plan,converge,0.09127991245677239,0.09037246441856749,0,0,escalate,0,0.030012908483688955,0.08209603390186737,10,1,840,0,0,0,0.0,0.05196547636012935,nan,0.19707707453967316
7.5,full+plan,converge,0.0912821095144547,0.09034415780345074,0,0,escalate,0,0.030013157693740244,0.08188136679346714,10,1,840,0,0,0,0.0,0.05180108471583229,nan,0.1967727458628944
7.550000000000001,full+plan,converge,0.09128452279882597,0.09031577220210997,0,0,escalate,0,0.030013357494956094,0.08166863813433076,10,1,840,0,0,0,0.0,0.051639282804467834,nan,0.19647064498439082
7.6000000000000005,full+plan,converge,0.09128705263658338,0.09028741126643158,0,0,escalate,0,0.030013505225651632,0.08145813888505546,10,1,840,0,0,0,0.0,0.0514805137485853,nan,0.19617087933545962
7.65,full+plan,converge,0.09128962650434198,0.090259152118018,0,0,escalate,0,0.030013600529711332,0.08125010212828074,10,1,840,0,0,0,0.0,0.05132513578045682,nan,0.19587354980739702
7.7,full+plan,converge,0.09129219299401647,0.09023105112639693,0,0,escalate,0,0.03001364480923044,0.08104471257504134,10,1,840,0,0,0,0.0,0.051173434500837355,nan,0.19557875116724188
7.75,full+plan,converge,0.09129471696510437,0.09020314858044948,0,0,escalate,0,0.030013640736299974,0.08084211476444705,10,1,840,0,0,0,0.0,0.05102563370409567,nan,0.19528657239024894
7.800000000000001,full+plan,converge,0.09129717569385344,0.09017547242351129,0,0,escalate,0,0.030013591843650267,0.08064241986449952,10,1,840,0,0,0,0.0,0.05088190476310749,nan,0.1949970970011311
7.8500000000000005,full+plan,converge,0.0912995558231668,0.09014804122054806,0,0,escalate,0,0.030013502188561192,0.08044571148992813,10,1,840,0,0,0,0.0,0.05074237474209955,nan,0.19471040331199407
7.9,full+plan,converge,0.09130185095289425,0.09012086651345375,0,0,escalate,0,0.030013376090767846,0.08025205047059403,10,1,840,0,0,0,0.0,0.05060713328974494,nan,0.19442656466229902
7.95,full+plan,converge,0.0913040597425049,0.09009395467572952,0,0,escalate,0,0.030013217928582275,0.080061478971692,10,1,840,0,0,0,0.0,0.050476238538054594,nan,0.19414564958820446
8.0,full+plan,converge,0.09130618443513382,0.09006730836356343,0,0,escalate,0,0.030013031991168865,0.07987402383960099,10,1,840,0,0,0,0.0,0.05034972205743995,nan,0.19386772195627044
8.05,full+plan,converge,0.09130822971401496,0.0900409276366754,0,0,escalate,0,0.03001282237427741,0.07968969939797502,10,1,840,0,0,0,0.0,0.05022759308239943,nan,0.19359284106718844
8.1,full+plan,converge,0.09131020182379312,0.09001481082809516,0,0,escalate,0,0.030012592910634323,0.07950850975797077,10,1,840,0,0,0,0.0,0.05010984202412781,nan,0.1933210617438944
8.15,full+plan,converge,0.09131210790920471,0.08998895518732009,0,0,escalate,0,0.03001234712765169,0.07853215296005145,10,1,840,0,0,0,0.0,0.049996443485994774,nan,0.19305243439855235
8.200000000000001,full+plan,converge,0.09131395551869177,0.08996335737732879,0,0,escalate,0,0.030012088228672185,0.07835352145652338,10,1,840,0,0,0,0.0,0.04988735876152656,nan,0.19278700509426805
8.25,full+plan,converge,0.09131575223951859,0.08993801382953891,0,0,escalate,0,0.030011819087085057,0.07817804371313239,10,1,840,0,0,0,0.0,0.049782537967166515,nan,0.1925248156193885
8.3,full+plan,converge,0.0913175054376447,0.08991292100221192,0,0,escalate,0,0.030011542253101875,0.07800569784585765,10,1,840,0,0,0,0.0,0.04968192184493656,nan,0.19226590353352624
8.35,full+plan,converge,0.09131922208254276,0.08988807555436036,0,0,escalate,0,0.03001125996884718,0.07783645857368407,10,1,840,0,0,0,0.0,0.04958544327719995,nan,0.192010302211162
8.4,full+plan,converge,0.09132090864216409,0.08986347444354437,0,0,escalate,0,0.030010974188825895,0.07767029785669577,10,1,840,0,0,0,0.0,0.04949302860955516,nan,0.1917580409800289
8.450000000000001,full+plan,converge,0.09132257097709048,0.08983911504101502,0,0,escalate,0,0.030010686600914133,0.0775071855077061,10,1,840,0,0,0,0.0,0.04940459873529307,nan,0.19150914512665385
8.5,full+plan,converge,0.09132421434679704,0.08981499511579932,0,0,escalate,0,0.03001039865262578,0.07734708953276201,10,1,840,0,0,0,0.0,0.049320070067608794,nan,0.19126363603246388
8.55,full+plan,converge,0.09132584337950152,0.0897911128710744,0,0,escalate,0,0.030010111573515158,0.07718997654772047,10,1,840,0,0,0,0.0,0.049239355360030664,nan,0.1910215312455842
8.6,full+plan,converge,0.09132746209532894,0.08976746692078325,0,0,escalate,0,0.030009826400538175,0.07703581199818574,10,1,840,0,0,0,0.0,0.049162364412402765,nan,0.19078284460984418
8.65,full+plan,converge,0.09132907391936618,0.08974405627816459,0,0,escalate,0,0.030009543999831606,0.07688456041941583,10,1,840,0,0,0,0.0,0.049089004700673025,nan,0.19054758634095392
8.700000000000001,full+plan,converge,0.09133068173960077,0.0897208802999468,0,0,escalate,0,0.030009265088915854,0.07673618555118303,10,1,840,0,0,0,0.0,0.048933402788589785,nan,0.19031576318472776
8.75,full+plan,converge,0.09133228791834624,0.0896979386744234,0,0,escalate,0,0.030008990254008105,0.07659065057233366,10,1,840,0,0,0,0.0,0.04878154952741007,nan,0.190087378512923
8.8,full+plan,converge,0.09133389435981268,0.08967523135926678,0,0,escalate,0,0.030008719969956077,0.07644791812086474,10,1,840,0,0,0,0.0,0.04863394391162341,nan,0.18986243247180712
8.85,full+plan,converge,0.09133550253435357,0.0896527585608364,0,0,escalate,0,0.030008454614897845,0.0763079504257439,10,1,840,0,0,0,0.0,0.04849050909282567,nan,0.1896409221104246
8.9,full+plan,converge,0.09133711353057847,0.0896305206831278,0,0,escalate,0,0.030008194484102663,0.07617070938727097,10,1,840,0,0,0,0.0,0.04835116662550306,nan,0.18942284150320698
8.950000000000001,full+plan,converge,0.09133872810933205,0.08960851827658944,0,0,escalate,0,0.03000793980358757,0.0760361565890122,10,1,840,0,0,0,0.0,0.04821583674302927,nan,0.1892081819186454
9.0,full+plan,converge,0.09134034672867192,0.08958675201779703,0,0,escalate,0,0.030007690738719145,0.07590425343798896,10,1,840,0,0,0,0.0,0.048084447665385964,nan,0.1889965538598023
9.05,full+plan,converge,0.09134194509067219,0.0895652373431188,0,0,escalate,0,0.03000744862572488,0.07577475291081423,10,1,840,0,0,0,0.0,0.04795701089776856,nan,0.18878333743197595
9.1,full+plan,converge,0.0913432265876294,0.0895441441927712,0,0,escalate,0,0.030007228268618874,0.0756451008828691,10,1,840,0,0,0,0.0,0.04783324871023182,nan,0.18856888628907365
9.15,full+plan,converge,0.0913442418012561,0.08952339917660186,0,0,escalate,0,0.03000702510179784,0.07551558769871333,10,1,840,0,0,0,0.0,0.04771292880398634,nan,0.18835349453524797
9.200000000000001,full+plan,converge,0.09134503410998929,0.08950294089995915,0,0,escalate,0,0.03000683587555472,0.07538643275261697,10,1,840,0,0,0,0.0,0.047595855855432315,nan,0.18813740733941342
9.25,full+plan,converge,0.0913456405595986,0.0894827178977439,0,0,escalate,0,0.030006658322889485,0.075257799974594,10,1,840,0,0,0,0.0,0.04748186469896619,nan,0.18792082959189937
9.3,full+plan,converge,0.09134609267278497,0.08946268692700825,0,0,escalate,0,0.030006490886984927,0.07512981018046783,10,1,840,0,0,0,0.0,0.047370814860309134,nan,0.18770393291197462
9.35,full+plan,converge,0.09134641718585888,0.08944281156242441,0,0,escalate,0,0.030006332508832056,0.07500255079399737,10,1,840,0,0,0,0.0,0.04726258615138559,nan,0.1874868613818924
9.4,full+plan,converge,0.09134663668613037,0.08942306105866737,0,0,escalate,0,0.030006182465517395,0.07487608357275663,9,1,840,0,0,0,0.0,0.04715707511256498,nan,0.18726973613813602
9.450000000000001,full+plan,converge,0.0913467702128496,0.08940340937741705,0,0,escalate,0,0.030006040253397787,0.07475045056010443,9,1,840,0,0,0,0.0,0.04705419214424156,nan,0.1870526592100069
9.5,full+plan,converge,0.09134683375170155,0.089383834419287,0,0,escalate,0,0.030005905502935887,0.07462567885941304,9,1,840,0,0,0,0.0,0.046953859178419814,nan,0.1868357165717226
9.55,full+plan,converge,0.09134684068031654,0.08936431736997937,0,0,escalate,0,0.03000577537789502,0.07450178426754264,9,1,840,0,0,0,0.0,0.04685600779571261,nan,0.18661898067190286
9.600000000000001,full+plan,converge,0.09134680216289164,0.08934484215673093,0,0,escalate,0,0.030005630912443695,0.0743787741032228,9,1,840,0,0,0,0.0,0.04676057767761686,nan,0.18640251255488993
9.65,full+plan,converge,0.09134672746485599,0.08932539501921669,0,0,escalate,0,0.03000549662476075,0.07425664947881766,9,1,840,0,0,0,0.0,0.0466675153630423,nan,0.18618636355979634
9.700000000000001,full+plan,converge,0.09134662426634817,0.08930596411581052,0,0,escalate,0,0.03000537185676587,0.07413540691849344,9,1,840,0,0,0,0.0,0.04657677322805437,nan,0.18597057673220585
9.75,full+plan,converge,0.09134649889571335,0.08928653922761721,0,0,escalate,0,0.03000525597443203,0.07401503967429543,9,1,840,0,0,0,0.0,0.046488308632283815,nan,0.18575518804711633
9.8,full+plan,converge,0.09134635654049707,0.08926711150277786,0,0,escalate,0,0.030005148368456455,0.0738955387195285,9,1,840,0,0,0,0.0,0.04640208322798353,nan,0.18554022738691966
9.850000000000001,full+plan,converge,0.0913462014433298,0.0892476732276133,0,0,escalate,0,0.030005048455049435,0.07377689347612607,9,1,840,0,0,0,0.0,0.046318062400652296,nan,0.1853257193884782
9.9,full+plan,converge,0.09134603704391656,0.08922821766218167,0,0,escalate,0,0.030004955677607206,0.07365909234375612,9,1,840,0,0,0,0.0,0.04623621477104947,nan,0.1851116841660566
9.950000000000001,full+plan,converge,0.09134586612502203,0.08920873887424972,0,0,escalate,0,0.03000486950689317,0.07354212315458797,9,1,840,0,0,0,0.0,0.04615651181572178,nan,0.18489813790317255
10.0,full+plan,converge,0.0913456909095337,0.08918923162975434,0,0,escalate,0,0.030004789442364246,0.07342597343778093,9,1,840,0,0,0,0.0,0.04607892752711162,nan,0.1846850933632257
10.05,full+plan,converge,0.0913455131657456,0.08916969127551533,0,0,escalate,0,0.03000471501256259,0.07331063063294413,9,1,840,0,0,0,0.0,0.04600343811101874,nan,0.18447256037524384
10.100000000000001,full+plan,converge,0.0913453342915471,0.08915011364659377,0,0,escalate,0,0.03000464577468341,0.07319608229437985,9,1,840,0,0,0,0.0,0.04593002176536005,nan,0.18426054618849974
10.15,full+plan,converge,0.09134515537816139,0.08913049499787785,0,0,escalate,0,0.030004581314943893,0.07308231615075272,9,1,840,0,0,0,0.0,0.045858658471244915,nan,0.18404905582400788
10.200000000000001,full+plan,converge,0.09134497725676295,0.08911083195000785,0,0,escalate,0,0.03000452124779511,0.07296932020092711,9,1,840,0,0,0,0.0,0.04578932982772572,nan,0.18383809234711246
10.25,full+plan,converge,0.0913448005584027,0.08909112142788235,0,0,escalate,0,0.030004465215634143,0.07285708271890518,9,1,840,0,0,0,0.0,0.04572201886855346,nan,0.18362765713515372
10.3,full+plan,converge,0.09134462575792328,0.08907136060563008,0,0,escalate,0,0.030004412886929968,0.07274559234017669,9,1,840,0,0,0,0.0,0.04565670995246274,nan,0.18341775010527572
10.350000000000001,full+plan,converge,0.09134445320192751,0.08905154688123108,0,0,escalate,0,0.030004363956244715,0.07263483801807052,9,1,840,0,0,0,0.0,0.04559338864879258,nan,0.18320836990167566
10.4,full+plan,converge,0.09134428312498258,0.08903167785440344,0,0,escalate,0,0.03000431814217701,0.07252480905747752,9,1,840,0,0,0,0.0,0.04553204161235645,nan,0.18299951405808124
10.450000000000001,full+plan,converge,0.09134411569936705,0.08901175126893675,0,0,escalate,0,0.03000427518639999,0.0724154950971932,9,1,840,0,0,0,0.0,0.045472656508986624,nan,0.18279117918348275
10.5,full+plan,converge,0.09134395102159798,0.08899176502768419,0,0,escalate,0,0.030004234851846626,0.07230688613645292,9,1,840,0,0,0,0.0,0.045415221941577856,nan,0.18258336104404005
10.55,full+plan,converge,0.09134378915365318,0.08897171714564388,0,0,escalate,0,0.030004196922195678,0.07219897245501583,9,1,840,0,0,0,0.0,0.045359727346863804,nan,0.1823760547368295
10.600000000000001,full+plan,converge,0.09134363013244509,0.08895160573524219,0,0,escalate,0,0.030004161199550697,0.07209174468029791,9,1,840,0,0,0,0.0,0.04530616296464816,nan,0.18216925474981427
10.65,full+plan,converge,0.09134347396119875,0.08893142901298803,0,0,escalate,0,0.030004127503839864,0.07198519371312201,9,1,840,0,0,0,0.0,0.04525451976147363,nan,0.18196295507495364
10.700000000000001,full+plan,converge,0.09134332064296763,0.08891118526225616,0,0,escalate,0,0.030004095671273392,0.07187931073385243,9,1,840,0,0,0,0.0,0.04520478938135781,nan,0.18175714928175746
10.75,full+plan,converge,0.091343170164716,0.088890872844948,0,0,escalate,0,0.030004065552835676,0.07177408720121439,9,1,840,0,0,0,0.0,0.04515696409789597,nan,0.18155183059599433
10.8,full+plan,converge,0.09134302251453272,0.08887049018221152,0,0,escalate,0,0.03000403701326733,0.07166951483308917,9,1,840,0,0,0,0.0,0.045111036767747144,nan,0.18134699195723758
10.850000000000001,full+plan,converge,0.09134287769120095,0.08885003573891209,0,0,escalate,0,0.03000400993013906,0.07156558558353426,9,1,840,0,0,0,0.0,0.04506700080005412,nan,0.18114262606136966
10.9,full+plan,converge,0.09134273569240803,0.08882950803353278,0,0,escalate,0,0.030003984192742014,0.07146229162624945,9,1,840,0,0,0,0.0,0.045024850090251735,nan,0.18093872544176148
10.950000000000001,full+plan,converge,0.09134259652604934,0.08880890562073447,0,0,escalate,0,0.03000395970018592,0.07135962540713137,9,1,840,0,0,0,0.0,0.04498457904305843,nan,0.18073528247140047
11.0,full+plan,converge,0.09134246021282513,0.08878822709221644,0,0,escalate,0,0.03000393636231015,0.07125757951687645,9,1,840,0,0,0,0.0,0.044946182495213455,nan,0.18053228941153565
11.05,full+plan,converge,0.0913423267841252,0.08876747106852108,0,0,escalate,0,0.03000391409734092,0.07115614676645254,9,1,840,0,0,0,0.0,0.04490965570287592,nan,0.18032973846917966
11.100000000000001,full+plan,converge,0.0913421962844226,0.08874663619803735,0,0,escalate,0,0.030003892831517123,0.07105532016663882,9,1,840,0,0,0,0.0,0.04487499431090629,nan,0.18012762179246133
11.15,full+plan,converge,0.09134206875914669,0.08872572116225634,0,0,escalate,0,0.03000387249792559,0.07095509292873606,9,1,840,0,0,0,0.0,0.04484219434470202,nan,0.179925931510993
11.200000000000001,full+plan,converge,0.09134194428462636,0.0887047246472137,0,0,escalate,0,0.03000385303709159,0.07085545840046481,9,1,840,0,0,0,0.0,0.04481125217352448,nan,0.17972447813421988
11.25,full+plan,converge,0.09134182294377806,0.0886836453611283,0,0,escalate,0,0.030003834394974102,0.07075641011771677,9,1,840,0,0,0,0.0,0.04476763023074807,nan,0.17954170812728665
11.3,full+plan,converge,0.09133353078179378,0.08867087994429425,0,0,escalate,0,0.030003714786096147,0.07069483890672168,9,1,840,0,0,0,0.0,0.04472492384970519,nan,0.1793639204912828
11.350000000000001,full+plan,converge,0.09132336887325145,0.08866049909336195,0,0,escalate,0,0.030003548966269028,0.07063895765477643,9,1,840,0,0,0,0.0,0.04468491824524066,nan,0.1791891718116202
11.4,full+plan,converge,0.09131243781536305,0.08865134503876672,0,0,escalate,0,0.030003390271662683,0.07058410100256884,9,1,840,0,0,0,0.0,0.044647456011222865,nan,0.17901748409588725
11.450000000000001,full+plan,converge,0.09130089539466703,0.08864324591478819,0,0,escalate,0,0.030003238801158905,0.07053027367300788,9,1,840,0,0,0,0.0,0.04461239155449071,nan,0.1788488672577907
11.5,full+plan,converge,0.09128887616986912,0.08863605391778998,0,0,escalate,0,0.03000309451190805,0.0704774765797585,9,1,840,0,0,0,0.0,0.04457958986784093,nan,0.17868332084812255
11.55,full+plan,converge,0.091276494717893,0.08862964196973408,0,0,escalate,0,0.030002957259859436,0.07042570736518461,9,1,840,0,0,0,0.0,0.04454892545607612,nan,0.1785208355581046
11.600000000000001,full+plan,converge,0.09126384843361747,0.08862390083839372,0,0,escalate,0,0.030002826830918233,0.07037496087081938,9,1,840,0,0,0,0.0,0.044520281397623866,nan,0.17836139452177735
11.65,full+plan,converge,0.09125101995651612,0.08861873663965962,0,0,escalate,0,0.0300027029647075,0.07032522954938972,9,1,840,0,0,0,0.0,0.04449354852988071,nan,0.17820497447188532
11.700000000000001,full+plan,converge,0.09123807923922321,0.08861406871245092,0,0,escalate,0,0.030002585372367302,0.07027650383241935,9,1,840,0,0,0,0.0,0.044468624731119996,nan,0.17805154673615065
11.75,full+plan,converge,0.09122508534887153,0.08860982776534346,0,0,escalate,0,0.03000247374994816,0.0702287724495308,9,1,840,0,0,0,0.0,0.044445414288450676,nan,0.17790107809976574
11.8,full+plan,converge,0.09121208800368567,0.0886059542957597,0,0,escalate,0,0.030002367788263484,0.07018202270536483,9,1,840,0,0,0,0.0,0.04442382733874648,nan,0.17775353159138085
11.850000000000001,full+plan,converge,0.09119912890820439,0.08860239721823888,0,0,escalate,0,0.030002267180008618,0.07013624073354557,9,1,840,0,0,0,0.0,0.04440377938025077,nan,0.17760886712458268
11.9,full+plan,converge,0.09118624289674065,0.0885991126856158,0,0,escalate,0,0.0300021716248203,0.07009141170561811,9,1,840,0,0,0,0.0,0.044385190835910075,nan,0.1774670420959107
11.950000000000001,full+plan,converge,0.0911734589005723,0.08859606309712978,0,0,escalate,0,0.030002080832662065,0.07004752002433595,9,1,840,0,0,0,0.0,0.044367986657504244,nan,0.1773280118588122
12.0,full+plan,converge,0.0911608008308155,0.08859321618267686,0,0,escalate,0,0.030001994526256875,0.07000454947878779,9,1,840,0,0,0,0.0,0.04435209598561935,nan,0.17719173019670464
12.05,full+plan,converge,0.09114828827396988,0.08859054429381998,0,0,escalate,0,0.03000191244221581,0.06996248339812863,9,1,840,0,0,0,0.0,0.04433745184217558,nan,0.1770581496573752
12.100000000000001,full+plan,converge,0.09113593713547666,0.08858802373522122,0,0,escalate,0,0.030001834331812832,0.06992130476154573,9,1,840,0,0,0,0.0,0.04432399084064217,nan,0.17692722193335475
12.15,full+plan,converge,0.09112376016953358,0.08858563422036216,0,0,escalate,0,0.03000175996115087,0.06988099632172001,9,1,840,0,0,0,0.0,0.04431165294574473,nan,0.1767988980885845
12.200000000000001,full+plan,converge,0.09111176745992568,0.0885833583719623,0,0,escalate,0,0.03000168911100065,0.06984154067954357,9,1,840,0,0,0,0.0,0.04430038123807479,nan,0.17667312885019004
12.25,full+plan,converge,0.09109996680610545,0.08858118132634431,0,0,escalate,0,0.030001621576348503,0.06980292037868821,9,1,840,0,0,0,0.0,0.04429012172108219,nan,0.17654986477470158
12.3,full+plan,converge,0.09108836405775894,0.08857909038408637,0,0,escalate,0,0.030001557165778903,0.06976511796038168,9,1,840,0,0,0,0.0,0.04428082311784741,nan,0.17642905646887985
12.350000000000001,full+plan,converge,0.09107696343440445,0.088577074680022,0,0,escalate,0,0.03000149570087199,0.06972811603371701,9,1,840,0,0,0,0.0,0.0442724367140539,nan,0.1763106547215948
12.4,full+plan,converge,0.09106576775128364,0.08857512494779894,0,0,escalate,0,0.03000143701535571,0.06969189732009137,9,1,840,0,0,0,0.0,0.044264916200713225,nan,0.1761946106317981
12.450000000000001,full+plan,converge,0.09105477865349261,0.08857323327767626,0,0,escalate,0,0.030001380954356865,0.0696564446933354,9,1,840,0,0,0,0.0,0.04425821752798474,nan,0.17608087571619568
12.5,full+plan,converge,0.09104399679790817,0.08857139292334223,0,0,escalate,0,0.030001327373675418,0.06962174121471756,9,1,840,0,0,0,0.0,0.04425229877741594,nan,0.17596940201881273
12.55,full+plan,converge,0.09103342200501503,0.08856959814618978,0,0,escalate,0,0.03000127613894729,0.06958777016742126,9,1,840,0,0,0,0.0,0.04424712003971655,nan,0.17586014218595547
12.600000000000001,full+plan,converge,0.09102305340531891,0.08856784406207006,0,0,escalate,0,0.030001227124945795,0.06955451507997334,9,1,840,0,0,0,0.0,0.04424264330390336,nan,0.17575304950640436
12.65,full+plan,converge,0.0910128895621023,0.08856612650756057,0,0,escalate,0,0.030001180214942275,0.06952195973871744,9,1,840,0,0,0,0.0,0.044238832356586044,nan,0.17564807800042082
12.700000000000001,full+plan,converge,0.09100292854527908,0.08856444196678842,0,0,escalate,0,0.030001135299932147,0.06949008821653374,9,1,840,0,0,0,0.0,0.044235652684895814,nan,0.1755451824214681
12.75,full+plan,converge,0.09099316804972829,0.08856278744189654,0,0,escalate,0,0.030001092278146374,0.0694588848710061,9,1,840,0,0,0,0.0,0.04423307138884814,nan,0.17544431832209617
12.8,full+plan,converge,0.09098360544135907,0.08856116040641394,0,0,escalate,0,0.03000105105439496,0.06942833436563908,9,1,840,0,0,0,0.0,0.044231057091559126,nan,0.17534544207117153
12.850000000000001,full+plan,converge,0.09097423784228051,0.08855955871148545,0,0,escalate,0,0.030001011539633,0.06939842167338445,9,1,840,0,0,0,0.0,0.04422957987378501,nan,0.17524851087000926
12.9,full+plan,converge,0.09096506215891927,0.08855798055739172,0,0,escalate,0,0.030000973650363277,0.06936913208197368,9,1,840,0,0,0,0.0,0.044228611191342554,nan,0.17515348275287246
12.950000000000001,full+plan,converge,0.0909560751569913,0.08855642440825313,0,0,escalate,0,0.030000937308338443,0.06934045119142776,9,1,840,0,0,0,0.0,0.04422812381302312,nan,0.17506031662751287
13.0,full+plan,converge,0.09094727347319322,0.08855488898424113,0,0,escalate,0,0.030000902440012578,0.06931236492670506,9,1,840,0,0,0,0.0,0.044228091754440556,nan,0.17496897225727637
13.05,full+plan,converge,0.09093865366029803,0.08855337320761736,0,0,escalate,0,0.03000086897625162,0.06928485953070238,9,1,840,0,0,0,0.0,0.04422849021861152,nan,0.1748794102536695
13.100000000000001,full+plan,converge,0.09093021221537757,0.08855187616915483,0,0,escalate,0,0.03000083685202498,0.06925792156032859,9,1,840,0,0,0,0.0,0.04422929554195936,nan,0.17479159209555462
13.15,full+plan,converge,0.09092194559172756,0.08855039711778423,0,0,escalate,0,0.030000806005999636,0.06923153789145242,9,1,840,0,0,0,0.0,0.04423048513656095,nan,0.17470548011536358
13.200000000000001,full+plan,converge,0.09091385023926182,0.08854893541455994,0,0,escalate,0,0.030000776380349897,0.06920569571334687,9,1,840,0,0,0,0.0,0.04423203743960707,nan,0.17462103748523816
13.25,full+plan,converge,0.09090592260518834,0.0885474905252943,0,0,escalate,0,0.030000747920502557,0.06918038252228367,9,1,840,0,0,0,0.0,0.0442339318731353,nan,0.17453822821946452
13.3,full+plan,converge,0.0908981591437661,0.0885460620148058,0,0,escalate,0,0.03000072057480896,0.06915558612166106,9,1,840,0,0,0,0.0,0.04423614879184012,nan,0.17445701714994644
13.350000000000001,full+plan,converge,0.09089055634153231,0.08854464951197409,0,0,escalate,0,0.03000069429444585,0.06913129461286854,9,1,840,0,0,0,0.0,0.044238669444490675,nan,0.17437736992451003
13.4,full+plan,converge,0.09088311071740549,0.08854325271120496,0,0,escalate,0,0.030000669033148103,0.06910749639322597,9,1,840,0,0,0,0.0,0.044241475931232045,nan,0.1742992529873042
13.450000000000001,full+plan,converge,0.09087581883918824,0.0885418713509224,0,0,escalate,0,0.030000644747074923,0.06908418014857995,9,1,840,0,0,0,0.0,0.04424455116786073,nan,0.17422263357226464
13.5,full+plan,converge,0.09086867730472098,0.08854050523069933,0,0,escalate,0,0.03000062139460699,0.06906133484972696,9,1,840,0,0,0,0.0,0.04424787884312188,nan,0.17414747968583055
13.55,full+plan,converge,0.0908616827904619,0.08853915415909112,0,0,escalate,0,0.030000598936263972,0.06903894974596908,9,1,840,0,0,0,0.0,0.04425144339455938,nan,0.1740737600892539
13.600000000000001,full+plan,converge,0.09085483200674799,0.08853781799874845,0,0,escalate,0,0.030000577334474365,0.06901701435817553,9,1,840,0,0,0,0.0,0.0442552299646296,nan,0.17400144428496733
13.65,full+plan,converge,0.09084812174117228,0.08853649661642839,0,0,escalate,0,0.030000556553554852,0.0689955184733674,9,1,840,0,0,0,0.0,0.04425922437680302,nan,0.17393050249960795
13.700000000000001,full+plan,converge,0.09084154883461405,0.08853518990742218,0,0,escalate,0,0.030000536559524893,0.06897445213765874,9,1,840,0,0,0,0.0,0.04426341310436427,nan,0.17386090565932855
13.75,full+plan,converge,0.09083511019305662,0.088533897779793,0,0,escalate,0,0.03000051732003814,0.06895380564797265,9,1,840,0,0,0,0.0,0.04426778323963161,nan,0.17379262539556695
13.8,full+plan,converge,0.09082880279385765,0.08853262014865945,0,0,escalate,0,0.030000498804255787,0.06893356955239119,9,1,840,0,0,0,0.0,0.044272322468774876,nan,0.17372563400089958
13.850000000000001,full+plan,converge,0.09082262367239052,0.08853135694275585,0,0,escalate,0,0.030000480982802974,0.06891373463520242,9,1,840,0,0,0,0.0,0.04427701904570358,nan,0.17365990444344093
13.9,full+plan,converge,0.09081656993214819,0.0885301080987062,0,0,escalate,0,0.030000463827622614,0.06889429192054594,9,1,840,0,0,0,0.0,0.04428186176571398,nan,0.1735954103212609
13.950000000000001,full+plan,converge,0.09081063874673219,0.08852887354982847,0,0,escalate,0,0.030000447311980788,0.06887523265604145,9,1,840,0,0,0,0.0,0.04428683994583309,nan,0.17353212587013034
14.0,full+plan,converge,0.09080482735065162,0.08852765324022503,0,0,escalate,0,0.030000431410302925,0.06885654831572441,9,1,840,0,0,0,0.0,0.04429194339864676,nan,0.17347002592901783
14.05,full+plan,converge,0.0907991330439866,0.08852644711230401,0,0,escalate,0,0.030000416098191318,0.06883823058722352,9,1,840,0,0,0,0.0,0.044297162411555534,nan,0.17340908594351312
14.100000000000001,full+plan,converge,0.09079355319094429,0.08852525511107737,0,0,escalate,0,0.030000401352314382,0.06882027137194593,9,1,840,0,0,0,0.0,0.04430248772813527,nan,0.17334928193334387
14.15,full+plan,converge,0.0907880852210943,0.08852407717828073,0,0,escalate,0,0.030000387150365987,0.06880266277414368,9,1,840,0,0,0,0.0,0.044307910528092506,nan,0.1732905904840749
14.200000000000001,full+plan,converge,0.09078272662459443,0.08852291325675105,0,0,escalate,0,0.03000037347100945,0.06878539709735174,9,1,840,0,0,0,0.0,0.04431342240659819,nan,0.17323298873570214
14.25,full+plan,converge,0.09077747494952063,0.08852176329029317,0,0,escalate,0,0.030000360293834988,0.06876846683958418,9,1,840,0,0,0,0.0,0.044319015356631866,nan,0.17317645436958973
14.3,full+plan,converge,0.09077232781298546,0.08852062721316321,0,0,escalate,0,0.030000347599303007,0.068751864689086,9,1,840,0,0,0,0.0,0.044324681753598334,nan,0.17312096558215417
14.350000000000001,full+plan,converge,0.09076728288763335,0.08851950495795524,0,0,escalate,0,0.030000335368723874,0.06873558351475825,9,1,840,0,0,0,0.0,0.04433041433912689,nan,0.17306650109388688
14.4,full+plan,converge,0.09076233789357661,0.0885183964693493,0,0,escalate,0,0.03000032358415547,0.06871961636812954,9,1,840,0,0,0,0.0,0.044336206203868966,nan,0.17301304009880314
14.450000000000001,full+plan,converge,0.09075749061880013,0.0885173016719376,0,0,escalate,0,0.030000312228458614,0.06870395646700564,9,1,840,0,0,0,0.0,0.04434205077349315,nan,0.1729605622958409
14.5,full+plan,converge,0.09075273890279992,0.0885162204960171,0,0,escalate,0,0.03000030128517092,0.06868859720455525,9,1,840,0,0,0,0.0,0.044347941793708184,nan,0.17290904783153027
14.55,full+plan,converge,0.09074808064209502,0.08851515285988659,0,0,escalate,0,0.03000029073855473,0.06867353213091307,9,1,840,0,0,0,0.0,0.044353873316015584,nan,0.1728584773389683
14.600000000000001,full+plan,converge,0.0907435137752785,0.0885140986957462,0,0,escalate,0,0.030000280573470955,0.0686587549633999,9,1,840,0,0,0,0.0,0.04435983968435364,nan,0.17280883189009388
14.65,full+plan,converge,0.09073903629951756,0.088513057922369,0,0,escalate,0,0.030000270775431964,0.06864425957248532,9,1,840,0,0,0,0.0,0.044365835526954334,nan,0.1727600929708608
14.700000000000001,full+plan,converge,0.09073464626423233,0.08851203045108329,0,0,escalate,0,0.030000261330547257,0.06863003997271894,9,1,840,0,0,0,0.0,0.04437185574022353,nan,0.17271224249697148
14.75,full+plan,converge,0.09073034176042369,0.08851101619797695,0,0,escalate,0,0.030000252225483942,0.06861609032680616,9,1,840,0,0,0,0.0,0.044377895475293555,nan,0.17266526281184746
14.8,full+plan,converge,0.09072612092886595,0.08851001507627534,0,0,escalate,0,0.030000243447435876,0.06860240494486675,9,1,840,0,0,0,0.0,0.044383950131485925,nan,0.17261913664784478
14.850000000000001,full+plan,converge,0.09072198195708561,0.08850902699400065,0,0,escalate,0,0.030000234984121743,0.06858897827148125,9,1,840,0,0,0,0.0,0.044390015342366744,nan,0.17257384712739388
14.9,full+plan,converge,0.0907179230801782,0.08850805185325758,0,0,escalate,0,0.030000226823763992,0.06857580488526527,9,1,840,0,0,0,0.0,0.044396086969660395,nan,0.17252937775556654
14.950000000000001,full+plan,converge,0.09071394256511449,0.08850708956689272,0,0,escalate,0,0.030000218955028773,0.06856287949639414,9,1,840,0,0,0,0.0,0.04440216108814266,nan,0.17248571240009802
15.0,full+plan,converge,0.09071003874009782,0.08850614002349425,0,0,escalate,0,0.0300002113670699,0.06855019693939798,9,1,840,0,0,0,0.0,0.04440823398079352,nan,0.1724428353010674
