t,mode,scenario,e_left,e_right,step_left,step_right,coord_state,plan_active,d_self_model,d_env_model,n_constraints,qp_ok,n_obstacle_pts,n_arm_arm,n_arm_env,n_arm_torso,pen,d_arms,d_obst,d_belt
0.05,off,converge,0.2353740052161439,0.23537400504707728,0,0,,0,0.05676101943747254,inf,0,1,0,0,0,0,0.0,0.25,nan,0.21207190498182016
0.1,off,converge,0.20650039464472772,0.20650039031909806,0,0,,0,0.05205460863609414,inf,0,1,0,0,0,0,0.0,0.22832824434895027,nan,0.2124020786977049
0.15000000000000002,off,converge,0.18137545540779662,0.1813754460015907,0,0,,0,0.04971572204837986,inf,0,1,0,0,0,0,0.0,0.18537898223037574,nan,0.21258750638339563
0.2,off,converge,0.15948250484171525,0.15948249012076,0,0,,0,0.049067743349032536,inf,0,1,0,0,0,0,0.0,0.14800693084935118,nan,0.21271338050644262
0.25,off,converge,0.14037436824717464,0.14037434842237778,0,0,,0,0.049556673769183365,inf,0,1,0,0,0,0,0.0,0.11564194329923874,nan,0.21283408816878835
0.30000000000000004,off,converge,0.12366792306345287,0.12366789860339315,0,0,,0,0.05073131615168126,inf,0,1,0,0,0,0,0.0,0.08697818299907659,nan,0.2129814589304032
0.35000000000000003,off,converge,0.10903704892405298,0.10903702042615773,0,0,,0,0.05103467427616143,inf,0,1,0,0,0,0,0.0,0.06205360975918893,nan,0.21317115439228151
0.4,off,converge,0.09620524532677237,0.09620521347823324,0,0,,0,0.02756907185619359,inf,0,1,0,0,0,0,0.0,0.04166999299404569,nan,0.2132403658830383
0.45,off,converge,0.0855208106389478,0.08552077577424058,0,0,,0,0.008636962905708256,inf,0,1,0,0,0,0,0.0,0.025917898293944395,nan,0.21379611907714746
0.5,off,converge,0.07724600406696322,0.07724595860629017,0,0,,0,-0.00574823437508,inf,0,1,0,0,0,0,0.0,0.01142208235829499,nan,0.21513565606973917
0.55,off,converge,0.06975432821760914,0.0697542828261993,0,0,,0,-0.019727772732674564,inf,0,1,0,1,0,0,-0.0034878988399033267,0.0,nan,0.21647069817190523
0.6000000000000001,off,converge,0.06349849098240413,0.06349844698142619,0,0,,0,-0.03174218481357877,inf,0,1,0,2,0,0,-0.014692520276173392,0.0,nan,0.21778591177000306
0.65,off,converge,0.05834687709571878,0.05834683579397911,0,0,,0,-0.04203347722979707,inf,0,1,0,2,0,0,-0.02425756391731335,0.0,nan,0.21905612965928334
0.7000000000000001,off,converge,0.05416739204234367,0.05416735455500723,0,0,,0,-0.05082064772564225,inf,0,1,0,6,0,0,-0.032374187287792816,0.0,nan,0.22026077296445445
0.75,off,converge,0.05082745056141008,0.05082741766686045,0,0,,0,-0.05865614901802911,inf,0,1,0,5,0,0,-0.03924492609007726,0.0,nan,0.22138455892809328
0.8,off,converge,0.04819689877127116,0.048196870850285775,0,0,,0,-0.06562388866339162,inf,0,1,0,6,0,0,-0.04509826805646976,0.0,nan,0.22241759507558767
0.8500000000000001,off,converge,0.04615235667892739,0.04615233375158753,0,0,,0,-0.0715294316138168,inf,0,1,0,6,0,0,-0.05006656370276307,0.0,nan,0.22335496786734266
0.9,off,converge,0.0445814396940727,0.044581421481120445,0,0,,0,-0.07652818830121108,inf,0,1,0,5,0,0,-0.054394795424697794,0.0,nan,0.22419597942337177
0.9500000000000001,off,converge,0.04338576489408982,0.04338575093206158,0,0,,0,-0.0807555952268708,inf,0,1,0,5,0,0,-0.05800048541707335,0.0,nan,0.2249432147781073
1.0,off,converge,0.0424822937143139,0.0424822834478743,0,0,,0,-0.0843286305679063,inf,0,1,0,5,0,0,-0.060821087019931566,0.0,nan,0.22560160049967293
1.05,off,converge,0.041803128619783234,0.04180312147223567,0,0,,0,-0.08734761650621123,inf,0,1,0,6,0,0,-0.06228508138404612,0.0,nan,0.22617756284205826
1.1,off,converge,0.0412942026815417,0.04129419810835892,0,0,,0,-0.08989812946826277,inf,0,1,0,5,0,0,-0.062362631330969365,0.0,nan,0.22667833837394735
1.1500000000000001,off,converge,0.0409133716553435,0.04091336917190231,0,0,,0,-0.09199997953435374,inf,0,1,0,5,0,0,-0.06238760889373838,0.0,nan,0.2271114483546749
1.2000000000000002,off,converge,0.040628329938488666,0.040628329129215636,0,0,,0,-0.09199997878309596,inf,0,1,0,5,0,0,-0.06242978709952768,0.0,nan,0.22748432326783152
1.25,off,converge,0.040414628084893045,0.040414628605144345,0,0,,0,-0.09181585619000343,inf,0,1,0,6,0,0,-0.06238847518724657,0.0,nan,0.22780405258418657
1.3,off,converge,0.04025393698647789,0.04025393855990994,0,0,,0,-0.09299600045108401,inf,0,1,0,6,0,0,-0.06234901494409872,0.0,nan,0.22807723227319998
1.35,off,converge,0.04013260883752434,0.04013261124179241,0,0,,0,-0.09399215056586321,inf,0,1,0,6,0,0,-0.062312212924755424,0.0,nan,0.2283098847134678
1.4000000000000001,off,converge,0.0400405282226908,0.04004053128131513,0,0,,0,-0.09483301712939346,inf,0,1,0,6,0,0,-0.062285972527340694,0.0,nan,0.22850742982478833
1.4500000000000002,off,converge,0.039970218978869675,0.039970222558913214,0,0,,0,-0.09554282851716936,inf,0,1,0,6,0,0,-0.06225240525241505,0.0,nan,0.2286746906787599
1.5,off,converge,0.03991616301686777,0.03991616701140113,0,0,,0,-0.09614202746710157,inf,0,1,0,5,0,0,-0.06223509695637477,0.0,nan,0.2288159210712698
1.55,off,converge,0.03987428788722109,0.03987429221424926,0,0,,0,-0.09664786186920243,inf,0,1,0,5,0,0,-0.06217819252479339,0.0,nan,0.2289348459289796
1.6,off,converge,0.03984158510190719,0.03984158969853359,0,0,,0,-0.09707488454799212,inf,0,1,0,5,0,0,-0.062162742357238204,0.0,nan,0.22903470816352145
1.6500000000000001,off,converge,0.03981582784598202,0.03981583266547332,0,0,,0,-0.09743537531567538,inf,0,1,0,5,0,0,-0.0620518003421442,0.0,nan,0.22911831764043866
1.7000000000000002,off,converge,0.03979536322949435,0.03979536823335545,0,0,,0,-0.09773969703169796,inf,0,1,0,5,0,0,-0.06185797888357497,0.0,nan,0.2291880994628125
1.75,off,converge,0.03977895989527239,0.039778965054294374,0,0,,0,-0.09799659582050207,inf,0,1,0,5,0,0,-0.061726476149136324,0.0,nan,0.2292461398034783
1.8,off,converge,0.0397656964670051,0.03976570175797745,0,0,,0,-0.0982134541154066,inf,0,1,0,5,0,0,-0.061644536495222446,0.0,nan,0.22929422833468804
1.85,off,converge,0.039754879968651645,0.039754885374207974,0,0,,0,-0.09839650394194244,inf,0,1,0,5,0,0,-0.06159715705338115,0.0,nan,0.22933389676869076
1.9000000000000001,off,converge,0.03974598617382685,0.03974599167985557,0,0,,0,-0.09855100668753373,inf,0,1,0,5,0,0,-0.06172524486073069,0.0,nan,0.22936645340407147
1.9500000000000002,off,converge,0.03973861595655727,0.039738621552479224,0,0,,0,-0.09868140465860219,inf,0,1,0,5,0,0,-0.061694843445944725,0.0,nan,0.22939301374427956
2.0,off,converge,0.03973246331515464,0.03973246898959834,0,0,,0,-0.09879144886626093,inf,0,1,0,5,0,0,-0.061636623863878026,0.0,nan,0.22941452743445423
2.0500000000000003,off,converge,0.03972729189189091,0.03972729763811156,0,0,,0,-0.09888430679812316,inf,0,1,0,5,0,0,-0.061589587304827734,0.0,nan,0.22943180178904943
2.1,off,converge,0.03972291770029682,0.0397229235105706,0,0,,0,-0.09896265332167059,inf,0,1,0,5,0,0,-0.06155299272911837,0.0,nan,0.2294455222455537
2.15,off,converge,0.03971919636493689,0.03971920223376717,0,0,,0,-0.09902874737874434,inf,0,1,0,5,0,0,-0.06151719498146609,0.0,nan,0.22945627006399028
2.2,off,converge,0.03971601366836698,0.0397160195903684,0,0,,0,-0.09908449671469428,inf,0,1,0,5,0,0,-0.061492392154185886,0.0,nan,0.22946453758925733
2.25,off,converge,0.03971327851169821,0.039713284482647306,0,0,,0,-0.09913151249699795,inf,0,1,0,5,0,0,-0.06146604336243589,0.0,nan,0.22947074138542434
2.3000000000000003,off,converge,0.03971091765097726,0.03971092366607325,0,0,,0,-0.09917115543232968,inf,0,1,0,5,0,0,-0.06144921044768134,0.0,nan,0.22947523350196153
2.35,off,converge,0.03970887173538558,0.03970887779191773,0,0,,0,-0.09920457469249012,inf,0,1,0,5,0,0,-0.06143253466998689,0.0,nan,0.22947831111105355
2.4000000000000004,off,converge,0.039707092311202924,0.039707098405023566,0,0,,0,-0.09923274079233689,inf,0,1,0,5,0,0,-0.06141846730792863,0.0,nan,0.2294802247726645
2.45,off,converge,0.03970553953735986,0.03970554566648814,0,0,,0,-0.0992564733424523,inf,0,1,0,5,0,0,-0.06140660295540043,0.0,nan,0.22948118546080576
2.5,off,converge,0.039704180437721184,0.03970418659932768,0,0,,0,-0.09927646448645187,inf,0,1,0,5,0,0,-0.06139659885465012,0.0,nan,0.22948137057709606
2.5500000000000003,off,converge,0.03970298754441697,0.03970299373589551,0,0,,0,-0.09929329871024856,inf,0,1,0,5,0,0,-0.06138816527871828,0.0,nan,0.2294809290630676
2.6,off,converge,0.03970193784652347,0.03970194406553229,0,0,,0,-0.0993074695610838,inf,0,1,0,5,0,0,-0.06138105737783961,0.0,nan,0.22947998576315232
2.6500000000000004,off,converge,0.039701011964821245,0.03970101820946778,0,0,,0,-0.09931939376843545,inf,0,1,0,5,0,0,-0.06137506826390442,0.0,nan,0.22947864511619953
2.7,off,converge,0.039700193497462184,0.03970019976605069,0,0,,0,-0.0993294231825225,inf,0,1,0,5,0,0,-0.061370023158002836,0.0,nan,0.22947699431183433
2.75,off,converge,0.03969946850169886,0.0396994747917477,0,0,,0,-0.09933785484855921,inf,0,1,0,5,0,0,-0.06136449647771614,0.0,nan,0.22947510595994458
2.8000000000000003,off,converge,0.039698825074825084,0.03969883138403316,0,0,,0,-0.09934493952472548,inf,0,1,0,5,0,0,-0.061360920173774196,0.0,nan,0.22947304036547556
2.85,off,converge,0.03969825301726997,0.03969825934499959,0,0,,0,-0.09935088887577517,inf,0,1,0,5,0,0,-0.06135791015674297,0.0,nan,0.22947084744666835
2.9000000000000004,off,converge,0.039697743560227476,0.03969774990437456,0,0,,0,-0.0993558815476261,inf,0,1,0,5,0,0,-0.06135537755919421,0.0,nan,0.22946856837726226
2.95,off,converge,0.03969728913835444,0.03969729549804805,0,0,,0,-0.09936006830450295,inf,0,1,0,5,0,0,-0.061353247367246753,0.0,nan,0.22946623696295487
3.0,off,converge,0.03969688320800209,0.03969688958158921,0,0,,0,-0.09936357635189058,inf,0,1,0,5,0,0,-0.061351456267612466,0.0,nan,0.22946388082070845
3.0500000000000003,off,converge,0.039696520090998506,0.03969652647773856,0,0,,0,-0.09936651301363902,inf,0,1,0,5,0,0,-0.061349950832054384,0.0,nan,0.22946152236607553
3.1,off,converge,0.039696194848848954,0.03969620124692613,0,0,,0,-0.09936896882729924,inf,0,1,0,5,0,0,-0.06134868597926357,0.0,nan,0.22945917965613194
3.1500000000000004,off,converge,0.03969590317307135,0.03969590958254311,0,0,,0,-0.09937102015222897,inf,0,1,0,5,0,0,-0.06134762368616951,0.0,nan,0.2294568670995233
3.2,off,converge,0.03969564130058113,0.03969564772046258,0,0,,0,-0.09937273137305501,inf,0,1,0,5,0,0,-0.061346731880056606,0.0,nan,0.22945459605726526
3.25,off,converge,0.03969540593411415,0.03969541236314608,0,0,,0,-0.09937415677295454,inf,0,1,0,5,0,0,-0.061345983519437944,0.0,nan,0.22945237535191276
3.3000000000000003,off,converge,0.039695194179126335,0.0396952006167239,0,0,,0,-0.0993753421039672,inf,0,1,0,5,0,0,-0.061345355804827445,0.0,nan,0.22945021169327007
3.35,off,converge,0.039695003489437795,0.0396950099352088,0,0,,0,-0.09937632592247791,inf,0,1,0,5,0,0,-0.06134482952140937,0.0,nan,0.22944811004007815
3.4000000000000004,off,converge,0.03969483162111306,0.03969483807415021,0,0,,0,-0.09937714071048953,inf,0,1,0,5,0,0,-0.061344388473522166,0.0,nan,0.22944607390383698
3.45,off,converge,0.039694676592255895,0.03969468305189392,0,0,,0,-0.09937781382567765,inf,0,1,0,5,0,0,-0.06134401902429336,0.0,nan,0.22944410560707051
3.5,off,converge,0.03969453665054817,0.03969454311687519,0,0,,0,-0.09937836829286226,inf,0,1,0,5,0,0,-0.06134370968383406,0.0,nan,0.2294422064973135
3.5500000000000003,off,converge,0.03969441024225509,0.039694416714359415,0,0,,0,-0.09937882350100469,inf,0,1,0,5,0,0,-0.06134472493683078,0.0,nan,0.2294403771310295
3.6,off,converge,0.0396942959900827,0.039694302467535865,0,0,,0,-0.09937919574449441,inf,0,1,0,5,0,0,-0.06134450833885922,0.0,nan,0.22943861741799354
3.6500000000000004,off,converge,0.039694192666583875,0.03969419914976082,0,0,,0,-0.09937949874154586,inf,0,1,0,5,0,0,-0.06134432720009786,0.0,nan,0.22943692675355531
3.7,off,converge,0.0396940991808484,0.03969410566811858,0,0,,0,-0.0993797440165983,inf,0,1,0,5,0,0,-0.06134417576346211,0.0,nan,0.2294353041261189
3.75,off,converge,0.03969401455855778,0.039694021050405724,0,0,,0,-0.09937994124618368,inf,0,1,0,5,0,0,-0.061344049188985283,0.0,nan,0.2294337482029164
3.8000000000000003,off,converge,0.03969393793043859,0.039693944426767304,0,0,,0,-0.09938009855580293,inf,0,1,0,5,0,0,-0.0613439434084938,0.0,nan,0.2294322574029969
3.85,off,converge,0.039693868519307826,0.0396938750181065,0,0,,0,-0.09938022276457359,inf,0,1,0,5,0,0,-0.06134385500582294,0.0,nan,0.22943082996245134
3.9000000000000004,off,converge,0.039693805626729264,0.039693812129115734,0,0,,0,-0.09938031958896837,inf,0,1,0,5,0,0,-0.061343781111153045,0.0,nan,0.22942946397970687
3.95,off,converge,0.03969374862791259,0.03969375513419834,0,0,,0,-0.09938039381679442,inf,0,1,0,5,0,0,-0.06134371932348511,0.0,nan,0.22942815745948175
4.0,off,converge,0.039693696962809964,0.039693703471541344,0,0,,0,-0.09938044945237345,inf,0,1,0,5,0,0,-0.0613436676248853,0.0,nan,0.2294269083490449
4.05,off,converge,0.039693650125711355,0.03969365663672521,0,0,,0,-0.09938048984897685,inf,0,1,0,5,0,0,-0.06134362432909524,0.0,nan,0.22942571456298178
4.1000000000000005,off,converge,0.03969360766301007,0.03969361417613769,0,0,,0,-0.09938051779870086,inf,0,1,0,5,0,0,-0.06134358801985803,0.0,nan,0.22942457400770644
4.15,off,converge,0.039693569165061,0.03969357567992387,0,0,,0,-0.0993805356381593,inf,0,1,0,5,0,0,-0.061343557516525996,0.0,nan,0.22942348460026063
4.2,off,converge,0.039693534262663074,0.03969354077992687,0,0,,0,-0.09938054530817608,inf,0,1,0,5,0,0,-0.061343531832212826,0.0,nan,0.2294224442785947
4.25,off,converge,0.03969350262293275,0.039693509142170194,0,0,,0,-0.09938054842329652,inf,0,1,0,5,0,0,-0.06134351014382857,0.0,nan,0.22942145101799605
4.3,off,converge,0.03969347394516321,0.03969348046575629,0,0,,0,-0.09938054632078938,inf,0,1,0,5,0,0,-0.06134349176215717,0.0,nan,0.22942050283851423
4.3500000000000005,off,converge,0.03969344795660822,0.03969345447789129,0,0,,0,-0.09938054011441019,inf,0,1,0,5,0,0,-0.06134347610999893,0.0,nan,0.2294195978090855
4.4,off,converge,0.03969342440908167,0.03969343093204219,0,0,,0,-0.09938053072723274,inf,0,1,0,5,0,0,-0.06134346271574354,0.0,nan,0.22941873405668478
4.45,off,converge,0.03969340308078585,0.0396934096048042,0,0,,0,-0.09938051890811828,inf,0,1,0,5,0,0,-0.06134345118466869,0.0,nan,0.22941790976700605
4.5,off,converge,0.039693383768712696,0.03969339029407994,0,0,,0,-0.09938050527769762,inf,0,1,0,5,0,0,-0.06134344118709744,0.0,nan,0.2294171231890908
4.55,off,converge,0.03969336628964122,0.03969337281627289,0,0,,0,-0.09938049034394372,inf,0,1,0,5,0,0,-0.06134343245114055,0.0,nan,0.2294163726327988
4.6000000000000005,off,converge,0.0396933504760152,0.03969335700441007,0,0,,0,-0.09938047452174587,inf,0,1,0,5,0,0,-0.061343424754630387,0.0,nan,0.22941565647340922
4.65,off,converge,0.03969333617781493,0.03969334270694587,0,0,,0,-0.09938045814331972,inf,0,1,0,5,0,0,-0.061343417909834205,0.0,nan,0.22941497315036263
4.7,off,converge,0.039693323256531514,0.039693329786738944,0,0,,0,-0.09938044148144756,inf,0,1,0,5,0,0,-0.06134341176635709,0.0,nan,0.22941432116492477
4.75,off,converge,0.03969331158840316,0.03969331811832137,0,0,,0,-0.09938042474821529,inf,0,1,0,5,0,0,-0.06134340619573706,0.0,nan,0.2294136990829495
4.800000000000001,off,converge,0.03969330105770589,0.03969330758851255,0,0,,0,-0.09938040811949994,inf,0,1,0,5,0,0,-0.06134340109829343,0.0,nan,0.22941310552977068
4.8500000000000005,off,converge,0.03969329156228541,0.039693298093110715,0,0,,0,-0.09938039172825655,inf,0,1,0,5,0,0,-0.06134339639099948,0.0,nan,0.22941253919052362
4.9,off,converge,0.039693283007935114,0.039693289539186175,0,0,,0,-0.09938037567419702,inf,0,1,0,5,0,0,-0.06134339200408444,0.0,nan,0.2294119988088411
4.95,off,converge,0.039693275308311016,0.03969328184053356,0,0,,0,-0.09938036003780928,inf,0,1,0,5,0,0,-0.061343387883177475,0.0,nan,0.2294114831826678
5.0,off,converge,0.03969326838603469,0.039693274919017044,0,0,,0,-0.09938034487586345,inf,0,1,0,5,0,0,-0.061343383984364654,0.0,nan,0.22941099116632413
5.050000000000001,off,converge,0.03969326217050816,0.039693268703708956,0,0,,0,-0.09938033022638126,inf,0,1,0,5,0,0,-0.06134338026723521,0.0,nan,0.22941052166454934
5.1000000000000005,off,converge,0.03969325659476667,0.039693263129217116,0,0,,0,-0.09938031612742085,inf,0,1,0,5,0,0,-0.06134337671047578,0.0,nan,0.22941007363418453
5.15,off,converge,0.03969325160307814,0.03969325813799754,0,0,,0,-0.09938030257933372,inf,0,1,0,5,0,0,-0.06134337328759475,0.0,nan,0.22940964607805336
5.2,off,converge,0.03969324713966433,0.03969325367510249,0,0,,0,-0.09938028959938619,inf,0,1,0,5,0,0,-0.061343369981321116,0.0,nan,0.22940923804530355
5.25,off,converge,0.039693243156683364,0.03969324969153897,0,0,,0,-0.0993802771834858,inf,0,1,0,5,0,0,-0.06134336677579551,0.0,nan,0.22940884863345012
5.300000000000001,off,converge,0.03969323960853625,0.0396932461437626,0,0,,0,-0.09938026532871941,inf,0,1,0,5,0,0,-0.06134336366145898,0.0,nan,0.22940847697716638
5.3500000000000005,off,converge,0.039693236454952076,0.039693242990449,0,0,,0,-0.0993802540249221,inf,0,1,0,5,0,0,-0.061343360630178013,0.0,nan,0.22940812225380303
5.4,off,converge,0.039693233659186554,0.03969324019482382,0,0,,0,-0.09938024325601919,inf,0,1,0,5,0,0,-0.06134335767485248,0.0,nan,0.22940778367890313
5.45,off,converge,0.03969323118721553,0.03969323772277473,0,0,,0,-0.09938023301098692,inf,0,1,0,5,0,0,-0.061343354790763235,0.0,nan,0.2294074605057036
5.5,off,converge,0.03969322900810445,0.03969323554369759,0,0,,0,-0.09938022327258314,inf,0,1,0,5,0,0,-0.061343351972741336,0.0,nan,0.22940715202300888
5.550000000000001,off,converge,0.039693227093302384,0.03969323363009516,0,0,,0,-0.09938021402187067,inf,0,1,0,5,0,0,-0.06134334922338147,0.0,nan,0.22940685755094214
5.6000000000000005,off,converge,0.03969322541899314,0.03969323195597658,0,0,,0,-0.09938020523435184,inf,0,1,0,5,0,0,-0.06134334653701074,0.0,nan,0.22940657644315887
5.65,off,converge,0.03969322396133169,0.039693230497736987,0,0,,0,-0.09938019689562552,inf,0,1,0,5,0,0,-0.061343343911188,0.0,nan,0.22940630808223672
5.7,off,converge,0.03969322269823372,0.03969322923472155,0,0,,0,-0.09938018898563847,inf,0,1,0,5,0,0,-0.061343341348417756,0.0,nan,0.229406051882992
5.75,off,converge,0.03969322161121119,0.039693228147975816,0,0,,0,-0.09938018148274486,inf,0,1,0,5,0,0,-0.06134333884450817,0.0,nan,0.22940580728641657
5.800000000000001,off,converge,0.03969322068181094,0.03969322721960891,0,0,,0,-0.09938017437180932,inf,0,1,0,5,0,0,-0.061343336402029644,0.0,nan,0.22940557375731985
5.8500000000000005,off,converge,0.039693219895644255,0.039693226433023775,0,0,,0,-0.09938016762846938,inf,0,1,0,5,0,0,-0.06134333401939564,0.0,nan,0.22940535078847846
5.9,off,converge,0.03969321923705216,0.0396932257744882,0,0,,0,-0.09938016123795257,inf,0,1,0,5,0,0,-0.061343331696682796,0.0,nan,0.2294051378963774
5.95,off,converge,0.03969321869290557,0.039693225231062446,0,0,,0,-0.09938015518009555,inf,0,1,0,5,0,0,-0.061343329433601886,0.0,nan,0.22940493461863054
6.0,off,converge,0.039693218251676494,0.03969322478978677,0,0,,0,-0.09938014943955684,inf,0,1,0,5,0,0,-0.06134332722886703,0.0,nan,0.22940474051690563
6.050000000000001,off,converge,0.039693217902071726,0.03969322444046154,0,0,,0,-0.09938014400035891,inf,0,1,0,5,0,0,-0.06134332508430946,0.0,nan,0.22940455517100034
6.1000000000000005,off,converge,0.039693217634899795,0.03969322417293434,0,0,,0,-0.09938013884358671,inf,0,1,0,5,0,0,-0.06134332299769204,0.0,nan,0.22940437817954706
6.15,off,converge,0.03969321744003765,0.03969322397742776,0,0,,0,-0.09938013395932913,inf,0,1,0,5,0,0,-0.06134332097086471,0.0,nan,0.22940420916427284
6.2,off,converge,0.03969321731008757,0.039693223847409136,0,0,,0,-0.09938012932645379,inf,0,1,0,5,0,0,-0.061343319002033415,0.0,nan,0.2294040477618572
6.25,off,converge,0.039693217237260776,0.039693223775244806,0,0,,0,-0.09938012493519394,inf,0,1,0,5,0,0,-0.061343317089247194,0.0,nan,0.2294038936245869
6.300000000000001,off,converge,0.03969321721529774,0.03969322375307539,0,0,,0,-0.09938012077469388,inf,0,1,0,5,0,0,-0.06134331523229158,0.0,nan,0.22940374642194217
6.3500000000000005,off,converge,0.03969321723723676,0.03969322377526678,0,0,,0,-0.09938011683252493,inf,0,1,0,5,0,0,-0.06134331343564412,0.0,nan,0.22940360584123043
6.4,off,converge,0.03969321729911076,0.03969322383752159,0,0,,0,-0.09938011308824751,inf,0,1,0,5,0,0,-0.06134331169177152,0.0,nan,0.22940347158021013
6.45,off,converge,0.03969321739426421,0.039693223933653154,0,0,,0,-0.09938010954206977,inf,0,1,0,5,0,0,-0.061343310002498735,0.0,nan,0.2294033433514987
6.5,off,converge,0.03969321751929365,0.03969322405882161,0,0,,0,-0.09938010617857945,inf,0,1,0,5,0,0,-0.06134330836685312,0.0,nan,0.22940322088244247
6.550000000000001,off,converge,0.03969321766978351,0.03969322420973167,0,0,,0,-0.09938010298832223,inf,0,1,0,5,0,0,-0.061343306784953436,0.0,nan,0.2294031039140455
6.6000000000000005,off,converge,0.03969321784262986,0.039693224382813926,0,0,,0,-0.09938009995957828,inf,0,1,0,5,0,0,-0.06134330525633242,0.0,nan,0.22940299219550708
6.65,off,converge,0.0396932180341943,0.03969322457453959,0,0,,0,-0.09938009708564138,inf,0,1,0,5,0,0,-0.06134330377635422,0.0,nan,0.22940288549104293
6.7,off,converge,0.03969321824119516,0.03969322478202067,0,0,,0,-0.0993800943596887,inf,0,1,0,5,0,0,-0.06134330234731761,0.0,nan,0.22940278357123411
6.75,off,converge,0.03969321846147093,0.03969322500207143,0,0,,0,-0.0993800917721189,inf,0,1,0,5,0,0,-0.06134330096612007,0.0,nan,0.22940268622333748
6.800000000000001,off,converge,0.03969321869257906,0.039693225232632016,0,0,,0,-0.09938008931628106,inf,0,1,0,5,0,0,-0.061343299634508075,0.0,nan,0.2294025932413718
6.8500000000000005,off,converge,0.039693218932502994,0.03969322547243001,0,0,,0,-0.0993800869823338,inf,0,1,0,5,0,0,-0.06134329834994301,0.0,nan,0.22940250442753662
6.9,off,converge,0.039693219179254585,0.03969322571915646,0,0,,0,-0.0993800847659676,inf,0,1,0,5,0,0,-0.06134329711050544,0.0,nan,0.2294024195942138
6.95,off,converge,0.03969321943087779,0.03969322597053548,0,0,,0,-0.09938008266122497,inf,0,1,0,5,0,0,-0.06134329591471093,0.0,nan,0.22940233856213388
7.0,off,converge,0.039693219685808,0.03969322622556621,0,0,,0,-0.0993800806623388,inf,0,1,0,5,0,0,-0.061343294760312014,0.0,nan,0.22940226116172202
7.050000000000001,off,converge,0.0396932199425742,0.0396932264828634,0,0,,0,-0.09938007876536098,inf,0,1,0,5,0,0,-0.06134329364916632,0.0,nan,0.22940218722774286
7.1000000000000005,off,converge,0.039693220200467075,0.03969322674135754,0,0,,0,-0.09938007696082737,inf,0,1,0,5,0,0,-0.061343292578848324,0.0,nan,0.22940211660455312
7.15,off,converge,0.03969322045845046,0.03969322699913796,0,0,,0,-0.09938007524598907,inf,0,1,0,5,0,0,-0.061343291550282786,0.0,nan,0.22940204914570195
7.2,off,converge,0.0396932207162647,0.039693227256953074,0,0,,0,-0.09938007361136084,inf,0,1,0,5,0,0,-0.061343290558633905,0.0,nan,0.22940198470643336
7.25,off,converge,0.03969322097195846,0.03969322751239635,0,0,,0,-0.09938007206028063,inf,0,1,0,5,0,0,-0.06134328960181289,0.0,nan,0.2294019231513459
7.300000000000001,off,converge,0.03969322122470549,0.03969322776530684,0,0,,0,-0.09938007058690182,inf,0,1,0,5,0,0,-0.06134328868410665,0.0,nan,0.2294018643538055
7.3500000000000005,off,converge,0.03969322147505725,0.03969322801578267,0,0,,0,-0.09938006918348033,inf,0,1,0,5,0,0,-0.06134328780123738,0.0,nan,0.2294018081885646
7.4,off,converge,0.03969322172153787,0.03969322826300909,0,0,,0,-0.09938006784720235,inf,0,1,0,5,0,0,-0.061343286949519724,0.0,nan,0.22940175453536293
7.45,off,converge,0.03969322196361454,0.03969322850495375,0,0,,0,-0.09938006658128037,inf,0,1,0,5,0,0,-0.0613432861326522,0.0,nan,0.22940170328477982
7.5,off,converge,0.03969322220205266,0.03969322874288424,0,0,,0,-0.09938006537289615,inf,0,1,0,5,0,0,-0.06134328534765028,0.0,nan,0.22940165432768234
7.550000000000001,off,converge,0.03969322243537541,0.03969322897611341,0,0,,0,-0.09938006422449963,inf,0,1,0,5,0,0,-0.06134328459460673,0.0,nan,0.2294016075627482
7.6000000000000005,off,converge,0.03969322266397788,0.039693229205230725,0,0,,0,-0.09938006312902856,inf,0,1,0,5,0,0,-0.0613432838705954,0.0,nan,0.2294015628904139
7.65,off,converge,0.039693222887866385,0.03969322942832705,0,0,,0,-0.09938006208627867,inf,0,1,0,5,0,0,-0.06134328317558518,0.0,nan,0.22940152021682592
7.7,off,converge,0.039693223106204885,0.03969322964622909,0,0,,0,-0.09938006109324915,inf,0,1,0,5,0,0,-0.06134328250602876,0.0,nan,0.22940147945266565
7.75,off,converge,0.03969322331880513,0.03969322985789427,0,0,,0,-0.09938006015139106,inf,0,1,0,5,0,0,-0.061343281865555196,0.0,nan,0.2294014405140793
7.800000000000001,off,converge,0.03969322352574056,0.039693230065158513,0,0,,0,-0.09938005925093793,inf,0,1,0,5,0,0,-0.06134328124792421,0.0,nan,0.22940140331835657
7.8500000000000005,off,converge,0.039693223726082666,0.039693230266510914,0,0,,0,-0.0993800583982005,inf,0,1,0,5,0,0,-0.061343280654243826,0.0,nan,0.22940136778678755
7.9,off,converge,0.039693223920898545,0.03969323046185371,0,0,,0,-0.09938005758608395,inf,0,1,0,5,0,0,-0.061343280086501834,0.0,nan,0.22940133384643302
7.95,off,converge,0.0396932241110982,0.03969323065181173,0,0,,0,-0.09938005680973458,inf,0,1,0,5,0,0,-0.061343279541019084,0.0,nan,0.22940130142530102
8.0,off,converge,0.03969322429482518,0.03969323083573599,0,0,,0,-0.09938005607319972,inf,0,1,0,5,0,0,-0.061343279018386945,0.0,nan,0.22940127045477043
8.05,off,converge,0.03969322447340264,0.03969323101427763,0,0,,0,-0.09938005536915157,inf,0,1,0,5,0,0,-0.06134327851653819,0.0,nan,0.22940124087202063
8.1,off,converge,0.03969322464600495,0.03969323118747773,0,0,,0,-0.09938005469927869,inf,0,1,0,5,0,0,-0.06134327803705021,0.0,nan,0.22940121261288515
8.15,off,converge,0.03969322481384491,0.03969323135541747,0,0,,0,-0.09938005405671818,inf,0,1,0,5,0,0,-0.06134327757486135,0.0,nan,0.2294011856196846
8.200000000000001,off,converge,0.0396932249756544,0.03969323151751269,0,0,,0,-0.09938005344756035,inf,0,1,0,5,0,0,-0.06134327713272559,0.0,nan,0.22940115983558018
8.25,off,converge,0.039693225132391464,0.039693231674775585,0,0,,0,-0.099380052865544,inf,0,1,0,5,0,0,-0.06134327670877933,0.0,nan,0.22940113520505856
8.3,off,converge,0.0396932252837749,0.03969323182569527,0,0,,0,-0.09938005231284755,inf,0,1,0,5,0,0,-0.061343276300196495,0.0,nan,0.22940111167672173
8.35,off,converge,0.03969322542950653,0.03969323197108941,0,0,,0,-0.0993800517889005,inf,0,1,0,5,0,0,-0.06134327591298149,0.0,nan,0.22940108920380775
8.4,off,converge,0.039693225571233316,0.03969323211242333,0,0,,0,-0.09938005128325927,inf,0,1,0,5,0,0,-0.06134327554002556,0.0,nan,0.22940106773686264
8.450000000000001,off,converge,0.0396932257073855,0.039693232248371575,0,0,,0,-0.099380050803483,inf,0,1,0,5,0,0,-0.06134327518318354,0.0,nan,0.22940104723325205
8.5,off,converge,0.03969322583920682,0.0396932323803107,0,0,,0,-0.09938005034362132,inf,0,1,0,5,0,0,-0.061343274841547384,0.0,nan,0.22940102764593295
8.55,off,converge,0.03969322596636527,0.0396932325064672,0,0,,0,-0.09938004990621019,inf,0,1,0,5,0,0,-0.06134327451215422,0.0,nan,0.229401008937011
8.6,off,converge,0.039693226088193694,0.039693232628165015,0,0,,0,-0.09938004949215715,inf,0,1,0,5,0,0,-0.06134327419585965,0.0,nan,0.22940099106683765
8.65,off,converge,0.03969322620508748,0.0396932327454989,0,0,,0,-0.09938004909823636,inf,0,1,0,5,0,0,-0.06134327389515099,0.0,nan,0.2294009739979922
8.700000000000001,off,converge,0.0396932263182835,0.0396932328588214,0,0,,0,-0.0993800487187925,inf,0,1,0,5,0,0,-0.0613432736070832,0.0,nan,0.22940095769457403
8.75,off,converge,0.039693226427378964,0.039693232967825696,0,0,,0,-0.09938004835634862,inf,0,1,0,5,0,0,-0.06134327333011742,0.0,nan,0.2294009421220028
8.8,off,converge,0.03969322653185181,0.039693233072605236,0,0,,0,-0.09938004801395256,inf,0,1,0,5,0,0,-0.061343273064224726,0.0,nan,0.22940092724730132
8.85,off,converge,0.03969322663239657,0.03969323317308007,0,0,,0,-0.09938004768834241,inf,0,1,0,5,0,0,-0.0613432728085497,0.0,nan,0.22940091303987586
8.9,off,converge,0.03969322672879423,0.039693233269309,0,0,,0,-0.09938004737877695,inf,0,1,0,5,0,0,-0.06134327256593983,0.0,nan,0.2294008994702489
8.950000000000001,off,converge,0.03969322682165286,0.0396932333632544,0,0,,0,-0.09938004707937967,inf,0,1,0,5,0,0,-0.061343272333435346,0.0,nan,0.229400886508346
9.0,off,converge,0.03969322691147502,0.039693233452380725,0,0,,0,-0.09938004679501783,inf,0,1,0,5,0,0,-0.06134327211119781,0.0,nan,0.22940087412947718
9.05,off,converge,0.03969322699763257,0.039693233538608846,0,0,,0,-0.0993800465218683,inf,0,1,0,5,0,0,-0.06134327189860528,0.0,nan,0.22940086230489476
9.1,off,converge,0.03969322708034901,0.03969323362100134,0,0,,0,-0.09938004626282726,inf,0,1,0,5,0,0,-0.06134327169263087,0.0,nan,0.22940085101112861
9.15,off,converge,0.03969322715937755,0.039693233699972956,0,0,,0,-0.09938004601887163,inf,0,1,0,5,0,0,-0.06134327149829195,0.0,nan,0.22940084022410223
9.200000000000001,off,converge,0.03969322723570648,0.039693233776413754,0,0,,0,-0.09938004578094414,inf,0,1,0,5,0,0,-0.06134327131248633,0.0,nan,0.22940082992179678
9.25,off,converge,0.03969322730932894,0.039693233849346095,0,0,,0,-0.09938004555475055,inf,0,1,0,5,0,0,-0.06134327113406589,0.0,nan,0.22940082008025564
9.3,off,converge,0.03969322737974975,0.03969323391906264,0,0,,0,-0.09938004534041375,inf,0,1,0,5,0,0,-0.061343270962399964,0.0,nan,0.22940081068166507
9.35,off,converge,0.03969322744721195,0.03969323398613554,0,0,,0,-0.09938004513665308,inf,0,1,0,5,0,0,-0.06134327079969136,0.0,nan,0.22940080170520682
9.4,off,converge,0.03969322751201279,0.0396932340507548,0,0,,0,-0.0993800449401917,inf,0,1,0,5,0,0,-0.06134327064394465,0.0,nan,0.22940079313277006
9.450000000000001,off,converge,0.03969322757430615,0.03969323411309303,0,0,,0,-0.09938004475188048,inf,0,1,0,5,0,0,-0.06134327049551947,0.0,nan,0.229400784945888
9.5,off,converge,0.03969322763397234,0.03969323417292475,0,0,,0,-0.09938004457218216,inf,0,1,0,5,0,0,-0.06134327035283614,0.0,nan,0.22940077712634588
9.55,off,converge,0.03969322769132107,0.03969323422990415,0,0,,0,-0.09938004440181608,inf,0,1,0,5,0,0,-0.061343270216224204,0.0,nan,0.22940076965990597
9.600000000000001,off,converge,0.039693227745858005,0.03969323428504324,0,0,,0,-0.09938004423965291,inf,0,1,0,5,0,0,-0.06134327008699585,0.0,nan,0.22940076252826513
9.65,off,converge,0.03969322779870782,0.039693234338133966,0,0,,0,-0.09938004408205725,inf,0,1,0,5,0,0,-0.061343269960125006,0.0,nan,0.22940075571683682
9.700000000000001,off,converge,0.03969322784842129,0.03969323438840728,0,0,,0,-0.09938004393666203,inf,0,1,0,5,0,0,-0.06134326984023883,0.0,nan,0.2294007492105551
9.75,off,converge,0.03969322789725968,0.03969323443608775,0,0,,0,-0.0993800437945341,inf,0,1,0,5,0,0,-0.061343269725678606,0.0,nan,0.2294007429982149
9.8,off,converge,0.03969322794378334,0.03969323448224939,0,0,,0,-0.09938004365872555,inf,0,1,0,5,0,0,-0.06134326961614872,0.0,nan,0.229400737066923
9.850000000000001,off,converge,0.03969322798770371,0.03969323452704742,0,0,,0,-0.09938004353076577,inf,0,1,0,5,0,0,-0.06134326951105618,0.0,nan,0.22940073139981998
9.9,off,converge,0.03969322802995417,0.039693234569008466,0,0,,0,-0.09938004340978954,inf,0,1,0,5,0,0,-0.06134326940952757,0.0,nan,0.22940072598764438
9.950000000000001,off,converge,0.03969322807037465,0.03969323460901281,0,0,,0,-0.09938004329550282,inf,0,1,0,5,0,0,-0.06134326931257133,0.0,nan,0.2294007208193759
10.0,off,converge,0.03969322810914449,0.039693234647963926,0,0,,0,-0.09938004318451413,inf,0,1,0,5,0,0,-0.06134326922142768,0.0,nan,0.2294007158840844
10.05,off,converge,0.039693228146726364,0.03969323468523294,0,0,,0,-0.09938004307653381,inf,0,1,0,5,0,0,-0.061343269133799824,0.0,nan,0.22940071117165128
10.100000000000001,off,converge,0.03969322818281058,0.03969323472079026,0,0,,0,-0.0993800429740978,inf,0,1,0,5,0,0,-0.06134326904906772,0.0,nan,0.2294007066710152
10.15,off,converge,0.0396932282169162,0.039693234754909386,0,0,,0,-0.09938004287739241,inf,0,1,0,5,0,0,-0.06134326896892231,0.0,nan,0.2294007023739716
10.200000000000001,off,converge,0.03969322824962161,0.03969323478811713,0,0,,0,-0.0993800427835933,inf,0,1,0,5,0,0,-0.061343268889926465,0.0,nan,0.22940069826915555
10.25,off,converge,0.03969322828009626,0.03969323481924521,0,0,,0,-0.09938004269804279,inf,0,1,0,5,0,0,-0.06134326881593101,0.0,nan,0.22940069435000388
10.3,off,converge,0.03969322831018789,0.03969323484900331,0,0,,0,-0.09938004261438751,inf,0,1,0,5,0,0,-0.061343268744952245,0.0,nan,0.2294006906066871
10.350000000000001,off,converge,0.03969322833852782,0.03969323487749489,0,0,,0,-0.09938004253589541,inf,0,1,0,5,0,0,-0.061343268676814826,0.0,nan,0.22940068703197725
10.4,off,converge,0.03969322836554447,0.03969323490511965,0,0,,0,-0.0993800424596192,inf,0,1,0,5,0,0,-0.061343268613229605,0.0,nan,0.22940068362003807
10.450000000000001,off,converge,0.03969322839180521,0.03969323493182784,0,0,,0,-0.09938004238468268,inf,0,1,0,5,0,0,-0.06134326855280563,0.0,nan,0.2294006803606089
10.5,off,converge,0.03969322841727378,0.039693234956869154,0,0,,0,-0.09938004231388387,inf,0,1,0,5,0,0,-0.06134326849318124,0.0,nan,0.22940067724786128
10.55,off,converge,0.03969322844146092,0.03969323498053253,0,0,,0,-0.09938004224755057,inf,0,1,0,5,0,0,-0.06134326843633532,0.0,nan,0.22940067427626387
10.600000000000001,off,converge,0.039693228463960936,0.03969323500369903,0,0,,0,-0.09938004218511931,inf,0,1,0,5,0,0,-0.061343268383523726,0.0,nan,0.2294006714392468
10.65,off,converge,0.039693228485952255,0.039693235026131826,0,0,,0,-0.09938004212329965,inf,0,1,0,5,0,0,-0.061343268332792,0.0,nan,0.22940066872844767
10.700000000000001,off,converge,0.039693228506904016,0.0396932350467497,0,0,,0,-0.09938004206496456,inf,0,1,0,5,0,0,-0.06134326828299697,0.0,nan,0.22940066614150278
10.75,off,converge,0.03969322852665886,0.039693235066944686,0,0,,0,-0.0993800420109193,inf,0,1,0,5,0,0,-0.061343268235539934,0.0,nan,0.2294006636707372
10.8,off,converge,0.03969322854545151,0.03969323508653839,0,0,,0,-0.09938004195798567,inf,0,1,0,5,0,0,-0.061343268191395815,0.0,nan,0.22940066131188963
10.850000000000001,off,converge,0.03969322856378298,0.03969323510506836,0,0,,0,-0.09938004190670982,inf,0,1,0,5,0,0,-0.06134326814968703,0.0,nan,0.22940065906047769
10.9,off,converge,0.03969322858186731,0.039693235123112944,0,0,,0,-0.0993800418558142,inf,0,1,0,5,0,0,-0.06134326810860873,0.0,nan,0.22940065690981293
10.950000000000001,off,converge,0.03969322859887813,0.03969323514031927,0,0,,0,-0.0993800418084266,inf,0,1,0,5,0,0,-0.06134326806851309,0.0,nan,0.22940065485453454
11.0,off,converge,0.03969322861506961,0.03969323515588065,0,0,,0,-0.09938004176636134,inf,0,1,0,5,0,0,-0.061343268031363,0.0,nan,0.229400652893074
11.05,off,converge,0.03969322863000624,0.03969323517137341,0,0,,0,-0.09938004172489465,inf,0,1,0,5,0,0,-0.0613432679951043,0.0,nan,0.22940065102167162
11.100000000000001,off,converge,0.03969322864476311,0.0396932351862876,0,0,,0,-0.09938004168489478,inf,0,1,0,5,0,0,-0.06134326796198107,0.0,nan,0.22940064923395076
11.15,off,converge,0.03969322865916041,0.03969323520007743,0,0,,0,-0.0993800416462261,inf,0,1,0,5,0,0,-0.06134326793032735,0.0,nan,0.22940064752680878
11.200000000000001,off,converge,0.039693228672872075,0.039693235213496963,0,0,,0,-0.09938004160864519,inf,0,1,0,5,0,0,-0.0613432678992669,0.0,nan,0.22940064589778164
11.25,off,converge,0.0396932286857482,0.039693235226760104,0,0,,0,-0.09938004157319144,inf,0,1,0,5,0,0,-0.0613432678699283,0.0,nan,0.229400644342029
11.3,off,converge,0.039693228697735804,0.03969323523929259,0,0,,0,-0.09938004154003549,inf,0,1,0,5,0,0,-0.06134326784061059,0.0,nan,0.2294006428563934
11.350000000000001,off,converge,0.03969322870909989,0.0396932352510103,0,0,,0,-0.09938004150993987,inf,0,1,0,5,0,0,-0.061343267813636713,0.0,nan,0.2294006414388302
11.4,off,converge,0.039693228720704146,0.03969323526245842,0,0,,0,-0.0993800414779187,inf,0,1,0,5,0,0,-0.061343267786779454,0.0,nan,0.22940064008481376
11.450000000000001,off,converge,0.03969322873098709,0.03969323527341757,0,0,,0,-0.0993800414500515,inf,0,1,0,5,0,0,-0.061343267760605294,0.0,nan,0.2294006387914559
11.5,off,converge,0.039693228740735324,0.03969323528345889,0,0,,0,-0.09938004142520587,inf,0,1,0,5,0,0,-0.06134326773734452,0.0,nan,0.2294006375560328
11.55,off,converge,0.039693228751086836,0.03969323529275462,0,0,,0,-0.0993800413978757,inf,0,1,0,5,0,0,-0.06134326771438633,0.0,nan,0.22940063637643104
11.600000000000001,off,converge,0.0396932287604739,0.03969323530190542,0,0,,0,-0.09938004137280024,inf,0,1,0,5,0,0,-0.06134326769358985,0.0,nan,0.22940063525005427
11.65,off,converge,0.03969322876986659,0.03969323531073245,0,0,,0,-0.09938004134688266,inf,0,1,0,5,0,0,-0.06134326767254166,0.0,nan,0.229400634176124
11.700000000000001,off,converge,0.03969322877844625,0.039693235319324095,0,0,,0,-0.09938004132343739,inf,0,1,0,5,0,0,-0.06134326765295998,0.0,nan,0.2294006331508286
11.75,off,converge,0.039693228786501035,0.03969323532764694,0,0,,0,-0.09938004130206024,inf,0,1,0,5,0,0,-0.06134326763304665,0.0,nan,0.22940063217039086
11.8,off,converge,0.03969322879399295,0.03969323533502653,0,0,,0,-0.09938004128293093,inf,0,1,0,5,0,0,-0.0613432676150505,0.0,nan,0.22940063123537346
11.850000000000001,off,converge,0.039693228801443686,0.03969323534272443,0,0,,0,-0.09938004126276226,inf,0,1,0,5,0,0,-0.061343267599013165,0.0,nan,0.22940063034236113
11.9,off,converge,0.03969322880883256,0.03969323534991774,0,0,,0,-0.09938004124249239,inf,0,1,0,5,0,0,-0.06134326758184272,0.0,nan,0.2294006294898262
11.950000000000001,off,converge,0.03969322881529955,0.03969323535695089,0,0,,0,-0.09938004122524063,inf,0,1,0,5,0,0,-0.06134326756637511,0.0,nan,0.22940062867617306
12.0,off,converge,0.03969322882180431,0.03969323536337549,0,0,,0,-0.09938004120828758,inf,0,1,0,5,0,0,-0.061343267552206496,0.0,nan,0.22940062789850868
12.05,off,converge,0.039693228828150365,0.03969323536961877,0,0,,0,-0.09938004119019356,inf,0,1,0,5,0,0,-0.06134326753865881,0.0,nan,0.22940062715738796
12.100000000000001,off,converge,0.03969322883431711,0.039693235376049456,0,0,,0,-0.09938004117261243,inf,0,1,0,5,0,0,-0.06134326752550433,0.0,nan,0.22940062644932901
12.15,off,converge,0.039693228840434594,0.03969323538169977,0,0,,0,-0.09938004115612048,inf,0,1,0,5,0,0,-0.06134326751305597,0.0,nan,0.22940062577445908
12.200000000000001,off,converge,0.03969322884646948,0.03969323538703601,0,0,,0,-0.09938004114067386,inf,0,1,0,5,0,0,-0.06134326749985486,0.0,nan,0.22940062512912596
12.25,off,converge,0.039693228851369534,0.03969323539229353,0,0,,0,-0.0993800411272164,inf,0,1,0,5,0,0,-0.061343267487548744,0.0,nan,0.2294006245122081
12.3,off,converge,0.03969322885602923,0.03969323539685186,0,0,,0,-0.09938004111553955,inf,0,1,0,5,0,0,-0.06134326747618077,0.0,nan,0.22940062392397087
12.350000000000001,off,converge,0.039693228860932205,0.03969323540153628,0,0,,0,-0.09938004110259147,inf,0,1,0,5,0,0,-0.06134326746509782,0.0,nan,0.22940062336166422
12.4,off,converge,0.039693228865405744,0.0396932354058677,0,0,,0,-0.09938004109068257,inf,0,1,0,5,0,0,-0.061343267453749656,0.0,nan,0.2294006228253237
12.450000000000001,off,converge,0.03969322886997777,0.03969323540973224,0,0,,0,-0.09938004108043672,inf,0,1,0,5,0,0,-0.061343267444375064,0.0,nan,0.22940062231305258
12.5,off,converge,0.03969322887470872,0.03969323541354832,0,0,,0,-0.09938004106870263,inf,0,1,0,5,0,0,-0.061343267435077335,0.0,nan,0.22940062182389542
12.55,off,converge,0.039693228878507694,0.039693235417282584,0,0,,0,-0.09938004105874526,inf,0,1,0,5,0,0,-0.061343267425883086,0.0,nan,0.22940062135698602
12.600000000000001,off,converge,0.03969322888244701,0.039693235420470305,0,0,,0,-0.09938004104846795,inf,0,1,0,5,0,0,-0.06134326741601464,0.0,nan,0.22940062091151925
12.65,off,converge,0.03969322888584431,0.039693235423546795,0,0,,0,-0.09938004104097409,inf,0,1,0,5,0,0,-0.0613432674054067,0.0,nan,0.22940062048514875
12.700000000000001,off,converge,0.03969322888881822,0.039693235426030454,0,0,,0,-0.09938004103576167,inf,0,1,0,5,0,0,-0.061343267398461736,0.0,nan,0.22940062007887752
12.75,off,converge,0.039693228892350205,0.039693235429100984,0,0,,0,-0.09938004102703424,inf,0,1,0,5,0,0,-0.06134326739106559,0.0,nan,0.22940061969046222
12.8,off,converge,0.039693228895188365,0.039693235431937375,0,0,,0,-0.09938004101885589,inf,0,1,0,5,0,0,-0.06134326738491401,0.0,nan,0.2294006193216448
12.850000000000001,off,converge,0.039693228898141496,0.03969323543588094,0,0,,0,-0.09938004100785403,inf,0,1,0,5,0,0,-0.06134326737798221,0.0,nan,0.2294006189692387
12.9,off,converge,0.039693228900893565,0.039693235439206775,0,0,,0,-0.09938004099933312,inf,0,1,0,5,0,0,-0.06134326736922596,0.0,nan,0.22940061863235173
12.950000000000001,off,converge,0.03969322890280598,0.03969323544173517,0,0,,0,-0.09938004099557288,inf,0,1,0,5,0,0,-0.0613432673638043,0.0,nan,0.22940061831045588
13.0,off,converge,0.03969322890584266,0.0396932354442096,0,0,,0,-0.09938004098658634,inf,0,1,0,5,0,0,-0.061343267358716536,0.0,nan,0.2294006180041045
13.05,off,converge,0.039693228908784114,0.03969323544698068,0,0,,0,-0.0993800409783672,inf,0,1,0,5,0,0,-0.06134326735255065,0.0,nan,0.22940061771088927
13.100000000000001,off,converge,0.039693228910735796,0.039693235449215956,0,0,,0,-0.09938004097328937,inf,0,1,0,5,0,0,-0.061343267348273715,0.0,nan,0.229400617432011
13.15,off,converge,0.039693228913203676,0.03969323545192956,0,0,,0,-0.09938004096539066,inf,0,1,0,5,0,0,-0.06134326734164756,0.0,nan,0.2294006171652868
13.200000000000001,off,converge,0.03969322891498653,0.039693235453945416,0,0,,0,-0.09938004096190423,inf,0,1,0,5,0,0,-0.06134326733802625,0.0,nan,0.22940061691071933
13.25,off,converge,0.03969322891733546,0.03969323545609838,0,0,,0,-0.09938004095539316,inf,0,1,0,5,0,0,-0.06134326733411678,0.0,nan,0.22940061666781475
13.3,off,converge,0.03969322891938114,0.039693235458177,0,0,,0,-0.09938004094937838,inf,0,1,0,5,0,0,-0.061343267327707646,0.0,nan,0.22940061643555987
13.350000000000001,off,converge,0.03969322892025361,0.03969323545996013,0,0,,0,-0.09938004094760589,inf,0,1,0,5,0,0,-0.06134326732444445,0.0,nan,0.22940061621462682
13.4,off,converge,0.039693228921996684,0.03969323546227337,0,0,,0,-0.09938004094197278,inf,0,1,0,5,0,0,-0.06134326732004109,0.0,nan,0.22940061600354056
13.450000000000001,off,converge,0.03969322892395697,0.03969323546379432,0,0,,0,-0.09938004093665584,inf,0,1,0,5,0,0,-0.061343267315526966,0.0,nan,0.22940061580130944
13.5,off,converge,0.039693228925166725,0.0396932354653094,0,0,,0,-0.09938004093361491,inf,0,1,0,5,0,0,-0.06134326731139111,0.0,nan,0.22940061560832647
13.55,off,converge,0.03969322892644242,0.03969323546677654,0,0,,0,-0.09938004093116332,inf,0,1,0,5,0,0,-0.06134326730742337,0.0,nan,0.22940061542553625
13.600000000000001,off,converge,0.039693228927578,0.03969323546863346,0,0,,0,-0.09938004092794928,inf,0,1,0,5,0,0,-0.06134326730423997,0.0,nan,0.22940061525002287
13.65,off,converge,0.039693228929569446,0.039693235469663024,0,0,,0,-0.0993800409236095,inf,0,1,0,5,0,0,-0.06134326730240677,0.0,nan,0.2294006150839195
13.700000000000001,off,converge,0.03969322893157475,0.03969323547192706,0,0,,0,-0.09938004091618854,inf,0,1,0,5,0,0,-0.06134326730096214,0.0,nan,0.22940061492364772
13.75,off,converge,0.03969322893333448,0.03969323547332216,0,0,,0,-0.09938004091082411,inf,0,1,0,5,0,0,-0.06134326729752675,0.0,nan,0.2294006147705222
13.8,off,converge,0.03969322893443298,0.03969323547417976,0,0,,0,-0.09938004090863836,inf,0,1,0,5,0,0,-0.061343267296316756,0.0,nan,0.22940061462524952
13.850000000000001,off,converge,0.039693228935974795,0.03969323547561047,0,0,,0,-0.09938004090379968,inf,0,1,0,5,0,0,-0.06134326729216865,0.0,nan,0.22940061448665083
13.9,off,converge,0.039693228936926166,0.03969323547649484,0,0,,0,-0.09938004090288494,inf,0,1,0,5,0,0,-0.0613432672879784,0.0,nan,0.22940061435340742
13.950000000000001,off,converge,0.03969322893747204,0.03969323547784239,0,0,,0,-0.0993800409009146,inf,0,1,0,5,0,0,-0.06134326728710363,0.0,nan,0.2294006142270374
14.0,off,converge,0.03969322893876981,0.0396932354791752,0,0,,0,-0.09938004089654201,inf,0,1,0,5,0,0,-0.061343267284254537,0.0,nan,0.22940061410639012
14.05,off,converge,0.039693228939888185,0.03969323547993331,0,0,,0,-0.0993800408940333,inf,0,1,0,5,0,0,-0.061343267282809914,0.0,nan,0.22940061399037426
14.100000000000001,off,converge,0.03969322894085735,0.03969323548067167,0,0,,0,-0.099380040891097,inf,0,1,0,5,0,0,-0.06134326728151542,0.0,nan,0.22940061388082145
14.15,off,converge,0.03969322894229099,0.03969323548162724,0,0,,0,-0.09938004088684957,inf,0,1,0,5,0,0,-0.06134326727801114,0.0,nan,0.2294006137761807
14.200000000000001,off,converge,0.03969322894293118,0.03969323548254034,0,0,,0,-0.0993800408862516,inf,0,1,0,5,0,0,-0.06134326727616473,0.0,nan,0.22940061367593467
14.25,off,converge,0.03969322894399937,0.03969323548329319,0,0,,0,-0.09938004088328528,inf,0,1,0,5,0,0,-0.06134326727578625,0.0,nan,0.22940061358141206
14.3,off,converge,0.03969322894540821,0.039693235484488075,0,0,,0,-0.09938004087838442,inf,0,1,0,5,0,0,-0.0613432672750277,0.0,nan,0.22940061349055585
14.350000000000001,off,converge,0.039693228946180915,0.039693235485749205,0,0,,0,-0.09938004087447802,inf,0,1,0,5,0,0,-0.06134326727429181,0.0,nan,0.22940061340372042
14.4,off,converge,0.03969322894692776,0.03969323548656347,0,0,,0,-0.0993800408721735,inf,0,1,0,5,0,0,-0.0613432672729777,0.0,nan,0.22940061332037998
14.450000000000001,off,converge,0.03969322894770202,0.039693235487458296,0,0,,0,-0.0993800408698513,inf,0,1,0,5,0,0,-0.06134326727003967,0.0,nan,0.22940061324110295
14.5,off,converge,0.039693228948327726,0.03969323548791391,0,0,,0,-0.09938004086947652,inf,0,1,0,5,0,0,-0.061343267266744744,0.0,nan,0.2294006131654872
14.55,off,converge,0.039693228948554725,0.039693235488129364,0,0,,0,-0.09938004087027746,inf,0,1,0,5,0,0,-0.06134326726491767,0.0,nan,0.22940061309336224
14.600000000000001,off,converge,0.03969322894926912,0.03969323548834522,0,0,,0,-0.09938004086983773,inf,0,1,0,5,0,0,-0.06134326726335845,0.0,nan,0.22940061302426729
14.65,off,converge,0.03969322894961087,0.03969323548939403,0,0,,0,-0.09938004086795019,inf,0,1,0,5,0,0,-0.06134326726081057,0.0,nan,0.22940061295780623
14.700000000000001,off,converge,0.03969322895002979,0.03969323548983407,0,0,,0,-0.09938004086784094,inf,0,1,0,5,0,0,-0.06134326725814251,0.0,nan,0.22940061289516744
14.75,off,converge,0.03969322895032018,0.039693235490059625,0,0,,0,-0.09938004086893296,inf,0,1,0,5,0,0,-0.06134326725600114,0.0,nan,0.22940061283567814
14.8,off,converge,0.039693228950896185,0.039693235490834776,0,0,,0,-0.0993800408667489,inf,0,1,0,5,0,0,-0.06134326725568904,0.0,nan,0.2294006127778706
14.850000000000001,off,converge,0.039693228951509216,0.03969323549110099,0,0,,0,-0.09938004086582114,inf,0,1,0,5,0,0,-0.06134326725479118,0.0,nan,0.2294006127231546
14.9,off,converge,0.0396932289521353,0.0396932354913957,0,0,,0,-0.09938004086372887,inf,0,1,0,5,0,0,-0.061343267253165135,0.0,nan,0.2294006126717526
14.950000000000001,off,converge,0.039693228952496225,0.03969323549183782,0,0,,0,-0.09938004086436336,inf,0,1,0,5,0,0,-0.061343267251057966,0.0,nan,0.2294006126218141
15.0,off,converge,0.03969322895262392,0.03969323549205219,0,0,,0,-0.09938004086508007,inf,0,1,0,5,0,0,-0.061343267248915236,0.0,nan,0.22940061257348943
0.05,self,converge,0.2353740052161439,0.23537400504707728,0,0,,0,0.05676101943747254,inf,2,1,0,0,0,0,0.0,0.25,nan,0.21201724964604807
0.1,self,converge,0.20653811359267588,0.2065381079672499,0,0,,0,0.052502152086353296,inf,2,1,0,0,0,0,0.0,0.22838747660864614,nan,0.21235805794321017
0.15000000000000002,self,converge,0.18140677687427775,0.18140676633667002,0,0,,0,0.05012551462609645,inf,2,1,0,0,0,0,0.0,0.1854169542833772,nan,0.21255274670768565
0.2,self,converge,0.15950782867470034,0.159507812996887,0,0,,0,0.049439228276713196,inf,3,1,0,0,0,0,0.0,0.16579538915402267,nan,0.21178790885889398
0.25,self,converge,0.14903172047624536,0.14903169970713478,0,0,,0,0.05896121634620326,inf,6,1,0,0,0,0,0.0,0.14941014522599563,nan,0.21130343720996947
0.30000000000000004,self,converge,0.14017352316382728,0.14017347089612137,0,0,,0,0.06745165286769193,inf,6,1,0,0,0,0,0.0,0.13534836666013736,nan,0.2110067602680471
0.35000000000000003,self,converge,0.1326898146948799,0.13268972717635066,0,0,,0,0.07546681100640186,inf,6,1,0,0,0,0,0.0,0.12364699554648494,nan,0.210862123534321
0.4,self,converge,0.12635927536326735,0.12635915071312567,0,0,,0,0.08296280777326341,inf,6,1,0,0,0,0,0.0,0.11388147873694045,nan,0.21084135153135508
0.45,self,converge,0.12099710569784547,0.1209969443510046,0,0,,0,0.08150309894300492,inf,6,1,0,0,0,0,0.0,0.10535360739198724,nan,0.21092160570518426
0.5,self,converge,0.1164483326046634,0.1164481368475749,0,0,,0,0.07432883474100932,inf,6,1,0,0,0,0,0.0,0.09784112370343596,nan,0.2112950008568798
0.55,self,converge,0.11249664785160014,0.11249657588856055,0,0,,0,0.06794973507543628,inf,6,1,0,0,0,0,0.0,0.09104010819397874,nan,0.2124011415160475
0.6000000000000001,self,converge,0.10901206012317675,0.10901199667759709,0,0,,0,0.06189330630965956,inf,6,1,0,0,0,0,0.0,0.0853566208358538,nan,0.21339972018278897
0.65,self,converge,0.10609981920326343,0.10609976367762348,0,0,,0,0.056772253332848605,inf,6,1,0,0,0,0,0.0,0.0806102938200206,nan,0.21428220726112868
0.7000000000000001,self,converge,0.10366983950110088,0.10366979146518814,0,0,,0,0.05244966342084664,inf,6,1,0,0,0,0,0.0,0.07664938777764309,nan,0.21504761633776137
0.75,self,converge,0.10164436059243123,0.10164431968329714,0,0,,0,0.04880727725468181,inf,6,1,0,0,0,0,0.0,0.07334622205110024,nan,0.21570051418636427
0.8,self,converge,0.09995695574070405,0.09995692160914642,0,0,,0,0.045742947701259584,inf,6,1,0,0,0,0,0.0,0.07059341415709312,nan,0.21624909652625435
0.8500000000000001,self,converge,0.09855139747901623,0.0985513697346808,0,0,,0,0.04316863353940098,inf,6,1,0,0,0,0,0.0,0.06824031396743392,nan,0.21670357589921985
0.9,self,converge,0.09738043653833266,0.09738041478731974,0,0,,0,0.04100870089118158,inf,6,1,0,0,0,0,0.0,0.06616897920747973,nan,0.21707496420700878
0.9500000000000001,self,converge,0.09640457879540339,0.09640456263216894,0,0,,0,0.03919841672516211,inf,6,1,0,0,0,0,0.0,0.06442640912851694,nan,0.2173742304622973
1.0,self,converge,0.09559093038332939,0.09559091937900276,0,0,,0,0.03768258368731672,inf,6,1,0,0,0,0,0.0,0.06296800134284206,nan,0.21761176761772172
1.05,self,converge,0.09491215427746033,0.09491214802995254,0,0,,0,0.03641429826903453,inf,6,1,0,0,0,0,0.0,0.06174732623715514,nan,0.21779709164170924
1.1,self,converge,0.0943455571761601,0.09434555529245763,0,0,,0,0.03535382763702277,inf,6,1,0,0,0,0,0.0,0.06072545471175948,nan,0.21793870367369983
1.1500000000000001,self,converge,0.09387230788413013,0.09387230998259365,0,0,,0,0.03446760361056464,inf,6,1,0,0,0,0,0.0,0.059869778301583056,nan,0.2180440598122858
1.2000000000000002,self,converge,0.09347677832693427,0.09347678403831762,0,0,,0,0.03372733105375186,inf,6,1,0,0,0,0,0.0,0.059153004999142424,nan,0.21811960747050196
1.25,self,converge,0.0931459933737919,0.0931460023732758,0,0,,0,0.03310920552885968,inf,6,1,0,0,0,0,0.0,0.05855230759736353,nan,0.21817085939380687
1.3,self,converge,0.0928691743387826,0.09286918630504627,0,0,,0,0.03259323284835636,inf,6,1,0,0,0,0,0.0,0.05804860357616302,nan,0.2182024860320827
1.35,self,converge,0.09263736138206738,0.09263737602308897,0,0,,0,0.032162641684595206,inf,6,1,0,0,0,0,0.0,0.057625947734418856,nan,0.2182184137414792
1.4000000000000001,self,converge,0.09244310175107026,0.0924431188004593,0,0,,0,0.03180337968811234,inf,6,1,0,0,0,0,0.0,0.0572710209590136,nan,0.21822192116529038
1.4500000000000002,self,converge,0.09228019241206525,0.09228021162104777,0,0,,0,0.031503683482842354,inf,6,1,0,0,0,0,0.0,0.05697270071006626,nan,0.2182157294990975
1.5,self,converge,0.09214346750156101,0.09214348864507102,0,0,,0,0.03125371326703094,inf,6,1,0,0,0,0,0.0,0.05672170062275007,nan,0.21820208442314615
1.55,self,converge,0.0920286226477614,0.09202864552327274,0,0,,0,0.031045243399500017,inf,6,1,0,0,0,0,0.0,0.056510268474205164,nan,0.21818282888321938
1.6,self,converge,0.09193206960805105,0.09193209402767333,0,0,,0,0.030871401139615312,inf,6,1,0,0,0,0,0.0,0.05633193331716985,nan,0.21815946677737552
1.6500000000000001,self,converge,0.0918508158433687,0.09185084163810826,0,0,,0,0.03072644656156248,inf,6,1,0,0,0,0,0.0,0.05618129392691729,nan,0.21813321796839602
1.7000000000000002,self,converge,0.09178236465832917,0.09178239167700245,0,0,,0,0.030605587507374354,inf,6,1,0,0,0,0,0.0,0.05605384193702922,nan,0.21810506546308506
1.75,self,converge,0.09172463229871472,0.09172466041098593,0,0,,0,0.03050482424289319,inf,6,1,0,0,0,0,0.0,0.055945814050622315,nan,0.21807579549114042
1.8,self,converge,0.09167587907736549,0.09167590816135154,0,0,,0,0.030420819214930783,inf,6,1,0,0,0,0,0.0,0.05585406860982292,nan,0.21804603147119572
1.85,self,converge,0.09163465208423073,0.09163468203919599,0,0,,0,0.030350787967716758,inf,6,1,0,0,0,0,0.0,0.0557759825412172,nan,0.21801626255732243
1.9000000000000001,self,converge,0.09159973754167022,0.09159976826797062,0,0,,0,0.030292407859008885,inf,6,1,0,0,0,0,0.0,0.05570936534420188,nan,0.21798686761745223
1.9500000000000002,self,converge,0.09157012110897117,0.09157015251364539,0,0,,0,0.030243741725153733,inf,6,1,0,0,0,0,0.0,0.05565238732834798,nan,0.21795813529777142
2.0,self,converge,0.09154495482819441,0.09154498683785903,0,0,,0,0.030203174083339696,inf,6,1,0,0,0,0,0.0,0.05560351973063094,nan,0.21793028067883913
2.0500000000000003,self,converge,0.09152352959533508,0.09152356213603939,0,0,,0,0.03016935783749186,inf,6,1,0,0,0,0,0.0,0.05556148478667452,nan,0.2179034592103949
2.1,self,converge,0.09150525218754335,0.09150528519719325,0,0,,0,0.030141169775420418,inf,6,1,0,0,0,0,0.0,0.055525214079310665,nan,0.21787777820639953
2.15,self,converge,0.09148962613180221,0.0914896595507487,0,0,,0,0.030117673419063934,inf,6,1,0,0,0,0,0.0,0.05549381381428619,nan,0.2178533063899678
2.2,self,converge,0.09147623573184079,0.09147626951201435,0,0,,0,0.03009808802099395,inf,6,1,0,0,0,0,0.0,0.05546653586380418,nan,0.21783008174176943
2.25,self,converge,0.0914647327592949,0.09146476686049826,0,0,,0,0.03008176269585719,inf,6,1,0,0,0,0,0.0,0.05544275363341344,nan,0.2178081179785173
2.3000000000000003,self,converge,0.09145482535111661,0.09145485972803409,0,0,,0,0.030068154840187183,inf,6,1,0,0,0,0,0.0,0.05542194193678067,nan,0.21778740988655454
2.35,self,converge,0.09144626872379252,0.09144630334747036,0,0,,0,0.030056812132364524,inf,6,1,0,0,0,0,0.0,0.05540366021378033,nan,0.21776793763815594
2.4000000000000004,self,converge,0.09143885746773435,0.0914388922896565,0,0,,0,0.03004735752055973,inf,6,1,0,0,0,0,0.0,0.05538753856197699,nan,0.21774967037896642
2.45,self,converge,0.09143241905348659,0.09143245404917992,0,0,,0,0.030039476703928925,inf,6,1,0,0,0,0,0.0,0.055373266066352525,nan,0.21773256909434224
2.5,self,converge,0.09142680847318829,0.09142684362738998,0,0,,0,0.030032907693924804,inf,6,1,0,0,0,0,0.0,0.05536058108649801,nan,0.21771658893463053
2.5500000000000003,self,converge,0.09142190374270223,0.09142193903574593,0,0,,0,0.030027432110615843,inf,6,1,0,0,0,0,0.0,0.0553492631556197,nan,0.21770168108974752
2.6,self,converge,0.09141760214052515,0.09141763754660444,0,0,,0,0.030022867926131735,inf,6,1,0,0,0,0,0.0,0.05533912622710356,nan,0.21768779431304897
2.6500000000000004,self,converge,0.09141381706255465,0.09141385256695797,0,0,,0,0.030019063414907926,inf,6,1,0,0,0,0,0.0,0.05533001304325164,nan,0.21767487609485647
2.7,self,converge,0.09141047542543665,0.09141051099998533,0,0,,0,0.030015892110214798,inf,6,1,0,0,0,0,0.0,0.0553217904383471,nan,0.2176628736179912
2.75,self,converge,0.09140751545061852,0.091407551082957,0,0,,0,0.03001324859980417,inf,6,1,0,0,0,0,0.0,0.05531434542571016,nan,0.21765173446921293
2.8000000000000003,self,converge,0.09140488486293599,0.09140492053503636,0,0,,0,0.03001104502108562,inf,6,1,0,0,0,0,0.0,0.05530758192976755,nan,0.21764140722215342
2.85,self,converge,0.09140253934268372,0.09140257505082931,0,0,,0,0.03000920813958899,inf,6,1,0,0,0,0,0.0,0.055301418059946976,nan,0.217631841822714
2.9000000000000004,self,converge,0.0914004412755805,0.09140047699641948,0,0,,0,0.030007676913644393,inf,6,1,0,0,0,0,0.0,0.055295783834795074,nan,0.21762298994722828
2.95,self,converge,0.09139855865082921,0.0913985943756963,0,0,,0,0.030006400464448774,inf,6,1,0,0,0,0,0.0,0.055290619286533636,nan,0.21761480517347664
3.0,self,converge,0.09139686418837038,0.09139689991557585,0,0,,0,0.030005336383998965,inf,6,1,0,0,0,0,0.0,0.0552858728814751,nan,0.2176072431509667
3.0500000000000003,self,converge,0.09139533459678414,0.09139537031886101,0,0,,0,0.030004449324710886,inf,6,1,0,0,0,0,0.0,0.055281500174005405,nan,0.21760026166976687
3.1,self,converge,0.09139394993742725,0.09139398564161001,0,0,,0,0.030003709823894248,inf,6,1,0,0,0,0,0.0,0.05527746272824365,nan,0.21759382073403877
3.1500000000000004,self,converge,0.09139269309525427,0.09139272878090444,0,0,,0,0.03000309332386461,inf,6,1,0,0,0,0,0.0,0.055273727173667846,nan,0.21758788252508288
3.2,self,converge,0.09139154935385921,0.09139158501751853,0,0,,0,0.03000257935525774,inf,6,1,0,0,0,0,0.0,0.05527026442855733,nan,0.2175824113880921
3.25,self,converge,0.09139050603000025,0.09139054164747022,0,0,,0,0.03000215085630792,inf,6,1,0,0,0,0,0.0,0.05526704906826162,nan,0.2175773738299155
3.3000000000000003,self,converge,0.09138955212674642,0.09138958770964611,0,0,,0,0.030001793605468258,inf,6,1,0,0,0,0,0.0,0.055264058768178484,nan,0.21757273838725044
3.35,self,converge,0.09138867813180444,0.09138871367137344,0,0,,0,0.030001495748500168,inf,6,1,0,0,0,0,0.0,0.05526127384655284,nan,0.21756847559018488
3.4000000000000004,self,converge,0.09138787575974897,0.09138791124700961,0,0,,0,0.03000124740433427,inf,6,1,0,0,0,0,0.0,0.05525867689311315,nan,0.21756455788733764
3.45,self,converge,0.09138713778011048,0.09138717320660587,0,0,,0,0.030001040336530893,inf,6,1,0,0,0,0,0.0,0.055256252437163665,nan,0.21756095954684518
3.5,self,converge,0.09138645786508272,0.09138649321788664,0,0,,0,0.030000867679468857,inf,6,1,0,0,0,0,0.0,0.05525398668014409,nan,0.21755765657247583
3.5500000000000003,self,converge,0.09138583044541518,0.09138586572956099,0,0,,0,0.03000072371012405,inf,6,1,0,0,0,0,0.0,0.05525186726917552,nan,0.2175546266021101
3.6,self,converge,0.09138525062926259,0.09138528583694915,0,0,,0,0.03000060365783891,inf,6,1,0,0,0,0,0.0,0.05524988309569092,nan,0.21755184882579048
3.6500000000000004,self,converge,0.09138471408676535,0.09138474920692569,0,0,,0,0.03000050354578887,inf,6,1,0,0,0,0,0.0,0.05524802414474404,nan,0.21754930389821536
3.7,self,converge,0.0913842169724745,0.09138425200262626,0,0,,0,0.030000420058826277,inf,6,1,0,0,0,0,0.0,0.05524628134693032,nan,0.21754697384091892
3.75,self,converge,0.09138375587023073,0.09138379080407483,0,0,,0,0.030000350433342454,inf,6,1,0,0,0,0,0.0,0.055244646468736794,nan,0.21754484197518498
3.8000000000000003,self,converge,0.0913833277236304,0.0913833625662465,0,0,,0,0.03000029236546234,inf,6,1,0,0,0,0,0.0,0.05524311200283527,nan,0.2175428928120381
3.85,self,converge,0.09138292980778015,0.09138296454913984,0,0,,0,0.030000243934530102,inf,6,1,0,0,0,0,0.0,0.0552416710893174,nan,0.21754111200833626
3.9000000000000004,self,converge,0.09138255966715247,0.09138259430124418,0,0,,0,0.030000203539328946,inf,6,1,0,0,0,0,0.0,0.055240317442962004,nan,0.2175394862689103
3.95,self,converge,0.0913822150874194,0.09138224961647877,0,0,,0,0.0300001698449196,inf,6,1,0,0,0,0,0.0,0.05523904528690458,nan,0.21753800327677986
4.0,self,converge,0.09138189407598561,0.09138192849348378,0,0,,0,0.03000014173833429,inf,6,1,0,0,0,0,0.0,0.05523784930111568,nan,0.2175366516347993
4.05,self,converge,0.09138159482432416,0.09138162912446737,0,0,,0,0.030000118291640454,inf,6,1,0,0,0,0,0.0,0.055236724568938744,nan,0.2175354207990864
4.1000000000000005,self,converge,0.09138131568651807,0.09138134986863597,0,0,,0,0.030000098731161773,inf,6,1,0,0,0,0,0.0,0.055235666552246036,nan,0.2175343010223002
4.15,self,converge,0.09138105517349472,0.09138108922705498,0,0,,0,0.030000082411805656,inf,6,1,0,0,0,0,0.0,0.05523467103833966,nan,0.21753328329355093
4.2,self,converge,0.09138081191484035,0.09138084584046248,0,0,,0,0.0300000687956872,inf,6,1,0,0,0,0,0.0,0.05523373411790423,nan,0.21753235928620585
4.25,self,converge,0.09138058466485514,0.09138061845942062,0,0,,0,0.030000057434291072,inf,6,1,0,0,0,0,0.0,0.05523285215963596,nan,0.21753152130815867
4.3,self,converge,0.09138037228113391,0.0913804059411162,0,0,,0,0.030000047953609527,inf,6,1,0,0,0,0,0.0,0.0552320217780603,nan,0.2175307622631809
4.3500000000000005,self,converge,0.0913801737115412,0.09138020723890622,0,0,,0,0.030000040041757936,inf,6,1,0,0,0,0,0.0,0.05523123982133845,nan,0.21753007558448345
4.4,self,converge,0.09137998799908509,0.09138002138032648,0,0,,0,0.030000033438640578,inf,6,1,0,0,0,0,0.0,0.05523050334725671,nan,0.21752945523315026
4.45,self,converge,0.09137981425199773,0.09137984748027476,0,0,,0,0.03000002792734649,inf,6,1,0,0,0,0,0.0,0.055229809604519134,nan,0.21752889563665156
4.5,self,converge,0.09137965164473633,0.09137968472338251,0,0,,0,0.030000023326970826,inf,6,1,0,0,0,0,0.0,0.05522915602338537,nan,0.21752839163759974
4.55,self,converge,0.09137949942874457,0.09137953234407314,0,0,,0,0.030000019486628532,inf,6,1,0,0,0,0,0.0,0.05522854020187563,nan,0.2175279385127583
4.6000000000000005,self,converge,0.09137935689249037,0.09137938965277466,0,0,,0,0.03000001628046972,inf,6,1,0,0,0,0,0.0,0.055227959887427625,nan,0.21752753188153073
4.65,self,converge,0.09137922339920729,0.09137925599002834,0,0,,0,0.030000013603518588,inf,6,1,0,0,0,0,0.0,0.05522741297008992,nan,0.21752716771798164
4.7,self,converge,0.09137909834534066,0.09137913075684209,0,0,,0,0.030000011368208013,inf,6,1,0,0,0,0,0.0,0.05522689747411691,nan,0.21752684232349717
4.75,self,converge,0.09137898116941133,0.09137901339870289,0,0,,0,0.030000009501487984,inf,6,1,0,0,0,0,0.0,0.055226411545845074,nan,0.21752655228766582
4.800000000000001,self,converge,0.0913788713546435,0.09137890339687937,0,0,,0,0.03000000794241514,inf,6,1,0,0,0,0,0.0,0.055225953443811156,nan,0.2175262944666959
4.8500000000000005,self,converge,0.09137876841884851,0.09137880027022036,0,0,,0,0.030000006640144017,inf,6,1,0,0,0,0,0.0,0.05522552153425093,nan,0.2175260659796091
4.9,self,converge,0.09137867190867521,0.09137870357590744,0,0,,0,0.030000005552251213,inf,6,1,0,0,0,0,0.0,0.0552251142852956,nan,0.21752586415988773
4.95,self,converge,0.09137858141923873,0.09137861288634644,0,0,,0,0.030000004643336076,inf,6,1,0,0,0,0,0.0,0.05522473025639999,nan,0.21752568657017857
5.0,self,converge,0.0913784965583,0.09137852781714238,0,0,,0,0.030000003883858845,inf,6,1,0,0,0,0,0.0,0.055224368092151394,nan,0.21752553097361027
5.050000000000001,self,converge,0.09137841695861713,0.0913784480112118,0,0,,0,0.030000003249167462,inf,6,1,0,0,0,0,0.0,0.05522402652066409,nan,0.21752539530365833
5.1000000000000005,self,converge,0.09137834228607045,0.09137837312828198,0,0,,0,0.030000002718687135,inf,6,1,0,0,0,0,0.0,0.05522370435058497,nan,0.2175252776630897
5.15,self,converge,0.09137827222908207,0.09137830285172291,0,0,,0,0.03000000227524327,inf,6,1,0,0,0,0,0.0,0.05522340045330796,nan,0.2175251763236682
5.2,self,converge,0.09137820648925868,0.09137823689181893,0,0,,0,0.030000001904502277,inf,6,1,0,0,0,0,0.0,0.05522311377315298,nan,0.21752508967539208
5.25,self,converge,0.09137814480191558,0.09137817496533769,0,0,,0,0.030000001594495784,inf,6,1,0,0,0,0,0.0,0.05522284331421934,nan,0.21752501626810894
5.300000000000001,self,converge,0.09137808690309647,0.09137811682390082,0,0,,0,0.03000000133523345,inf,6,1,0,0,0,0,0.0,0.05522258814774099,nan,0.21752495477571798
5.3500000000000005,self,converge,0.09137803255104869,0.09137806223291431,0,0,,0,0.030000001118372616,inf,6,1,0,0,0,0,0.0,0.055222347387677576,nan,0.21752490394692925
5.4,self,converge,0.09137798153233291,0.09137801095703021,0,0,,0,0.030000000936947047,inf,6,1,0,0,0,0,0.0,0.05522212020686338,nan,0.21752486266687943
5.45,self,converge,0.09137793362938894,0.09137796279608991,0,0,,0,0.03000000078513973,inf,6,1,0,0,0,0,0.0,0.05522190582786297,nan,0.21752482989899502
5.5,self,converge,0.09137788865472576,0.0913779175475321,0,0,,0,0.030000000658090886,inf,6,1,0,0,0,0,0.0,0.05522170351731128,nan,0.2175248047064865
5.550000000000001,self,converge,0.09137784641906425,0.09137787503522377,0,0,,0,0.030000000551742373,inf,6,1,0,0,0,0,0.0,0.05522151258734445,nan,0.2175247862350188
5.6000000000000005,self,converge,0.09137780674919004,0.09137783509036163,0,0,,0,0.030000000462703097,inf,6,1,0,0,0,0,0.0,0.055221332388112894,nan,0.2175247736971445
5.65,self,converge,0.09137776948825492,0.09137779755052705,0,0,,0,0.03000000038814024,inf,6,1,0,0,0,0,0.0,0.05522116230741213,nan,0.2175247663615668
5.7,self,converge,0.09137773449272857,0.09137776226003375,0,0,,0,0.030000000325686227,inf,6,1,0,0,0,0,0.0,0.05522100176806725,nan,0.21752476357948003
5.75,self,converge,0.09137770161648032,0.09137772908400564,0,0,,0,0.030000000273363026,inf,6,1,0,0,0,0,0.0,0.055220850230690594,nan,0.21752476475412064
5.800000000000001,self,converge,0.09137767073412414,0.09137769788748545,0,0,,0,0.03000000022951685,inf,6,1,0,0,0,0,0.0,0.0552207071822301,nan,0.21752476933560827
5.8500000000000005,self,converge,0.09137764172314425,0.09137766854622166,0,0,,0,0.030000000192765247,inf,6,1,0,0,0,0,0.0,0.05522057214497936,nan,0.2175247768359173
5.9,self,converge,0.09137761446055369,0.09137764095312106,0,0,,0,0.030000000161952728,inf,6,1,0,0,0,0,0.0,0.055220444666817026,nan,0.21752478680487053
5.95,self,converge,0.0913775888416906,0.091377614998053,0,0,,0,0.030000000136112426,inf,6,1,0,0,0,0,0.0,0.0552203243207467,nan,0.2175247988284944
6.0,self,converge,0.09137756476597071,0.09137759057967185,0,0,,0,0.030000000114436265,inf,6,1,0,0,0,0,0.0,0.05522021070604582,nan,0.2175248125315895
6.050000000000001,self,converge,0.09137754213735455,0.09137756760477458,0,0,,0,0.030000000096248175,inf,6,1,0,0,0,0,0.0,0.055220103443918526,nan,0.21752482757321057
6.1000000000000005,self,converge,0.09137752087598672,0.09137754597730774,0,0,,0,0.030000000080982414,inf,6,1,0,0,0,0,0.0,0.0552200021768482,nan,0.2175248436519247
6.15,self,converge,0.09137750089183423,0.09137752561953291,0,0,,0,0.03000000006816564,inf,6,1,0,0,0,0,0.0,0.05521990657345241,nan,0.2175248604849661
6.2,self,converge,0.09137748211077307,0.0913775064514205,0,0,,0,0.030000000057401333,inf,6,1,0,0,0,0,0.0,0.05521981631484591,nan,0.21752487782572272
6.25,self,converge,0.09137746445352457,0.09137748840585952,0,0,,0,0.030000000048358483,inf,6,1,0,0,0,0,0.0,0.05521973110165806,nan,0.2175248954342731
6.300000000000001,self,converge,0.09137744786249297,0.09137747140355179,0,0,,0,0.030000000040759006,inf,6,1,0,0,0,0,0.0,0.055219650658571866,nan,0.2175249131214939
6.3500000000000005,self,converge,0.09137743226675617,0.09137745538836542,0,0,,0,0.030000000034370228,inf,6,1,0,0,0,0,0.0,0.05521957471851171,nan,0.21752493070480805
6.4,self,converge,0.09137741760262828,0.0913774403033169,0,0,,0,0.030000000028997942,inf,6,1,0,0,0,0,0.0,0.05521950303048676,nan,0.21752494799580246
6.45,self,converge,0.09137740382604946,0.09137742607916369,0,0,,0,0.030000000024478113,inf,6,1,0,0,0,0,0.0,0.05521943536545485,nan,0.2175249648739438
6.5,self,converge,0.09137739086752485,0.09137741268102027,0,0,,0,0.030000000020674905,inf,6,1,0,0,0,0,0.0,0.05521937149803649,nan,0.21752498118580987
6.550000000000001,self,converge,0.09137737869073523,0.09137740004504684,0,0,,0,0.03000000001747305,inf,6,1,0,0,0,0,0.0,0.05521931121941569,nan,0.21752499681384185
6.6000000000000005,self,converge,0.09137736724558888,0.09137738812823122,0,0,,0,0.03000000001477668,inf,6,1,0,0,0,0,0.0,0.05521925433468051,nan,0.2175250116501629
6.65,self,converge,0.09137735648923732,0.09137737688641681,0,0,,0,0.03000000001250508,inf,6,1,0,0,0,0,0.0,0.05521920065828818,nan,0.21752502560205478
6.7,self,converge,0.0913773463801679,0.09137736627945009,0,0,,0,0.03000000001059075,inf,6,1,0,0,0,0,0.0,0.05521915001821153,nan,0.21752503858189087
6.75,self,converge,0.0913773368767817,0.09137735627209215,0,0,,0,0.030000000008976735,inf,6,1,0,0,0,0,0.0,0.05521910224520135,nan,0.21752505050468118
6.800000000000001,self,converge,0.09137732795154033,0.09137734681950647,0,0,,0,0.03000000000761549,inf,6,1,0,0,0,0,0.0,0.055219057185289175,nan,0.2175250613154015
6.8500000000000005,self,converge,0.09137731956360913,0.09137733789480977,0,0,,0,0.030000000006467326,inf,6,1,0,0,0,0,0.0,0.05521901469337782,nan,0.2175250709429145
6.9,self,converge,0.0913773116847135,0.09137732946323637,0,0,,0,0.030000000005498295,inf,6,1,0,0,0,0,0.0,0.05521897463413916,nan,0.2175250793443576
6.95,self,converge,0.09137730427906599,0.09137732150024923,0,0,,0,0.0300000000046802,inf,6,1,0,0,0,0,0.0,0.05521893687450004,nan,0.21752508646209312
7.0,self,converge,0.09137729732754614,0.09137731396978362,0,0,,0,0.03000000000398953,inf,6,1,0,0,0,0,0.0,0.055218901291529496,nan,0.2175250922528026
7.050000000000001,self,converge,0.09137729080258851,0.09137730684617343,0,0,,0,0.03000000000340633,inf,6,1,0,0,0,0,0.0,0.055218867771279004,nan,0.2175250966855079
7.1000000000000005,self,converge,0.09137728467892431,0.09137730010571696,0,0,,0,0.030000000002913585,inf,6,1,0,0,0,0,0.0,0.05521883620561555,nan,0.21752509972283252
7.15,self,converge,0.09137727893120376,0.09137729372760252,0,0,,0,0.03000000000249739,inf,6,1,0,0,0,0,0.0,0.05521880649155523,nan,0.2175251013447238
7.2,self,converge,0.0913772735360575,0.09137728769086122,0,0,,0,0.030000000002145977,inf,6,1,0,0,0,0,0.0,0.055218778534447704,nan,0.21752510152652949
7.25,self,converge,0.09137726847254563,0.09137728197636955,0,0,,0,0.030000000001849048,inf,6,1,0,0,0,0,0.0,0.055218752237681405,nan,0.21752510023630822
7.300000000000001,self,converge,0.09137726372741593,0.09137727655811445,0,0,,0,0.030000000001598387,inf,6,1,0,0,0,0,0.0,0.05521872751964006,nan,0.2175250974550359
7.3500000000000005,self,converge,0.0913772592827489,0.0913772714191188,0,0,,0,0.030000000001387,inf,6,1,0,0,0,0,0.0,0.05521870429754978,nan,0.21752509315725022
7.4,self,converge,0.09137725512369385,0.09137726653989335,0,0,,0,0.0300000000012087,inf,6,1,0,0,0,0,0.0,0.05521868249464274,nan,0.21752508734259035
7.45,self,converge,0.09137725122483101,0.09137726191274936,0,0,,0,0.030000000001058708,inf,6,1,0,0,0,0,0.0,0.05521866203958825,nan,0.21752507998513437
7.5,self,converge,0.0913772475800978,0.09137725751502268,0,0,,0,0.03000000000093253,inf,6,1,0,0,0,0,0.0,0.055218642865180204,nan,0.21752507108084884
7.550000000000001,self,converge,0.09137724417134967,0.09137725333624916,0,0,,0,0.030000000000826782,inf,6,1,0,0,0,0,0.0,0.05521862490633009,nan,0.21752506061122145
7.6000000000000005,self,converge,0.09137724098836655,0.09137724936022718,0,0,,0,0.03000000000073838,inf,6,1,0,0,0,0,0.0,0.05521860810420669,nan,0.21752504856784716
7.65,self,converge,0.09137723801331404,0.09137724557954874,0,0,,0,0.030000000000664634,inf,6,1,0,0,0,0,0.0,0.0552185923990946,nan,0.21752503493790198
7.7,self,converge,0.09137723524313832,0.09137724197440962,0,0,,0,0.030000000000603655,inf,6,1,0,0,0,0,0.0,0.055218577738779556,nan,0.21752501971146032
7.75,self,converge,0.09137723266004373,0.09137723853937503,0,0,,0,0.030000000000553473,inf,6,1,0,0,0,0,0.0,0.05521856407300908,nan,0.21752500288075083
7.800000000000001,self,converge,0.09137723025979647,0.09137723525942516,0,0,,0,0.030000000000512617,inf,6,1,0,0,0,0,0.0,0.05521855135652207,nan,0.21752498443951052
7.8500000000000005,self,converge,0.091377228027722,0.09137723212953029,0,0,,0,0.030000000000479782,inf,6,1,0,0,0,0,0.0,0.05521853954286942,nan,0.21752496437983593
7.9,self,converge,0.09137722595573239,0.09137722913922212,0,0,,0,0.030000000000453747,inf,6,1,0,0,0,0,0.0,0.05521852859171026,nan,0.21752494268448375
7.95,self,converge,0.09137722403662996,0.09137722627883327,0,0,,0,0.03000000000043382,inf,6,1,0,0,0,0,0.0,0.055218518459770424,nan,0.2175249193437493
8.0,self,converge,0.09137722226337314,0.0913772235382599,0,0,,0,0.030000000000419275,inf,6,1,0,0,0,0,0.0,0.05521850911277961,nan,0.21752489434703148
8.05,self,converge,0.09137722063052413,0.09137722090823981,0,0,,0,0.030000000000409005,inf,6,1,0,0,0,0,0.0,0.05521850051462183,nan,0.2175248676839433
8.1,self,converge,0.09137721912907522,0.09137721838389244,0,0,,0,0.030000000000403038,inf,6,1,0,0,0,0,0.0,0.05521849263151205,nan,0.21752483934340516
8.15,self,converge,0.09137721775315806,0.09137721595650437,0,0,,0,0.03000000000040054,inf,6,1,0,0,0,0,0.0,0.0552184854351294,nan,0.2175248093157348
8.200000000000001,self,converge,0.09137721649400446,0.09137721362310407,0,0,,0,0.030000000000401206,inf,6,1,0,0,0,0,0.0,0.055218478892925305,nan,0.21752477758708444
8.25,self,converge,0.09137721535037396,0.09137721137237119,0,0,,0,0.03000000000040484,inf,6,1,0,0,0,0,0.0,0.05521847297881293,nan,0.21752474413974665
8.3,self,converge,0.09137721431552968,0.09137720920024735,0,0,,0,0.03000000000041128,inf,6,1,0,0,0,0,0.0,0.055218467668377166,nan,0.21752470896493825
8.35,self,converge,0.09137721338178441,0.091377207103103,0,0,,0,0.030000000000420107,inf,6,1,0,0,0,0,0.0,0.055218462937026126,nan,0.21752467203687453
8.4,self,converge,0.09137721254836384,0.09137720507210124,0,0,,0,0.030000000000430987,inf,6,1,0,0,0,0,0.0,0.055218458761969846,nan,0.2175246333510078
8.450000000000001,self,converge,0.09137721180748737,0.09137720310586046,0,0,,0,0.030000000000444116,inf,6,1,0,0,0,0,0.0,0.05521845512397686,nan,0.21752459288539983
8.5,self,converge,0.09137721115443308,0.09137720120049889,0,0,,0,0.030000000000459465,inf,6,1,0,0,0,0,0.0,0.05521845200050468,nan,0.21752455061283615
8.55,self,converge,0.09137721059467759,0.09137719934182086,0,0,,0,0.030000000000476396,inf,6,1,0,0,0,0,0.0,0.055218449376037905,nan,0.21752450653266553
8.6,self,converge,0.09137721010859799,0.09137719754133881,0,0,,0,0.030000000000495436,inf,6,1,0,0,0,0,0.0,0.05521844722975196,nan,0.21752446060662278
8.65,self,converge,0.0913772097070642,0.09137719578088868,0,0,,0,0.030000000000516225,inf,6,1,0,0,0,0,0.0,0.05521844554828501,nan,0.2175244128177648
8.700000000000001,self,converge,0.0913772093817856,0.09137719406204764,0,0,,0,0.030000000000538957,inf,6,1,0,0,0,0,0.0,0.05521844431575699,nan,0.21752436314312107
8.75,self,converge,0.09137720912591547,0.09137719238426639,0,0,,0,0.030000000000563437,inf,6,1,0,0,0,0,0.0,0.055218443517541516,nan,0.21752431155437113
8.8,self,converge,0.09137720894300544,0.09137719073821345,0,0,,0,0.030000000000589833,inf,6,1,0,0,0,0,0.0,0.05521844314233756,nan,0.21752425802392372
8.85,self,converge,0.09137720882827585,0.09137718912319481,0,0,,0,0.030000000000617977,inf,6,1,0,0,0,0,0.0,0.055218443175004774,nan,0.217524202525181
8.9,self,converge,0.09137720878452704,0.09137718753049698,0,0,,0,0.030000000000648175,inf,6,1,0,0,0,0,0.0,0.05521844360673844,nan,0.21752414502344009
8.950000000000001,self,converge,0.09137720880841646,0.09137718595816333,0,0,,0,0.03000000000068015,inf,6,1,0,0,0,0,0.0,0.05521844442895086,nan,0.2175240855000008
9.0,self,converge,0.09137720889332479,0.09137718440884059,0,0,,0,0.030000000000714178,inf,6,1,0,0,0,0,0.0,0.055218445629977235,nan,0.21752402391750014
9.05,self,converge,0.09137720903771492,0.09137718287841573,0,0,,0,0.030000000000750177,inf,6,1,0,0,0,0,0.0,0.05521844720217846,nan,0.21752396024482212
9.1,self,converge,0.09137720923565876,0.09137718136856712,0,0,,0,0.030000000000788368,inf,6,1,0,0,0,0,0.0,0.05521844913620946,nan,0.21752389444146358
9.15,self,converge,0.09137720949507376,0.09137717986736013,0,0,,0,0.030000000000828836,inf,6,1,0,0,0,0,0.0,0.05521845142799502,nan,0.2175238264750311
9.200000000000001,self,converge,0.0913772098071556,0.09137717838000306,0,0,,0,0.03000000000087158,inf,6,1,0,0,0,0,0.0,0.055218454070102854,nan,0.21752375630379872
9.25,self,converge,0.09137721017382851,0.09137717690088307,0,0,,0,0.030000000000916627,inf,6,1,0,0,0,0,0.0,0.055218457053262913,nan,0.2175236838840594
9.3,self,converge,0.09137721059810666,0.09137717542295562,0,0,,0,0.030000000000964283,inf,6,1,0,0,0,0,0.0,0.05521846037865959,nan,0.21752360918050384
9.35,self,converge,0.09137721107068804,0.09137717395289748,0,0,,0,0.03000000000101441,inf,6,1,0,0,0,0,0.0,0.05521846403495423,nan,0.21752353214372555
9.4,self,converge,0.09137721160021275,0.09137717247902159,0,0,,0,0.03000000000106756,inf,6,1,0,0,0,0,0.0,0.05521846802354833,nan,0.21752345273725504
9.450000000000001,self,converge,0.09137721217765325,0.09137717100708821,0,0,,0,0.030000000001123434,inf,6,1,0,0,0,0,0.0,0.055218472340318785,nan,0.2175233709035852
9.5,self,converge,0.091377212806214,0.09137716953190828,0,0,,0,0.03000000000118258,inf,6,1,0,0,0,0,0.0,0.055218476981489066,nan,0.21752328660244447
9.55,self,converge,0.09137721348591378,0.09137716805002975,0,0,,0,0.03000000000124453,inf,6,1,0,0,0,0,0.0,0.05521848194546491,nan,0.21752319978244639
9.600000000000001,self,converge,0.09137721421134944,0.09137716656461631,0,0,,0,0.030000000001309923,inf,6,1,0,0,0,0,0.0,0.05521848722782407,nan,0.2175231103949974
9.65,self,converge,0.09137721498647909,0.09137716506921771,0,0,,0,0.030000000001378813,inf,6,1,0,0,0,0,0.0,0.05521849282707052,nan,0.21752301836897747
9.700000000000001,self,converge,0.0913772158139493,0.09137716355898969,0,0,,0,0.030000000001451504,inf,6,1,0,0,0,0,0.0,0.055218498744662885,nan,0.21752292366484827
9.75,self,converge,0.09137721668846388,0.09137716203779711,0,0,,0,0.030000000001528165,inf,6,1,0,0,0,0,0.0,0.05521850498071904,nan,0.21752282621620134
9.8,self,converge,0.09137721761265945,0.09137716050067411,0,0,,0,0.030000000001608657,inf,6,1,0,0,0,0,0.0,0.05521851153557395,nan,0.21752272596611688
9.850000000000001,self,converge,0.09137721858045791,0.09137715895198327,0,0,,0,0.030000000001693672,inf,6,1,0,0,0,0,0.0,0.055218518406624846,nan,0.21752262284961466
9.9,self,converge,0.09137721960009117,0.09137715738109814,0,0,,0,0.0300000000017831,inf,6,1,0,0,0,0,0.0,0.055218525597979955,nan,0.21752251680830959
9.950000000000001,self,converge,0.09137722066460936,0.09137715579399096,0,0,,0,0.03000000000187733,inf,6,1,0,0,0,0,0.0,0.05521853311019329,nan,0.21752240777191123
10.0,self,converge,0.09137722177907472,0.09137715418448036,0,0,,0,0.03000000000197639,inf,6,1,0,0,0,0,0.0,0.05521854094428717,nan,0.21752229567503545
10.05,self,converge,0.09137722293805832,0.09137715255560641,0,0,,0,0.03000000000208089,inf,6,1,0,0,0,0,0.0,0.05521854910209018,nan,0.21752218043819405
10.100000000000001,self,converge,0.09137722415034645,0.09137715089746921,0,0,,0,0.030000000002190913,inf,6,1,0,0,0,0,0.0,0.055218557585705944,nan,0.21752206199568536
10.15,self,converge,0.0913772254087119,0.09137714921535461,0,0,,0,0.030000000002306793,inf,6,1,0,0,0,0,0.0,0.055218566399790156,nan,0.21752194027442207
10.200000000000001,self,converge,0.09137722671793007,0.09137714750449835,0,0,,0,0.030000000002428584,inf,6,1,0,0,0,0,0.0,0.05521857554720539,nan,0.2175218151946713
10.25,self,converge,0.09137722807581129,0.09137714576529925,0,0,,0,0.030000000002557037,inf,6,1,0,0,0,0,0.0,0.05521858502955516,nan,0.21752168667415106
10.3,self,converge,0.09137722948556737,0.09137714399337696,0,0,,0,0.03000000000269229,inf,6,1,0,0,0,0,0.0,0.055218594851893885,nan,0.21752155463116762
10.350000000000001,self,converge,0.09137723094747267,0.0913771421875697,0,0,,0,0.030000000002834565,inf,6,1,0,0,0,0,0.0,0.05521860502196223,nan,0.2175214189880238
10.4,self,converge,0.09137723245498716,0.09137714035377374,0,0,,0,0.030000000002984445,inf,6,1,0,0,0,0,0.0,0.055218615542241625,nan,0.21752127965641932
10.450000000000001,self,converge,0.09137723401289796,0.09137713848602477,0,0,,0,0.03000000000314232,inf,6,1,0,0,0,0,0.0,0.055218626415527945,nan,0.2175211365347246
10.5,self,converge,0.09137723562777304,0.0913771365761036,0,0,,0,0.03000000000330852,inf,6,1,0,0,0,0,0.0,0.055218637646790206,nan,0.21752098953559373
10.55,self,converge,0.09137723729764004,0.09137713462551465,0,0,,0,0.03000000000348338,inf,6,1,0,0,0,0,0.0,0.055218649246010235,nan,0.21752083857555748
10.600000000000001,self,converge,0.09137723901586445,0.09137713264059602,0,0,,0,0.030000000003667676,inf,6,1,0,0,0,0,0.0,0.0552186612166487,nan,0.21752068354496645
10.65,self,converge,0.0913772407898914,0.09137713061262098,0,0,,0,0.030000000003861632,inf,6,1,0,0,0,0,0.0,0.05521867356431963,nan,0.21752052434500768
10.700000000000001,self,converge,0.09137724262275017,0.09137712853796714,0,0,,0,0.03000000000406583,inf,6,1,0,0,0,0,0.0,0.05521868629692675,nan,0.21752036087374027
10.75,self,converge,0.09137724451211991,0.09137712641865801,0,0,,0,0.03000000000428113,inf,6,1,0,0,0,0,0.0,0.05521869942291473,nan,0.21752019302642
10.8,self,converge,0.09137724645922696,0.09137712425250348,0,0,,0,0.03000000000450745,inf,6,1,0,0,0,0,0.0,0.0552187129468304,nan,0.21752002069381915
10.850000000000001,self,converge,0.09137724846168443,0.09137712204051943,0,0,,0,0.03000000000474573,inf,6,1,0,0,0,0,0.0,0.055218726877016,nan,0.21751984375637223
10.9,self,converge,0.09137725052863409,0.09137711977408682,0,0,,0,0.030000000004997057,inf,6,1,0,0,0,0,0.0,0.05521874122281625,nan,0.21751966210384788
10.950000000000001,self,converge,0.09137725265945391,0.09137711745283157,0,0,,0,0.0300000000052614,inf,6,1,0,0,0,0,0.0,0.05521875599328235,nan,0.21751947561937668
11.0,self,converge,0.09137725484910023,0.09137711508133166,0,0,,0,0.030000000005539817,inf,6,1,0,0,0,0,0.0,0.0552187711967493,nan,0.21751928417842914
11.05,self,converge,0.09137725710168353,0.09137711265475866,0,0,,0,0.030000000005832694,inf,6,1,0,0,0,0,0.0,0.05521878684115972,nan,0.21751908765658412
11.100000000000001,self,converge,0.09137725941796555,0.0913771101718531,0,0,,0,0.03000000000614131,inf,6,1,0,0,0,0,0.0,0.05521880293640063,nan,0.2175188859220175
11.15,self,converge,0.09137726180454883,0.09137710762571999,0,0,,0,0.030000000006466104,inf,6,1,0,0,0,0,0.0,0.05521881949122617,nan,0.21751867884180542
11.200000000000001,self,converge,0.0913772642582045,0.09137710501880422,0,0,,0,0.030000000006808192,inf,6,1,0,0,0,0,0.0,0.05521883651902386,nan,0.2175184662839461
11.25,self,converge,0.09137726678133841,0.09137710234908489,0,0,,0,0.030000000007168515,inf,6,1,0,0,0,0,0.0,0.05521885402967601,nan,0.217518248112344
11.3,self,converge,0.0913772693723983,0.09137709961716296,0,0,,0,0.03000000000754774,inf,6,1,0,0,0,0,0.0,0.05521887203311095,nan,0.2175180241760396
11.350000000000001,self,converge,0.09137727203654675,0.09137709681748843,0,0,,0,0.030000000007947086,inf,6,1,0,0,0,0,0.0,0.05521889054257819,nan,0.21751779432948581
11.4,self,converge,0.09137727477448722,0.09137709394932754,0,0,,0,0.030000000008367583,inf,6,1,0,0,0,0,0.0,0.05521890956948317,nan,0.21751755842071951
11.450000000000001,self,converge,0.09137727759087812,0.09137709100763448,0,0,,0,0.030000000008810007,inf,6,1,0,0,0,0,0.0,0.055218929124995035,nan,0.2175173162988847
11.5,self,converge,0.09137728048173392,0.09137708799580371,0,0,,0,0.030000000009276162,inf,6,1,0,0,0,0,0.0,0.055218949220938805,nan,0.2175170678000241
11.55,self,converge,0.09137728345256962,0.09137708490745254,0,0,,0,0.030000000009766825,inf,6,1,0,0,0,0,0.0,0.05521896987147166,nan,0.21751681276282453
11.600000000000001,self,converge,0.09137728650285606,0.09137708174324521,0,0,,0,0.030000000010283384,inf,6,1,0,0,0,0,0.0,0.05521899109115432,nan,0.2175165510144904
11.65,self,converge,0.09137728963539724,0.09137707850047785,0,0,,0,0.030000000010827532,inf,6,1,0,0,0,0,0.0,0.0552190128900244,nan,0.21751628237709408
11.700000000000001,self,converge,0.09137729285802097,0.09137707516994821,0,0,,0,0.03000000001140027,inf,6,1,0,0,0,0,0.0,0.05521903528826803,nan,0.2175160066954106
11.75,self,converge,0.09137729615771152,0.09137707176549233,0,0,,0,0.03000000001200326,inf,6,1,0,0,0,0,0.0,0.055219058297889805,nan,0.2175157237721871
11.8,self,converge,0.09137729954585566,0.09137706827486727,0,0,,0,0.03000000001263814,inf,6,1,0,0,0,0,0.0,0.055219081933705755,nan,0.21751543342447965
11.850000000000001,self,converge,0.09137730302779766,0.0913770646929536,0,0,,0,0.030000000013306466,inf,6,1,0,0,0,0,0.0,0.055219106210630094,nan,0.2175151354526489
11.9,self,converge,0.09137730660198291,0.09137706102075553,0,0,,0,0.030000000014010597,inf,6,1,0,0,0,0,0.0,0.055219131144846244,nan,0.21751482965549573
11.950000000000001,self,converge,0.09137731027657015,0.0913770572495487,0,0,,0,0.030000000014751893,inf,6,1,0,0,0,0,0.0,0.05521915675532778,nan,0.2175145158538202
12.0,self,converge,0.09137731404409946,0.091377053386755,0,0,,0,0.030000000015532047,inf,6,1,0,0,0,0,0.0,0.05521918305715162,nan,0.21751419382071002
12.05,self,converge,0.0913773179147748,0.09137704942237261,0,0,,0,0.030000000016353695,inf,6,1,0,0,0,0,0.0,0.05521921006813226,nan,0.21751386335148248
12.100000000000001,self,converge,0.09137732188610677,0.09137704535790668,0,0,,0,0.030000000017218698,inf,6,1,0,0,0,0,0.0,0.05521923780761685,nan,0.21751352422396064
12.15,self,converge,0.09137732596203768,0.09137704118973537,0,0,,0,0.03000000001812958,inf,6,1,0,0,0,0,0.0,0.05521926629409682,nan,0.21751317621173227
12.200000000000001,self,converge,0.0913773301483683,0.09137703691162657,0,0,,0,0.030000000019088563,inf,6,1,0,0,0,0,0.0,0.05521929554439515,nan,0.21751281908116316
12.25,self,converge,0.09137733444620136,0.09137703252153577,0,0,,0,0.030000000020098255,inf,6,1,0,0,0,0,0.0,0.05521932557858272,nan,0.21751245260207697
12.3,self,converge,0.09137733885849071,0.0913770280171511,0,0,,0,0.030000000021161738,inf,6,1,0,0,0,0,0.0,0.05521935642017054,nan,0.21751207653247462
12.350000000000001,self,converge,0.09137734338540043,0.0913770233980548,0,0,,0,0.030000000022281342,inf,6,1,0,0,0,0,0.0,0.055219388088537956,nan,0.21751169061361708
12.4,self,converge,0.09137734803471953,0.09137701865605752,0,0,,0,0.030000000023460094,inf,6,1,0,0,0,0,0.0,0.05521942060520397,nan,0.21751129460476626
12.450000000000001,self,converge,0.091377352801528,0.09137701379535694,0,0,,0,0.0300000000247011,inf,6,1,0,0,0,0,0.0,0.055219453991527834,nan,0.21751088823162867
12.5,self,converge,0.09137735769788573,0.09137700880406359,0,0,,0,0.030000000026007917,inf,6,1,0,0,0,0,0.0,0.05521948827127487,nan,0.21751047123144673
12.55,self,converge,0.09137736271976099,0.09137700368584156,0,0,,0,0.030000000027383705,inf,6,1,0,0,0,0,0.0,0.05521952346850774,nan,0.217510043320566
12.600000000000001,self,converge,0.0913773678737154,0.09137699843387567,0,0,,0,0.030000000028832102,inf,6,1,0,0,0,0,0.0,0.055219559606177165,nan,0.21750960422284937
12.65,self,converge,0.09137737316031595,0.09137699304711494,0,0,,0,0.030000000030357327,inf,6,1,0,0,0,0,0.0,0.05521959671089457,nan,0.2175091536451751
12.700000000000001,self,converge,0.09137737858375578,0.09137698752181216,0,0,,0,0.030000000031963348,inf,6,1,0,0,0,0,0.0,0.05521963480679788,nan,0.21750869128387074
12.75,self,converge,0.09137738415248692,0.09137698184865307,0,0,,0,0.030000000033653967,inf,6,1,0,0,0,0,0.0,0.05521967392126142,nan,0.21750821684067712
12.8,self,converge,0.09137738986397713,0.09137697603053613,0,0,,0,0.030000000035434377,inf,6,1,0,0,0,0,0.0,0.05521971407843104,nan,0.2175077299953293
12.850000000000001,self,converge,0.09137739572789422,0.09137697005658971,0,0,,0,0.030000000037308683,inf,6,1,0,0,0,0,0.0,0.055219755307269934,nan,0.21750723042380116
12.9,self,converge,0.09137740174472819,0.09137696392624298,0,0,,0,0.030000000039282604,inf,6,1,0,0,0,0,0.0,0.05521979763878874,nan,0.21750671779682496
12.950000000000001,self,converge,0.09137740791852991,0.09137695763583079,0,0,,0,0.03000000004136061,inf,6,1,0,0,0,0,0.0,0.055219841099736953,nan,0.21750619177420638
13.0,self,converge,0.09137741425243402,0.09137695118113483,0,0,,0,0.030000000043548775,inf,6,1,0,0,0,0,0.0,0.05521988572448558,nan,0.2175056520071773
13.05,self,converge,0.09137742074997143,0.09137694455965602,0,0,,0,0.03000000004585257,inf,6,1,0,0,0,0,0.0,0.05521993153867471,nan,0.217505098137451
13.100000000000001,self,converge,0.09137742741652714,0.0913769377636231,0,0,,0,0.030000000048278214,inf,6,1,0,0,0,0,0.0,0.05521997857589343,nan,0.2175045297899657
13.15,self,converge,0.09137743426076397,0.09137693078523666,0,0,,0,0.03000000005083231,inf,6,1,0,0,0,0,0.0,0.05522002687043139,nan,0.21750394660469718
13.200000000000001,self,converge,0.09137744127847758,0.09137692362809861,0,0,,0,0.03000000005352116,inf,6,1,0,0,0,0,0.0,0.05522007645563512,nan,0.2175033481841503
13.25,self,converge,0.09137744847712827,0.0913769162845002,0,0,,0,0.030000000056352255,inf,6,1,0,0,0,0,0.0,0.05522012736715189,nan,0.21750273413840737
13.3,self,converge,0.09137745585909443,0.09137690875190854,0,0,,0,0.030000000059333315,inf,6,1,0,0,0,0,0.0,0.05522017963471652,nan,0.2175021040382804
13.350000000000001,self,converge,0.09137746344266623,0.09137690101037396,0,0,,0,0.030000000062472415,inf,6,1,0,0,0,0,0.0,0.055220233303787614,nan,0.21750145749244953
13.4,self,converge,0.09137747121787053,0.09137689307109512,0,0,,0,0.030000000065776855,inf,6,1,0,0,0,0,0.0,0.055220288408660397,nan,0.21750079406444833
13.450000000000001,self,converge,0.09137747919179254,0.09137688492593761,0,0,,0,0.030000000069256294,inf,6,1,0,0,0,0,0.0,0.05522034498800188,nan,0.21750011330928942
13.5,self,converge,0.09137748737256772,0.09137687656614876,0,0,,0,0.030000000072919586,inf,6,1,0,0,0,0,0.0,0.05522040308218474,nan,0.21749941477274148
13.55,self,converge,0.0913774957675127,0.0913768679843401,0,0,,0,0.03000000007677689,inf,6,1,0,0,0,0,0.0,0.05522046272950631,nan,0.21749869799511246
13.600000000000001,self,converge,0.09137750437934691,0.09137685917656409,0,0,,0,0.030000000080838585,inf,6,1,0,0,0,0,0.0,0.05522052397498382,nan,0.2174979624953438
13.65,self,converge,0.09137751321533025,0.09137685013557517,0,0,,0,0.03000000008511522,inf,6,1,0,0,0,0,0.0,0.05522058686232607,nan,0.21749720779894133
13.700000000000001,self,converge,0.0913775222771635,0.09137684085893742,0,0,,0,0.030000000089618006,inf,6,1,0,0,0,0,0.0,0.05522065143826266,nan,0.21749643339983782
13.75,self,converge,0.09137753157337145,0.09137683133840402,0,0,,0,0.030000000094358326,inf,6,1,0,0,0,0,0.0,0.055220717742861976,nan,0.21749563877112787
13.8,self,converge,0.0913775411109466,0.09137682156413694,0,0,,0,0.03000000009934964,inf,6,1,0,0,0,0,0.0,0.055220785827642775,nan,0.2174948234016093
13.850000000000001,self,converge,0.0913775508953083,0.09137681153223941,0,0,,0,0.030000000104605434,inf,6,1,0,0,0,0,0.0,0.05522085574098652,nan,0.21749398673752507
13.9,self,converge,0.09137756093519969,0.09137680123288323,0,0,,0,0.030000000110139313,inf,6,1,0,0,0,0,0.0,0.055220927534145016,nan,0.21749312823868439
13.950000000000001,self,converge,0.09137757122744494,0.09137679066815543,0,0,,0,0.030000000115965236,inf,6,1,0,0,0,0,0.0,0.05522100125695215,nan,0.21749224732117056
14.0,self,converge,0.09137758178884758,0.09137677982076878,0,0,,0,0.030000000122099774,inf,6,1,0,0,0,0,0.0,0.05522107696191672,nan,0.21749134340625031
14.05,self,converge,0.09137759262290286,0.09137676868632133,0,0,,0,0.030000000128559134,inf,6,1,0,0,0,0,0.0,0.055221154704347616,nan,0.2174904158911154
14.100000000000001,self,converge,0.09137760373793254,0.09137675725567415,0,0,,0,0.030000000135360277,inf,6,1,0,0,0,0,0.0,0.05522123454103238,nan,0.21748946416419168
14.15,self,converge,0.09137761513733034,0.09137674552436996,0,0,,0,0.030000000142520855,inf,6,1,0,0,0,0,0.0,0.05522131653046199,nan,0.2174884875904336
14.200000000000001,self,converge,0.09137762682888181,0.09137673348401675,0,0,,0,0.03000000015006002,inf,6,1,0,0,0,0,0.0,0.055221400730402555,nan,0.21748748552060204
14.25,self,converge,0.0913776388234072,0.09137672112293249,0,0,,0,0.030000000157998502,inf,6,1,0,0,0,0,0.0,0.055221487203385655,nan,0.21748645729334204
14.3,self,converge,0.09137765112779381,0.09137670843299706,0,0,,0,0.030000000166356344,inf,6,1,0,0,0,0,0.0,0.05522157601122668,nan,0.21748540222503088
14.350000000000001,self,converge,0.09137766374849844,0.09137669540694741,0,0,,0,0.030000000175157138,inf,6,1,0,0,0,0,0.0,0.05522166722171263,nan,0.21748431962233183
14.4,self,converge,0.09137767669331844,0.09137668203664105,0,0,,0,0.030000000184422976,inf,6,1,0,0,0,0,0.0,0.05522176089904324,nan,0.21748320875465932
14.450000000000001,self,converge,0.09137768997187244,0.09137666830991423,0,0,,0,0.030000000194178894,inf,6,1,0,0,0,0,0.0,0.05522185711363905,nan,0.21748206889567567
14.5,self,converge,0.09137770358691649,0.09137665422373038,0,0,,0,0.030000000204451066,inf,6,1,0,0,0,0,0.0,0.055221955937651564,nan,0.21748089928940406
14.55,self,converge,0.09137771754995645,0.09137663976516391,0,0,,0,0.03000000021526575,inf,6,1,0,0,0,0,0.0,0.05522205743949283,nan,0.21747969915365617
14.600000000000001,self,converge,0.09137773187257714,0.0913766249208927,0,0,,0,0.030000000226653306,inf,6,1,0,0,0,0,0.0,0.05522216169686478,nan,0.2174784676873699
14.65,self,converge,0.09137774656547692,0.0913766096794428,0,0,,0,0.03000000023864388,inf,6,1,0,0,0,0,0.0,0.055222268786837704,nan,0.21747720407959326
14.700000000000001,self,converge,0.09137776163399257,0.09137659403327607,0,0,,0,0.030000000251268505,inf,6,1,0,0,0,0,0.0,0.05522237878824258,nan,0.21747590748992585
14.75,self,converge,0.09137777708855348,0.09137657797056273,0,0,,0,0.030000000264560983,inf,6,1,0,0,0,0,0.0,0.05522249178660346,nan,0.21747457706249718
14.8,self,converge,0.09137779294110539,0.09137656147881236,0,0,,0,0.03000000027855615,inf,6,1,0,0,0,0,0.0,0.055222607865429936,nan,0.2174732119218904
14.850000000000001,self,converge,0.09137780919226848,0.09137654455480548,0,0,,0,0.03000000029329114,inf,6,1,0,0,0,0,0.0,0.05522272710910553,nan,0.21747181114108505
14.9,self,converge,0.09137782586646978,0.09137652717247405,0,0,,0,0.030000000308806812,inf,6,1,0,0,0,0,0.0,0.055222849609595316,nan,0.21747037381223022
14.950000000000001,self,converge,0.09137784296067103,0.09137650933256225,0,0,,0,0.030000000325142356,inf,6,1,0,0,0,0,0.0,0.055222975460050706,nan,0.2174688989663195
15.0,self,converge,0.09137786049637696,0.09137649101304186,0,0,,0,0.030000000342342792,inf,6,1,0,0,0,0,0.0,0.05522310475779582,nan,0.2174673856470627
0.05,self+frame,converge,0.2353740052161439,0.23537400504707728,0,0,,0,0.05676101943747254,0.16504642260436408,5,1,752,0,0,0,0.0,0.25,nan,0.21201724964604807
0.1,self+frame,converge,0.20653811359267588,0.2106337990496868,0,0,,0,0.052502152086353296,0.15076234118440393,6,1,752,0,0,0,0.0,0.2355206280275939,nan,0.21243750271361173
0.15000000000000002,self+frame,converge,0.18248371402788124,0.18798441385761963,0,0,,0,0.053568283751980486,0.138422862231838,6,1,752,0,0,0,0.0,0.1941879687124645,nan,0.21266152522065196
0.2,self+frame,converge,0.16097339021380022,0.16735918132701552,0,0,,0,0.05468313978322363,0.12761910450948427,6,1,751,0,0,0,0.0,0.15741735706481313,nan,0.2128212478068242
0.25,self+frame,converge,0.1416459658945223,0.1490547120001661,0,0,,0,0.05457479357989557,0.11831036710373025,10,1,751,0,0,0,0.0,0.1420154179354708,nan,0.21195932786037275
0.30000000000000004,self+frame,converge,0.13384029447557025,0.14029177126486303,0,0,,0,0.06354415106207713,0.11307536447493416,10,0,751,0,0,0,0.0,0.1420154179354708,nan,0.21195932786037275
0.35000000000000003,self+frame,converge,0.13384029447557025,0.14029177126486303,0,0,,0,0.06354415106207713,0.11307536447493416,10,0,749,0,0,0,0.0,0.1420154179354708,nan,0.21195932786037275
0.4,self+frame,converge,0.13384029447557025,0.14029177126486303,0,0,,0,0.06354415106207713,0.11307536447493416,10,0,749,0,0,0,0.0,0.1420154179354708,nan,0.21195932786037275
0.45,self+frame,converge,0.13384029447557025,0.14029177126486303,0,0,,0,0.06354415106207713,0.11307536447493416,10,0,749,0,0,0,0.0,0.1420154179354708,nan,0.21195932786037275
0.5,self+frame,converge,0.13384029447557025,0.14029177126486303,0,0,,0,0.06354415106207713,0.11307536447493416,10,0,749,0,0,0,0.0,0.1420154179354708,nan,0.21195932786037275
0.55,self+frame,converge,0.13384029447557025,0.14029177126486303,0,0,,0,0.06354415106207713,0.11307536447493416,10,0,749,0,0,0,0.0,0.1420154179354708,nan,0.21195932786037275
0.6000000000000001,self+frame,converge,0.13384029447557025,0.14029177126486303,0,0,,0,0.06354415106207713,0.11307536447493416,10,0,749,0,0,0,0.0,0.1420154179354708,nan,0.21195932786037275
0.65,self+frame,converge,0.13384029447557025,0.14029177126486303,0,0,,0,0.06354415106207713,0.11307536447493416,10,0,749,0,0,0,0.0,0.1420154179354708,nan,0.21195932786037275
0.7000000000000001,self+frame,converge,0.13384029447557025,0.14029177126486303,0,0,,0,0.06354415106207713,0.11307536447493416,10,0,749,0,0,0,0.0,0.1420154179354708,nan,0.21195932786037275
0.75,self+frame,converge,0.13384029447557025,0.14029177126486303,0,0,,0,0.06354415106207713,0.11307536447493416,10,0,749,0,0,0,0.0,0.1420154179354708,nan,0.21195932786037275
0.8,self+frame,converge,0.13384029447557025,0.14029177126486303,0,0,,0,0.06354415106207713,0.11307536447493416,10,0,749,0,0,0,0.0,0.1420154179354708,nan,0.21195932786037275
0.8500000000000001,self+frame,converge,0.13384029447557025,0.14029177126486303,0,0,,0,0.06354415106207713,0.11307536447493416,10,0,749,0,0,0,0.0,0.1420154179354708,nan,0.21195932786037275
0.9,self+frame,converge,0.13384029447557025,0.14029177126486303,0,0,,0,0.06354415106207713,0.11307536447493416,10,0,749,0,0,0,0.0,0.1420154179354708,nan,0.21195932786037275
0.9500000000000001,self+frame,converge,0.13384029447557025,0.14029177126486303,0,0,,0,0.06354415106207713,0.11307536447493416,10,0,749,0,0,0,0.0,0.1420154179354708,nan,0.21195932786037275
1.0,self+frame,converge,0.13384029447557025,0.14029177126486303,0,0,,0,0.06354415106207713,0.11307536447493416,10,0,749,0,0,0,0.0,0.1420154179354708,nan,0.21195932786037275
1.05,self+frame,converge,0.13384029447557025,0.14029177126486303,0,0,,0,0.06354415106207713,0.11307536447493416,10,0,749,0,0,0,0.0,0.1420154179354708,nan,0.21195932786037275
1.1,self+frame,converge,0.13384029447557025,0.14029177126486303,0,0,,0,0.06354415106207713,0.11307536447493416,10,0,749,0,0,0,0.0,0.1420154179354708,nan,0.21195932786037275
1.1500000000000001,self+frame,converge,0.13384029447557025,0.14029177126486303,0,0,,0,0.06354415106207713,0.11307536447493416,10,0,749,0,0,0,0.0,0.1420154179354708,nan,0.21195932786037275
1.2000000000000002,self+frame,converge,0.13384029447557025,0.14029177126486303,0,0,,0,0.06354415106207713,0.11307536447493416,10,0,749,0,0,0,0.0,0.1420154179354708,nan,0.21195932786037275
1.25,self+frame,converge,0.13384029447557025,0.14029177126486303,0,0,,0,0.06354415106207713,0.11307536447493416,10,0,749,0,0,0,0.0,0.1420154179354708,nan,0.21195932786037275
1.3,self+frame,converge,0.13384029447557025,0.14029177126486303,0,0,,0,0.06354415106207713,0.11307536447493416,10,0,749,0,0,0,0.0,0.1420154179354708,nan,0.21195932786037275
1.35,self+frame,converge,0.13384029447557025,0.14029177126486303,0,0,,0,0.06354415106207713,0.11307536447493416,10,0,749,0,0,0,0.0,0.1420154179354708,nan,0.21195932786037275
1.4000000000000001,self+frame,converge,0.13384029447557025,0.14029177126486303,0,0,,0,0.06354415106207713,0.11307536447493416,10,0,749,0,0,0,0.0,0.1420154179354708,nan,0.21195932786037275
1.4500000000000002,self+frame,converge,0.13384029447557025,0.14029177126486303,0,0,,0,0.06354415106207713,0.11307536447493416,10,0,749,0,0,0,0.0,0.1420154179354708,nan,0.21195932786037275
1.5,self+frame,converge,0.13384029447557025,0.14029177126486303,0,0,,0,0.06354415106207713,0.11307536447493416,10,0,749,0,0,0,0.0,0.1420154179354708,nan,0.21195932786037275
1.55,self+frame,converge,0.13384029447557025,0.14029177126486303,0,0,,0,0.06354415106207713,0.11307536447493416,10,0,749,0,0,0,0.0,0.1420154179354708,nan,0.21195932786037275
1.6,self+frame,converge,0.13384029447557025,0.14029177126486303,0,0,,0,0.06354415106207713,0.11307536447493416,10,0,749,0,0,0,0.0,0.1420154179354708,nan,0.21195932786037275
1.6500000000000001,self+frame,converge,0.13384029447557025,0.14029177126486303,0,0,,0,0.06354415106207713,0.11307536447493416,10,0,749,0,0,0,0.0,0.1420154179354708,nan,0.21195932786037275
1.7000000000000002,self+frame,converge,0.13384029447557025,0.14029177126486303,0,0,,0,0.06354415106207713,0.11307536447493416,10,0,749,0,0,0,0.0,0.1420154179354708,nan,0.21195932786037275
1.75,self+frame,converge,0.13384029447557025,0.14029177126486303,0,0,,0,0.06354415106207713,0.11307536447493416,10,0,749,0,0,0,0.0,0.1420154179354708,nan,0.21195932786037275
1.8,self+frame,converge,0.13384029447557025,0.14029177126486303,0,0,,0,0.06354415106207713,0.11307536447493416,10,0,749,0,0,0,0.0,0.1420154179354708,nan,0.21195932786037275
1.85,self+frame,converge,0.13384029447557025,0.14029177126486303,0,0,,0,0.06354415106207713,0.11307536447493416,10,0,749,0,0,0,0.0,0.1420154179354708,nan,0.21195932786037275
1.9000000000000001,self+frame,converge,0.13384029447557025,0.14029177126486303,0,0,,0,0.06354415106207713,0.11307536447493416,10,0,749,0,0,0,0.0,0.1420154179354708,nan,0.21195932786037275
1.9500000000000002,self+frame,converge,0.13384029447557025,0.14029177126486303,0,0,,0,0.06354415106207713,0.11307536447493416,10,0,749,0,0,0,0.0,0.1420154179354708,nan,0.21195932786037275
2.0,self+frame,converge,0.13384029447557025,0.14029177126486303,0,0,,0,0.06354415106207713,0.11307536447493416,10,0,749,0,0,0,0.0,0.1420154179354708,nan,0.21195932786037275
2.0500000000000003,self+frame,converge,0.13384029447557025,0.14029177126486303,0,0,,0,0.06354415106207713,0.11307536447493416,10,0,749,0,0,0,0.0,0.1420154179354708,nan,0.21195932786037275
2.1,self+frame,converge,0.13384029447557025,0.14029177126486303,0,0,,0,0.06354415106207713,0.11307536447493416,10,0,749,0,0,0,0.0,0.1420154179354708,nan,0.21195932786037275
2.15,self+frame,converge,0.13384029447557025,0.14029177126486303,0,0,,0,0.06354415106207713,0.11307536447493416,10,0,749,0,0,0,0.0,0.1420154179354708,nan,0.21195932786037275
2.2,self+frame,converge,0.13384029447557025,0.14029177126486303,0,0,,0,0.06354415106207713,0.11307536447493416,10,0,749,0,0,0,0.0,0.1420154179354708,nan,0.21195932786037275
2.25,self+frame,converge,0.13384029447557025,0.14029177126486303,0,0,,0,0.06354415106207713,0.11307536447493416,10,0,749,0,0,0,0.0,0.1420154179354708,nan,0.21195932786037275
2.3000000000000003,self+frame,converge,0.13384029447557025,0.14029177126486303,0,0,,0,0.06354415106207713,0.11307536447493416,10,0,749,0,0,0,0.0,0.1420154179354708,nan,0.21195932786037275
2.35,self+frame,converge,0.13384029447557025,0.14029177126486303,0,0,,0,0.06354415106207713,0.11307536447493416,10,0,749,0,0,0,0.0,0.1420154179354708,nan,0.21195932786037275
2.4000000000000004,self+frame,converge,0.13384029447557025,0.14029177126486303,0,0,,0,0.06354415106207713,0.11307536447493416,10,0,749,0,0,0,0.0,0.1420154179354708,nan,0.21195932786037275
2.45,self+frame,converge,0.13384029447557025,0.14029177126486303,0,0,,0,0.06354415106207713,0.11307536447493416,10,0,749,0,0,0,0.0,0.1420154179354708,nan,0.21195932786037275
2.5,self+frame,converge,0.13384029447557025,0.14029177126486303,0,0,,0,0.06354415106207713,0.11307536447493416,10,0,749,0,0,0,0.0,0.1420154179354708,nan,0.21195932786037275
2.5500000000000003,self+frame,converge,0.13384029447557025,0.14029177126486303,0,0,,0,0.06354415106207713,0.11307536447493416,10,0,749,0,0,0,0.0,0.1420154179354708,nan,0.21195932786037275
2.6,self+frame,converge,0.13384029447557025,0.14029177126486303,0,0,,0,0.06354415106207713,0.11307536447493416,10,0,749,0,0,0,0.0,0.1420154179354708,nan,0.21195932786037275
2.6500000000000004,self+frame,converge,0.13384029447557025,0.14029177126486303,0,0,,0,0.06354415106207713,0.11307536447493416,10,0,749,0,0,0,0.0,0.1420154179354708,nan,0.21195932786037275
2.7,self+frame,converge,0.13384029447557025,0.14029177126486303,0,0,,0,0.06354415106207713,0.11307536447493416,10,0,749,0,0,0,0.0,0.1420154179354708,nan,0.21195932786037275
2.75,self+frame,converge,0.13384029447557025,0.14029177126486303,0,0,,0,0.06354415106207713,0.11307536447493416,10,0,749,0,0,0,0.0,0.1420154179354708,nan,0.21195932786037275
2.8000000000000003,self+frame,converge,0.13384029447557025,0.14029177126486303,0,0,,0,0.06354415106207713,0.11307536447493416,10,0,749,0,0,0,0.0,0.1420154179354708,nan,0.21195932786037275
2.85,self+frame,converge,0.13384029447557025,0.14029177126486303,0,0,,0,0.06354415106207713,0.11307536447493416,10,0,749,0,0,0,0.0,0.1420154179354708,nan,0.21195932786037275
2.9000000000000004,self+frame,converge,0.13384029447557025,0.14029177126486303,0,0,,0,0.06354415106207713,0.11307536447493416,10,0,749,0,0,0,0.0,0.1420154179354708,nan,0.21195932786037275
2.95,self+frame,converge,0.13384029447557025,0.14029177126486303,0,0,,0,0.06354415106207713,0.11307536447493416,10,0,749,0,0,0,0.0,0.1420154179354708,nan,0.21195932786037275
3.0,self+frame,converge,0.13384029447557025,0.14029177126486303,0,0,,0,0.06354415106207713,0.11307536447493416,10,0,749,0,0,0,0.0,0.1420154179354708,nan,0.21195932786037275
3.0500000000000003,self+frame,converge,0.13384029447557025,0.14029177126486303,0,0,,0,0.06354415106207713,0.11307536447493416,10,0,749,0,0,0,0.0,0.1420154179354708,nan,0.21195932786037275
3.1,self+frame,converge,0.13384029447557025,0.14029177126486303,0,0,,0,0.06354415106207713,0.11307536447493416,10,0,749,0,0,0,0.0,0.1420154179354708,nan,0.21195932786037275
3.1500000000000004,self+frame,converge,0.13384029447557025,0.14029177126486303,0,0,,0,0.06354415106207713,0.11307536447493416,10,0,749,0,0,0,0.0,0.1420154179354708,nan,0.21195932786037275
3.2,self+frame,converge,0.13384029447557025,0.14029177126486303,0,0,,0,0.06354415106207713,0.11307536447493416,10,0,749,0,0,0,0.0,0.1420154179354708,nan,0.21195932786037275
3.25,self+frame,converge,0.13384029447557025,0.14029177126486303,0,0,,0,0.06354415106207713,0.11307536447493416,10,0,749,0,0,0,0.0,0.1420154179354708,nan,0.21195932786037275
3.3000000000000003,self+frame,converge,0.13384029447557025,0.14029177126486303,0,0,,0,0.06354415106207713,0.11307536447493416,10,0,749,0,0,0,0.0,0.1420154179354708,nan,0.21195932786037275
3.35,self+frame,converge,0.13384029447557025,0.14029177126486303,0,0,,0,0.06354415106207713,0.11307536447493416,10,0,749,0,0,0,0.0,0.1420154179354708,nan,0.21195932786037275
3.4000000000000004,self+frame,converge,0.13384029447557025,0.14029177126486303,0,0,,0,0.06354415106207713,0.11307536447493416,10,0,749,0,0,0,0.0,0.1420154179354708,nan,0.21195932786037275
3.45,self+frame,converge,0.13384029447557025,0.14029177126486303,0,0,,0,0.06354415106207713,0.11307536447493416,10,0,749,0,0,0,0.0,0.1420154179354708,nan,0.21195932786037275
3.5,self+frame,converge,0.13384029447557025,0.14029177126486303,0,0,,0,0.06354415106207713,0.11307536447493416,10,0,749,0,0,0,0.0,0.1420154179354708,nan,0.21195932786037275
3.5500000000000003,self+frame,converge,0.13384029447557025,0.14029177126486303,0,0,,0,0.06354415106207713,0.11307536447493416,10,0,749,0,0,0,0.0,0.1420154179354708,nan,0.21195932786037275
3.6,self+frame,converge,0.13384029447557025,0.14029177126486303,0,0,,0,0.06354415106207713,0.11307536447493416,10,0,749,0,0,0,0.0,0.1420154179354708,nan,0.21195932786037275
3.6500000000000004,self+frame,converge,0.13384029447557025,0.14029177126486303,0,0,,0,0.06354415106207713,0.11307536447493416,10,0,749,0,0,0,0.0,0.1420154179354708,nan,0.21195932786037275
3.7,self+frame,converge,0.13384029447557025,0.14029177126486303,0,0,,0,0.06354415106207713,0.11307536447493416,10,0,749,0,0,0,0.0,0.1420154179354708,nan,0.21195932786037275
3.75,self+frame,converge,0.13384029447557025,0.14029177126486303,0,0,,0,0.06354415106207713,0.11307536447493416,10,0,749,0,0,0,0.0,0.1420154179354708,nan,0.21195932786037275
3.8000000000000003,self+frame,converge,0.13384029447557025,0.14029177126486303,0,0,,0,0.06354415106207713,0.11307536447493416,10,0,749,0,0,0,0.0,0.1420154179354708,nan,0.21195932786037275
3.85,self+frame,converge,0.13384029447557025,0.14029177126486303,0,0,,0,0.06354415106207713,0.11307536447493416,10,0,749,0,0,0,0.0,0.1420154179354708,nan,0.21195932786037275
3.9000000000000004,self+frame,converge,0.13384029447557025,0.14029177126486303,0,0,,0,0.06354415106207713,0.11307536447493416,10,0,749,0,0,0,0.0,0.1420154179354708,nan,0.21195932786037275
3.95,self+frame,converge,0.13384029447557025,0.14029177126486303,0,0,,0,0.06354415106207713,0.11307536447493416,10,0,749,0,0,0,0.0,0.1420154179354708,nan,0.21195932786037275
4.0,self+frame,converge,0.13384029447557025,0.14029177126486303,0,0,,0,0.06354415106207713,0.11307536447493416,10,0,749,0,0,0,0.0,0.1420154179354708,nan,0.21195932786037275
4.05,self+frame,converge,0.13384029447557025,0.14029177126486303,0,0,,0,0.06354415106207713,0.11307536447493416,10,0,749,0,0,0,0.0,0.1420154179354708,nan,0.21195932786037275
4.1000000000000005,self+frame,converge,0.13384029447557025,0.14029177126486303,0,0,,0,0.06354415106207713,0.11307536447493416,10,0,749,0,0,0,0.0,0.1420154179354708,nan,0.21195932786037275
4.15,self+frame,converge,0.13384029447557025,0.14029177126486303,0,0,,0,0.06354415106207713,0.11307536447493416,10,0,749,0,0,0,0.0,0.1420154179354708,nan,0.21195932786037275
4.2,self+frame,converge,0.13384029447557025,0.14029177126486303,0,0,,0,0.06354415106207713,0.11307536447493416,10,0,749,0,0,0,0.0,0.1420154179354708,nan,0.21195932786037275
4.25,self+frame,converge,0.13384029447557025,0.14029177126486303,0,0,,0,0.06354415106207713,0.11307536447493416,10,0,749,0,0,0,0.0,0.1420154179354708,nan,0.21195932786037275
4.3,self+frame,converge,0.13384029447557025,0.14029177126486303,0,0,,0,0.06354415106207713,0.11307536447493416,10,0,749,0,0,0,0.0,0.1420154179354708,nan,0.21195932786037275
4.3500000000000005,self+frame,converge,0.13384029447557025,0.14029177126486303,0,0,,0,0.06354415106207713,0.11307536447493416,10,0,749,0,0,0,0.0,0.1420154179354708,nan,0.21195932786037275
4.4,self+frame,converge,0.13384029447557025,0.14029177126486303,0,0,,0,0.06354415106207713,0.11307536447493416,10,0,749,0,0,0,0.0,0.1420154179354708,nan,0.21195932786037275
4.45,self+frame,converge,0.13384029447557025,0.14029177126486303,0,0,,0,0.06354415106207713,0.11307536447493416,10,0,749,0,0,0,0.0,0.1420154179354708,nan,0.21195932786037275
4.5,self+frame,converge,0.13384029447557025,0.14029177126486303,0,0,,0,0.06354415106207713,0.11307536447493416,10,0,749,0,0,0,0.0,0.1420154179354708,nan,0.21195932786037275
4.55,self+frame,converge,0.13384029447557025,0.14029177126486303,0,0,,0,0.06354415106207713,0.11307536447493416,10,0,749,0,0,0,0.0,0.1420154179354708,nan,0.21195932786037275
4.6000000000000005,self+frame,converge,0.13384029447557025,0.14029177126486303,0,0,,0,0.06354415106207713,0.11307536447493416,10,0,749,0,0,0,0.0,0.1420154179354708,nan,0.21195932786037275
4.65,self+frame,converge,0.13384029447557025,0.14029177126486303,0,0,,0,0.06354415106207713,0.11307536447493416,10,0,749,0,0,0,0.0,0.1420154179354708,nan,0.21195932786037275
4.7,self+frame,converge,0.13384029447557025,0.14029177126486303,0,0,,0,0.06354415106207713,0.11307536447493416,10,0,749,0,0,0,0.0,0.1420154179354708,nan,0.21195932786037275
4.75,self+frame,converge,0.13384029447557025,0.14029177126486303,0,0,,0,0.06354415106207713,0.11307536447493416,10,0,749,0,0,0,0.0,0.1420154179354708,nan,0.21195932786037275
4.800000000000001,self+frame,converge,0.13384029447557025,0.14029177126486303,0,0,,0,0.06354415106207713,0.11307536447493416,10,0,749,0,0,0,0.0,0.1420154179354708,nan,0.21195932786037275
4.8500000000000005,self+frame,converge,0.13384029447557025,0.14029177126486303,0,0,,0,0.06354415106207713,0.11307536447493416,10,0,749,0,0,0,0.0,0.1420154179354708,nan,0.21195932786037275
4.9,self+frame,converge,0.13384029447557025,0.14029177126486303,0,0,,0,0.06354415106207713,0.11307536447493416,10,0,749,0,0,0,0.0,0.1420154179354708,nan,0.21195932786037275
4.95,self+frame,converge,0.13384029447557025,0.14029177126486303,0,0,,0,0.06354415106207713,0.11307536447493416,10,0,749,0,0,0,0.0,0.1420154179354708,nan,0.21195932786037275
5.0,self+frame,converge,0.13384029447557025,0.14029177126486303,0,0,,0,0.06354415106207713,0.11307536447493416,10,0,749,0,0,0,0.0,0.1420154179354708,nan,0.21195932786037275
5.050000000000001,self+frame,converge,0.13384029447557025,0.14029177126486303,0,0,,0,0.06354415106207713,0.11307536447493416,10,0,749,0,0,0,0.0,0.1420154179354708,nan,0.21195932786037275
5.1000000000000005,self+frame,converge,0.13384029447557025,0.14029177126486303,0,0,,0,0.06354415106207713,0.11307536447493416,10,0,749,0,0,0,0.0,0.1420154179354708,nan,0.21195932786037275
5.15,self+frame,converge,0.13384029447557025,0.14029177126486303,0,0,,0,0.06354415106207713,0.11307536447493416,10,0,749,0,0,0,0.0,0.1420154179354708,nan,0.21195932786037275
5.2,self+frame,converge,0.13384029447557025,0.14029177126486303,0,0,,0,0.06354415106207713,0.11307536447493416,10,0,749,0,0,0,0.0,0.1420154179354708,nan,0.21195932786037275
5.25,self+frame,converge,0.13384029447557025,0.14029177126486303,0,0,,0,0.06354415106207713,0.11307536447493416,10,0,749,0,0,0,0.0,0.1420154179354708,nan,0.21195932786037275
5.300000000000001,self+frame,converge,0.13384029447557025,0.14029177126486303,0,0,,0,0.06354415106207713,0.11307536447493416,10,0,749,0,0,0,0.0,0.1420154179354708,nan,0.21195932786037275
5.3500000000000005,self+frame,converge,0.13384029447557025,0.14029177126486303,0,0,,0,0.06354415106207713,0.11307536447493416,10,0,749,0,0,0,0.0,0.1420154179354708,nan,0.21195932786037275
5.4,self+frame,converge,0.13384029447557025,0.14029177126486303,0,0,,0,0.06354415106207713,0.11307536447493416,10,0,749,0,0,0,0.0,0.1420154179354708,nan,0.21195932786037275
5.45,self+frame,converge,0.13384029447557025,0.14029177126486303,0,0,,0,0.06354415106207713,0.11307536447493416,10,0,749,0,0,0,0.0,0.1420154179354708,nan,0.21195932786037275
5.5,self+frame,converge,0.13384029447557025,0.14029177126486303,0,0,,0,0.06354415106207713,0.11307536447493416,10,0,749,0,0,0,0.0,0.1420154179354708,nan,0.21195932786037275
5.550000000000001,self+frame,converge,0.13384029447557025,0.14029177126486303,0,0,,0,0.06354415106207713,0.11307536447493416,10,0,749,0,0,0,0.0,0.1420154179354708,nan,0.21195932786037275
5.6000000000000005,self+frame,converge,0.13384029447557025,0.14029177126486303,0,0,,0,0.06354415106207713,0.11307536447493416,10,0,749,0,0,0,0.0,0.1420154179354708,nan,0.21195932786037275
5.65,self+frame,converge,0.13384029447557025,0.14029177126486303,0,0,,0,0.06354415106207713,0.11307536447493416,10,0,749,0,0,0,0.0,0.1420154179354708,nan,0.21195932786037275
5.7,self+frame,converge,0.13384029447557025,0.14029177126486303,0,0,,0,0.06354415106207713,0.11307536447493416,10,0,749,0,0,0,0.0,0.1420154179354708,nan,0.21195932786037275
5.75,self+frame,converge,0.13384029447557025,0.14029177126486303,0,0,,0,0.06354415106207713,0.11307536447493416,10,0,749,0,0,0,0.0,0.1420154179354708,nan,0.21195932786037275
5.800000000000001,self+frame,converge,0.13384029447557025,0.14029177126486303,0,0,,0,0.06354415106207713,0.11307536447493416,10,0,749,0,0,0,0.0,0.1420154179354708,nan,0.21195932786037275
5.8500000000000005,self+frame,converge,0.13384029447557025,0.14029177126486303,0,0,,0,0.06354415106207713,0.11307536447493416,10,0,749,0,0,0,0.0,0.1420154179354708,nan,0.21195932786037275
5.9,self+frame,converge,0.13384029447557025,0.14029177126486303,0,0,,0,0.06354415106207713,0.11307536447493416,10,0,749,0,0,0,0.0,0.1420154179354708,nan,0.21195932786037275
5.95,self+frame,converge,0.13384029447557025,0.14029177126486303,0,0,,0,0.06354415106207713,0.11307536447493416,10,0,749,0,0,0,0.0,0.1420154179354708,nan,0.21195932786037275
6.0,self+frame,converge,0.13384029447557025,0.14029177126486303,0,0,,0,0.06354415106207713,0.11307536447493416,10,0,749,0,0,0,0.0,0.1420154179354708,nan,0.21195932786037275
6.050000000000001,self+frame,converge,0.13384029447557025,0.14029177126486303,0,0,,0,0.06354415106207713,0.11307536447493416,10,0,749,0,0,0,0.0,0.1420154179354708,nan,0.21195932786037275
6.1000000000000005,self+frame,converge,0.13384029447557025,0.14029177126486303,0,0,,0,0.06354415106207713,0.11307536447493416,10,0,749,0,0,0,0.0,0.1420154179354708,nan,0.21195932786037275
6.15,self+frame,converge,0.13384029447557025,0.14029177126486303,0,0,,0,0.06354415106207713,0.11307536447493416,10,0,749,0,0,0,0.0,0.1420154179354708,nan,0.21195932786037275
6.2,self+frame,converge,0.13384029447557025,0.14029177126486303,0,0,,0,0.06354415106207713,0.11307536447493416,10,0,749,0,0,0,0.0,0.1420154179354708,nan,0.21195932786037275
6.25,self+frame,converge,0.13384029447557025,0.14029177126486303,0,0,,0,0.06354415106207713,0.11307536447493416,10,0,749,0,0,0,0.0,0.1420154179354708,nan,0.21195932786037275
6.300000000000001,self+frame,converge,0.13384029447557025,0.14029177126486303,0,0,,0,0.06354415106207713,0.11307536447493416,10,0,749,0,0,0,0.0,0.1420154179354708,nan,0.21195932786037275
6.3500000000000005,self+frame,converge,0.13384029447557025,0.14029177126486303,0,0,,0,0.06354415106207713,0.11307536447493416,10,0,749,0,0,0,0.0,0.1420154179354708,nan,0.21195932786037275
6.4,self+frame,converge,0.13384029447557025,0.14029177126486303,0,0,,0,0.06354415106207713,0.11307536447493416,10,0,749,0,0,0,0.0,0.1420154179354708,nan,0.21195932786037275
6.45,self+frame,converge,0.13384029447557025,0.14029177126486303,0,0,,0,0.06354415106207713,0.11307536447493416,10,0,749,0,0,0,0.0,0.1420154179354708,nan,0.21195932786037275
6.5,self+frame,converge,0.13384029447557025,0.14029177126486303,0,0,,0,0.06354415106207713,0.11307536447493416,10,0,749,0,0,0,0.0,0.1420154179354708,nan,0.21195932786037275
6.550000000000001,self+frame,converge,0.13384029447557025,0.14029177126486303,0,0,,0,0.06354415106207713,0.11307536447493416,10,0,749,0,0,0,0.0,0.1420154179354708,nan,0.21195932786037275
6.6000000000000005,self+frame,converge,0.13384029447557025,0.14029177126486303,0,0,,0,0.06354415106207713,0.11307536447493416,10,0,749,0,0,0,0.0,0.1420154179354708,nan,0.21195932786037275
6.65,self+frame,converge,0.13384029447557025,0.14029177126486303,0,0,,0,0.06354415106207713,0.11307536447493416,10,0,749,0,0,0,0.0,0.1420154179354708,nan,0.21195932786037275
6.7,self+frame,converge,0.13384029447557025,0.14029177126486303,0,0,,0,0.06354415106207713,0.11307536447493416,10,0,749,0,0,0,0.0,0.1420154179354708,nan,0.21195932786037275
6.75,self+frame,converge,0.13384029447557025,0.14029177126486303,0,0,,0,0.06354415106207713,0.11307536447493416,10,0,749,0,0,0,0.0,0.1420154179354708,nan,0.21195932786037275
6.800000000000001,self+frame,converge,0.13384029447557025,0.14029177126486303,0,0,,0,0.06354415106207713,0.11307536447493416,10,0,749,0,0,0,0.0,0.1420154179354708,nan,0.21195932786037275
6.8500000000000005,self+frame,converge,0.13384029447557025,0.14029177126486303,0,0,,0,0.06354415106207713,0.11307536447493416,10,0,749,0,0,0,0.0,0.1420154179354708,nan,0.21195932786037275
6.9,self+frame,converge,0.13384029447557025,0.14029177126486303,0,0,,0,0.06354415106207713,0.11307536447493416,10,0,749,0,0,0,0.0,0.1420154179354708,nan,0.21195932786037275
6.95,self+frame,converge,0.13384029447557025,0.14029177126486303,0,0,,0,0.06354415106207713,0.11307536447493416,10,0,749,0,0,0,0.0,0.1420154179354708,nan,0.21195932786037275
7.0,self+frame,converge,0.13384029447557025,0.14029177126486303,0,0,,0,0.06354415106207713,0.11307536447493416,10,0,749,0,0,0,0.0,0.1420154179354708,nan,0.21195932786037275
7.050000000000001,self+frame,converge,0.13384029447557025,0.14029177126486303,0,0,,0,0.06354415106207713,0.11307536447493416,10,0,749,0,0,0,0.0,0.1420154179354708,nan,0.21195932786037275
7.1000000000000005,self+frame,converge,0.13384029447557025,0.14029177126486303,0,0,,0,0.06354415106207713,0.11307536447493416,10,0,749,0,0,0,0.0,0.1420154179354708,nan,0.21195932786037275
7.15,self+frame,converge,0.13384029447557025,0.14029177126486303,0,0,,0,0.06354415106207713,0.11307536447493416,10,0,749,0,0,0,0.0,0.1420154179354708,nan,0.21195932786037275
7.2,self+frame,converge,0.13384029447557025,0.14029177126486303,0,0,,0,0.06354415106207713,0.11307536447493416,10,0,749,0,0,0,0.0,0.1420154179354708,nan,0.21195932786037275
7.25,self+frame,converge,0.13384029447557025,0.14029177126486303,0,0,,0,0.06354415106207713,0.11307536447493416,10,0,749,0,0,0,0.0,0.1420154179354708,nan,0.21195932786037275
7.300000000000001,self+frame,converge,0.13384029447557025,0.14029177126486303,0,0,,0,0.06354415106207713,0.11307536447493416,10,0,749,0,0,0,0.0,0.1420154179354708,nan,0.21195932786037275
7.3500000000000005,self+frame,converge,0.13384029447557025,0.14029177126486303,0,0,,0,0.06354415106207713,0.11307536447493416,10,0,749,0,0,0,0.0,0.1420154179354708,nan,0.21195932786037275
7.4,self+frame,converge,0.13384029447557025,0.14029177126486303,0,0,,0,0.06354415106207713,0.11307536447493416,10,0,749,0,0,0,0.0,0.1420154179354708,nan,0.21195932786037275
7.45,self+frame,converge,0.13384029447557025,0.14029177126486303,0,0,,0,0.06354415106207713,0.11307536447493416,10,0,749,0,0,0,0.0,0.1420154179354708,nan,0.21195932786037275
7.5,self+frame,converge,0.13384029447557025,0.14029177126486303,0,0,,0,0.06354415106207713,0.11307536447493416,10,0,749,0,0,0,0.0,0.1420154179354708,nan,0.21195932786037275
7.550000000000001,self+frame,converge,0.13384029447557025,0.14029177126486303,0,0,,0,0.06354415106207713,0.11307536447493416,10,0,749,0,0,0,0.0,0.1420154179354708,nan,0.21195932786037275
7.6000000000000005,self+frame,converge,0.13384029447557025,0.14029177126486303,0,0,,0,0.06354415106207713,0.11307536447493416,10,0,749,0,0,0,0.0,0.1420154179354708,nan,0.21195932786037275
7.65,self+frame,converge,0.13384029447557025,0.14029177126486303,0,0,,0,0.06354415106207713,0.11307536447493416,10,0,749,0,0,0,0.0,0.1420154179354708,nan,0.21195932786037275
7.7,self+frame,converge,0.13384029447557025,0.14029177126486303,0,0,,0,0.06354415106207713,0.11307536447493416,10,0,749,0,0,0,0.0,0.1420154179354708,nan,0.21195932786037275
7.75,self+frame,converge,0.13384029447557025,0.14029177126486303,0,0,,0,0.06354415106207713,0.11307536447493416,10,0,749,0,0,0,0.0,0.1420154179354708,nan,0.21195932786037275
7.800000000000001,self+frame,converge,0.13384029447557025,0.14029177126486303,0,0,,0,0.06354415106207713,0.11307536447493416,10,0,749,0,0,0,0.0,0.1420154179354708,nan,0.21195932786037275
7.8500000000000005,self+frame,converge,0.13384029447557025,0.14029177126486303,0,0,,0,0.06354415106207713,0.11307536447493416,10,0,749,0,0,0,0.0,0.1420154179354708,nan,0.21195932786037275
7.9,self+frame,converge,0.13384029447557025,0.14029177126486303,0,0,,0,0.06354415106207713,0.11307536447493416,10,0,749,0,0,0,0.0,0.1420154179354708,nan,0.21195932786037275
7.95,self+frame,converge,0.13384029447557025,0.14029177126486303,0,0,,0,0.06354415106207713,0.11307536447493416,10,0,749,0,0,0,0.0,0.1420154179354708,nan,0.21195932786037275
8.0,self+frame,converge,0.13384029447557025,0.14029177126486303,0,0,,0,0.06354415106207713,0.11307536447493416,10,0,749,0,0,0,0.0,0.1420154179354708,nan,0.21195932786037275
8.05,self+frame,converge,0.13384029447557025,0.14029177126486303,0,0,,0,0.06354415106207713,0.11307536447493416,10,0,749,0,0,0,0.0,0.1420154179354708,nan,0.21195932786037275
8.1,self+frame,converge,0.13384029447557025,0.14029177126486303,0,0,,0,0.06354415106207713,0.11307536447493416,10,0,749,0,0,0,0.0,0.1420154179354708,nan,0.21195932786037275
8.15,self+frame,converge,0.13384029447557025,0.14029177126486303,0,0,,0,0.06354415106207713,0.11307536447493416,10,0,749,0,0,0,0.0,0.1420154179354708,nan,0.21195932786037275
8.200000000000001,self+frame,converge,0.13384029447557025,0.14029177126486303,0,0,,0,0.06354415106207713,0.11307536447493416,10,0,749,0,0,0,0.0,0.1420154179354708,nan,0.21195932786037275
8.25,self+frame,converge,0.13384029447557025,0.14029177126486303,0,0,,0,0.06354415106207713,0.11307536447493416,10,0,749,0,0,0,0.0,0.1420154179354708,nan,0.21195932786037275
8.3,self+frame,converge,0.13384029447557025,0.14029177126486303,0,0,,0,0.06354415106207713,0.11307536447493416,10,0,749,0,0,0,0.0,0.1420154179354708,nan,0.21195932786037275
8.35,self+frame,converge,0.13384029447557025,0.14029177126486303,0,0,,0,0.06354415106207713,0.11307536447493416,10,0,749,0,0,0,0.0,0.1420154179354708,nan,0.21195932786037275
8.4,self+frame,converge,0.13384029447557025,0.14029177126486303,0,0,,0,0.06354415106207713,0.11307536447493416,10,0,749,0,0,0,0.0,0.1420154179354708,nan,0.21195932786037275
8.450000000000001,self+frame,converge,0.13384029447557025,0.14029177126486303,0,0,,0,0.06354415106207713,0.11307536447493416,10,0,749,0,0,0,0.0,0.1420154179354708,nan,0.21195932786037275
8.5,self+frame,converge,0.13384029447557025,0.14029177126486303,0,0,,0,0.06354415106207713,0.11307536447493416,10,0,749,0,0,0,0.0,0.1420154179354708,nan,0.21195932786037275
8.55,self+frame,converge,0.13384029447557025,0.14029177126486303,0,0,,0,0.06354415106207713,0.11307536447493416,10,0,749,0,0,0,0.0,0.1420154179354708,nan,0.21195932786037275
8.6,self+frame,converge,0.13384029447557025,0.14029177126486303,0,0,,0,0.06354415106207713,0.11307536447493416,10,0,749,0,0,0,0.0,0.1420154179354708,nan,0.21195932786037275
8.65,self+frame,converge,0.13384029447557025,0.14029177126486303,0,0,,0,0.06354415106207713,0.11307536447493416,10,0,749,0,0,0,0.0,0.1420154179354708,nan,0.21195932786037275
8.700000000000001,self+frame,converge,0.13384029447557025,0.14029177126486303,0,0,,0,0.06354415106207713,0.11307536447493416,10,0,749,0,0,0,0.0,0.1420154179354708,nan,0.21195932786037275
8.75,self+frame,converge,0.13384029447557025,0.14029177126486303,0,0,,0,0.06354415106207713,0.11307536447493416,10,0,749,0,0,0,0.0,0.1420154179354708,nan,0.21195932786037275
8.8,self+frame,converge,0.13384029447557025,0.14029177126486303,0,0,,0,0.06354415106207713,0.11307536447493416,10,0,749,0,0,0,0.0,0.1420154179354708,nan,0.21195932786037275
8.85,self+frame,converge,0.13384029447557025,0.14029177126486303,0,0,,0,0.06354415106207713,0.11307536447493416,10,0,749,0,0,0,0.0,0.1420154179354708,nan,0.21195932786037275
8.9,self+frame,converge,0.13384029447557025,0.14029177126486303,0,0,,0,0.06354415106207713,0.11307536447493416,10,0,749,0,0,0,0.0,0.1420154179354708,nan,0.21195932786037275
8.950000000000001,self+frame,converge,0.13384029447557025,0.14029177126486303,0,0,,0,0.06354415106207713,0.11307536447493416,10,0,749,0,0,0,0.0,0.1420154179354708,nan,0.21195932786037275
9.0,self+frame,converge,0.13384029447557025,0.14029177126486303,0,0,,0,0.06354415106207713,0.11307536447493416,10,0,749,0,0,0,0.0,0.1420154179354708,nan,0.21195932786037275
9.05,self+frame,converge,0.13384029447557025,0.14029177126486303,0,0,,0,0.06354415106207713,0.11307536447493416,10,0,749,0,0,0,0.0,0.1420154179354708,nan,0.21195932786037275
9.1,self+frame,converge,0.13384029447557025,0.14029177126486303,0,0,,0,0.06354415106207713,0.11307536447493416,10,0,749,0,0,0,0.0,0.1420154179354708,nan,0.21195932786037275
9.15,self+frame,converge,0.13384029447557025,0.14029177126486303,0,0,,0,0.06354415106207713,0.11307536447493416,10,0,749,0,0,0,0.0,0.1420154179354708,nan,0.21195932786037275
9.200000000000001,self+frame,converge,0.13384029447557025,0.14029177126486303,0,0,,0,0.06354415106207713,0.11307536447493416,10,0,749,0,0,0,0.0,0.1420154179354708,nan,0.21195932786037275
9.25,self+frame,converge,0.13384029447557025,0.14029177126486303,0,0,,0,0.06354415106207713,0.11307536447493416,10,0,749,0,0,0,0.0,0.1420154179354708,nan,0.21195932786037275
9.3,self+frame,converge,0.13384029447557025,0.14029177126486303,0,0,,0,0.06354415106207713,0.11307536447493416,10,0,749,0,0,0,0.0,0.1420154179354708,nan,0.21195932786037275
9.35,self+frame,converge,0.13384029447557025,0.14029177126486303,0,0,,0,0.06354415106207713,0.11307536447493416,10,0,749,0,0,0,0.0,0.1420154179354708,nan,0.21195932786037275
9.4,self+frame,converge,0.13384029447557025,0.14029177126486303,0,0,,0,0.06354415106207713,0.11307536447493416,10,0,749,0,0,0,0.0,0.1420154179354708,nan,0.21195932786037275
9.450000000000001,self+frame,converge,0.13384029447557025,0.14029177126486303,0,0,,0,0.06354415106207713,0.11307536447493416,10,0,749,0,0,0,0.0,0.1420154179354708,nan,0.21195932786037275
9.5,self+frame,converge,0.13384029447557025,0.14029177126486303,0,0,,0,0.06354415106207713,0.11307536447493416,10,0,749,0,0,0,0.0,0.1420154179354708,nan,0.21195932786037275
9.55,self+frame,converge,0.13384029447557025,0.14029177126486303,0,0,,0,0.06354415106207713,0.11307536447493416,10,0,749,0,0,0,0.0,0.1420154179354708,nan,0.21195932786037275
9.600000000000001,self+frame,converge,0.13384029447557025,0.14029177126486303,0,0,,0,0.06354415106207713,0.11307536447493416,10,0,749,0,0,0,0.0,0.1420154179354708,nan,0.21195932786037275
9.65,self+frame,converge,0.13384029447557025,0.14029177126486303,0,0,,0,0.06354415106207713,0.11307536447493416,10,0,749,0,0,0,0.0,0.1420154179354708,nan,0.21195932786037275
9.700000000000001,self+frame,converge,0.13384029447557025,0.14029177126486303,0,0,,0,0.06354415106207713,0.11307536447493416,10,0,749,0,0,0,0.0,0.1420154179354708,nan,0.21195932786037275
9.75,self+frame,converge,0.13384029447557025,0.14029177126486303,0,0,,0,0.06354415106207713,0.11307536447493416,10,0,749,0,0,0,0.0,0.1420154179354708,nan,0.21195932786037275
9.8,self+frame,converge,0.13384029447557025,0.14029177126486303,0,0,,0,0.06354415106207713,0.11307536447493416,10,0,749,0,0,0,0.0,0.1420154179354708,nan,0.21195932786037275
9.850000000000001,self+frame,converge,0.13384029447557025,0.14029177126486303,0,0,,0,0.06354415106207713,0.11307536447493416,10,0,749,0,0,0,0.0,0.1420154179354708,nan,0.21195932786037275
9.9,self+frame,converge,0.13384029447557025,0.14029177126486303,0,0,,0,0.06354415106207713,0.11307536447493416,10,0,749,0,0,0,0.0,0.1420154179354708,nan,0.21195932786037275
9.950000000000001,self+frame,converge,0.13384029447557025,0.14029177126486303,0,0,,0,0.06354415106207713,0.11307536447493416,10,0,749,0,0,0,0.0,0.1420154179354708,nan,0.21195932786037275
10.0,self+frame,converge,0.13384029447557025,0.14029177126486303,0,0,,0,0.06354415106207713,0.11307536447493416,10,0,749,0,0,0,0.0,0.1420154179354708,nan,0.21195932786037275
10.05,self+frame,converge,0.13384029447557025,0.14029177126486303,0,0,,0,0.06354415106207713,0.11307536447493416,10,0,749,0,0,0,0.0,0.1420154179354708,nan,0.21195932786037275
10.100000000000001,self+frame,converge,0.13384029447557025,0.14029177126486303,0,0,,0,0.06354415106207713,0.11307536447493416,10,0,749,0,0,0,0.0,0.1420154179354708,nan,0.21195932786037275
10.15,self+frame,converge,0.13384029447557025,0.14029177126486303,0,0,,0,0.06354415106207713,0.11307536447493416,10,0,749,0,0,0,0.0,0.1420154179354708,nan,0.21195932786037275
10.200000000000001,self+frame,converge,0.13384029447557025,0.14029177126486303,0,0,,0,0.06354415106207713,0.11307536447493416,10,0,749,0,0,0,0.0,0.1420154179354708,nan,0.21195932786037275
10.25,self+frame,converge,0.13384029447557025,0.14029177126486303,0,0,,0,0.06354415106207713,0.11307536447493416,10,0,749,0,0,0,0.0,0.1420154179354708,nan,0.21195932786037275
10.3,self+frame,converge,0.13384029447557025,0.14029177126486303,0,0,,0,0.06354415106207713,0.11307536447493416,10,0,749,0,0,0,0.0,0.1420154179354708,nan,0.21195932786037275
10.350000000000001,self+frame,converge,0.13384029447557025,0.14029177126486303,0,0,,0,0.06354415106207713,0.11307536447493416,10,0,749,0,0,0,0.0,0.1420154179354708,nan,0.21195932786037275
10.4,self+frame,converge,0.13384029447557025,0.14029177126486303,0,0,,0,0.06354415106207713,0.11307536447493416,10,0,749,0,0,0,0.0,0.1420154179354708,nan,0.21195932786037275
10.450000000000001,self+frame,converge,0.13384029447557025,0.14029177126486303,0,0,,0,0.06354415106207713,0.11307536447493416,10,0,749,0,0,0,0.0,0.1420154179354708,nan,0.21195932786037275
10.5,self+frame,converge,0.13384029447557025,0.14029177126486303,0,0,,0,0.06354415106207713,0.11307536447493416,10,0,749,0,0,0,0.0,0.1420154179354708,nan,0.21195932786037275
10.55,self+frame,converge,0.13384029447557025,0.14029177126486303,0,0,,0,0.06354415106207713,0.11307536447493416,10,0,749,0,0,0,0.0,0.1420154179354708,nan,0.21195932786037275
10.600000000000001,self+frame,converge,0.13384029447557025,0.14029177126486303,0,0,,0,0.06354415106207713,0.11307536447493416,10,0,749,0,0,0,0.0,0.1420154179354708,nan,0.21195932786037275
10.65,self+frame,converge,0.13384029447557025,0.14029177126486303,0,0,,0,0.06354415106207713,0.11307536447493416,10,0,749,0,0,0,0.0,0.1420154179354708,nan,0.21195932786037275
10.700000000000001,self+frame,converge,0.13384029447557025,0.14029177126486303,0,0,,0,0.06354415106207713,0.11307536447493416,10,0,749,0,0,0,0.0,0.1420154179354708,nan,0.21195932786037275
10.75,self+frame,converge,0.13384029447557025,0.14029177126486303,0,0,,0,0.06354415106207713,0.11307536447493416,10,0,749,0,0,0,0.0,0.1420154179354708,nan,0.21195932786037275
10.8,self+frame,converge,0.13384029447557025,0.14029177126486303,0,0,,0,0.06354415106207713,0.11307536447493416,10,0,749,0,0,0,0.0,0.1420154179354708,nan,0.21195932786037275
10.850000000000001,self+frame,converge,0.13384029447557025,0.14029177126486303,0,0,,0,0.06354415106207713,0.11307536447493416,10,0,749,0,0,0,0.0,0.1420154179354708,nan,0.21195932786037275
10.9,self+frame,converge,0.13384029447557025,0.14029177126486303,0,0,,0,0.06354415106207713,0.11307536447493416,10,0,749,0,0,0,0.0,0.1420154179354708,nan,0.21195932786037275
10.950000000000001,self+frame,converge,0.13384029447557025,0.14029177126486303,0,0,,0,0.06354415106207713,0.11307536447493416,10,0,749,0,0,0,0.0,0.1420154179354708,nan,0.21195932786037275
11.0,self+frame,converge,0.13384029447557025,0.14029177126486303,0,0,,0,0.06354415106207713,0.11307536447493416,10,0,749,0,0,0,0.0,0.1420154179354708,nan,0.21195932786037275
11.05,self+frame,converge,0.13384029447557025,0.14029177126486303,0,0,,0,0.06354415106207713,0.11307536447493416,10,0,749,0,0,0,0.0,0.1420154179354708,nan,0.21195932786037275
11.100000000000001,self+frame,converge,0.13384029447557025,0.14029177126486303,0,0,,0,0.06354415106207713,0.11307536447493416,10,0,749,0,0,0,0.0,0.1420154179354708,nan,0.21195932786037275
11.15,self+frame,converge,0.13384029447557025,0.14029177126486303,0,0,,0,0.06354415106207713,0.11307536447493416,10,0,749,0,0,0,0.0,0.1420154179354708,nan,0.21195932786037275
11.200000000000001,self+frame,converge,0.13384029447557025,0.14029177126486303,0,0,,0,0.06354415106207713,0.11307536447493416,10,0,749,0,0,0,0.0,0.1420154179354708,nan,0.21195932786037275
11.25,self+frame,converge,0.13384029447557025,0.14029177126486303,0,0,,0,0.06354415106207713,0.11307536447493416,10,0,749,0,0,0,0.0,0.1420154179354708,nan,0.21195932786037275
11.3,self+frame,converge,0.13384029447557025,0.14029177126486303,0,0,,0,0.06354415106207713,0.11307536447493416,10,0,749,0,0,0,0.0,0.1420154179354708,nan,0.21195932786037275
11.350000000000001,self+frame,converge,0.13384029447557025,0.14029177126486303,0,0,,0,0.06354415106207713,0.11307536447493416,10,0,749,0,0,0,0.0,0.1420154179354708,nan,0.21195932786037275
11.4,self+frame,converge,0.13384029447557025,0.14029177126486303,0,0,,0,0.06354415106207713,0.11307536447493416,10,0,749,0,0,0,0.0,0.1420154179354708,nan,0.21195932786037275
11.450000000000001,self+frame,converge,0.13384029447557025,0.14029177126486303,0,0,,0,0.06354415106207713,0.11307536447493416,10,0,749,0,0,0,0.0,0.1420154179354708,nan,0.21195932786037275
11.5,self+frame,converge,0.13384029447557025,0.14029177126486303,0,0,,0,0.06354415106207713,0.11307536447493416,10,0,749,0,0,0,0.0,0.1420154179354708,nan,0.21195932786037275
11.55,self+frame,converge,0.13384029447557025,0.14029177126486303,0,0,,0,0.06354415106207713,0.11307536447493416,10,0,749,0,0,0,0.0,0.1420154179354708,nan,0.21195932786037275
11.600000000000001,self+frame,converge,0.13384029447557025,0.14029177126486303,0,0,,0,0.06354415106207713,0.11307536447493416,10,0,749,0,0,0,0.0,0.1420154179354708,nan,0.21195932786037275
11.65,self+frame,converge,0.13384029447557025,0.14029177126486303,0,0,,0,0.06354415106207713,0.11307536447493416,10,0,749,0,0,0,0.0,0.1420154179354708,nan,0.21195932786037275
11.700000000000001,self+frame,converge,0.13384029447557025,0.14029177126486303,0,0,,0,0.06354415106207713,0.11307536447493416,10,0,749,0,0,0,0.0,0.1420154179354708,nan,0.21195932786037275
11.75,self+frame,converge,0.13384029447557025,0.14029177126486303,0,0,,0,0.06354415106207713,0.11307536447493416,10,0,749,0,0,0,0.0,0.1420154179354708,nan,0.21195932786037275
11.8,self+frame,converge,0.13384029447557025,0.14029177126486303,0,0,,0,0.06354415106207713,0.11307536447493416,10,0,749,0,0,0,0.0,0.1420154179354708,nan,0.21195932786037275
11.850000000000001,self+frame,converge,0.13384029447557025,0.14029177126486303,0,0,,0,0.06354415106207713,0.11307536447493416,10,0,749,0,0,0,0.0,0.1420154179354708,nan,0.21195932786037275
11.9,self+frame,converge,0.13384029447557025,0.14029177126486303,0,0,,0,0.06354415106207713,0.11307536447493416,10,0,749,0,0,0,0.0,0.1420154179354708,nan,0.21195932786037275
11.950000000000001,self+frame,converge,0.13384029447557025,0.14029177126486303,0,0,,0,0.06354415106207713,0.11307536447493416,10,0,749,0,0,0,0.0,0.1420154179354708,nan,0.21195932786037275
12.0,self+frame,converge,0.13384029447557025,0.14029177126486303,0,0,,0,0.06354415106207713,0.11307536447493416,10,0,749,0,0,0,0.0,0.1420154179354708,nan,0.21195932786037275
12.05,self+frame,converge,0.13384029447557025,0.14029177126486303,0,0,,0,0.06354415106207713,0.11307536447493416,10,0,749,0,0,0,0.0,0.1420154179354708,nan,0.21195932786037275
12.100000000000001,self+frame,converge,0.13384029447557025,0.14029177126486303,0,0,,0,0.06354415106207713,0.11307536447493416,10,0,749,0,0,0,0.0,0.1420154179354708,nan,0.21195932786037275
12.15,self+frame,converge,0.13384029447557025,0.14029177126486303,0,0,,0,0.06354415106207713,0.11307536447493416,10,0,749,0,0,0,0.0,0.1420154179354708,nan,0.21195932786037275
12.200000000000001,self+frame,converge,0.13384029447557025,0.14029177126486303,0,0,,0,0.06354415106207713,0.11307536447493416,10,0,749,0,0,0,0.0,0.1420154179354708,nan,0.21195932786037275
12.25,self+frame,converge,0.13384029447557025,0.14029177126486303,0,0,,0,0.06354415106207713,0.11307536447493416,10,0,749,0,0,0,0.0,0.1420154179354708,nan,0.21195932786037275
12.3,self+frame,converge,0.13384029447557025,0.14029177126486303,0,0,,0,0.06354415106207713,0.11307536447493416,10,0,749,0,0,0,0.0,0.1420154179354708,nan,0.21195932786037275
12.350000000000001,self+frame,converge,0.13384029447557025,0.14029177126486303,0,0,,0,0.06354415106207713,0.11307536447493416,10,0,749,0,0,0,0.0,0.1420154179354708,nan,0.21195932786037275
12.4,self+frame,converge,0.13384029447557025,0.14029177126486303,0,0,,0,0.06354415106207713,0.11307536447493416,10,0,749,0,0,0,0.0,0.1420154179354708,nan,0.21195932786037275
12.450000000000001,self+frame,converge,0.13384029447557025,0.14029177126486303,0,0,,0,0.06354415106207713,0.11307536447493416,10,0,749,0,0,0,0.0,0.1420154179354708,nan,0.21195932786037275
12.5,self+frame,converge,0.13384029447557025,0.14029177126486303,0,0,,0,0.06354415106207713,0.11307536447493416,10,0,749,0,0,0,0.0,0.1420154179354708,nan,0.21195932786037275
12.55,self+frame,converge,0.13384029447557025,0.14029177126486303,0,0,,0,0.06354415106207713,0.11307536447493416,10,0,749,0,0,0,0.0,0.1420154179354708,nan,0.21195932786037275
12.600000000000001,self+frame,converge,0.13384029447557025,0.14029177126486303,0,0,,0,0.06354415106207713,0.11307536447493416,10,0,749,0,0,0,0.0,0.1420154179354708,nan,0.21195932786037275
12.65,self+frame,converge,0.13384029447557025,0.14029177126486303,0,0,,0,0.06354415106207713,0.11307536447493416,10,0,749,0,0,0,0.0,0.1420154179354708,nan,0.21195932786037275
12.700000000000001,self+frame,converge,0.13384029447557025,0.14029177126486303,0,0,,0,0.06354415106207713,0.11307536447493416,10,0,749,0,0,0,0.0,0.1420154179354708,nan,0.21195932786037275
12.75,self+frame,converge,0.13384029447557025,0.14029177126486303,0,0,,0,0.06354415106207713,0.11307536447493416,10,0,749,0,0,0,0.0,0.1420154179354708,nan,0.21195932786037275
12.8,self+frame,converge,0.13384029447557025,0.14029177126486303,0,0,,0,0.06354415106207713,0.11307536447493416,10,0,749,0,0,0,0.0,0.1420154179354708,nan,0.21195932786037275
12.850000000000001,self+frame,converge,0.13384029447557025,0.14029177126486303,0,0,,0,0.06354415106207713,0.11307536447493416,10,0,749,0,0,0,0.0,0.1420154179354708,nan,0.21195932786037275
12.9,self+frame,converge,0.13384029447557025,0.14029177126486303,0,0,,0,0.06354415106207713,0.11307536447493416,10,0,749,0,0,0,0.0,0.1420154179354708,nan,0.21195932786037275
12.950000000000001,self+frame,converge,0.13384029447557025,0.14029177126486303,0,0,,0,0.06354415106207713,0.11307536447493416,10,0,749,0,0,0,0.0,0.1420154179354708,nan,0.21195932786037275
13.0,self+frame,converge,0.13384029447557025,0.14029177126486303,0,0,,0,0.06354415106207713,0.11307536447493416,10,0,749,0,0,0,0.0,0.1420154179354708,nan,0.21195932786037275
13.05,self+frame,converge,0.13384029447557025,0.14029177126486303,0,0,,0,0.06354415106207713,0.11307536447493416,10,0,749,0,0,0,0.0,0.1420154179354708,nan,0.21195932786037275
13.100000000000001,self+frame,converge,0.13384029447557025,0.14029177126486303,0,0,,0,0.06354415106207713,0.11307536447493416,10,0,749,0,0,0,0.0,0.1420154179354708,nan,0.21195932786037275
13.15,self+frame,converge,0.13384029447557025,0.14029177126486303,0,0,,0,0.06354415106207713,0.11307536447493416,10,0,749,0,0,0,0.0,0.1420154179354708,nan,0.21195932786037275
13.200000000000001,self+frame,converge,0.13384029447557025,0.14029177126486303,0,0,,0,0.06354415106207713,0.11307536447493416,10,0,749,0,0,0,0.0,0.1420154179354708,nan,0.21195932786037275
13.25,self+frame,converge,0.13384029447557025,0.14029177126486303,0,0,,0,0.06354415106207713,0.11307536447493416,10,0,749,0,0,0,0.0,0.1420154179354708,nan,0.21195932786037275
13.3,self+frame,converge,0.13384029447557025,0.14029177126486303,0,0,,0,0.06354415106207713,0.11307536447493416,10,0,749,0,0,0,0.0,0.1420154179354708,nan,0.21195932786037275
13.350000000000001,self+frame,converge,0.13384029447557025,0.14029177126486303,0,0,,0,0.06354415106207713,0.11307536447493416,10,0,749,0,0,0,0.0,0.1420154179354708,nan,0.21195932786037275
13.4,self+frame,converge,0.13384029447557025,0.14029177126486303,0,0,,0,0.06354415106207713,0.11307536447493416,10,0,749,0,0,0,0.0,0.1420154179354708,nan,0.21195932786037275
13.450000000000001,self+frame,converge,0.13384029447557025,0.14029177126486303,0,0,,0,0.06354415106207713,0.11307536447493416,10,0,749,0,0,0,0.0,0.1420154179354708,nan,0.21195932786037275
13.5,self+frame,converge,0.13384029447557025,0.14029177126486303,0,0,,0,0.06354415106207713,0.11307536447493416,10,0,749,0,0,0,0.0,0.1420154179354708,nan,0.21195932786037275
13.55,self+frame,converge,0.13384029447557025,0.14029177126486303,0,0,,0,0.06354415106207713,0.11307536447493416,10,0,749,0,0,0,0.0,0.1420154179354708,nan,0.21195932786037275
13.600000000000001,self+frame,converge,0.13384029447557025,0.14029177126486303,0,0,,0,0.06354415106207713,0.11307536447493416,10,0,749,0,0,0,0.0,0.1420154179354708,nan,0.21195932786037275
13.65,self+frame,converge,0.13384029447557025,0.14029177126486303,0,0,,0,0.06354415106207713,0.11307536447493416,10,0,749,0,0,0,0.0,0.1420154179354708,nan,0.21195932786037275
13.700000000000001,self+frame,converge,0.13384029447557025,0.14029177126486303,0,0,,0,0.06354415106207713,0.11307536447493416,10,0,749,0,0,0,0.0,0.1420154179354708,nan,0.21195932786037275
13.75,self+frame,converge,0.13384029447557025,0.14029177126486303,0,0,,0,0.06354415106207713,0.11307536447493416,10,0,749,0,0,0,0.0,0.1420154179354708,nan,0.21195932786037275
13.8,self+frame,converge,0.13384029447557025,0.14029177126486303,0,0,,0,0.06354415106207713,0.11307536447493416,10,0,749,0,0,0,0.0,0.1420154179354708,nan,0.21195932786037275
13.850000000000001,self+frame,converge,0.13384029447557025,0.14029177126486303,0,0,,0,0.06354415106207713,0.11307536447493416,10,0,749,0,0,0,0.0,0.1420154179354708,nan,0.21195932786037275
13.9,self+frame,converge,0.13384029447557025,0.14029177126486303,0,0,,0,0.06354415106207713,0.11307536447493416,10,0,749,0,0,0,0.0,0.1420154179354708,nan,0.21195932786037275
13.950000000000001,self+frame,converge,0.13384029447557025,0.14029177126486303,0,0,,0,0.06354415106207713,0.11307536447493416,10,0,749,0,0,0,0.0,0.1420154179354708,nan,0.21195932786037275
14.0,self+frame,converge,0.13384029447557025,0.14029177126486303,0,0,,0,0.06354415106207713,0.11307536447493416,10,0,749,0,0,0,0.0,0.1420154179354708,nan,0.21195932786037275
14.05,self+frame,converge,0.13384029447557025,0.14029177126486303,0,0,,0,0.06354415106207713,0.11307536447493416,10,0,749,0,0,0,0.0,0.1420154179354708,nan,0.21195932786037275
14.100000000000001,self+frame,converge,0.13384029447557025,0.14029177126486303,0,0,,0,0.06354415106207713,0.11307536447493416,10,0,749,0,0,0,0.0,0.1420154179354708,nan,0.21195932786037275
14.15,self+frame,converge,0.13384029447557025,0.14029177126486303,0,0,,0,0.06354415106207713,0.11307536447493416,10,0,749,0,0,0,0.0,0.1420154179354708,nan,0.21195932786037275
14.200000000000001,self+frame,converge,0.13384029447557025,0.14029177126486303,0,0,,0,0.06354415106207713,0.11307536447493416,10,0,749,0,0,0,0.0,0.1420154179354708,nan,0.21195932786037275
14.25,self+frame,converge,0.13384029447557025,0.14029177126486303,0,0,,0,0.06354415106207713,0.11307536447493416,10,0,749,0,0,0,0.0,0.1420154179354708,nan,0.21195932786037275
14.3,self+frame,converge,0.13384029447557025,0.14029177126486303,0,0,,0,0.06354415106207713,0.11307536447493416,10,0,749,0,0,0,0.0,0.1420154179354708,nan,0.21195932786037275
14.350000000000001,self+frame,converge,0.13384029447557025,0.14029177126486303,0,0,,0,0.06354415106207713,0.11307536447493416,10,0,749,0,0,0,0.0,0.1420154179354708,nan,0.21195932786037275
14.4,self+frame,converge,0.13384029447557025,0.14029177126486303,0,0,,0,0.06354415106207713,0.11307536447493416,10,0,749,0,0,0,0.0,0.1420154179354708,nan,0.21195932786037275
14.450000000000001,self+frame,converge,0.13384029447557025,0.14029177126486303,0,0,,0,0.06354415106207713,0.11307536447493416,10,0,749,0,0,0,0.0,0.1420154179354708,nan,0.21195932786037275
14.5,self+frame,converge,0.13384029447557025,0.14029177126486303,0,0,,0,0.06354415106207713,0.11307536447493416,10,0,749,0,0,0,0.0,0.1420154179354708,nan,0.21195932786037275
14.55,self+frame,converge,0.13384029447557025,0.14029177126486303,0,0,,0,0.06354415106207713,0.11307536447493416,10,0,749,0,0,0,0.0,0.1420154179354708,nan,0.21195932786037275
14.600000000000001,self+frame,converge,0.13384029447557025,0.14029177126486303,0,0,,0,0.06354415106207713,0.11307536447493416,10,0,749,0,0,0,0.0,0.1420154179354708,nan,0.21195932786037275
14.65,self+frame,converge,0.13384029447557025,0.14029177126486303,0,0,,0,0.06354415106207713,0.11307536447493416,10,0,749,0,0,0,0.0,0.1420154179354708,nan,0.21195932786037275
14.700000000000001,self+frame,converge,0.13384029447557025,0.14029177126486303,0,0,,0,0.06354415106207713,0.11307536447493416,10,0,749,0,0,0,0.0,0.1420154179354708,nan,0.21195932786037275
14.75,self+frame,converge,0.13384029447557025,0.14029177126486303,0,0,,0,0.06354415106207713,0.11307536447493416,10,0,749,0,0,0,0.0,0.1420154179354708,nan,0.21195932786037275
14.8,self+frame,converge,0.13384029447557025,0.14029177126486303,0,0,,0,0.06354415106207713,0.11307536447493416,10,0,749,0,0,0,0.0,0.1420154179354708,nan,0.21195932786037275
14.850000000000001,self+frame,converge,0.13384029447557025,0.14029177126486303,0,0,,0,0.06354415106207713,0.11307536447493416,10,0,749,0,0,0,0.0,0.1420154179354708,nan,0.21195932786037275
14.9,self+frame,converge,0.13384029447557025,0.14029177126486303,0,0,,0,0.06354415106207713,0.11307536447493416,10,0,749,0,0,0,0.0,0.1420154179354708,nan,0.21195932786037275
14.950000000000001,self+frame,converge,0.13384029447557025,0.14029177126486303,0,0,,0,0.06354415106207713,0.11307536447493416,10,0,749,0,0,0,0.0,0.1420154179354708,nan,0.21195932786037275
15.0,self+frame,converge,0.13384029447557025,0.14029177126486303,0,0,,0,0.06354415106207713,0.11307536447493416,10,0,749,0,0,0,0.0,0.1420154179354708,nan,0.21195932786037275
0.05,self+cam,converge,0.2353740052161439,0.23537400504707728,0,0,,0,0.05676101943747254,0.16504642260436408,5,1,752,0,0,0,0.0,0.25,nan,0.21201724964604807
0.1,self+cam,converge,0.20653811359267588,0.2106337990496868,0,0,,0,0.052502152086353296,0.15076234118440393,6,1,752,0,0,0,0.0,0.2355206280275939,nan,0.21243750271361173
0.15000000000000002,self+cam,converge,0.18248371402788124,0.18798441385761963,0,0,,0,0.053568283751980486,0.138422862231838,6,1,752,0,0,0,0.0,0.1941879687124645,nan,0.21266152522065196
0.2,self+cam,converge,0.16097339021380022,0.16735918132701552,0,0,,0,0.05468313978322363,0.12761910450948427,6,1,826,0,0,0,0.0,0.15741735706481313,nan,0.2128212478068242
0.25,self+cam,converge,0.1416459658945223,0.1490547120001661,0,0,,0,0.05457479357989557,0.11831036710373025,10,1,826,0,0,0,0.0,0.1420154179354708,nan,0.21195932786037275
0.30000000000000004,self+cam,converge,0.13384029447557025,0.14029177126486303,0,0,,0,0.06354415106207713,0.11307536447493416,10,0,826,0,0,0,0.0,0.1420154179354708,nan,0.21195932786037275
0.35000000000000003,self+cam,converge,0.13384029447557025,0.14029177126486303,0,0,,0,0.06354415106207713,0.11307536447493416,10,0,830,0,0,0,0.0,0.1420154179354708,nan,0.21195932786037275
0.4,self+cam,converge,0.13384029447557025,0.14029177126486303,0,0,,0,0.06354415106207713,0.11307536447493416,10,0,830,0,0,0,0.0,0.1420154179354708,nan,0.21195932786037275
0.45,self+cam,converge,0.13384029447557025,0.14029177126486303,0,0,,0,0.06354415106207713,0.11307536447493416,10,0,830,0,0,0,0.0,0.1420154179354708,nan,0.21195932786037275
0.5,self+cam,converge,0.13384029447557025,0.14029177126486303,0,0,,0,0.06354415106207713,0.11307536447493416,10,0,830,0,0,0,0.0,0.1420154179354708,nan,0.21195932786037275
0.55,self+cam,converge,0.13384029447557025,0.14029177126486303,0,0,,0,0.06354415106207713,0.11307536447493416,10,0,830,0,0,0,0.0,0.1420154179354708,nan,0.21195932786037275
0.6000000000000001,self+cam,converge,0.13384029447557025,0.14029177126486303,0,0,,0,0.06354415106207713,0.11307536447493416,10,0,830,0,0,0,0.0,0.1420154179354708,nan,0.21195932786037275
0.65,self+cam,converge,0.13384029447557025,0.14029177126486303,0,0,,0,0.06354415106207713,0.11307536447493416,10,0,830,0,0,0,0.0,0.1420154179354708,nan,0.21195932786037275
0.7000000000000001,self+cam,converge,0.13384029447557025,0.14029177126486303,0,0,,0,0.06354415106207713,0.11307536447493416,10,0,830,0,0,0,0.0,0.1420154179354708,nan,0.21195932786037275
0.75,self+cam,converge,0.13384029447557025,0.14029177126486303,0,0,,0,0.06354415106207713,0.11307536447493416,10,0,830,0,0,0,0.0,0.1420154179354708,nan,0.21195932786037275
0.8,self+cam,converge,0.13384029447557025,0.14029177126486303,0,0,,0,0.06354415106207713,0.11307536447493416,10,0,830,0,0,0,0.0,0.1420154179354708,nan,0.21195932786037275
0.8500000000000001,self+cam,converge,0.13384029447557025,0.14029177126486303,0,0,,0,0.06354415106207713,0.11307536447493416,10,0,830,0,0,0,0.0,0.1420154179354708,nan,0.21195932786037275
0.9,self+cam,converge,0.13384029447557025,0.14029177126486303,0,0,,0,0.06354415106207713,0.11307536447493416,10,0,830,0,0,0,0.0,0.1420154179354708,nan,0.21195932786037275
0.9500000000000001,self+cam,converge,0.13384029447557025,0.14029177126486303,0,0,,0,0.06354415106207713,0.11307536447493416,10,0,830,0,0,0,0.0,0.1420154179354708,nan,0.21195932786037275
1.0,self+cam,converge,0.13384029447557025,0.14029177126486303,0,0,,0,0.06354415106207713,0.11307536447493416,10,0,830,0,0,0,0.0,0.1420154179354708,nan,0.21195932786037275
1.05,self+cam,converge,0.13384029447557025,0.14029177126486303,0,0,,0,0.06354415106207713,0.11307536447493416,10,0,830,0,0,0,0.0,0.1420154179354708,nan,0.21195932786037275
1.1,self+cam,converge,0.13384029447557025,0.14029177126486303,0,0,,0,0.06354415106207713,0.11307536447493416,10,0,830,0,0,0,0.0,0.1420154179354708,nan,0.21195932786037275
1.1500000000000001,self+cam,converge,0.13384029447557025,0.14029177126486303,0,0,,0,0.06354415106207713,0.11307536447493416,10,0,830,0,0,0,0.0,0.1420154179354708,nan,0.21195932786037275
1.2000000000000002,self+cam,converge,0.13384029447557025,0.14029177126486303,0,0,,0,0.06354415106207713,0.11307536447493416,10,0,830,0,0,0,0.0,0.1420154179354708,nan,0.21195932786037275
1.25,self+cam,converge,0.13384029447557025,0.14029177126486303,0,0,,0,0.06354415106207713,0.11307536447493416,10,0,830,0,0,0,0.0,0.1420154179354708,nan,0.21195932786037275
1.3,self+cam,converge,0.13384029447557025,0.14029177126486303,0,0,,0,0.06354415106207713,0.11307536447493416,10,0,830,0,0,0,0.0,0.1420154179354708,nan,0.21195932786037275
1.35,self+cam,converge,0.13384029447557025,0.14029177126486303,0,0,,0,0.06354415106207713,0.11307536447493416,10,0,830,0,0,0,0.0,0.1420154179354708,nan,0.21195932786037275
1.4000000000000001,self+cam,converge,0.13384029447557025,0.14029177126486303,0,0,,0,0.06354415106207713,0.11307536447493416,10,0,830,0,0,0,0.0,0.1420154179354708,nan,0.21195932786037275
1.4500000000000002,self+cam,converge,0.13384029447557025,0.14029177126486303,0,0,,0,0.06354415106207713,0.11307536447493416,10,0,830,0,0,0,0.0,0.1420154179354708,nan,0.21195932786037275
1.5,self+cam,converge,0.13384029447557025,0.14029177126486303,0,0,,0,0.06354415106207713,0.11307536447493416,10,0,830,0,0,0,0.0,0.1420154179354708,nan,0.21195932786037275
1.55,self+cam,converge,0.13384029447557025,0.14029177126486303,0,0,,0,0.06354415106207713,0.11307536447493416,10,0,830,0,0,0,0.0,0.1420154179354708,nan,0.21195932786037275
1.6,self+cam,converge,0.13384029447557025,0.14029177126486303,0,0,,0,0.06354415106207713,0.11307536447493416,10,0,830,0,0,0,0.0,0.1420154179354708,nan,0.21195932786037275
1.6500000000000001,self+cam,converge,0.13384029447557025,0.14029177126486303,0,0,,0,0.06354415106207713,0.11307536447493416,10,0,830,0,0,0,0.0,0.1420154179354708,nan,0.21195932786037275
1.7000000000000002,self+cam,converge,0.13384029447557025,0.14029177126486303,0,0,,0,0.06354415106207713,0.11307536447493416,10,0,830,0,0,0,0.0,0.1420154179354708,nan,0.21195932786037275
1.75,self+cam,converge,0.13384029447557025,0.14029177126486303,0,0,,0,0.06354415106207713,0.11307536447493416,10,0,830,0,0,0,0.0,0.1420154179354708,nan,0.21195932786037275
1.8,self+cam,converge,0.13384029447557025,0.14029177126486303,0,0,,0,0.06354415106207713,0.11307536447493416,10,0,830,0,0,0,0.0,0.1420154179354708,nan,0.21195932786037275
1.85,self+cam,converge,0.13384029447557025,0.14029177126486303,0,0,,0,0.06354415106207713,0.11307536447493416,10,0,830,0,0,0,0.0,0.1420154179354708,nan,0.21195932786037275
1.9000000000000001,self+cam,converge,0.13384029447557025,0.14029177126486303,0,0,,0,0.06354415106207713,0.11307536447493416,10,0,830,0,0,0,0.0,0.1420154179354708,nan,0.21195932786037275
1.9500000000000002,self+cam,converge,0.13384029447557025,0.14029177126486303,0,0,,0,0.06354415106207713,0.11307536447493416,10,0,830,0,0,0,0.0,0.1420154179354708,nan,0.21195932786037275
2.0,self+cam,converge,0.13384029447557025,0.14029177126486303,0,0,,0,0.06354415106207713,0.11307536447493416,10,0,830,0,0,0,0.0,0.1420154179354708,nan,0.21195932786037275
2.0500000000000003,self+cam,converge,0.13384029447557025,0.14029177126486303,0,0,,0,0.06354415106207713,0.11307536447493416,10,0,830,0,0,0,0.0,0.1420154179354708,nan,0.21195932786037275
2.1,self+cam,converge,0.13384029447557025,0.14029177126486303,0,0,,0,0.06354415106207713,0.11307536447493416,10,0,830,0,0,0,0.0,0.1420154179354708,nan,0.21195932786037275
2.15,self+cam,converge,0.13384029447557025,0.14029177126486303,0,0,,0,0.06354415106207713,0.11307536447493416,10,0,830,0,0,0,0.0,0.1420154179354708,nan,0.21195932786037275
2.2,self+cam,converge,0.13384029447557025,0.14029177126486303,0,0,,0,0.06354415106207713,0.11307536447493416,10,0,830,0,0,0,0.0,0.1420154179354708,nan,0.21195932786037275
2.25,self+cam,converge,0.13384029447557025,0.14029177126486303,0,0,,0,0.06354415106207713,0.11307536447493416,10,0,830,0,0,0,0.0,0.1420154179354708,nan,0.21195932786037275
2.3000000000000003,self+cam,converge,0.13384029447557025,0.14029177126486303,0,0,,0,0.06354415106207713,0.11307536447493416,10,0,830,0,0,0,0.0,0.1420154179354708,nan,0.21195932786037275
2.35,self+cam,converge,0.13384029447557025,0.14029177126486303,0,0,,0,0.06354415106207713,0.11307536447493416,10,0,830,0,0,0,0.0,0.1420154179354708,nan,0.21195932786037275
2.4000000000000004,self+cam,converge,0.13384029447557025,0.14029177126486303,0,0,,0,0.06354415106207713,0.11307536447493416,10,0,830,0,0,0,0.0,0.1420154179354708,nan,0.21195932786037275
2.45,self+cam,converge,0.13384029447557025,0.14029177126486303,0,0,,0,0.06354415106207713,0.11307536447493416,10,0,830,0,0,0,0.0,0.1420154179354708,nan,0.21195932786037275
2.5,self+cam,converge,0.13384029447557025,0.14029177126486303,0,0,,0,0.06354415106207713,0.11307536447493416,10,0,830,0,0,0,0.0,0.1420154179354708,nan,0.21195932786037275
2.5500000000000003,self+cam,converge,0.13384029447557025,0.14029177126486303,0,0,,0,0.06354415106207713,0.11307536447493416,10,0,830,0,0,0,0.0,0.1420154179354708,nan,0.21195932786037275
2.6,self+cam,converge,0.13384029447557025,0.14029177126486303,0,0,,0,0.06354415106207713,0.11307536447493416,10,0,830,0,0,0,0.0,0.1420154179354708,nan,0.21195932786037275
2.6500000000000004,self+cam,converge,0.13384029447557025,0.14029177126486303,0,0,,0,0.06354415106207713,0.11307536447493416,10,0,830,0,0,0,0.0,0.1420154179354708,nan,0.21195932786037275
2.7,self+cam,converge,0.13384029447557025,0.14029177126486303,0,0,,0,0.06354415106207713,0.11307536447493416,10,0,830,0,0,0,0.0,0.1420154179354708,nan,0.21195932786037275
2.75,self+cam,converge,0.13384029447557025,0.14029177126486303,0,0,,0,0.06354415106207713,0.11307536447493416,10,0,830,0,0,0,0.0,0.1420154179354708,nan,0.21195932786037275
2.8000000000000003,self+cam,converge,0.13384029447557025,0.14029177126486303,0,0,,0,0.06354415106207713,0.11307536447493416,10,0,830,0,0,0,0.0,0.1420154179354708,nan,0.21195932786037275
2.85,self+cam,converge,0.13384029447557025,0.14029177126486303,0,0,,0,0.06354415106207713,0.11307536447493416,10,0,830,0,0,0,0.0,0.1420154179354708,nan,0.21195932786037275
2.9000000000000004,self+cam,converge,0.13384029447557025,0.14029177126486303,0,0,,0,0.06354415106207713,0.11307536447493416,10,0,830,0,0,0,0.0,0.1420154179354708,nan,0.21195932786037275
2.95,self+cam,converge,0.13384029447557025,0.14029177126486303,0,0,,0,0.06354415106207713,0.11307536447493416,10,0,830,0,0,0,0.0,0.1420154179354708,nan,0.21195932786037275
3.0,self+cam,converge,0.13384029447557025,0.14029177126486303,0,0,,0,0.06354415106207713,0.11307536447493416,10,0,830,0,0,0,0.0,0.1420154179354708,nan,0.21195932786037275
3.0500000000000003,self+cam,converge,0.13384029447557025,0.14029177126486303,0,0,,0,0.06354415106207713,0.11307536447493416,10,0,830,0,0,0,0.0,0.1420154179354708,nan,0.21195932786037275
3.1,self+cam,converge,0.13384029447557025,0.14029177126486303,0,0,,0,0.06354415106207713,0.11307536447493416,10,0,830,0,0,0,0.0,0.1420154179354708,nan,0.21195932786037275
3.1500000000000004,self+cam,converge,0.13384029447557025,0.14029177126486303,0,0,,0,0.06354415106207713,0.11307536447493416,10,0,830,0,0,0,0.0,0.1420154179354708,nan,0.21195932786037275
3.2,self+cam,converge,0.13384029447557025,0.14029177126486303,0,0,,0,0.06354415106207713,0.11307536447493416,10,0,830,0,0,0,0.0,0.1420154179354708,nan,0.21195932786037275
3.25,self+cam,converge,0.13384029447557025,0.14029177126486303,0,0,,0,0.06354415106207713,0.11307536447493416,10,0,830,0,0,0,0.0,0.1420154179354708,nan,0.21195932786037275
3.3000000000000003,self+cam,converge,0.13384029447557025,0.14029177126486303,0,0,,0,0.06354415106207713,0.11307536447493416,10,0,830,0,0,0,0.0,0.1420154179354708,nan,0.21195932786037275
3.35,self+cam,converge,0.13384029447557025,0.14029177126486303,0,0,,0,0.06354415106207713,0.11307536447493416,10,0,830,0,0,0,0.0,0.1420154179354708,nan,0.21195932786037275
3.4000000000000004,self+cam,converge,0.13384029447557025,0.14029177126486303,0,0,,0,0.06354415106207713,0.11307536447493416,10,0,830,0,0,0,0.0,0.1420154179354708,nan,0.21195932786037275
3.45,self+cam,converge,0.13384029447557025,0.14029177126486303,0,0,,0,0.06354415106207713,0.11307536447493416,10,0,830,0,0,0,0.0,0.1420154179354708,nan,0.21195932786037275
3.5,self+cam,converge,0.13384029447557025,0.14029177126486303,0,0,,0,0.06354415106207713,0.11307536447493416,10,0,830,0,0,0,0.0,0.1420154179354708,nan,0.21195932786037275
3.5500000000000003,self+cam,converge,0.13384029447557025,0.14029177126486303,0,0,,0,0.06354415106207713,0.11307536447493416,10,0,830,0,0,0,0.0,0.1420154179354708,nan,0.21195932786037275
3.6,self+cam,converge,0.13384029447557025,0.14029177126486303,0,0,,0,0.06354415106207713,0.11307536447493416,10,0,830,0,0,0,0.0,0.1420154179354708,nan,0.21195932786037275
3.6500000000000004,self+cam,converge,0.13384029447557025,0.14029177126486303,0,0,,0,0.06354415106207713,0.11307536447493416,10,0,830,0,0,0,0.0,0.1420154179354708,nan,0.21195932786037275
3.7,self+cam,converge,0.13384029447557025,0.14029177126486303,0,0,,0,0.06354415106207713,0.11307536447493416,10,0,830,0,0,0,0.0,0.1420154179354708,nan,0.21195932786037275
3.75,self+cam,converge,0.13384029447557025,0.14029177126486303,0,0,,0,0.06354415106207713,0.11307536447493416,10,0,830,0,0,0,0.0,0.1420154179354708,nan,0.21195932786037275
3.8000000000000003,self+cam,converge,0.13384029447557025,0.14029177126486303,0,0,,0,0.06354415106207713,0.11307536447493416,10,0,830,0,0,0,0.0,0.1420154179354708,nan,0.21195932786037275
3.85,self+cam,converge,0.13384029447557025,0.14029177126486303,0,0,,0,0.06354415106207713,0.11307536447493416,10,0,830,0,0,0,0.0,0.1420154179354708,nan,0.21195932786037275
3.9000000000000004,self+cam,converge,0.13384029447557025,0.14029177126486303,0,0,,0,0.06354415106207713,0.11307536447493416,10,0,830,0,0,0,0.0,0.1420154179354708,nan,0.21195932786037275
3.95,self+cam,converge,0.13384029447557025,0.14029177126486303,0,0,,0,0.06354415106207713,0.11307536447493416,10,0,830,0,0,0,0.0,0.1420154179354708,nan,0.21195932786037275
4.0,self+cam,converge,0.13384029447557025,0.14029177126486303,0,0,,0,0.06354415106207713,0.11307536447493416,10,0,830,0,0,0,0.0,0.1420154179354708,nan,0.21195932786037275
4.05,self+cam,converge,0.13384029447557025,0.14029177126486303,0,0,,0,0.06354415106207713,0.11307536447493416,10,0,830,0,0,0,0.0,0.1420154179354708,nan,0.21195932786037275
4.1000000000000005,self+cam,converge,0.13384029447557025,0.14029177126486303,0,0,,0,0.06354415106207713,0.11307536447493416,10,0,830,0,0,0,0.0,0.1420154179354708,nan,0.21195932786037275
4.15,self+cam,converge,0.13384029447557025,0.14029177126486303,0,0,,0,0.06354415106207713,0.11307536447493416,10,0,830,0,0,0,0.0,0.1420154179354708,nan,0.21195932786037275
4.2,self+cam,converge,0.13384029447557025,0.14029177126486303,0,0,,0,0.06354415106207713,0.11307536447493416,10,0,830,0,0,0,0.0,0.1420154179354708,nan,0.21195932786037275
4.25,self+cam,converge,0.13384029447557025,0.14029177126486303,0,0,,0,0.06354415106207713,0.11307536447493416,10,0,830,0,0,0,0.0,0.1420154179354708,nan,0.21195932786037275
4.3,self+cam,converge,0.13384029447557025,0.14029177126486303,0,0,,0,0.06354415106207713,0.11307536447493416,10,0,830,0,0,0,0.0,0.1420154179354708,nan,0.21195932786037275
4.3500000000000005,self+cam,converge,0.13384029447557025,0.14029177126486303,0,0,,0,0.06354415106207713,0.11307536447493416,10,0,830,0,0,0,0.0,0.1420154179354708,nan,0.21195932786037275
4.4,self+cam,converge,0.13384029447557025,0.14029177126486303,0,0,,0,0.06354415106207713,0.11307536447493416,10,0,830,0,0,0,0.0,0.1420154179354708,nan,0.21195932786037275
4.45,self+cam,converge,0.13384029447557025,0.14029177126486303,0,0,,0,0.06354415106207713,0.11307536447493416,10,0,830,0,0,0,0.0,0.1420154179354708,nan,0.21195932786037275
4.5,self+cam,converge,0.13384029447557025,0.14029177126486303,0,0,,0,0.06354415106207713,0.11307536447493416,10,0,830,0,0,0,0.0,0.1420154179354708,nan,0.21195932786037275
4.55,self+cam,converge,0.13384029447557025,0.14029177126486303,0,0,,0,0.06354415106207713,0.11307536447493416,10,0,830,0,0,0,0.0,0.1420154179354708,nan,0.21195932786037275
4.6000000000000005,self+cam,converge,0.13384029447557025,0.14029177126486303,0,0,,0,0.06354415106207713,0.11307536447493416,10,0,830,0,0,0,0.0,0.1420154179354708,nan,0.21195932786037275
4.65,self+cam,converge,0.13384029447557025,0.14029177126486303,0,0,,0,0.06354415106207713,0.11307536447493416,10,0,830,0,0,0,0.0,0.1420154179354708,nan,0.21195932786037275
4.7,self+cam,converge,0.13384029447557025,0.14029177126486303,0,0,,0,0.06354415106207713,0.11307536447493416,10,0,830,0,0,0,0.0,0.1420154179354708,nan,0.21195932786037275
4.75,self+cam,converge,0.13384029447557025,0.14029177126486303,0,0,,0,0.06354415106207713,0.11307536447493416,10,0,830,0,0,0,0.0,0.1420154179354708,nan,0.21195932786037275
4.800000000000001,self+cam,converge,0.13384029447557025,0.14029177126486303,0,0,,0,0.06354415106207713,0.11307536447493416,10,0,830,0,0,0,0.0,0.1420154179354708,nan,0.21195932786037275
4.8500000000000005,self+cam,converge,0.13384029447557025,0.14029177126486303,0,0,,0,0.06354415106207713,0.11307536447493416,10,0,830,0,0,0,0.0,0.1420154179354708,nan,0.21195932786037275
4.9,self+cam,converge,0.13384029447557025,0.14029177126486303,0,0,,0,0.06354415106207713,0.11307536447493416,10,0,830,0,0,0,0.0,0.1420154179354708,nan,0.21195932786037275
4.95,self+cam,converge,0.13384029447557025,0.14029177126486303,0,0,,0,0.06354415106207713,0.11307536447493416,10,0,830,0,0,0,0.0,0.1420154179354708,nan,0.21195932786037275
5.0,self+cam,converge,0.13384029447557025,0.14029177126486303,0,0,,0,0.06354415106207713,0.11307536447493416,10,0,830,0,0,0,0.0,0.1420154179354708,nan,0.21195932786037275
5.050000000000001,self+cam,converge,0.13384029447557025,0.14029177126486303,0,0,,0,0.06354415106207713,0.11307536447493416,10,0,830,0,0,0,0.0,0.1420154179354708,nan,0.21195932786037275
5.1000000000000005,self+cam,converge,0.13384029447557025,0.14029177126486303,0,0,,0,0.06354415106207713,0.11307536447493416,10,0,830,0,0,0,0.0,0.1420154179354708,nan,0.21195932786037275
5.15,self+cam,converge,0.13384029447557025,0.14029177126486303,0,0,,0,0.06354415106207713,0.11307536447493416,10,0,830,0,0,0,0.0,0.1420154179354708,nan,0.21195932786037275
5.2,self+cam,converge,0.13384029447557025,0.14029177126486303,0,0,,0,0.06354415106207713,0.11307536447493416,10,0,830,0,0,0,0.0,0.1420154179354708,nan,0.21195932786037275
5.25,self+cam,converge,0.13384029447557025,0.14029177126486303,0,0,,0,0.06354415106207713,0.11307536447493416,10,0,830,0,0,0,0.0,0.1420154179354708,nan,0.21195932786037275
5.300000000000001,self+cam,converge,0.13384029447557025,0.14029177126486303,0,0,,0,0.06354415106207713,0.11307536447493416,10,0,830,0,0,0,0.0,0.1420154179354708,nan,0.21195932786037275
5.3500000000000005,self+cam,converge,0.13384029447557025,0.14029177126486303,0,0,,0,0.06354415106207713,0.11307536447493416,10,0,830,0,0,0,0.0,0.1420154179354708,nan,0.21195932786037275
5.4,self+cam,converge,0.13384029447557025,0.14029177126486303,0,0,,0,0.06354415106207713,0.11307536447493416,10,0,830,0,0,0,0.0,0.1420154179354708,nan,0.21195932786037275
5.45,self+cam,converge,0.13384029447557025,0.14029177126486303,0,0,,0,0.06354415106207713,0.11307536447493416,10,0,830,0,0,0,0.0,0.1420154179354708,nan,0.21195932786037275
5.5,self+cam,converge,0.13384029447557025,0.14029177126486303,0,0,,0,0.06354415106207713,0.11307536447493416,10,0,830,0,0,0,0.0,0.1420154179354708,nan,0.21195932786037275
5.550000000000001,self+cam,converge,0.13384029447557025,0.14029177126486303,0,0,,0,0.06354415106207713,0.11307536447493416,10,0,830,0,0,0,0.0,0.1420154179354708,nan,0.21195932786037275
5.6000000000000005,self+cam,converge,0.13384029447557025,0.14029177126486303,0,0,,0,0.06354415106207713,0.11307536447493416,10,0,830,0,0,0,0.0,0.1420154179354708,nan,0.21195932786037275
5.65,self+cam,converge,0.13384029447557025,0.14029177126486303,0,0,,0,0.06354415106207713,0.11307536447493416,10,0,830,0,0,0,0.0,0.1420154179354708,nan,0.21195932786037275
5.7,self+cam,converge,0.13384029447557025,0.14029177126486303,0,0,,0,0.06354415106207713,0.11307536447493416,10,0,830,0,0,0,0.0,0.1420154179354708,nan,0.21195932786037275
5.75,self+cam,converge,0.13384029447557025,0.14029177126486303,0,0,,0,0.06354415106207713,0.11307536447493416,10,0,830,0,0,0,0.0,0.1420154179354708,nan,0.21195932786037275
5.800000000000001,self+cam,converge,0.13384029447557025,0.14029177126486303,0,0,,0,0.06354415106207713,0.11307536447493416,10,0,830,0,0,0,0.0,0.1420154179354708,nan,0.21195932786037275
5.8500000000000005,self+cam,converge,0.13384029447557025,0.14029177126486303,0,0,,0,0.06354415106207713,0.11307536447493416,10,0,830,0,0,0,0.0,0.1420154179354708,nan,0.21195932786037275
5.9,self+cam,converge,0.13384029447557025,0.14029177126486303,0,0,,0,0.06354415106207713,0.11307536447493416,10,0,830,0,0,0,0.0,0.1420154179354708,nan,0.21195932786037275
5.95,self+cam,converge,0.13384029447557025,0.14029177126486303,0,0,,0,0.06354415106207713,0.11307536447493416,10,0,830,0,0,0,0.0,0.1420154179354708,nan,0.21195932786037275
6.0,self+cam,converge,0.13384029447557025,0.14029177126486303,0,0,,0,0.06354415106207713,0.11307536447493416,10,0,830,0,0,0,0.0,0.1420154179354708,nan,0.21195932786037275
6.050000000000001,self+cam,converge,0.13384029447557025,0.14029177126486303,0,0,,0,0.06354415106207713,0.11307536447493416,10,0,830,0,0,0,0.0,0.1420154179354708,nan,0.21195932786037275
6.1000000000000005,self+cam,converge,0.13384029447557025,0.14029177126486303,0,0,,0,0.06354415106207713,0.11307536447493416,10,0,830,0,0,0,0.0,0.1420154179354708,nan,0.21195932786037275
6.15,self+cam,converge,0.13384029447557025,0.14029177126486303,0,0,,0,0.06354415106207713,0.11307536447493416,10,0,830,0,0,0,0.0,0.1420154179354708,nan,0.21195932786037275
6.2,self+cam,converge,0.13384029447557025,0.14029177126486303,0,0,,0,0.06354415106207713,0.11307536447493416,10,0,830,0,0,0,0.0,0.1420154179354708,nan,0.21195932786037275
6.25,self+cam,converge,0.13384029447557025,0.14029177126486303,0,0,,0,0.06354415106207713,0.11307536447493416,10,0,830,0,0,0,0.0,0.1420154179354708,nan,0.21195932786037275
6.300000000000001,self+cam,converge,0.13384029447557025,0.14029177126486303,0,0,,0,0.06354415106207713,0.11307536447493416,10,0,830,0,0,0,0.0,0.1420154179354708,nan,0.21195932786037275
6.3500000000000005,self+cam,converge,0.13384029447557025,0.14029177126486303,0,0,,0,0.06354415106207713,0.11307536447493416,10,0,830,0,0,0,0.0,0.1420154179354708,nan,0.21195932786037275
6.4,self+cam,converge,0.13384029447557025,0.14029177126486303,0,0,,0,0.06354415106207713,0.11307536447493416,10,0,830,0,0,0,0.0,0.1420154179354708,nan,0.21195932786037275
6.45,self+cam,converge,0.13384029447557025,0.14029177126486303,0,0,,0,0.06354415106207713,0.11307536447493416,10,0,830,0,0,0,0.0,0.1420154179354708,nan,0.21195932786037275
6.5,self+cam,converge,0.13384029447557025,0.14029177126486303,0,0,,0,0.06354415106207713,0.11307536447493416,10,0,830,0,0,0,0.0,0.1420154179354708,nan,0.21195932786037275
6.550000000000001,self+cam,converge,0.13384029447557025,0.14029177126486303,0,0,,0,0.06354415106207713,0.11307536447493416,10,0,830,0,0,0,0.0,0.1420154179354708,nan,0.21195932786037275
6.6000000000000005,self+cam,converge,0.13384029447557025,0.14029177126486303,0,0,,0,0.06354415106207713,0.11307536447493416,10,0,830,0,0,0,0.0,0.1420154179354708,nan,0.21195932786037275
6.65,self+cam,converge,0.13384029447557025,0.14029177126486303,0,0,,0,0.06354415106207713,0.11307536447493416,10,0,830,0,0,0,0.0,0.1420154179354708,nan,0.21195932786037275
6.7,self+cam,converge,0.13384029447557025,0.14029177126486303,0,0,,0,0.06354415106207713,0.11307536447493416,10,0,830,0,0,0,0.0,0.1420154179354708,nan,0.21195932786037275
6.75,self+cam,converge,0.13384029447557025,0.14029177126486303,0,0,,0,0.06354415106207713,0.11307536447493416,10,0,830,0,0,0,0.0,0.1420154179354708,nan,0.21195932786037275
6.800000000000001,self+cam,converge,0.13384029447557025,0.14029177126486303,0,0,,0,0.06354415106207713,0.11307536447493416,10,0,830,0,0,0,0.0,0.1420154179354708,nan,0.21195932786037275
6.8500000000000005,self+cam,converge,0.13384029447557025,0.14029177126486303,0,0,,0,0.06354415106207713,0.11307536447493416,10,0,830,0,0,0,0.0,0.1420154179354708,nan,0.21195932786037275
6.9,self+cam,converge,0.13384029447557025,0.14029177126486303,0,0,,0,0.06354415106207713,0.11307536447493416,10,0,830,0,0,0,0.0,0.1420154179354708,nan,0.21195932786037275
6.95,self+cam,converge,0.13384029447557025,0.14029177126486303,0,0,,0,0.06354415106207713,0.11307536447493416,10,0,830,0,0,0,0.0,0.1420154179354708,nan,0.21195932786037275
7.0,self+cam,converge,0.13384029447557025,0.14029177126486303,0,0,,0,0.06354415106207713,0.11307536447493416,10,0,830,0,0,0,0.0,0.1420154179354708,nan,0.21195932786037275
7.050000000000001,self+cam,converge,0.13384029447557025,0.14029177126486303,0,0,,0,0.06354415106207713,0.11307536447493416,10,0,830,0,0,0,0.0,0.1420154179354708,nan,0.21195932786037275
7.1000000000000005,self+cam,converge,0.13384029447557025,0.14029177126486303,0,0,,0,0.06354415106207713,0.11307536447493416,10,0,830,0,0,0,0.0,0.1420154179354708,nan,0.21195932786037275
7.15,self+cam,converge,0.13384029447557025,0.14029177126486303,0,0,,0,0.06354415106207713,0.11307536447493416,10,0,830,0,0,0,0.0,0.1420154179354708,nan,0.21195932786037275
7.2,self+cam,converge,0.13384029447557025,0.14029177126486303,0,0,,0,0.06354415106207713,0.11307536447493416,10,0,830,0,0,0,0.0,0.1420154179354708,nan,0.21195932786037275
7.25,self+cam,converge,0.13384029447557025,0.14029177126486303,0,0,,0,0.06354415106207713,0.11307536447493416,10,0,830,0,0,0,0.0,0.1420154179354708,nan,0.21195932786037275
7.300000000000001,self+cam,converge,0.13384029447557025,0.14029177126486303,0,0,,0,0.06354415106207713,0.11307536447493416,10,0,830,0,0,0,0.0,0.1420154179354708,nan,0.21195932786037275
7.3500000000000005,self+cam,converge,0.13384029447557025,0.14029177126486303,0,0,,0,0.06354415106207713,0.11307536447493416,10,0,830,0,0,0,0.0,0.1420154179354708,nan,0.21195932786037275
7.4,self+cam,converge,0.13384029447557025,0.14029177126486303,0,0,,0,0.06354415106207713,0.11307536447493416,10,0,830,0,0,0,0.0,0.1420154179354708,nan,0.21195932786037275
7.45,self+cam,converge,0.13384029447557025,0.14029177126486303,0,0,,0,0.06354415106207713,0.11307536447493416,10,0,830,0,0,0,0.0,0.1420154179354708,nan,0.21195932786037275
7.5,self+cam,converge,0.13384029447557025,0.14029177126486303,0,0,,0,0.06354415106207713,0.11307536447493416,10,0,830,0,0,0,0.0,0.1420154179354708,nan,0.21195932786037275
7.550000000000001,self+cam,converge,0.13384029447557025,0.14029177126486303,0,0,,0,0.06354415106207713,0.11307536447493416,10,0,830,0,0,0,0.0,0.1420154179354708,nan,0.21195932786037275
7.6000000000000005,self+cam,converge,0.13384029447557025,0.14029177126486303,0,0,,0,0.06354415106207713,0.11307536447493416,10,0,830,0,0,0,0.0,0.1420154179354708,nan,0.21195932786037275
7.65,self+cam,converge,0.13384029447557025,0.14029177126486303,0,0,,0,0.06354415106207713,0.11307536447493416,10,0,830,0,0,0,0.0,0.1420154179354708,nan,0.21195932786037275
7.7,self+cam,converge,0.13384029447557025,0.14029177126486303,0,0,,0,0.06354415106207713,0.11307536447493416,10,0,830,0,0,0,0.0,0.1420154179354708,nan,0.21195932786037275
7.75,self+cam,converge,0.13384029447557025,0.14029177126486303,0,0,,0,0.06354415106207713,0.11307536447493416,10,0,830,0,0,0,0.0,0.1420154179354708,nan,0.21195932786037275
7.800000000000001,self+cam,converge,0.13384029447557025,0.14029177126486303,0,0,,0,0.06354415106207713,0.11307536447493416,10,0,830,0,0,0,0.0,0.1420154179354708,nan,0.21195932786037275
7.8500000000000005,self+cam,converge,0.13384029447557025,0.14029177126486303,0,0,,0,0.06354415106207713,0.11307536447493416,10,0,830,0,0,0,0.0,0.1420154179354708,nan,0.21195932786037275
7.9,self+cam,converge,0.13384029447557025,0.14029177126486303,0,0,,0,0.06354415106207713,0.11307536447493416,10,0,830,0,0,0,0.0,0.1420154179354708,nan,0.21195932786037275
7.95,self+cam,converge,0.13384029447557025,0.14029177126486303,0,0,,0,0.06354415106207713,0.11307536447493416,10,0,830,0,0,0,0.0,0.1420154179354708,nan,0.21195932786037275
8.0,self+cam,converge,0.13384029447557025,0.14029177126486303,0,0,,0,0.06354415106207713,0.11307536447493416,10,0,830,0,0,0,0.0,0.1420154179354708,nan,0.21195932786037275
8.05,self+cam,converge,0.13384029447557025,0.14029177126486303,0,0,,0,0.06354415106207713,0.11307536447493416,10,0,830,0,0,0,0.0,0.1420154179354708,nan,0.21195932786037275
8.1,self+cam,converge,0.13384029447557025,0.14029177126486303,0,0,,0,0.06354415106207713,0.11307536447493416,10,0,830,0,0,0,0.0,0.1420154179354708,nan,0.21195932786037275
8.15,self+cam,converge,0.13384029447557025,0.14029177126486303,0,0,,0,0.06354415106207713,0.11307536447493416,10,0,830,0,0,0,0.0,0.1420154179354708,nan,0.21195932786037275
8.200000000000001,self+cam,converge,0.13384029447557025,0.14029177126486303,0,0,,0,0.06354415106207713,0.11307536447493416,10,0,830,0,0,0,0.0,0.1420154179354708,nan,0.21195932786037275
8.25,self+cam,converge,0.13384029447557025,0.14029177126486303,0,0,,0,0.06354415106207713,0.11307536447493416,10,0,830,0,0,0,0.0,0.1420154179354708,nan,0.21195932786037275
8.3,self+cam,converge,0.13384029447557025,0.14029177126486303,0,0,,0,0.06354415106207713,0.11307536447493416,10,0,830,0,0,0,0.0,0.1420154179354708,nan,0.21195932786037275
8.35,self+cam,converge,0.13384029447557025,0.14029177126486303,0,0,,0,0.06354415106207713,0.11307536447493416,10,0,830,0,0,0,0.0,0.1420154179354708,nan,0.21195932786037275
8.4,self+cam,converge,0.13384029447557025,0.14029177126486303,0,0,,0,0.06354415106207713,0.11307536447493416,10,0,830,0,0,0,0.0,0.1420154179354708,nan,0.21195932786037275
8.450000000000001,self+cam,converge,0.13384029447557025,0.14029177126486303,0,0,,0,0.06354415106207713,0.11307536447493416,10,0,830,0,0,0,0.0,0.1420154179354708,nan,0.21195932786037275
8.5,self+cam,converge,0.13384029447557025,0.14029177126486303,0,0,,0,0.06354415106207713,0.11307536447493416,10,0,830,0,0,0,0.0,0.1420154179354708,nan,0.21195932786037275
8.55,self+cam,converge,0.13384029447557025,0.14029177126486303,0,0,,0,0.06354415106207713,0.11307536447493416,10,0,830,0,0,0,0.0,0.1420154179354708,nan,0.21195932786037275
8.6,self+cam,converge,0.13384029447557025,0.14029177126486303,0,0,,0,0.06354415106207713,0.11307536447493416,10,0,830,0,0,0,0.0,0.1420154179354708,nan,0.21195932786037275
8.65,self+cam,converge,0.13384029447557025,0.14029177126486303,0,0,,0,0.06354415106207713,0.11307536447493416,10,0,830,0,0,0,0.0,0.1420154179354708,nan,0.21195932786037275
8.700000000000001,self+cam,converge,0.13384029447557025,0.14029177126486303,0,0,,0,0.06354415106207713,0.11307536447493416,10,0,830,0,0,0,0.0,0.1420154179354708,nan,0.21195932786037275
8.75,self+cam,converge,0.13384029447557025,0.14029177126486303,0,0,,0,0.06354415106207713,0.11307536447493416,10,0,830,0,0,0,0.0,0.1420154179354708,nan,0.21195932786037275
8.8,self+cam,converge,0.13384029447557025,0.14029177126486303,0,0,,0,0.06354415106207713,0.11307536447493416,10,0,830,0,0,0,0.0,0.1420154179354708,nan,0.21195932786037275
8.85,self+cam,converge,0.13384029447557025,0.14029177126486303,0,0,,0,0.06354415106207713,0.11307536447493416,10,0,830,0,0,0,0.0,0.1420154179354708,nan,0.21195932786037275
8.9,self+cam,converge,0.13384029447557025,0.14029177126486303,0,0,,0,0.06354415106207713,0.11307536447493416,10,0,830,0,0,0,0.0,0.1420154179354708,nan,0.21195932786037275
8.950000000000001,self+cam,converge,0.13384029447557025,0.14029177126486303,0,0,,0,0.06354415106207713,0.11307536447493416,10,0,830,0,0,0,0.0,0.1420154179354708,nan,0.21195932786037275
9.0,self+cam,converge,0.13384029447557025,0.14029177126486303,0,0,,0,0.06354415106207713,0.11307536447493416,10,0,830,0,0,0,0.0,0.1420154179354708,nan,0.21195932786037275
9.05,self+cam,converge,0.13384029447557025,0.14029177126486303,0,0,,0,0.06354415106207713,0.11307536447493416,10,0,830,0,0,0,0.0,0.1420154179354708,nan,0.21195932786037275
9.1,self+cam,converge,0.13384029447557025,0.14029177126486303,0,0,,0,0.06354415106207713,0.11307536447493416,10,0,830,0,0,0,0.0,0.1420154179354708,nan,0.21195932786037275
9.15,self+cam,converge,0.13384029447557025,0.14029177126486303,0,0,,0,0.06354415106207713,0.11307536447493416,10,0,830,0,0,0,0.0,0.1420154179354708,nan,0.21195932786037275
9.200000000000001,self+cam,converge,0.13384029447557025,0.14029177126486303,0,0,,0,0.06354415106207713,0.11307536447493416,10,0,830,0,0,0,0.0,0.1420154179354708,nan,0.21195932786037275
9.25,self+cam,converge,0.13384029447557025,0.14029177126486303,0,0,,0,0.06354415106207713,0.11307536447493416,10,0,830,0,0,0,0.0,0.1420154179354708,nan,0.21195932786037275
9.3,self+cam,converge,0.13384029447557025,0.14029177126486303,0,0,,0,0.06354415106207713,0.11307536447493416,10,0,830,0,0,0,0.0,0.1420154179354708,nan,0.21195932786037275
9.35,self+cam,converge,0.13384029447557025,0.14029177126486303,0,0,,0,0.06354415106207713,0.11307536447493416,10,0,830,0,0,0,0.0,0.1420154179354708,nan,0.21195932786037275
9.4,self+cam,converge,0.13384029447557025,0.14029177126486303,0,0,,0,0.06354415106207713,0.11307536447493416,10,0,830,0,0,0,0.0,0.1420154179354708,nan,0.21195932786037275
9.450000000000001,self+cam,converge,0.13384029447557025,0.14029177126486303,0,0,,0,0.06354415106207713,0.11307536447493416,10,0,830,0,0,0,0.0,0.1420154179354708,nan,0.21195932786037275
9.5,self+cam,converge,0.13384029447557025,0.14029177126486303,0,0,,0,0.06354415106207713,0.11307536447493416,10,0,830,0,0,0,0.0,0.1420154179354708,nan,0.21195932786037275
9.55,self+cam,converge,0.13384029447557025,0.14029177126486303,0,0,,0,0.06354415106207713,0.11307536447493416,10,0,830,0,0,0,0.0,0.1420154179354708,nan,0.21195932786037275
9.600000000000001,self+cam,converge,0.13384029447557025,0.14029177126486303,0,0,,0,0.06354415106207713,0.11307536447493416,10,0,830,0,0,0,0.0,0.1420154179354708,nan,0.21195932786037275
9.65,self+cam,converge,0.13384029447557025,0.14029177126486303,0,0,,0,0.06354415106207713,0.11307536447493416,10,0,830,0,0,0,0.0,0.1420154179354708,nan,0.21195932786037275
9.700000000000001,self+cam,converge,0.13384029447557025,0.14029177126486303,0,0,,0,0.06354415106207713,0.11307536447493416,10,0,830,0,0,0,0.0,0.1420154179354708,nan,0.21195932786037275
9.75,self+cam,converge,0.13384029447557025,0.14029177126486303,0,0,,0,0.06354415106207713,0.11307536447493416,10,0,830,0,0,0,0.0,0.1420154179354708,nan,0.21195932786037275
9.8,self+cam,converge,0.13384029447557025,0.14029177126486303,0,0,,0,0.06354415106207713,0.11307536447493416,10,0,830,0,0,0,0.0,0.1420154179354708,nan,0.21195932786037275
9.850000000000001,self+cam,converge,0.13384029447557025,0.14029177126486303,0,0,,0,0.06354415106207713,0.11307536447493416,10,0,830,0,0,0,0.0,0.1420154179354708,nan,0.21195932786037275
9.9,self+cam,converge,0.13384029447557025,0.14029177126486303,0,0,,0,0.06354415106207713,0.11307536447493416,10,0,830,0,0,0,0.0,0.1420154179354708,nan,0.21195932786037275
9.950000000000001,self+cam,converge,0.13384029447557025,0.14029177126486303,0,0,,0,0.06354415106207713,0.11307536447493416,10,0,830,0,0,0,0.0,0.1420154179354708,nan,0.21195932786037275
10.0,self+cam,converge,0.13384029447557025,0.14029177126486303,0,0,,0,0.06354415106207713,0.11307536447493416,10,0,830,0,0,0,0.0,0.1420154179354708,nan,0.21195932786037275
10.05,self+cam,converge,0.13384029447557025,0.14029177126486303,0,0,,0,0.06354415106207713,0.11307536447493416,10,0,830,0,0,0,0.0,0.1420154179354708,nan,0.21195932786037275
10.100000000000001,self+cam,converge,0.13384029447557025,0.14029177126486303,0,0,,0,0.06354415106207713,0.11307536447493416,10,0,830,0,0,0,0.0,0.1420154179354708,nan,0.21195932786037275
10.15,self+cam,converge,0.13384029447557025,0.14029177126486303,0,0,,0,0.06354415106207713,0.11307536447493416,10,0,830,0,0,0,0.0,0.1420154179354708,nan,0.21195932786037275
10.200000000000001,self+cam,converge,0.13384029447557025,0.14029177126486303,0,0,,0,0.06354415106207713,0.11307536447493416,10,0,830,0,0,0,0.0,0.1420154179354708,nan,0.21195932786037275
10.25,self+cam,converge,0.13384029447557025,0.14029177126486303,0,0,,0,0.06354415106207713,0.11307536447493416,10,0,830,0,0,0,0.0,0.1420154179354708,nan,0.21195932786037275
10.3,self+cam,converge,0.13384029447557025,0.14029177126486303,0,0,,0,0.06354415106207713,0.11307536447493416,10,0,830,0,0,0,0.0,0.1420154179354708,nan,0.21195932786037275
10.350000000000001,self+cam,converge,0.13384029447557025,0.14029177126486303,0,0,,0,0.06354415106207713,0.11307536447493416,10,0,830,0,0,0,0.0,0.1420154179354708,nan,0.21195932786037275
10.4,self+cam,converge,0.13384029447557025,0.14029177126486303,0,0,,0,0.06354415106207713,0.11307536447493416,10,0,830,0,0,0,0.0,0.1420154179354708,nan,0.21195932786037275
10.450000000000001,self+cam,converge,0.13384029447557025,0.14029177126486303,0,0,,0,0.06354415106207713,0.11307536447493416,10,0,830,0,0,0,0.0,0.1420154179354708,nan,0.21195932786037275
10.5,self+cam,converge,0.13384029447557025,0.14029177126486303,0,0,,0,0.06354415106207713,0.11307536447493416,10,0,830,0,0,0,0.0,0.1420154179354708,nan,0.21195932786037275
10.55,self+cam,converge,0.13384029447557025,0.14029177126486303,0,0,,0,0.06354415106207713,0.11307536447493416,10,0,830,0,0,0,0.0,0.1420154179354708,nan,0.21195932786037275
10.600000000000001,self+cam,converge,0.13384029447557025,0.14029177126486303,0,0,,0,0.06354415106207713,0.11307536447493416,10,0,830,0,0,0,0.0,0.1420154179354708,nan,0.21195932786037275
10.65,self+cam,converge,0.13384029447557025,0.14029177126486303,0,0,,0,0.06354415106207713,0.11307536447493416,10,0,830,0,0,0,0.0,0.1420154179354708,nan,0.21195932786037275
10.700000000000001,self+cam,converge,0.13384029447557025,0.14029177126486303,0,0,,0,0.06354415106207713,0.11307536447493416,10,0,830,0,0,0,0.0,0.1420154179354708,nan,0.21195932786037275
10.75,self+cam,converge,0.13384029447557025,0.14029177126486303,0,0,,0,0.06354415106207713,0.11307536447493416,10,0,830,0,0,0,0.0,0.1420154179354708,nan,0.21195932786037275
10.8,self+cam,converge,0.13384029447557025,0.14029177126486303,0,0,,0,0.06354415106207713,0.11307536447493416,10,0,830,0,0,0,0.0,0.1420154179354708,nan,0.21195932786037275
10.850000000000001,self+cam,converge,0.13384029447557025,0.14029177126486303,0,0,,0,0.06354415106207713,0.11307536447493416,10,0,830,0,0,0,0.0,0.1420154179354708,nan,0.21195932786037275
10.9,self+cam,converge,0.13384029447557025,0.14029177126486303,0,0,,0,0.06354415106207713,0.11307536447493416,10,0,830,0,0,0,0.0,0.1420154179354708,nan,0.21195932786037275
10.950000000000001,self+cam,converge,0.13384029447557025,0.14029177126486303,0,0,,0,0.06354415106207713,0.11307536447493416,10,0,830,0,0,0,0.0,0.1420154179354708,nan,0.21195932786037275
11.0,self+cam,converge,0.13384029447557025,0.14029177126486303,0,0,,0,0.06354415106207713,0.11307536447493416,10,0,830,0,0,0,0.0,0.1420154179354708,nan,0.21195932786037275
11.05,self+cam,converge,0.13384029447557025,0.14029177126486303,0,0,,0,0.06354415106207713,0.11307536447493416,10,0,830,0,0,0,0.0,0.1420154179354708,nan,0.21195932786037275
11.100000000000001,self+cam,converge,0.13384029447557025,0.14029177126486303,0,0,,0,0.06354415106207713,0.11307536447493416,10,0,830,0,0,0,0.0,0.1420154179354708,nan,0.21195932786037275
11.15,self+cam,converge,0.13384029447557025,0.14029177126486303,0,0,,0,0.06354415106207713,0.11307536447493416,10,0,830,0,0,0,0.0,0.1420154179354708,nan,0.21195932786037275
11.200000000000001,self+cam,converge,0.13384029447557025,0.14029177126486303,0,0,,0,0.06354415106207713,0.11307536447493416,10,0,830,0,0,0,0.0,0.1420154179354708,nan,0.21195932786037275
11.25,self+cam,converge,0.13384029447557025,0.14029177126486303,0,0,,0,0.06354415106207713,0.11307536447493416,10,0,830,0,0,0,0.0,0.1420154179354708,nan,0.21195932786037275
11.3,self+cam,converge,0.13384029447557025,0.14029177126486303,0,0,,0,0.06354415106207713,0.11307536447493416,10,0,830,0,0,0,0.0,0.1420154179354708,nan,0.21195932786037275
11.350000000000001,self+cam,converge,0.13384029447557025,0.14029177126486303,0,0,,0,0.06354415106207713,0.11307536447493416,10,0,830,0,0,0,0.0,0.1420154179354708,nan,0.21195932786037275
11.4,self+cam,converge,0.13384029447557025,0.14029177126486303,0,0,,0,0.06354415106207713,0.11307536447493416,10,0,830,0,0,0,0.0,0.1420154179354708,nan,0.21195932786037275
11.450000000000001,self+cam,converge,0.13384029447557025,0.14029177126486303,0,0,,0,0.06354415106207713,0.11307536447493416,10,0,830,0,0,0,0.0,0.1420154179354708,nan,0.21195932786037275
11.5,self+cam,converge,0.13384029447557025,0.14029177126486303,0,0,,0,0.06354415106207713,0.11307536447493416,10,0,830,0,0,0,0.0,0.1420154179354708,nan,0.21195932786037275
11.55,self+cam,converge,0.13384029447557025,0.14029177126486303,0,0,,0,0.06354415106207713,0.11307536447493416,10,0,830,0,0,0,0.0,0.1420154179354708,nan,0.21195932786037275
11.600000000000001,self+cam,converge,0.13384029447557025,0.14029177126486303,0,0,,0,0.06354415106207713,0.11307536447493416,10,0,830,0,0,0,0.0,0.1420154179354708,nan,0.21195932786037275
11.65,self+cam,converge,0.13384029447557025,0.14029177126486303,0,0,,0,0.06354415106207713,0.11307536447493416,10,0,830,0,0,0,0.0,0.1420154179354708,nan,0.21195932786037275
11.700000000000001,self+cam,converge,0.13384029447557025,0.14029177126486303,0,0,,0,0.06354415106207713,0.11307536447493416,10,0,830,0,0,0,0.0,0.1420154179354708,nan,0.21195932786037275
11.75,self+cam,converge,0.13384029447557025,0.14029177126486303,0,0,,0,0.06354415106207713,0.11307536447493416,10,0,830,0,0,0,0.0,0.1420154179354708,nan,0.21195932786037275
11.8,self+cam,converge,0.13384029447557025,0.14029177126486303,0,0,,0,0.06354415106207713,0.11307536447493416,10,0,830,0,0,0,0.0,0.1420154179354708,nan,0.21195932786037275
11.850000000000001,self+cam,converge,0.13384029447557025,0.14029177126486303,0,0,,0,0.06354415106207713,0.11307536447493416,10,0,830,0,0,0,0.0,0.1420154179354708,nan,0.21195932786037275
11.9,self+cam,converge,0.13384029447557025,0.14029177126486303,0,0,,0,0.06354415106207713,0.11307536447493416,10,0,830,0,0,0,0.0,0.1420154179354708,nan,0.21195932786037275
11.950000000000001,self+cam,converge,0.13384029447557025,0.14029177126486303,0,0,,0,0.06354415106207713,0.11307536447493416,10,0,830,0,0,0,0.0,0.1420154179354708,nan,0.21195932786037275
12.0,self+cam,converge,0.13384029447557025,0.14029177126486303,0,0,,0,0.06354415106207713,0.11307536447493416,10,0,830,0,0,0,0.0,0.1420154179354708,nan,0.21195932786037275
12.05,self+cam,converge,0.13384029447557025,0.14029177126486303,0,0,,0,0.06354415106207713,0.11307536447493416,10,0,830,0,0,0,0.0,0.1420154179354708,nan,0.21195932786037275
12.100000000000001,self+cam,converge,0.13384029447557025,0.14029177126486303,0,0,,0,0.06354415106207713,0.11307536447493416,10,0,830,0,0,0,0.0,0.1420154179354708,nan,0.21195932786037275
12.15,self+cam,converge,0.13384029447557025,0.14029177126486303,0,0,,0,0.06354415106207713,0.11307536447493416,10,0,830,0,0,0,0.0,0.1420154179354708,nan,0.21195932786037275
12.200000000000001,self+cam,converge,0.13384029447557025,0.14029177126486303,0,0,,0,0.06354415106207713,0.11307536447493416,10,0,830,0,0,0,0.0,0.1420154179354708,nan,0.21195932786037275
12.25,self+cam,converge,0.13384029447557025,0.14029177126486303,0,0,,0,0.06354415106207713,0.11307536447493416,10,0,830,0,0,0,0.0,0.1420154179354708,nan,0.21195932786037275
12.3,self+cam,converge,0.13384029447557025,0.14029177126486303,0,0,,0,0.06354415106207713,0.11307536447493416,10,0,830,0,0,0,0.0,0.1420154179354708,nan,0.21195932786037275
12.350000000000001,self+cam,converge,0.13384029447557025,0.14029177126486303,0,0,,0,0.06354415106207713,0.11307536447493416,10,0,830,0,0,0,0.0,0.1420154179354708,nan,0.21195932786037275
12.4,self+cam,converge,0.13384029447557025,0.14029177126486303,0,0,,0,0.06354415106207713,0.11307536447493416,10,0,830,0,0,0,0.0,0.1420154179354708,nan,0.21195932786037275
12.450000000000001,self+cam,converge,0.13384029447557025,0.14029177126486303,0,0,,0,0.06354415106207713,0.11307536447493416,10,0,830,0,0,0,0.0,0.1420154179354708,nan,0.21195932786037275
12.5,self+cam,converge,0.13384029447557025,0.14029177126486303,0,0,,0,0.06354415106207713,0.11307536447493416,10,0,830,0,0,0,0.0,0.1420154179354708,nan,0.21195932786037275
12.55,self+cam,converge,0.13384029447557025,0.14029177126486303,0,0,,0,0.06354415106207713,0.11307536447493416,10,0,830,0,0,0,0.0,0.1420154179354708,nan,0.21195932786037275
12.600000000000001,self+cam,converge,0.13384029447557025,0.14029177126486303,0,0,,0,0.06354415106207713,0.11307536447493416,10,0,830,0,0,0,0.0,0.1420154179354708,nan,0.21195932786037275
12.65,self+cam,converge,0.13384029447557025,0.14029177126486303,0,0,,0,0.06354415106207713,0.11307536447493416,10,0,830,0,0,0,0.0,0.1420154179354708,nan,0.21195932786037275
12.700000000000001,self+cam,converge,0.13384029447557025,0.14029177126486303,0,0,,0,0.06354415106207713,0.11307536447493416,10,0,830,0,0,0,0.0,0.1420154179354708,nan,0.21195932786037275
12.75,self+cam,converge,0.13384029447557025,0.14029177126486303,0,0,,0,0.06354415106207713,0.11307536447493416,10,0,830,0,0,0,0.0,0.1420154179354708,nan,0.21195932786037275
12.8,self+cam,converge,0.13384029447557025,0.14029177126486303,0,0,,0,0.06354415106207713,0.11307536447493416,10,0,830,0,0,0,0.0,0.1420154179354708,nan,0.21195932786037275
12.850000000000001,self+cam,converge,0.13384029447557025,0.14029177126486303,0,0,,0,0.06354415106207713,0.11307536447493416,10,0,830,0,0,0,0.0,0.1420154179354708,nan,0.21195932786037275
12.9,self+cam,converge,0.13384029447557025,0.14029177126486303,0,0,,0,0.06354415106207713,0.11307536447493416,10,0,830,0,0,0,0.0,0.1420154179354708,nan,0.21195932786037275
12.950000000000001,self+cam,converge,0.13384029447557025,0.14029177126486303,0,0,,0,0.06354415106207713,0.11307536447493416,10,0,830,0,0,0,0.0,0.1420154179354708,nan,0.21195932786037275
13.0,self+cam,converge,0.13384029447557025,0.14029177126486303,0,0,,0,0.06354415106207713,0.11307536447493416,10,0,830,0,0,0,0.0,0.1420154179354708,nan,0.21195932786037275
13.05,self+cam,converge,0.13384029447557025,0.14029177126486303,0,0,,0,0.06354415106207713,0.11307536447493416,10,0,830,0,0,0,0.0,0.1420154179354708,nan,0.21195932786037275
13.100000000000001,self+cam,converge,0.13384029447557025,0.14029177126486303,0,0,,0,0.06354415106207713,0.11307536447493416,10,0,830,0,0,0,0.0,0.1420154179354708,nan,0.21195932786037275
13.15,self+cam,converge,0.13384029447557025,0.14029177126486303,0,0,,0,0.06354415106207713,0.11307536447493416,10,0,830,0,0,0,0.0,0.1420154179354708,nan,0.21195932786037275
13.200000000000001,self+cam,converge,0.13384029447557025,0.14029177126486303,0,0,,0,0.06354415106207713,0.11307536447493416,10,0,830,0,0,0,0.0,0.1420154179354708,nan,0.21195932786037275
13.25,self+cam,converge,0.13384029447557025,0.14029177126486303,0,0,,0,0.06354415106207713,0.11307536447493416,10,0,830,0,0,0,0.0,0.1420154179354708,nan,0.21195932786037275
13.3,self+cam,converge,0.13384029447557025,0.14029177126486303,0,0,,0,0.06354415106207713,0.11307536447493416,10,0,830,0,0,0,0.0,0.1420154179354708,nan,0.21195932786037275
13.350000000000001,self+cam,converge,0.13384029447557025,0.14029177126486303,0,0,,0,0.06354415106207713,0.11307536447493416,10,0,830,0,0,0,0.0,0.1420154179354708,nan,0.21195932786037275
13.4,self+cam,converge,0.13384029447557025,0.14029177126486303,0,0,,0,0.06354415106207713,0.11307536447493416,10,0,830,0,0,0,0.0,0.1420154179354708,nan,0.21195932786037275
13.450000000000001,self+cam,converge,0.13384029447557025,0.14029177126486303,0,0,,0,0.06354415106207713,0.11307536447493416,10,0,830,0,0,0,0.0,0.1420154179354708,nan,0.21195932786037275
13.5,self+cam,converge,0.13384029447557025,0.14029177126486303,0,0,,0,0.06354415106207713,0.11307536447493416,10,0,830,0,0,0,0.0,0.1420154179354708,nan,0.21195932786037275
13.55,self+cam,converge,0.13384029447557025,0.14029177126486303,0,0,,0,0.06354415106207713,0.11307536447493416,10,0,830,0,0,0,0.0,0.1420154179354708,nan,0.21195932786037275
13.600000000000001,self+cam,converge,0.13384029447557025,0.14029177126486303,0,0,,0,0.06354415106207713,0.11307536447493416,10,0,830,0,0,0,0.0,0.1420154179354708,nan,0.21195932786037275
13.65,self+cam,converge,0.13384029447557025,0.14029177126486303,0,0,,0,0.06354415106207713,0.11307536447493416,10,0,830,0,0,0,0.0,0.1420154179354708,nan,0.21195932786037275
13.700000000000001,self+cam,converge,0.13384029447557025,0.14029177126486303,0,0,,0,0.06354415106207713,0.11307536447493416,10,0,830,0,0,0,0.0,0.1420154179354708,nan,0.21195932786037275
13.75,self+cam,converge,0.13384029447557025,0.14029177126486303,0,0,,0,0.06354415106207713,0.11307536447493416,10,0,830,0,0,0,0.0,0.1420154179354708,nan,0.21195932786037275
13.8,self+cam,converge,0.13384029447557025,0.14029177126486303,0,0,,0,0.06354415106207713,0.11307536447493416,10,0,830,0,0,0,0.0,0.1420154179354708,nan,0.21195932786037275
13.850000000000001,self+cam,converge,0.13384029447557025,0.14029177126486303,0,0,,0,0.06354415106207713,0.11307536447493416,10,0,830,0,0,0,0.0,0.1420154179354708,nan,0.21195932786037275
13.9,self+cam,converge,0.13384029447557025,0.14029177126486303,0,0,,0,0.06354415106207713,0.11307536447493416,10,0,830,0,0,0,0.0,0.1420154179354708,nan,0.21195932786037275
13.950000000000001,self+cam,converge,0.13384029447557025,0.14029177126486303,0,0,,0,0.06354415106207713,0.11307536447493416,10,0,830,0,0,0,0.0,0.1420154179354708,nan,0.21195932786037275
14.0,self+cam,converge,0.13384029447557025,0.14029177126486303,0,0,,0,0.06354415106207713,0.11307536447493416,10,0,830,0,0,0,0.0,0.1420154179354708,nan,0.21195932786037275
14.05,self+cam,converge,0.13384029447557025,0.14029177126486303,0,0,,0,0.06354415106207713,0.11307536447493416,10,0,830,0,0,0,0.0,0.1420154179354708,nan,0.21195932786037275
14.100000000000001,self+cam,converge,0.13384029447557025,0.14029177126486303,0,0,,0,0.06354415106207713,0.11307536447493416,10,0,830,0,0,0,0.0,0.1420154179354708,nan,0.21195932786037275
14.15,self+cam,converge,0.13384029447557025,0.14029177126486303,0,0,,0,0.06354415106207713,0.11307536447493416,10,0,830,0,0,0,0.0,0.1420154179354708,nan,0.21195932786037275
14.200000000000001,self+cam,converge,0.13384029447557025,0.14029177126486303,0,0,,0,0.06354415106207713,0.11307536447493416,10,0,830,0,0,0,0.0,0.1420154179354708,nan,0.21195932786037275
14.25,self+cam,converge,0.13384029447557025,0.14029177126486303,0,0,,0,0.06354415106207713,0.11307536447493416,10,0,830,0,0,0,0.0,0.1420154179354708,nan,0.21195932786037275
14.3,self+cam,converge,0.13384029447557025,0.14029177126486303,0,0,,0,0.06354415106207713,0.11307536447493416,10,0,830,0,0,0,0.0,0.1420154179354708,nan,0.21195932786037275
14.350000000000001,self+cam,converge,0.13384029447557025,0.14029177126486303,0,0,,0,0.06354415106207713,0.11307536447493416,10,0,830,0,0,0,0.0,0.1420154179354708,nan,0.21195932786037275
14.4,self+cam,converge,0.13384029447557025,0.14029177126486303,0,0,,0,0.06354415106207713,0.11307536447493416,10,0,830,0,0,0,0.0,0.1420154179354708,nan,0.21195932786037275
14.450000000000001,self+cam,converge,0.13384029447557025,0.14029177126486303,0,0,,0,0.06354415106207713,0.11307536447493416,10,0,830,0,0,0,0.0,0.1420154179354708,nan,0.21195932786037275
14.5,self+cam,converge,0.13384029447557025,0.14029177126486303,0,0,,0,0.06354415106207713,0.11307536447493416,10,0,830,0,0,0,0.0,0.1420154179354708,nan,0.21195932786037275
14.55,self+cam,converge,0.13384029447557025,0.14029177126486303,0,0,,0,0.06354415106207713,0.11307536447493416,10,0,830,0,0,0,0.0,0.1420154179354708,nan,0.21195932786037275
14.600000000000001,self+cam,converge,0.13384029447557025,0.14029177126486303,0,0,,0,0.06354415106207713,0.11307536447493416,10,0,830,0,0,0,0.0,0.1420154179354708,nan,0.21195932786037275
14.65,self+cam,converge,0.13384029447557025,0.14029177126486303,0,0,,0,0.06354415106207713,0.11307536447493416,10,0,830,0,0,0,0.0,0.1420154179354708,nan,0.21195932786037275
14.700000000000001,self+cam,converge,0.13384029447557025,0.14029177126486303,0,0,,0,0.06354415106207713,0.11307536447493416,10,0,830,0,0,0,0.0,0.1420154179354708,nan,0.21195932786037275
14.75,self+cam,converge,0.13384029447557025,0.14029177126486303,0,0,,0,0.06354415106207713,0.11307536447493416,10,0,830,0,0,0,0.0,0.1420154179354708,nan,0.21195932786037275
14.8,self+cam,converge,0.13384029447557025,0.14029177126486303,0,0,,0,0.06354415106207713,0.11307536447493416,10,0,830,0,0,0,0.0,0.1420154179354708,nan,0.21195932786037275
14.850000000000001,self+cam,converge,0.13384029447557025,0.14029177126486303,0,0,,0,0.06354415106207713,0.11307536447493416,10,0,830,0,0,0,0.0,0.1420154179354708,nan,0.21195932786037275
14.9,self+cam,converge,0.13384029447557025,0.14029177126486303,0,0,,0,0.06354415106207713,0.11307536447493416,10,0,830,0,0,0,0.0,0.1420154179354708,nan,0.21195932786037275
14.950000000000001,self+cam,converge,0.13384029447557025,0.14029177126486303,0,0,,0,0.06354415106207713,0.11307536447493416,10,0,830,0,0,0,0.0,0.1420154179354708,nan,0.21195932786037275
15.0,self+cam,converge,0.13384029447557025,0.14029177126486303,0,0,,0,0.06354415106207713,0.11307536447493416,10,0,830,0,0,0,0.0,0.1420154179354708,nan,0.21195932786037275
0.05,full,converge,0.2353740052161439,0.23537400504707728,0,0,free,0,0.05676101943747254,0.16504642260436408,5,1,752,0,0,0,0.0,0.25,nan,0.21201724964604807
0.1,full,converge,0.20653811359267588,0.2106337990496868,0,0,free,0,0.052502152086353296,0.15076234118440393,6,1,752,0,0,0,0.0,0.2355206280275939,nan,0.21243750271361173
0.15000000000000002,full,converge,0.18248371402788124,0.18798441385761963,0,0,free,0,0.053568283751980486,0.138422862231838,6,1,752,0,0,0,0.0,0.1941879687124645,nan,0.21266152522065196
0.2,full,converge,0.16097339021380022,0.16735918132701552,0,0,free,0,0.05468313978322363,0.12761910450948427,6,1,826,0,0,0,0.0,0.15741735706481313,nan,0.2128212478068242
0.25,full,converge,0.1416459658945223,0.1490547120001661,0,0,free,0,0.05457479357989557,0.11831036710373025,10,1,826,0,0,0,0.0,0.1420154179354708,nan,0.21195932786037275
0.30000000000000004,full,converge,0.13384029447557025,0.14029177126486303,0,0,free,0,0.06354415106207713,0.11307536447493416,10,0,826,0,0,0,0.0,0.1420154179354708,nan,0.21195932786037275
0.35000000000000003,full,converge,0.13384029447557025,0.14029177126486303,0,0,free,0,0.06354415106207713,0.11307536447493416,10,0,830,0,0,0,0.0,0.1420154179354708,nan,0.21195932786037275
0.4,full,converge,0.13384029447557025,0.14029177126486303,0,0,free,0,0.06354415106207713,0.11307536447493416,10,0,830,0,0,0,0.0,0.1420154179354708,nan,0.21195932786037275
0.45,full,converge,0.13384029447557025,0.14029177126486303,0,0,free,0,0.06354415106207713,0.11307536447493416,10,0,830,0,0,0,0.0,0.1420154179354708,nan,0.21195932786037275
0.5,full,converge,0.13384029447557025,0.14029177126486303,0,0,free,0,0.06354415106207713,0.11307536447493416,10,0,830,0,0,0,0.0,0.1420154179354708,nan,0.21195932786037275
0.55,full,converge,0.13384029447557025,0.14029177126486303,0,0,free,0,0.06354415106207713,0.11307536447493416,10,0,830,0,0,0,0.0,0.1420154179354708,nan,0.21195932786037275
0.6000000000000001,full,converge,0.13384029447557025,0.14029177126486303,0,0,free,0,0.06354415106207713,0.11307536447493416,10,0,830,0,0,0,0.0,0.1420154179354708,nan,0.21195932786037275
0.65,full,converge,0.13384029447557025,0.14029177126486303,0,0,free,0,0.06354415106207713,0.11307536447493416,10,0,830,0,0,0,0.0,0.1420154179354708,nan,0.21195932786037275
0.7000000000000001,full,converge,0.13384029447557025,0.14029177126486303,0,0,free,0,0.06354415106207713,0.11307536447493416,10,0,830,0,0,0,0.0,0.1420154179354708,nan,0.21195932786037275
0.75,full,converge,0.13384029447557025,0.14029177126486303,0,0,free,0,0.06354415106207713,0.11307536447493416,10,0,830,0,0,0,0.0,0.1420154179354708,nan,0.21195932786037275
0.8,full,converge,0.13384029447557025,0.14029177126486303,0,0,free,0,0.06354415106207713,0.11307536447493416,10,0,830,0,0,0,0.0,0.1420154179354708,nan,0.21195932786037275
0.8500000000000001,full,converge,0.13384029447557025,0.14029177126486303,0,0,free,0,0.06354415106207713,0.11307536447493416,10,0,830,0,0,0,0.0,0.1420154179354708,nan,0.21195932786037275
0.9,full,converge,0.13384029447557025,0.14029177126486303,0,0,free,0,0.06354415106207713,0.11307536447493416,10,0,830,0,0,0,0.0,0.1420154179354708,nan,0.21195932786037275
0.9500000000000001,full,converge,0.13384029447557025,0.14029177126486303,0,0,free,0,0.06354415106207713,0.11307536447493416,10,0,830,0,0,0,0.0,0.1420154179354708,nan,0.21195932786037275
1.0,full,converge,0.13384029447557025,0.14029177126486303,0,0,free,0,0.06354415106207713,0.11307536447493416,10,0,830,0,0,0,0.0,0.1420154179354708,nan,0.21195932786037275
1.05,full,converge,0.13384029447557025,0.14029177126486303,0,0,free,0,0.06354415106207713,0.11307536447493416,10,0,830,0,0,0,0.0,0.1420154179354708,nan,0.21195932786037275
1.1,full,converge,0.13384029447557025,0.14029177126486303,0,0,free,0,0.06354415106207713,0.11307536447493416,10,0,830,0,0,0,0.0,0.1420154179354708,nan,0.21195932786037275
1.1500000000000001,full,converge,0.13384029447557025,0.14029177126486303,0,0,free,0,0.06354415106207713,0.11307536447493416,10,0,830,0,0,0,0.0,0.1420154179354708,nan,0.21195932786037275
1.2000000000000002,full,converge,0.13384029447557025,0.14029177126486303,0,0,yield,0,0.06354415106207713,0.11307536447493416,10,1,830,0,0,0,0.0,0.14447439274641097,nan,0.2122901032876211
1.25,full,converge,0.11784275990490832,0.16002108535888035,0,0,yield,0,0.06330233026358136,0.12662716384949263,10,1,830,0,0,0,0.0,0.14885159257181146,nan,0.2126173925578524
1.3,full,converge,0.10383131109801239,0.1789173328651942,0,0,yield,0,0.06336044902668299,0.1194277782451558,10,1,830,0,0,0,0.0,0.15422445307284288,nan,0.2129556003010321
1.35,full,converge,0.09154561981732692,0.19632092268283155,0,0,yield,0,0.06347227100568299,0.11247965199497548,10,1,830,0,0,0,0.0,0.15908965432464242,nan,0.2133099864148259
1.4000000000000001,full,converge,0.08076506502966954,0.21169154158142914,0,0,yield,0,0.06345841601269687,0.10683015543317986,10,1,832,0,0,0,0.0,0.16129909661333694,nan,0.21440403629118798
1.4500000000000002,full,converge,0.07260835395575771,0.2252322050949802,0,0,yield,0,0.06791285088886943,0.10463128251235226,10,1,832,0,0,0,0.0,0.1637821948214632,nan,0.21577975293561724
1.5,full,converge,0.06587457799754383,0.23714195782886505,0,0,yield,0,0.0718740262544691,0.10376197204834195,9,1,832,0,0,0,0.0,0.16632903287361794,nan,0.2171434300668097
1.55,full,converge,0.06029719701098086,0.24760605883052345,0,0,yield,0,0.07546067622630391,0.1034712150622756,8,1,835,0,0,0,0.0,0.1688548807314849,nan,0.21846823302300067
1.6,full,converge,0.055744414812198946,0.256792850067369,0,0,yield,0,0.07866063260330088,0.10358524771882222,8,1,835,0,0,0,0.0,0.17130563929159054,nan,0.21973169558632633
1.6500000000000001,full,converge,0.05208365739722127,0.264853416103186,0,0,yield,0,0.08148261155553553,0.10396637298133196,7,1,835,0,0,0,0.0,0.1736469936673812,nan,0.22091659873549385
1.7000000000000002,full,converge,0.04918343882538611,0.2719224064337683,0,0,yield,0,0.08394899145751987,0.10450946683886816,6,1,837,0,0,0,0.0,0.17585779611585495,nan,0.22201122085030234
1.75,full,converge,0.04691728095680052,0.27811931047252353,0,0,yield,0,0.08608981224247268,0.105137229248321,6,1,837,0,0,0,0.0,0.17792601091174692,nan,0.22300905938369142
1.8,full,converge,0.04516810382769811,0.2835498660031485,0,0,yield,0,0.08793837226037353,0.10579502853697911,6,1,837,0,0,0,0.0,0.17984612082370946,nan,0.2239081531711805
1.85,full,converge,0.043831782702801206,0.2883074559508833,0,0,yield,0,0.0895282910332769,0.10644595921815447,6,1,837,0,0,0,0.0,0.18161735300349063,nan,0.2247101778875854
1.9000000000000001,full,converge,0.04281916066639107,0.2924744288747835,0,0,yield,0,0.09089171407282569,0.10706648060490001,5,1,837,0,0,0,0.0,0.18324238236677864,nan,0.22541948485887142
1.9500000000000002,full,converge,0.04205642642765936,0.2961233168789398,0,0,yield,0,0.09205832731922108,0.10764279358163881,4,1,837,0,0,0,0.0,0.18472633958363338,nan,0.22604220979200218
2.0,full,converge,0.04148419419831219,0.2993179433153101,0,0,yield,0,0.09305491013075494,0.10816796764166109,4,1,837,0,0,0,0.0,0.18607603587603705,nan,0.22658552207954907
2.0500000000000003,full,converge,0.04105578741446635,0.30211442161389046,0,0,yield,0,0.09390522770078151,0.1086397465590919,4,1,837,0,0,0,0.0,0.1872993559479486,nan,0.22705703852382875
2.1,full,converge,0.04073519221854539,0.30456205088651656,0,0,yield,0,0.0946301252520985,0.10905892422380356,4,1,837,0,0,0,0.0,0.1884047874741847,nan,0.22746439478766567
2.15,full,converge,0.0404950164322796,0.30670411578708234,0,0,yield,0,0.09524773248792882,0.10942817538335528,4,1,837,0,0,0,0.0,0.18940106288601133,nan,0.2278149523334415
2.2,full,converge,0.04031464850465025,0.3085785987689117,0,0,yield,0,0.09577371977589937,0.10975123577300089,4,1,837,0,0,0,0.0,0.19029311630884788,nan,0.22811561347073084
2.25,full,converge,0.04017870018442627,0.31021881282777486,0,0,yield,0,0.09622104284835946,0.1100323427417694,4,1,837,0,0,0,0.0,0.1909623748823683,nan,0.2283727179310192
2.3000000000000003,full,converge,0.040075745480516255,0.31165396252882693,0,0,yield,0,0.09660081407216196,0.11027586540998632,4,1,837,0,0,0,0.0,0.1915661766574382,nan,0.22859199807008557
2.35,full,converge,0.03999733035038798,0.3129096405967387,0,0,yield,0,0.09692337092179464,0.11048606984160819,4,1,837,0,0,0,0.0,0.1921096748420996,nan,0.22877857429961412
2.4000000000000004,full,converge,0.03993721181774921,0.31400826683343075,0,0,yield,0,0.09719745817865104,0.11066697847501022,4,1,837,0,0,0,0.0,0.1925979098241893,nan,0.2289369766852677
2.45,full,converge,0.03989078250870113,0.314969475537417,0,0,yield,0,0.09743046690624522,0.11082229398853716,4,1,837,0,0,0,0.0,0.19303572545713235,nan,0.22907118238179247
2.5,full,converge,0.03985464033328358,0.3158104570664637,0,0,yield,0,0.09762864580499674,0.11095536618768248,4,1,837,0,0,0,0.0,0.1934277145104681,nan,0.22918466157088357
2.5500000000000003,full,converge,0.03982626932288344,0.3165462586380111,0,0,yield,0,0.09779727983848101,0.11106918675449726,4,1,837,0,0,0,0.0,0.19377818602728542,nan,0.22928042686376926
2.6,full,converge,0.03980380427245252,0.3171900489879735,0,0,yield,0,0.09794084086383907,0.1111664013068239,4,1,837,0,0,0,0.0,0.19409114886597764,nan,0.22936108283636558
2.6500000000000004,full,converge,0.03978585786343737,0.31775335101079655,0,0,yield,0,0.09806311452464504,0.11124933153824226,4,1,837,0,0,0,0.0,0.19437030706983363,nan,0.2294288736017046
2.7,full,converge,0.03977139400970708,0.3182462461062778,0,0,yield,0,0.09816730707167719,0.11132000256012334,4,1,837,0,0,0,0.0,0.19461906364489875,nan,0.22948572718915916
2.75,full,converge,0.039759635193301855,0.3186775535432587,0,0,yield,0,0.09825613531804621,0.11138017225383973,4,1,837,0,0,0,0.0,0.19484053017927608,nan,0.22953329609989692
2.8000000000000003,full,converge,0.039749994702487634,0.3190549877960132,0,0,yield,0,0.09833190241037741,0.11143136058951192,4,1,837,0,0,0,0.0,0.19503754038748325,nan,0.22957299381309937
2.85,full,converge,0.03974202707257855,0.31938529648888914,0,0,yield,0,0.0983965616446189,0.11147487765295305,4,1,837,0,0,0,0.0,0.19521266604016593,nan,0.2296060272608943
2.9000000000000004,full,converge,0.039735391787670514,0.3196743812760046,0,0,yield,0,0.09845177032164486,0.11103250263298584,4,1,837,0,0,0,0.0,0.1953682342638102,nan,0.22963342546719023
2.95,full,converge,0.03972982666184979,0.3199274037254898,0,0,yield,0,0.09849893516551915,0.11106410811694381,4,1,837,0,0,0,0.0,0.19550634541310816,nan,0.22965606462269406
3.0,full,converge,0.03972512827405497,0.32014887803595504,0,0,yield,0,0.0985392506494399,0.11109093726189959,4,1,837,0,0,0,0.0,0.19562889085632462,nan,0.2296746899163672
3.0500000000000003,full,converge,0.03972113753009723,0.32034275219699837,0,0,yield,0,0.09857373144205299,0.11111370040040983,4,1,837,0,0,0,0.0,0.19573757042285111,nan,0.22968993445549157
3.1,full,converge,0.039717728995049356,0.3205124790145085,0,0,yield,0,0.09860323975176764,0.11113300427696432,4,1,837,0,0,0,0.0,0.19583390909364273,nan,0.2297023356064133
3.1500000000000004,full,converge,0.039714802957270916,0.32066107825465856,0,0,yield,0,0.09862850851638842,0.1111493666389386,4,1,837,0,0,0,0.0,0.19591927284978736,nan,0.22971234906154103
3.2,full,converge,0.039712279509104866,0.32079119100686637,0,0,yield,0,0.09865016100061307,0.11116322891371563,4,1,837,0,0,0,0.0,0.19599488353405337,nan,0.22972036091814207
3.25,full,converge,0.039710094104091126,0.3209051272317062,0,0,yield,0,0.09866872739377962,0.1111749671880968,4,1,837,0,0,0,0.0,0.19606183267684077,nan,0.2297266980284397
3.3000000000000003,full,converge,0.03970819420256241,0.32100490734311565,0,0,yield,0,0.09868465887465803,0.11118490168578049,4,1,837,0,0,0,0.0,0.19612109428758662,nan,0.22973163686042597
3.35,full,converge,0.03970653672530132,0.321092298571766,0,0,yield,0,0.09869833952351685,0.11119330492319282,4,1,837,0,0,0,0.0,0.196173536618702,nan,0.22973541106079576
3.4000000000000004,full,converge,0.03970508610734253,0.3211688467598595,0,0,yield,0,0.09871009641299087,0.1112004087087416,4,1,837,0,0,0,0.0,0.19621993290207831,nan,0.22973821791303084
3.45,full,converge,0.0397038127936862,0.321235904160155,0,0,yield,0,0.09872020819555798,0.11120641015379468,4,1,837,0,0,0,0.0,0.19626097118501068,nan,0.22974022383530224
3.5,full,converge,0.039702692079955096,0.32129465374233906,0,0,yield,0,0.09872891234204344,0.1112114767980742,4,1,837,0,0,0,0.0,0.19629726322235985,nan,0.22974156907129706
3.5500000000000003,full,converge,0.03970170319980115,0.32134613044224647,0,0,yield,0,0.09873641132212445,0.11121575100696449,4,1,837,0,0,0,0.0,0.19632935255848197,nan,0.22974237167620737
3.6,full,converge,0.03970082860985801,0.32139123974071904,0,0,yield,0,0.09874287782544493,0.11121935371478764,4,1,837,0,0,0,0.0,0.19635772180112787,nan,0.22974273090543484
3.6500000000000004,full,converge,0.03970005341703565,0.3214307739051484,0,0,yield,0,0.09874845922272661,0.11122238762900036,4,1,837,0,0,0,0.0,0.19638279920765506,nan,0.22974273010072632
3.7,full,converge,0.039699364926823674,0.3214654261903318,0,0,yield,0,0.09875328132034931,0.11122493994967791,4,1,837,0,0,0,0.0,0.19640496459526338,nan,0.22974243913486425
3.75,full,converge,0.03969875227544678,0.32149580325369653,0,0,yield,0,0.09875745156971132,0.11122708469260173,4,1,837,0,0,0,0.0,0.19642455464323963,nan,0.2297419164922193
3.8000000000000003,full,converge,0.039698206131351554,0.32152243600932445,0,0,yield,0,0.09876106179581544,0.11122888466880934,4,1,837,0,0,0,0.0,0.19644186765645025,nan,0.229741211031962
3.85,full,converge,0.03969771845298536,0.3215457891194431,0,0,yield,0,0.09876419050712236,0.11123039316562283,4,1,837,0,0,0,0.0,0.1964571678245434,nan,0.22974036348374705
3.9000000000000004,full,converge,0.0396972822885952,0.32156626929178445,0,0,yield,0,0.09876690486439614,0.11123165537807428,4,1,837,0,0,0,0.0,0.19647068902407083,nan,0.22973940771732015
3.95,full,converge,0.03969689161051393,0.3215842325360391,0,0,yield,0,0.09876926235918591,0.11123270962991813,4,1,837,0,0,0,0.0,0.19648263823042625,nan,0.22973837181758572
4.0,full,converge,0.03969654117888234,0.3215999905083216,0,0,yield,0,0.09877131223049627,0.11123358840590458,4,1,837,0,0,0,0.0,0.1964931985561111,nan,0.22973727899766694
4.05,full,converge,0.039696226429735665,0.32161381605955275,0,0,yield,0,0.09877309666366595,0.11123431922895288,4,1,837,0,0,0,0.0,0.19650253193493192,nan,0.22973614836753253
4.1000000000000005,full,converge,0.03969594337319635,0.3216259480875393,0,0,yield,0,0.09877465184922805,0.11123492541741725,4,1,837,0,0,0,0.0,0.19651078153523718,nan,0.2297349955892568
4.15,full,converge,0.039695688515461305,0.32163659578032167,0,0,yield,0,0.09877600884697395,0.1112354267175287,4,1,837,0,0,0,0.0,0.19651807390558668,nan,0.22973383343081666
4.2,full,converge,0.03969545879013919,0.321645942327446,0,0,yield,0,0.09877719433357739,0.11123583984362326,4,1,837,0,0,0,0.0,0.19652452089297426,nan,0.2297326722287002
4.25,full,converge,0.03969525150350148,0.3216541481659913,0,0,yield,0,0.09877823122004907,0.11123617892923429,4,1,837,0,0,0,0.0,0.19653022130063028,nan,0.2297315202907141
4.3,full,converge,0.03969506427900128,0.32166135381993843,0,0,yield,0,0.09877913923083019,0.11123645593333806,4,1,837,0,0,0,0.0,0.19653526240973265,nan,0.2297303842236854
4.3500000000000005,full,converge,0.03969489501894732,0.3216676823838071,0,0,yield,0,0.09877993534233602,0.11123668096061473,4,1,837,0,0,0,0.0,0.19653972130474082,nan,0.22972926921774206
4.4,full,converge,0.03969474186746696,0.3216732416954428,0,0,yield,0,0.09878063418380294,0.11123686254616091,4,1,837,0,0,0,0.0,0.19654366606153684,nan,0.22972817928389067
4.45,full,converge,0.03969460318085105,0.3216781262369235,0,0,yield,0,0.09878124836692796,0.11123700789219412,4,1,837,0,0,0,0.0,0.1965471567893061,nan,0.2297271174555634
4.5,full,converge,0.039694477500145715,0.32168241879738074,0,0,yield,0,0.09878178877749592,0.11123712307279271,4,1,837,0,0,0,0.0,0.19655024654510908,nan,0.229726085954303
4.55,full,converge,0.03969436352588003,0.3216861919284339,0,0,yield,0,0.09878226483193601,0.11123721320940808,4,1,837,0,0,0,0.0,0.19655298217573713,nan,0.22972508633537225
4.6000000000000005,full,converge,0.03969426010306405,0.321689509217281,0,0,yield,0,0.09878268466258254,0.11123728260948956,4,1,837,0,0,0,0.0,0.19655540502720156,nan,0.22972411960631012
4.65,full,converge,0.03969416620003971,0.32169242640098533,0,0,yield,0,0.09878305531776453,0.11123733489817494,4,1,837,0,0,0,0.0,0.19655755159232022,nan,0.2297231863267496
4.7,full,converge,0.03969408089460315,0.321694992341621,0,0,yield,0,0.09878338290928311,0.11123737312146445,4,1,837,0,0,0,0.0,0.19655945407460845,nan,0.22972228669111805
4.75,full,converge,0.039694003361032244,0.3216972498796805,0,0,yield,0,0.09878367274310872,0.11123739983492428,4,1,837,0,0,0,0.0,0.19656114090356916,nan,0.2297214206027841
4.800000000000001,full,converge,0.03969393286075537,0.32169923658104144,0,0,yield,0,0.09878392942260532,0.1112374171776011,4,1,837,0,0,0,0.0,0.19656263716416122,nan,0.22972058772800208
4.8500000000000005,full,converge,0.03969386872981716,0.3217009853909019,0,0,yield,0,0.09878415695709035,0.11123742693929459,4,1,837,0,0,0,0.0,0.1965639649976022,nan,0.22971978754993383
4.9,full,converge,0.03969381037206957,0.3217025252061103,0,0,yield,0,0.09878435883671226,0.11123743061398342,4,1,837,0,0,0,0.0,0.19656514395084815,nan,0.22971901940581219
4.95,full,converge,0.03969375725265673,0.3217038813763591,0,0,yield,0,0.09878453809651948,0.1112374294427142,4,1,837,0,0,0,0.0,0.19656619126327657,nan,0.22971828252465698
5.0,full,converge,0.03969370888740381,0.32170507614285826,0,0,yield,0,0.09878469740026789,0.11123742446249724,4,1,837,0,0,0,0.0,0.19656712216151148,nan,0.22971757604966736
5.050000000000001,full,converge,0.0396936648410818,0.3217061290226066,0,0,yield,0,0.0987848390671464,0.11123741652790459,4,1,837,0,0,0,0.0,0.1965679500747084,nan,0.22971689906775483
5.1000000000000005,full,converge,0.03969362471947624,0.32170705714475817,0,0,yield,0,0.09878496513627781,0.11123740634931012,4,1,837,0,0,0,0.0,0.19656868686378565,nan,0.2297162506245679
5.15,full,converge,0.03969358816717085,0.32170787554530716,0,0,yield,0,0.09878507738985413,0.11123739450919451,4,1,837,0,0,0,0.0,0.19656934300830625,nan,0.22971562974127047
5.2,full,converge,0.03969355486433821,0.3217085974250646,0,0,yield,0,0.09878517738266422,0.11123738148121709,4,1,837,0,0,0,0.0,0.1965699277431495,nan,0.22971503542519522
5.25,full,converge,0.03969352451737682,0.321709234375768,0,0,yield,0,0.09878526650222218,0.11123736765894404,4,1,837,0,0,0,0.0,0.19657044923646919,nan,0.2297144666839558
5.300000000000001,full,converge,0.03969349686355523,0.321709796578055,0,0,yield,0,0.09878534595266363,0.11123735335590215,4,1,837,0,0,0,0.0,0.19657091469272617,nan,0.22971392253153022
5.3500000000000005,full,converge,0.039693471662441505,0.321710292974954,0,0,yield,0,0.0987854168061617,0.11123733882816608,4,1,837,0,0,0,0.0,0.19657133048464373,nan,0.2297134019946271
5.4,full,converge,0.039693448697932746,0.3217107314238576,0,0,yield,0,0.09878547999815344,0.11123732427680177,4,1,837,0,0,0,0.0,0.1965717022382402,nan,0.22971290411607737
5.45,full,converge,0.03969342777225511,0.3217111188297552,0,0,yield,0,0.09878553636119002,0.11123730986142749,4,1,837,0,0,0,0.0,0.19657203492278474,nan,0.22971242796355507
5.5,full,converge,0.039693408705703204,0.3217114612619098,0,0,yield,0,0.09878558663345681,0.11123729570819937,4,1,837,0,0,0,0.0,0.19657233293278684,nan,0.22971197262694465
5.550000000000001,full,converge,0.03969339133506817,0.32171176405620294,0,0,yield,0,0.09878563146626394,0.11123728191191948,4,1,837,0,0,0,0.0,0.19657260015174982,nan,0.22971153722489757
5.6000000000000005,full,converge,0.039693375511996414,0.3217120319047877,0,0,yield,0,0.09878567143711146,0.1112372685437083,4,1,837,0,0,0,0.0,0.19657284001591824,nan,0.2297111209043562
5.65,full,converge,0.03969336110145347,0.32171226893472304,0,0,yield,0,0.09878570705852079,0.1112372556548557,4,1,837,0,0,0,0.0,0.19657305556136057,nan,0.22971072284085003
5.7,full,converge,0.03969334798006375,0.32171247877689957,0,0,yield,0,0.09878573878758139,0.11123724328053991,4,1,837,0,0,0,0.0,0.19657324947494725,nan,0.2297103422399912
5.75,full,converge,0.03969333603521597,0.3217126646264758,0,0,yield,0,0.09878576703278284,0.11123723144402231,4,1,837,0,0,0,0.0,0.19657342413768775,nan,0.22970997833861706
5.800000000000001,full,converge,0.039693325165151595,0.32171282929590816,0,0,yield,0,0.09878579215277948,0.11123722015546689,4,1,837,0,0,0,0.0,0.1965735816471368,nan,0.22970963040285197
5.8500000000000005,full,converge,0.03969331527501326,0.32171297526142356,0,0,yield,0,0.09878581447901984,0.11123720942131915,4,1,837,0,0,0,0.0,0.19657372387408267,nan,0.22970929772718696
5.9,full,converge,0.039693306280615556,0.32171310470382797,0,0,yield,0,0.0987858342938595,0.11123719923527164,4,1,837,0,0,0,0.0,0.19657385247345074,nan,0.22970897963700143
5.95,full,converge,0.03969329810490107,0.3217132195442821,0,0,yield,0,0.09878585185147397,0.11123718958713799,4,1,837,0,0,0,0.0,0.19657396890241058,nan,0.22970867548540796
6.0,full,converge,0.039693290675359254,0.32171332147571613,0,0,yield,0,0.0987858673909252,0.11123718046719736,4,1,837,0,0,0,0.0,0.1965740744619472,nan,0.2297083846533613
6.050000000000001,full,converge,0.03969328392777436,0.32171341199038256,0,0,yield,0,0.09878588111578727,0.11123717185855725,4,1,837,0,0,0,0.0,0.1965741702999434,nan,0.22970810654855278
6.1000000000000005,full,converge,0.039693277802166485,0.3217134924040528,0,0,yield,0,0.09878589321489899,0.1112371637440181,4,1,837,0,0,0,0.0,0.19657425743795784,nan,0.22970784060480332
6.15,full,converge,0.039693272244397414,0.32171356387725636,0,0,yield,0,0.09878590385488382,0.11123715610423732,4,1,837,0,0,0,0.0,0.19657433678474834,nan,0.22970758628113785
6.2,full,converge,0.039693267205345,0.32171362743393067,0,0,yield,0,0.09878591318319334,0.11123714891785813,4,1,837,0,0,0,0.0,0.19657440914597243,nan,0.2297073430606681
6.25,full,converge,0.03969326263983169,0.3217136839778007,0,0,yield,0,0.09878592133386609,0.1112371421636418,4,1,837,0,0,0,0.0,0.19657447523560076,nan,0.22970711044878211
6.300000000000001,full,converge,0.039693258505913605,0.3217137343067735,0,0,yield,0,0.09878592843037097,0.11123713582089284,4,1,837,0,0,0,0.0,0.19657453569485384,nan,0.2297068879745895
6.3500000000000005,full,converge,0.03969325476675793,0.3217137791255669,0,0,yield,0,0.09878593457667788,0.1112371298670074,4,1,837,0,0,0,0.0,0.19657459108735037,nan,0.22970667518853405
6.4,full,converge,0.03969325138731534,0.3217138190568304,0,0,yield,0,0.09878593987324046,0.11123712428195459,4,1,837,0,0,0,0.0,0.19657464191838622,nan,0.22970647165895686
6.45,full,converge,0.03969324833575335,0.32171385465090013,0,0,yield,0,0.09878594440853598,0.1112371190448252,4,1,837,0,0,0,0.0,0.19657468863233835,nan,0.22970627697666324
6.5,full,converge,0.039693245582595,0.32171388639438525,0,0,yield,0,0.0987859482656188,0.11123711413734283,4,1,837,0,0,0,0.0,0.19657473163622655,nan,0.22970609075017345
6.550000000000001,full,converge,0.03969324310229487,0.3217139147177171,0,0,yield,0,0.09878595151123769,0.11123710953858679,4,1,837,0,0,0,0.0,0.19657477128254985,nan,0.22970591260544604
6.6000000000000005,full,converge,0.039693240869885335,0.32171394000178444,0,0,yield,0,0.09878595421431761,0.1112371052317031,4,1,837,0,0,0,0.0,0.19657480789108459,nan,0.22970574218562356
6.65,full,converge,0.03969323886323906,0.32171396258377366,0,0,yield,0,0.09878595643311426,0.11123710119901448,4,1,837,0,0,0,0.0,0.19657484174959527,nan,0.22970557914960266
6.7,full,converge,0.03969323706260335,0.3217139827623101,0,0,yield,0,0.09878595821688162,0.11123709742191168,4,1,837,0,0,0,0.0,0.1965748731103218,nan,0.2297054231730119
6.75,full,converge,0.03969323544917618,0.3217140008019785,0,0,yield,0,0.09878595961568269,0.11123709388602085,4,1,837,0,0,0,0.0,0.19657490220407248,nan,0.22970527394525864
6.800000000000001,full,converge,0.03969323400662916,0.3217140169373043,0,0,yield,0,0.09878596066888533,0.11123709057468262,4,1,837,0,0,0,0.0,0.19657492923964254,nan,0.22970513117074665
6.8500000000000005,full,converge,0.03969323272008359,0.32171403137626287,0,0,yield,0,0.09878596141210842,0.11123708747264127,4,1,837,0,0,0,0.0,0.19657495439092343,nan,0.2297049945656061
6.9,full,converge,0.0396932315736172,0.32171404430336625,0,0,yield,0,0.09878596188949633,0.11123708456947623,4,1,837,0,0,0,0.0,0.19657497782513556,nan,0.22970486386018407
6.95,full,converge,0.03969323055479223,0.32171405588238616,0,0,yield,0,0.09878596213012257,0.11123708185176495,4,1,837,0,0,0,0.0,0.19657499969325856,nan,0.22970473879649955
7.0,full,converge,0.03969322965248943,0.3217140662587517,0,0,yield,0,0.09878596215852879,0.11123707930602758,4,1,837,0,0,0,0.0,0.196575020124362,nan,0.22970461912841322
7.050000000000001,full,converge,0.039693228855270414,0.3217140755616659,0,0,yield,0,0.09878596200385097,0.1112370769223229,4,1,837,0,0,0,0.0,0.19657503923857536,nan,0.22970450462094394
7.1000000000000005,full,converge,0.039693228153227414,0.32171408390596945,0,0,yield,0,0.09878596168955404,0.1112370746903851,4,1,837,0,0,0,0.0,0.1965750571480863,nan,0.2297043950483869
7.15,full,converge,0.03969322753812921,0.32171409139378726,0,0,yield,0,0.0987859612313907,0.1112370725978678,4,1,837,0,0,0,0.0,0.19657507394345286,nan,0.22970429019748673
7.2,full,converge,0.039693227000791594,0.321714098115981,0,0,yield,0,0.09878596065449323,0.11123707063868293,4,1,837,0,0,0,0.0,0.1965750897162177,nan,0.2297041898618456
7.25,full,converge,0.03969322653401251,0.3217141041534306,0,0,yield,0,0.09878595997312643,0.11123706880264395,4,1,837,0,0,0,0.0,0.19657510454866364,nan,0.2297040938466205
7.300000000000001,full,converge,0.039693226131795774,0.3217141095781671,0,0,yield,0,0.09878595919797116,0.11123706708005371,4,1,837,0,0,0,0.0,0.19657511850673656,nan,0.22970400196406915
7.3500000000000005,full,converge,0.03969322578640782,0.3217141144543731,0,0,yield,0,0.0987859583507749,0.11123706546651352,4,1,837,0,0,0,0.0,0.19657513166191576,nan,0.22970391403505153
7.4,full,converge,0.039693225493494695,0.3217141188392657,0,0,yield,0,0.09878595743614448,0.1112370639518952,4,1,837,0,0,0,0.0,0.19657514407178928,nan,0.22970382988920235
7.45,full,converge,0.039693225247610806,0.32171412278388,0,0,yield,0,0.09878595646669967,0.11123706253044888,4,1,837,0,0,0,0.0,0.1965751557895623,nan,0.22970374936279725
7.5,full,converge,0.039693225043907154,0.32171412633375834,0,0,yield,0,0.09878595545294332,0.11123706119634849,4,1,837,0,0,0,0.0,0.19657516686062018,nan,0.22970367229940647
7.550000000000001,full,converge,0.03969322487705378,0.32171412952956413,0,0,yield,0,0.09878595440879816,0.11123705994558775,4,1,837,0,0,0,0.0,0.19657517733344124,nan,0.22970359855002787
7.6000000000000005,full,converge,0.03969322474408869,0.3217141324076218,0,0,yield,0,0.0987859533370725,0.11123705877107604,4,1,837,0,0,0,0.0,0.19657518725113335,nan,0.22970352797180815
7.65,full,converge,0.03969322464191219,0.32171413500039703,0,0,yield,0,0.09878595224194046,0.1112370576666275,4,1,837,0,0,0,0.0,0.19657519664664197,nan,0.22970346042844147
7.7,full,converge,0.03969322456646991,0.321714137336921,0,0,yield,0,0.09878595113446907,0.11123705662976457,4,1,837,0,0,0,0.0,0.19657520555782007,nan,0.22970339578820054
7.75,full,converge,0.03969322451548523,0.32171413944316746,0,0,yield,0,0.09878595001560946,0.1112370556538459,4,1,837,0,0,0,0.0,0.19657521401007147,nan,0.22970333392785613
7.800000000000001,full,converge,0.039693224484944056,0.3217141413423867,0,0,yield,0,0.09878594889833907,0.11123705473855602,4,1,837,0,0,0,0.0,0.19657522203720945,nan,0.2297032747264932
7.8500000000000005,full,converge,0.03969322447352084,0.32171414305540086,0,0,yield,0,0.09878594778017873,0.11123705387704744,4,1,837,0,0,0,0.0,0.19657522966605057,nan,0.22970321806990224
7.9,full,converge,0.0396932244789072,0.32171414460086767,0,0,yield,0,0.09878594666520017,0.11123705306580395,4,1,837,0,0,0,0.0,0.19657523691742038,nan,0.22970316384934397
7.95,full,converge,0.03969322449860796,0.3217141459955135,0,0,yield,0,0.09878594555978674,0.11123705230295208,4,1,837,0,0,0,0.0,0.19657524381766409,nan,0.2297031119606031
8.0,full,converge,0.0396932245315955,0.3217141472543407,0,0,yield,0,0.09878594446261511,0.11123705158394015,4,1,837,0,0,0,0.0,0.1965752503865469,nan,0.22970306230372428
8.05,full,converge,0.03969322457606038,0.3217141483908121,0,0,yield,0,0.09878594337737266,0.11123705090657476,4,1,837,0,0,0,0.0,0.19657525664110279,nan,0.22970301478243116
8.1,full,converge,0.039693224629887655,0.32171414941701426,0,0,yield,0,0.09878594230918868,0.11123705026903646,4,1,837,0,0,0,0.0,0.1965752626021333,nan,0.22970296930519052
8.15,full,converge,0.03969322469252705,0.3217141503438039,0,0,yield,0,0.09878594125555361,0.11123704966714856,4,1,837,0,0,0,0.0,0.19657526828288585,nan,0.2297029257852089
8.200000000000001,full,converge,0.03969322476214384,0.32171415118093805,0,0,yield,0,0.09878594022212821,0.11123704910064905,4,1,837,0,0,0,0.0,0.1965752737015772,nan,0.2297028841368408
8.25,full,converge,0.03969322483782319,0.321714151937188,0,0,yield,0,0.09878593920804028,0.11123704856577057,4,1,837,0,0,0,0.0,0.1965752788697286,nan,0.22970284428110677
8.3,full,converge,0.039693224918313535,0.3217141526204443,0,0,yield,0,0.09878593821666092,0.11123704806188955,4,1,837,0,0,0,0.0,0.19657528380537018,nan,0.22970280614112581
8.35,full,converge,0.03969322500378223,0.3217141532378069,0,0,yield,0,0.09878593724305072,0.11123704758485214,4,1,837,0,0,0,0.0,0.19657528851467032,nan,0.2297027696432864
8.4,full,converge,0.03969322509203163,0.3217141537956678,0,0,yield,0,0.09878593629534237,0.11123704713555649,4,1,837,0,0,0,0.0,0.1965752930092404,nan,0.22970273471750635
8.450000000000001,full,converge,0.039693225182483506,0.32171415429978434,0,0,yield,0,0.09878593537357704,0.11123704671230608,4,1,837,0,0,0,0.0,0.1965752973068622,nan,0.22970270129699066
8.5,full,converge,0.03969322527579105,0.32171415475534393,0,0,yield,0,0.09878593447140054,0.11123704631127618,4,1,837,0,0,0,0.0,0.1965753014123332,nan,0.22970266931598482
8.55,full,converge,0.03969322537023356,0.32171415516702245,0,0,yield,0,0.09878593359483677,0.11123704593281208,4,1,837,0,0,0,0.0,0.1965753053387719,nan,0.2297026387127833
8.6,full,converge,0.039693225466284184,0.32171415553903654,0,0,yield,0,0.09878593273878482,0.11123704557359612,4,1,837,0,0,0,0.0,0.19657530908977872,nan,0.22970260942972465
8.65,full,converge,0.03969322556225964,0.32171415587518976,0,0,yield,0,0.09878593191036676,0.11123704523531597,4,1,837,0,0,0,0.0,0.1965753126816391,nan,0.2297025814096979
8.700000000000001,full,converge,0.03969322565941968,0.3217141561789151,0,0,yield,0,0.09878593110051219,0.11123704491339839,4,1,837,0,0,0,0.0,0.19657531611437445,nan,0.22970255459866562
8.75,full,converge,0.039693225755827954,0.3217141564533112,0,0,yield,0,0.09878593031782994,0.11123704461006811,4,1,837,0,0,0,0.0,0.1965753193988841,nan,0.22970252894516652
8.8,full,converge,0.03969322585208799,0.3217141567011768,0,0,yield,0,0.09878592955736647,0.11123704432260365,4,1,837,0,0,0,0.0,0.19657532253890397,nan,0.22970250439884643
8.85,full,converge,0.03969322594694276,0.32171415692503996,0,0,yield,0,0.09878592882357333,0.11123704405137869,4,1,837,0,0,0,0.0,0.19657532554620516,nan,0.22970248091197154
8.9,full,converge,0.03969322604098329,0.3217141571271851,0,0,yield,0,0.09878592811163393,0.11123704379384508,4,1,837,0,0,0,0.0,0.1965753284247519,nan,0.2297024584395292
8.950000000000001,full,converge,0.039693226133879024,0.3217141573096773,0,0,yield,0,0.0987859274222491,0.11123704354971764,4,1,837,0,0,0,0.0,0.19657533117763196,nan,0.22970243693883596
9.0,full,converge,0.0396932262249581,0.32171415747438387,0,0,yield,0,0.09878592675809304,0.11123704331958534,4,1,837,0,0,0,0.0,0.19657533381465858,nan,0.22970241636642597
9.05,full,converge,0.03969322631468217,0.32171415762299366,0,0,yield,0,0.09878592611438068,0.11123704310036034,4,1,837,0,0,0,0.0,0.19657533634232088,nan,0.2297023966850319
9.1,full,converge,0.03969322640356479,0.3217141577570342,0,0,yield,0,0.09878592548882019,0.11123704289176248,4,1,837,0,0,0,0.0,0.19657533875954922,nan,0.22970237785505077
9.15,full,converge,0.03969322648993011,0.3217141578778883,0,0,yield,0,0.0987859248884637,0.11123704269526688,4,1,837,0,0,0,0.0,0.19657534107822455,nan,0.22970235983981369
9.200000000000001,full,converge,0.03969322657518073,0.32171415798680736,0,0,yield,0,0.09878592430480991,0.11123704250731806,4,1,837,0,0,0,0.0,0.19657534329678847,nan,0.22970234260466615
9.25,full,converge,0.03969322665811226,0.32171415808492393,0,0,yield,0,0.09878592374383448,0.11123704232995152,4,1,837,0,0,0,0.0,0.19657534542636274,nan,0.22970232611633812
9.3,full,converge,0.039693226739917965,0.3217141581732638,0,0,yield,0,0.09878592319811073,0.11123704215998739,4,1,837,0,0,0,0.0,0.19657534746204067,nan,0.22970231034230293
9.35,full,converge,0.039693226818792934,0.32171415825275634,0,0,yield,0,0.09878592267649992,0.11123704200023843,4,1,837,0,0,0,0.0,0.19657534941194138,nan,0.22970229525149033
9.4,full,converge,0.03969322689545569,0.3217141583242423,0,0,yield,0,0.0987859221743612,0.11123704184868283,4,1,837,0,0,0,0.0,0.19657535128253928,nan,0.22970228081530253
9.450000000000001,full,converge,0.039693226970581426,0.3217141583884845,0,0,yield,0,0.09878592168770294,0.11123704170377313,4,1,837,0,0,0,0.0,0.19657535307532434,nan,0.22970226700575858
9.5,full,converge,0.03969322704378695,0.3217141584461733,0,0,yield,0,0.09878592121819223,0.11123704156601319,4,1,837,0,0,0,0.0,0.1965753547925394,nan,0.22970225379597997
9.55,full,converge,0.039693227114874864,0.32171415849793455,0,0,yield,0,0.09878592076631247,0.11123704143532917,4,1,837,0,0,0,0.0,0.1965753564325582,nan,0.22970224115900584
9.600000000000001,full,converge,0.03969322718266252,0.3217141585443355,0,0,yield,0,0.09878592033743276,0.11123704131317091,4,1,837,0,0,0,0.0,0.1965753580088228,nan,0.22970222907010995
9.65,full,converge,0.0396932272492967,0.32171415858589003,0,0,yield,0,0.09878591991928269,0.11123704119468858,4,1,837,0,0,0,0.0,0.19657535951858746,nan,0.22970221750620679
9.700000000000001,full,converge,0.03969322731360161,0.3217141586230639,0,0,yield,0,0.09878591951820119,0.11123704108238303,4,1,837,0,0,0,0.0,0.19657536096870093,nan,0.22970220644634398
9.75,full,converge,0.039693227376723816,0.32171415865627967,0,0,yield,0,0.09878591912869371,0.1112370409748363,4,1,837,0,0,0,0.0,0.1965753623538695,nan,0.2297021958668447
9.8,full,converge,0.03969322743680775,0.3217141586859199,0,0,yield,0,0.09878591875907848,0.1112370408740525,4,1,837,0,0,0,0.0,0.19657536368536704,nan,0.2297021857475524
9.850000000000001,full,converge,0.03969322749576947,0.32171415871233144,0,0,yield,0,0.09878591839939176,0.11123704077676985,4,1,837,0,0,0,0.0,0.19657536496046193,nan,0.2297021760692618
9.9,full,converge,0.039693227552680996,0.32171415873582865,0,0,yield,0,0.09878591805425734,0.1112370406845122,4,1,837,0,0,0,0.0,0.19657536618027063,nan,0.22970216681262656
9.950000000000001,full,converge,0.03969322760732317,0.3217141587566966,0,0,yield,0,0.09878591772462746,0.11123704059758979,4,1,837,0,0,0,0.0,0.1965753673472498,nan,0.22970215795885462
10.0,full,converge,0.03969322765963773,0.3217141587751937,0,0,yield,0,0.09878591741039931,0.11123704051581501,4,1,837,0,0,0,0.0,0.19657536846846152,nan,0.22970214949132572
10.05,full,converge,0.03969322771074056,0.32171415879155374,0,0,yield,0,0.0987859171055707,0.11123704043709892,4,1,837,0,0,0,0.0,0.19657536954463042,nan,0.22970214139194567
10.100000000000001,full,converge,0.03969322776026279,0.321714158805989,0,0,yield,0,0.09878591681081532,0.1112370403608525,4,1,837,0,0,0,0.0,0.19657537057651422,nan,0.22970213364593073
10.15,full,converge,0.03969322780809691,0.32171415881869136,0,0,yield,0,0.09878591652740486,0.11123704028814616,4,1,837,0,0,0,0.0,0.19657537156549906,nan,0.2297021262390856
10.200000000000001,full,converge,0.03969322785450469,0.3217141588298351,0,0,yield,0,0.09878591625455073,0.11123704021917655,4,1,837,0,0,0,0.0,0.19657537250973164,nan,0.2297021191545846
10.25,full,converge,0.0396932278983264,0.3217141588395777,0,0,yield,0,0.0987859159970617,0.11123704015484479,4,1,837,0,0,0,0.0,0.1965753734164569,nan,0.2297021123801618
10.3,full,converge,0.03969322794111808,0.32171415884806215,0,0,yield,0,0.09878591574718053,0.11123704009277341,4,1,837,0,0,0,0.0,0.19657537428598326,nan,0.22970210590120865
10.350000000000001,full,converge,0.03969322798221681,0.3217141588554176,0,0,yield,0,0.09878591550764869,0.11123704003354945,4,1,837,0,0,0,0.0,0.1965753751186786,nan,0.22970209970529643
10.4,full,converge,0.03969322802161906,0.3217141588617608,0,0,yield,0,0.09878591527871154,0.1112370399774654,4,1,837,0,0,0,0.0,0.19657537591900706,nan,0.22970209378052975
10.450000000000001,full,converge,0.03969322806029637,0.3217141588671977,0,0,yield,0,0.09878591505529015,0.11123703992277365,4,1,837,0,0,0,0.0,0.19657537668325856,nan,0.22970208811470483
10.5,full,converge,0.039693228096739475,0.3217141588718241,0,0,yield,0,0.09878591484474923,0.1112370398718083,4,1,837,0,0,0,0.0,0.19657537741784875,nan,0.2297020826965105
10.55,full,converge,0.039693228132226616,0.32171415887572646,0,0,yield,0,0.09878591464030471,0.11123703982218144,4,1,837,0,0,0,0.0,0.19657537812298317,nan,0.22970207751646743
10.600000000000001,full,converge,0.03969322816681858,0.32171415887898297,0,0,yield,0,0.09878591444248318,0.11123703977473323,4,1,837,0,0,0,0.0,0.1965753787952294,nan,0.22970207256311348
10.65,full,converge,0.03969322819927283,0.3217141588816646,0,0,yield,0,0.09878591425713272,0.11123703973112445,4,1,837,0,0,0,0.0,0.19657537944266373,nan,0.22970206782642488
10.700000000000001,full,converge,0.03969322823099516,0.3217141588838348,0,0,yield,0,0.09878591407623537,0.11123703968816129,4,1,837,0,0,0,0.0,0.19657538006290448,nan,0.22970206329764753
10.75,full,converge,0.03969322826143512,0.3217141588855514,0,0,yield,0,0.0987859139031295,0.11123703964737244,4,1,837,0,0,0,0.0,0.19657538065487187,nan,0.2297020589679758
10.8,full,converge,0.03969322829049014,0.3217141588868662,0,0,yield,0,0.09878591373872057,0.1112370396093319,4,1,837,0,0,0,0.0,0.19657538122140858,nan,0.2297020548276153
10.850000000000001,full,converge,0.03969322831813379,0.32171415888782634,0,0,yield,0,0.09878591358225357,0.11123703957326003,4,1,837,0,0,0,0.0,0.19657538176754324,nan,0.22970205086875495
10.9,full,converge,0.03969322834524843,0.3217141588884737,0,0,yield,0,0.09878591342898034,0.11123703953747077,4,1,837,0,0,0,0.0,0.19657538228989307,nan,0.2297020470832566
10.950000000000001,full,converge,0.039693228371057585,0.3217141588888466,0,0,yield,0,0.09878591328307883,0.11123703950352012,4,1,837,0,0,0,0.0,0.19657538278852274,nan,0.22970204346478929
11.0,full,converge,0.03969322839556199,0.3217141588889789,0,0,yield,0,0.09878591314536238,0.11123703947233171,4,1,837,0,0,0,0.0,0.19657538326955348,nan,0.22970204000543648
11.05,full,converge,0.03969322841979591,0.3217141588889017,0,0,yield,0,0.09878591300951815,0.11123703944110266,4,1,837,0,0,0,0.0,0.19657538373071223,nan,0.22970203669823175
11.100000000000001,full,converge,0.03969322844323624,0.3217141588886422,0,0,yield,0,0.09878591287854625,0.11123703941109095,4,1,837,0,0,0,0.0,0.19657538416834808,nan,0.22970203353541574
11.15,full,converge,0.039693228464678106,0.3217141588882256,0,0,yield,0,0.09878591275824337,0.11123703938402704,4,1,837,0,0,0,0.0,0.19657538458633636,nan,0.22970203051260818
11.200000000000001,full,converge,0.03969322848508518,0.32171415888767363,0,0,yield,0,0.09878591264431257,0.111237039358971,4,1,837,0,0,0,0.0,0.19657538498637986,nan,0.22970202762218206
11.25,full,converge,0.039693228504575594,0.3217141588870065,0,0,yield,0,0.09878591253536194,0.11123703933491247,4,1,837,0,0,0,0.0,0.1965753853758568,nan,0.2297020248587801
11.3,full,converge,0.039693228524259196,0.32171415888624183,0,0,yield,0,0.09878591242534211,0.111237039309697,4,1,837,0,0,0,0.0,0.19657538574669958,nan,0.22970202221690295
11.350000000000001,full,converge,0.03969322854280776,0.3217141588853956,0,0,yield,0,0.09878591232188931,0.1112370392864013,4,1,837,0,0,0,0.0,0.19657538609619654,nan,0.22970201969173798
11.4,full,converge,0.03969322855964741,0.3217141588844818,0,0,yield,0,0.09878591222811327,0.11123703926618819,4,1,837,0,0,0,0.0,0.19657538643408015,nan,0.22970201727779072
11.450000000000001,full,converge,0.039693228576387664,0.32171415888351296,0,0,yield,0,0.09878591213501779,0.11123703924562639,4,1,837,0,0,0,0.0,0.19657538675999273,nan,0.22970201497078346
11.5,full,converge,0.039693228592781245,0.32171415888250043,0,0,yield,0,0.0987859120443541,0.11123703922572423,4,1,837,0,0,0,0.0,0.19657538707634703,nan,0.22970201276538027
11.55,full,converge,0.03969322860938546,0.321714158881454,0,0,yield,0,0.09878591195260499,0.11123703920479375,4,1,837,0,0,0,0.0,0.1965753873765579,nan,0.22970201065694795
11.600000000000001,full,converge,0.03969322862466322,0.3217141588803825,0,0,yield,0,0.09878591186794443,0.11123703918580446,4,1,837,0,0,0,0.0,0.19657538765906618,nan,0.22970200864254642
11.65,full,converge,0.039693228638528144,0.32171415887929355,0,0,yield,0,0.09878591179188094,0.11123703917003316,4,1,837,0,0,0,0.0,0.1965753879340433,nan,0.2297020067165575
11.700000000000001,full,converge,0.03969322865258552,0.32171415887819405,0,0,yield,0,0.09878591171445537,0.11123703915298036,4,1,837,0,0,0,0.0,0.19657538819681195,nan,0.22970200487570824
11.75,full,converge,0.03969322866597388,0.32171415887708993,0,0,yield,0,0.09878591164073973,0.11123703913680513,4,1,837,0,0,0,0.0,0.19657538844683545,nan,0.22970200311605382
11.8,full,converge,0.03969322867837353,0.3217141588759862,0,0,yield,0,0.09878591157263848,0.11123703912240185,4,1,837,0,0,0,0.0,0.19657538868844365,nan,0.22970200143421027
11.850000000000001,full,converge,0.0396932286906663,0.3217141588748877,0,0,yield,0,0.09878591150509906,0.11123703910769792,4,1,837,0,0,0,0.0,0.19657538891766166,nan,0.2297019998265718
11.9,full,converge,0.039693228702025685,0.3217141588737981,0,0,yield,0,0.09878591144272673,0.11123703909450139,4,1,837,0,0,0,0.0,0.19657538913805478,nan,0.2297019982902574
11.950000000000001,full,converge,0.03969322871306918,0.3217141588727208,0,0,yield,0,0.09878591138220415,0.11123703908163776,4,1,837,0,0,0,0.0,0.19657538935011773,nan,0.22970199682144565
12.0,full,converge,0.03969322872389149,0.321714158871659,0,0,yield,0,0.0987859113227204,0.11123703906858831,4,1,837,0,0,0,0.0,0.19657538955445353,nan,0.22970199541797787
12.05,full,converge,0.039693228734596735,0.3217141588706147,0,0,yield,0,0.09878591126411072,0.11123703905559912,4,1,837,0,0,0,0.0,0.19657538974456618,nan,0.2297019940764956
12.100000000000001,full,converge,0.039693228743633374,0.32171415886959015,0,0,yield,0,0.09878591121451467,0.11123703904554852,4,1,837,0,0,0,0.0,0.1965753899288459,nan,0.2297019927936722
12.15,full,converge,0.03969322875258682,0.3217141588685871,0,0,yield,0,0.09878591116513379,0.1112370390350583,4,1,837,0,0,0,0.0,0.1965753901065809,nan,0.22970199156854842
12.200000000000001,full,converge,0.03969322876169087,0.32171415886760696,0,0,yield,0,0.09878591111544781,0.11123703902439486,4,1,837,0,0,0,0.0,0.19657539027647944,nan,0.2297019903975125
12.25,full,converge,0.03969322877023358,0.32171415886665083,0,0,yield,0,0.09878591106856043,0.11123703901426707,4,1,837,0,0,0,0.0,0.19657539043868988,nan,0.22970198927837615
12.3,full,converge,0.03969322877832503,0.32171415886571936,0,0,yield,0,0.09878591102423594,0.11123703900483775,4,1,837,0,0,0,0.0,0.19657539059513368,nan,0.22970198820849863
12.350000000000001,full,converge,0.03969322878623179,0.32171415886481364,0,0,yield,0,0.09878591098080079,0.11123703899535187,4,1,837,0,0,0,0.0,0.1965753907438214,nan,0.2297019871861662
12.4,full,converge,0.039693228793656235,0.3217141588639339,0,0,yield,0,0.09878591094016657,0.11123703898671339,4,1,837,0,0,0,0.0,0.19657539088761491,nan,0.2297019862099069
12.450000000000001,full,converge,0.03969322880109163,0.32171415886308014,0,0,yield,0,0.09878591089991272,0.11123703897824097,4,1,837,0,0,0,0.0,0.19657539102540875,nan,0.22970198527560448
12.5,full,converge,0.03969322880810206,0.321714158862253,0,0,yield,0,0.09878591086110382,0.11123703896941686,4,1,837,0,0,0,0.0,0.19657539115632114,nan,0.22970198438354783
12.55,full,converge,0.03969322881471014,0.3217141588614523,0,0,yield,0,0.09878591082479408,0.11123703896145926,4,1,837,0,0,0,0.0,0.19657539128487295,nan,0.2297019835312305
12.600000000000001,full,converge,0.03969322882158263,0.32171415886067806,0,0,yield,0,0.09878591078730374,0.11123703895302489,4,1,837,0,0,0,0.0,0.19657539140716035,nan,0.22970198271692033
12.65,full,converge,0.039693228828153966,0.32171415885992977,0,0,yield,0,0.09878591075162828,0.11123703894511128,4,1,837,0,0,0,0.0,0.19657539151992373,nan,0.22970198193893798
12.700000000000001,full,converge,0.0396932288336534,0.32171415885920773,0,0,yield,0,0.09878591072198066,0.11123703893933598,4,1,837,0,0,0,0.0,0.19657539162886276,nan,0.22970198119552532
12.75,full,converge,0.03969322883899589,0.3217141588585109,0,0,yield,0,0.0987859106930039,0.11123703893348474,4,1,837,0,0,0,0.0,0.19657539173576202,nan,0.22970198048496882
12.8,full,converge,0.039693228844508766,0.3217141588578394,0,0,yield,0,0.09878591066302737,0.11123703892702685,4,1,837,0,0,0,0.0,0.19657539183439843,nan,0.22970197980587048
12.850000000000001,full,converge,0.039693228849333434,0.3217141588571925,0,0,yield,0,0.09878591063668023,0.11123703892154943,4,1,837,0,0,0,0.0,0.19657539192821014,nan,0.22970197915748136
12.9,full,converge,0.03969322885374939,0.32171415885656973,0,0,yield,0,0.098785910613005,0.11123703891722997,4,1,837,0,0,0,0.0,0.19657539202189062,nan,0.22970197853814145
12.950000000000001,full,converge,0.039693228858724124,0.3217141588559707,0,0,yield,0,0.09878591058621781,0.11123703891151945,4,1,837,0,0,0,0.0,0.19657539210672173,nan,0.22970197794578529
13.0,full,converge,0.03969322886247397,0.3217141588553948,0,0,yield,0,0.09878591056562445,0.1112370389075985,4,1,837,0,0,0,0.0,0.19657539219292824,nan,0.2297019773804455
13.05,full,converge,0.03969322886706992,0.32171415885484134,0,0,yield,0,0.09878591054073092,0.11123703890212941,4,1,837,0,0,0,0.0,0.19657539227433862,nan,0.229701976839069
13.100000000000001,full,converge,0.03969322887115261,0.3217141588543098,0,0,yield,0,0.09878591051815731,0.11123703889703421,4,1,837,0,0,0,0.0,0.19657539235031593,nan,0.22970197632206302
13.15,full,converge,0.03969322887457128,0.3217141588537995,0,0,yield,0,0.09878591049936157,0.11123703889333916,4,1,837,0,0,0,0.0,0.19657539242631206,nan,0.22970197582919172
13.200000000000001,full,converge,0.03969322887881506,0.3217141588533098,0,0,yield,0,0.09878591047676803,0.11123703888850606,4,1,837,0,0,0,0.0,0.19657539249776443,nan,0.22970197535798242
13.25,full,converge,0.039693228882491834,0.3217141588528402,0,0,yield,0,0.09878591045702838,0.1112370388844574,4,1,837,0,0,0,0.0,0.19657539256255735,nan,0.2297019749071777
13.3,full,converge,0.03969322888518897,0.32171415885238985,0,0,yield,0,0.09878591044212752,0.11123703888173625,4,1,837,0,0,0,0.0,0.19657539262725496,nan,0.2297019744767833
13.350000000000001,full,converge,0.03969322888834055,0.3217141588519585,0,0,yield,0,0.09878591042504252,0.11123703887827519,4,1,837,0,0,0,0.0,0.19657539269314805,nan,0.22970197406588422
13.4,full,converge,0.03969322889226646,0.32171415885154503,0,0,yield,0,0.09878591040413807,0.11123703887352701,4,1,837,0,0,0,0.0,0.19657539275387806,nan,0.22970197367319234
13.450000000000001,full,converge,0.03969322889540647,0.32171415885114907,0,0,yield,0,0.09878591038700739,0.11123703886973363,4,1,837,0,0,0,0.0,0.19657539280749076,nan,0.22970197329788455
13.5,full,converge,0.039693228897630294,0.32171415885077004,0,0,yield,0,0.09878591037507405,0.11123703886788497,4,1,837,0,0,0,0.0,0.19657539285965483,nan,0.2297019729395645
13.55,full,converge,0.03969322889993756,0.3217141588504072,0,0,yield,0,0.0987859103625313,0.11123703886558264,4,1,837,0,0,0,0.0,0.1965753929112039,nan,0.22970197259670788
13.600000000000001,full,converge,0.03969322890234048,0.32171415885006027,0,0,yield,0,0.09878591034912203,0.11123703886263117,4,1,837,0,0,0,0.0,0.1965753929591096,nan,0.229701972269576
13.65,full,converge,0.03969322890450599,0.32171415884972826,0,0,yield,0,0.09878591033740534,0.11123703886046626,4,1,837,0,0,0,0.0,0.19657539300822155,nan,0.22970197195694342
13.700000000000001,full,converge,0.03969322890719739,0.32171415884941085,0,0,yield,0,0.09878591032279709,0.11123703885711592,4,1,837,0,0,0,0.0,0.19657539305561605,nan,0.22970197165837092
13.75,full,converge,0.03969322890973976,0.32171415884910737,0,0,yield,0,0.09878591030877369,0.11123703885375524,4,1,837,0,0,0,0.0,0.19657539310285407,nan,0.22970197137393888
13.8,full,converge,0.039693228912829934,0.3217141588488172,0,0,yield,0,0.09878591029255017,0.11123703884999128,4,1,837,0,0,0,0.0,0.1965753931440462,nan,0.22970197110169488
13.850000000000001,full,converge,0.03969322891479785,0.3217141588485401,0,0,yield,0,0.09878591028211413,0.11123703884811542,4,1,837,0,0,0,0.0,0.19657539318490366,nan,0.22970197084130184
13.9,full,converge,0.039693228917123555,0.3217141588482753,0,0,yield,0,0.09878591026939747,0.11123703884501854,4,1,837,0,0,0,0.0,0.19657539322332804,nan,0.22970197059215203
13.950000000000001,full,converge,0.03969322891889252,0.32171415884802235,0,0,yield,0,0.0987859102596551,0.1112370388430029,4,1,837,0,0,0,0.0,0.19657539326041948,nan,0.22970197035518225
14.0,full,converge,0.0396932289209498,0.32171415884778093,0,0,yield,0,0.09878591024878812,0.11123703884074179,4,1,837,0,0,0,0.0,0.1965753932985918,nan,0.22970197012860483
14.05,full,converge,0.039693228923365714,0.3217141588475503,0,0,yield,0,0.09878591023585774,0.11123703883758496,4,1,837,0,0,0,0.0,0.19657539333315133,nan,0.22970196991213931
14.100000000000001,full,converge,0.039693228925258145,0.32171415884733034,0,0,yield,0,0.09878591022576065,0.11123703883541322,4,1,837,0,0,0,0.0,0.19657539336415641,nan,0.22970196970593182
14.15,full,converge,0.03969322892682767,0.32171415884712035,0,0,yield,0,0.09878591021773701,0.1112370388341391,4,1,837,0,0,0,0.0,0.19657539339788996,nan,0.2297019695086101
14.200000000000001,full,converge,0.03969322892901198,0.32171415884691984,0,0,yield,0,0.0987859102061676,0.11123703883137151,4,1,837,0,0,0,0.0,0.19657539342699168,nan,0.2297019693200809
14.25,full,converge,0.03969322893051898,0.3217141588467286,0,0,yield,0,0.0987859101982612,0.11123703882987987,4,1,837,0,0,0,0.0,0.19657539345266062,nan,0.22970196914027674
14.3,full,converge,0.0396932289316517,0.32171415884654625,0,0,yield,0,0.09878591019255649,0.11123703882924238,4,1,837,0,0,0,0.0,0.19657539347915817,nan,0.22970196896852857
14.350000000000001,full,converge,0.03969322893304908,0.3217141588463723,0,0,yield,0,0.09878591018536363,0.11123703882798422,4,1,837,0,0,0,0.0,0.1965753935049341,nan,0.22970196880380744
14.4,full,converge,0.03969322893441196,0.3217141588462064,0,0,yield,0,0.09878591017802978,0.11123703882639516,4,1,837,0,0,0,0.0,0.1965753935266492,nan,0.22970196864681813
14.450000000000001,full,converge,0.03969322893522141,0.32171415884604815,0,0,yield,0,0.09878591017383152,0.11123703882599278,4,1,837,0,0,0,0.0,0.19657539354942383,nan,0.22970196849643487
14.5,full,converge,0.039693228936270857,0.3217141588458973,0,0,yield,0,0.09878591016809256,0.11123703882483107,4,1,837,0,0,0,0.0,0.1965753935721418,nan,0.22970196835256262
14.55,full,converge,0.03969322893733552,0.3217141588457535,0,0,yield,0,0.09878591016202025,0.11123703882334876,4,1,837,0,0,0,0.0,0.19657539359289877,nan,0.2297019682148943
14.600000000000001,full,converge,0.039693228938196795,0.32171415884561655,0,0,yield,0,0.09878591015697295,0.11123703882213315,4,1,837,0,0,0,0.0,0.19657539361139795,nan,0.22970196808463783
14.65,full,converge,0.039693228938798834,0.32171415884548593,0,0,yield,0,0.09878591015390163,0.11123703882202074,4,1,837,0,0,0,0.0,0.19657539363408913,nan,0.2297019679604414
14.700000000000001,full,converge,0.0396932289404486,0.3217141588453614,0,0,yield,0,0.0987859101453915,0.11123703882001768,4,1,837,0,0,0,0.0,0.1965753936538178,nan,0.22970196784141617
14.75,full,converge,0.03969322894162985,0.321714158845243,0,0,yield,0,0.09878591013906261,0.11123703881851704,4,1,837,0,0,0,0.0,0.1965753936705836,nan,0.2297019677274591
14.8,full,converge,0.03969322894239238,0.32171415884513,0,0,yield,0,0.09878591013509973,0.11123703881791316,4,1,837,0,0,0,0.0,0.1965753936909691,nan,0.22970196761924455
14.850000000000001,full,converge,0.039693228943882115,0.3217141588450224,0,0,yield,0,0.09878591012737485,0.11123703881605104,4,1,837,0,0,0,0.0,0.19657539370847948,nan,0.22970196751512273
14.9,full,converge,0.03969322894479362,0.32171415884491983,0,0,yield,0,0.09878591012225373,0.11123703881475372,4,1,837,0,0,0,0.0,0.1965753937220645,nan,0.2297019674160924
14.950000000000001,full,converge,0.039693228945148,0.32171415884482224,0,0,yield,0,0.09878591012048098,0.1112370388148761,4,1,837,0,0,0,0.0,0.1965753937349344,nan,0.2297019673216042
15.0,full,converge,0.03969322894535441,0.3217141588447293,0,0,yield,0,0.09878591011940561,0.11123703881517802,4,1,837,0,0,0,0.0,0.19657539374746583,nan,0.22970196723081837
0.05,full+plan,converge,0.2353740052161439,0.23537400504707728,0,0,free,0,0.05676101943747254,0.16504642260436408,5,1,752,0,0,0,0.0,0.25,nan,0.21201724964604807
0.1,full+plan,converge,0.20653811359267588,0.2106337990496868,0,0,free,0,0.052502152086353296,0.15076234118440393,6,1,752,0,0,0,0.0,0.2355206280275939,nan,0.21243750271361173
0.15000000000000002,full+plan,converge,0.18248371402788124,0.18798441385761963,0,0,free,0,0.053568283751980486,0.138422862231838,6,1,752,0,0,0,0.0,0.1941879687124645,nan,0.21266152522065196
0.2,full+plan,converge,0.16097339021380022,0.16735918132701552,0,0,free,0,0.05468313978322363,0.12761910450948427,6,1,826,0,0,0,0.0,0.15741735706481313,nan,0.2128212478068242
0.25,full+plan,converge,0.1416459658945223,0.1490547120001661,0,0,free,0,0.05457479357989557,0.11831036710373025,10,1,826,0,0,0,0.0,0.1420154179354708,nan,0.21195932786037275
0.30000000000000004,full+plan,converge,0.13384029447557025,0.14029177126486303,0,0,free,0,0.06354415106207713,0.11307536447493416,10,0,826,0,0,0,0.0,0.1420154179354708,nan,0.21195932786037275
0.35000000000000003,full+plan,converge,0.13384029447557025,0.14029177126486303,0,0,free,0,0.06354415106207713,0.11307536447493416,10,0,830,0,0,0,0.0,0.1420154179354708,nan,0.21195932786037275
0.4,full+plan,converge,0.13384029447557025,0.14029177126486303,0,0,free,0,0.06354415106207713,0.11307536447493416,10,0,830,0,0,0,0.0,0.1420154179354708,nan,0.21195932786037275
0.45,full+plan,converge,0.13384029447557025,0.14029177126486303,0,0,free,0,0.06354415106207713,0.11307536447493416,10,0,830,0,0,0,0.0,0.1420154179354708,nan,0.21195932786037275
0.5,full+plan,converge,0.13384029447557025,0.14029177126486303,0,0,free,0,0.06354415106207713,0.11307536447493416,10,0,830,0,0,0,0.0,0.1420154179354708,nan,0.21195932786037275
0.55,full+plan,converge,0.13384029447557025,0.14029177126486303,0,0,free,0,0.06354415106207713,0.11307536447493416,10,0,830,0,0,0,0.0,0.1420154179354708,nan,0.21195932786037275
0.6000000000000001,full+plan,converge,0.13384029447557025,0.14029177126486303,0,0,free,0,0.06354415106207713,0.11307536447493416,10,0,830,0,0,0,0.0,0.1420154179354708,nan,0.21195932786037275
0.65,full+plan,converge,0.13384029447557025,0.14029177126486303,0,0,free,0,0.06354415106207713,0.11307536447493416,10,0,830,0,0,0,0.0,0.1420154179354708,nan,0.21195932786037275
0.7000000000000001,full+plan,converge,0.13384029447557025,0.14029177126486303,0,0,free,0,0.06354415106207713,0.11307536447493416,10,0,830,0,0,0,0.0,0.1420154179354708,nan,0.21195932786037275
0.75,full+plan,converge,0.13384029447557025,0.14029177126486303,0,0,free,0,0.06354415106207713,0.11307536447493416,10,0,830,0,0,0,0.0,0.1420154179354708,nan,0.21195932786037275
0.8,full+plan,converge,0.13384029447557025,0.14029177126486303,0,0,free,0,0.06354415106207713,0.11307536447493416,10,0,830,0,0,0,0.0,0.1420154179354708,nan,0.21195932786037275
0.8500000000000001,full+plan,converge,0.13384029447557025,0.14029177126486303,0,0,free,0,0.06354415106207713,0.11307536447493416,10,0,830,0,0,0,0.0,0.1420154179354708,nan,0.21195932786037275
0.9,full+plan,converge,0.13384029447557025,0.14029177126486303,0,0,free,0,0.06354415106207713,0.11307536447493416,10,0,830,0,0,0,0.0,0.1420154179354708,nan,0.21195932786037275
0.9500000000000001,full+plan,converge,0.13384029447557025,0.14029177126486303,0,0,free,0,0.06354415106207713,0.11307536447493416,10,0,830,0,0,0,0.0,0.1420154179354708,nan,0.21195932786037275
1.0,full+plan,converge,0.13384029447557025,0.14029177126486303,0,0,free,0,0.06354415106207713,0.11307536447493416,10,0,830,0,0,0,0.0,0.1420154179354708,nan,0.21195932786037275
1.05,full+plan,converge,0.13384029447557025,0.14029177126486303,0,0,free,0,0.06354415106207713,0.11307536447493416,10,0,830,0,0,0,0.0,0.1420154179354708,nan,0.21195932786037275
1.1,full+plan,converge,0.13384029447557025,0.14029177126486303,0,0,free,0,0.06354415106207713,0.11307536447493416,10,0,830,0,0,0,0.0,0.1420154179354708,nan,0.21195932786037275
1.1500000000000001,full+plan,converge,0.13384029447557025,0.14029177126486303,0,0,free,0,0.06354415106207713,0.11307536447493416,10,0,830,0,0,0,0.0,0.1420154179354708,nan,0.21195932786037275
1.2000000000000002,full+plan,converge,0.13384029447557025,0.14029177126486303,0,0,yield,0,0.06354415106207713,0.11307536447493416,10,1,830,0,0,0,0.0,0.14447439274641097,nan,0.2122901032876211
1.25,full+plan,converge,0.11784275990490832,0.16002108535888035,0,0,yield,0,0.06330233026358136,0.12662716384949263,10,1,830,0,0,0,0.0,0.14885159257181146,nan,0.2126173925578524
1.3,full+plan,converge,0.10383131109801239,0.1789173328651942,0,0,yield,0,0.06336044902668299,0.1194277782451558,10,1,830,0,0,0,0.0,0.15422445307284288,nan,0.2129556003010321
1.35,full+plan,converge,0.09154561981732692,0.19632092268283155,0,0,yield,0,0.06347227100568299,0.11247965199497548,10,1,830,0,0,0,0.0,0.15908965432464242,nan,0.2133099864148259
1.4000000000000001,full+plan,converge,0.08076506502966954,0.21169154158142914,0,0,yield,0,0.06345841601269687,0.10683015543317986,10,1,832,0,0,0,0.0,0.16129909661333694,nan,0.21440403629118798
1.4500000000000002,full+plan,converge,0.07260835395575771,0.2252322050949802,0,0,yield,0,0.06791285088886943,0.10463128251235226,10,1,832,0,0,0,0.0,0.1637821948214632,nan,0.21577975293561724
1.5,full+plan,converge,0.06587457799754383,0.23714195782886505,0,0,yield,0,0.0718740262544691,0.10376197204834195,9,1,832,0,0,0,0.0,0.16632903287361794,nan,0.2171434300668097
1.55,full+plan,converge,0.06029719701098086,0.24760605883052345,0,0,yield,0,0.07546067622630391,0.1034712150622756,8,1,835,0,0,0,0.0,0.1688548807314849,nan,0.21846823302300067
1.6,full+plan,converge,0.055744414812198946,0.256792850067369,0,0,yield,0,0.07866063260330088,0.10358524771882222,8,1,835,0,0,0,0.0,0.17130563929159054,nan,0.21973169558632633
1.6500000000000001,full+plan,converge,0.05208365739722127,0.264853416103186,0,0,yield,0,0.08148261155553553,0.10396637298133196,7,1,835,0,0,0,0.0,0.1736469936673812,nan,0.22091659873549385
1.7000000000000002,full+plan,converge,0.04918343882538611,0.2719224064337683,0,0,yield,0,0.08394899145751987,0.10450946683886816,6,1,837,0,0,0,0.0,0.17585779611585495,nan,0.22201122085030234
1.75,full+plan,converge,0.04691728095680052,0.27811931047252353,0,0,yield,0,0.08608981224247268,0.105137229248321,6,1,837,0,0,0,0.0,0.17792601091174692,nan,0.22300905938369142
1.8,full+plan,converge,0.04516810382769811,0.2835498660031485,0,0,yield,0,0.08793837226037353,0.10579502853697911,6,1,837,0,0,0,0.0,0.17984612082370946,nan,0.2239081531711805
1.85,full+plan,converge,0.043831782702801206,0.2883074559508833,0,0,yield,0,0.0895282910332769,0.10644595921815447,6,1,837,0,0,0,0.0,0.18161735300349063,nan,0.2247101778875854
1.9000000000000001,full+plan,converge,0.04281916066639107,0.2924744288747835,0,0,yield,0,0.09089171407282569,0.10706648060490001,5,1,837,0,0,0,0.0,0.18324238236677864,nan,0.22541948485887142
1.9500000000000002,full+plan,converge,0.04205642642765936,0.2961233168789398,0,0,yield,0,0.09205832731922108,0.10764279358163881,4,1,837,0,0,0,0.0,0.18472633958363338,nan,0.22604220979200218
2.0,full+plan,converge,0.04148419419831219,0.2993179433153101,0,0,yield,0,0.09305491013075494,0.10816796764166109,4,1,837,0,0,0,0.0,0.18607603587603705,nan,0.22658552207954907
2.0500000000000003,full+plan,converge,0.04105578741446635,0.30211442161389046,0,0,yield,0,0.09390522770078151,0.1086397465590919,4,1,837,0,0,0,0.0,0.1872993559479486,nan,0.22705703852382875
2.1,full+plan,converge,0.04073519221854539,0.30456205088651656,0,0,yield,0,0.0946301252520985,0.10905892422380356,4,1,837,0,0,0,0.0,0.1884047874741847,nan,0.22746439478766567
2.15,full+plan,converge,0.0404950164322796,0.30670411578708234,0,0,yield,0,0.09524773248792882,0.10942817538335528,4,1,837,0,0,0,0.0,0.18940106288601133,nan,0.2278149523334415
2.2,full+plan,converge,0.04031464850465025,0.3085785987689117,0,0,yield,0,0.09577371977589937,0.10975123577300089,4,1,837,0,0,0,0.0,0.19029311630884788,nan,0.22811561347073084
2.25,full+plan,converge,0.04017870018442627,0.31021881282777486,0,0,yield,0,0.09622104284835946,0.1100323427417694,4,1,837,0,0,0,0.0,0.1909623748823683,nan,0.2283727179310192
2.3000000000000003,full+plan,converge,0.040075745480516255,0.31165396252882693,0,0,yield,0,0.09660081407216196,0.11027586540998632,4,1,837,0,0,0,0.0,0.1915661766574382,nan,0.22859199807008557
2.35,full+plan,converge,0.03999733035038798,0.3129096405967387,0,0,yield,0,0.09692337092179464,0.11048606984160819,4,1,837,0,0,0,0.0,0.1921096748420996,nan,0.22877857429961412
2.4000000000000004,full+plan,converge,0.03993721181774921,0.31400826683343075,0,0,yield,0,0.09719745817865104,0.11066697847501022,4,1,837,0,0,0,0.0,0.1925979098241893,nan,0.2289369766852677
2.45,full+plan,converge,0.03989078250870113,0.314969475537417,0,0,yield,0,0.09743046690624522,0.11082229398853716,4,1,837,0,0,0,0.0,0.19303572545713235,nan,0.22907118238179247
2.5,full+plan,converge,0.03985464033328358,0.3158104570664637,0,0,yield,0,0.09762864580499674,0.11095536618768248,4,1,837,0,0,0,0.0,0.1934277145104681,nan,0.22918466157088357
2.5500000000000003,full+plan,converge,0.03982626932288344,0.3165462586380111,0,0,yield,0,0.09779727983848101,0.11106918675449726,4,1,837,0,0,0,0.0,0.19377818602728542,nan,0.22928042686376926
2.6,full+plan,converge,0.03980380427245252,0.3171900489879735,0,0,yield,0,0.09794084086383907,0.1111664013068239,4,1,837,0,0,0,0.0,0.19409114886597764,nan,0.22936108283636558
2.6500000000000004,full+plan,converge,0.03978585786343737,0.31775335101079655,0,0,yield,0,0.09806311452464504,0.11124933153824226,4,1,837,0,0,0,0.0,0.19437030706983363,nan,0.2294288736017046
2.7,full+plan,converge,0.03977139400970708,0.3182462461062778,0,0,yield,0,0.09816730707167719,0.11132000256012334,4,1,837,0,0,0,0.0,0.19461906364489875,nan,0.22948572718915916
2.75,full+plan,converge,0.039759635193301855,0.3186775535432587,0,0,yield,0,0.09825613531804621,0.11138017225383973,4,1,837,0,0,0,0.0,0.19484053017927608,nan,0.22953329609989692
2.8000000000000003,full+plan,converge,0.039749994702487634,0.3190549877960132,0,0,yield,0,0.09833190241037741,0.11143136058951192,4,1,837,0,0,0,0.0,0.19503754038748325,nan,0.22957299381309937
2.85,full+plan,converge,0.03974202707257855,0.31938529648888914,0,0,yield,0,0.0983965616446189,0.11147487765295305,4,1,837,0,0,0,0.0,0.19521266604016593,nan,0.2296060272608943
2.9000000000000004,full+plan,converge,0.039735391787670514,0.3196743812760046,0,0,yield,0,0.09845177032164486,0.11103250263298584,4,1,837,0,0,0,0.0,0.1953682342638102,nan,0.22963342546719023
2.95,full+plan,converge,0.03972982666184979,0.3199274037254898,0,0,yield,0,0.09849893516551915,0.11106410811694381,4,1,837,0,0,0,0.0,0.19550634541310816,nan,0.22965606462269406
3.0,full+plan,converge,0.03972512827405497,0.32014887803595504,0,0,yield,0,0.0985392506494399,0.11109093726189959,4,1,837,0,0,0,0.0,0.19562889085632462,nan,0.2296746899163672
3.0500000000000003,full+plan,converge,0.03972113753009723,0.32034275219699837,0,0,yield,0,0.09857373144205299,0.11111370040040983,4,1,837,0,0,0,0.0,0.19573757042285111,nan,0.22968993445549157
3.1,full+plan,converge,0.039717728995049356,0.3205124790145085,0,0,yield,0,0.09860323975176764,0.11113300427696432,4,1,837,0,0,0,0.0,0.19583390909364273,nan,0.2297023356064133
3.1500000000000004,full+plan,converge,0.039714802957270916,0.32066107825465856,0,0,yield,0,0.09862850851638842,0.1111493666389386,4,1,837,0,0,0,0.0,0.19591927284978736,nan,0.22971234906154103
3.2,full+plan,converge,0.039712279509104866,0.32079119100686637,0,0,yield,0,0.09865016100061307,0.11116322891371563,4,1,837,0,0,0,0.0,0.19599488353405337,nan,0.22972036091814207
3.25,full+plan,converge,0.039710094104091126,0.3209051272317062,0,0,yield,0,0.09866872739377962,0.1111749671880968,4,1,837,0,0,0,0.0,0.19606183267684077,nan,0.2297266980284397
3.3000000000000003,full+plan,converge,0.03970819420256241,0.32100490734311565,0,0,yield,0,0.09868465887465803,0.11118490168578049,4,1,837,0,0,0,0.0,0.19612109428758662,nan,0.22973163686042597
3.35,full+plan,converge,0.03970653672530132,0.321092298571766,0,0,yield,0,0.09869833952351685,0.11119330492319282,4,1,837,0,0,0,0.0,0.196173536618702,nan,0.22973541106079576
3.4000000000000004,full+plan,converge,0.03970508610734253,0.3211688467598595,0,0,yield,0,0.09871009641299087,0.1112004087087416,4,1,837,0,0,0,0.0,0.19621993290207831,nan,0.22973821791303084
3.45,full+plan,converge,0.0397038127936862,0.321235904160155,0,0,yield,0,0.09872020819555798,0.11120641015379468,4,1,837,0,0,0,0.0,0.19626097118501068,nan,0.22974022383530224
3.5,full+plan,converge,0.039702692079955096,0.32129465374233906,0,0,yield,0,0.09872891234204344,0.1112114767980742,4,1,837,0,0,0,0.0,0.19629726322235985,nan,0.22974156907129706
3.5500000000000003,full+plan,converge,0.03970170319980115,0.32134613044224647,0,0,yield,0,0.09873641132212445,0.11121575100696449,4,1,837,0,0,0,0.0,0.19632935255848197,nan,0.22974237167620737
3.6,full+plan,converge,0.03970082860985801,0.32139123974071904,0,0,yield,0,0.09874287782544493,0.11121935371478764,4,1,837,0,0,0,0.0,0.19635772180112787,nan,0.22974273090543484
3.6500000000000004,full+plan,converge,0.03970005341703565,0.3214307739051484,0,0,yield,0,0.09874845922272661,0.11122238762900036,4,1,837,0,0,0,0.0,0.19638279920765506,nan,0.22974273010072632
3.7,full+plan,converge,0.039699364926823674,0.3214654261903318,0,0,yield,0,0.09875328132034931,0.11122493994967791,4,1,837,0,0,0,0.0,0.19640496459526338,nan,0.22974243913486425
3.75,full+plan,converge,0.03969875227544678,0.32149580325369653,0,0,yield,0,0.09875745156971132,0.11122708469260173,4,1,837,0,0,0,0.0,0.19642455464323963,nan,0.2297419164922193
3.8000000000000003,full+plan,converge,0.039698206131351554,0.32152243600932445,0,0,yield,0,0.09876106179581544,0.11122888466880934,4,1,837,0,0,0,0.0,0.19644186765645025,nan,0.229741211031962
3.85,full+plan,converge,0.03969771845298536,0.3215457891194431,0,0,yield,0,0.09876419050712236,0.11123039316562283,4,1,837,0,0,0,0.0,0.1964571678245434,nan,0.22974036348374705
3.9000000000000004,full+plan,converge,0.0396972822885952,0.32156626929178445,0,0,yield,0,0.09876690486439614,0.11123165537807428,4,1,837,0,0,0,0.0,0.19647068902407083,nan,0.22973940771732015
3.95,full+plan,converge,0.03969689161051393,0.3215842325360391,0,0,yield,0,0.09876926235918591,0.11123270962991813,4,1,837,0,0,0,0.0,0.19648263823042625,nan,0.22973837181758572
4.0,full+plan,converge,0.03969654117888234,0.3215999905083216,0,0,yield,0,0.09877131223049627,0.11123358840590458,4,1,837,0,0,0,0.0,0.1964931985561111,nan,0.22973727899766694
4.05,full+plan,converge,0.039696226429735665,0.32161381605955275,0,0,yield,0,0.09877309666366595,0.11123431922895288,4,1,837,0,0,0,0.0,0.19650253193493192,nan,0.22973614836753253
4.1000000000000005,full+plan,converge,0.03969594337319635,0.3216259480875393,0,0,yield,0,0.09877465184922805,0.11123492541741725,4,1,837,0,0,0,0.0,0.19651078153523718,nan,0.2297349955892568
4.15,full+plan,converge,0.039695688515461305,0.32163659578032167,0,0,yield,0,0.09877600884697395,0.1112354267175287,4,1,837,0,0,0,0.0,0.19651807390558668,nan,0.22973383343081666
4.2,full+plan,converge,0.03969545879013919,0.321645942327446,0,0,yield,0,0.09877719433357739,0.11123583984362326,4,1,837,0,0,0,0.0,0.19652452089297426,nan,0.2297326722287002
4.25,full+plan,converge,0.03969525150350148,0.3216541481659913,0,0,yield,0,0.09877823122004907,0.11123617892923429,4,1,837,0,0,0,0.0,0.19653022130063028,nan,0.2297315202907141
4.3,full+plan,converge,0.03969506427900128,0.32166135381993843,0,0,yield,0,0.09877913923083019,0.11123645593333806,4,1,837,0,0,0,0.0,0.19653526240973265,nan,0.2297303842236854
4.3500000000000005,full+plan,converge,0.03969489501894732,0.3216676823838071,0,0,yield,0,0.09877993534233602,0.11123668096061473,4,1,837,0,0,0,0.0,0.19653972130474082,nan,0.22972926921774206
4.4,full+plan,converge,0.03969474186746696,0.3216732416954428,0,0,yield,0,0.09878063418380294,0.11123686254616091,4,1,837,0,0,0,0.0,0.19654366606153684,nan,0.22972817928389067
4.45,full+plan,converge,0.03969460318085105,0.3216781262369235,0,0,yield,0,0.09878124836692796,0.11123700789219412,4,1,837,0,0,0,0.0,0.1965471567893061,nan,0.2297271174555634
4.5,full+plan,converge,0.039694477500145715,0.32168241879738074,0,0,yield,0,0.09878178877749592,0.11123712307279271,4,1,837,0,0,0,0.0,0.19655024654510908,nan,0.229726085954303
4.55,full+plan,converge,0.03969436352588003,0.3216861919284339,0,0,yield,0,0.09878226483193601,0.11123721320940808,4,1,837,0,0,0,0.0,0.19655298217573713,nan,0.22972508633537225
4.6000000000000005,full+plan,converge,0.03969426010306405,0.321689509217281,0,0,yield,0,0.09878268466258254,0.11123728260948956,4,1,837,0,0,0,0.0,0.19655540502720156,nan,0.22972411960631012
4.65,full+plan,converge,0.03969416620003971,0.32169242640098533,0,0,yield,0,0.09878305531776453,0.11123733489817494,4,1,837,0,0,0,0.0,0.19655755159232022,nan,0.2297231863267496
4.7,full+plan,converge,0.03969408089460315,0.321694992341621,0,0,yield,0,0.09878338290928311,0.11123737312146445,4,1,837,0,0,0,0.0,0.19655945407460845,nan,0.22972228669111805
4.75,full+plan,converge,0.039694003361032244,0.3216972498796805,0,0,yield,0,0.09878367274310872,0.11123739983492428,4,1,837,0,0,0,0.0,0.19656114090356916,nan,0.2297214206027841
4.800000000000001,full+plan,converge,0.03969393286075537,0.32169923658104144,0,0,yield,0,0.09878392942260532,0.1112374171776011,4,1,837,0,0,0,0.0,0.19656263716416122,nan,0.22972058772800208
4.8500000000000005,full+plan,converge,0.03969386872981716,0.3217009853909019,0,0,yield,0,0.09878415695709035,0.11123742693929459,4,1,837,0,0,0,0.0,0.1965639649976022,nan,0.22971978754993383
4.9,full+plan,converge,0.03969381037206957,0.3217025252061103,0,0,yield,0,0.09878435883671226,0.11123743061398342,4,1,837,0,0,0,0.0,0.19656514395084815,nan,0.22971901940581219
4.95,full+plan,converge,0.03969375725265673,0.3217038813763591,0,0,yield,0,0.09878453809651948,0.1112374294427142,4,1,837,0,0,0,0.0,0.19656619126327657,nan,0.22971828252465698
5.0,full+plan,converge,0.03969370888740381,0.32170507614285826,0,0,yield,0,0.09878469740026789,0.11123742446249724,4,1,837,0,0,0,0.0,0.19656712216151148,nan,0.22971757604966736
5.050000000000001,full+plan,converge,0.0396936648410818,0.3217061290226066,0,0,yield,0,0.0987848390671464,0.11123741652790459,4,1,837,0,0,0,0.0,0.1965679500747084,nan,0.22971689906775483
5.1000000000000005,full+plan,converge,0.03969362471947624,0.32170705714475817,0,0,yield,0,0.09878496513627781,0.11123740634931012,4,1,837,0,0,0,0.0,0.19656868686378565,nan,0.2297162506245679
5.15,full+plan,converge,0.03969358816717085,0.32170787554530716,0,0,yield,0,0.09878507738985413,0.11123739450919451,4,1,837,0,0,0,0.0,0.19656934300830625,nan,0.22971562974127047
5.2,full+plan,converge,0.03969355486433821,0.3217085974250646,0,0,yield,0,0.09878517738266422,0.11123738148121709,4,1,837,0,0,0,0.0,0.1965699277431495,nan,0.22971503542519522
5.25,full+plan,converge,0.03969352451737682,0.321709234375768,0,0,yield,0,0.09878526650222218,0.11123736765894404,4,1,837,0,0,0,0.0,0.19657044923646919,nan,0.2297144666839558
5.300000000000001,full+plan,converge,0.03969349686355523,0.321709796578055,0,0,yield,0,0.09878534595266363,0.11123735335590215,4,1,837,0,0,0,0.0,0.19657091469272617,nan,0.22971392253153022
5.3500000000000005,full+plan,converge,0.039693471662441505,0.321710292974954,0,0,yield,0,0.0987854168061617,0.11123733882816608,4,1,837,0,0,0,0.0,0.19657133048464373,nan,0.2297134019946271
5.4,full+plan,converge,0.039693448697932746,0.3217107314238576,0,0,yield,0,0.09878547999815344,0.11123732427680177,4,1,837,0,0,0,0.0,0.1965717022382402,nan,0.22971290411607737
5.45,full+plan,converge,0.03969342777225511,0.3217111188297552,0,0,yield,0,0.09878553636119002,0.11123730986142749,4,1,837,0,0,0,0.0,0.19657203492278474,nan,0.22971242796355507
5.5,full+plan,converge,0.039693408705703204,0.3217114612619098,0,0,yield,0,0.09878558663345681,0.11123729570819937,4,1,837,0,0,0,0.0,0.19657233293278684,nan,0.22971197262694465
5.550000000000001,full+plan,converge,0.03969339133506817,0.32171176405620294,0,0,yield,0,0.09878563146626394,0.11123728191191948,4,1,837,0,0,0,0.0,0.19657260015174982,nan,0.22971153722489757
5.6000000000000005,full+plan,converge,0.039693375511996414,0.3217120319047877,0,0,yield,0,0.09878567143711146,0.1112372685437083,4,1,837,0,0,0,0.0,0.19657284001591824,nan,0.2297111209043562
5.65,full+plan,converge,0.03969336110145347,0.32171226893472304,0,0,yield,0,0.09878570705852079,0.1112372556548557,4,1,837,0,0,0,0.0,0.19657305556136057,nan,0.22971072284085003
5.7,full+plan,converge,0.03969334798006375,0.32171247877689957,0,0,yield,0,0.09878573878758139,0.11123724328053991,4,1,837,0,0,0,0.0,0.19657324947494725,nan,0.2297103422399912
5.75,full+plan,converge,0.03969333603521597,0.3217126646264758,0,0,yield,0,0.09878576703278284,0.11123723144402231,4,1,837,0,0,0,0.0,0.19657342413768775,nan,0.22970997833861706
5.800000000000001,full+plan,converge,0.039693325165151595,0.32171282929590816,0,0,yield,0,0.09878579215277948,0.11123722015546689,4,1,837,0,0,0,0.0,0.1965735816471368,nan,0.22970963040285197
5.8500000000000005,full+plan,converge,0.03969331527501326,0.32171297526142356,0,0,yield,0,0.09878581447901984,0.11123720942131915,4,1,837,0,0,0,0.0,0.19657372387408267,nan,0.22970929772718696
5.9,full+plan,converge,0.039693306280615556,0.32171310470382797,0,0,yield,0,0.0987858342938595,0.11123719923527164,4,1,837,0,0,0,0.0,0.19657385247345074,nan,0.22970897963700143
5.95,full+plan,converge,0.03969329810490107,0.3217132195442821,0,0,yield,0,0.09878585185147397,0.11123718958713799,4,1,837,0,0,0,0.0,0.19657396890241058,nan,0.22970867548540796
6.0,full+plan,converge,0.039693290675359254,0.32171332147571613,0,0,yield,0,0.0987858673909252,0.11123718046719736,4,1,837,0,0,0,0.0,0.1965740744619472,nan,0.2297083846533613
6.050000000000001,full+plan,converge,0.03969328392777436,0.32171341199038256,0,0,yield,0,0.09878588111578727,0.11123717185855725,4,1,837,0,0,0,0.0,0.1965741702999434,nan,0.22970810654855278
6.1000000000000005,full+plan,converge,0.039693277802166485,0.3217134924040528,0,0,yield,0,0.09878589321489899,0.1112371637440181,4,1,837,0,0,0,0.0,0.19657425743795784,nan,0.22970784060480332
6.15,full+plan,converge,0.039693272244397414,0.32171356387725636,0,0,yield,0,0.09878590385488382,0.11123715610423732,4,1,837,0,0,0,0.0,0.19657433678474834,nan,0.22970758628113785
6.2,full+plan,converge,0.039693267205345,0.32171362743393067,0,0,yield,0,0.09878591318319334,0.11123714891785813,4,1,837,0,0,0,0.0,0.19657440914597243,nan,0.2297073430606681
6.25,full+plan,converge,0.03969326263983169,0.3217136839778007,0,0,yield,0,0.09878592133386609,0.1112371421636418,4,1,837,0,0,0,0.0,0.19657447523560076,nan,0.22970711044878211
6.300000000000001,full+plan,converge,0.039693258505913605,0.3217137343067735,0,0,yield,0,0.09878592843037097,0.11123713582089284,4,1,837,0,0,0,0.0,0.19657453569485384,nan,0.2297068879745895
6.3500000000000005,full+plan,converge,0.03969325476675793,0.3217137791255669,0,0,yield,0,0.09878593457667788,0.1112371298670074,4,1,837,0,0,0,0.0,0.19657459108735037,nan,0.22970667518853405
6.4,full+plan,converge,0.03969325138731534,0.3217138190568304,0,0,yield,0,0.09878593987324046,0.11123712428195459,4,1,837,0,0,0,0.0,0.19657464191838622,nan,0.22970647165895686
6.45,full+plan,converge,0.03969324833575335,0.32171385465090013,0,0,yield,0,0.09878594440853598,0.1112371190448252,4,1,837,0,0,0,0.0,0.19657468863233835,nan,0.22970627697666324
6.5,full+plan,converge,0.039693245582595,0.32171388639438525,0,0,yield,0,0.0987859482656188,0.11123711413734283,4,1,837,0,0,0,0.0,0.19657473163622655,nan,0.22970609075017345
6.550000000000001,full+plan,converge,0.03969324310229487,0.3217139147177171,0,0,yield,0,0.09878595151123769,0.11123710953858679,4,1,837,0,0,0,0.0,0.19657477128254985,nan,0.22970591260544604
6.6000000000000005,full+plan,converge,0.039693240869885335,0.32171394000178444,0,0,yield,0,0.09878595421431761,0.1112371052317031,4,1,837,0,0,0,0.0,0.19657480789108459,nan,0.22970574218562356
6.65,full+plan,converge,0.03969323886323906,0.32171396258377366,0,0,yield,0,0.09878595643311426,0.11123710119901448,4,1,837,0,0,0,0.0,0.19657484174959527,nan,0.22970557914960266
6.7,full+plan,converge,0.03969323706260335,0.3217139827623101,0,0,yield,0,0.09878595821688162,0.11123709742191168,4,1,837,0,0,0,0.0,0.1965748731103218,nan,0.2297054231730119
6.75,full+plan,converge,0.03969323544917618,0.3217140008019785,0,0,yield,0,0.09878595961568269,0.11123709388602085,4,1,837,0,0,0,0.0,0.19657490220407248,nan,0.22970527394525864
6.800000000000001,full+plan,converge,0.03969323400662916,0.3217140169373043,0,0,yield,0,0.09878596066888533,0.11123709057468262,4,1,837,0,0,0,0.0,0.19657492923964254,nan,0.22970513117074665
6.8500000000000005,full+plan,converge,0.03969323272008359,0.32171403137626287,0,0,yield,0,0.09878596141210842,0.11123708747264127,4,1,837,0,0,0,0.0,0.19657495439092343,nan,0.2297049945656061
6.9,full+plan,converge,0.0396932315736172,0.32171404430336625,0,0,yield,0,0.09878596188949633,0.11123708456947623,4,1,837,0,0,0,0.0,0.19657497782513556,nan,0.22970486386018407
6.95,full+plan,converge,0.03969323055479223,0.32171405588238616,0,0,yield,0,0.09878596213012257,0.11123708185176495,4,1,837,0,0,0,0.0,0.19657499969325856,nan,0.22970473879649955
7.0,full+plan,converge,0.03969322965248943,0.3217140662587517,0,0,yield,0,0.09878596215852879,0.11123707930602758,4,1,837,0,0,0,0.0,0.196575020124362,nan,0.22970461912841322
7.050000000000001,full+plan,converge,0.039693228855270414,0.3217140755616659,0,0,yield,0,0.09878596200385097,0.1112370769223229,4,1,837,0,0,0,0.0,0.19657503923857536,nan,0.22970450462094394
7.1000000000000005,full+plan,converge,0.039693228153227414,0.32171408390596945,0,0,yield,0,0.09878596168955404,0.1112370746903851,4,1,837,0,0,0,0.0,0.1965750571480863,nan,0.2297043950483869
7.15,full+plan,converge,0.03969322753812921,0.32171409139378726,0,0,yield,0,0.0987859612313907,0.1112370725978678,4,1,837,0,0,0,0.0,0.19657507394345286,nan,0.22970429019748673
7.2,full+plan,converge,0.039693227000791594,0.321714098115981,0,0,yield,0,0.09878596065449323,0.11123707063868293,4,1,837,0,0,0,0.0,0.1965750897162177,nan,0.2297041898618456
7.25,full+plan,converge,0.03969322653401251,0.3217141041534306,0,0,yield,0,0.09878595997312643,0.11123706880264395,4,1,837,0,0,0,0.0,0.19657510454866364,nan,0.2297040938466205
7.300000000000001,full+plan,converge,0.039693226131795774,0.3217141095781671,0,0,yield,0,0.09878595919797116,0.11123706708005371,4,1,837,0,0,0,0.0,0.19657511850673656,nan,0.22970400196406915
7.3500000000000005,full+plan,converge,0.03969322578640782,0.3217141144543731,0,0,yield,0,0.0987859583507749,0.11123706546651352,4,1,837,0,0,0,0.0,0.19657513166191576,nan,0.22970391403505153
7.4,full+plan,converge,0.039693225493494695,0.3217141188392657,0,0,yield,0,0.09878595743614448,0.1112370639518952,4,1,837,0,0,0,0.0,0.19657514407178928,nan,0.22970382988920235
7.45,full+plan,converge,0.039693225247610806,0.32171412278388,0,0,yield,0,0.09878595646669967,0.11123706253044888,4,1,837,0,0,0,0.0,0.1965751557895623,nan,0.22970374936279725
7.5,full+plan,converge,0.039693225043907154,0.32171412633375834,0,0,yield,0,0.09878595545294332,0.11123706119634849,4,1,837,0,0,0,0.0,0.19657516686062018,nan,0.22970367229940647
7.550000000000001,full+plan,converge,0.03969322487705378,0.32171412952956413,0,0,yield,0,0.09878595440879816,0.11123705994558775,4,1,837,0,0,0,0.0,0.19657517733344124,nan,0.22970359855002787
7.6000000000000005,full+plan,converge,0.03969322474408869,0.3217141324076218,0,0,yield,0,0.0987859533370725,0.11123705877107604,4,1,837,0,0,0,0.0,0.19657518725113335,nan,0.22970352797180815
7.65,full+plan,converge,0.03969322464191219,0.32171413500039703,0,0,yield,0,0.09878595224194046,0.1112370576666275,4,1,837,0,0,0,0.0,0.19657519664664197,nan,0.22970346042844147
7.7,full+plan,converge,0.03969322456646991,0.321714137336921,0,0,yield,0,0.09878595113446907,0.11123705662976457,4,1,837,0,0,0,0.0,0.19657520555782007,nan,0.22970339578820054
7.75,full+plan,converge,0.03969322451548523,0.32171413944316746,0,0,yield,0,0.09878595001560946,0.1112370556538459,4,1,837,0,0,0,0.0,0.19657521401007147,nan,0.22970333392785613
7.800000000000001,full+plan,converge,0.039693224484944056,0.3217141413423867,0,0,yield,0,0.09878594889833907,0.11123705473855602,4,1,837,0,0,0,0.0,0.19657522203720945,nan,0.2297032747264932
7.8500000000000005,full+plan,converge,0.03969322447352084,0.32171414305540086,0,0,yield,0,0.09878594778017873,0.11123705387704744,4,1,837,0,0,0,0.0,0.19657522966605057,nan,0.22970321806990224
7.9,full+plan,converge,0.0396932244789072,0.32171414460086767,0,0,yield,0,0.09878594666520017,0.11123705306580395,4,1,837,0,0,0,0.0,0.19657523691742038,nan,0.22970316384934397
7.95,full+plan,converge,0.03969322449860796,0.3217141459955135,0,0,yield,0,0.09878594555978674,0.11123705230295208,4,1,837,0,0,0,0.0,0.19657524381766409,nan,0.2297031119606031
8.0,full+plan,converge,0.0396932245315955,0.3217141472543407,0,0,yield,0,0.09878594446261511,0.11123705158394015,4,1,837,0,0,0,0.0,0.1965752503865469,nan,0.22970306230372428
8.05,full+plan,converge,0.03969322457606038,0.3217141483908121,0,0,yield,0,0.09878594337737266,0.11123705090657476,4,1,837,0,0,0,0.0,0.19657525664110279,nan,0.22970301478243116
8.1,full+plan,converge,0.039693224629887655,0.32171414941701426,0,0,yield,0,0.09878594230918868,0.11123705026903646,4,1,837,0,0,0,0.0,0.1965752626021333,nan,0.22970296930519052
8.15,full+plan,converge,0.03969322469252705,0.3217141503438039,0,0,yield,0,0.09878594125555361,0.11123704966714856,4,1,837,0,0,0,0.0,0.19657526828288585,nan,0.2297029257852089
8.200000000000001,full+plan,converge,0.03969322476214384,0.32171415118093805,0,0,yield,0,0.09878594022212821,0.11123704910064905,4,1,837,0,0,0,0.0,0.1965752737015772,nan,0.2297028841368408
8.25,full+plan,converge,0.03969322483782319,0.321714151937188,0,0,yield,0,0.09878593920804028,0.11123704856577057,4,1,837,0,0,0,0.0,0.1965752788697286,nan,0.22970284428110677
8.3,full+plan,converge,0.039693224918313535,0.3217141526204443,0,0,yield,0,0.09878593821666092,0.11123704806188955,4,1,837,0,0,0,0.0,0.19657528380537018,nan,0.22970280614112581
8.35,full+plan,converge,0.03969322500378223,0.3217141532378069,0,0,yield,0,0.09878593724305072,0.11123704758485214,4,1,837,0,0,0,0.0,0.19657528851467032,nan,0.2297027696432864
8.4,full+plan,converge,0.03969322509203163,0.3217141537956678,0,0,yield,0,0.09878593629534237,0.11123704713555649,4,1,837,0,0,0,0.0,0.1965752930092404,nan,0.22970273471750635
8.450000000000001,full+plan,converge,0.039693225182483506,0.32171415429978434,0,0,yield,0,0.09878593537357704,0.11123704671230608,4,1,837,0,0,0,0.0,0.1965752973068622,nan,0.22970270129699066
8.5,full+plan,converge,0.03969322527579105,0.32171415475534393,0,0,yield,0,0.09878593447140054,0.11123704631127618,4,1,837,0,0,0,0.0,0.1965753014123332,nan,0.22970266931598482
8.55,full+plan,converge,0.03969322537023356,0.32171415516702245,0,0,yield,0,0.09878593359483677,0.11123704593281208,4,1,837,0,0,0,0.0,0.1965753053387719,nan,0.2297026387127833
8.6,full+plan,converge,0.039693225466284184,0.32171415553903654,0,0,yield,0,0.09878593273878482,0.11123704557359612,4,1,837,0,0,0,0.0,0.19657530908977872,nan,0.22970260942972465
8.65,full+plan,converge,0.03969322556225964,0.32171415587518976,0,0,yield,0,0.09878593191036676,0.11123704523531597,4,1,837,0,0,0,0.0,0.1965753126816391,nan,0.2297025814096979
8.700000000000001,full+plan,converge,0.03969322565941968,0.3217141561789151,0,0,yield,0,0.09878593110051219,0.11123704491339839,4,1,837,0,0,0,0.0,0.19657531611437445,nan,0.22970255459866562
8.75,full+plan,converge,0.039693225755827954,0.3217141564533112,0,0,yield,0,0.09878593031782994,0.11123704461006811,4,1,837,0,0,0,0.0,0.1965753193988841,nan,0.22970252894516652
8.8,full+plan,converge,0.03969322585208799,0.3217141567011768,0,0,yield,0,0.09878592955736647,0.11123704432260365,4,1,837,0,0,0,0.0,0.19657532253890397,nan,0.22970250439884643
8.85,full+plan,converge,0.03969322594694276,0.32171415692503996,0,0,yield,0,0.09878592882357333,0.11123704405137869,4,1,837,0,0,0,0.0,0.19657532554620516,nan,0.22970248091197154
8.9,full+plan,converge,0.03969322604098329,0.3217141571271851,0,0,yield,0,0.09878592811163393,0.11123704379384508,4,1,837,0,0,0,0.0,0.1965753284247519,nan,0.2297024584395292
8.950000000000001,full+plan,converge,0.039693226133879024,0.3217141573096773,0,0,yield,0,0.0987859274222491,0.11123704354971764,4,1,837,0,0,0,0.0,0.19657533117763196,nan,0.22970243693883596
9.0,full+plan,converge,0.0396932262249581,0.32171415747438387,0,0,yield,0,0.09878592675809304,0.11123704331958534,4,1,837,0,0,0,0.0,0.19657533381465858,nan,0.22970241636642597
9.05,full+plan,converge,0.03969322631468217,0.32171415762299366,0,0,yield,0,0.09878592611438068,0.11123704310036034,4,1,837,0,0,0,0.0,0.19657533634232088,nan,0.2297023966850319
9.1,full+plan,converge,0.03969322640356479,0.3217141577570342,0,0,yield,0,0.09878592548882019,0.11123704289176248,4,1,837,0,0,0,0.0,0.19657533875954922,nan,0.22970237785505077
9.15,full+plan,converge,0.03969322648993011,0.3217141578778883,0,0,yield,0,0.0987859248884637,0.11123704269526688,4,1,837,0,0,0,0.0,0.19657534107822455,nan,0.22970235983981369
9.200000000000001,full+plan,converge,0.03969322657518073,0.32171415798680736,0,0,yield,0,0.09878592430480991,0.11123704250731806,4,1,837,0,0,0,0.0,0.19657534329678847,nan,0.22970234260466615
9.25,full+plan,converge,0.03969322665811226,0.32171415808492393,0,0,yield,0,0.09878592374383448,0.11123704232995152,4,1,837,0,0,0,0.0,0.19657534542636274,nan,0.22970232611633812
9.3,full+plan,converge,0.039693226739917965,0.3217141581732638,0,0,yield,0,0.09878592319811073,0.11123704215998739,4,1,837,0,0,0,0.0,0.19657534746204067,nan,0.22970231034230293
9.35,full+plan,converge,0.039693226818792934,0.32171415825275634,0,0,yield,0,0.09878592267649992,0.11123704200023843,4,1,837,0,0,0,0.0,0.19657534941194138,nan,0.22970229525149033
9.4,full+plan,converge,0.03969322689545569,0.3217141583242423,0,0,yield,0,0.0987859221743612,0.11123704184868283,4,1,837,0,0,0,0.0,0.19657535128253928,nan,0.22970228081530253
9.450000000000001,full+plan,converge,0.039693226970581426,0.3217141583884845,0,0,yield,0,0.09878592168770294,0.11123704170377313,4,1,837,0,0,0,0.0,0.19657535307532434,nan,0.22970226700575858
9.5,full+plan,converge,0.03969322704378695,0.3217141584461733,0,0,yield,0,0.09878592121819223,0.11123704156601319,4,1,837,0,0,0,0.0,0.1965753547925394,nan,0.22970225379597997
9.55,full+plan,converge,0.039693227114874864,0.32171415849793455,0,0,yield,0,0.09878592076631247,0.11123704143532917,4,1,837,0,0,0,0.0,0.1965753564325582,nan,0.22970224115900584
9.600000000000001,full+plan,converge,0.03969322718266252,0.3217141585443355,0,0,yield,0,0.09878592033743276,0.11123704131317091,4,1,837,0,0,0,0.0,0.1965753580088228,nan,0.22970222907010995
9.65,full+plan,converge,0.0396932272492967,0.32171415858589003,0,0,yield,0,0.09878591991928269,0.11123704119468858,4,1,837,0,0,0,0.0,0.19657535951858746,nan,0.22970221750620679
9.700000000000001,full+plan,converge,0.03969322731360161,0.3217141586230639,0,0,yield,0,0.09878591951820119,0.11123704108238303,4,1,837,0,0,0,0.0,0.19657536096870093,nan,0.22970220644634398
9.75,full+plan,converge,0.039693227376723816,0.32171415865627967,0,0,yield,0,0.09878591912869371,0.1112370409748363,4,1,837,0,0,0,0.0,0.1965753623538695,nan,0.2297021958668447
9.8,full+plan,converge,0.03969322743680775,0.3217141586859199,0,0,yield,0,0.09878591875907848,0.1112370408740525,4,1,837,0,0,0,0.0,0.19657536368536704,nan,0.2297021857475524
9.850000000000001,full+plan,converge,0.03969322749576947,0.32171415871233144,0,0,yield,0,0.09878591839939176,0.11123704077676985,4,1,837,0,0,0,0.0,0.19657536496046193,nan,0.2297021760692618
9.9,full+plan,converge,0.039693227552680996,0.32171415873582865,0,0,yield,0,0.09878591805425734,0.1112370406845122,4,1,837,0,0,0,0.0,0.19657536618027063,nan,0.22970216681262656
9.950000000000001,full+plan,converge,0.03969322760732317,0.3217141587566966,0,0,yield,0,0.09878591772462746,0.11123704059758979,4,1,837,0,0,0,0.0,0.1965753673472498,nan,0.22970215795885462
10.0,full+plan,converge,0.03969322765963773,0.3217141587751937,0,0,yield,0,0.09878591741039931,0.11123704051581501,4,1,837,0,0,0,0.0,0.19657536846846152,nan,0.22970214949132572
10.05,full+plan,converge,0.03969322771074056,0.32171415879155374,0,0,yield,0,0.0987859171055707,0.11123704043709892,4,1,837,0,0,0,0.0,0.19657536954463042,nan,0.22970214139194567
10.100000000000001,full+plan,converge,0.03969322776026279,0.321714158805989,0,0,yield,0,0.09878591681081532,0.1112370403608525,4,1,837,0,0,0,0.0,0.19657537057651422,nan,0.22970213364593073
10.15,full+plan,converge,0.03969322780809691,0.32171415881869136,0,0,yield,0,0.09878591652740486,0.11123704028814616,4,1,837,0,0,0,0.0,0.19657537156549906,nan,0.2297021262390856
10.200000000000001,full+plan,converge,0.03969322785450469,0.3217141588298351,0,0,yield,0,0.09878591625455073,0.11123704021917655,4,1,837,0,0,0,0.0,0.19657537250973164,nan,0.2297021191545846
10.25,full+plan,converge,0.0396932278983264,0.3217141588395777,0,0,yield,0,0.0987859159970617,0.11123704015484479,4,1,837,0,0,0,0.0,0.1965753734164569,nan,0.2297021123801618
10.3,full+plan,converge,0.03969322794111808,0.32171415884806215,0,0,yield,0,0.09878591574718053,0.11123704009277341,4,1,837,0,0,0,0.0,0.19657537428598326,nan,0.22970210590120865
10.350000000000001,full+plan,converge,0.03969322798221681,0.3217141588554176,0,0,yield,0,0.09878591550764869,0.11123704003354945,4,1,837,0,0,0,0.0,0.1965753751186786,nan,0.22970209970529643
10.4,full+plan,converge,0.03969322802161906,0.3217141588617608,0,0,yield,0,0.09878591527871154,0.1112370399774654,4,1,837,0,0,0,0.0,0.19657537591900706,nan,0.22970209378052975
10.450000000000001,full+plan,converge,0.03969322806029637,0.3217141588671977,0,0,yield,0,0.09878591505529015,0.11123703992277365,4,1,837,0,0,0,0.0,0.19657537668325856,nan,0.22970208811470483
10.5,full+plan,converge,0.039693228096739475,0.3217141588718241,0,0,yield,0,0.09878591484474923,0.1112370398718083,4,1,837,0,0,0,0.0,0.19657537741784875,nan,0.2297020826965105
10.55,full+plan,converge,0.039693228132226616,0.32171415887572646,0,0,yield,0,0.09878591464030471,0.11123703982218144,4,1,837,0,0,0,0.0,0.19657537812298317,nan,0.22970207751646743
10.600000000000001,full+plan,converge,0.03969322816681858,0.32171415887898297,0,0,yield,0,0.09878591444248318,0.11123703977473323,4,1,837,0,0,0,0.0,0.1965753787952294,nan,0.22970207256311348
10.65,full+plan,converge,0.03969322819927283,0.3217141588816646,0,0,yield,0,0.09878591425713272,0.11123703973112445,4,1,837,0,0,0,0.0,0.19657537944266373,nan,0.22970206782642488
10.700000000000001,full+plan,converge,0.03969322823099516,0.3217141588838348,0,0,yield,0,0.09878591407623537,0.11123703968816129,4,1,837,0,0,0,0.0,0.19657538006290448,nan,0.22970206329764753
10.75,full+plan,converge,0.03969322826143512,0.3217141588855514,0,0,yield,0,0.0987859139031295,0.11123703964737244,4,1,837,0,0,0,0.0,0.19657538065487187,nan,0.2297020589679758
10.8,full+plan,converge,0.03969322829049014,0.3217141588868662,0,0,yield,0,0.09878591373872057,0.1112370396093319,4,1,837,0,0,0,0.0,0.19657538122140858,nan,0.2297020548276153
10.850000000000001,full+plan,converge,0.03969322831813379,0.32171415888782634,0,0,yield,0,0.09878591358225357,0.11123703957326003,4,1,837,0,0,0,0.0,0.19657538176754324,nan,0.22970205086875495
10.9,full+plan,converge,0.03969322834524843,0.3217141588884737,0,0,yield,0,0.09878591342898034,0.11123703953747077,4,1,837,0,0,0,0.0,0.19657538228989307,nan,0.2297020470832566
10.950000000000001,full+plan,converge,0.039693228371057585,0.3217141588888466,0,0,yield,0,0.09878591328307883,0.11123703950352012,4,1,837,0,0,0,0.0,0.19657538278852274,nan,0.22970204346478929
11.0,full+plan,converge,0.03969322839556199,0.3217141588889789,0,0,yield,0,0.09878591314536238,0.11123703947233171,4,1,837,0,0,0,0.0,0.19657538326955348,nan,0.22970204000543648
11.05,full+plan,converge,0.03969322841979591,0.3217141588889017,0,0,yield,0,0.09878591300951815,0.11123703944110266,4,1,837,0,0,0,0.0,0.19657538373071223,nan,0.22970203669823175
11.100000000000001,full+plan,converge,0.03969322844323624,0.3217141588886422,0,0,yield,0,0.09878591287854625,0.11123703941109095,4,1,837,0,0,0,0.0,0.19657538416834808,nan,0.22970203353541574
11.15,full+plan,converge,0.039693228464678106,0.3217141588882256,0,0,yield,0,0.09878591275824337,0.11123703938402704,4,1,837,0,0,0,0.0,0.19657538458633636,nan,0.22970203051260818
11.200000000000001,full+plan,converge,0.03969322848508518,0.32171415888767363,0,0,yield,0,0.09878591264431257,0.111237039358971,4,1,837,0,0,0,0.0,0.19657538498637986,nan,0.22970202762218206
11.25,full+plan,converge,0.039693228504575594,0.3217141588870065,0,0,yield,0,0.09878591253536194,0.11123703933491247,4,1,837,0,0,0,0.0,0.1965753853758568,nan,0.2297020248587801
11.3,full+plan,converge,0.039693228524259196,0.32171415888624183,0,0,yield,0,0.09878591242534211,0.111237039309697,4,1,837,0,0,0,0.0,0.19657538574669958,nan,0.22970202221690295
11.350000000000001,full+plan,converge,0.03969322854280776,0.3217141588853956,0,0,yield,0,0.09878591232188931,0.1112370392864013,4,1,837,0,0,0,0.0,0.19657538609619654,nan,0.22970201969173798
11.4,full+plan,converge,0.03969322855964741,0.3217141588844818,0,0,yield,0,0.09878591222811327,0.11123703926618819,4,1,837,0,0,0,0.0,0.19657538643408015,nan,0.22970201727779072
11.450000000000001,full+plan,converge,0.039693228576387664,0.32171415888351296,0,0,yield,0,0.09878591213501779,0.11123703924562639,4,1,837,0,0,0,0.0,0.19657538675999273,nan,0.22970201497078346
11.5,full+plan,converge,0.039693228592781245,0.32171415888250043,0,0,yield,0,0.0987859120443541,0.11123703922572423,4,1,837,0,0,0,0.0,0.19657538707634703,nan,0.22970201276538027
11.55,full+plan,converge,0.03969322860938546,0.321714158881454,0,0,yield,0,0.09878591195260499,0.11123703920479375,4,1,837,0,0,0,0.0,0.1965753873765579,nan,0.22970201065694795
11.600000000000001,full+plan,converge,0.03969322862466322,0.3217141588803825,0,0,yield,0,0.09878591186794443,0.11123703918580446,4,1,837,0,0,0,0.0,0.19657538765906618,nan,0.22970200864254642
11.65,full+plan,converge,0.039693228638528144,0.32171415887929355,0,0,yield,0,0.09878591179188094,0.11123703917003316,4,1,837,0,0,0,0.0,0.1965753879340433,nan,0.2297020067165575
11.700000000000001,full+plan,converge,0.03969322865258552,0.32171415887819405,0,0,yield,0,0.09878591171445537,0.11123703915298036,4,1,837,0,0,0,0.0,0.19657538819681195,nan,0.22970200487570824
11.75,full+plan,converge,0.03969322866597388,0.32171415887708993,0,0,yield,0,0.09878591164073973,0.11123703913680513,4,1,837,0,0,0,0.0,0.19657538844683545,nan,0.22970200311605382
11.8,full+plan,converge,0.03969322867837353,0.3217141588759862,0,0,yield,0,0.09878591157263848,0.11123703912240185,4,1,837,0,0,0,0.0,0.19657538868844365,nan,0.22970200143421027
11.850000000000001,full+plan,converge,0.0396932286906663,0.3217141588748877,0,0,yield,0,0.09878591150509906,0.11123703910769792,4,1,837,0,0,0,0.0,0.19657538891766166,nan,0.2297019998265718
11.9,full+plan,converge,0.039693228702025685,0.3217141588737981,0,0,yield,0,0.09878591144272673,0.11123703909450139,4,1,837,0,0,0,0.0,0.19657538913805478,nan,0.2297019982902574
11.950000000000001,full+plan,converge,0.03969322871306918,0.3217141588727208,0,0,yield,0,0.09878591138220415,0.11123703908163776,4,1,837,0,0,0,0.0,0.19657538935011773,nan,0.22970199682144565
12.0,full+plan,converge,0.03969322872389149,0.321714158871659,0,0,yield,0,0.0987859113227204,0.11123703906858831,4,1,837,0,0,0,0.0,0.19657538955445353,nan,0.22970199541797787
12.05,full+plan,converge,0.039693228734596735,0.3217141588706147,0,0,yield,0,0.09878591126411072,0.11123703905559912,4,1,837,0,0,0,0.0,0.19657538974456618,nan,0.2297019940764956
12.100000000000001,full+plan,converge,0.039693228743633374,0.32171415886959015,0,0,yield,0,0.09878591121451467,0.11123703904554852,4,1,837,0,0,0,0.0,0.1965753899288459,nan,0.2297019927936722
12.15,full+plan,converge,0.03969322875258682,0.3217141588685871,0,0,yield,0,0.09878591116513379,0.1112370390350583,4,1,837,0,0,0,0.0,0.1965753901065809,nan,0.22970199156854842
12.200000000000001,full+plan,converge,0.03969322876169087,0.32171415886760696,0,0,yield,0,0.09878591111544781,0.11123703902439486,4,1,837,0,0,0,0.0,0.19657539027647944,nan,0.2297019903975125
12.25,full+plan,converge,0.03969322877023358,0.32171415886665083,0,0,yield,0,0.09878591106856043,0.11123703901426707,4,1,837,0,0,0,0.0,0.19657539043868988,nan,0.22970198927837615
12.3,full+plan,converge,0.03969322877832503,0.32171415886571936,0,0,yield,0,0.09878591102423594,0.11123703900483775,4,1,837,0,0,0,0.0,0.19657539059513368,nan,0.22970198820849863
12.350000000000001,full+plan,converge,0.03969322878623179,0.32171415886481364,0,0,yield,0,0.09878591098080079,0.11123703899535187,4,1,837,0,0,0,0.0,0.1965753907438214,nan,0.2297019871861662
12.4,full+plan,converge,0.039693228793656235,0.3217141588639339,0,0,yield,0,0.09878591094016657,0.11123703898671339,4,1,837,0,0,0,0.0,0.19657539088761491,nan,0.2297019862099069
12.450000000000001,full+plan,converge,0.03969322880109163,0.32171415886308014,0,0,yield,0,0.09878591089991272,0.11123703897824097,4,1,837,0,0,0,0.0,0.19657539102540875,nan,0.22970198527560448
12.5,full+plan,converge,0.03969322880810206,0.321714158862253,0,0,yield,0,0.09878591086110382,0.11123703896941686,4,1,837,0,0,0,0.0,0.19657539115632114,nan,0.22970198438354783
12.55,full+plan,converge,0.03969322881471014,0.3217141588614523,0,0,yield,0,0.09878591082479408,0.11123703896145926,4,1,837,0,0,0,0.0,0.19657539128487295,nan,0.2297019835312305
12.600000000000001,full+plan,converge,0.03969322882158263,0.32171415886067806,0,0,yield,0,0.09878591078730374,0.11123703895302489,4,1,837,0,0,0,0.0,0.19657539140716035,nan,0.22970198271692033
12.65,full+plan,converge,0.039693228828153966,0.32171415885992977,0,0,yield,0,0.09878591075162828,0.11123703894511128,4,1,837,0,0,0,0.0,0.19657539151992373,nan,0.22970198193893798
12.700000000000001,full+plan,converge,0.0396932288336534,0.32171415885920773,0,0,yield,0,0.09878591072198066,0.11123703893933598,4,1,837,0,0,0,0.0,0.19657539162886276,nan,0.22970198119552532
12.75,full+plan,converge,0.03969322883899589,0.3217141588585109,0,0,yield,0,0.0987859106930039,0.11123703893348474,4,1,837,0,0,0,0.0,0.19657539173576202,nan,0.22970198048496882
12.8,full+plan,converge,0.039693228844508766,0.3217141588578394,0,0,yield,0,0.09878591066302737,0.11123703892702685,4,1,837,0,0,0,0.0,0.19657539183439843,nan,0.22970197980587048
12.850000000000001,full+plan,converge,0.039693228849333434,0.3217141588571925,0,0,yield,0,0.09878591063668023,0.11123703892154943,4,1,837,0,0,0,0.0,0.19657539192821014,nan,0.22970197915748136
12.9,full+plan,converge,0.03969322885374939,0.32171415885656973,0,0,yield,0,0.098785910613005,0.11123703891722997,4,1,837,0,0,0,0.0,0.19657539202189062,nan,0.22970197853814145
12.950000000000001,full+plan,converge,0.039693228858724124,0.3217141588559707,0,0,yield,0,0.09878591058621781,0.11123703891151945,4,1,837,0,0,0,0.0,0.19657539210672173,nan,0.22970197794578529
13.0,full+plan,converge,0.03969322886247397,0.3217141588553948,0,0,yield,0,0.09878591056562445,0.1112370389075985,4,1,837,0,0,0,0.0,0.19657539219292824,nan,0.2297019773804455
13.05,full+plan,converge,0.03969322886706992,0.32171415885484134,0,0,yield,0,0.09878591054073092,0.11123703890212941,4,1,837,0,0,0,0.0,0.19657539227433862,nan,0.229701976839069
13.100000000000001,full+plan,converge,0.03969322887115261,0.3217141588543098,0,0,yield,0,0.09878591051815731,0.11123703889703421,4,1,837,0,0,0,0.0,0.19657539235031593,nan,0.22970197632206302
13.15,full+plan,converge,0.03969322887457128,0.3217141588537995,0,0,yield,0,0.09878591049936157,0.11123703889333916,4,1,837,0,0,0,0.0,0.19657539242631206,nan,0.22970197582919172
13.200000000000001,full+plan,converge,0.03969322887881506,0.3217141588533098,0,0,yield,0,0.09878591047676803,0.11123703888850606,4,1,837,0,0,0,0.0,0.19657539249776443,nan,0.22970197535798242
13.25,full+plan,converge,0.039693228882491834,0.3217141588528402,0,0,yield,0,0.09878591045702838,0.1112370388844574,4,1,837,0,0,0,0.0,0.19657539256255735,nan,0.2297019749071777
13.3,full+plan,converge,0.03969322888518897,0.32171415885238985,0,0,yield,0,0.09878591044212752,0.11123703888173625,4,1,837,0,0,0,0.0,0.19657539262725496,nan,0.2297019744767833
13.350000000000001,full+plan,converge,0.03969322888834055,0.3217141588519585,0,0,yield,0,0.09878591042504252,0.11123703887827519,4,1,837,0,0,0,0.0,0.19657539269314805,nan,0.22970197406588422
13.4,full+plan,converge,0.03969322889226646,0.32171415885154503,0,0,yield,0,0.09878591040413807,0.11123703887352701,4,1,837,0,0,0,0.0,0.19657539275387806,nan,0.22970197367319234
13.450000000000001,full+plan,converge,0.03969322889540647,0.32171415885114907,0,0,yield,0,0.09878591038700739,0.11123703886973363,4,1,837,0,0,0,0.0,0.19657539280749076,nan,0.22970197329788455
13.5,full+plan,converge,0.039693228897630294,0.32171415885077004,0,0,yield,0,0.09878591037507405,0.11123703886788497,4,1,837,0,0,0,0.0,0.19657539285965483,nan,0.2297019729395645
13.55,full+plan,converge,0.03969322889993756,0.3217141588504072,0,0,yield,0,0.0987859103625313,0.11123703886558264,4,1,837,0,0,0,0.0,0.1965753929112039,nan,0.22970197259670788
13.600000000000001,full+plan,converge,0.03969322890234048,0.32171415885006027,0,0,yield,0,0.09878591034912203,0.11123703886263117,4,1,837,0,0,0,0.0,0.1965753929591096,nan,0.229701972269576
13.65,full+plan,converge,0.03969322890450599,0.32171415884972826,0,0,yield,0,0.09878591033740534,0.11123703886046626,4,1,837,0,0,0,0.0,0.19657539300822155,nan,0.22970197195694342
13.700000000000001,full+plan,converge,0.03969322890719739,0.32171415884941085,0,0,yield,0,0.09878591032279709,0.11123703885711592,4,1,837,0,0,0,0.0,0.19657539305561605,nan,0.22970197165837092
13.75,full+plan,converge,0.03969322890973976,0.32171415884910737,0,0,yield,0,0.09878591030877369,0.11123703885375524,4,1,837,0,0,0,0.0,0.19657539310285407,nan,0.22970197137393888
13.8,full+plan,converge,0.039693228912829934,0.3217141588488172,0,0,yield,0,0.09878591029255017,0.11123703884999128,4,1,837,0,0,0,0.0,0.1965753931440462,nan,0.22970197110169488
13.850000000000001,full+plan,converge,0.03969322891479785,0.3217141588485401,0,0,yield,0,0.09878591028211413,0.11123703884811542,4,1,837,0,0,0,0.0,0.19657539318490366,nan,0.22970197084130184
13.9,full+plan,converge,0.039693228917123555,0.3217141588482753,0,0,yield,0,0.09878591026939747,0.11123703884501854,4,1,837,0,0,0,0.0,0.19657539322332804,nan,0.22970197059215203
13.950000000000001,full+plan,converge,0.03969322891889252,0.32171415884802235,0,0,yield,0,0.0987859102596551,0.1112370388430029,4,1,837,0,0,0,0.0,0.19657539326041948,nan,0.22970197035518225
14.0,full+plan,converge,0.0396932289209498,0.32171415884778093,0,0,yield,0,0.09878591024878812,0.11123703884074179,4,1,837,0,0,0,0.0,0.1965753932985918,nan,0.22970197012860483
14.05,full+plan,converge,0.039693228923365714,0.3217141588475503,0,0,yield,0,0.09878591023585774,0.11123703883758496,4,1,837,0,0,0,0.0,0.19657539333315133,nan,0.22970196991213931
14.100000000000001,full+plan,converge,0.039693228925258145,0.32171415884733034,0,0,yield,0,0.09878591022576065,0.11123703883541322,4,1,837,0,0,0,0.0,0.19657539336415641,nan,0.22970196970593182
14.15,full+plan,converge,0.03969322892682767,0.32171415884712035,0,0,yield,0,0.09878591021773701,0.1112370388341391,4,1,837,0,0,0,0.0,0.19657539339788996,nan,0.2297019695086101
14.200000000000001,full+plan,converge,0.03969322892901198,0.32171415884691984,0,0,yield,0,0.0987859102061676,0.11123703883137151,4,1,837,0,0,0,0.0,0.19657539342699168,nan,0.2297019693200809
14.25,full+plan,converge,0.03969322893051898,0.3217141588467286,0,0,yield,0,0.0987859101982612,0.11123703882987987,4,1,837,0,0,0,0.0,0.19657539345266062,nan,0.22970196914027674
14.3,full+plan,converge,0.0396932289316517,0.32171415884654625,0,0,yield,0,0.09878591019255649,0.11123703882924238,4,1,837,0,0,0,0.0,0.19657539347915817,nan,0.22970196896852857
14.350000000000001,full+plan,converge,0.03969322893304908,0.3217141588463723,0,0,yield,0,0.09878591018536363,0.11123703882798422,4,1,837,0,0,0,0.0,0.1965753935049341,nan,0.22970196880380744
14.4,full+plan,converge,0.03969322893441196,0.3217141588462064,0,0,yield,0,0.09878591017802978,0.11123703882639516,4,1,837,0,0,0,0.0,0.1965753935266492,nan,0.22970196864681813
14.450000000000001,full+plan,converge,0.03969322893522141,0.32171415884604815,0,0,yield,0,0.09878591017383152,0.11123703882599278,4,1,837,0,0,0,0.0,0.19657539354942383,nan,0.22970196849643487
14.5,full+plan,converge,0.039693228936270857,0.3217141588458973,0,0,yield,0,0.09878591016809256,0.11123703882483107,4,1,837,0,0,0,0.0,0.1965753935721418,nan,0.22970196835256262
14.55,full+plan,converge,0.03969322893733552,0.3217141588457535,0,0,yield,0,0.09878591016202025,0.11123703882334876,4,1,837,0,0,0,0.0,0.19657539359289877,nan,0.2297019682148943
14.600000000000001,full+plan,converge,0.039693228938196795,0.32171415884561655,0,0,yield,0,0.09878591015697295,0.11123703882213315,4,1,837,0,0,0,0.0,0.19657539361139795,nan,0.22970196808463783
14.65,full+plan,converge,0.039693228938798834,0.32171415884548593,0,0,yield,0,0.09878591015390163,0.11123703882202074,4,1,837,0,0,0,0.0,0.19657539363408913,nan,0.2297019679604414
14.700000000000001,full+plan,converge,0.0396932289404486,0.3217141588453614,0,0,yield,0,0.0987859101453915,0.11123703882001768,4,1,837,0,0,0,0.0,0.1965753936538178,nan,0.22970196784141617
14.75,full+plan,converge,0.03969322894162985,0.321714158845243,0,0,yield,0,0.09878591013906261,0.11123703881851704,4,1,837,0,0,0,0.0,0.1965753936705836,nan,0.2297019677274591
14.8,full+plan,converge,0.03969322894239238,0.32171415884513,0,0,yield,0,0.09878591013509973,0.11123703881791316,4,1,837,0,0,0,0.0,0.1965753936909691,nan,0.22970196761924455
14.850000000000001,full+plan,converge,0.039693228943882115,0.3217141588450224,0,0,yield,0,0.09878591012737485,0.11123703881605104,4,1,837,0,0,0,0.0,0.19657539370847948,nan,0.22970196751512273
14.9,full+plan,converge,0.03969322894479362,0.32171415884491983,0,0,yield,0,0.09878591012225373,0.11123703881475372,4,1,837,0,0,0,0.0,0.1965753937220645,nan,0.2297019674160924
14.950000000000001,full+plan,converge,0.039693228945148,0.32171415884482224,0,0,yield,0,0.09878591012048098,0.1112370388148761,4,1,837,0,0,0,0.0,0.1965753937349344,nan,0.2297019673216042
15.0,full+plan,converge,0.03969322894535441,0.3217141588447293,0,0,yield,0,0.09878591011940561,0.11123703881517802,4,1,837,0,0,0,0.0,0.19657539374746583,nan,0.22970196723081837
