t,mode,scenario,e_left,e_right,step_left,step_right,coord_state,plan_active,d_self_model,d_env_model,n_constraints,qp_ok,n_obstacle_pts,n_arm_arm,n_arm_env,n_arm_torso,pen,d_arms,d_obst,d_belt
0.05,full,obstacle,9.87693132314243e-06,0.3033090255201761,1,0,free,0,0.05676101943747254,0.09233651758492056,6,1,709,0,0,0,0.0,0.25,0.08430815406658161,0.21129248126365663
0.1,full,obstacle,0.00013839137335756467,0.2970011683870943,1,0,free,0,0.06182729235999242,0.08697255608532936,5,1,709,0,0,0,0.0,0.25,0.07867969447611241,0.21115276817658046
0.15000000000000002,full,obstacle,0.00024314055891336422,0.29145745479152924,1,0,free,0,0.06663865856144606,0.08244860168557508,5,1,709,0,0,0,0.0,0.25,0.07408896296198926,0.21104509423703044
0.2,full,obstacle,0.00032161539704834595,0.2864828956940811,1,0,free,0,0.07119161729994224,0.07795892025394441,5,1,718,0,0,0,0.0,0.25,0.06996602433591399,0.2109640512125458
0.25,full,obstacle,0.00037856679211777246,0.2824144727249082,1,0,free,0,0.07548824077685222,0.07452085148204518,5,1,718,0,0,0,0.0,0.25,0.0663229042608718,0.21090497497010896
0.30000000000000004,full,obstacle,0.0004180599390674132,0.2786387982689232,1,0,free,0,0.07181367852619898,0.07139075881463039,5,1,718,0,0,0,0.0,0.25,0.06333058011641997,0.2108638812227105
0.35000000000000003,full,obstacle,0.00044351544748553676,0.2754289654099449,1,0,free,0,0.06484735420572942,0.06870860301136328,5,1,720,0,0,0,0.0,0.25,0.06062219652921114,0.21083739414202018
0.4,full,obstacle,0.0004577892460956979,0.2724111263607352,1,0,free,0,0.05903911235830221,0.06623819704992798,5,1,720,0,0,0,0.0,0.25,0.05943324749536478,0.2108226737155564
0.45,full,obstacle,0.00046325106216799414,0.2699149060746772,1,0,free,0,0.07940913588731775,0.06361533966496952,5,1,720,0,0,0,0.0,0.25,0.05770257992348433,0.21081734573639344
0.5,full,obstacle,0.00046185604248487376,0.2677203183625946,1,0,free,0,0.07116732470363733,0.06193746089431197,5,1,722,0,0,0,0.0,0.25,0.056095342547586365,0.21081943672529213
0.55,full,obstacle,0.000455208369466115,0.26566714950172804,1,0,free,0,0.06430311880705226,0.06043721029510156,5,1,722,0,0,0,0.0,0.25,0.054750547319275596,0.2108273150113925
0.6000000000000001,full,obstacle,0.00044461687160932606,0.2639711343502218,1,0,free,0,0.058587699510766325,0.05919185976219629,5,1,722,0,0,0,0.0,0.25,0.05361229076901781,0.21083963839807318
0.65,full,obstacle,0.0004311430983890937,0.2622734197458682,1,0,free,0,0.05382289575475403,0.05786694687869834,5,1,725,0,0,0,0.0,0.25,0.05364784039004717,0.21085530837973743
0.7000000000000001,full,obstacle,0.00041564250827022645,0.2607859911800588,1,0,free,0,0.07421065598517494,0.05618998340053477,5,1,725,0,0,0,0.0,0.25,0.05312455671413769,0.21087343052777296
0.75,full,obstacle,0.00039879953155916466,0.25961430658419915,1,0,free,0,0.06683703780357651,0.055465622737485024,5,1,725,0,0,0,0.0,0.25,0.0525038040345261,0.2108932805529521
0.8,full,obstacle,0.00038115723911958814,0.2584380625875522,1,0,free,0,0.06069533821339006,0.05480663617938235,5,1,726,0,0,0,0.0,0.25,0.051969806284795146,0.21091427542773677
0.8500000000000001,full,obstacle,0.0003631423387157696,0.25751742975893444,1,0,free,0,0.05558111998025271,0.05422697346444276,5,1,726,0,0,0,0.0,0.25,0.051581809029844834,0.21093594897595647
0.9,full,obstacle,0.0003450861465562114,0.2564970618765324,1,0,free,0,0.05131746651144879,0.05324217428710348,5,1,726,0,0,0,0.0,0.25,0.0516899236746599,0.2109579313382225
0.9500000000000001,full,obstacle,0.0003272421132398984,0.25545615032339486,1,0,free,0,0.07047264600921192,0.05229376053490305,5,1,733,0,0,0,0.0,0.25,0.05110877944490252,0.2109799317698876
1.0,full,obstacle,0.00030980043338262156,0.25481372181373463,1,0,free,0,0.06372326118746093,0.05206708683681058,5,1,733,0,0,0,0.0,0.25,0.05038781948335347,0.21100172428844421
1.05,full,obstacle,0.00029290017569431095,0.25408342281825413,1,0,free,0,0.058101064832264085,0.05138037792959106,5,1,733,0,0,0,0.0,0.25,0.049792927411781734,0.21102313573281506
1.1,full,obstacle,0.00027663932859202584,0.2530736437696271,1,0,free,0,0.07492137910600875,0.0526171847525866,5,1,733,0,0,0,0.0,0.25,0.049113412543638824,0.21104403586273845
1.1500000000000001,full,obstacle,0.000261083100132007,0.25233720791109976,1,0,free,0,0.06742840934934506,0.05176176342412532,5,1,733,0,0,0,0.0,0.25,0.04805490774637234,0.2110643291645592
1.2000000000000002,full,obstacle,0.00024627074575420333,0.25091519990799593,1,0,free,0,0.08475581306563255,0.0505373003973848,5,1,733,0,0,0,0.0,0.25,0.047791525549385094,0.21108394809453956
1.25,full,obstacle,0.0002322211700780888,0.250555590154065,1,0,free,0,0.07863140744881346,0.05187950634090957,5,1,733,0,0,0,0.0,0.25,0.047312145351253145,0.21110284751210628
1.3,full,obstacle,0.0002189375150552264,0.2499955266670706,1,0,free,0,0.07305162656557389,0.05167549910683655,5,1,733,0,0,0,0.0,0.25,0.04662243752664039,0.21112158724014074
1.35,full,obstacle,0.00020597785017890762,0.24929010737709395,1,0,free,0,0.06593003274152322,0.05078336207094683,5,1,733,0,0,0,0.0,0.25,0.046345697035258863,0.21113890735920815
1.4000000000000001,full,obstacle,0.0001942832985960849,0.24886118407363939,1,0,free,0,0.06448173668491065,0.050694271140743,5,1,733,0,0,0,0.0,0.25,0.04600695531476789,0.21115547505550525
1.4500000000000002,full,obstacle,0.00018328863175167106,0.24839882727201054,1,0,free,0,0.06190946662654424,0.05062342153703725,5,1,733,0,0,0,0.0,0.25,0.045569907334560275,0.21117129532599488
1.5,full,obstacle,0.00017296695270832278,0.24787844705409515,1,0,free,0,0.05821383861120248,0.05003813604823201,5,1,733,0,0,0,0.0,0.25,0.04473685593347865,0.21118637989288203
1.55,full,obstacle,0.00016328803709823202,0.24666190540422014,1,0,free,0,0.07422401999466581,0.049065684723658506,5,1,734,0,0,0,0.0,0.25,0.04467075798962632,0.21120074553768886
1.6,full,obstacle,0.00015421960860859032,0.24647489278765716,1,0,free,0,0.0714090942965573,0.049209929115912335,5,1,734,0,0,0,0.0,0.25,0.04449395550107807,0.21121441275684594
1.6500000000000001,full,obstacle,0.00014572834240406094,0.24620851921399817,1,0,free,0,0.0677484072070942,0.04928664336374708,5,1,734,0,0,0,0.0,0.25,0.044176288321552584,0.21122740468331058
1.7000000000000002,full,obstacle,0.00013778064065569456,0.2457230270403688,1,0,free,0,0.061864956115961864,0.048385008362077556,5,1,734,0,0,0,0.0,0.25,0.04415529379978438,0.21123974622457176
1.75,full,obstacle,0.00013034322743559745,0.2455525515607649,1,0,free,0,0.061165840854641815,0.04862644855727309,5,1,734,0,0,0,0.0,0.25,0.04399495714457377,0.2112514633771133
1.8,full,obstacle,0.0001233835951010616,0.24528478860531805,1,0,free,0,0.0592768175180242,0.0488401813620348,5,1,734,0,0,0,0.0,0.25,0.04365035412047218,0.21126258268575515
1.85,full,obstacle,0.0001168703277403445,0.24489224658722902,1,0,free,0,0.0562100431374644,0.04838371393170976,5,1,734,0,0,0,0.0,0.25,0.04317537423749012,0.21127313082372534
1.9000000000000001,full,obstacle,0.0001107733308978097,0.2440103436398685,1,0,free,0,0.06889359726149365,0.04778020399937338,5,1,734,0,0,0,0.0,0.25,0.04311875469814524,0.2112831342652267
1.9500000000000002,full,obstacle,0.00010506398270314715,0.24387093444159283,1,0,free,0,0.0662510986429027,0.04810798681139378,5,1,734,0,0,0,0.0,0.25,0.0428484972871974,0.2112926190390333
2.0,full,obstacle,9.971522067380154e-05,0.24357942614070333,1,0,free,0,0.06262176192506837,0.04753748013091938,5,1,734,0,0,0,0.0,0.25,0.042471612510797896,0.21130161054275975
2.0500000000000003,full,obstacle,9.470158727901074e-05,0.24280459723354925,1,0,free,0,0.07343609517742324,0.04719952288370105,5,1,734,0,0,0,0.0,0.25,0.042458084611236964,0.21131013340761473
2.1,full,obstacle,8.999923152853617e-05,0.2427330082856577,1,0,free,0,0.07046043591128563,0.04753085439154678,5,1,734,0,0,0,0.0,0.25,0.042505710150368366,0.21131821140536544
2.15,full,obstacle,8.558588724970879e-05,0.24246616542698984,1,0,free,0,0.06518450551009845,0.046853774898404296,5,1,735,0,0,0,0.0,0.25,0.04258631050699976,0.21132586738566828
2.2,full,obstacle,8.144082953721601e-05,0.2424385284490173,1,0,free,0,0.06428123119316027,0.047311878401192525,5,1,735,0,0,0,0.0,0.25,0.04244543208442239,0.2113331232389507
2.25,full,obstacle,7.754481288176335e-05,0.24224917534336013,1,0,free,0,0.06237065675412436,0.04705801432888812,5,1,735,0,0,0,0.0,0.25,0.042615495063224915,0.21133999988096275
2.3000000000000003,full,obstacle,7.388000447972481e-05,0.24201021101411038,1,0,free,0,0.05850664269774149,0.047012021935721376,5,1,735,0,0,0,0.0,0.25,0.0425428186487527,0.21134651725030762
2.35,full,obstacle,7.042990573838375e-05,0.24186562165959927,1,0,free,0,0.05808340468574762,0.04709675709926685,5,1,735,0,0,0,0.0,0.25,0.04265258702172655,0.2113526943199252
2.4000000000000004,full,obstacle,6.717927491006157e-05,0.24152209250594656,1,0,free,0,0.05559557170397976,0.04666527594974394,5,1,735,0,0,0,0.0,0.25,0.04266627100320737,0.2113585491154285
2.45,full,obstacle,6.411404423375975e-05,0.24144515459658047,1,0,free,0,0.056319676156119505,0.047178951181207976,5,1,735,0,0,0,0.0,0.25,0.04243609485394909,0.2113640987420865
2.5,full,obstacle,6.122124056026659e-05,0.24118880624065522,1,0,free,0,0.0559811899420536,0.04649927018682519,5,1,735,0,0,0,0.0,0.25,0.0421524997659627,0.2113693594153513
2.5500000000000003,full,obstacle,5.848890663882387e-05,0.24052612279934601,1,0,free,0,0.06572846051235919,0.046555256024012434,5,1,735,0,0,0,0.0,0.25,0.0421525543632601,0.21137434649475584
2.6,full,obstacle,5.5906025463668246e-05,0.24046225460796908,1,0,free,0,0.06546847782112235,0.04660419536827666,5,1,735,0,0,0,0.0,0.25,0.04232556542808704,0.21137907451947002
2.6500000000000004,full,obstacle,5.346244717804314e-05,0.24014609926104666,1,0,free,0,0.06319995479238023,0.04627212864143965,5,1,735,0,0,0,0.0,0.25,0.042408157890249605,0.21138355724585967
2.7,full,obstacle,5.114882165681003e-05,0.24014180435917848,1,0,free,0,0.06392474966935212,0.046828947340219945,5,1,735,0,0,0,0.0,0.25,0.042487409563025706,0.2113878076845105
2.75,full,obstacle,4.895653281881565e-05,0.2396836112727064,1,0,free,0,0.06260637737874568,0.04590963481343176,5,1,735,0,0,0,0.0,0.25,0.04285759977910179,0.2113918381373886
2.8000000000000003,full,obstacle,4.6877639462686394e-05,0.24001744484183962,1,0,free,0,0.06897200300083213,0.04669256899568304,5,1,735,0,0,0,0.0,0.25,0.0430454569832123,0.21139566023449807
2.85,full,obstacle,4.490481911119025e-05,0.24016553602933413,1,0,free,0,0.07487546197541319,0.04703314807216526,5,1,735,0,0,0,0.0,0.25,0.043115632561421646,0.21139928496929927
2.9000000000000004,full,obstacle,4.303131569144883e-05,0.23976990224848266,1,0,free,0,0.0812802875134319,0.046408490979601646,5,1,735,0,0,0,0.0,0.25,0.04335750341545258,0.2114027227331946
2.95,full,obstacle,4.1250891819873856e-05,0.23991124138630776,1,0,free,0,0.08611300619165534,0.047074425565345204,5,1,735,0,0,0,0.0,0.25,0.0434094475930015,0.2114059833485914
3.0,full,obstacle,3.955778604487909e-05,0.23987768644083468,1,0,free,0,0.09010700797496989,0.04677439635300333,5,1,735,0,0,0,0.0,0.25,0.043567516238046666,0.21140907610089277
3.0500000000000003,full,obstacle,3.794667065577387e-05,0.23950768828257776,1,0,free,0,0.09548721699081879,0.046745930311972175,5,1,735,0,0,0,0.0,0.25,0.04361904963189208,0.21141200976820806
3.1,full,obstacle,3.6412616343563795e-05,0.2394988324935129,1,0,free,0,0.098493349362593,0.04686310874237913,5,1,735,0,0,0,0.0,0.25,0.04368376372958502,0.2114147926504405
3.1500000000000004,full,obstacle,3.495105715169722e-05,0.23901382764928947,1,0,free,0,0.10383500326255023,0.04632558897418029,5,1,735,0,0,0,0.0,0.25,0.04378770047681955,0.21141743259625
3.2,full,obstacle,3.355776108146662e-05,0.23906348810623723,1,0,free,0,0.10610301274222299,0.046935920281487964,5,1,736,0,0,0,0.0,0.25,0.043729826002369514,0.2114199370292954
3.25,full,obstacle,3.22288005011762e-05,0.2389565273271101,1,0,free,0,0.10789474705458739,0.046510763157400686,5,1,736,0,0,0,0.0,0.25,0.043875991815887,0.21142231297185765
3.3000000000000003,full,obstacle,3.0960527791657874e-05,0.23853713485012185,1,0,free,0,0.11249060790673902,0.04655206167469052,5,1,736,0,0,0,0.0,0.25,0.04390430978944963,0.2114245670685645
3.35,full,obstacle,2.9749551562651115e-05,0.23848941592544723,1,0,free,0,0.11378009886292005,0.046612462906952215,5,1,736,0,0,0,0.0,0.25,0.04396438926637378,0.21142670560728816
3.4000000000000004,full,obstacle,2.859271543926645e-05,0.2379539408231207,1,0,free,0,0.11842620190060114,0.046093808493157376,5,1,736,0,0,0,0.0,0.25,0.0440946230166843,0.21142873453998223
3.45,full,obstacle,2.7487078426256472e-05,0.23799032831245062,1,0,free,0,0.11935515937511736,0.046707226712226255,5,1,736,0,0,0,0.0,0.25,0.044077420604906895,0.2114306595014378
3.5,full,obstacle,2.642989812263097e-05,0.23787058138408237,1,0,free,0,0.11991349744666495,0.046292050298703744,5,1,736,0,0,0,0.0,0.25,0.04421477623389237,0.21143248582772178
3.5500000000000003,full,obstacle,2.541861433170049e-05,0.2374080880156536,1,0,free,0,0.12407977772874089,0.04630357242835935,5,1,736,0,0,0,0.0,0.25,0.044289295607649076,0.21143421857280875
3.6,full,obstacle,2.445083441441913e-05,0.2373637802532619,1,0,free,0,0.12436809780789403,0.046440508759705804,5,1,736,0,0,0,0.0,0.25,0.04432738793819993,0.21143586252429014
3.6500000000000004,full,obstacle,2.352432027230761e-05,0.23677251809355235,1,0,free,0,0.12865932981776734,0.045821144444870066,5,1,739,0,0,0,0.0,0.25,0.044504688600373814,0.21143742221859274
3.7,full,obstacle,2.2636976432486713e-05,0.2368276909991774,1,0,free,0,0.1287834664616827,0.046454595380894276,5,1,739,0,0,0,0.0,0.25,0.044552241830816214,0.21143890195485426
3.75,full,obstacle,2.1786838730565284e-05,0.2367262004275128,1,0,free,0,0.12856662275607716,0.046206408858544296,5,1,739,0,0,0,0.0,0.25,0.0446504670007396,0.21144030580807904
3.8000000000000003,full,obstacle,2.09720643215693e-05,0.23619587883842807,1,0,free,0,0.1325395197576979,0.046014377394625036,5,1,739,0,0,0,0.0,0.25,0.04479219750902341,0.21144163764155988
3.85,full,obstacle,2.019092300540808e-05,0.23618578371444918,1,0,free,0,0.1321967765877447,0.046422076461755835,5,1,739,0,0,0,0.0,0.25,0.04476806367003695,0.2114429011184079
3.9000000000000004,full,obstacle,1.94417882053412e-05,0.23550042497285345,1,0,free,0,0.1363625158143872,0.04548067906734997,5,1,739,0,0,0,0.0,0.25,0.045009958190515516,0.2114440997126107
3.95,full,obstacle,1.8723129918031127e-05,0.23560737854836866,1,0,free,0,0.13599726901343823,0.04614492738954616,5,1,739,0,0,0,0.0,0.25,0.04514735893183947,0.211445236719214
4.0,full,obstacle,1.8033507537046348e-05,0.23556297612126398,1,0,free,0,0.13530031933752967,0.04635059668382564,5,1,739,0,0,0,0.0,0.25,0.045146094663047816,0.21144631526394198
4.05,full,obstacle,1.73715633091618e-05,0.2348969863126471,1,0,free,0,0.13928649228441647,0.04561213573436612,5,1,739,0,0,0,0.0,0.25,0.04537928125113313,0.21144733831252738
4.1000000000000005,full,obstacle,1.673601681039417e-05,0.23496921122788622,1,0,free,0,0.13859618478760233,0.04626123901145428,5,1,739,0,0,0,0.0,0.25,0.045506133115064004,0.21144830867899367
4.15,full,obstacle,1.6125659222360834e-05,0.2348795279388013,1,0,free,0,0.1375661957588949,0.04615575975068305,5,1,739,0,0,0,0.0,0.25,0.04544619658128037,0.2114492290338531
4.2,full,obstacle,1.5539348811149938e-05,0.23426965901246247,1,0,free,0,0.14136073557540324,0.04576972797384432,5,1,739,0,0,0,0.0,0.25,0.04565418449451837,0.2114501019117382
4.25,full,obstacle,1.4976006023290447e-05,0.2342883707713087,1,0,free,0,0.140340235205903,0.046404317682078755,5,1,739,0,0,0,0.0,0.25,0.04555334738587587,0.21145092971856838
4.3,full,obstacle,1.4434609648865309e-05,0.23412802375341824,1,0,free,0,0.13896500974862408,0.04579615156749618,5,1,739,0,0,0,0.0,0.25,0.045444062946571856,0.21145171473805358
4.3500000000000005,full,obstacle,1.3914192515785605e-05,0.23362807964002097,1,0,free,0,0.14251815640669613,0.04600900337466424,5,1,739,0,0,0,0.0,0.25,0.0454904637524723,0.21145245913844646
4.4,full,obstacle,1.3413838600637506e-05,0.2335623542673068,1,0,free,0,0.14109525455428634,0.04596320590875014,5,1,739,0,0,0,0.0,0.25,0.045221925294093794,0.21145316497833744
4.45,full,obstacle,1.2932679335746701e-05,0.23293364814218437,1,0,free,0,0.1448387980110311,0.045540585076478096,5,1,739,0,0,0,0.0,0.25,0.04544865609848996,0.21145383421240826
4.5,full,obstacle,1.2469890633895089e-05,0.23299963468813367,1,0,free,0,0.14340052552719218,0.04620223669926379,5,1,739,0,0,0,0.0,0.25,0.04538619294790937,0.21145446869669937
4.55,full,obstacle,1.2024690278774621e-05,0.23286258312689903,1,0,free,0,0.1416759146810524,0.04569041221947598,5,1,739,0,0,0,0.0,0.25,0.04528903914909288,0.21145507019376464
4.6000000000000005,full,obstacle,1.1596335151854536e-05,0.23232369400846842,1,0,free,0,0.14524597688769386,0.045810022826868996,5,1,739,0,0,0,0.0,0.25,0.04538225192947333,0.21145564037746245
4.65,full,obstacle,1.118411904416364e-05,0.23229755667664198,1,0,free,0,0.14347494063255978,0.04591493590966686,5,1,739,0,0,0,0.0,0.25,0.04510301002033627,0.2114561808375227
4.7,full,obstacle,1.0787370330733795e-05,0.2316103304624882,1,0,free,0,0.14596023500145527,0.045329850877922684,5,1,739,0,0,0,0.0,0.25,0.04539698085905328,0.2114566930836962
4.75,full,obstacle,1.0405449860480149e-05,0.23172018739664696,1,0,free,0,0.1455465893893415,0.046014544443545274,5,1,739,0,0,0,0.0,0.25,0.04542173738996507,0.21145717854992274
4.800000000000001,full,obstacle,1.003774930123169e-05,0.23162479206460843,1,0,free,0,0.14355322159547657,0.04576198782487104,5,1,739,0,0,0,0.0,0.25,0.045274260021710436,0.21145763859815914
4.8500000000000005,full,obstacle,9.683689039169744e-06,0.2310215016870265,1,0,free,0,0.14612329638062826,0.04559529212355716,5,1,739,0,0,0,0.0,0.25,0.04548116332246818,0.2114580745220599
4.9,full,obstacle,9.342716642565497e-06,0.2310395962994174,1,0,free,0,0.14511738137948227,0.046057160690698276,5,1,739,0,0,0,0.0,0.25,0.04509304321457626,0.2114584875503286
4.95,full,obstacle,9.014305615273637e-06,0.23025252777756097,1,0,free,0,0.1462225670080879,0.04506833515363695,5,1,739,0,0,0,0.0,0.25,0.04549277758449671,0.21145887885001902
5.0,full,obstacle,8.697953480458084e-06,0.2304141957848771,1,0,free,0,0.14626958011542573,0.045779280330545125,5,1,739,0,0,0,0.0,0.25,0.04565154533250545,0.2114592495296902
5.050000000000001,full,obstacle,8.393180863298143e-06,0.23038312160480903,1,0,free,0,0.14500386289282424,0.04610594408954248,5,1,739,0,0,0,0.0,0.25,0.0453166391410446,0.21145960064228653
5.1000000000000005,full,obstacle,8.099529912893362e-06,0.22960443816307222,1,0,free,0,0.146358682286567,0.04524887052601129,5,1,739,0,0,0,0.0,0.25,0.04569717693333257,0.21145993318795553
5.15,full,obstacle,7.816563464487645e-06,0.22971230403016904,1,0,free,0,0.1464008918448068,0.04593871535012212,5,1,739,0,0,0,0.0,0.25,0.045829248294922416,0.2114602481166209
5.2,full,obstacle,7.543863655806634e-06,0.22962388121187716,1,0,free,0,0.1444682906680294,0.04604955302446727,5,1,739,0,0,0,0.0,0.25,0.04551760528434498,0.21146054633058442
5.25,full,obstacle,7.2810311101257546e-06,0.2288816867982626,1,0,free,0,0.14648091137034752,0.045436246261480656,5,1,739,0,0,0,0.0,0.25,0.045779357197648,0.2114608286868368
5.300000000000001,full,obstacle,7.027683816465358e-06,0.22892198610459363,1,0,free,0,0.14583505218489123,0.04610625648634005,5,1,739,0,0,0,0.0,0.25,0.04575237947608912,0.2114610959993689
5.3500000000000005,full,obstacle,6.783456429425742e-06,0.22875754193356443,1,0,free,0,0.1434087372002898,0.045856945045941844,5,1,739,0,0,0,0.0,0.25,0.045466051633853824,0.2114613490412377
5.4,full,obstacle,6.547999202540938e-06,0.22809533054581665,1,0,free,0,0.1465907265379095,0.045674987736228884,5,1,739,0,0,0,0.0,0.25,0.04548467544022061,0.21146158854669828
5.45,full,obstacle,6.320977370560916e-06,0.22803926600683555,1,0,free,0,0.14431004849517803,0.04612916524709143,5,1,739,0,0,0,0.0,0.25,0.04498993137366973,0.21146181521306884
5.5,full,obstacle,6.1020703346327e-06,0.22719883691684234,1,0,free,0,0.14665769107148796,0.04514380492805391,5,1,739,0,0,0,0.0,0.25,0.04523951245071119,0.2114620297025679
5.550000000000001,full,obstacle,5.8909709821893915e-06,0.2272809449504053,1,0,free,0,0.1456556653552203,0.0458450963401527,5,1,739,0,0,0,0.0,0.25,0.04524445340318611,0.21146223264409858
5.6000000000000005,full,obstacle,5.68738503665071e-06,0.22717081101412775,1,0,free,0,0.1431834107845567,0.046142281609828195,5,1,739,0,0,0,0.0,0.25,0.04481438549484854,0.21146242463488651
5.65,full,obstacle,5.491030397242194e-06,0.22634441725031157,1,0,free,0,0.14660775887133115,0.045321060812097566,5,1,739,0,0,0,0.0,0.25,0.04504611494742293,0.21146260624199564
5.7,full,obstacle,5.3016365864329665e-06,0.2263668731739337,1,0,free,0,0.14432928181653581,0.04600212757246891,5,1,739,0,0,0,0.0,0.25,0.045023988871658975,0.21146277800396585
5.75,full,obstacle,5.1189441983485895e-06,0.22619268316735575,1,0,free,0,0.14179644322287643,0.04604272321929061,5,1,739,0,0,0,0.0,0.25,0.044706047445847684,0.21146294043211478
5.800000000000001,full,obstacle,4.942704421002221e-06,0.22541345904786259,1,0,free,0,0.14509703090377096,0.04551962135901179,5,1,739,0,0,0,0.0,0.25,0.04489640093296376,0.21146309401184926
5.8500000000000005,full,obstacle,4.772678392407969e-06,0.22535925389076228,1,0,free,0,0.14273075329659501,0.046180254803408774,5,1,739,0,0,0,0.0,0.25,0.04481364438457183,0.21146323920414234
5.9,full,obstacle,4.608636988246969e-06,0.2250980624665433,1,0,free,0,0.14010227638014172,0.04578829975761453,5,1,739,0,0,0,0.0,0.25,0.04467661536843411,0.211463376446564
5.95,full,obstacle,4.450360162021766e-06,0.2244167763321528,1,0,free,0,0.1431896383969266,0.04578934964978104,5,1,739,0,0,0,0.0,0.25,0.04477390372235239,0.21146350615450127
6.0,full,obstacle,4.2976366042261285e-06,0.22425032188203198,1,0,free,0,0.14067803704239557,0.046017335213578175,5,1,739,0,0,0,0.0,0.25,0.044469538380887554,0.21146362872230784
6.050000000000001,full,obstacle,4.150263381419752e-06,0.22341781906650587,1,0,free,0,0.14405399248223705,0.04531365062870857,5,1,740,0,0,0,0.0,0.25,0.044785193692185345,0.21146374452429895
6.1000000000000005,full,obstacle,4.0080455302659575e-06,0.22337351784411014,1,0,free,0,0.1417300704259059,0.04599765558882399,5,1,740,0,0,0,0.0,0.25,0.044842748946932,0.21146385391576417
6.15,full,obstacle,3.870795708246328e-06,0.22312828186558478,1,0,free,0,0.13915109066371645,0.0458841584877661,5,1,740,0,0,0,0.0,0.25,0.044684014259895787,0.2114639572339153
6.2,full,obstacle,3.738333891282108e-06,0.22236158127618996,1,0,free,0,0.14236429037478082,0.045576714521807254,5,1,740,0,0,0,0.0,0.25,0.044937765834786314,0.21146405479877706
6.25,full,obstacle,3.610486996955322e-06,0.2222216962098227,1,0,free,0,0.13993234471643234,0.046184688099458165,5,1,740,0,0,0,0.0,0.25,0.04457327117372167,0.21146414691406956
6.300000000000001,full,obstacle,3.48708862094469e-06,0.22127445912895313,1,0,free,0,0.14348373494519817,0.04504996183827381,5,1,740,0,0,0,0.0,0.25,0.045060265071772264,0.2114642338679963
6.3500000000000005,full,obstacle,3.367978740906972e-06,0.22126971009876295,1,0,free,0,0.14128508851766813,0.0457606499898901,5,1,740,0,0,0,0.0,0.25,0.04532163431390699,0.21146431593403603
6.4,full,obstacle,3.2530034696918262e-06,0.2210798720774567,1,0,free,0,0.13884760494018794,0.04626257455980114,5,1,740,0,0,0,0.0,0.25,0.04501644147679641,0.2114643933716468
6.45,full,obstacle,3.1420147709437304e-06,0.22012887797308064,1,0,free,0,0.14235712483571522,0.0452222008050811,5,1,740,0,0,0,0.0,0.25,0.04550637761255741,0.21146446642702632
6.5,full,obstacle,3.0348702118446727e-06,0.2200725951462146,1,0,free,0,0.14013883388696186,0.045911733211808456,5,1,740,0,0,0,0.0,0.25,0.04577019025073695,0.21146453533371623
6.550000000000001,full,obstacle,2.9314327532786685e-06,0.21983060467225957,1,0,free,0,0.13767960256384237,0.04624720607984632,5,1,740,0,0,0,0.0,0.25,0.045550818175711404,0.21146460031326308
6.6000000000000005,full,obstacle,2.8315704776756935e-06,0.21889990910555757,1,0,free,0,0.1411146743283503,0.04538871716292886,5,1,740,0,0,0,0.0,0.25,0.045689548866921885,0.21146466157581612
6.65,full,obstacle,2.7351564322603796e-06,0.2187853615650416,1,0,free,0,0.13885286047800632,0.04605936455865782,5,1,740,0,0,0,0.0,0.25,0.04532768705672495,0.21146471932071387
6.7,full,obstacle,2.6420684177774024e-06,0.21848076943039238,1,0,free,0,0.13634564831811313,0.046117864209693854,5,1,740,0,0,0,0.0,0.25,0.044802425761678484,0.2114647737370029
6.75,full,obstacle,2.5521887670430186e-06,0.21760541533684924,1,0,free,0,0.13964944452220857,0.045586923667973775,5,1,740,0,0,0,0.0,0.25,0.04462870743979805,0.2114648250039447
6.800000000000001,full,obstacle,2.4654041527404033e-06,0.21741483993389407,1,0,free,0,0.13730538630619732,0.04623731443343612,5,1,740,0,0,0,0.0,0.25,0.04417547402063363,0.2114648732915575
6.8500000000000005,full,obstacle,2.3816054687223723e-06,0.21702370963478013,1,0,free,0,0.13470839031018472,0.04582504931450791,6,1,740,0,0,0,0.0,0.25,0.043814720218885425,0.21146491876102902
6.9,full,obstacle,2.3006876124026543e-06,0.21625723058320795,1,0,free,0,0.13778311734818138,0.04586866756966576,5,1,740,0,0,0,0.0,0.25,0.04352762849184464,0.21146496156519723
6.95,full,obstacle,2.2225493448406223e-06,0.21595313686445652,1,0,free,0,0.1352959900578184,0.04602365891243382,6,1,740,0,0,0,0.0,0.25,0.04302616229867984,0.21146500184896244
7.0,full,obstacle,2.147093143302139e-06,0.2150598751343834,1,0,free,0,0.1386305938263862,0.04542688270594421,5,1,740,0,0,0,0.0,0.25,0.04294701124228396,0.21146503974967235
7.050000000000001,full,obstacle,2.0742250447052805e-06,0.21486776237514024,1,0,free,0,0.1363148355803473,0.0460965776291178,6,1,740,0,0,0,0.0,0.25,0.04259782086185816,0.21146507539751125
7.1000000000000005,full,obstacle,2.0038544773660922e-06,0.21447773750384347,1,0,free,0,0.1337513582070889,0.04580307943918606,6,1,740,0,0,0,0.0,0.25,0.04225575877936107,0.21146510891588155
7.15,full,obstacle,1.9358941968294867e-06,0.21368144558949206,1,0,free,0,0.1368727672933721,0.0457380536905824,6,1,740,0,0,0,0.0,0.25,0.04205852245898178,0.21146514042172793
7.2,full,obstacle,1.8702601146564589e-06,0.21338032378937985,1,0,free,0,0.13442942190575058,0.04603937919870785,6,1,740,0,0,0,0.0,0.25,0.04155214934360513,0.21146517002587306
7.25,full,obstacle,1.806871169985207e-06,0.2124501484029325,1,0,free,0,0.13782388489150965,0.04529594554564852,6,1,741,0,0,0,0.0,0.25,0.04156073231761985,0.21146519783331097
7.300000000000001,full,obstacle,1.7456492110593914e-06,0.21226408149964174,1,0,free,0,0.13556561764988517,0.045979614469153926,6,1,741,0,0,0,0.0,0.25,0.041304922462394804,0.2114652239435414
7.3500000000000005,full,obstacle,1.686518916823476e-06,0.2118868706190479,1,0,free,0,0.1330671952286222,0.04590106099677439,6,1,741,0,0,0,0.0,0.25,0.040948301776876174,0.21146524845081116
7.4,full,obstacle,1.62940767160478e-06,0.2110337671784384,1,0,free,0,0.13628566735217318,0.04559516256279693,6,1,741,0,0,0,0.0,0.25,0.04088675511222936,0.2114652714443962
7.45,full,obstacle,1.5742454415526556e-06,0.2107546774495058,1,0,free,0,0.13392746445499054,0.04618580213829211,6,1,741,0,0,0,0.0,0.25,0.04034154848085895,0.21146529300885308
7.5,full,obstacle,1.520964704306914e-06,0.20975057438107939,1,0,free,0,0.13745243311793853,0.04511268058660889,6,1,741,0,0,0,0.0,0.25,0.04051661992621297,0.21146531322427442
7.550000000000001,full,obstacle,1.4695003424192127e-06,0.20959741353153163,1,0,free,0,0.13530953911174892,0.04581403269927324,6,1,741,0,0,0,0.0,0.25,0.040450684196398336,0.21146533216650443
7.6000000000000005,full,obstacle,1.4197895582182723e-06,0.20926666949554892,1,0,free,0,0.13293991901993718,0.046199488028283414,6,1,741,0,0,0,0.0,0.25,0.039991752349489214,0.21146534990734478
7.65,full,obstacle,1.3717717858756e-06,0.20829410264670864,1,0,free,0,0.13637664885131734,0.045340578812640045,6,1,741,0,0,0,0.0,0.25,0.040055771868661924,0.2114653665147873
7.7,full,obstacle,1.3253886041332476e-06,0.20808382673567027,1,0,free,0,0.13419550900989685,0.04601525433598344,6,1,741,0,0,0,0.0,0.25,0.03986529680910045,0.21146538205319254
7.75,full,obstacle,1.2805836580584267e-06,0.2076920944566015,1,0,free,0,0.13178287740558653,0.04606639902971853,7,1,741,0,0,0,0.0,0.25,0.03949601805869577,0.21146539658347951
7.800000000000001,full,obstacle,1.2373025872885424e-06,0.20679225457312822,1,0,free,0,0.1350648378672955,0.04559542493008596,6,1,741,0,0,0,0.0,0.25,0.03951108865070575,0.2114654101633172
7.8500000000000005,full,obstacle,1.1954929403830008e-06,0.20650662790914778,1,0,free,0,0.13280016408998624,0.04624330730062766,7,1,741,0,0,0,0.0,0.25,0.03925267174713875,0.21146542284726466
7.9,full,obstacle,1.1551041212725167e-06,0.2060429157245718,1,0,free,0,0.13033657861893594,0.0457370054011748,7,1,741,0,0,0,0.0,0.25,0.03911421420791797,0.2114654346869459
7.95,full,obstacle,1.1160873047365478e-06,0.20528513838123222,1,0,free,0,0.13338447193889752,0.04593519332218586,7,1,741,0,0,0,0.0,0.25,0.03918869054570558,0.21146544573121961
8.0,full,obstacle,1.078395389893908e-06,0.20517167400232203,1,0,free,0,0.13175660716137683,0.04600362530298552,7,1,741,0,0,0,0.0,0.25,0.03888140488002111,0.21146545602629108
8.05,full,obstacle,1.041982907807285e-06,0.20432291344983425,1,0,free,0,0.1350273947072293,0.04552269285674734,6,1,741,0,0,0,0.0,0.25,0.039123794786611675,0.2114654656158702
8.1,full,obstacle,1.0068060070446934e-06,0.20433621981344807,1,0,free,0,0.13351113796920522,0.046159560974295064,7,1,741,0,0,0,0.0,0.25,0.03909939215130569,0.21146547454128994
8.15,full,obstacle,9.728223519409536e-07,0.20420291650559608,1,0,free,0,0.13178200081196823,0.04590997201397888,7,1,741,0,0,0,0.0,0.25,0.038914821106479376,0.2114654828416319
8.200000000000001,full,obstacle,9.399910789079488e-07,0.2034759694276484,1,0,free,0,0.134858206535667,0.04580711041590678,7,1,741,0,0,0,0.0,0.25,0.03903915050794628,0.21146549055385677
8.25,full,obstacle,9.082727649704518e-07,0.20344520139624284,1,0,free,0,0.1332130783575508,0.04620263229777914,7,1,741,0,0,0,0.0,0.25,0.03866296805930776,0.21146549771290013
8.3,full,obstacle,8.776293454573035e-07,0.20260470257524463,1,0,free,0,0.13654452674139594,0.0453675090923996,6,1,744,0,0,0,0.0,0.25,0.038958814926932754,0.21146550435178135
8.35,full,obstacle,8.480240898493665e-07,0.2026963004901335,1,0,free,0,0.13504208126642858,0.046021288280034586,7,1,744,0,0,0,0.0,0.25,0.03900656522372465,0.2114655105017066
8.4,full,obstacle,8.194215426817785e-07,0.2026424021365608,1,0,free,0,0.1333371661393724,0.04620955824333681,7,1,744,0,0,0,0.0,0.25,0.038696749409800446,0.21146551619216536
8.450000000000001,full,obstacle,7.917874666036659e-07,0.2018801802388719,1,0,free,0,0.13653984951646886,0.045608478076956144,6,1,745,0,0,0,0.0,0.25,0.03891605021716345,0.2114655214510187
8.5,full,obstacle,7.6508883007121e-07,0.2019364471320682,1,0,free,0,0.13495221656357087,0.046235208884223306,7,1,745,0,0,0,0.0,0.25,0.03887012584247199,0.2114655263045745
8.55,full,obstacle,7.392937278277157e-07,0.20183644853170926,1,0,free,0,0.1331537726785061,0.04603740569062548,7,1,745,0,0,0,0.0,0.25,0.03871280757242635,0.21146553077768993
8.6,full,obstacle,7.143713631352427e-07,0.20119678615589526,1,0,free,0,0.13614254033346207,0.04590406700849925,7,1,745,0,0,0,0.0,0.25,0.038804906337291334,0.21146553489383735
8.65,full,obstacle,6.902920083920741e-07,0.2011842014636801,1,0,free,0,0.13442009070575894,0.046267846855781364,7,1,745,0,0,0,0.0,0.25,0.03849769704267124,0.2114655386751726
8.700000000000001,full,obstacle,6.670269651011534e-07,0.20044945262706182,1,0,free,0,0.13762511760492135,0.04550396623095081,6,1,745,0,0,0,0.0,0.25,0.03875863961239999,0.21146554214260893
8.75,full,obstacle,6.445485136853561e-07,0.20054398210640612,1,0,free,0,0.1360255843079129,0.04614373136561231,7,1,745,0,0,0,0.0,0.25,0.03875890691317039,0.21146554531588702
8.8,full,obstacle,6.228298900786994e-07,0.200480424042876,1,0,free,0,0.1342166525925284,0.04613009440647256,7,1,745,0,0,0,0.0,0.25,0.03859103913072647,0.21146554821363328
8.85,full,obstacle,6.018452590981514e-07,0.1998571910496509,1,0,free,0,0.13721590962258673,0.04581419865996583,7,1,745,0,0,0,0.0,0.25,0.038728966238729616,0.21146555085342056
8.9,full,obstacle,5.815696720319363e-07,0.1998803648211868,1,0,free,0,0.13548852582624693,0.04637112568004073,7,1,745,0,0,0,0.0,0.25,0.038401546259001065,0.21146555325182403
8.950000000000001,full,obstacle,5.619790375478997e-07,0.19915796541030467,1,0,free,0,0.1387066760493959,0.04541227423559084,6,1,745,0,0,0,0.0,0.25,0.03870743038315308,0.21146555542447054
9.0,full,obstacle,5.430500940756787e-07,0.1992882383978972,1,0,free,0,0.13710936373065313,0.04606276743568362,7,1,745,0,0,0,0.0,0.25,0.0387605208124013,0.21146555738609696
9.05,full,obstacle,5.247603685804165e-07,0.1992607832728853,1,0,free,0,0.1353049514141581,0.04627351816639827,7,1,745,0,0,0,0.0,0.25,0.03855430677683007,0.21146555915059106
9.1,full,obstacle,5.070881721750477e-07,0.19863604458565923,1,0,free,0,0.1383351285545532,0.04571782301973401,7,1,745,0,0,0,0.0,0.25,0.03874868807042408,0.21146556073104572
9.15,full,obstacle,4.900125508027103e-07,0.1986983939883214,1,0,free,0,0.13662166482953908,0.04633567596471437,7,1,745,0,0,0,0.0,0.25,0.03866202957392693,0.21146556213979417
9.200000000000001,full,obstacle,4.7351327160265935e-07,0.19858709367289312,1,0,free,0,0.13468831217077742,0.04593646320748497,7,1,745,0,0,0,0.0,0.25,0.03866478569443298,0.21146556338845113
9.25,full,obstacle,4.5757079360316677e-07,0.1981227520448364,1,0,free,0,0.13740567767647477,0.046123925566731075,7,1,745,0,0,0,0.0,0.25,0.03862562024390972,0.21146556448795384
9.3,full,obstacle,4.421662402781481e-07,0.19806453363278578,1,0,free,0,0.13550613368865982,0.04603977276201843,7,1,745,0,0,0,0.0,0.25,0.038540091665631875,0.2114655654486023
9.35,full,obstacle,4.27281386378297e-07,0.19755982694113206,1,0,free,0,0.1383281513228269,0.04588372322537315,7,1,745,0,0,0,0.0,0.25,0.03858926552636997,0.2114655662800874
9.4,full,obstacle,4.1289862795061385e-07,0.1975664867868876,1,0,free,0,0.13648433922196723,0.04621445942706501,7,1,745,0,0,0,0.0,0.25,0.03838104067781797,0.21146556699152963
9.450000000000001,full,obstacle,3.99000957469438e-07,0.19699628153232437,1,0,free,0,0.13945633542467734,0.04559230541982186,6,1,745,0,0,0,0.0,0.25,0.03855601150661929,0.2114655675915068
9.5,full,obstacle,3.8557195354948856e-07,0.1970842121647416,1,0,free,0,0.13770043431377005,0.046228009215737664,7,1,745,0,0,0,0.0,0.25,0.03843739580080608,0.2114655680880867
9.55,full,obstacle,3.7259575511442186e-07,0.1969919718940552,1,0,free,0,0.13572300190766606,0.04588760088015684,7,1,745,0,0,0,0.0,0.25,0.0384443433421785,0.211465568488851
9.600000000000001,full,obstacle,3.6005703463720314e-07,0.19658372831416174,1,0,free,0,0.13836283834516028,0.04606816028212578,7,1,745,0,0,0,0.0,0.25,0.03839371437666553,0.21146556880092693
9.65,full,obstacle,3.4794099478987123e-07,0.19653346128459204,1,0,free,0,0.13641222714542584,0.04598060777263406,7,1,745,0,0,0,0.0,0.25,0.038342832650598624,0.21146556903100888
9.700000000000001,full,obstacle,3.3623334055820644e-07,0.19609439938586856,1,0,free,0,0.13913158216873883,0.04588409954002565,7,1,745,0,0,0,0.0,0.25,0.03837583051927503,0.21146556918538295
9.75,full,obstacle,3.2492025866297476e-07,0.19609587983082144,1,0,free,0,0.13722449076896392,0.04612738826187553,7,1,745,0,0,0,0.0,0.25,0.038238031910174955,0.21146556926995108
9.8,full,obstacle,3.139884113113825e-07,0.1956071819661365,1,0,free,0,0.1400587009344305,0.04565829788389579,7,1,746,0,0,0,0.0,0.25,0.03838317116089086,0.21146556929025062
9.850000000000001,full,obstacle,3.034249139700847e-07,0.19567621022007023,1,0,free,0,0.1382055670357859,0.046298139052695836,7,1,746,0,0,0,0.0,0.25,0.038224368224135184,0.21146556925147852
9.9,full,obstacle,2.932173164359358e-07,0.19554819327190567,1,0,free,0,0.13612431128771652,0.045715060907756885,7,1,746,0,0,0,0.0,0.25,0.03836613988611608,0.211465569158502
9.950000000000001,full,obstacle,2.8335359628556284e-07,0.19526365505852758,1,0,free,0,0.13860847163008766,0.046260845950071586,7,1,746,0,0,0,0.0,0.25,0.03824343730361625,0.2114655690158881
10.0,full,obstacle,2.738221341663063e-07,0.19515926177170012,1,0,free,0,0.13651263005525854,0.04578376078169666,7,1,746,0,0,0,0.0,0.25,0.03835788984209257,0.21146556882791312
10.05,full,obstacle,2.646117117979051e-07,0.19486308236450778,1,0,free,0,0.13900751778665205,0.04622098349027823,7,1,746,0,0,0,0.0,0.25,0.0382825900171469,0.21146556859858012
10.100000000000001,full,obstacle,2.557114860779289e-07,0.19477659944826828,1,0,free,0,0.13690905070683784,0.04587654266637764,7,1,746,0,0,0,0.0,0.25,0.038360397043586784,0.21146556833163566
10.15,full,obstacle,2.4711098475199597e-07,0.19445670227639897,1,0,free,0,0.13942142819485215,0.046173084419724314,7,1,746,0,0,0,0.0,0.25,0.0383453151429798,0.2114655680305858
10.200000000000001,full,obstacle,2.388000899543864e-07,0.19438353180552778,1,0,free,0,0.13733547015074604,0.046003230554241506,7,1,746,0,0,0,0.0,0.25,0.03837256426160116,0.21146556769870795
10.25,full,obstacle,2.3076902868150626e-07,0.19402535936027593,1,0,free,0,0.13987823434758512,0.04610703856123896,7,1,746,0,0,0,0.0,0.25,0.038431470090609716,0.21146556733906163
10.3,full,obstacle,2.2300835612441022e-07,0.19396207370355745,1,0,free,0,0.13782358647078352,0.04617511859894215,7,1,746,0,0,0,0.0,0.25,0.038387177293315186,0.2114655669545059
10.350000000000001,full,obstacle,2.155089490862798e-07,0.19354752526251703,1,0,free,0,0.14041905857787917,0.046005468278137784,7,1,746,0,0,0,0.0,0.25,0.038534058516158216,0.21146556654770954
10.4,full,obstacle,2.0826199543460744e-07,0.19349281084885236,1,0,free,0,0.1384179764656927,0.04640399992702712,7,1,746,0,0,0,0.0,0.25,0.038386532324323125,0.21146556612115897
10.450000000000001,full,obstacle,2.012589781080627e-07,0.19299902682998277,1,0,free,0,0.1411018607218077,0.045841835138695025,7,1,746,0,0,0,0.0,0.25,0.03863606534946217,0.21146556567717323
10.5,full,obstacle,1.944916711304961e-07,0.19295639408127052,1,0,free,0,0.13917962775280923,0.0465013278043869,7,1,746,0,0,0,0.0,0.25,0.03859791205885982,0.2114655652179095
10.55,full,obstacle,1.879521246671575e-07,0.1926604233786045,1,0,free,0,0.13709040063124145,0.04617732914487313,7,1,746,0,0,0,0.0,0.25,0.03863624752670471,0.2114655647453766
10.600000000000001,full,obstacle,1.816326608040527e-07,0.19225386863685717,1,0,free,0,0.13938319447577563,0.046380966469509274,7,1,746,0,0,0,0.0,0.25,0.03862714650029346,0.21146556426144303
10.65,full,obstacle,1.7552585914148597e-07,0.19190831506358538,1,0,free,0,0.13730880610565283,0.04625573595078969,7,1,746,0,0,0,0.0,0.25,0.03860826574786593,0.21146556376784142
10.700000000000001,full,obstacle,1.69624551475621e-07,0.19145492290216817,1,0,free,0,0.13962909133167783,0.04618239672742758,7,1,746,0,0,0,0.0,0.25,0.03863294382081742,0.21146556326618005
10.75,full,obstacle,1.6392181116229668e-07,0.19107365913620358,1,0,free,0,0.13756149638086734,0.04634132027125944,7,1,746,0,0,0,0.0,0.25,0.03849776927821779,0.21146556275795259
10.8,full,obstacle,1.5841094526808377e-07,0.19056583782422284,1,0,free,0,0.1399484666892742,0.04589224790039609,7,1,746,0,0,0,0.0,0.25,0.03847571715686627,0.21146556224453816
10.850000000000001,full,obstacle,1.53085489472414e-07,0.19018159201688448,1,0,free,0,0.1378848136547886,0.046354490036220816,7,1,746,0,0,0,0.0,0.25,0.038126966167893524,0.21146556172721442
10.9,full,obstacle,1.4793919610701526e-07,0.1895473138718313,1,0,free,0,0.13558124365813828,0.045689064191795956,7,1,746,0,0,0,0.0,0.25,0.038230070999164714,0.21146556120716264
10.950000000000001,full,obstacle,1.429660283718095e-07,0.1891962149313528,1,0,free,0,0.1375842409443469,0.04612023623456277,7,1,746,0,0,0,0.0,0.25,0.03792086188238603,0.21146556068546907
11.0,full,obstacle,1.3816015478541426e-07,0.18856118937838598,1,0,free,0,0.1351466747547695,0.04555595976329016,7,1,746,0,0,0,0.0,0.25,0.03801387936569536,0.211465560163138
11.05,full,obstacle,1.3351594092366085e-07,0.18819803210600577,1,0,free,0,0.1372457234669457,0.045877454617595154,7,1,746,0,0,0,0.0,0.25,0.03780436622708469,0.21146555964109026
11.100000000000001,full,obstacle,1.2902794059631954e-07,0.1876273659665072,1,0,free,0,0.1345693921471559,0.045459070507183716,7,1,746,0,0,0,0.0,0.25,0.03788338501234361,0.2114655591201725
11.15,full,obstacle,1.2469089278603294e-07,0.18724769077939454,1,0,free,0,0.1367544725114403,0.04608111855705935,7,1,746,0,0,0,0.0,0.25,0.03767095813911624,0.21146555860116034
11.200000000000001,full,obstacle,1.2049971510141134e-07,0.18667325598588583,1,0,free,0,0.13384256328614585,0.045661264529794104,7,1,746,0,0,0,0.0,0.25,0.03764116546861982,0.21146555808476364
11.25,full,obstacle,1.1644949482511971e-07,0.18619936183317137,1,0,free,0,0.1362627203093444,0.045776831559907694,7,1,746,0,0,0,0.0,0.25,0.037553492774395104,0.21146555757162944
11.3,full,obstacle,1.1253548641729586e-07,0.18573143104084774,1,0,free,0,0.1332123939001033,0.04627290463492542,7,1,746,0,0,0,0.0,0.25,0.03733634014201069,0.21146555706234638
11.350000000000001,full,obstacle,1.0875310423425191e-07,0.18510526385888634,1,0,free,0,0.13591414647095246,0.04535376656632145,7,1,746,0,0,0,0.0,0.25,0.03725883392651951,0.21146555655744959
11.4,full,obstacle,1.0509791618233576e-07,0.1847182853081949,1,0,free,0,0.13290771983505167,0.046033276857851,7,1,746,0,0,0,0.0,0.25,0.037124199393282015,0.21146555605742268
11.450000000000001,full,obstacle,1.0156564115129655e-07,0.1841358147298923,1,0,free,0,0.13568151159749714,0.04583488489240968,7,1,747,0,0,0,0.0,0.25,0.036999691189447945,0.21146555556270197
11.5,full,obstacle,9.815214160900487e-08,0.18367509633062487,1,0,free,0,0.132855202848763,0.045403087352845414,7,1,747,0,0,0,0.0,0.25,0.0369500746360312,0.2114655550736796
11.55,full,obstacle,9.485342023650206e-08,0.1831781392444277,1,0,free,0,0.1356123703441936,0.04560669668851275,7,1,747,0,0,0,0.0,0.25,0.03694149513887344,0.21146555459070526
11.600000000000001,full,obstacle,9.166561414109546e-08,0.1827058951824804,1,0,free,0,0.13308060631590923,0.04591947836808709,7,1,747,0,0,0,0.0,0.25,0.036619976000429384,0.21146555411409207
11.65,full,obstacle,8.858498956702207e-08,0.18190359304817302,1,0,free,0,0.13069566412491562,0.045170855188649287,7,1,747,0,0,0,0.0,0.25,0.0368833827220389,0.21146555364411557
11.700000000000001,full,obstacle,8.560794053764213e-08,0.18166696507907756,1,0,free,0,0.13283540706261854,0.04590537721947284,7,1,747,0,0,0,0.0,0.25,0.036761436514607386,0.21146555318101756
11.75,full,obstacle,8.273098201121208e-08,0.1811886592170587,1,0,free,0,0.13555012857046522,0.04536594933086796,7,1,747,0,0,0,0.0,0.25,0.03672807310957199,0.21146555272501055
11.8,full,obstacle,7.99507457034828e-08,0.18084072887288044,1,0,free,0,0.13275928347666832,0.045347797606470286,7,1,747,0,0,0,0.0,0.25,0.036654647712059917,0.21146555227627528
11.850000000000001,full,obstacle,7.7263977146332e-08,0.1804023161138658,1,0,free,0,0.13553096970255857,0.04516379532920163,7,1,747,0,0,0,0.0,0.25,0.036724677067670464,0.21146555183496762
11.9,full,obstacle,7.466753213508757e-08,0.1800350152934266,1,0,free,0,0.13301745587258262,0.0457713715711357,7,1,747,0,0,0,0.0,0.25,0.03654710861121966,0.21146555140121792
11.950000000000001,full,obstacle,7.215837183789134e-08,0.17954436435774204,1,0,free,0,0.1358761469829095,0.04489322014797667,7,1,747,0,0,0,0.0,0.25,0.03670751790263595,0.21146555097513253
12.0,full,obstacle,6.97335601229938e-08,0.17925711218626225,1,0,free,0,0.13339527034899262,0.045675244164741294,7,1,747,0,0,0,0.0,0.25,0.03648378997254796,0.2114655505567985
12.05,full,obstacle,6.739025912777731e-08,0.17858399394449562,1,0,free,0,0.13108456933910867,0.04527748659460053,7,1,747,0,0,0,0.0,0.25,0.03670771076052548,0.2114655501462791
12.100000000000001,full,obstacle,6.512572729468468e-08,0.1783962028552092,1,0,free,0,0.13325400497518503,0.045330195506413665,7,1,747,0,0,0,0.0,0.25,0.036431801238497846,0.21146554974362275
12.15,full,obstacle,6.29373152045121e-08,0.17783403371409592,1,0,free,0,0.13061768855502193,0.045045377126120084,7,1,747,0,0,0,0.0,0.25,0.03673982054654569,0.2114655493488603
12.200000000000001,full,obstacle,6.08224623269349e-08,0.17772115851884351,1,0,free,0,0.13264192647238432,0.045370911320813515,7,1,747,0,0,0,0.0,0.25,0.036699305354045864,0.21146554896200598
12.25,full,obstacle,5.877869523091429e-08,0.17738767869790717,1,0,free,0,0.13528535569002964,0.04499303488921333,7,1,747,0,0,0,0.0,0.25,0.03671579979949751,0.21146554858306
12.3,full,obstacle,5.6803622628009704e-08,0.17714544735959675,1,0,free,0,0.13253216253196615,0.04532962062884913,7,1,747,0,0,0,0.0,0.25,0.03666041178140204,0.2114655482120099
12.350000000000001,full,obstacle,5.489493460007953e-08,0.17679602910869752,1,0,free,0,0.13524069975859243,0.04523282312303385,7,1,747,0,0,0,0.0,0.25,0.03672349026706326,0.21146554784882998
12.4,full,obstacle,5.3050398420893977e-08,0.176502227180307,1,0,free,0,0.13277976121731128,0.04534225039555494,7,1,747,0,0,0,0.0,0.25,0.03662098744718074,0.21146554749348423
12.450000000000001,full,obstacle,5.1267857053178036e-08,0.17613768604392516,1,0,free,0,0.1355629532296393,0.04502877878341653,7,1,747,0,0,0,0.0,0.25,0.03676184299077429,0.2114655471459267
12.5,full,obstacle,4.954522525818565e-08,0.17591100835001208,1,0,free,0,0.133131951417446,0.04542016135892042,7,1,747,0,0,0,0.0,0.25,0.03658281145816037,0.21146554680610208
12.55,full,obstacle,4.7880489284313494e-08,0.17551179580434925,1,0,free,0,0.1360243384933652,0.04440743660633932,7,1,747,0,0,0,0.0,0.25,0.0368535614271763,0.211465546473946
12.600000000000001,full,obstacle,4.627170197775742e-08,0.17538727201413676,1,0,free,0,0.13358988104135788,0.04524840621555461,7,1,747,0,0,0,0.0,0.25,0.036739244840654973,0.21146554614938762
12.65,full,obstacle,4.471698203260477e-08,0.17486241352624307,1,0,free,0,0.13135628473094446,0.0451538925823715,7,1,747,0,0,0,0.0,0.25,0.036919680678546604,0.21146554583234833
12.700000000000001,full,obstacle,4.3214511836313606e-08,0.17472364795089138,1,0,free,0,0.1336239465397926,0.04529626617764952,7,1,747,0,0,0,0.0,0.25,0.0367511495082877,0.211465545522744
12.75,full,obstacle,4.176253481631083e-08,0.17429812165559705,1,0,free,0,0.131055618868751,0.044985842585172964,7,1,747,0,0,0,0.0,0.25,0.03699618865913399,0.2114655452204851
12.8,full,obstacle,4.035935298261465e-08,0.17421005607438797,1,0,free,0,0.13323024492043517,0.04533617125379992,7,1,747,0,0,0,0.0,0.25,0.03684708581665871,0.21146554492547576
12.850000000000001,full,obstacle,3.900332624782437e-08,0.1738808736081916,1,0,free,0,0.13604840766929144,0.04442073200672575,7,1,747,0,0,0,0.0,0.25,0.037040555294801124,0.2114655446376178
12.9,full,obstacle,3.7692868961330504e-08,0.17387811459999833,1,0,free,0,0.1333321981246084,0.045265954728594474,7,1,747,0,0,0,0.0,0.25,0.036872513654919836,0.21146554435680753
12.950000000000001,full,obstacle,3.642644966916482e-08,0.17335894333898785,1,0,free,0,0.13109267890055148,0.04500299410255211,7,1,747,0,0,0,0.0,0.25,0.03709808140194003,0.21146554408293905
13.0,full,obstacle,3.52025874428711e-08,0.17327884854065506,1,0,free,0,0.1332897974962342,0.04536196118742035,7,1,747,0,0,0,0.0,0.25,0.03683379188400215,0.21146554381590266
13.05,full,obstacle,3.401985188342709e-08,0.1728515687651027,1,0,free,0,0.1307051716011982,0.044809627997860174,7,1,747,0,0,0,0.0,0.25,0.03714027903027252,0.2114655435555869
13.100000000000001,full,obstacle,3.28768604517478e-08,0.17283155656692192,1,0,free,0,0.1327809579368573,0.0455332224253719,7,1,747,0,0,0,0.0,0.25,0.03677105915939201,0.2114655433018776
13.15,full,obstacle,3.177227732391396e-08,0.17234261000556936,1,0,free,0,0.1301626641962455,0.04455824495326301,7,1,747,0,0,0,0.0,0.25,0.037183760718621874,0.2114655430546596
13.200000000000001,full,obstacle,3.070481141529892e-08,0.1724008500863255,1,0,free,0,0.13206666431113695,0.045364325303616365,7,1,747,0,0,0,0.0,0.25,0.03724144236695321,0.2114655428138158
13.25,full,obstacle,2.9673214990748818e-08,0.17223214626194883,1,0,free,0,0.13449092099801685,0.045365467609171484,7,1,747,0,0,0,0.0,0.25,0.0371599590418006,0.21146554257922745
13.3,full,obstacle,2.8676282435068824e-08,0.1720518247983258,1,0,free,0,0.13175398570883984,0.04481932212898433,7,1,747,0,0,0,0.0,0.25,0.03726321062951678,0.21146554235077664
13.350000000000001,full,obstacle,2.7712848472862118e-08,0.17190280269256106,1,0,free,0,0.13424926278938853,0.04533200075253202,7,1,747,0,0,0,0.0,0.25,0.0371986702122709,0.211465542128343
13.4,full,obstacle,2.678178727517732e-08,0.17164221714950278,1,0,free,0,0.13174840887067757,0.045210622708643095,7,1,747,0,0,0,0.0,0.25,0.03728211421222592,0.21146554191180755
13.450000000000001,full,obstacle,2.588201097666946e-08,0.17149022655128685,1,0,free,0,0.13417828607215138,0.04492877679135113,7,1,747,0,0,0,0.0,0.25,0.03724057160118561,0.21146554170105014
13.5,full,obstacle,2.5012467847909503e-08,0.17124906636917608,1,0,free,0,0.13163961509851158,0.045150183051478346,7,1,747,0,0,0,0.0,0.25,0.03734590845043403,0.2114655414959511
13.55,full,obstacle,2.417214195720287e-08,0.17112134348652297,1,0,free,0,0.13403617574708604,0.04533717270289457,7,1,747,0,0,0,0.0,0.25,0.03725730568282792,0.21146554129639095
13.600000000000001,full,obstacle,2.3360051249958816e-08,0.1708597725798571,1,0,free,0,0.1315388370276197,0.04463743117521056,7,1,747,0,0,0,0.0,0.25,0.03741014724260779,0.2114655411022509
13.65,full,obstacle,2.2575246872956673e-08,0.17077284393340442,1,0,free,0,0.13396476708216604,0.04535258736399532,7,1,747,0,0,0,0.0,0.25,0.03731147806732071,0.21146554091341352
13.700000000000001,full,obstacle,2.1816811816054003e-08,0.17051646896750225,1,0,free,0,0.131457626498516,0.04502255413139743,7,1,747,0,0,0,0.0,0.25,0.037455978171836005,0.2114655407297602
13.75,full,obstacle,2.108385961476559e-08,0.1704318809128035,1,0,free,0,0.13379724062752918,0.04500876043699356,7,1,747,0,0,0,0.0,0.25,0.037312441988641164,0.21146554055117506
13.8,full,obstacle,2.037553418668168e-08,0.17017644267037585,1,0,free,0,0.13124458999744193,0.04493463417997694,7,1,747,0,0,0,0.0,0.25,0.03750919890565911,0.2114655403775424
13.850000000000001,full,obstacle,1.969100807384441e-08,0.17012674398084074,1,0,free,0,0.13351869887454487,0.045114464186113395,7,1,747,0,0,0,0.0,0.25,0.0372861338591142,0.2114655402087483
13.9,full,obstacle,1.9029480865998e-08,0.16984194980423722,1,0,free,0,0.1309520302123771,0.044381151207806016,7,1,747,0,0,0,0.0,0.25,0.037569884582203186,0.21146554004467977
13.950000000000001,full,obstacle,1.839018016831977e-08,0.16985437533171724,1,0,free,0,0.13319492473043593,0.045234856981663754,7,1,747,0,0,0,0.0,0.25,0.03740957368043634,0.2114655398852242
14.0,full,obstacle,1.777235895316874e-08,0.16960147148112042,1,0,free,0,0.13602195775551706,0.044659292004847806,7,1,747,0,0,0,0.0,0.25,0.037582904970835454,0.21146553973027238
14.05,full,obstacle,1.7175295259071523e-08,0.16968669291902164,1,0,free,0,0.13346523879780414,0.04540556020781919,7,1,747,0,0,0,0.0,0.25,0.037310092200746096,0.21146553957971503
14.100000000000001,full,obstacle,1.6598291775814243e-08,0.16935481967389776,1,0,free,0,0.13646188154976013,0.0444046700057593,7,1,747,0,0,0,0.0,0.25,0.03760944307322823,0.21146553943344448
14.15,full,obstacle,1.6040674407484056e-08,0.16950562177244152,1,0,free,0,0.13402055587427492,0.04523332571136113,7,1,747,0,0,0,0.0,0.25,0.03760374726631698,0.21146553929135592
14.200000000000001,full,obstacle,1.550179154811215e-08,0.16919217850844467,1,0,free,0,0.13197779410186883,0.04492016021069442,7,1,747,0,0,0,0.0,0.25,0.03763370974606956,0.21146553915334498
14.25,full,obstacle,1.498101388738675e-08,0.16906467399529754,1,0,free,0,0.13456468894298357,0.045139082131487956,7,1,747,0,0,0,0.0,0.25,0.037619585610755395,0.2114655390193091
14.3,full,obstacle,1.4477732908059858e-08,0.16895353587148657,1,0,free,0,0.13214025959987397,0.04538392387022969,7,1,747,0,0,0,0.0,0.25,0.03759435154971116,0.21146553888914765
14.350000000000001,full,obstacle,1.3991360517366177e-08,0.16879563930540029,1,0,free,0,0.13471494855197008,0.04465782862882127,7,1,747,0,0,0,0.0,0.25,0.03764830696289377,0.21146553876276164
14.4,full,obstacle,1.3521328726386457e-08,0.16872835744421283,1,0,free,0,0.13226455718292895,0.045426845439695926,7,1,747,0,0,0,0.0,0.25,0.037594060444437145,0.21146553864005446
14.450000000000001,full,obstacle,1.3067088524545636e-08,0.1685571473828015,1,0,free,0,0.1348794414187554,0.04495889224051425,7,1,747,0,0,0,0.0,0.25,0.037655370233485884,0.21146553852093064
14.5,full,obstacle,1.262810932830735e-08,0.16850484273514485,1,0,free,0,0.1324884414347156,0.04506305262824381,7,1,747,0,0,0,0.0,0.25,0.03757122724984508,0.21146553840529647
14.55,full,obstacle,1.2203878224532634e-08,0.1683197130729123,1,0,free,0,0.1352375444043712,0.04481081175804984,7,1,747,0,0,0,0.0,0.25,0.037702694481720415,0.2114655382930598
14.600000000000001,full,obstacle,1.1793899779925227e-08,0.16832587962366524,1,0,free,0,0.13286590977177792,0.04521660994183391,7,1,747,0,0,0,0.0,0.25,0.03752559884498356,0.21146553818413116
14.65,full,obstacle,1.1397694821006367e-08,0.1680876186723048,1,0,free,0,0.13573567363507422,0.044226552486038295,7,1,747,0,0,0,0.0,0.25,0.037785732451374815,0.21146553807842283
14.700000000000001,full,obstacle,1.1014800863601524e-08,0.1681842282132011,1,0,free,0,0.13336204376070626,0.04508807542037714,7,1,747,0,0,0,0.0,0.25,0.037674722947821135,0.211465537975848
14.75,full,obstacle,1.0644770592401238e-08,0.1678439478657116,1,0,free,0,0.13125225826521508,0.045055768639548785,7,1,747,0,0,0,0.0,0.25,0.037828335000153784,0.21146553787632227
14.8,full,obstacle,1.0287171789852363e-08,0.16783598055322368,1,0,free,0,0.13354650812350177,0.045138690595131564,7,1,747,0,0,0,0.0,0.25,0.037647655879976503,0.21146553777976307
14.850000000000001,full,obstacle,9.941586661736214e-09,0.16764043132881132,1,0,free,0,0.13104904307706128,0.044948643392512325,7,1,747,0,0,0,0.0,0.25,0.03784711628508627,0.21146553768608956
14.9,full,obstacle,9.607611721782876e-09,0.16766220453097613,1,0,free,0,0.13327929362264196,0.045233677242423415,7,1,747,0,0,0,0.0,0.25,0.037603001691250026,0.21146553759522202
14.950000000000001,full,obstacle,9.284856637807374e-09,0.1674326126300338,1,0,free,0,0.13075817565316378,0.04437539147633228,7,1,747,0,0,0,0.0,0.25,0.03789744996935196,0.21146553750708452
15.0,full,obstacle,8.97294475234176e-09,0.16751302609812038,1,0,free,0,0.13295437120977566,0.045228920562317726,7,1,747,0,0,0,0.0,0.25,0.03775478678684498,0.21146553742159957
0.05,full+plan,obstacle,9.87693132314243e-06,0.3033090255201761,1,0,free,0,0.05676101943747254,0.09233651758492056,6,1,709,0,0,0,0.0,0.25,0.08430815406658161,0.21129248126365663
0.1,full+plan,obstacle,0.00013839137335756467,0.2970011683870943,1,0,free,0,0.06182729235999242,0.08697255608532936,5,1,709,0,0,0,0.0,0.25,0.07867969447611241,0.21115276817658046
0.15000000000000002,full+plan,obstacle,0.00024314055891336422,0.29145745479152924,1,0,free,0,0.06663865856144606,0.08244860168557508,5,1,709,0,0,0,0.0,0.25,0.07408896296198926,0.21104509423703044
0.2,full+plan,obstacle,0.00032161539704834595,0.2864828956940811,1,0,free,0,0.07119161729994224,0.07795892025394441,5,1,718,0,0,0,0.0,0.25,0.06996602433591399,0.2109640512125458
0.25,full+plan,obstacle,0.00037856679211777246,0.2824144727249082,1,0,free,0,0.07548824077685222,0.07452085148204518,5,1,718,0,0,0,0.0,0.25,0.0663229042608718,0.21090497497010896
0.30000000000000004,full+plan,obstacle,0.0004180599390674132,0.2786387982689232,1,0,free,0,0.07181367852619898,0.07139075881463039,5,1,718,0,0,0,0.0,0.25,0.06333058011641997,0.2108638812227105
0.35000000000000003,full+plan,obstacle,0.00044351544748553676,0.2754289654099449,1,0,free,0,0.06484735420572942,0.06870860301136328,5,1,720,0,0,0,0.0,0.25,0.06062219652921114,0.21083739414202018
0.4,full+plan,obstacle,0.0004577892460956979,0.2724111263607352,1,0,free,0,0.05903911235830221,0.06623819704992798,5,1,720,0,0,0,0.0,0.25,0.05943324749536478,0.2108226737155564
0.45,full+plan,obstacle,0.00046325106216799414,0.2699149060746772,1,0,free,0,0.07940913588731775,0.06361533966496952,5,1,720,0,0,0,0.0,0.25,0.05770257992348433,0.21081734573639344
0.5,full+plan,obstacle,0.00046185604248487376,0.2677203183625946,1,0,free,0,0.07116732470363733,0.06193746089431197,5,1,722,0,0,0,0.0,0.25,0.056095342547586365,0.21081943672529213
0.55,full+plan,obstacle,0.000455208369466115,0.26566714950172804,1,0,free,0,0.06430311880705226,0.06043721029510156,5,1,722,0,0,0,0.0,0.25,0.054750547319275596,0.2108273150113925
0.6000000000000001,full+plan,obstacle,0.00044461687160932606,0.2639711343502218,1,0,free,0,0.058587699510766325,0.05919185976219629,5,1,722,0,0,0,0.0,0.25,0.05361229076901781,0.21083963839807318
0.65,full+plan,obstacle,0.0004311430983890937,0.2622734197458682,1,0,free,0,0.05382289575475403,0.05786694687869834,5,1,725,0,0,0,0.0,0.25,0.05364784039004717,0.21085530837973743
0.7000000000000001,full+plan,obstacle,0.00041564250827022645,0.2607859911800588,1,0,free,0,0.07421065598517494,0.05618998340053477,5,1,725,0,0,0,0.0,0.25,0.05312455671413769,0.21087343052777296
0.75,full+plan,obstacle,0.00039879953155916466,0.25961430658419915,1,0,free,0,0.06683703780357651,0.055465622737485024,5,1,725,0,0,0,0.0,0.25,0.0525038040345261,0.2108932805529521
0.8,full+plan,obstacle,0.00038115723911958814,0.2584380625875522,1,0,free,0,0.06069533821339006,0.05480663617938235,5,1,726,0,0,0,0.0,0.25,0.051969806284795146,0.21091427542773677
0.8500000000000001,full+plan,obstacle,0.0003631423387157696,0.25751742975893444,1,0,free,0,0.05558111998025271,0.05422697346444276,5,1,726,0,0,0,0.0,0.25,0.051581809029844834,0.21093594897595647
0.9,full+plan,obstacle,0.0003450861465562114,0.2564970618765324,1,0,free,0,0.05131746651144879,0.05324217428710348,5,1,726,0,0,0,0.0,0.25,0.0516899236746599,0.2109579313382225
0.9500000000000001,full+plan,obstacle,0.0003272421132398984,0.25545615032339486,1,0,free,0,0.07047264600921192,0.05229376053490305,5,1,733,0,0,0,0.0,0.25,0.05110877944490252,0.2109799317698876
1.0,full+plan,obstacle,0.00030980043338262156,0.25481372181373463,1,0,free,0,0.06372326118746093,0.05206708683681058,5,1,733,0,0,0,0.0,0.25,0.05038781948335347,0.21100172428844421
1.05,full+plan,obstacle,0.00029290017569431095,0.25408342281825413,1,0,free,0,0.058101064832264085,0.05138037792959106,5,1,733,0,0,0,0.0,0.25,0.049792927411781734,0.21102313573281506
1.1,full+plan,obstacle,0.00027663932859202584,0.2530736437696271,1,0,free,0,0.07492137910600875,0.0526171847525866,5,1,733,0,0,0,0.0,0.25,0.049113412543638824,0.21104403586273845
1.1500000000000001,full+plan,obstacle,0.000261083100132007,0.25233720791109976,1,0,free,0,0.06742840934934506,0.05176176342412532,5,1,733,0,0,0,0.0,0.25,0.04805490774637234,0.2110643291645592
1.2000000000000002,full+plan,obstacle,0.00024627074575420333,0.25091519990799593,1,0,free,0,0.08475581306563255,0.0505373003973848,5,1,733,0,0,0,0.0,0.25,0.047791525549385094,0.21108394809453956
1.25,full+plan,obstacle,0.0002322211700780888,0.250555590154065,1,0,free,0,0.07863140744881346,0.05187950634090957,5,1,733,0,0,0,0.0,0.25,0.047312145351253145,0.21110284751210628
1.3,full+plan,obstacle,0.0002189375150552264,0.2499955266670706,1,0,free,0,0.07305162656557389,0.05167549910683655,5,1,733,0,0,0,0.0,0.25,0.04662243752664039,0.21112158724014074
1.35,full+plan,obstacle,0.00020597785017890762,0.24929010737709395,1,0,free,0,0.06593003274152322,0.05078336207094683,5,1,733,0,0,0,0.0,0.25,0.046345697035258863,0.21113890735920815
1.4000000000000001,full+plan,obstacle,0.0001942832985960849,0.24886118407363939,1,0,free,0,0.06448173668491065,0.050694271140743,5,1,733,0,0,0,0.0,0.25,0.04600695531476789,0.21115547505550525
1.4500000000000002,full+plan,obstacle,0.00018328863175167106,0.24839882727201054,1,0,free,0,0.06190946662654424,0.05062342153703725,5,1,733,0,0,0,0.0,0.25,0.045569907334560275,0.21117129532599488
1.5,full+plan,obstacle,0.00017296695270832278,0.24787844705409515,1,0,free,0,0.05821383861120248,0.05003813604823201,5,1,733,0,0,0,0.0,0.25,0.04473685593347865,0.21118637989288203
1.55,full+plan,obstacle,0.00016328803709823202,0.24666190540422014,1,0,free,0,0.07422401999466581,0.049065684723658506,5,1,734,0,0,0,0.0,0.25,0.04467075798962632,0.21120074553768886
1.6,full+plan,obstacle,0.00015421960860859032,0.24647489278765716,1,0,free,0,0.0714090942965573,0.049209929115912335,5,1,734,0,0,0,0.0,0.25,0.04449395550107807,0.21121441275684594
1.6500000000000001,full+plan,obstacle,0.00014572834240406094,0.24620851921399817,1,0,free,0,0.0677484072070942,0.04928664336374708,5,1,734,0,0,0,0.0,0.25,0.044176288321552584,0.21122740468331058
1.7000000000000002,full+plan,obstacle,0.00013778064065569456,0.2457230270403688,1,0,free,0,0.061864956115961864,0.048385008362077556,5,1,734,0,0,0,0.0,0.25,0.04415529379978438,0.21123974622457176
1.75,full+plan,obstacle,0.00013034322743559745,0.2455525515607649,1,0,free,0,0.061165840854641815,0.04862644855727309,5,1,734,0,0,0,0.0,0.25,0.04399495714457377,0.2112514633771133
1.8,full+plan,obstacle,0.0001233835951010616,0.24528478860531805,1,0,free,0,0.0592768175180242,0.0488401813620348,5,1,734,0,0,0,0.0,0.25,0.04365035412047218,0.21126258268575515
1.85,full+plan,obstacle,0.0001168703277403445,0.24489224658722902,1,0,free,0,0.0562100431374644,0.04838371393170976,5,1,734,0,0,0,0.0,0.25,0.04317537423749012,0.21127313082372534
1.9000000000000001,full+plan,obstacle,0.0001107733308978097,0.2440103436398685,1,0,free,0,0.06889359726149365,0.04778020399937338,5,1,734,0,0,0,0.0,0.25,0.04311875469814524,0.2112831342652267
1.9500000000000002,full+plan,obstacle,0.00010506398270314715,0.24387093444159283,1,0,free,0,0.0662510986429027,0.04810798681139378,5,1,734,0,0,0,0.0,0.25,0.0428484972871974,0.2112926190390333
2.0,full+plan,obstacle,9.971522067380154e-05,0.24357942614070333,1,0,free,0,0.06262176192506837,0.04753748013091938,5,1,734,0,0,0,0.0,0.25,0.042471612510797896,0.21130161054275975
2.0500000000000003,full+plan,obstacle,9.470158727901074e-05,0.24280459723354925,1,0,free,0,0.07343609517742324,0.04719952288370105,5,1,734,0,0,0,0.0,0.25,0.042458084611236964,0.21131013340761473
2.1,full+plan,obstacle,8.999923152853617e-05,0.2427330082856577,1,0,free,0,0.07046043591128563,0.04753085439154678,5,1,734,0,0,0,0.0,0.25,0.042505710150368366,0.21131821140536544
2.15,full+plan,obstacle,8.558588724970879e-05,0.24246616542698984,1,0,free,0,0.06518450551009845,0.046853774898404296,5,1,735,0,0,0,0.0,0.25,0.04258631050699976,0.21132586738566828
2.2,full+plan,obstacle,8.144082953721601e-05,0.2424385284490173,1,0,free,0,0.06428123119316027,0.047311878401192525,5,1,735,0,0,0,0.0,0.25,0.04244543208442239,0.2113331232389507
2.25,full+plan,obstacle,7.754481288176335e-05,0.24224917534336013,1,0,free,0,0.06237065675412436,0.04705801432888812,5,1,735,0,0,0,0.0,0.25,0.042615495063224915,0.21133999988096275
2.3000000000000003,full+plan,obstacle,7.388000447972481e-05,0.24201021101411038,1,0,free,0,0.05850664269774149,0.047012021935721376,5,1,735,0,0,0,0.0,0.25,0.0425428186487527,0.21134651725030762
2.35,full+plan,obstacle,7.042990573838375e-05,0.24186562165959927,1,0,free,0,0.05808340468574762,0.04709675709926685,5,1,735,0,0,0,0.0,0.25,0.04265258702172655,0.2113526943199252
2.4000000000000004,full+plan,obstacle,6.717927491006157e-05,0.24152209250594656,1,0,free,0,0.05559557170397976,0.04666527594974394,5,1,735,0,0,0,0.0,0.25,0.04266627100320737,0.2113585491154285
2.45,full+plan,obstacle,6.411404423375975e-05,0.24144515459658047,1,0,free,0,0.056319676156119505,0.047178951181207976,5,1,735,0,0,0,0.0,0.25,0.04243609485394909,0.2113640987420865
2.5,full+plan,obstacle,6.122124056026659e-05,0.24118880624065522,1,0,free,0,0.0559811899420536,0.04649927018682519,5,1,735,0,0,0,0.0,0.25,0.0421524997659627,0.2113693594153513
2.5500000000000003,full+plan,obstacle,5.848890663882387e-05,0.24052612279934601,1,0,free,0,0.06572846051235919,0.046555256024012434,5,1,735,0,0,0,0.0,0.25,0.0421525543632601,0.21137434649475584
2.6,full+plan,obstacle,5.5906025463668246e-05,0.24046225460796908,1,0,free,0,0.06546847782112235,0.04660419536827666,5,1,735,0,0,0,0.0,0.25,0.04232556542808704,0.21137907451947002
2.6500000000000004,full+plan,obstacle,5.346244717804314e-05,0.24014609926104666,1,0,free,0,0.06319995479238023,0.04627212864143965,5,1,735,0,0,0,0.0,0.25,0.042408157890249605,0.21138355724585967
2.7,full+plan,obstacle,5.114882165681003e-05,0.24014180435917848,1,0,free,0,0.06392474966935212,0.046828947340219945,5,1,735,0,0,0,0.0,0.25,0.042487409563025706,0.2113878076845105
2.75,full+plan,obstacle,4.895653281881565e-05,0.2396836112727064,1,0,free,0,0.06260637737874568,0.04590963481343176,5,1,735,0,0,0,0.0,0.25,0.04285759977910179,0.2113918381373886
2.8000000000000003,full+plan,obstacle,4.6877639462686394e-05,0.24001744484183962,1,0,free,1,0.06897200300083213,0.04669256899568304,5,1,735,0,0,0,0.0,0.25,0.04467241037778077,0.21139185388327297
2.85,full+plan,obstacle,4.687119542230547e-05,0.24185799733265445,1,0,free,1,0.0777769357902937,0.04803980892040566,5,1,735,0,0,0,0.0,0.25,0.045821089606703724,0.21139186727058423
2.9000000000000004,full+plan,obstacle,4.686571905857674e-05,0.24330685508148528,1,0,free,1,0.0852893715779121,0.04961879369691853,5,1,741,0,0,0,0.0,0.25,0.04668822760827749,0.21139187865261333
2.95,full+plan,obstacle,4.6861064756331656e-05,0.24462322932118055,1,0,free,1,0.09165904500891302,0.050307941087461186,5,1,741,0,0,0,0.0,0.25,0.047963394243621185,0.21139188832972977
3.0,full+plan,obstacle,4.68571088963127e-05,0.24635296122640332,1,0,free,1,0.09692277445686391,0.05074830026104106,5,1,741,0,0,0,0.0,0.25,0.04869739911960878,0.21139189655731305
3.0500000000000003,full+plan,obstacle,4.685374650900287e-05,0.24762058196719647,1,0,free,1,0.10145957731363946,0.05206076521277518,5,1,745,0,0,0,0.0,0.25,0.04892502209212259,0.2113919035524886
3.1,full+plan,obstacle,4.685088844481592e-05,0.24842912881234025,1,0,free,1,0.10537232495852376,0.051950617780304006,5,1,745,0,0,0,0.0,0.25,0.04905276738998783,0.2113919094998581
3.1500000000000004,full+plan,obstacle,4.68484589775524e-05,0.24913945970552934,1,0,free,1,0.10869157291988572,0.051562222017694184,5,1,745,0,0,0,0.0,0.25,0.04978351701161559,0.21139191455637196
3.2,full+plan,obstacle,4.6846393774573914e-05,0.25031189554840155,1,0,free,1,0.11132609034487077,0.05202383208507445,5,1,746,0,0,0,0.0,0.25,0.05016109364860295,0.21139191885547193
3.25,full+plan,obstacle,4.684463817625171e-05,0.25319674015350807,1,0,free,1,0.12239672905620468,0.05028922672771402,5,1,746,0,0,0,0.0,0.25,0.05149808197850732,0.21139192251060968
3.3000000000000003,full+plan,obstacle,4.684314573674861e-05,0.25699433428795837,1,0,free,1,0.13145930776607445,0.05071913702216803,5,1,746,0,0,0,0.0,0.25,0.05146589606797897,0.21139192561824582
3.35,full+plan,obstacle,4.684187698677498e-05,0.25958079193930944,1,0,free,1,0.1393147861539179,0.05115071717331307,5,1,746,0,0,0,0.0,0.25,0.05226914998494353,0.21139192826038966
3.4000000000000004,full+plan,obstacle,4.68407983828657e-05,0.2626571194612455,1,0,free,1,0.1410643917839996,0.050975264389767405,5,1,746,0,0,0,0.0,0.25,0.05288820990302192,0.2113919305067672
3.45,full+plan,obstacle,4.683988141626507e-05,0.26542504539181705,1,0,free,1,0.14106439164557705,0.05102562121847305,4,1,746,0,0,0,0.0,0.25,0.05296409266517822,0.21139193241665988
3.5,full+plan,obstacle,4.6839101855570856e-05,0.26754925903279775,1,0,free,1,0.14106439152788608,0.05102171761634809,4,1,746,0,0,0,0.0,0.25,0.053204514649641155,0.21139193404047008
3.5500000000000003,full+plan,obstacle,4.683843910481518e-05,0.26951383237186727,1,0,free,1,0.141064391427822,0.05061831903050483,4,1,746,0,0,0,0.0,0.25,0.053613250791312086,0.21139193542105061
3.6,full+plan,obstacle,4.683787565651725e-05,0.271434412223672,1,0,free,1,0.14106439134274468,0.050604572103538525,4,1,746,0,0,0,0.0,0.25,0.05382231395088187,0.21139193659483368
3.6500000000000004,full+plan,obstacle,4.6837396628514793e-05,0.27299078145130595,1,0,free,1,0.14106439127040943,0.05057476602001597,4,1,746,0,0,0,0.0,0.25,0.054045762005946525,0.2113919375927965
3.7,full+plan,obstacle,4.683698936992671e-05,0.27425707158226414,1,0,free,1,0.141064391208908,0.05053569864342228,4,1,746,0,0,0,0.0,0.25,0.05409477208201261,0.21139193844127446
3.75,full+plan,obstacle,4.6836643126549354e-05,0.27968772760903965,1,0,free,1,0.14106439115661779,0.051135221535569764,4,1,746,0,0,0,0.0,0.25,0.052857638193898014,0.21139193916265875
3.8000000000000003,full+plan,obstacle,4.683634875564315e-05,0.2834427095004883,1,0,free,1,0.14106439111215913,0.05148881800639098,4,1,746,0,0,0,0.0,0.25,0.05157884243560596,0.21139193977598725
3.85,full+plan,obstacle,4.683609848516231e-05,0.2859596229218164,1,0,free,1,0.14106439107435909,0.051670314094656264,4,1,746,0,0,0,0.0,0.25,0.05029205457707084,0.21139194029744546
3.9000000000000004,full+plan,obstacle,4.6835885707650446e-05,0.2878797986815255,1,0,free,1,0.14106439104222035,0.052070909335694096,4,1,746,0,0,0,0.0,0.25,0.05027807144283555,0.21139194074079481
3.95,full+plan,obstacle,4.683570480592571e-05,0.2895849052695793,1,0,free,1,0.1410643910148952,0.052856133666623645,4,1,746,0,0,0,0.0,0.25,0.051113332348320786,0.21139194111773463
4.0,full+plan,obstacle,4.6835551004281984e-05,0.2910872766044831,1,0,free,1,0.14106439099166257,0.05384353570543783,4,1,746,0,0,0,0.0,0.25,0.052417391913582946,0.21139194143821272
4.05,full+plan,obstacle,4.683542024275956e-05,0.2924027826098941,1,0,free,1,0.14106439097190948,0.05491119504717416,4,1,746,0,0,0,0.0,0.25,0.05356638579677387,0.21139194171068654
4.1000000000000005,full+plan,obstacle,4.68353090697299e-05,0.29354887364150106,1,0,free,1,0.14106439095511486,0.05598103947254979,4,1,746,0,0,0,0.0,0.25,0.05473624679725737,0.21139194194234612
4.15,full+plan,obstacle,4.683521455053496e-05,0.29454327944631126,1,0,free,1,0.1410643909408355,0.05700562768189353,4,1,746,0,0,0,0.0,0.25,0.0559294300552355,0.21139194213930634
4.2,full+plan,obstacle,4.6835134190493225e-05,0.2954031811792112,1,0,free,1,0.14106439092869494,0.0579583141386429,4,1,746,0,0,0,0.0,0.25,0.05674085156146646,0.21139194230676261
4.25,full+plan,obstacle,4.6835065868451143e-05,0.29498199931306957,1,0,free,1,0.1410643909183727,0.05736602266634008,4,1,746,0,0,0,0.0,0.25,0.05823818862102037,0.21139194244913695
4.3,full+plan,obstacle,4.683500778085659e-05,0.29395968355054514,1,0,free,1,0.14106439090959633,0.05679031869666587,4,1,746,0,0,0,0.0,0.25,0.060186864153431274,0.21139194257018412
4.3500000000000005,full+plan,obstacle,4.6834958394708734e-05,0.29249892288052737,1,0,free,1,0.14106439090213446,0.05623069122976243,4,1,746,0,0,0,0.0,0.25,0.06237822734998997,0.21139194267310024
4.4,full+plan,obstacle,4.6834916406640594e-05,0.2907457837552683,1,0,free,1,0.1410643908957901,0.05568805339319484,4,1,746,0,0,0,0.0,0.25,0.06444638053694281,0.21139194276060047
4.45,full+plan,obstacle,4.683488070820384e-05,0.2888268731556178,1,0,free,1,0.14106439089039602,0.05516477191663878,4,1,746,0,0,0,0.0,0.25,0.06573636537442881,0.2113919428349934
4.5,full+plan,obstacle,4.6834850357374006e-05,0.28684667621717314,1,0,free,1,0.1410643908858099,0.05466422930513383,4,1,746,0,0,0,0.0,0.25,0.06651041981726442,0.21139194289824415
4.55,full+plan,obstacle,4.683482455291009e-05,0.28488634809739205,1,0,free,1,0.14106439088191053,0.05419013010150142,4,1,746,0,0,0,0.0,0.25,0.06707280870883597,0.2113919429520198
4.6000000000000005,full+plan,obstacle,4.6834802613850536e-05,0.28300452460312997,1,0,free,1,0.14106439087859513,0.053745812460873524,4,1,746,0,0,0,0.0,0.25,0.06760340687510041,0.21139194299774056
4.65,full+plan,obstacle,4.6834783961302775e-05,0.28123989790504766,1,0,free,1,0.14106439087577644,0.05333375652764438,4,1,746,0,0,0,0.0,0.25,0.06812559055681924,0.2113919430366128
4.7,full+plan,obstacle,4.683476810281044e-05,0.2796148235502198,1,0,free,1,0.1410643908733798,0.05295535582405762,4,1,746,0,0,0,0.0,0.25,0.06862053720043297,0.2113919430696628
4.75,full+plan,obstacle,4.6834754619790015e-05,0.27813917789709036,1,0,free,1,0.1410643908713421,0.05261091594215779,4,1,746,0,0,0,0.0,0.25,0.07067986774168551,0.21139194309776166
4.800000000000001,full+plan,obstacle,4.683474315649959e-05,0.2728509578313317,1,0,free,1,0.1410643908696096,0.05324850809786971,4,1,746,0,0,0,0.0,0.25,0.07195209882656496,0.2113919431216521
4.8500000000000005,full+plan,obstacle,4.683473341045391e-05,0.26778736582721496,1,0,free,1,0.1410643908681366,0.054070006438808285,5,1,746,0,0,0,0.0,0.25,0.07449458473855573,0.21139194314196386
4.9,full+plan,obstacle,4.683472512421559e-05,0.2638033460177117,1,0,free,1,0.14106439086688422,0.05586876208516088,5,1,746,0,0,0,0.0,0.25,0.07708869666924126,0.21139194315923293
4.95,full+plan,obstacle,4.683471807920555e-05,0.26066204780822394,1,0,free,1,0.14106439086581934,0.05815684800251307,5,1,746,0,0,0,0.0,0.25,0.07947790696390979,0.2113919431739152
5.0,full+plan,obstacle,4.683471208956778e-05,0.2581774183080183,1,0,free,1,0.141064390864914,0.060618622594812294,5,1,746,0,0,0,0.0,0.25,0.08174593760632284,0.2113919431863983
5.050000000000001,full+plan,obstacle,4.683470699715798e-05,0.2562044983329701,1,0,free,1,0.1410643908641443,0.06306169779199818,5,1,746,0,0,0,0.0,0.25,0.08390262610606289,0.2113919431970116
5.1000000000000005,full+plan,obstacle,4.683470266755471e-05,0.2546309365330836,1,0,free,1,0.14106439086348987,0.06533280444968301,5,1,746,0,0,0,0.0,0.25,0.0854267334046249,0.21139194320603483
5.15,full+plan,obstacle,4.683469898647201e-05,0.2533698990975733,1,0,free,1,0.14106439086293343,0.06735647695046407,5,1,746,0,0,0,0.0,0.25,0.08643711621771372,0.2113919432137069
5.2,full+plan,obstacle,4.6834695856798404e-05,0.2523543288753801,1,0,free,1,0.14106439086246025,0.06914012613969589,5,1,746,0,0,0,0.0,0.25,0.08742419939191212,0.21139194322022992
5.25,full+plan,obstacle,4.683469319608876e-05,0.2515323987276812,1,0,free,1,0.14106439086205808,0.0706998672109849,5,1,746,0,0,0,0.0,0.25,0.08293873451753174,0.21139194322577504
5.300000000000001,full+plan,obstacle,4.6834690933810246e-05,0.2411374635429147,1,0,free,1,0.14106439086171613,0.0681063836307528,5,1,746,0,0,0,0.0,0.25,0.07929757015079189,0.21139194323049038
5.3500000000000005,full+plan,obstacle,4.683468901035935e-05,0.23244255398009767,1,0,free,1,0.14106439086142525,0.0660779079823435,5,1,746,0,0,0,0.0,0.25,0.07629613250544316,0.21139194323449917
5.4,full+plan,obstacle,4.683468737512191e-05,0.22474776309213645,1,0,free,1,0.14106439086117806,0.06421579199560222,5,1,746,0,0,0,0.0,0.25,0.07382856443093395,0.21139194323790778
5.45,full+plan,obstacle,4.683468598482452e-05,0.21800711229992295,1,0,free,1,0.1410643908609679,0.06252537251236409,5,1,746,0,0,0,0.0,0.25,0.07174954883467269,0.21139194324080524
5.5,full+plan,obstacle,4.683468480274191e-05,0.21214599220336738,1,0,free,1,0.1410643908607891,0.06099886599025095,5,1,746,0,0,0,0.0,0.25,0.06992621122736489,0.2113919432432686
5.550000000000001,full+plan,obstacle,4.683468379780482e-05,0.20708499920333887,1,0,free,1,0.14106439086063716,0.059626373483257444,5,1,746,0,0,0,0.0,0.25,0.06841293352128472,0.2113919432453638
5.6000000000000005,full+plan,obstacle,4.683468294332262e-05,0.20273473595761696,1,0,free,1,0.14106439086050798,0.05841048545927231,5,1,746,0,0,0,0.0,0.25,0.06718832321101788,0.21139194324714483
5.65,full+plan,obstacle,4.683468221688888e-05,0.19901550808835325,1,0,free,1,0.14106439086039818,0.057373521763443514,5,1,746,0,0,0,0.0,0.25,0.06627320689309493,0.21139194324865873
5.7,full+plan,obstacle,4.683468159929529e-05,0.19586443710682414,1,0,free,1,0.1410643908603048,0.05656831742359246,5,1,746,0,0,0,0.0,0.25,0.06558954070222586,0.21139194324994592
5.75,full+plan,obstacle,4.683468107421446e-05,0.19319355245412834,1,0,free,1,0.14106439086022543,0.05593861222845327,5,1,746,0,0,0,0.0,0.25,0.06540534292101553,0.2113919432510406
5.800000000000001,full+plan,obstacle,4.6834680627617925e-05,0.18147322121457904,1,0,free,1,0.14106439086015776,0.055635248318092384,5,1,746,0,0,0,0.0,0.25,0.06513659887939557,0.2113919432519712
5.8500000000000005,full+plan,obstacle,4.683468024817634e-05,0.1713141898326169,1,0,free,1,0.14106439086010047,0.05521894568540528,5,1,746,0,0,0,0.0,0.25,0.06501176221053417,0.2113919432527619
5.9,full+plan,obstacle,4.683467992542221e-05,0.16256603501294023,1,0,free,1,0.14106439086005162,0.054755812305656765,5,1,746,0,0,0,0.0,0.25,0.06517727525244268,0.2113919432534347
5.95,full+plan,obstacle,4.683467965103788e-05,0.15506654610825904,1,0,free,1,0.14106439086001016,0.054284933952894965,5,1,746,0,0,0,0.0,0.25,0.06549372808072117,0.21139194325400712
6.0,full+plan,obstacle,4.6834679417743385e-05,0.14865823657414348,1,0,free,1,0.14106439085997485,0.053828952301966895,5,1,746,0,0,0,0.0,0.25,0.06587194843431646,0.21139194325449318
6.050000000000001,full+plan,obstacle,4.683467921940905e-05,0.14319544039471266,1,0,free,1,0.14106439085994488,0.05340039022150629,5,1,746,0,0,0,0.0,0.25,0.06641291828611204,0.2113919432549064
6.1000000000000005,full+plan,obstacle,4.6834679050835926e-05,0.13857011702550076,1,0,free,1,0.14106439085991934,0.05313596078985246,5,1,746,0,0,0,0.0,0.25,0.06703943778630372,0.2113919432552579
6.15,full+plan,obstacle,4.683467890745119e-05,0.1346556659256282,1,0,free,1,0.1410643908598977,0.052998365664921054,5,1,746,0,0,0,0.0,0.25,0.06768616488431614,0.211391943255557
6.2,full+plan,obstacle,4.6834678785579515e-05,0.1313409845829574,1,0,free,1,0.14106439085987932,0.052941915929409764,5,1,746,0,0,0,0.0,0.25,0.06831425277548302,0.211391943255811
6.25,full+plan,obstacle,4.683467868185451e-05,0.12853275890822047,1,0,free,1,0.14106439085986355,0.05293606008900158,5,1,746,0,0,0,0.0,0.25,0.07215244780321761,0.21139194325602706
6.300000000000001,full+plan,obstacle,4.683467859382546e-05,0.11663487391745087,1,0,free,1,0.14106439085985023,0.0541248681903978,5,1,746,0,0,0,0.0,0.25,0.07463052963405713,0.21139194325621047
6.3500000000000005,full+plan,obstacle,4.6834678518860204e-05,0.1066691481789003,1,0,free,1,0.1410643908598389,0.055548093683112615,5,1,746,0,0,0,0.0,0.25,0.07642583207064158,0.211391943256367
6.4,full+plan,obstacle,4.6834678455145836e-05,0.09830935414424752,1,0,free,1,0.14106439085982925,0.057002294102237894,5,1,746,0,0,0,0.0,0.25,0.07825802846809768,0.21139194325649935
6.45,full+plan,obstacle,4.6834678401076566e-05,0.09128639977140092,1,0,free,1,0.14106439085982114,0.05838414960981428,5,1,746,0,0,0,0.0,0.25,0.07991735678618707,0.21139194325661237
6.5,full+plan,obstacle,4.68346783549908e-05,0.08537827829116892,1,0,free,1,0.14106439085981415,0.05962495418171511,5,1,746,0,0,0,0.0,0.25,0.08101881050154201,0.21139194325670807
6.550000000000001,full+plan,obstacle,4.683467831592642e-05,0.08040160210504152,1,0,free,1,0.1410643908598082,0.06048136440163107,5,1,746,0,0,0,0.0,0.25,0.0820508057618995,0.21139194325678978
6.6000000000000005,full+plan,obstacle,4.68346782825645e-05,0.07620460258352514,1,0,free,1,0.1410643908598031,0.061244937566530724,5,1,746,0,0,0,0.0,0.25,0.08282273302586433,0.21139194325685928
6.65,full+plan,obstacle,4.683467825431404e-05,0.07266140283244836,1,0,free,1,0.14106439085979888,0.061917300217575466,5,1,746,0,0,0,0.0,0.25,0.08349774825939507,0.21139194325691835
6.7,full+plan,obstacle,4.68346782302726e-05,0.06966735762675945,1,0,free,1,0.14106439085979527,0.06250427074346199,5,1,746,0,0,0,0.0,0.25,0.08405549335719094,0.2113919432569683
6.75,full+plan,obstacle,4.683467820982001e-05,0.06713526988884835,1,0,free,1,0.14106439085979222,0.06301355997909677,5,1,746,0,0,0,0.0,0.25,0.08672488777759228,0.21139194325701094
6.800000000000001,full+plan,obstacle,4.683467819233415e-05,0.05638521800565338,1,0,free,1,0.1410643908597895,0.06543935898061684,5,1,746,0,0,0,0.0,0.25,0.08925444477399679,0.21139194325704713
6.8500000000000005,full+plan,obstacle,4.6834678177686595e-05,0.04743142596653105,1,0,free,1,0.14106439085978734,0.06759615350932993,5,1,746,0,0,0,0.0,0.25,0.09144324294060673,0.21139194325707822
6.9,full+plan,obstacle,4.683467816509656e-05,0.03995620092338222,1,0,free,1,0.1410643908597854,0.06948293671808567,5,1,746,0,0,0,0.0,0.25,0.09329574402022872,0.2113919432571042
6.95,full+plan,obstacle,4.6834678154332914e-05,0.03370163943267384,1,0,free,1,0.14106439085978378,0.07111825968290617,5,1,746,0,0,0,0.0,0.25,0.09486487484488175,0.21139194325712662
7.0,full+plan,obstacle,4.683467814528199e-05,0.028457861188556477,1,0,free,1,0.14106439085978234,0.07252772373653973,5,1,746,0,0,0,0.0,0.25,0.0961950946033691,0.21139194325714528
7.050000000000001,full+plan,obstacle,4.683467813750837e-05,0.024053525995879732,1,0,free,1,0.14106439085978117,0.07373821842098416,5,1,746,0,0,0,0.0,0.25,0.09732360066819798,0.21139194325716149
7.1000000000000005,full+plan,obstacle,4.683467813098219e-05,0.02034826449358169,1,0,free,1,0.14106439085978023,0.07477537410263219,5,1,746,0,0,0,0.0,0.25,0.0982815367521202,0.21139194325717503
7.15,full+plan,obstacle,4.683467812540566e-05,0.017226663282087433,1,1,free,1,0.14106439085977934,0.07566254168560965,5,1,746,0,0,0,0.0,0.25,0.0990950408804494,0.21139194325718658
7.2,full+plan,obstacle,4.6834678120638885e-05,0.014593490039010617,1,1,free,1,0.14106439085977868,0.07642049248538216,5,1,746,0,0,0,0.0,0.25,0.09978611015844374,0.211391943257197
7.25,full+plan,obstacle,4.6834678116624166e-05,0.012369898021881624,1,1,free,0,0.141064390859778,0.07648916129129482,5,1,746,0,0,0,0.0,0.25,0.09846588026815727,0.2113957558530558
7.300000000000001,full+plan,obstacle,4.486799168072817e-05,0.010844757864912492,1,1,free,0,0.14131071580522636,0.07494346851080283,5,1,746,0,0,0,0.0,0.25,0.09661380245551607,0.21139937209025972
7.3500000000000005,full+plan,obstacle,4.299973570505861e-05,0.009513518648853206,1,1,free,0,0.1415467808017945,0.07311708859134669,5,1,746,0,0,0,0.0,0.25,0.09412772025667755,0.211402802244267
7.4,full+plan,obstacle,4.1223802099511025e-05,0.008352090700786323,1,1,free,0,0.14177308096907548,0.07093837974510298,5,1,746,0,0,0,0.0,0.25,0.09166880920397569,0.21140605603560692
7.45,full+plan,obstacle,3.9534538823437675e-05,0.0073392321900420015,1,1,free,0,0.14199008278773906,0.06864499722719994,5,1,746,0,0,0,0.0,0.25,0.08926114260786398,0.21140914265963773
7.5,full+plan,obstacle,3.7926713219954405e-05,0.006456186208605021,1,1,free,0,0.14219822608201388,0.06625647708475374,5,1,746,0,0,0,0.0,0.25,0.08720828278849084,0.21141207081563185
7.550000000000001,full+plan,obstacle,3.6395475695129364e-05,0.005671265136860795,1,1,free,0,0.14239792584127586,0.06442535620230681,5,1,746,0,0,0,0.0,0.25,0.08528004142156417,0.21141484873413152
7.6000000000000005,full+plan,obstacle,3.493632970120178e-05,0.00497210030185056,1,1,free,0,0.14258957389859805,0.0625070795097114,5,1,746,0,0,0,0.0,0.25,0.08319922802193991,0.21141748420263295
7.65,full+plan,obstacle,3.3545101197304786e-05,0.004351133107783808,1,1,free,0,0.14277354047496976,0.06084548187825313,5,1,746,0,0,0,0.0,0.25,0.08144441076712094,0.21141998459051192
7.7,full+plan,obstacle,3.221791310408259e-05,0.0038013034229804994,1,1,free,0,0.14295017560536322,0.061597321172345496,5,1,747,0,0,0,0.0,0.25,0.07969778904648939,0.21142235687278632
7.75,full+plan,obstacle,3.095116050843914e-05,0.0033223929028684315,1,1,free,0,0.143119810453901,0.06005908514842842,5,1,747,0,0,0,0.0,0.25,0.07822671149730108,0.2114246076519536
7.800000000000001,full+plan,obstacle,2.9741488154256453e-05,0.0028986163723702745,1,1,free,0,0.14328275852857592,0.05872524221813863,5,1,747,0,0,0,0.0,0.25,0.07698577227809629,0.21142674317887
7.8500000000000005,full+plan,obstacle,2.8585770813217106e-05,0.0025245087774201464,1,1,free,0,0.1434393168053485,0.05870032776016716,5,1,747,0,0,0,0.0,0.25,0.07540391632951265,0.2114287693728033
7.9,full+plan,obstacle,2.748109456922081e-05,0.0022033627977652705,1,1,free,0,0.14358976676846202,0.057297608663810215,5,1,747,0,0,0,0.0,0.25,0.07430482963105874,0.21143069183976404
7.95,full+plan,obstacle,2.6424739430272562e-05,0.0019139881762291174,1,1,free,0,0.1437343753729587,0.05632711960086485,5,1,747,0,0,0,0.0,0.25,0.07337815538473884,0.21143251589024048
8.0,full+plan,obstacle,2.5414164562858824e-05,0.0016592307689581394,1,1,free,0,0.1438733959384616,0.05614494524634801,5,1,747,0,0,0,0.0,0.25,0.07243434980893002,0.21143424655535414
8.05,full+plan,obstacle,2.444699411746726e-05,0.001442176759493452,1,1,free,0,0.14400706897793436,0.055371761874478995,5,1,747,0,0,0,0.0,0.25,0.07241700974518586,0.21143588860285656
8.1,full+plan,obstacle,2.3521004374579448e-05,0.0012522413694958173,1,1,free,0,0.14413562296724414,0.05536102704179184,5,1,747,0,0,0,0.0,0.25,0.0724030085118536,0.2114374465513934
8.15,full+plan,obstacle,2.2634111607249783e-05,0.0010886801891650617,1,1,free,0,0.14425927506027497,0.055352684208366254,5,1,747,0,0,0,0.0,0.25,0.0723918540964669,0.21143892468428283
8.200000000000001,full+plan,obstacle,2.1784362047562757e-05,0.0009486711567900178,1,1,free,0,0.1443782317546743,0.055346393984031544,5,1,747,0,0,0,0.0,0.25,0.07238312368624647,0.21144032706249305
8.25,full+plan,obstacle,2.0969922014322982e-05,0.0008297919945210142,1,1,free,0,0.14449268951147087,0.055341858668781954,5,1,747,0,0,0,0.0,0.25,0.07237645370267981,0.21144165753702626
8.3,full+plan,obstacle,2.0189068785756004e-05,0.000729951650385459,1,1,free,0,0.14460283533209561,0.05533881769511721,5,1,747,0,0,0,0.0,0.25,0.07237153135799543,0.21144291975989427
8.35,full+plan,obstacle,1.944018240338864e-05,0.0006473126606662093,1,1,free,0,0.14470884729633493,0.05533704347269218,5,1,747,0,0,0,0.0,0.25,0.07236808748456561,0.2114441171951572
8.4,full+plan,obstacle,1.872173823625549e-05,0.000580202634316829,1,1,free,0,0.14481089506468664,0.055336337622474266,5,1,747,0,0,0,0.0,0.25,0.07236589043046585,0.211445253129105
8.450000000000001,full+plan,obstacle,1.8032300619977197e-05,0.0005270205022537475,1,1,free,0,0.1449091403475813,0.055336527580386846,5,1,747,0,0,0,0.0,0.25,0.07236474085029948,0.21144633067972085
8.5,full+plan,obstacle,1.7370515917816177e-05,0.00048615416325516344,1,1,free,0,0.14500373734322125,0.05533746354702972,5,1,747,0,0,0,0.0,0.25,0.07236446725079483,0.21144735280556903
8.55,full+plan,obstacle,1.6735107156652402e-05,0.0004559341443569583,1,1,free,0,0.14509483314749488,0.05533901575908545,5,1,747,0,0,0,0.0,0.25,0.0723649221733572,0.21144832231438293
8.6,full+plan,obstacle,1.6124868589699067e-05,0.0004346427341066746,1,1,free,0,0.14518256813754776,0.05534107205590959,5,1,747,0,0,0,0.0,0.25,0.07236597891598895,0.21144924187118963
8.65,full+plan,obstacle,1.5538661050930865e-05,0.0004205766630893471,1,1,free,0,0.14526707633115027,0.05534353571528229,5,1,747,0,0,0,0.0,0.25,0.07236752871396128,0.21145011400553215
8.700000000000001,full+plan,obstacle,1.4975407260256827e-05,0.0004121366275536651,1,1,free,0,0.14534848572299774,0.05534632353410554,5,1,747,0,0,0,0.0,0.25,0.07236947831056412,0.21145094111862328
8.75,full+plan,obstacle,1.4434087838332027e-05,0.00040790778756593727,1,1,free,0,0.14542691860054602,0.055349364129412354,5,1,747,0,0,0,0.0,0.25,0.0723717478609783,0.2114517254902647
8.8,full+plan,obstacle,1.39137374264973e-05,0.00040670687831301374,1,1,free,0,0.14550249184021669,0.055352596437472215,5,1,747,0,0,0,0.0,0.25,0.07237426912179523,0.2114524692849381
8.85,full+plan,obstacle,1.341344122189167e-05,0.0004075914365677851,1,1,free,0,0.14557531718559075,0.055355968390741236,5,1,747,0,0,0,0.0,0.25,0.0723769838847718,0.21145317455794255
8.9,full+plan,obstacle,1.2932331975728954e-05,0.0004098407241982734,1,1,free,0,0.1456455015089364,0.05535943575271948,5,1,747,0,0,0,0.0,0.25,0.07237984262128279,0.21145384326095884
8.950000000000001,full+plan,obstacle,1.246958669297574e-05,0.00041292190949564114,1,1,free,0,0.14571314705677368,0.05536296109406566,5,1,747,0,0,0,0.0,0.25,0.072382803307675,0.2114544772473147
9.0,full+plan,obstacle,1.2024423992733132e-05,0.00041645246929797655,1,1,free,0,0.14577835168120207,0.0553665128935487,5,1,747,0,0,0,0.0,0.25,0.07238583040703132,0.21145507827705157
9.05,full+plan,obstacle,1.1596101564607958e-05,0.00042016530903547084,1,1,free,0,0.1458412090575416,0.055370064749938,5,1,747,0,0,0,0.0,0.25,0.07238889398588995,0.21145564802181027
9.1,full+plan,obstacle,1.1183913879940503e-05,0.0004238794039560588,1,1,free,0,0.14590180888943677,0.05537359469177666,5,1,747,0,0,0,0.0,0.25,0.07239196894790081,0.21145618806920263
9.15,full+plan,obstacle,1.0787189831295955e-05,0.00042747649604039234,1,1,free,0,0.1459602371021757,0.05537708457375966,5,1,747,0,0,0,0.0,0.25,0.07239503436845472,0.21145669992716487
9.200000000000001,full+plan,obstacle,1.0405290838576705e-05,0.0004308832770295528,1,1,free,0,0.14601657602495055,0.055380519549072096,5,1,747,0,0,0,0.0,0.25,0.07239807291730876,0.2114571850279513
9.25,full+plan,obstacle,1.0037608931814075e-05,0.00043405809882977506,1,1,free,0,0.1460709045628038,0.05538388760908486,5,1,747,0,0,0,0.0,0.25,0.0724010703571664,0.21145764473202833
9.3,full+plan,obstacle,9.683564919584668e-06,0.0004369812294015245,1,1,free,0,0.14612329835912224,0.05538717918181034,5,1,747,0,0,0,0.0,0.25,0.07240401510850361,0.21145808033152325
9.35,full+plan,obstacle,9.34260675293135e-06,0.000439647796905369,1,1,free,0,0.14617382994892925,0.05539038678225197,5,1,747,0,0,0,0.0,0.25,0.07240689787175664,0.21145849305383624
9.4,full+plan,obstacle,9.014208076529197e-06,0.00044206273266033795,1,1,free,0,0.14622256890402163,0.05539350470806986,5,1,747,0,0,0,0.0,0.25,0.0724097112996345,0.2114588840648285
9.450000000000001,full+plan,obstacle,8.697866718223861e-06,0.0004442371802529039,1,1,free,0,0.14626958197007606,0.05539652877520601,5,1,747,0,0,0,0.0,0.25,0.0724124497128374,0.2114592544719781
9.5,full+plan,obstacle,8.393103489081854e-06,0.0004461859713739025,1,1,free,0,0.14631493319650307,0.055399456088322696,5,1,747,0,0,0,0.0,0.25,0.0724151088533504,0.21145960532716324
9.55,full+plan,obstacle,8.0994608121444e-06,0.0004479258726055002,1,1,free,0,0.14635868405912805,0.05540228484145458,5,1,747,0,0,0,0.0,0.25,0.07241768567105154,0.21145993762957482
9.600000000000001,full+plan,obstacle,7.816501569124088e-06,0.0004494743862534327,1,1,free,0,0.14640089357667968,0.055405014145778614,5,1,747,0,0,0,0.0,0.25,0.0724201781386668,0.21146025232833232
9.65,full+plan,obstacle,7.543808119158802e-06,0.0004508489478333617,1,1,free,0,0.1464416184210965,0.055407643880336116,5,1,747,0,0,0,0.0,0.25,0.07242258509172646,0.2114605503248833
9.700000000000001,full+plan,obstacle,7.280981143226886e-06,0.00045206640565800463,1,1,free,0,0.14648091302198074,0.05541017456315876,5,1,747,0,0,0,0.0,0.25,0.07242490609024674,0.21146083247548686
9.75,full+plan,obstacle,7.027638764493891e-06,0.00045314269973774173,1,1,free,0,0.14651882966580143,0.05541260724016864,5,1,747,0,0,0,0.0,0.25,0.07242714129925003,0.2114610995933962
9.8,full+plan,obstacle,6.783415658805213e-06,0.00045409268030159735,1,1,free,0,0.14655541859004384,0.05541494338946225,5,1,747,0,0,0,0.0,0.25,0.07242929138567573,0.21146135245105835
9.850000000000001,full+plan,obstacle,6.5479622215249215e-06,0.0004549300228249777,1,1,free,0,0.14659072807255935,0.05541718483902204,5,1,747,0,0,0,0.0,0.25,0.07243135742963287,0.21146159178208157
9.9,full+plan,obstacle,6.320943742682248e-06,0.0004556672085932972,1,1,free,0,0.1466248045164677,0.055419333696185624,5,1,747,0,0,0,0.0,0.25,0.07243334084818703,0.21146181828325183
9.950000000000001,full+plan,obstacle,6.102039682492017e-06,0.00045631554872173336,1,1,free,0,0.14665769253080796,0.055421392287415466,5,1,747,0,0,0,0.0,0.25,0.07243524332955553,0.21146203261626628
10.0,full+plan,obstacle,5.89094298033216e-06,0.00045688523614075195,1,1,free,0,0.1466894350072055,0.055423363106483256,5,1,747,0,0,0,0.0,0.25,0.07243706677708701,0.21146223540952447
10.05,full+plan,obstacle,5.687359378805656e-06,0.00045738541384312355,1,1,free,0,0.14672007319284136,0.055425248770755026,5,1,747,0,0,0,0.0,0.25,0.07243881326123214,0.21146242725977615
10.100000000000001,full+plan,obstacle,5.49100678581667e-06,0.0004578242521357955,1,1,free,0,0.14674964675984392,0.055427051983987397,5,1,747,0,0,0,0.0,0.25,0.07244048497853886,0.21146260873370204
10.15,full+plan,obstacle,5.301614804178861e-06,0.00045820902923031316,1,1,free,0,0.14677819387140967,0.055428775504808264,5,1,747,0,0,0,0.0,0.25,0.07244208421686571,0.21146278036939303
10.200000000000001,full+plan,obstacle,5.118924063982499e-06,0.0004585462116408623,1,1,free,0,0.14680575124464995,0.0554304221202889,5,1,747,0,0,0,0.0,0.25,0.07244361332572384,0.21146294267778643
10.25,full+plan,obstacle,4.942685758008851e-06,0.00045884153211740866,1,1,free,0,0.14683235421059104,0.0554319946236302,5,1,747,0,0,0,0.0,0.25,0.07244507469155446,0.2114630961439926
10.3,full+plan,obstacle,4.772661057678851e-06,0.0004591000632094827,1,1,free,0,0.14685803677119058,0.0554334957959267,5,1,747,0,0,0,0.0,0.25,0.07244647071660114,0.2114632412285754
10.350000000000001,full+plan,obstacle,4.6086208493641275e-06,0.0004593262863199764,1,1,free,0,0.14688283165395738,0.05543492839072235,5,1,747,0,0,0,0.0,0.25,0.0724478038014698,0.21146337836881945
10.4,full+plan,obstacle,4.45034508513669e-06,0.00045952415511677305,1,1,free,0,0.14690677036374988,0.05543629512160132,5,1,747,0,0,0,0.0,0.25,0.07244907633054455,0.21146350797983293
10.450000000000001,full+plan,obstacle,4.297622487887114e-06,0.0004596971535674435,1,1,free,0,0.14692988323241013,0.05543759865201622,5,1,747,0,0,0,0.0,0.25,0.07245029066004176,0.2114636304556755
10.5,full+plan,obstacle,4.150250139216559e-06,0.00045984834859525575,1,1,free,0,0.14695219946604682,0.055438841587248586,5,1,747,0,0,0,0.0,0.25,0.07245144910818918,0.2114637461704053
10.55,full+plan,obstacle,4.008033091193379e-06,0.00045998043764982076,1,1,free,0,0.14697374719017786,0.0554400264680259,5,1,747,0,0,0,0.0,0.25,0.07245255394726942,0.21146385547904256
10.600000000000001,full+plan,obstacle,3.870783990048409e-06,0.0004600957914180434,1,1,free,0,0.1469945534928404,0.055441155765591194,5,1,747,0,0,0,0.0,0.25,0.07245360739731384,0.21146395871857993
10.65,full+plan,obstacle,3.7383228298409216e-06,0.00046019649197626296,1,1,free,0,0.14701464446585533,0.055442231878062104,5,1,747,0,0,0,0.0,0.25,0.07245461162131975,0.21146405620881736
10.700000000000001,full+plan,obstacle,3.610476529187108e-06,0.00046028436683855274,1,1,free,0,0.14703404524413988,0.05544325712803323,5,1,747,0,0,0,0.0,0.25,0.0724555687213962,0.21146414825327275
10.75,full+plan,obstacle,3.4870786894315533e-06,0.00046036101925107107,1,1,free,0,0.1470527800433823,0.05544423376078292,5,1,747,0,0,0,0.0,0.25,0.07245648073608993,0.21146423513994883
10.8,full+plan,obstacle,3.3679693047776883e-06,0.00046042785506292006,1,1,free,0,0.1470708721960297,0.0554451639434448,5,1,747,0,0,0,0.0,0.25,0.07245734963848215,0.2114643171421423
10.850000000000001,full+plan,obstacle,3.252994503287507e-06,0.00046048610659011225,1,1,free,0,0.14708834418575,0.05544604976473376,5,1,747,0,0,0,0.0,0.25,0.07245817733510079,0.21146439451915222
10.9,full+plan,obstacle,3.142006234209533e-06,0.0004605368535003266,1,1,free,0,0.14710521768033186,0.055446893235288675,5,1,747,0,0,0,0.0,0.25,0.0724589656653331,0.21146446751697912
10.950000000000001,full+plan,obstacle,3.0348620751626296e-06,0.000460581041518723,1,1,free,0,0.14712151356324632,0.055447696288354026,5,1,747,0,0,0,0.0,0.25,0.07245971640139787,0.21146453636902052
11.0,full+plan,obstacle,2.931424977956021e-06,0.00046061949876627096,1,1,free,0,0.14713725196383493,0.05544846078088202,5,1,747,0,0,0,0.0,0.25,0.07246043124872899,0.21146460129668132
11.05,full+plan,obstacle,2.8315630468511386e-06,0.00046065295012554235,1,1,free,0,0.1471524522862308,0.05544918849489193,5,1,747,0,0,0,0.0,0.25,0.07246111184668232,0.21146466250997176
11.100000000000001,full+plan,obstacle,2.7351493352892886e-06,0.00046068203003604355,1,1,free,0,0.14716713323703923,0.05544988113907094,5,1,747,0,0,0,0.0,0.25,0.07246175976960048,0.21146472020807894
11.15,full+plan,obstacle,2.6420616176534665e-06,0.000460707293623695,1,1,free,0,0.14718131285186742,0.05545054035061023,5,1,747,0,0,0,0.0,0.25,0.0724623765280571,0.21146477457992818
11.200000000000001,full+plan,obstacle,2.552182237747918e-06,0.000460729226416542,1,1,free,0,0.14719500852079365,0.05545116769713658,5,1,747,0,0,0,0.0,0.25,0.07246296357019452,0.21146482580467196
11.25,full+plan,obstacle,2.465397893839827e-06,0.0004607482531425167,1,1,free,0,0.14720823701268693,0.05545176467865891,5,1,747,0,0,0,0.0,0.25,0.0724635222834407,0.2114648740521995
11.3,full+plan,obstacle,2.3815994550837885e-06,0.00046076474513562357,1,1,free,0,0.14722101449862268,0.055452332729834006,5,1,747,0,0,0,0.0,0.25,0.07246405399610217,0.21146491948361057
11.350000000000001,full+plan,obstacle,2.3006818461542352e-06,0.0004607790270090375,1,1,free,0,0.14723335657431336,0.05545287322203361,5,1,747,0,0,0,0.0,0.25,0.07246455997913198,0.21146496225163147
11.4,full+plan,obstacle,2.2225438195802063e-06,0.0004607913825153393,1,1,free,0,0.1472452782815598,0.05545338746553323,5,1,747,0,0,0,0.0,0.25,0.07246504144799226,0.2114650025010555
11.450000000000001,full+plan,obstacle,2.147087840390251e-06,0.00046080205959950075,1,1,free,0,0.147256794128928,0.05545387671176577,5,1,747,0,0,0,0.0,0.25,0.07246549956452043,0.2114650403691415
11.5,full+plan,obstacle,2.0742199354897167e-06,0.00046081127491493385,1,1,free,0,0.14726791811154938,0.05545434215551705,5,1,747,0,0,0,0.0,0.25,0.07246593543871559,0.2114650759859994
11.55,full+plan,obstacle,2.0038495695664405e-06,0.00046081921769509227,1,1,free,0,0.14727866373012033,0.0554547849370072,5,1,747,0,0,0,0.0,0.25,0.07246635013071633,0.2114651094749459
11.600000000000001,full+plan,obstacle,1.9358894827163554e-06,0.0004608260532065631,1,1,free,0,0.14728904400916087,0.055455206144143884,5,1,747,0,0,0,0.0,0.25,0.07246674465262919,0.21146514095284175
11.65,full+plan,obstacle,1.8702555731192106e-06,0.0004608319257607501,1,1,free,0,0.14729907151451976,0.05545560681458139,5,1,747,0,0,0,0.0,0.25,0.07246711997038471,0.211465170530435
11.700000000000001,full+plan,obstacle,1.8068667929534464e-06,0.00046083696132076643,1,1,free,0,0.14730875837023638,0.05545598793779265,5,1,747,0,0,0,0.0,0.25,0.07246747700560452,0.21146519831265398
11.75,full+plan,obstacle,1.7456449977060987e-06,0.0004608412698006564,1,1,free,0,0.14731811627469543,0.055456350457127435,5,1,747,0,0,0,0.0,0.25,0.07246781663727624,0.21146522439891557
11.8,full+plan,obstacle,1.6865148542981793e-06,0.00046084494717537933,1,1,free,0,0.14732715651615008,0.05545669527164579,5,1,747,0,0,0,0.0,0.25,0.0724681397036347,0.2114652488834169
11.850000000000001,full+plan,obstacle,1.6294037491966692e-06,0.00046084807706466246,1,1,free,0,0.14733588998769903,0.0554570232381575,5,1,747,0,0,0,0.0,0.25,0.07246844700377296,0.2114652718553779
11.9,full+plan,obstacle,1.5742416558584384e-06,0.00046085073247479697,1,1,free,0,0.14734432720159013,0.05545733517296719,5,1,747,0,0,0,0.0,0.25,0.07246873929936389,0.21146529339929565
11.950000000000001,full+plan,obstacle,1.5209610459930601e-06,0.00046085297699869417,1,1,free,0,0.14735247830303738,0.05545763185371903,5,1,747,0,0,0,0.0,0.25,0.07246901731625909,0.2114653135952046
12.0,full+plan,obstacle,1.469496812724561e-06,0.0004608548660840433,1,1,free,0,0.1473603530834942,0.055457914021099244,5,1,747,0,0,0,0.0,0.25,0.07246928174606772,0.21146533251889277
12.05,full+plan,obstacle,1.419786152419521e-06,0.00046085644799623564,1,1,free,0,0.14736796099339305,0.05545818238052133,5,1,747,0,0,0,0.0,0.25,0.07246953324759177,0.21146535024212143
12.100000000000001,full+plan,obstacle,1.3717684948334772e-06,0.00046085776483462875,1,1,free,0,0.14737531115441488,0.05545843760363682,5,1,747,0,0,0,0.0,0.25,0.07246977244836517,0.21146536683283357
12.15,full+plan,obstacle,1.3253854244189407e-06,0.0004608588531596726,1,1,free,0,0.1473824123713134,0.05545868032996186,5,1,747,0,0,0,0.0,0.25,0.0724699999460107,0.2114653823553413
12.200000000000001,full+plan,obstacle,1.2805805859162957e-06,0.0004608597448511938,1,1,free,0,0.14738927314324712,0.05545891116830144,5,1,747,0,0,0,0.0,0.25,0.07247021630961992,0.2114653968705308
12.25,full+plan,obstacle,1.2372996106380526e-06,0.0004608604676002715,1,1,free,0,0.1473959016747039,0.055459130698197676,5,1,747,0,0,0,0.0,0.25,0.07247042208107982,0.21146541043602107
12.3,full+plan,obstacle,1.1954900649384418e-06,0.0004608610454477286,1,1,free,0,0.14740230588603925,0.05545933947131264,5,1,747,0,0,0,0.0,0.25,0.07247061777621061,0.21146542310634142
12.350000000000001,full+plan,obstacle,1.1551013468262057e-06,0.0004608614993401206,1,1,free,0,0.14740849342356604,0.05545953801261577,5,1,747,0,0,0,0.0,0.25,0.07247080388610429,0.21146543493307723
12.4,full+plan,obstacle,1.1160846263552877e-06,0.0004608618474099892,1,1,free,0,0.1474144716692916,0.055459726821776245,5,1,747,0,0,0,0.0,0.25,0.072470980878182,0.21146544596505257
12.450000000000001,full+plan,obstacle,1.0783928009957629e-06,0.0004608621054094017,1,1,free,0,0.1474202477503324,0.05545990637425767,5,1,747,0,0,0,0.0,0.25,0.0724711491973541,0.21146545624844204
12.5,full+plan,obstacle,1.0419804105356952e-06,0.00046086228696309666,1,1,free,0,0.14742582854790542,0.05546007712252239,5,1,747,0,0,0,0.0,0.25,0.07247130926698846,0.21146546582691828
12.55,full+plan,obstacle,1.0068035933793383e-06,0.0004608624039043546,1,1,free,0,0.1474312207060431,0.055460239497026984,5,1,747,0,0,0,0.0,0.25,0.07247146149002354,0.21146547474178512
12.600000000000001,full+plan,obstacle,9.728200100470165e-07,0.0004608624664451831,1,1,free,0,0.14743643063995288,0.05546039390738407,5,1,747,0,0,0,0.0,0.25,0.07247160624985594,0.21146548303210955
12.65,full+plan,obstacle,9.39988813922564e-07,0.00046086248342922686,1,1,free,0,0.14744146454409685,0.05546054074325846,5,1,747,0,0,0,0.0,0.25,0.07247174391134201,0.21146549073481935
12.700000000000001,full+plan,obstacle,9.082705762519421e-07,0.00046086246246706517,1,1,free,0,0.14744632839994498,0.05546068037541882,5,1,747,0,0,0,0.0,0.25,0.07247187482160702,0.21146549788481994
12.75,full+plan,obstacle,8.776272334460098e-07,0.00046086241014910937,1,1,free,0,0.14745102798345638,0.055460813156556266,5,1,747,0,0,0,0.0,0.25,0.0724719993109166,0.21146550451510981
12.8,full+plan,obstacle,8.480220542094096e-07,0.0004608623321032307,1,1,free,0,0.14745556887230588,0.05546093942218212,5,1,747,0,0,0,0.0,0.25,0.07247211769343616,0.21146551065687624
12.850000000000001,full+plan,obstacle,8.194195746981315e-07,0.0004608622332218555,1,1,free,0,0.14745995645281468,0.055461059491405576,5,1,747,0,0,0,0.0,0.25,0.0724722302681079,0.21146551633957966
12.9,full+plan,obstacle,7.917855676514916e-07,0.00046086211767166135,1,1,free,0,0.147464195926655,0.05546117366784176,5,1,747,0,0,0,0.0,0.25,0.07247233731932337,0.21146552159106535
12.950000000000001,full+plan,obstacle,7.650869944232919e-07,0.0004608619889841605,1,1,free,0,0.14746829231730113,0.05546128224029355,5,1,747,0,0,0,0.0,0.25,0.07247243911760855,0.21146552643762384
13.0,full+plan,obstacle,7.392919518146022e-07,0.0004608618501964425,1,1,free,0,0.14747225047623586,0.055461385483453376,5,1,747,0,0,0,0.0,0.25,0.07247253592025729,0.2114655309040928
13.05,full+plan,obstacle,7.143696502252396e-07,0.00046086170393164254,1,1,free,0,0.14747607508896426,0.055461483658549096,5,1,747,0,0,0,0.0,0.25,0.07247262797202171,0.21146553501392262
13.100000000000001,full+plan,obstacle,6.902903551273176e-07,0.0004608615523939096,1,1,free,0,0.1474797706807709,0.055461577014051355,5,1,747,0,0,0,0.0,0.25,0.07247271550574742,0.211465538789256
13.15,full+plan,obstacle,6.6702536528225e-07,0.0004608613974151133,1,1,free,0,0.14748334162230964,0.05546166578632873,5,1,747,0,0,0,0.0,0.25,0.0724727987428713,0.21146554225099135
13.200000000000001,full+plan,obstacle,6.445469628352236e-07,0.0004608612405950845,1,1,free,0,0.14748679213495486,0.05546175020014647,5,1,747,0,0,0,0.0,0.25,0.07247287789402661,0.21146554541885576
13.25,full+plan,obstacle,6.228283917474607e-07,0.00046086108322243975,1,1,free,0,0.14749012629599778,0.055461830469288306,5,1,747,0,0,0,0.0,0.25,0.07247295315955717,0.2114655483114568
13.3,full+plan,obstacle,6.018438122628584e-07,0.00046086092640035763,1,1,free,0,0.1474933480436278,0.055461906797082294,5,1,747,0,0,0,0.0,0.25,0.07247302473000783,0.21146555094635422
13.350000000000001,full+plan,obstacle,5.815682737018128e-07,0.0004608607710161336,1,1,free,0,0.1474964611817478,0.055461979376900214,5,1,747,0,0,0,0.0,0.25,0.07247309278660163,0.21146555334011252
13.4,full+plan,obstacle,5.61977687983831e-07,0.0004608606178229616,1,1,free,0,0.14749946938463082,0.05546204839264249,5,1,747,0,0,0,0.0,0.25,0.07247315750167939,0.211465555508345
13.450000000000001,full+plan,obstacle,5.430487869427499e-07,0.00046086046743718076,1,1,free,0,0.1475023762013818,0.05546211401918509,5,1,747,0,0,0,0.0,0.25,0.07247321903914124,0.21146555746577922
13.5,full+plan,obstacle,5.247591057089202e-07,0.00046086032033888633,1,1,free,0,0.14750518506027166,0.05546217642282866,5,1,747,0,0,0,0.0,0.25,0.0724732775549185,0.2114655592262923
13.55,full+plan,obstacle,5.070869510203932e-07,0.00046086017688534047,1,1,free,0,0.14750789927290164,0.05546223576178874,5,1,747,0,0,0,0.0,0.25,0.07247333319727275,0.21146556080296153
13.600000000000001,full+plan,obstacle,4.900113705833761e-07,0.0004608600373661587,1,1,free,0,0.14751052203821619,0.0554622921864847,5,1,747,0,0,0,0.0,0.25,0.07247338610717319,0.21146556220811552
13.65,full+plan,obstacle,4.735121315282722e-07,0.00046085990202112624,1,1,free,0,0.14751305644639168,0.055462345839935145,5,1,747,0,0,0,0.0,0.25,0.07247343641877287,0.2114655634533572
13.700000000000001,full+plan,obstacle,4.5756969168954896e-07,0.00046085977096917727,1,1,free,0,0.1475155054825727,0.05546239685824131,5,1,747,0,0,0,0.0,0.25,0.07247348425952019,0.21146556454961474
13.75,full+plan,obstacle,4.421651760579645e-07,0.00046085964435353747,1,1,free,0,0.147517872030479,0.055462445370688424,5,1,747,0,0,0,0.0,0.25,0.0724735297507233,0.21146556550717965
13.8,full+plan,obstacle,4.272803561638497e-07,0.0004608595221980791,1,1,free,0,0.14752015887589615,0.05546249150033733,5,1,747,0,0,0,0.0,0.25,0.07247357300770974,0.21146556633573554
13.850000000000001,full+plan,obstacle,4.1289763071274506e-07,0.00046085940453698853,1,1,free,0,0.14752236871003532,0.05546253536417663,5,1,747,0,0,0,0.0,0.25,0.07247361414014507,0.21146556704439445
13.9,full+plan,obstacle,3.9899999463003257e-07,0.0004608592913374423,1,1,free,0,0.14752450413277413,0.05546257707344607,5,1,747,0,0,0,0.0,0.25,0.07247365325230612,0.21146556764172952
13.950000000000001,full+plan,obstacle,3.855710236884566e-07,0.00046085918259351213,1,1,free,0,0.1475265676557878,0.05546261673391695,5,1,747,0,0,0,0.0,0.25,0.07247369044340038,0.2114655681357992
14.0,full+plan,obstacle,3.7259485480912103e-07,0.00046085907820620295,1,1,free,0,0.14752856170556988,0.05546265444621895,5,1,747,0,0,0,0.0,0.25,0.07247372580773,0.21146556853417853
14.05,full+plan,obstacle,3.600561660720363e-07,0.00046085897812770624,1,1,free,0,0.1475304886263511,0.05546269030600312,5,1,747,0,0,0,0.0,0.25,0.07247375943496925,0.21146556884398826
14.100000000000001,full+plan,obstacle,3.479401549720378e-07,0.00046085888226568534,1,1,free,0,0.14753235068290604,0.05546272440421947,5,1,747,0,0,0,0.0,0.25,0.07247379141042584,0.21146556907191616
14.15,full+plan,obstacle,3.3623252813690165e-07,0.0004608587904952066,1,1,free,0,0.14753415006327952,0.05546275682739414,5,1,747,0,0,0,0.0,0.25,0.07247382181523243,0.21146556922424498
14.200000000000001,full+plan,obstacle,3.249194739517309e-07,0.00046085870269094143,1,1,free,0,0.147535888881399,0.05546278765781662,5,1,747,0,0,0,0.0,0.25,0.07247385072646481,0.21146556930686955
14.25,full+plan,obstacle,3.139876539063724e-07,0.0004608586187693298,1,1,free,0,0.14753756917960947,0.05546281697365324,5,1,747,0,0,0,0.0,0.25,0.07247387821749848,0.21146556932532434
14.3,full+plan,obstacle,3.034241820146507e-07,0.00046085853858762374,1,1,free,0,0.14753919293111717,0.055462844849325954,5,1,747,0,0,0,0.0,0.25,0.07247390435807842,0.2114655692847961
14.350000000000001,full+plan,obstacle,2.932166095470108e-07,0.00046085846201359554,1,1,free,0,0.14754076204234323,0.055462871355568724,5,1,747,0,0,0,0.0,0.25,0.0724739292145098,0.2114655691901549
14.4,full+plan,obstacle,2.8335291165576034e-07,0.00046085838894410167,1,1,free,0,0.14754227835520806,0.055462896559625996,5,1,747,0,0,0,0.0,0.25,0.07247395284987004,0.21146556904595892
14.450000000000001,full+plan,obstacle,2.7382147341415797e-07,0.00046085831922834056,1,1,free,0,0.14754374364932354,0.05546292052546964,5,1,747,0,0,0,0.0,0.25,0.07247397532411166,0.2114655688564796
14.5,full+plan,obstacle,2.6461107240107593e-07,0.0004608582527525601,1,1,free,0,0.14754515964411447,0.05546294331389809,5,1,747,0,0,0,0.0,0.25,0.07247399669427616,0.21146556862571708
14.55,full+plan,obstacle,2.5571086765151686e-07,0.0004608581893753511,1,1,free,0,0.14754652800087176,0.05546296498275921,5,1,747,0,0,0,0.0,0.25,0.072474017014549,0.2114655683574157
14.600000000000001,full+plan,obstacle,2.4711038733949e-07,0.0004608581289940787,1,1,free,0,0.147547850324728,0.055462985587002175,5,1,747,0,0,0,0.0,0.25,0.07247403633650656,0.21146556805507688
14.65,full+plan,obstacle,2.387995133386461e-07,0.0004608580714837588,1,1,free,0,0.14754912816656696,0.05546300517892924,5,1,747,0,0,0,0.0,0.25,0.07247405470923374,0.21146556772197245
14.700000000000001,full+plan,obstacle,2.3076847055590315e-07,0.00046085801670418206,1,1,free,0,0.1475503630248689,0.05546302380832584,5,1,747,0,0,0,0.0,0.25,0.07247407217930021,0.21146556736116218
14.75,full+plan,obstacle,2.230078165754818e-07,0.00046085796456919346,1,1,free,0,0.147551556347492,0.05546304152241281,5,1,747,0,0,0,0.0,0.25,0.07247408879108061,0.21146556697550112
14.8,full+plan,obstacle,2.1550842798562018e-07,0.00046085791493903313,1,1,free,0,0.14755270953339078,0.055463058366191684,5,1,747,0,0,0,0.0,0.25,0.0724741045866949,0.21146556656765358
14.850000000000001,full+plan,obstacle,2.082614906100314e-07,0.00046085786769834813,1,1,free,0,0.1475538239342779,0.055463074382371136,5,1,747,0,0,0,0.0,0.25,0.07247411960626686,0.21146556614010537
14.9,full+plan,obstacle,2.0125849067385975e-07,0.0004608578227491585,1,1,free,0,0.14755490085622852,0.05546308961164377,5,1,747,0,0,0,0.0,0.25,0.07247413388792398,0.21146556569517105
14.950000000000001,full+plan,obstacle,1.9449119957724946e-07,0.00046085777999050107,1,1,free,0,0.14755594156122398,0.05546310409267599,5,1,747,0,0,0,0.0,0.25,0.07247414746787231,0.2114655652350076
15.0,full+plan,obstacle,1.8795166962465679e-07,0.00046085773931833464,1,1,free,0,0.14755694726865531,0.05546311786217557,5,1,747,0,0,0,0.0,0.25,0.07247416038063229,0.21146556476162004
