t,mode,scenario,e_left,e_right,step_left,step_right,coord_state,plan_active,d_self_model,d_env_model,n_constraints,qp_ok,n_obstacle_pts,n_arm_arm,n_arm_env,n_arm_torso,pen,d_arms,d_obst,d_belt
0.05,off,obstacle,9.87693132314243e-06,0.3033090255201761,1,0,,0,0.05676101943747254,inf,0,1,0,0,0,0,0.0,0.25,0.06442481880029567,0.21129248126365663
0.1,off,obstacle,0.00013839137335756467,0.277464330172364,1,0,,0,0.06182729235999242,inf,0,1,0,0,0,0,0.0,0.25,0.03947512997973785,0.21115276817658024
0.15000000000000002,off,obstacle,0.00024314055891376516,0.25230241990433655,1,0,,0,0.06663865856145311,inf,0,1,0,0,0,0,0.0,0.25,0.014544565189146106,0.2110450942374228
0.2,off,obstacle,0.0003216153949414531,0.22677446290822534,1,0,,0,0.07119161730013647,inf,0,1,0,0,3,0,-0.010606461830226399,0.25,0.0,0.2109640512132377
0.25,off,obstacle,0.00037856679100036053,0.2012883660022591,1,0,,0,0.07548824077793263,inf,0,1,0,0,4,0,-0.03516308228052356,0.25,0.0,0.21090497497050065
0.30000000000000004,off,obstacle,0.0004180599383124734,0.17666790377509223,1,0,,0,0.07953461439895258,inf,0,1,0,0,3,0,-0.044674291438093316,0.25,0.0,0.21086388122294342
0.35000000000000003,off,obstacle,0.000443515445288268,0.15487752555895787,1,0,,0,0.08333959468903833,inf,0,1,0,0,3,0,-0.025654629186461886,0.25,0.0,0.21083739414233638
0.4,off,obstacle,0.0004577892445445079,0.13577080441092557,1,0,,0,0.08691384301207304,inf,0,1,0,0,2,0,-0.009005025054007021,0.25,0.0,0.21082267371725594
0.45,off,obstacle,0.00046325106349874416,0.11903930163144998,1,0,,0,0.09026908951268041,inf,0,1,0,0,0,0,0.0,0.25,0.0006614228838348858,0.21081734573829236
0.5,off,obstacle,0.0004618560456588158,0.10686082101108957,1,0,,0,0.09341758382795616,inf,0,1,0,0,0,0,0.0,0.25,0.010579403698675731,0.21081943672721082
0.55,off,obstacle,0.00045520837133712194,0.09466011742168261,1,0,,0,0.0963716940020896,inf,0,1,0,0,0,0,0.0,0.25,0.018129708552751648,0.21082731501180618
0.6000000000000001,off,obstacle,0.0004446168720958772,0.08337032761760046,1,0,,0,0.09914362092931621,inf,0,1,0,0,0,0,0.0,0.25,0.024309518279197816,0.21083963839883924
0.65,off,obstacle,0.00043114309767452324,0.07328432686975236,1,0,,0,0.10174520146391706,inf,0,1,0,0,0,0,0.0,0.25,0.03191497012691728,0.21085530837911592
0.7000000000000001,off,obstacle,0.0004156425086366593,0.06435123769303983,1,0,,0,0.10418777860610333,inf,0,1,0,0,0,0,0.0,0.25,0.03905775991194727,0.2108734305279606
0.75,off,obstacle,0.0003987995313789822,0.05647216758911339,1,0,,0,0.10648212175488857,inf,0,1,0,0,0,0,0.0,0.25,0.04341246065001233,0.21089328055364753
0.8,off,obstacle,0.0003811572391164722,0.04953885465148059,1,0,,0,0.10863838375043881,inf,0,1,0,0,0,0,0.0,0.25,0.04784583292086415,0.21091427542881613
0.8500000000000001,off,obstacle,0.0003631423376753935,0.043446418908296515,1,0,,0,0.11066608452514069,inf,0,1,0,0,0,0,0.0,0.25,0.0520777224018513,0.21093594897731094
0.9,off,obstacle,0.0003450861451063169,0.03809782741713879,1,0,,0,0.11257411358789497,inf,0,1,0,0,0,0,0.0,0.25,0.055987387397439956,0.210957931339521
0.9500000000000001,off,obstacle,0.0003272421115005435,0.03340523548302043,1,0,,0,0.11437074548933489,inf,0,1,0,0,0,0,0.0,0.25,0.05830275884053143,0.21097993177179075
1.0,off,obstacle,0.00030980043115756185,0.02929004041092083,1,0,,0,0.11606366391002003,inf,0,1,0,0,0,0,0.0,0.25,0.06040065739516595,0.2110017242892589
1.05,off,obstacle,0.000292900174015745,0.025682390716023674,1,0,,0,0.11765998487419392,inf,0,1,0,0,0,0,0.0,0.25,0.06241321517918722,0.2110231357336333
1.1,off,obstacle,0.00027663932821032986,0.02252047873052363,1,0,,0,0.11916009012434507,inf,0,1,0,0,0,0,0.0,0.25,0.06429608062480617,0.21104403586316944
1.1500000000000001,off,obstacle,0.0002610831010431799,0.019749769362985902,1,1,,0,0.12056592814834204,inf,0,1,0,0,0,0,0.0,0.25,0.06602823351741889,0.21106432916551332
1.2000000000000002,off,obstacle,0.00024627074634817975,0.017322237879566202,1,1,,0,0.12188486424468141,inf,0,1,0,0,0,0,0.0,0.25,0.06672897688059427,0.2110839480957013
1.25,off,obstacle,0.00023222117056592533,0.015195650844500376,1,1,,0,0.12312358702554742,inf,0,1,0,0,0,0,0.0,0.25,0.06723946864914944,0.21110284751288566
1.3,off,obstacle,0.00021893751536242414,0.013332904878481851,1,1,,0,0.1242881767397571,inf,0,1,0,0,0,0,0.0,0.25,0.06774714148211619,0.21112100011387358
1.35,off,obstacle,0.00020641089138553456,0.011701427799844752,1,1,,0,0.12538416656183854,inf,0,1,0,0,0,0,0.0,0.25,0.0682362661001541,0.21113839268879675
1.4000000000000001,off,obstacle,0.00019462340656431016,0.010272641520962834,1,1,,0,0.12641659749002893,inf,0,1,0,0,0,0,0.0,0.25,0.06869729070705462,0.21115502306608003
1.4500000000000002,off,obstacle,0.00018355061171886284,0.00902148342615594,1,1,,0,0.12739006747725629,inf,0,1,0,0,0,0,0.0,0.25,0.06912496233921898,0.21117089762131924
1.5,off,obstacle,0.00017316346223200354,0.007925981773040273,1,1,,0,0.1283087753721734,inf,0,1,0,0,0,0,0.0,0.25,0.06951697032474272,0.21118602925561036
1.55,off,obstacle,0.00016342988253572265,0.006966880184103671,1,1,,0,0.12917656021313312,inf,0,1,0,0,0,0,0.0,0.25,0.06987297587053275,0.21120043575865555
1.6,off,obstacle,0.00015431600140514013,0.0061273063125017084,1,1,,0,0.12999693635820092,inf,0,1,0,0,0,0,0.0,0.25,0.07019392349799264,0.21121413849179393
1.6500000000000001,off,obstacle,0.00014578712061444327,0.0053924799537884835,1,1,,0,0.13077312490614568,inf,0,1,0,0,0,0,0.0,0.25,0.07048155647145482,0.2112271613288984
1.7000000000000002,off,obstacle,0.00013780846137799547,0.004749456205102261,1,1,,0,0.13150808180643492,inf,0,1,0,0,0,0,0.0,0.25,0.07073807901139821,0.2112395298114763
1.75,off,obstacle,0.00013034573487294757,0.004186899651663908,1,1,,0,0.13220452302003766,inf,0,1,0,0,0,0,0.0,0.25,0.07096592367643248,0.21125127047914238
1.8,off,obstacle,0.00012336556285747575,0.0036948859200754748,1,1,,0,0.1328649470538536,inf,0,1,0,0,0,0,0.0,0.25,0.07116759379019852,0.2112624103451245
1.85,off,obstacle,0.00011683578415374873,0.003264727323143246,1,1,,0,0.13349165516175565,inf,0,1,0,0,0,0,0.0,0.25,0.07134555919842707,0.21127297648253462
1.9000000000000001,off,obstacle,0.00011072566694775517,0.0028888196544749733,1,1,,0,0.13408676946144799,inf,0,1,0,0,0,0,0.0,0.25,0.07150218972191251,0.2112829957109249
1.9500000000000002,off,obstacle,0.00010500604327117339,0.0025605075128156607,1,1,,0,0.13465224920349544,inf,0,1,0,0,0,0,0.0,0.25,0.07163971507108731,0.21129249435487274
2.0,off,obstacle,9.964938691447479e-05,0.002273965828837181,1,1,,0,0.13518990538822806,inf,0,1,0,0,0,0,0.0,0.25,0.07176020315673307,0.21130149806654208
2.0500000000000003,off,obstacle,9.462984326137156e-05,0.0020240955351317836,1,1,,0,0.13570141391499763,inf,0,1,0,0,0,0,0.0,0.25,0.07186555101943654,0.21131003169681228
2.1,off,obstacle,8.992322491015132e-05,0.0018064315710964252,1,1,,0,0.13618832742251452,inf,0,1,0,0,0,0,0.0,0.25,0.0719574842472375,0.21131811920606436
2.15,off,obstacle,8.550698096635279e-05,0.0016170616567480636,1,1,,0,0.1366520859597543,inf,0,1,0,0,0,0,0.0,0.25,0.0720375619429672,0.21132578360688592
2.2,off,obstacle,8.136014353221764e-05,0.0014525545025317699,1,1,,0,0.13709402661357417,inf,0,1,0,0,0,0,0.0,0.25,0.0721071851581743,0.21133304693047383
2.25,off,obstacle,7.74632638885499e-05,0.001309896362408703,1,1,,0,0.13751539220667613,inf,0,1,0,0,0,0,0.0,0.25,0.07216760733353614,0.21133993021378428
2.3000000000000003,off,obstacle,7.379833681360222e-05,0.0011864350691764708,1,1,,0,0.13791733916071913,inf,0,1,0,0,0,0,0.0,0.25,0.07221994573004129,0.21134645350004277
2.35,off,obstacle,7.034871881979173e-05,0.0010798309180722885,1,1,,0,0.13830094461284764,inf,0,1,0,0,0,0,0.0,0.25,0.07226519315670434,0.21135263585238373
2.4000000000000004,off,obstacle,6.709904616071834e-05,0.000988013960601587,1,1,,0,0.1386672128681043,inf,0,1,0,0,0,0,0.0,0.25,0.0723042295324719,0.21135849537507478
2.45,off,obstacle,6.403514999305669e-05,0.0009091474018564383,1,1,,0,0.1390170812499128,inf,0,1,0,0,0,0,0.0,0.25,0.07233783298318044,0.21136404924154217
2.5,off,obstacle,6.114397271428171e-05,0.0008415968396646588,1,1,,0,0.13935142541412682,inf,0,1,0,0,0,0,0.0,0.25,0.07236669029229896,0.21136931372588463
2.5500000000000003,off,obstacle,5.841348703223229e-05,0.0007839050147547108,1,1,,0,0.13967106417962344,inf,0,1,0,0,0,0,0.0,0.25,0.07239140660525374,0.21137430423864656
2.6,off,obstacle,5.5832617229238826e-05,0.0007347715757315424,1,1,,0,0.1399767639256555,inf,0,1,0,0,0,0,0.0,0.25,0.07241251434499094,0.2113790353637811
2.6500000000000004,off,obstacle,5.339116562668923e-05,0.0006930371418011784,1,1,,0,0.1402692425981168,inf,0,1,0,0,0,0,0.0,0.25,0.07243048133405162,0.2113835208959448
2.7,off,obstacle,5.107974253371082e-05,0.0006576707484970755,1,1,,0,0.14054917336300315,inf,0,1,0,0,0,0,0.0,0.25,0.07244571814497082,0.2113877738795994
2.75,off,obstacle,4.888970022285562e-05,0.0006277596591155612,1,1,,0,0.1408171879427268,inf,0,1,0,0,0,0,0.0,0.25,0.0724585847164186,0.21139180664605417
2.8000000000000003,off,obstacle,4.681307131480691e-05,0.0006025005655644481,1,1,,0,0.14107387966509094,inf,0,1,0,0,0,0,0.0,0.25,0.072469396282159,0.21139563085107926
2.85,off,obstacle,4.484251211248503e-05,0.0005811913804879809,1,1,,0,0.1413198062533924,inf,0,1,0,0,0,0,0.0,0.25,0.07247842866488934,0.21139925751028532
2.9000000000000004,off,obstacle,4.297124994162098e-05,0.0005632230904824912,1,1,,0,0.14155549238155857,inf,0,1,0,0,0,0,0.0,0.25,0.07248592298866505,0.21140269703494818
2.95,off,obstacle,4.1193034872145526e-05,0.0005480714245065847,1,1,,0,0.1417814320171908,inf,0,1,0,0,0,0,0.0,0.25,0.07249208986295283,0.2114059592644556
3.0,off,obstacle,3.9502094399340316e-05,0.000535288332134003,1,1,,0,0.1419980905708495,inf,0,1,0,0,0,0,0.0,0.25,0.07249711308960655,0.21140905349951467
3.0500000000000003,off,obstacle,3.7893093659083396e-05,0.0005244934238260486,1,1,,0,0.14220590687219242,inf,0,1,0,0,0,0,0.0,0.25,0.07250115294088609,0.21141198853151144
3.1,off,obstacle,3.636109727073932e-05,0.000515365597202418,1,1,,0,0.1424052949852922,inf,0,1,0,0,0,0,0.0,0.25,0.07250434905394525,0.21141477267197806
3.1500000000000004,off,obstacle,3.490153546874328e-05,0.0005076350734249151,1,1,,0,0.14259664588106213,inf,0,1,0,0,0,0,0.0,0.25,0.07250682298258573,0.21141741378020018
3.2,off,obstacle,3.351017310356634e-05,0.0005010760257592254,1,1,,0,0.14278032897729526,inf,0,1,0,0,0,0,0.0,0.25,0.07250868044487674,0.2114199192886549
3.25,off,obstacle,3.21830812794332e-05,0.0004954999184762612,1,1,,0,0.14295669355904156,inf,0,1,0,0,0,0,0.0,0.25,0.0725100133001931,0.2114222962280362
3.3000000000000003,off,obstacle,3.0916611472233585e-05,0.0004907496126067746,1,1,,0,0.1431260700899688,inf,0,1,0,0,0,0,0.0,0.25,0.07251090128715984,0.21142455124996118
3.35,off,obstacle,2.9707372075889788e-05,0.00048669424092269436,1,1,,0,0.1432887714234436,inf,0,1,0,0,0,0,0.0,0.25,0.07251141354984922,0.21142669064895692
3.4000000000000004,off,obstacle,2.8552207116738016e-05,0.0004832248164667498,1,1,,0,0.1434450939229865,inf,0,1,0,0,0,0,0.0,0.25,0.07251160997739275,0.21142872038258476
3.45,off,obstacle,2.7448176724000812e-05,0.00048025051344789384,1,1,,0,0.14359531849880575,inf,0,1,0,0,0,0,0.0,0.25,0.07251154237863226,0.21143064609090378
3.5,off,obstacle,2.6392539847075565e-05,0.0004776955475353875,1,1,,0,0.14373971156861637,inf,0,1,0,0,0,0,0.0,0.25,0.07251125551206107,0.21143247311449598
3.5500000000000003,off,obstacle,2.538273750829042e-05,0.00047549657738126227,1,1,,0,0.14387852594751965,inf,0,1,0,0,0,0,0.0,0.25,0.07251078798780847,0.211434206511396
3.6,off,obstacle,2.4416379078918146e-05,0.0004736005528642189,1,1,,0,0.144012001675068,inf,0,1,0,0,0,0,0.0,0.25,0.07251017305780019,0.2114358510728308
3.6500000000000004,off,obstacle,2.3491228265142176e-05,0.0004719629394617354,1,1,,0,0.14414036678196218,inf,0,1,0,0,0,0,0.0,0.25,0.07250943930709987,0.21143741133867844
3.7,off,obstacle,2.260519138684607e-05,0.00047054625750385875,1,1,,0,0.14426383800410358,inf,0,1,0,0,0,0,0.0,0.25,0.07250861125878591,0.21143889161092055
3.75,off,obstacle,2.1756306224299996e-05,0.00046931888172922347,1,1,,0,0.1443826214455196,inf,0,1,0,0,0,0,0.0,0.25,0.07250770990308016,0.21144029596755154
3.8000000000000003,off,obstacle,2.094273230368082e-05,0.00046825405542244645,1,1,,0,0.14449691319686098,inf,0,1,0,0,0,0,0.0,0.25,0.0725067531595892,0.21144162827413016
3.85,off,obstacle,2.0162741024540894e-05,0.00046732908057576253,1,1,,0,0.14460689991006487,inf,0,1,0,0,0,0,0.0,0.25,0.07250575628144305,0.21144289219604062
3.9000000000000004,off,obstacle,1.9414708163096713e-05,0.00046652465169264273,1,1,,0,0.14471275933589295,inf,0,1,0,0,0,0,0.0,0.25,0.07250473220821692,0.211444091209381
3.95,off,obstacle,1.869710556295978e-05,0.0004658243070287402,1,1,,0,0.14481466082431,inf,0,1,0,0,0,0,0.0,0.25,0.07250369187406865,0.21144522861087933
4.0,off,obstacle,1.8008494443175508e-05,0.0004652139755969415,1,1,,0,0.14491276579222767,inf,0,1,0,0,0,0,0.0,0.25,0.07250264447654768,0.21144630752823212
4.05,off,obstacle,1.7347519143806863e-05,0.00046468160233576226,1,1,,0,0.14500722816086925,inf,0,1,0,0,0,0,0.0,0.25,0.07250159771133918,0.211447330928492
4.1000000000000005,off,obstacle,1.671290090634236e-05,0.00046421683684222766,1,1,,0,0.14509819476417662,inf,0,1,0,0,0,0,0.0,0.25,0.07250055797660057,0.21144830162717898
4.15,off,obstacle,1.610343276279905e-05,0.00046381077455771933,1,1,,0,0.14518580573160006,inf,0,1,0,0,0,0,0.0,0.25,0.07249953055134221,0.2114492222961134
4.2,off,obstacle,1.551797475846626e-05,0.0004634557404251186,1,1,,0,0.14527019484636944,inf,0,1,0,0,0,0,0.0,0.25,0.07249851975074348,0.2114500954711761
4.25,off,obstacle,1.495544885495637e-05,0.00046314510778344833,1,1,,0,0.14535148988106966,inf,0,1,0,0,0,0,0.0,0.25,0.07249752906121198,0.21145092355925088
4.3,off,obstacle,1.44148354287155e-05,0.0004628731461844658,1,1,,0,0.14542981291275564,inf,0,1,0,0,0,0,0.0,0.25,0.07249656125808979,0.21145170884522224
4.3500000000000005,off,obstacle,1.3895168984103106e-05,0.00046263489308648775,1,1,,0,0.14550528061835982,inf,0,1,0,0,0,0,0.0,0.25,0.07249561850790741,0.2114524534982073
4.4,off,obstacle,1.3395534836407167e-05,0.00046242604534973443,1,1,,0,0.14557800455228148,inf,0,1,0,0,0,0,0.0,0.25,0.07249470245728255,0.21145315957769328
4.45,off,obstacle,1.2915065694957692e-05,0.0004622428671970602,1,1,,0,0.14564809140701784,inf,0,1,0,0,0,0,0.0,0.25,0.0724938143101408,0.2114538290391056
4.5,off,obstacle,1.2452938970836929e-05,0.00046208211186554216,1,1,,0,0.14571564325865433,inf,0,1,0,0,0,0,0.0,0.25,0.0724929548944734,0.21145446373928578
4.55,off,obstacle,1.2008373622710596e-05,0.00046194095503472934,1,1,,0,0.1457807577972196,inf,0,1,0,0,0,0,0.0,0.25,0.07249212472057333,0.21145506544154735
4.6000000000000005,off,obstacle,1.1580627804094992e-05,0.0004618169376121558,1,1,,0,0.14584352854410554,inf,0,1,0,0,0,0,0.0,0.25,0.07249132403130376,0.21145563582028937
4.65,off,obstacle,1.1168996367458119e-05,0.0004617079167257107,1,1,,0,0.1459040450564809,inf,0,1,0,0,0,0,0.0,0.25,0.07249055284534854,0.2114561764658146
4.7,off,obstacle,1.0772808788456148e-05,0.0004616120239504565,1,1,,0,0.14596239312034015,inf,0,1,0,0,0,0,0.0,0.25,0.07248981099495413,0.2114566888885373
4.75,off,obstacle,1.0391427100485249e-05,0.0004615276289391134,1,1,,0,0.14601865493230304,inf,0,1,0,0,0,0,0.0,0.25,0.07248909815828616,0.21145717452286672
4.800000000000001,off,obstacle,1.0024243765739433e-05,0.00046145330827541644,1,1,,0,0.14607290927109218,inf,0,1,0,0,0,0,0.0,0.25,0.07248841388724564,0.2114576347312095
4.8500000000000005,off,obstacle,9.670680147622998e-06,0.00046138781865623173,1,1,,0,0.14612523165973978,inf,0,1,0,0,0,0,0.0,0.25,0.07248775763161092,0.21145807080773726
4.9,off,obstacle,9.330184910586614e-06,0.0004613300734084109,1,1,,0,0.14617569451878465,inf,0,1,0,0,0,0,0.0,0.25,0.07248712875956635,0.21145848398150402
4.95,off,obstacle,9.002232157157335e-06,0.000461279122443022,1,1,,0,0.14622436731063798,inf,0,1,0,0,0,0,0.0,0.25,0.07248652657531775,0.21145887542000386
5.0,off,obstacle,8.686320388308134e-06,0.00046123413475435696,1,1,,0,0.14627131667683124,inf,0,1,0,0,0,0,0.0,0.25,0.07248595033427284,0.21145924623214396
5.050000000000001,off,obstacle,8.381970947226279e-06,0.00046119438309953777,1,1,,0,0.14631660656726447,inf,0,1,0,0,0,0,0.0,0.25,0.07248539925575544,0.2114595974712271
5.1000000000000005,off,obstacle,8.088726749057792e-06,0.00046115923092428804,1,1,,0,0.1463602983628362,inf,0,1,0,0,0,0,0.0,0.25,0.07248487253397931,0.21145993013774256
5.15,off,obstacle,7.806151330945465e-06,0.0004611281208203759,1,1,,0,0.14640245099171223,inf,0,1,0,0,0,0,0.0,0.25,0.07248436934727545,0.2114602451818951
5.2,off,obstacle,7.533827474202658e-06,0.0004611005645265082,1,1,,0,0.14644312103914903,inf,0,1,0,0,0,0,0.0,0.25,0.072483888865853,0.21146054350628962
5.25,off,obstacle,7.271356466408239e-06,0.0004610761342241901,1,1,,0,0.14648236285209826,inf,0,1,0,0,0,0,0.0,0.25,0.07248343025835172,0.2114608259682077
5.300000000000001,off,obstacle,7.0183569212660305e-06,0.00046105445489405214,1,1,,0,0.14652022863796116,inf,0,1,0,0,0,0,0.0,0.25,0.07248299269726924,0.21146109338178165
5.3500000000000005,off,obstacle,6.774463971033091e-06,0.0004610351977581334,1,1,,0,0.14655676855855232,inf,0,1,0,0,0,0,0.0,0.25,0.07248257536342087,0.2114613465204126
5.4,off,obstacle,6.539328549980114e-06,0.00046101807444669837,1,1,,0,0.1465920308195378,inf,0,1,0,0,0,0,0.0,0.25,0.07248217744961638,0.2114615861185144
5.45,off,obstacle,6.312616326784208e-06,0.0004610028320185626,1,1,,0,0.1466260617547674,inf,0,1,0,0,0,0,0.0,0.25,0.07248179816373573,0.21146181287363064
5.5,off,obstacle,6.094007262799274e-06,0.00046098924843599603,1,1,,0,0.1466589059071191,inf,0,1,0,0,0,0,0.0,0.25,0.07248143673104997,0.21146202744817588
5.550000000000001,off,obstacle,5.883194696920791e-06,0.00046097712882046824,1,1,,0,0.14669060610481688,inf,0,1,0,0,0,0,0.0,0.25,0.07248109239616318,0.21146223047122514
5.6000000000000005,off,obstacle,5.679884757701633e-06,0.00046096630200701005,1,1,,0,0.14672120353433654,inf,0,1,0,0,0,0,0.0,0.25,0.07248076442440264,0.21146242254016634
5.65,off,obstacle,5.483795845793607e-06,0.0004609566176548728,1,1,,0,0.14675073780973907,inf,0,1,0,0,0,0,0.0,0.25,0.07248045210294263,0.21146260422229168
5.7,off,obstacle,5.294657918499557e-06,0.0004609479436448006,1,1,,0,0.1467792470385219,inf,0,1,0,0,0,0,0.0,0.25,0.07248015474154317,0.21146277605624253
5.75,off,obstacle,5.1122119376629764e-06,0.00046094016383568706,1,1,,0,0.14680676788440922,inf,0,1,0,0,0,0,0.0,0.25,0.07247987167301102,0.21146293855345644
5.800000000000001,off,obstacle,4.936209437885775e-06,0.0004609331760798361,1,1,,0,0.14683333562722506,inf,0,1,0,0,0,0,0.0,0.25,0.07247960225355625,0.21146309219956183
5.8500000000000005,off,obstacle,4.766412002854062e-06,0.0004609268905047071,1,1,,0,0.14685898421993582,inf,0,1,0,0,0,0,0.0,0.25,0.07247934586275025,0.2114632374555886
5.9,off,obstacle,4.602590773002809e-06,0.0004609212280266682,1,1,,0,0.1468837463429532,inf,0,1,0,0,0,0,0.0,0.25,0.07247910190356302,0.2114633747592588
5.95,off,obstacle,4.444526061553748e-06,0.00046091611896584934,1,1,,0,0.14690765345604478,inf,0,1,0,0,0,0,0.0,0.25,0.07247886980205774,0.21146350452607032
6.0,off,obstacle,4.292006878621393e-06,0.00046091150193158494,1,1,,0,0.14693073584773414,inf,0,1,0,0,0,0,0.0,0.25,0.07247864900708606,0.21146362715046385
6.050000000000001,off,obstacle,4.144830597046964e-06,0.00046090732285346557,1,1,,0,0.14695302268257576,inf,0,1,0,0,0,0,0.0,0.25,0.0724784389899197,0.2114637430068752
6.1000000000000005,off,obstacle,4.002802533658919e-06,0.0004609035339993707,1,1,,0,0.14697454204619087,inf,0,1,0,0,0,0,0.0,0.25,0.0724782392437285,0.21146385245069166
6.15,off,obstacle,3.865735651099278e-06,0.00046090009325966316,1,1,,0,0.14699532098833717,inf,0,1,0,0,0,0,0.0,0.25,0.07247804928309048,0.2114639558192163
6.2,off,obstacle,3.733450137662908e-06,0.00046089696344387446,1,1,,0,0.1470153855640307,inf,0,1,0,0,0,0,0.0,0.25,0.07247786864333883,0.21146405343255525
6.25,off,obstacle,3.605773182397998e-06,0.0004608941116953851,1,1,,0,0.147034760872862,inf,0,1,0,0,0,0,0.0,0.25,0.07247769688003168,0.21146414559451998
6.300000000000001,off,obstacle,3.4825386450163156e-06,0.0004608915089595167,1,1,,0,0.14705347109659866,inf,0,1,0,0,0,0,0.0,0.25,0.07247753356830318,0.2114642325933761
6.3500000000000005,off,obstacle,3.36358672252344e-06,0.00046088912948057017,1,1,,0,0.14707153953505897,inf,0,1,0,0,0,0,0.0,0.25,0.07247737830216404,0.2114643147026819
6.4,off,obstacle,3.2487637638239776e-06,0.00046088695050639585,1,1,,0,0.147088988640576,inf,0,1,0,0,0,0,0.0,0.25,0.07247723069388629,0.21146439218198487
6.45,off,obstacle,3.137921935883029e-06,0.0004608849518401817,1,1,,0,0.1471058400508144,inf,0,1,0,0,0,0,0.0,0.25,0.07247709037334474,0.21146446527754625
6.5,off,obstacle,3.0309190135342524e-06,0.00046088311558231324,1,1,,0,0.14712211462029728,inf,0,1,0,0,0,0,0.0,0.25,0.0724769569873486,0.2114645342229503
6.550000000000001,off,obstacle,2.9276181382053204e-06,0.0004608814257994613,1,1,,0,0.1471378324505087,inf,0,1,0,0,0,0,0.0,0.25,0.07247683019901946,0.2114645992398213
6.6000000000000005,off,obstacle,2.827887601056629e-06,0.00046087986835604053,1,1,,0,0.14715301291880545,inf,0,1,0,0,0,0,0.0,0.25,0.07247670968707332,0.21146466053836732
6.65,off,obstacle,2.731600639098012e-06,0.000460878430639052,1,1,,0,0.14716767470604664,inf,0,1,0,0,0,0,0.0,0.25,0.07247659514524823,0.21146471831797597
6.7,off,obstacle,2.638635210030094e-06,0.0004608771014732767,1,1,,0,0.14718183582307076,inf,0,1,0,0,0,0,0.0,0.25,0.07247648628168434,0.21146477276772513
6.75,off,obstacle,2.548873788709429e-06,0.0004608758708371813,1,1,,0,0.1471955136360798,inf,0,1,0,0,0,0,0.0,0.25,0.07247638281827566,0.2114648240669642
6.800000000000001,off,obstacle,2.46220324856505e-06,0.0004608747298002361,1,1,,0,0.14720872489104003,inf,0,1,0,0,0,0,0.0,0.25,0.07247628449012379,0.21146487238573408
6.8500000000000005,off,obstacle,2.378514617777805e-06,0.0004608736703975725,1,1,,0,0.14722148573695515,inf,0,1,0,0,0,0,0.0,0.25,0.072476191044955,0.2114649178852671
6.9,off,obstacle,2.297702951235033e-06,0.00046087268547995885,1,1,,0,0.14723381174826433,inf,0,1,0,0,0,0,0.0,0.25,0.07247610224259106,0.21146496071846366
6.95,off,obstacle,2.219667161686064e-06,0.0004608717686004514,1,1,,0,0.1472457179463516,inf,0,1,0,0,0,0,0.0,0.25,0.07247601785435866,0.21146500103023447
7.0,off,obstacle,2.1443098344275656e-06,0.00046087091401903683,1,1,,0,0.14725721882006954,inf,0,1,0,0,0,0,0.0,0.25,0.07247593766255837,0.21146503895798408
7.050000000000001,off,obstacle,2.0715371498589125e-06,0.00046087011657904877,1,1,,0,0.14726832834561115,inf,0,1,0,0,0,0,0.0,0.25,0.07247586146006613,0.2114650746319423
7.1000000000000005,off,obstacle,2.0012586695524655e-06,0.0004608693716280345,1,1,,0,0.1472790600053991,inf,0,1,0,0,0,0,0.0,0.25,0.07247578904977152,0.21146510817552422
7.15,off,obstacle,1.933387261341269e-06,0.00046086867494528685,1,1,,0,0.14728942680636264,inf,0,1,0,0,0,0,0.0,0.25,0.07247572024413972,0.2114651397057309
7.2,off,obstacle,1.8678389504783781e-06,0.0004608680227371163,1,1,,0,0.14729944129744243,inf,0,1,0,0,0,0,0.0,0.25,0.0724756548647686,0.21146516933339654
7.25,off,obstacle,1.8045327770757807e-06,0.00046086741155930926,1,1,,0,0.14730911558634274,inf,0,1,0,0,0,0,0.0,0.25,0.07247559274189674,0.21146519716356382
7.300000000000001,off,obstacle,1.7433907177852654e-06,0.00046086683835431716,1,1,,0,0.1473184613557325,inf,0,1,0,0,0,0,0.0,0.25,0.07247553371411754,0.2114652232957489
7.3500000000000005,off,obstacle,1.6843375513601424e-06,0.00046086630028231484,1,1,,0,0.14732748987873984,inf,0,1,0,0,0,0,0.0,0.25,0.07247547762796376,0.21146524782422904
7.4,off,obstacle,1.6273007560502986e-06,0.00046086579474819426,1,1,,0,0.147336212033862,inf,0,1,0,0,0,0,0.0,0.25,0.0724754243373951,0.21146527083830968
7.45,off,obstacle,1.5722103880950965e-06,0.0004608653194435436,1,1,,0,0.1473446383192759,inf,0,1,0,0,0,0,0.0,0.25,0.0724753737036713,0.21146529242258405
7.5,off,obstacle,1.518999035791593e-06,0.00046086487219744893,1,1,,0,0.14735277886666565,inf,0,1,0,0,0,0,0.0,0.25,0.07247532559474638,0.21146531265715363
7.550000000000001,off,obstacle,1.467601661515536e-06,0.0004608644510848161,1,1,,0,0.14736064345440741,inf,0,1,0,0,0,0,0.0,0.25,0.07247527988513985,0.21146533161788816
7.6000000000000005,off,obstacle,1.4179555480353244e-06,0.00046086405433296603,1,1,,0,0.14736824152033728,inf,0,1,0,0,0,0,0.0,0.25,0.07247523645553154,0.21146534937662198
7.65,off,obstacle,1.3700002182704288e-06,0.0004608636803333845,1,1,,0,0.14737558217402025,inf,0,1,0,0,0,0,0.0,0.25,0.07247519519252776,0.21146536600135601
7.7,off,obstacle,1.3236773141818044e-06,0.00046086332754718555,1,1,,0,0.14738267420848417,inf,0,1,0,0,0,0,0.0,0.25,0.07247515598829948,0.2114653815564861
7.75,off,obstacle,1.2789305796193005e-06,0.0004608629946134326,1,1,,0,0.14738952611162248,inf,0,1,0,0,0,0,0.0,0.25,0.07247511874040803,0.21146539610294945
7.800000000000001,off,obstacle,1.2357057127958692e-06,0.0004608626802293395,1,1,,0,0.14739614607704615,inf,0,1,0,0,0,0,0.0,0.25,0.07247508335142297,0.2114654096984251
7.8500000000000005,off,obstacle,1.1939503377783412e-06,0.00046086238325387995,1,1,,0,0.14740254201460123,inf,0,1,0,0,0,0,0.0,0.25,0.07247504972875218,0.21146542239749244
7.9,off,obstacle,1.1536139260910204e-06,0.0004608621025812704,1,1,,0,0.1474087215604874,inf,0,1,0,0,0,0,0.0,0.25,0.07247501778438616,0.21146543425179998
7.95,off,obstacle,1.1146477192900597e-06,0.00046086183724854655,1,1,,0,0.1474146920869681,inf,0,1,0,0,0,0,0.0,0.25,0.072474987434712,0.2114654453102195
8.0,off,obstacle,1.07700467619163e-06,0.00046086158629143675,1,1,,0,0.14742046071174536,inf,0,1,0,0,0,0,0.0,0.25,0.07247495860021962,0.21146545561897
8.05,off,obstacle,1.0406393937933085e-06,0.00046086134888153425,1,1,,0,0.14742603430695478,inf,0,1,0,0,0,0,0.0,0.25,0.07247493120538945,0.2114654652217739
8.1,off,obstacle,1.0055080733413662e-06,0.0004608611241977166,1,1,,0,0.14743141950787625,inf,0,1,0,0,0,0,0.0,0.25,0.07247490517845137,0.21146547415998806
8.15,off,obstacle,9.715684266702264e-07,0.00046086091149137283,1,1,,0,0.14743662272126812,inf,0,1,0,0,0,0,0.0,0.25,0.07247488045117878,0.2114654824727079
8.200000000000001,off,obstacle,9.387796614977655e-07,0.0004608607100650206,1,1,,0,0.1474416501334394,inf,0,1,0,0,0,0,0.0,0.25,0.07247485695873124,0.21146549019690875
8.25,off,obstacle,9.071024022897182e-07,0.00046086051928710155,1,1,,0,0.14744650771800188,inf,0,1,0,0,0,0,0.0,0.25,0.07247483463953093,0.21146549736753661
8.3,off,obstacle,8.764986391597882e-07,0.00046086033852775086,1,1,,0,0.14745120124333133,inf,0,1,0,0,0,0,0.0,0.25,0.07247481343504697,0.21146550401762554
8.35,off,obstacle,8.469316823426175e-07,0.0004608601672441119,1,1,,0,0.14745573627977665,inf,0,1,0,0,0,0,0.0,0.25,0.0724747932896139,0.21146551017839277
8.4,off,obstacle,8.183661240722528e-07,0.00046086000490461567,1,1,,0,0.1474601182066037,inf,0,1,0,0,0,0,0.0,0.25,0.07247477415044215,0.21146551587934048
8.450000000000001,off,obstacle,7.907677769637834e-07,0.00046085985098350224,1,1,,0,0.14746435221866355,inf,0,1,0,0,0,0,0.0,0.25,0.07247475596725612,0.21146552114833994
8.5,off,obstacle,7.641036485646842e-07,0.0004608597050723767,1,1,,0,0.14746844333285414,inf,0,1,0,0,0,0,0.0,0.25,0.07247473869238312,0.21146552601171587
8.55,off,obstacle,7.383418804938826e-07,0.0004608595666838327,1,1,,0,0.1474723963943151,inf,0,1,0,0,0,0,0.0,0.25,0.07247472228045004,0.21146553049433636
8.6,off,obstacle,7.134517194855593e-07,0.0004608594354261307,1,1,,0,0.14747621608242045,inf,0,1,0,0,0,0,0.0,0.25,0.07247470668838102,0.21146553461967377
8.65,off,obstacle,6.894034679458454e-07,0.0004608593109309621,1,1,,0,0.14747990691654222,inf,0,1,0,0,0,0,0.0,0.25,0.0724746918752205,0.21146553840990434
8.700000000000001,off,obstacle,6.661684662230031e-07,0.0004608591928410501,1,1,,0,0.14748347326162664,inf,0,1,0,0,0,0,0.0,0.25,0.0724746778021061,0.21146554188594668
8.75,off,obstacle,6.437190308351605e-07,0.00046085908079084573,1,1,,0,0.14748691933353736,inf,0,1,0,0,0,0,0.0,0.25,0.07247466443206776,0.21146554506755255
8.8,off,obstacle,6.220284419950056e-07,0.0004608589744562068,1,1,,0,0.1474902492042499,inf,0,1,0,0,0,0,0.0,0.25,0.07247465173000625,0.21146554797335948
8.85,off,obstacle,6.010708917713562e-07,0.0004608588735437865,1,1,,0,0.14749346680681658,inf,0,1,0,0,0,0,0.0,0.25,0.07247463966256755,0.21146555062094652
8.9,off,obstacle,5.808214658613743e-07,0.00046085877776776433,1,1,,0,0.14749657594019122,inf,0,1,0,0,0,0,0.0,0.25,0.07247462819806649,0.21146555302689485
8.950000000000001,off,obstacle,5.612561030165841e-07,0.0004608586868531615,1,1,,0,0.14749958027385662,inf,0,1,0,0,0,0,0.0,0.25,0.0724746173063507,0.21146555520684374
9.0,off,obstacle,5.42351570080643e-07,0.0004608586005635737,1,1,,0,0.14750248335230332,inf,0,1,0,0,0,0,0.0,0.25,0.07247460695886461,0.21146555717553472
9.05,off,obstacle,5.240854314021815e-07,0.0004608585186308968,1,1,,0,0.14750528859934137,inf,0,1,0,0,0,0,0.0,0.25,0.07247459712839477,0.2114655589468698
9.1,off,obstacle,5.064360193573968e-07,0.0004608584408422161,1,1,,0,0.14750799932226627,inf,0,1,0,0,0,0,0.0,0.25,0.07247458778908639,0.2114655605339436
9.15,off,obstacle,4.89382410718505e-07,0.0004608583670158533,1,1,,0,0.14751061871586513,inf,0,1,0,0,0,0,0.0,0.25,0.07247457891645563,0.21146556194909494
9.200000000000001,off,obstacle,4.729043966868409e-07,0.0004608582968921457,1,1,,0,0.1475131498663011,inf,0,1,0,0,0,0,0.0,0.25,0.07247457048718536,0.2114655632039476
9.25,off,obstacle,4.5698246348588186e-07,0.0004608582303046504,1,1,,0,0.14751559575484197,inf,0,1,0,0,0,0,0.0,0.25,0.07247456247906928,0.2114655643094464
9.3,off,obstacle,4.415977600217713e-07,0.0004608581670802787,1,1,,0,0.14751795926146682,inf,0,1,0,0,0,0,0.0,0.25,0.07247455487112534,0.21146556527589933
9.35,off,obstacle,4.267320821428909e-07,0.00046085810703496295,1,1,,0,0.14752024316834744,inf,0,1,0,0,0,0,0.0,0.25,0.07247454764335443,0.2114655661130017
9.4,off,obstacle,4.123678503602644e-07,0.00046085805000224553,1,1,,0,0.1475224501632046,inf,0,1,0,0,0,0,0.0,0.25,0.07247454077676836,0.2114655668298776
9.450000000000001,off,obstacle,3.9848807958443133e-07,0.0004608579958368159,1,1,,0,0.1475245828425435,inf,0,1,0,0,0,0,0.0,0.25,0.07247453425328784,0.21146556743511302
9.5,off,obstacle,3.850763694886025e-07,0.0004608579444054926,1,1,,0,0.14752664371478763,inf,0,1,0,0,0,0,0.0,0.25,0.07247452805578852,0.21146556793678328
9.55,off,obstacle,3.721168788165392e-07,0.0004608578955499367,1,1,,0,0.14752863520329035,inf,0,1,0,0,0,0,0.0,0.25,0.07247452216799109,0.2114655683424721
9.600000000000001,off,obstacle,3.5959430139268727e-07,0.0004608578491506113,1,1,,0,0.14753055964924072,inf,0,1,0,0,0,0,0.0,0.25,0.0724745165744083,0.21146556865931465
9.65,off,obstacle,3.4749385955265424e-07,0.0004608578050791815,1,1,,0,0.1475324193144899,inf,0,1,0,0,0,0,0.0,0.25,0.07247451126035688,0.21146556889400892
9.700000000000001,off,obstacle,3.358012726137768e-07,0.00046085776322560507,1,1,,0,0.14753421638424413,inf,0,1,0,0,0,0,0.0,0.25,0.07247450621186514,0.2114655690528474
9.75,off,obstacle,3.245027528349074e-07,0.00046085772345377275,1,1,,0,0.14753595296970146,inf,0,1,0,0,0,0,0.0,0.25,0.07247450141564046,0.21146556914173498
9.8,off,obstacle,3.1358497427745747e-07,0.00046085768568960997,1,1,,0,0.1475376311105639,inf,0,1,0,0,0,0,0.0,0.25,0.07247449685909735,0.21146556916621384
9.850000000000001,off,obstacle,3.030350683082824e-07,0.0004608576498169503,1,1,,0,0.14753925277748664,inf,0,1,0,0,0,0,0.0,0.25,0.07247449253027233,0.2114655691314843
9.9,off,obstacle,2.928406040270788e-07,0.0004608576157141988,1,1,,0,0.14754081987443013,inf,0,1,0,0,0,0,0.0,0.25,0.07247448841775368,0.21146556904242197
9.950000000000001,off,obstacle,2.8298957188442395e-07,0.00046085758335786284,1,1,,0,0.147542334240932,inf,0,1,0,0,0,0,0.0,0.25,0.07247448451077397,0.2114655689035948
10.0,off,obstacle,2.7347037289189737e-07,0.00046085755258773394,1,1,,0,0.1475437976543077,inf,0,1,0,0,0,0,0.0,0.25,0.07247448079903665,0.21146556871928424
10.05,off,obstacle,2.6427179779133855e-07,0.0004608575233653514,1,1,,0,0.14754521183176228,inf,0,1,0,0,0,0,0.0,0.25,0.07247447727278072,0.21146556849349574
10.100000000000001,off,obstacle,2.5538301893398807e-07,0.0004608574956133383,1,1,,0,0.1475465784324395,inf,0,1,0,0,0,0,0.0,0.25,0.07247447392274452,0.21146556822998364
10.15,off,obstacle,2.467935780576157e-07,0.0004608574692426458,1,1,,0,0.14754789905940158,inf,0,1,0,0,0,0,0.0,0.25,0.07247447074013962,0.2114655679322529
10.200000000000001,off,obstacle,2.3849337049895625e-07,0.0004608574441976212,1,1,,0,0.14754917526153105,inf,0,1,0,0,0,0,0.0,0.25,0.07247446771657391,0.21146556760358604
10.25,off,obstacle,2.3047263540712266e-07,0.0004608574203929431,1,1,,0,0.1475504085353762,inf,0,1,0,0,0,0,0.0,0.25,0.07247446484410666,0.2114655672470488
10.3,off,obstacle,2.2272194060988714e-07,0.00046085739777909526,1,1,,0,0.1475516003269272,inf,0,1,0,0,0,0,0.0,0.25,0.07247446211520549,0.21146556686550133
10.350000000000001,off,obstacle,2.1523217622890227e-07,0.00046085737630180656,1,1,,0,0.14755275203333573,inf,0,1,0,0,0,0,0.0,0.25,0.07247445952264905,0.2114655664616153
10.4,off,obstacle,2.079945386887776e-07,0.0004608573559069269,1,1,,0,0.1475538650045714,inf,0,1,0,0,0,0,0.0,0.25,0.0724744570596986,0.2114655660378818
10.450000000000001,off,obstacle,2.0100052396481624e-07,0.0004608573365127278,1,1,,0,0.1475549405450245,inf,0,1,0,0,0,0,0.0,0.25,0.0724744547198295,0.21146556559662033
10.5,off,obstacle,1.9424191570906405e-07,0.0004608573180865401,1,1,,0,0.14755597991505293,inf,0,1,0,0,0,0,0.0,0.25,0.07247445249690988,0.21146556513999404
10.55,off,obstacle,1.8771077610871862e-07,0.0004608573005726726,1,1,,0,0.14755698433247566,inf,0,1,0,0,0,0,0.0,0.25,0.07247445038507637,0.21146556467001332
10.600000000000001,off,obstacle,1.8139943416952592e-07,0.0004608572839390754,1,1,,0,0.14755795497401264,inf,0,1,0,0,0,0,0.0,0.25,0.07247444837876829,0.21146556418854756
10.65,off,obstacle,1.7530048024653583e-07,0.0004608572681539643,1,1,,0,0.14755889297668168,inf,0,1,0,0,0,0,0.0,0.25,0.0724744464727341,0.21146556369733338
10.700000000000001,off,obstacle,1.6940675500839416e-07,0.0004608572531389527,1,1,,0,0.14755979943914266,inf,0,1,0,0,0,0,0.0,0.25,0.07247444466195019,0.2114655631979837
10.75,off,obstacle,1.6371134258900816e-07,0.0004608572388666644,1,1,,0,0.14756067542299822,inf,0,1,0,0,0,0,0.0,0.25,0.07247444294167017,0.21146556269199113
10.8,off,obstacle,1.582075584385043e-07,0.00046085722532274024,1,1,,0,0.14756152195404482,inf,0,1,0,0,0,0,0.0,0.25,0.07247444130735056,0.21146556218073942
10.850000000000001,off,obstacle,1.528889449212005e-07,0.0004608572124475574,1,1,,0,0.14756234002348856,inf,0,1,0,0,0,0,0.0,0.25,0.07247443975470376,0.21146556166550912
10.9,off,obstacle,1.477492628015998e-07,0.00046085720022602224,1,1,,0,0.14756313058911547,inf,0,1,0,0,0,0,0.0,0.25,0.07247443827967644,0.2114655611474815
10.950000000000001,off,obstacle,1.4278248503537848e-07,0.00046085718859424207,1,1,,0,0.14756389457642405,inf,0,1,0,0,0,0,0.0,0.25,0.07247443687835285,0.21146556062774746
11.0,off,obstacle,1.3798278550699505e-07,0.0004608571775496303,1,1,,0,0.14756463287971233,inf,0,1,0,0,0,0,0.0,0.25,0.07247443554706094,0.21146556010731132
11.05,off,obstacle,1.33344537552296e-07,0.0004608571670602887,1,1,,0,0.14756534636313917,inf,0,1,0,0,0,0,0.0,0.25,0.07247443428231684,0.21146555958709745
11.100000000000001,off,obstacle,1.2886230285671558e-07,0.0004608571570888917,1,1,,0,0.14756603586174094,inf,0,1,0,0,0,0,0.0,0.25,0.07247443308080019,0.2114655590679534
11.15,off,obstacle,1.2453082640491152e-07,0.00046085714760245495,1,1,,0,0.14756670218241397,inf,0,1,0,0,0,0,0.0,0.25,0.07247443193928321,0.21146555855065785
11.200000000000001,off,obstacle,1.203450318877114e-07,0.0004608571386154111,1,1,,0,0.1475673461048706,inf,0,1,0,0,0,0,0.0,0.25,0.07247443085484559,0.21146555803592182
11.25,off,obstacle,1.1630001450476976e-07,0.00046085713006136425,1,1,,0,0.14756796838255398,inf,0,1,0,0,0,0,0.0,0.25,0.07247442982460627,0.21146555752439367
11.3,off,obstacle,1.1239103262006905e-07,0.0004608571219389141,1,1,,0,0.14756856974352567,inf,0,1,0,0,0,0,0.0,0.25,0.07247442884586461,0.21146555701666359
11.350000000000001,off,obstacle,1.0861350779009026e-07,0.0004608571142097411,1,1,,0,0.14756915089132644,inf,0,1,0,0,0,0,0.0,0.25,0.0724744279160014,0.2114655565132696
11.4,off,obstacle,1.0496301413542808e-07,0.00046085710689131986,1,1,,0,0.1475697125058006,inf,0,1,0,0,0,0,0.0,0.25,0.07247442703261396,0.2114655560146964
11.450000000000001,off,obstacle,1.0143527500564525e-07,0.000460857099948918,1,1,,0,0.14757025524389822,inf,0,1,0,0,0,0,0.0,0.25,0.07247442619338902,0.21146555552138258
11.5,off,obstacle,9.802615934070131e-08,0.0004608570933321103,1,1,,0,0.14757077974044752,inf,0,1,0,0,0,0,0.0,0.25,0.0724744253961186,0.21146555503372066
11.55,off,obstacle,9.473167350599539e-08,0.00046085708704184434,1,1,,0,0.14757128660890084,inf,0,1,0,0,0,0,0.0,0.25,0.07247442463868958,0.21146555455206262
11.600000000000001,off,obstacle,9.154796014724639e-08,0.0004608570810581225,1,1,,0,0.1475717764420581,inf,0,1,0,0,0,0,0.0,0.25,0.07247442391912828,0.21146555407672263
11.65,off,obstacle,8.847129147718797e-08,0.00046085707537108053,1,1,,0,0.1475722498127618,inf,0,1,0,0,0,0,0.0,0.25,0.07247442323550225,0.2114655536079778
11.700000000000001,off,obstacle,8.549806491390933e-08,0.0004608570699891553,1,1,,0,0.14757270727457084,inf,0,1,0,0,0,0,0.0,0.25,0.0724744225860561,0.21146555314607152
11.75,off,obstacle,8.262479974562557e-08,0.00046085706486449334,1,1,,0,0.147573149362412,inf,0,1,0,0,0,0,0.0,0.25,0.07247442196905958,0.21146555269121603
11.8,off,obstacle,7.9848133160222e-08,0.0004608570600154925,1,1,,0,0.14757357659320725,inf,0,1,0,0,0,0,0.0,0.25,0.07247442138290426,0.21146555224359564
11.850000000000001,off,obstacle,7.716481423340204e-08,0.0004608570553889893,1,1,,0,0.1475739894664811,inf,0,1,0,0,0,0,0.0,0.25,0.07247442082604036,0.2114655518033669
11.9,off,obstacle,7.457170273774905e-08,0.00046085705100146977,1,1,,0,0.14757438846494741,inf,0,1,0,0,0,0,0.0,0.25,0.0724744202970275,0.2114655513706597
11.950000000000001,off,obstacle,7.206576386387285e-08,0.00046085704680168146,1,1,,0,0.14757477405507635,inf,0,1,0,0,0,0,0.0,0.25,0.0724744197944396,0.21146555094558284
12.0,off,obstacle,6.964406510886303e-08,0.00046085704282580026,1,1,,0,0.14757514668764232,inf,0,1,0,0,0,0,0.0,0.25,0.07247441931698499,0.2114655505282238
12.05,off,obstacle,6.7303772452084e-08,0.00046085703903796157,1,1,,0,0.14757550679825165,inf,0,1,0,0,0,0,0.0,0.25,0.07247441886338271,0.21146555011864832
12.100000000000001,off,obstacle,6.504214801326051e-08,0.00046085703545073513,1,1,,0,0.14757585480785573,inf,0,1,0,0,0,0,0.0,0.25,0.07247441843246957,0.21146554971690523
12.15,off,obstacle,6.285654517278633e-08,0.00046085703203798485,1,1,,0,0.14757619112324272,inf,0,1,0,0,0,0,0.0,0.25,0.07247441802308224,0.21146554932302564
12.200000000000001,off,obstacle,6.074440709909633e-08,0.0004608570288043249,1,1,,0,0.14757651613751638,inf,0,1,0,0,0,0,0.0,0.25,0.0724744176341698,0.2114655489370253
12.25,off,obstacle,5.870326330863098e-08,0.0004608570257205604,1,1,,0,0.14757683023055707,inf,0,1,0,0,0,0,0.0,0.25,0.07247441726468674,0.21146554855890465
12.3,off,obstacle,5.673072614893038e-08,0.00046085702280518597,1,1,,0,0.14757713376946646,inf,0,1,0,0,0,0,0.0,0.25,0.0724744169136603,0.21146554818865282
12.350000000000001,off,obstacle,5.482448804108935e-08,0.00046085702003049577,1,1,,0,0.14757742710899807,inf,0,1,0,0,0,0,0.0,0.25,0.0724744165801624,0.2114655478262456
12.4,off,obstacle,5.298231964028696e-08,0.00046085701740265284,1,1,,0,0.1475777105919735,inf,0,1,0,0,0,0,0.0,0.25,0.07247441626335854,0.21146554747164725
12.450000000000001,off,obstacle,5.120206618398595e-08,0.00046085701490356895,1,1,,0,0.14757798454968424,inf,0,1,0,0,0,0,0.0,0.25,0.07247441596236674,0.2114655471248118
12.5,off,obstacle,4.9481645551474997e-08,0.00046085701253916617,1,1,,0,0.14757824930227986,inf,0,1,0,0,0,0,0.0,0.25,0.07247441567643612,0.21146554678568596
12.55,off,obstacle,4.781904644154595e-08,0.0004608570102658661,1,1,,0,0.14757850515914378,inf,0,1,0,0,0,0,0.0,0.25,0.0724744154047857,0.2114655464542058
12.600000000000001,off,obstacle,4.621232402846039e-08,0.00046085700811935123,1,1,,0,0.14757875241925433,inf,0,1,0,0,0,0,0.0,0.25,0.07247441514672155,0.21146554613030133
12.65,off,obstacle,4.465959975723577e-08,0.0004608570060764481,1,1,,0,0.1475789913715364,inf,0,1,0,0,0,0,0.0,0.25,0.07247441490155233,0.21146554581389465
12.700000000000001,off,obstacle,4.315905808562892e-08,0.00046085700414200966,1,1,,0,0.14757922229519926,inf,0,1,0,0,0,0,0.0,0.25,0.0724744146686324,0.21146554550490093
12.75,off,obstacle,4.170894449454475e-08,0.00046085700229681916,1,1,,0,0.1475794454600638,inf,0,1,0,0,0,0,0.0,0.25,0.07247441444735778,0.21146554520323313
12.8,off,obstacle,4.030756374833283e-08,0.0004608570005460656,1,1,,0,0.14757966112687865,inf,0,1,0,0,0,0,0.0,0.25,0.07247441423714084,0.21146554490879577
12.850000000000001,off,obstacle,3.8953277450947117e-08,0.0004608569988778759,1,1,,0,0.14757986954762548,inf,0,1,0,0,0,0,0.0,0.25,0.07247441403743678,0.21146554462149048
12.9,off,obstacle,3.764450197323919e-08,0.00046085699730056976,1,1,,0,0.14758007096581305,inf,0,1,0,0,0,0,0.0,0.25,0.07247441384768644,0.2114655443412149
12.950000000000001,off,obstacle,3.6379707872502654e-08,0.000460856995801363,1,1,,0,0.14758026561676457,inf,0,1,0,0,0,0,0.0,0.25,0.07247441366745376,0.2114655440678629
13.0,off,obstacle,3.515741651961392e-08,0.00046085699437184246,1,1,,0,0.1475804537278908,inf,0,1,0,0,0,0,0.0,0.25,0.07247441349620863,0.2114655438013272
13.05,off,obstacle,3.3976198737754986e-08,0.0004608569930237217,1,1,,0,0.14758063551895761,inf,0,1,0,0,0,0,0.0,0.25,0.07247441333352612,0.21146554354149483
13.100000000000001,off,obstacle,3.2834674375627015e-08,0.000460856991746611,1,1,,0,0.14758081120234307,inf,0,1,0,0,0,0,0.0,0.25,0.07247441317895321,0.21146554328825296
13.15,off,obstacle,3.1731508594815385e-08,0.00046085699053039034,1,1,,0,0.14758098098328526,inf,0,1,0,0,0,0,0.0,0.25,0.07247441303212514,0.21146554304148701
13.200000000000001,off,obstacle,3.0665412411837043e-08,0.0004608569893748637,1,1,,0,0.14758114506012365,inf,0,1,0,0,0,0,0.0,0.25,0.07247441289263727,0.21146554280108
13.25,off,obstacle,2.9635139806177043e-08,0.0004608569882655135,1,1,,0,0.14758130362453042,inf,0,1,0,0,0,0,0.0,0.25,0.07247441276013598,0.21146554256691485
13.3,off,obstacle,2.8639486511845756e-08,0.0004608569872074103,1,1,,0,0.14758145686173485,inf,0,1,0,0,0,0,0.0,0.25,0.0724744126342317,0.2114655423388726
13.350000000000001,off,obstacle,2.7677288994921167e-08,0.0004608569862289584,1,1,,0,0.1475816049507398,inf,0,1,0,0,0,0,0.0,0.25,0.07247441251465626,0.21146554211683444
13.4,off,obstacle,2.6747422683058436e-08,0.0004608569852706188,1,1,,0,0.14758174806453173,inf,0,1,0,0,0,0,0.0,0.25,0.07247441240103683,0.21146554190068134
13.450000000000001,off,obstacle,2.5848800922560795e-08,0.0004608569843729569,1,1,,0,0.14758188637028258,inf,0,1,0,0,0,0,0.0,0.25,0.07247441229312887,0.21146554169029363
13.5,off,obstacle,2.4980373732210576e-08,0.00046085698349192,1,1,,0,0.14758202002954574,inf,0,1,0,0,0,0,0.0,0.25,0.07247441219059744,0.21146554148555186
13.55,off,obstacle,2.4141126161218724e-08,0.000460856982687422,1,1,,0,0.14758214919844437,inf,0,1,0,0,0,0,0.0,0.25,0.07247441209318847,0.2114655412863372
13.600000000000001,off,obstacle,2.3330077430223657e-08,0.00046085698189988415,1,1,,0,0.1475822740278545,inf,0,1,0,0,0,0,0.0,0.25,0.07247441200064139,0.21146554109253157
13.65,off,obstacle,2.2546280144292657e-08,0.00046085698115767897,1,1,,0,0.14758239466358192,inf,0,1,0,0,0,0,0.0,0.25,0.07247441191271733,0.2114655409040168
13.700000000000001,off,obstacle,2.1788818479694927e-08,0.00046085698045899356,1,1,,0,0.14758251124653138,inf,0,1,0,0,0,0,0.0,0.25,0.07247441182917351,0.21146554072067614
13.75,off,obstacle,2.1056806883268586e-08,0.0004608569798138156,1,1,,0,0.1475826239128724,inf,0,1,0,0,0,0,0.0,0.25,0.07247441174981077,0.21146554054239297
13.8,off,obstacle,2.034939030747233e-08,0.0004608569791860896,1,1,,0,0.14758273279419837,inf,0,1,0,0,0,0,0.0,0.25,0.07247441167440165,0.21146554036905274
13.850000000000001,off,obstacle,1.9665742464809716e-08,0.0004608569786015699,1,1,,0,0.14758283801768052,inf,0,1,0,0,0,0,0.0,0.25,0.0724744116027969,0.2114655402005411
13.9,off,obstacle,1.9005064322105468e-08,0.00046085697800998956,1,1,,0,0.1475829397062155,inf,0,1,0,0,0,0,0.0,0.25,0.07247441153475696,0.21146554003674456
13.950000000000001,off,obstacle,1.836658392582405e-08,0.0004608569774684289,1,1,,0,0.14758303797857097,inf,0,1,0,0,0,0,0.0,0.25,0.07247441147014277,0.21146553987755368
14.0,off,obstacle,1.774955549869362e-08,0.00046085697694238863,1,1,,0,0.1475831329495228,inf,0,1,0,0,0,0,0.0,0.25,0.07247441140873798,0.2114655397228572
14.05,off,obstacle,1.7153258088628824e-08,0.00046085697645028694,1,1,,0,0.14758322472999014,inf,0,1,0,0,0,0,0.0,0.25,0.07247441135039395,0.21146553957254632
14.100000000000001,off,obstacle,1.657699500221242e-08,0.0004608569759825216,1,1,,0,0.14758331342716458,inf,0,1,0,0,0,0,0.0,0.25,0.07247441129496661,0.21146553942651491
14.15,off,obstacle,1.6020093092378148e-08,0.0004608569755416,1,1,,0,0.14758339914463586,inf,0,1,0,0,0,0,0.0,0.25,0.07247441124231799,0.21146553928465683
14.200000000000001,off,obstacle,1.5481901757818276e-08,0.0004608569751222929,1,1,,0,0.14758348198251298,inf,0,1,0,0,0,0,0.0,0.25,0.07247441119230796,0.2114655391468686
14.25,off,obstacle,1.496179219466423e-08,0.0004608569747191489,1,1,,0,0.14758356203754042,inf,0,1,0,0,0,0,0.0,0.25,0.07247441114479566,0.2114655390130481
14.3,off,obstacle,1.4459156945981861e-08,0.00046085697433865185,1,1,,0,0.14758363940321262,inf,0,1,0,0,0,0,0.0,0.25,0.07247441109964578,0.2114655388830956
14.350000000000001,off,obstacle,1.3973408752232737e-08,0.00046085697398418,1,1,,0,0.14758371416988175,inf,0,1,0,0,0,0,0.0,0.25,0.07247441105677227,0.21146553875691143
14.4,off,obstacle,1.3503980235825902e-08,0.0004608569736421832,1,1,,0,0.14758378642486442,inf,0,1,0,0,0,0,0.0,0.25,0.0724744110160248,0.2114655386343992
14.450000000000001,off,obstacle,1.3050322827452157e-08,0.00046085697331645466,1,1,,0,0.1475838562525431,inf,0,1,0,0,0,0,0.0,0.25,0.0724744109773229,0.21146553851546368
14.5,off,obstacle,1.2611906859619323e-08,0.0004608569730059546,1,1,,0,0.14758392373446494,inf,0,1,0,0,0,0,0.0,0.25,0.07247441094054488,0.21146553840001137
14.55,off,obstacle,1.2188219997930067e-08,0.0004608569727159653,1,1,,0,0.14758398894943725,inf,0,1,0,0,0,0,0.0,0.25,0.07247441090559767,0.21146553828795145
14.600000000000001,off,obstacle,1.177876752402071e-08,0.00046085697244969205,1,1,,0,0.14758405197361918,inf,0,1,0,0,0,0,0.0,0.25,0.07247441087240772,0.21146553817919267
14.65,off,obstacle,1.1383071104596328e-08,0.0004608569721927171,1,1,,0,0.14758411288061118,inf,0,1,0,0,0,0,0.0,0.25,0.0724744108408878,0.21146553807364932
14.700000000000001,off,obstacle,1.1000668507598396e-08,0.00046085697192314076,1,1,,0,0.1475841717415407,inf,0,1,0,0,0,0,0.0,0.25,0.07247441081092931,0.21146553797123346
14.75,off,obstacle,1.063111291251923e-08,0.00046085697169586786,1,1,,0,0.14758422862514514,inf,0,1,0,0,0,0,0.0,0.25,0.07247441078247259,0.21146553787186184
14.8,off,obstacle,1.0273972910091504e-08,0.00046085697146493854,1,1,,0,0.1475842835978527,inf,0,1,0,0,0,0,0.0,0.25,0.07247441075540656,0.21146553777545096
14.850000000000001,off,obstacle,9.92883124674461e-09,0.00046085697126395803,1,1,,0,0.1475843367238595,inf,0,1,0,0,0,0,0.0,0.25,0.07247441072972843,0.2114655376819211
14.9,off,obstacle,9.595284838477045e-09,0.0004608569710616814,1,1,,0,0.14758438806520502,inf,0,1,0,0,0,0,0.0,0.25,0.07247441070533386,0.21146553759119324
14.950000000000001,off,obstacle,9.27294379290547e-09,0.00046085697086054137,1,1,,0,0.14758443768184393,inf,0,1,0,0,0,0,0.0,0.25,0.07247441068215896,0.21146553750318964
15.0,off,obstacle,8.961432250599229e-09,0.00046085697067852106,1,1,,0,0.14758448563171694,inf,0,1,0,0,0,0,0.0,0.25,0.0724744106601455,0.21146553741783525
0.05,self,obstacle,9.87693132314243e-06,0.3033090255201761,1,0,,0,0.05676101943747254,inf,2,1,0,0,0,0,0.0,0.25,0.06442481880029567,0.21129248126365663
0.1,self,obstacle,0.00013839137335756467,0.277464330172364,1,0,,0,0.06182729235999242,inf,2,1,0,0,0,0,0.0,0.25,0.03947512997973785,0.21115276817658024
0.15000000000000002,self,obstacle,0.00024314055891376516,0.25230241990433655,1,0,,0,0.06663865856145311,inf,2,1,0,0,0,0,0.0,0.25,0.014544565189146106,0.2110450942374228
0.2,self,obstacle,0.0003216153949414531,0.22677446290822534,1,0,,0,0.07119161730013647,inf,2,1,0,0,3,0,-0.010606461830226399,0.25,0.0,0.2109640512132377
0.25,self,obstacle,0.00037856679100036053,0.2012883660022591,1,0,,0,0.07548824077793263,inf,2,1,0,0,4,0,-0.03516308228052356,0.25,0.0,0.21090497497050065
0.30000000000000004,self,obstacle,0.0004180599383124734,0.17666790377509223,1,0,,0,0.07953461439895258,inf,2,1,0,0,3,0,-0.044674291438093316,0.25,0.0,0.21086388122294342
0.35000000000000003,self,obstacle,0.000443515445288268,0.15487752555895787,1,0,,0,0.08333959468903833,inf,2,1,0,0,3,0,-0.025654629186461886,0.25,0.0,0.21083739414233638
0.4,self,obstacle,0.0004577892445445079,0.13577080441092557,1,0,,0,0.08691384301207304,inf,2,1,0,0,2,0,-0.009005025054007021,0.25,0.0,0.21082267371725594
0.45,self,obstacle,0.00046325106349874416,0.11903930163144998,1,0,,0,0.09026908951268041,inf,1,1,0,0,0,0,0.0,0.25,0.0006614228838348858,0.21081734573829236
0.5,self,obstacle,0.0004618560456588158,0.10686082101108957,1,0,,0,0.09341758382795616,inf,1,1,0,0,0,0,0.0,0.25,0.010579403698675731,0.21081943672721082
0.55,self,obstacle,0.00045520837133712194,0.09466011742168261,1,0,,0,0.0963716940020896,inf,1,1,0,0,0,0,0.0,0.25,0.018129708552751648,0.21082731501180618
0.6000000000000001,self,obstacle,0.0004446168720958772,0.08337032761760046,1,0,,0,0.09914362092931621,inf,1,1,0,0,0,0,0.0,0.25,0.024309518279197816,0.21083963839883924
0.65,self,obstacle,0.00043114309767452324,0.07328432686975236,1,0,,0,0.10174520146391706,inf,1,1,0,0,0,0,0.0,0.25,0.03191497012691728,0.21085530837911592
0.7000000000000001,self,obstacle,0.0004156425086366593,0.06435123769303983,1,0,,0,0.10418777860610333,inf,1,1,0,0,0,0,0.0,0.25,0.03905775991194727,0.2108734305279606
0.75,self,obstacle,0.0003987995313789822,0.05647216758911339,1,0,,0,0.10648212175488857,inf,1,1,0,0,0,0,0.0,0.25,0.04341246065001233,0.21089328055364753
0.8,self,obstacle,0.0003811572391164722,0.04953885465148059,1,0,,0,0.10863838375043881,inf,1,1,0,0,0,0,0.0,0.25,0.04784583292086415,0.21091427542881613
0.8500000000000001,self,obstacle,0.0003631423376753935,0.043446418908296515,1,0,,0,0.11066608452514069,inf,1,1,0,0,0,0,0.0,0.25,0.0520777224018513,0.21093594897731094
0.9,self,obstacle,0.0003450861451063169,0.03809782741713879,1,0,,0,0.11257411358789497,inf,1,1,0,0,0,0,0.0,0.25,0.055987387397439956,0.210957931339521
0.9500000000000001,self,obstacle,0.0003272421115005435,0.03340523548302043,1,0,,0,0.11437074548933489,inf,1,1,0,0,0,0,0.0,0.25,0.05830275884053143,0.21097993177179075
1.0,self,obstacle,0.00030980043115756185,0.02929004041092083,1,0,,0,0.11606366391002003,inf,1,1,0,0,0,0,0.0,0.25,0.06040065739516595,0.2110017242892589
1.05,self,obstacle,0.000292900174015745,0.025682390716023674,1,0,,0,0.11765998487419392,inf,1,1,0,0,0,0,0.0,0.25,0.06241321517918722,0.2110231357336333
1.1,self,obstacle,0.00027663932821032986,0.02252047873052363,1,0,,0,0.11916009012434507,inf,1,1,0,0,0,0,0.0,0.25,0.06429608062480617,0.21104403586316944
1.1500000000000001,self,obstacle,0.0002610831010431799,0.019749769362985902,1,1,,0,0.12056592814834204,inf,1,1,0,0,0,0,0.0,0.25,0.06602823351741889,0.21106432916551332
1.2000000000000002,self,obstacle,0.00024627074634817975,0.017322237879566202,1,1,,0,0.12188486424468141,inf,1,1,0,0,0,0,0.0,0.25,0.06672897688059427,0.2110839480957013
1.25,self,obstacle,0.00023222117056592533,0.015195650844500376,1,1,,0,0.12312358702554742,inf,1,1,0,0,0,0,0.0,0.25,0.06723946864914944,0.21110284751288566
1.3,self,obstacle,0.00021893751536242414,0.013332904878481851,1,1,,0,0.1242881767397571,inf,1,1,0,0,0,0,0.0,0.25,0.06774714148211619,0.21112100011387358
1.35,self,obstacle,0.00020641089138553456,0.011701427799844752,1,1,,0,0.12538416656183854,inf,1,1,0,0,0,0,0.0,0.25,0.0682362661001541,0.21113839268879675
1.4000000000000001,self,obstacle,0.00019462340656431016,0.010272641520962834,1,1,,0,0.12641659749002893,inf,1,1,0,0,0,0,0.0,0.25,0.06869729070705462,0.21115502306608003
1.4500000000000002,self,obstacle,0.00018355061171886284,0.00902148342615594,1,1,,0,0.12739006747725629,inf,1,1,0,0,0,0,0.0,0.25,0.06912496233921898,0.21117089762131924
1.5,self,obstacle,0.00017316346223200354,0.007925981773040273,1,1,,0,0.1283087753721734,inf,1,1,0,0,0,0,0.0,0.25,0.06951697032474272,0.21118602925561036
1.55,self,obstacle,0.00016342988253572265,0.006966880184103671,1,1,,0,0.12917656021313312,inf,1,1,0,0,0,0,0.0,0.25,0.06987297587053275,0.21120043575865555
1.6,self,obstacle,0.00015431600140514013,0.0061273063125017084,1,1,,0,0.12999693635820092,inf,1,1,0,0,0,0,0.0,0.25,0.07019392349799264,0.21121413849179393
1.6500000000000001,self,obstacle,0.00014578712061444327,0.0053924799537884835,1,1,,0,0.13077312490614568,inf,1,1,0,0,0,0,0.0,0.25,0.07048155647145482,0.2112271613288984
1.7000000000000002,self,obstacle,0.00013780846137799547,0.004749456205102261,1,1,,0,0.13150808180643492,inf,1,1,0,0,0,0,0.0,0.25,0.07073807901139821,0.2112395298114763
1.75,self,obstacle,0.00013034573487294757,0.004186899651663908,1,1,,0,0.13220452302003766,inf,1,1,0,0,0,0,0.0,0.25,0.07096592367643248,0.21125127047914238
1.8,self,obstacle,0.00012336556285747575,0.0036948859200754748,1,1,,0,0.1328649470538536,inf,1,1,0,0,0,0,0.0,0.25,0.07116759379019852,0.2112624103451245
1.85,self,obstacle,0.00011683578415374873,0.003264727323143246,1,1,,0,0.13349165516175565,inf,1,1,0,0,0,0,0.0,0.25,0.07134555919842707,0.21127297648253462
1.9000000000000001,self,obstacle,0.00011072566694775517,0.0028888196544749733,1,1,,0,0.13408676946144799,inf,1,1,0,0,0,0,0.0,0.25,0.07150218972191251,0.2112829957109249
1.9500000000000002,self,obstacle,0.00010500604327117339,0.0025605075128156607,1,1,,0,0.13465224920349544,inf,1,1,0,0,0,0,0.0,0.25,0.07163971507108731,0.21129249435487274
2.0,self,obstacle,9.964938691447479e-05,0.002273965828837181,1,1,,0,0.13518990538822806,inf,1,1,0,0,0,0,0.0,0.25,0.07176020315673307,0.21130149806654208
2.0500000000000003,self,obstacle,9.462984326137156e-05,0.0020240955351317836,1,1,,0,0.13570141391499763,inf,1,1,0,0,0,0,0.0,0.25,0.07186555101943654,0.21131003169681228
2.1,self,obstacle,8.992322491015132e-05,0.0018064315710964252,1,1,,0,0.13618832742251452,inf,1,1,0,0,0,0,0.0,0.25,0.0719574842472375,0.21131811920606436
2.15,self,obstacle,8.550698096635279e-05,0.0016170616567480636,1,1,,0,0.1366520859597543,inf,1,1,0,0,0,0,0.0,0.25,0.0720375619429672,0.21132578360688592
2.2,self,obstacle,8.136014353221764e-05,0.0014525545025317699,1,1,,0,0.13709402661357417,inf,1,1,0,0,0,0,0.0,0.25,0.0721071851581743,0.21133304693047383
2.25,self,obstacle,7.74632638885499e-05,0.001309896362408703,1,1,,0,0.13751539220667613,inf,1,1,0,0,0,0,0.0,0.25,0.07216760733353614,0.21133993021378428
2.3000000000000003,self,obstacle,7.379833681360222e-05,0.0011864350691764708,1,1,,0,0.13791733916071913,inf,1,1,0,0,0,0,0.0,0.25,0.07221994573004129,0.21134645350004277
2.35,self,obstacle,7.034871881979173e-05,0.0010798309180722885,1,1,,0,0.13830094461284764,inf,1,1,0,0,0,0,0.0,0.25,0.07226519315670434,0.21135263585238373
2.4000000000000004,self,obstacle,6.709904616071834e-05,0.000988013960601587,1,1,,0,0.1386672128681043,inf,1,1,0,0,0,0,0.0,0.25,0.0723042295324719,0.21135849537507478
2.45,self,obstacle,6.403514999305669e-05,0.0009091474018564383,1,1,,0,0.1390170812499128,inf,1,1,0,0,0,0,0.0,0.25,0.07233783298318044,0.21136404924154217
2.5,self,obstacle,6.114397271428171e-05,0.0008415968396646588,1,1,,0,0.13935142541412682,inf,1,1,0,0,0,0,0.0,0.25,0.07236669029229896,0.21136931372588463
2.5500000000000003,self,obstacle,5.841348703223229e-05,0.0007839050147547108,1,1,,0,0.13967106417962344,inf,1,1,0,0,0,0,0.0,0.25,0.07239140660525374,0.21137430423864656
2.6,self,obstacle,5.5832617229238826e-05,0.0007347715757315424,1,1,,0,0.1399767639256555,inf,1,1,0,0,0,0,0.0,0.25,0.07241251434499094,0.2113790353637811
2.6500000000000004,self,obstacle,5.339116562668923e-05,0.0006930371418011784,1,1,,0,0.1402692425981168,inf,1,1,0,0,0,0,0.0,0.25,0.07243048133405162,0.2113835208959448
2.7,self,obstacle,5.107974253371082e-05,0.0006576707484970755,1,1,,0,0.14054917336300315,inf,1,1,0,0,0,0,0.0,0.25,0.07244571814497082,0.2113877738795994
2.75,self,obstacle,4.888970022285562e-05,0.0006277596591155612,1,1,,0,0.1408171879427268,inf,1,1,0,0,0,0,0.0,0.25,0.0724585847164186,0.21139180664605417
2.8000000000000003,self,obstacle,4.681307131480691e-05,0.0006025005655644481,1,1,,0,0.14107387966509094,inf,1,1,0,0,0,0,0.0,0.25,0.072469396282159,0.21139563085107926
2.85,self,obstacle,4.484251211248503e-05,0.0005811913804879809,1,1,,0,0.1413198062533924,inf,1,1,0,0,0,0,0.0,0.25,0.07247842866488934,0.21139925751028532
2.9000000000000004,self,obstacle,4.297124994162098e-05,0.0005632230904824912,1,1,,0,0.14155549238155857,inf,1,1,0,0,0,0,0.0,0.25,0.07248592298866505,0.21140269703494818
2.95,self,obstacle,4.1193034872145526e-05,0.0005480714245065847,1,1,,0,0.1417814320171908,inf,1,1,0,0,0,0,0.0,0.25,0.07249208986295283,0.2114059592644556
3.0,self,obstacle,3.9502094399340316e-05,0.000535288332134003,1,1,,0,0.1419980905708495,inf,1,1,0,0,0,0,0.0,0.25,0.07249711308960655,0.21140905349951467
3.0500000000000003,self,obstacle,3.7893093659083396e-05,0.0005244934238260486,1,1,,0,0.14220590687219242,inf,1,1,0,0,0,0,0.0,0.25,0.07250115294088609,0.21141198853151144
3.1,self,obstacle,3.636109727073932e-05,0.000515365597202418,1,1,,0,0.1424052949852922,inf,1,1,0,0,0,0,0.0,0.25,0.07250434905394525,0.21141477267197806
3.1500000000000004,self,obstacle,3.490153546874328e-05,0.0005076350734249151,1,1,,0,0.14259664588106213,inf,1,1,0,0,0,0,0.0,0.25,0.07250682298258573,0.21141741378020018
3.2,self,obstacle,3.351017310356634e-05,0.0005010760257592254,1,1,,0,0.14278032897729526,inf,1,1,0,0,0,0,0.0,0.25,0.07250868044487674,0.2114199192886549
3.25,self,obstacle,3.21830812794332e-05,0.0004954999184762612,1,1,,0,0.14295669355904156,inf,1,1,0,0,0,0,0.0,0.25,0.0725100133001931,0.2114222962280362
3.3000000000000003,self,obstacle,3.0916611472233585e-05,0.0004907496126067746,1,1,,0,0.1431260700899688,inf,1,1,0,0,0,0,0.0,0.25,0.07251090128715984,0.21142455124996118
3.35,self,obstacle,2.9707372075889788e-05,0.00048669424092269436,1,1,,0,0.1432887714234436,inf,1,1,0,0,0,0,0.0,0.25,0.07251141354984922,0.21142669064895692
3.4000000000000004,self,obstacle,2.8552207116738016e-05,0.0004832248164667498,1,1,,0,0.1434450939229865,inf,1,1,0,0,0,0,0.0,0.25,0.07251160997739275,0.21142872038258476
3.45,self,obstacle,2.7448176724000812e-05,0.00048025051344789384,1,1,,0,0.14359531849880575,inf,1,1,0,0,0,0,0.0,0.25,0.07251154237863226,0.21143064609090378
3.5,self,obstacle,2.6392539847075565e-05,0.0004776955475353875,1,1,,0,0.14373971156861637,inf,1,1,0,0,0,0,0.0,0.25,0.07251125551206107,0.21143247311449598
3.5500000000000003,self,obstacle,2.538273750829042e-05,0.00047549657738126227,1,1,,0,0.14387852594751965,inf,1,1,0,0,0,0,0.0,0.25,0.07251078798780847,0.211434206511396
3.6,self,obstacle,2.4416379078918146e-05,0.0004736005528642189,1,1,,0,0.144012001675068,inf,1,1,0,0,0,0,0.0,0.25,0.07251017305780019,0.2114358510728308
3.6500000000000004,self,obstacle,2.3491228265142176e-05,0.0004719629394617354,1,1,,0,0.14414036678196218,inf,1,1,0,0,0,0,0.0,0.25,0.07250943930709987,0.21143741133867844
3.7,self,obstacle,2.260519138684607e-05,0.00047054625750385875,1,1,,0,0.14426383800410358,inf,1,1,0,0,0,0,0.0,0.25,0.07250861125878591,0.21143889161092055
3.75,self,obstacle,2.1756306224299996e-05,0.00046931888172922347,1,1,,0,0.1443826214455196,inf,1,1,0,0,0,0,0.0,0.25,0.07250770990308016,0.21144029596755154
3.8000000000000003,self,obstacle,2.094273230368082e-05,0.00046825405542244645,1,1,,0,0.14449691319686098,inf,1,1,0,0,0,0,0.0,0.25,0.0725067531595892,0.21144162827413016
3.85,self,obstacle,2.0162741024540894e-05,0.00046732908057576253,1,1,,0,0.14460689991006487,inf,1,1,0,0,0,0,0.0,0.25,0.07250575628144305,0.21144289219604062
3.9000000000000004,self,obstacle,1.9414708163096713e-05,0.00046652465169264273,1,1,,0,0.14471275933589295,inf,1,1,0,0,0,0,0.0,0.25,0.07250473220821692,0.211444091209381
3.95,self,obstacle,1.869710556295978e-05,0.0004658243070287402,1,1,,0,0.14481466082431,inf,1,1,0,0,0,0,0.0,0.25,0.07250369187406865,0.21144522861087933
4.0,self,obstacle,1.8008494443175508e-05,0.0004652139755969415,1,1,,0,0.14491276579222767,inf,1,1,0,0,0,0,0.0,0.25,0.07250264447654768,0.21144630752823212
4.05,self,obstacle,1.7347519143806863e-05,0.00046468160233576226,1,1,,0,0.14500722816086925,inf,1,1,0,0,0,0,0.0,0.25,0.07250159771133918,0.211447330928492
4.1000000000000005,self,obstacle,1.671290090634236e-05,0.00046421683684222766,1,1,,0,0.14509819476417662,inf,1,1,0,0,0,0,0.0,0.25,0.07250055797660057,0.21144830162717898
4.15,self,obstacle,1.610343276279905e-05,0.00046381077455771933,1,1,,0,0.14518580573160006,inf,1,1,0,0,0,0,0.0,0.25,0.07249953055134221,0.2114492222961134
4.2,self,obstacle,1.551797475846626e-05,0.0004634557404251186,1,1,,0,0.14527019484636944,inf,1,1,0,0,0,0,0.0,0.25,0.07249851975074348,0.2114500954711761
4.25,self,obstacle,1.495544885495637e-05,0.00046314510778344833,1,1,,0,0.14535148988106966,inf,1,1,0,0,0,0,0.0,0.25,0.07249752906121198,0.21145092355925088
4.3,self,obstacle,1.44148354287155e-05,0.0004628731461844658,1,1,,0,0.14542981291275564,inf,1,1,0,0,0,0,0.0,0.25,0.07249656125808979,0.21145170884522224
4.3500000000000005,self,obstacle,1.3895168984103106e-05,0.00046263489308648775,1,1,,0,0.14550528061835982,inf,1,1,0,0,0,0,0.0,0.25,0.07249561850790741,0.2114524534982073
4.4,self,obstacle,1.3395534836407167e-05,0.00046242604534973443,1,1,,0,0.14557800455228148,inf,1,1,0,0,0,0,0.0,0.25,0.07249470245728255,0.21145315957769328
4.45,self,obstacle,1.2915065694957692e-05,0.0004622428671970602,1,1,,0,0.14564809140701784,inf,1,1,0,0,0,0,0.0,0.25,0.0724938143101408,0.2114538290391056
4.5,self,obstacle,1.2452938970836929e-05,0.00046208211186554216,1,1,,0,0.14571564325865433,inf,1,1,0,0,0,0,0.0,0.25,0.0724929548944734,0.21145446373928578
4.55,self,obstacle,1.2008373622710596e-05,0.00046194095503472934,1,1,,0,0.1457807577972196,inf,1,1,0,0,0,0,0.0,0.25,0.07249212472057333,0.21145506544154735
4.6000000000000005,self,obstacle,1.1580627804094992e-05,0.0004618169376121558,1,1,,0,0.14584352854410554,inf,1,1,0,0,0,0,0.0,0.25,0.07249132403130376,0.21145563582028937
4.65,self,obstacle,1.1168996367458119e-05,0.0004617079167257107,1,1,,0,0.1459040450564809,inf,1,1,0,0,0,0,0.0,0.25,0.07249055284534854,0.2114561764658146
4.7,self,obstacle,1.0772808788456148e-05,0.0004616120239504565,1,1,,0,0.14596239312034015,inf,1,1,0,0,0,0,0.0,0.25,0.07248981099495413,0.2114566888885373
4.75,self,obstacle,1.0391427100485249e-05,0.0004615276289391134,1,1,,0,0.14601865493230304,inf,1,1,0,0,0,0,0.0,0.25,0.07248909815828616,0.21145717452286672
4.800000000000001,self,obstacle,1.0024243765739433e-05,0.00046145330827541644,1,1,,0,0.14607290927109218,inf,1,1,0,0,0,0,0.0,0.25,0.07248841388724564,0.2114576347312095
4.8500000000000005,self,obstacle,9.670680147622998e-06,0.00046138781865623173,1,1,,0,0.14612523165973978,inf,1,1,0,0,0,0,0.0,0.25,0.07248775763161092,0.21145807080773726
4.9,self,obstacle,9.330184910586614e-06,0.0004613300734084109,1,1,,0,0.14617569451878465,inf,1,1,0,0,0,0,0.0,0.25,0.07248712875956635,0.21145848398150402
4.95,self,obstacle,9.002232157157335e-06,0.000461279122443022,1,1,,0,0.14622436731063798,inf,1,1,0,0,0,0,0.0,0.25,0.07248652657531775,0.21145887542000386
5.0,self,obstacle,8.686320388308134e-06,0.00046123413475435696,1,1,,0,0.14627131667683124,inf,1,1,0,0,0,0,0.0,0.25,0.07248595033427284,0.21145924623214396
5.050000000000001,self,obstacle,8.381970947226279e-06,0.00046119438309953777,1,1,,0,0.14631660656726447,inf,1,1,0,0,0,0,0.0,0.25,0.07248539925575544,0.2114595974712271
5.1000000000000005,self,obstacle,8.088726749057792e-06,0.00046115923092428804,1,1,,0,0.1463602983628362,inf,1,1,0,0,0,0,0.0,0.25,0.07248487253397931,0.21145993013774256
5.15,self,obstacle,7.806151330945465e-06,0.0004611281208203759,1,1,,0,0.14640245099171223,inf,1,1,0,0,0,0,0.0,0.25,0.07248436934727545,0.2114602451818951
5.2,self,obstacle,7.533827474202658e-06,0.0004611005645265082,1,1,,0,0.14644312103914903,inf,1,1,0,0,0,0,0.0,0.25,0.072483888865853,0.21146054350628962
5.25,self,obstacle,7.271356466408239e-06,0.0004610761342241901,1,1,,0,0.14648236285209826,inf,1,1,0,0,0,0,0.0,0.25,0.07248343025835172,0.2114608259682077
5.300000000000001,self,obstacle,7.0183569212660305e-06,0.00046105445489405214,1,1,,0,0.14652022863796116,inf,1,1,0,0,0,0,0.0,0.25,0.07248299269726924,0.21146109338178165
5.3500000000000005,self,obstacle,6.774463971033091e-06,0.0004610351977581334,1,1,,0,0.14655676855855232,inf,1,1,0,0,0,0,0.0,0.25,0.07248257536342087,0.2114613465204126
5.4,self,obstacle,6.539328549980114e-06,0.00046101807444669837,1,1,,0,0.1465920308195378,inf,1,1,0,0,0,0,0.0,0.25,0.07248217744961638,0.2114615861185144
5.45,self,obstacle,6.312616326784208e-06,0.0004610028320185626,1,1,,0,0.1466260617547674,inf,1,1,0,0,0,0,0.0,0.25,0.07248179816373573,0.21146181287363064
5.5,self,obstacle,6.094007262799274e-06,0.00046098924843599603,1,1,,0,0.1466589059071191,inf,1,1,0,0,0,0,0.0,0.25,0.07248143673104997,0.21146202744817588
5.550000000000001,self,obstacle,5.883194696920791e-06,0.00046097712882046824,1,1,,0,0.14669060610481688,inf,1,1,0,0,0,0,0.0,0.25,0.07248109239616318,0.21146223047122514
5.6000000000000005,self,obstacle,5.679884757701633e-06,0.00046096630200701005,1,1,,0,0.14672120353433654,inf,1,1,0,0,0,0,0.0,0.25,0.07248076442440264,0.21146242254016634
5.65,self,obstacle,5.483795845793607e-06,0.0004609566176548728,1,1,,0,0.14675073780973907,inf,1,1,0,0,0,0,0.0,0.25,0.07248045210294263,0.21146260422229168
5.7,self,obstacle,5.294657918499557e-06,0.0004609479436448006,1,1,,0,0.1467792470385219,inf,1,1,0,0,0,0,0.0,0.25,0.07248015474154317,0.21146277605624253
5.75,self,obstacle,5.1122119376629764e-06,0.00046094016383568706,1,1,,0,0.14680676788440922,inf,1,1,0,0,0,0,0.0,0.25,0.07247987167301102,0.21146293855345644
5.800000000000001,self,obstacle,4.936209437885775e-06,0.0004609331760798361,1,1,,0,0.14683333562722506,inf,1,1,0,0,0,0,0.0,0.25,0.07247960225355625,0.21146309219956183
5.8500000000000005,self,obstacle,4.766412002854062e-06,0.0004609268905047071,1,1,,0,0.14685898421993582,inf,1,1,0,0,0,0,0.0,0.25,0.07247934586275025,0.2114632374555886
5.9,self,obstacle,4.602590773002809e-06,0.0004609212280266682,1,1,,0,0.1468837463429532,inf,1,1,0,0,0,0,0.0,0.25,0.07247910190356302,0.2114633747592588
5.95,self,obstacle,4.444526061553748e-06,0.00046091611896584934,1,1,,0,0.14690765345604478,inf,1,1,0,0,0,0,0.0,0.25,0.07247886980205774,0.21146350452607032
6.0,self,obstacle,4.292006878621393e-06,0.00046091150193158494,1,1,,0,0.14693073584773414,inf,1,1,0,0,0,0,0.0,0.25,0.07247864900708606,0.21146362715046385
6.050000000000001,self,obstacle,4.144830597046964e-06,0.00046090732285346557,1,1,,0,0.14695302268257576,inf,1,1,0,0,0,0,0.0,0.25,0.0724784389899197,0.2114637430068752
6.1000000000000005,self,obstacle,4.002802533658919e-06,0.0004609035339993707,1,1,,0,0.14697454204619087,inf,1,1,0,0,0,0,0.0,0.25,0.0724782392437285,0.21146385245069166
6.15,self,obstacle,3.865735651099278e-06,0.00046090009325966316,1,1,,0,0.14699532098833717,inf,1,1,0,0,0,0,0.0,0.25,0.07247804928309048,0.2114639558192163
6.2,self,obstacle,3.733450137662908e-06,0.00046089696344387446,1,1,,0,0.1470153855640307,inf,1,1,0,0,0,0,0.0,0.25,0.07247786864333883,0.21146405343255525
6.25,self,obstacle,3.605773182397998e-06,0.0004608941116953851,1,1,,0,0.147034760872862,inf,1,1,0,0,0,0,0.0,0.25,0.07247769688003168,0.21146414559451998
6.300000000000001,self,obstacle,3.4825386450163156e-06,0.0004608915089595167,1,1,,0,0.14705347109659866,inf,1,1,0,0,0,0,0.0,0.25,0.07247753356830318,0.2114642325933761
6.3500000000000005,self,obstacle,3.36358672252344e-06,0.00046088912948057017,1,1,,0,0.14707153953505897,inf,1,1,0,0,0,0,0.0,0.25,0.07247737830216404,0.2114643147026819
6.4,self,obstacle,3.2487637638239776e-06,0.00046088695050639585,1,1,,0,0.147088988640576,inf,1,1,0,0,0,0,0.0,0.25,0.07247723069388629,0.21146439218198487
6.45,self,obstacle,3.137921935883029e-06,0.0004608849518401817,1,1,,0,0.1471058400508144,inf,1,1,0,0,0,0,0.0,0.25,0.07247709037334474,0.21146446527754625
6.5,self,obstacle,3.0309190135342524e-06,0.00046088311558231324,1,1,,0,0.14712211462029728,inf,1,1,0,0,0,0,0.0,0.25,0.0724769569873486,0.2114645342229503
6.550000000000001,self,obstacle,2.9276181382053204e-06,0.0004608814257994613,1,1,,0,0.1471378324505087,inf,1,1,0,0,0,0,0.0,0.25,0.07247683019901946,0.2114645992398213
6.6000000000000005,self,obstacle,2.827887601056629e-06,0.00046087986835604053,1,1,,0,0.14715301291880545,inf,1,1,0,0,0,0,0.0,0.25,0.07247670968707332,0.21146466053836732
6.65,self,obstacle,2.731600639098012e-06,0.000460878430639052,1,1,,0,0.14716767470604664,inf,1,1,0,0,0,0,0.0,0.25,0.07247659514524823,0.21146471831797597
6.7,self,obstacle,2.638635210030094e-06,0.0004608771014732767,1,1,,0,0.14718183582307076,inf,1,1,0,0,0,0,0.0,0.25,0.07247648628168434,0.21146477276772513
6.75,self,obstacle,2.548873788709429e-06,0.0004608758708371813,1,1,,0,0.1471955136360798,inf,1,1,0,0,0,0,0.0,0.25,0.07247638281827566,0.2114648240669642
6.800000000000001,self,obstacle,2.46220324856505e-06,0.0004608747298002361,1,1,,0,0.14720872489104003,inf,1,1,0,0,0,0,0.0,0.25,0.07247628449012379,0.21146487238573408
6.8500000000000005,self,obstacle,2.378514617777805e-06,0.0004608736703975725,1,1,,0,0.14722148573695515,inf,1,1,0,0,0,0,0.0,0.25,0.072476191044955,0.2114649178852671
6.9,self,obstacle,2.297702951235033e-06,0.00046087268547995885,1,1,,0,0.14723381174826433,inf,1,1,0,0,0,0,0.0,0.25,0.07247610224259106,0.21146496071846366
6.95,self,obstacle,2.219667161686064e-06,0.0004608717686004514,1,1,,0,0.1472457179463516,inf,1,1,0,0,0,0,0.0,0.25,0.07247601785435866,0.21146500103023447
7.0,self,obstacle,2.1443098344275656e-06,0.00046087091401903683,1,1,,0,0.14725721882006954,inf,1,1,0,0,0,0,0.0,0.25,0.07247593766255837,0.21146503895798408
7.050000000000001,self,obstacle,2.0715371498589125e-06,0.00046087011657904877,1,1,,0,0.14726832834561115,inf,1,1,0,0,0,0,0.0,0.25,0.07247586146006613,0.2114650746319423
7.1000000000000005,self,obstacle,2.0012586695524655e-06,0.0004608693716280345,1,1,,0,0.1472790600053991,inf,1,1,0,0,0,0,0.0,0.25,0.07247578904977152,0.21146510817552422
7.15,self,obstacle,1.933387261341269e-06,0.00046086867494528685,1,1,,0,0.14728942680636264,inf,1,1,0,0,0,0,0.0,0.25,0.07247572024413972,0.2114651397057309
7.2,self,obstacle,1.8678389504783781e-06,0.0004608680227371163,1,1,,0,0.14729944129744243,inf,1,1,0,0,0,0,0.0,0.25,0.0724756548647686,0.21146516933339654
7.25,self,obstacle,1.8045327770757807e-06,0.00046086741155930926,1,1,,0,0.14730911558634274,inf,1,1,0,0,0,0,0.0,0.25,0.07247559274189674,0.21146519716356382
7.300000000000001,self,obstacle,1.7433907177852654e-06,0.00046086683835431716,1,1,,0,0.1473184613557325,inf,1,1,0,0,0,0,0.0,0.25,0.07247553371411754,0.2114652232957489
7.3500000000000005,self,obstacle,1.6843375513601424e-06,0.00046086630028231484,1,1,,0,0.14732748987873984,inf,1,1,0,0,0,0,0.0,0.25,0.07247547762796376,0.21146524782422904
7.4,self,obstacle,1.6273007560502986e-06,0.00046086579474819426,1,1,,0,0.147336212033862,inf,1,1,0,0,0,0,0.0,0.25,0.0724754243373951,0.21146527083830968
7.45,self,obstacle,1.5722103880950965e-06,0.0004608653194435436,1,1,,0,0.1473446383192759,inf,1,1,0,0,0,0,0.0,0.25,0.0724753737036713,0.21146529242258405
7.5,self,obstacle,1.518999035791593e-06,0.00046086487219744893,1,1,,0,0.14735277886666565,inf,1,1,0,0,0,0,0.0,0.25,0.07247532559474638,0.21146531265715363
7.550000000000001,self,obstacle,1.467601661515536e-06,0.0004608644510848161,1,1,,0,0.14736064345440741,inf,1,1,0,0,0,0,0.0,0.25,0.07247527988513985,0.21146533161788816
7.6000000000000005,self,obstacle,1.4179555480353244e-06,0.00046086405433296603,1,1,,0,0.14736824152033728,inf,1,1,0,0,0,0,0.0,0.25,0.07247523645553154,0.21146534937662198
7.65,self,obstacle,1.3700002182704288e-06,0.0004608636803333845,1,1,,0,0.14737558217402025,inf,1,1,0,0,0,0,0.0,0.25,0.07247519519252776,0.21146536600135601
7.7,self,obstacle,1.3236773141818044e-06,0.00046086332754718555,1,1,,0,0.14738267420848417,inf,1,1,0,0,0,0,0.0,0.25,0.07247515598829948,0.2114653815564861
7.75,self,obstacle,1.2789305796193005e-06,0.0004608629946134326,1,1,,0,0.14738952611162248,inf,1,1,0,0,0,0,0.0,0.25,0.07247511874040803,0.21146539610294945
7.800000000000001,self,obstacle,1.2357057127958692e-06,0.0004608626802293395,1,1,,0,0.14739614607704615,inf,1,1,0,0,0,0,0.0,0.25,0.07247508335142297,0.2114654096984251
7.8500000000000005,self,obstacle,1.1939503377783412e-06,0.00046086238325387995,1,1,,0,0.14740254201460123,inf,1,1,0,0,0,0,0.0,0.25,0.07247504972875218,0.21146542239749244
7.9,self,obstacle,1.1536139260910204e-06,0.0004608621025812704,1,1,,0,0.1474087215604874,inf,1,1,0,0,0,0,0.0,0.25,0.07247501778438616,0.21146543425179998
7.95,self,obstacle,1.1146477192900597e-06,0.00046086183724854655,1,1,,0,0.1474146920869681,inf,1,1,0,0,0,0,0.0,0.25,0.072474987434712,0.2114654453102195
8.0,self,obstacle,1.07700467619163e-06,0.00046086158629143675,1,1,,0,0.14742046071174536,inf,1,1,0,0,0,0,0.0,0.25,0.07247495860021962,0.21146545561897
8.05,self,obstacle,1.0406393937933085e-06,0.00046086134888153425,1,1,,0,0.14742603430695478,inf,1,1,0,0,0,0,0.0,0.25,0.07247493120538945,0.2114654652217739
8.1,self,obstacle,1.0055080733413662e-06,0.0004608611241977166,1,1,,0,0.14743141950787625,inf,1,1,0,0,0,0,0.0,0.25,0.07247490517845137,0.21146547415998806
8.15,self,obstacle,9.715684266702264e-07,0.00046086091149137283,1,1,,0,0.14743662272126812,inf,1,1,0,0,0,0,0.0,0.25,0.07247488045117878,0.2114654824727079
8.200000000000001,self,obstacle,9.387796614977655e-07,0.0004608607100650206,1,1,,0,0.1474416501334394,inf,1,1,0,0,0,0,0.0,0.25,0.07247485695873124,0.21146549019690875
8.25,self,obstacle,9.071024022897182e-07,0.00046086051928710155,1,1,,0,0.14744650771800188,inf,1,1,0,0,0,0,0.0,0.25,0.07247483463953093,0.21146549736753661
8.3,self,obstacle,8.764986391597882e-07,0.00046086033852775086,1,1,,0,0.14745120124333133,inf,1,1,0,0,0,0,0.0,0.25,0.07247481343504697,0.21146550401762554
8.35,self,obstacle,8.469316823426175e-07,0.0004608601672441119,1,1,,0,0.14745573627977665,inf,1,1,0,0,0,0,0.0,0.25,0.0724747932896139,0.21146551017839277
8.4,self,obstacle,8.183661240722528e-07,0.00046086000490461567,1,1,,0,0.1474601182066037,inf,1,1,0,0,0,0,0.0,0.25,0.07247477415044215,0.21146551587934048
8.450000000000001,self,obstacle,7.907677769637834e-07,0.00046085985098350224,1,1,,0,0.14746435221866355,inf,1,1,0,0,0,0,0.0,0.25,0.07247475596725612,0.21146552114833994
8.5,self,obstacle,7.641036485646842e-07,0.0004608597050723767,1,1,,0,0.14746844333285414,inf,1,1,0,0,0,0,0.0,0.25,0.07247473869238312,0.21146552601171587
8.55,self,obstacle,7.383418804938826e-07,0.0004608595666838327,1,1,,0,0.1474723963943151,inf,1,1,0,0,0,0,0.0,0.25,0.07247472228045004,0.21146553049433636
8.6,self,obstacle,7.134517194855593e-07,0.0004608594354261307,1,1,,0,0.14747621608242045,inf,1,1,0,0,0,0,0.0,0.25,0.07247470668838102,0.21146553461967377
8.65,self,obstacle,6.894034679458454e-07,0.0004608593109309621,1,1,,0,0.14747990691654222,inf,1,1,0,0,0,0,0.0,0.25,0.0724746918752205,0.21146553840990434
8.700000000000001,self,obstacle,6.661684662230031e-07,0.0004608591928410501,1,1,,0,0.14748347326162664,inf,1,1,0,0,0,0,0.0,0.25,0.0724746778021061,0.21146554188594668
8.75,self,obstacle,6.437190308351605e-07,0.00046085908079084573,1,1,,0,0.14748691933353736,inf,1,1,0,0,0,0,0.0,0.25,0.07247466443206776,0.21146554506755255
8.8,self,obstacle,6.220284419950056e-07,0.0004608589744562068,1,1,,0,0.1474902492042499,inf,1,1,0,0,0,0,0.0,0.25,0.07247465173000625,0.21146554797335948
8.85,self,obstacle,6.010708917713562e-07,0.0004608588735437865,1,1,,0,0.14749346680681658,inf,1,1,0,0,0,0,0.0,0.25,0.07247463966256755,0.21146555062094652
8.9,self,obstacle,5.808214658613743e-07,0.00046085877776776433,1,1,,0,0.14749657594019122,inf,1,1,0,0,0,0,0.0,0.25,0.07247462819806649,0.21146555302689485
8.950000000000001,self,obstacle,5.612561030165841e-07,0.0004608586868531615,1,1,,0,0.14749958027385662,inf,1,1,0,0,0,0,0.0,0.25,0.0724746173063507,0.21146555520684374
9.0,self,obstacle,5.42351570080643e-07,0.0004608586005635737,1,1,,0,0.14750248335230332,inf,1,1,0,0,0,0,0.0,0.25,0.07247460695886461,0.21146555717553472
9.05,self,obstacle,5.240854314021815e-07,0.0004608585186308968,1,1,,0,0.14750528859934137,inf,1,1,0,0,0,0,0.0,0.25,0.07247459712839477,0.2114655589468698
9.1,self,obstacle,5.064360193573968e-07,0.0004608584408422161,1,1,,0,0.14750799932226627,inf,1,1,0,0,0,0,0.0,0.25,0.07247458778908639,0.2114655605339436
9.15,self,obstacle,4.89382410718505e-07,0.0004608583670158533,1,1,,0,0.14751061871586513,inf,1,1,0,0,0,0,0.0,0.25,0.07247457891645563,0.21146556194909494
9.200000000000001,self,obstacle,4.729043966868409e-07,0.0004608582968921457,1,1,,0,0.1475131498663011,inf,1,1,0,0,0,0,0.0,0.25,0.07247457048718536,0.2114655632039476
9.25,self,obstacle,4.5698246348588186e-07,0.0004608582303046504,1,1,,0,0.14751559575484197,inf,1,1,0,0,0,0,0.0,0.25,0.07247456247906928,0.2114655643094464
9.3,self,obstacle,4.415977600217713e-07,0.0004608581670802787,1,1,,0,0.14751795926146682,inf,1,1,0,0,0,0,0.0,0.25,0.07247455487112534,0.21146556527589933
9.35,self,obstacle,4.267320821428909e-07,0.00046085810703496295,1,1,,0,0.14752024316834744,inf,1,1,0,0,0,0,0.0,0.25,0.07247454764335443,0.2114655661130017
9.4,self,obstacle,4.123678503602644e-07,0.00046085805000224553,1,1,,0,0.1475224501632046,inf,1,1,0,0,0,0,0.0,0.25,0.07247454077676836,0.2114655668298776
9.450000000000001,self,obstacle,3.9848807958443133e-07,0.0004608579958368159,1,1,,0,0.1475245828425435,inf,1,1,0,0,0,0,0.0,0.25,0.07247453425328784,0.21146556743511302
9.5,self,obstacle,3.850763694886025e-07,0.0004608579444054926,1,1,,0,0.14752664371478763,inf,1,1,0,0,0,0,0.0,0.25,0.07247452805578852,0.21146556793678328
9.55,self,obstacle,3.721168788165392e-07,0.0004608578955499367,1,1,,0,0.14752863520329035,inf,1,1,0,0,0,0,0.0,0.25,0.07247452216799109,0.2114655683424721
9.600000000000001,self,obstacle,3.5959430139268727e-07,0.0004608578491506113,1,1,,0,0.14753055964924072,inf,1,1,0,0,0,0,0.0,0.25,0.0724745165744083,0.21146556865931465
9.65,self,obstacle,3.4749385955265424e-07,0.0004608578050791815,1,1,,0,0.1475324193144899,inf,1,1,0,0,0,0,0.0,0.25,0.07247451126035688,0.21146556889400892
9.700000000000001,self,obstacle,3.358012726137768e-07,0.00046085776322560507,1,1,,0,0.14753421638424413,inf,1,1,0,0,0,0,0.0,0.25,0.07247450621186514,0.2114655690528474
9.75,self,obstacle,3.245027528349074e-07,0.00046085772345377275,1,1,,0,0.14753595296970146,inf,1,1,0,0,0,0,0.0,0.25,0.07247450141564046,0.21146556914173498
9.8,self,obstacle,3.1358497427745747e-07,0.00046085768568960997,1,1,,0,0.1475376311105639,inf,1,1,0,0,0,0,0.0,0.25,0.07247449685909735,0.21146556916621384
9.850000000000001,self,obstacle,3.030350683082824e-07,0.0004608576498169503,1,1,,0,0.14753925277748664,inf,1,1,0,0,0,0,0.0,0.25,0.07247449253027233,0.2114655691314843
9.9,self,obstacle,2.928406040270788e-07,0.0004608576157141988,1,1,,0,0.14754081987443013,inf,1,1,0,0,0,0,0.0,0.25,0.07247448841775368,0.21146556904242197
9.950000000000001,self,obstacle,2.8298957188442395e-07,0.00046085758335786284,1,1,,0,0.147542334240932,inf,1,1,0,0,0,0,0.0,0.25,0.07247448451077397,0.2114655689035948
10.0,self,obstacle,2.7347037289189737e-07,0.00046085755258773394,1,1,,0,0.1475437976543077,inf,1,1,0,0,0,0,0.0,0.25,0.07247448079903665,0.21146556871928424
10.05,self,obstacle,2.6427179779133855e-07,0.0004608575233653514,1,1,,0,0.14754521183176228,inf,1,1,0,0,0,0,0.0,0.25,0.07247447727278072,0.21146556849349574
10.100000000000001,self,obstacle,2.5538301893398807e-07,0.0004608574956133383,1,1,,0,0.1475465784324395,inf,1,1,0,0,0,0,0.0,0.25,0.07247447392274452,0.21146556822998364
10.15,self,obstacle,2.467935780576157e-07,0.0004608574692426458,1,1,,0,0.14754789905940158,inf,1,1,0,0,0,0,0.0,0.25,0.07247447074013962,0.2114655679322529
10.200000000000001,self,obstacle,2.3849337049895625e-07,0.0004608574441976212,1,1,,0,0.14754917526153105,inf,1,1,0,0,0,0,0.0,0.25,0.07247446771657391,0.21146556760358604
10.25,self,obstacle,2.3047263540712266e-07,0.0004608574203929431,1,1,,0,0.1475504085353762,inf,1,1,0,0,0,0,0.0,0.25,0.07247446484410666,0.2114655672470488
10.3,self,obstacle,2.2272194060988714e-07,0.00046085739777909526,1,1,,0,0.1475516003269272,inf,1,1,0,0,0,0,0.0,0.25,0.07247446211520549,0.21146556686550133
10.350000000000001,self,obstacle,2.1523217622890227e-07,0.00046085737630180656,1,1,,0,0.14755275203333573,inf,1,1,0,0,0,0,0.0,0.25,0.07247445952264905,0.2114655664616153
10.4,self,obstacle,2.079945386887776e-07,0.0004608573559069269,1,1,,0,0.1475538650045714,inf,1,1,0,0,0,0,0.0,0.25,0.0724744570596986,0.2114655660378818
10.450000000000001,self,obstacle,2.0100052396481624e-07,0.0004608573365127278,1,1,,0,0.1475549405450245,inf,1,1,0,0,0,0,0.0,0.25,0.0724744547198295,0.21146556559662033
10.5,self,obstacle,1.9424191570906405e-07,0.0004608573180865401,1,1,,0,0.14755597991505293,inf,1,1,0,0,0,0,0.0,0.25,0.07247445249690988,0.21146556513999404
10.55,self,obstacle,1.8771077610871862e-07,0.0004608573005726726,1,1,,0,0.14755698433247566,inf,1,1,0,0,0,0,0.0,0.25,0.07247445038507637,0.21146556467001332
10.600000000000001,self,obstacle,1.8139943416952592e-07,0.0004608572839390754,1,1,,0,0.14755795497401264,inf,1,1,0,0,0,0,0.0,0.25,0.07247444837876829,0.21146556418854756
10.65,self,obstacle,1.7530048024653583e-07,0.0004608572681539643,1,1,,0,0.14755889297668168,inf,1,1,0,0,0,0,0.0,0.25,0.0724744464727341,0.21146556369733338
10.700000000000001,self,obstacle,1.6940675500839416e-07,0.0004608572531389527,1,1,,0,0.14755979943914266,inf,1,1,0,0,0,0,0.0,0.25,0.07247444466195019,0.2114655631979837
10.75,self,obstacle,1.6371134258900816e-07,0.0004608572388666644,1,1,,0,0.14756067542299822,inf,1,1,0,0,0,0,0.0,0.25,0.07247444294167017,0.21146556269199113
10.8,self,obstacle,1.582075584385043e-07,0.00046085722532274024,1,1,,0,0.14756152195404482,inf,1,1,0,0,0,0,0.0,0.25,0.07247444130735056,0.21146556218073942
10.850000000000001,self,obstacle,1.528889449212005e-07,0.0004608572124475574,1,1,,0,0.14756234002348856,inf,1,1,0,0,0,0,0.0,0.25,0.07247443975470376,0.21146556166550912
10.9,self,obstacle,1.477492628015998e-07,0.00046085720022602224,1,1,,0,0.14756313058911547,inf,1,1,0,0,0,0,0.0,0.25,0.07247443827967644,0.2114655611474815
10.950000000000001,self,obstacle,1.4278248503537848e-07,0.00046085718859424207,1,1,,0,0.14756389457642405,inf,1,1,0,0,0,0,0.0,0.25,0.07247443687835285,0.21146556062774746
11.0,self,obstacle,1.3798278550699505e-07,0.0004608571775496303,1,1,,0,0.14756463287971233,inf,1,1,0,0,0,0,0.0,0.25,0.07247443554706094,0.21146556010731132
11.05,self,obstacle,1.33344537552296e-07,0.0004608571670602887,1,1,,0,0.14756534636313917,inf,1,1,0,0,0,0,0.0,0.25,0.07247443428231684,0.21146555958709745
11.100000000000001,self,obstacle,1.2886230285671558e-07,0.0004608571570888917,1,1,,0,0.14756603586174094,inf,1,1,0,0,0,0,0.0,0.25,0.07247443308080019,0.2114655590679534
11.15,self,obstacle,1.2453082640491152e-07,0.00046085714760245495,1,1,,0,0.14756670218241397,inf,1,1,0,0,0,0,0.0,0.25,0.07247443193928321,0.21146555855065785
11.200000000000001,self,obstacle,1.203450318877114e-07,0.0004608571386154111,1,1,,0,0.1475673461048706,inf,1,1,0,0,0,0,0.0,0.25,0.07247443085484559,0.21146555803592182
11.25,self,obstacle,1.1630001450476976e-07,0.00046085713006136425,1,1,,0,0.14756796838255398,inf,1,1,0,0,0,0,0.0,0.25,0.07247442982460627,0.21146555752439367
11.3,self,obstacle,1.1239103262006905e-07,0.0004608571219389141,1,1,,0,0.14756856974352567,inf,1,1,0,0,0,0,0.0,0.25,0.07247442884586461,0.21146555701666359
11.350000000000001,self,obstacle,1.0861350779009026e-07,0.0004608571142097411,1,1,,0,0.14756915089132644,inf,1,1,0,0,0,0,0.0,0.25,0.0724744279160014,0.2114655565132696
11.4,self,obstacle,1.0496301413542808e-07,0.00046085710689131986,1,1,,0,0.1475697125058006,inf,1,1,0,0,0,0,0.0,0.25,0.07247442703261396,0.2114655560146964
11.450000000000001,self,obstacle,1.0143527500564525e-07,0.000460857099948918,1,1,,0,0.14757025524389822,inf,1,1,0,0,0,0,0.0,0.25,0.07247442619338902,0.21146555552138258
11.5,self,obstacle,9.802615934070131e-08,0.0004608570933321103,1,1,,0,0.14757077974044752,inf,1,1,0,0,0,0,0.0,0.25,0.0724744253961186,0.21146555503372066
11.55,self,obstacle,9.473167350599539e-08,0.00046085708704184434,1,1,,0,0.14757128660890084,inf,1,1,0,0,0,0,0.0,0.25,0.07247442463868958,0.21146555455206262
11.600000000000001,self,obstacle,9.154796014724639e-08,0.0004608570810581225,1,1,,0,0.1475717764420581,inf,1,1,0,0,0,0,0.0,0.25,0.07247442391912828,0.21146555407672263
11.65,self,obstacle,8.847129147718797e-08,0.00046085707537108053,1,1,,0,0.1475722498127618,inf,1,1,0,0,0,0,0.0,0.25,0.07247442323550225,0.2114655536079778
11.700000000000001,self,obstacle,8.549806491390933e-08,0.0004608570699891553,1,1,,0,0.14757270727457084,inf,1,1,0,0,0,0,0.0,0.25,0.0724744225860561,0.21146555314607152
11.75,self,obstacle,8.262479974562557e-08,0.00046085706486449334,1,1,,0,0.147573149362412,inf,1,1,0,0,0,0,0.0,0.25,0.07247442196905958,0.21146555269121603
11.8,self,obstacle,7.9848133160222e-08,0.0004608570600154925,1,1,,0,0.14757357659320725,inf,1,1,0,0,0,0,0.0,0.25,0.07247442138290426,0.21146555224359564
11.850000000000001,self,obstacle,7.716481423340204e-08,0.0004608570553889893,1,1,,0,0.1475739894664811,inf,1,1,0,0,0,0,0.0,0.25,0.07247442082604036,0.2114655518033669
11.9,self,obstacle,7.457170273774905e-08,0.00046085705100146977,1,1,,0,0.14757438846494741,inf,1,1,0,0,0,0,0.0,0.25,0.0724744202970275,0.2114655513706597
11.950000000000001,self,obstacle,7.206576386387285e-08,0.00046085704680168146,1,1,,0,0.14757477405507635,inf,1,1,0,0,0,0,0.0,0.25,0.0724744197944396,0.21146555094558284
12.0,self,obstacle,6.964406510886303e-08,0.00046085704282580026,1,1,,0,0.14757514668764232,inf,1,1,0,0,0,0,0.0,0.25,0.07247441931698499,0.2114655505282238
12.05,self,obstacle,6.7303772452084e-08,0.00046085703903796157,1,1,,0,0.14757550679825165,inf,1,1,0,0,0,0,0.0,0.25,0.07247441886338271,0.21146555011864832
12.100000000000001,self,obstacle,6.504214801326051e-08,0.00046085703545073513,1,1,,0,0.14757585480785573,inf,1,1,0,0,0,0,0.0,0.25,0.07247441843246957,0.21146554971690523
12.15,self,obstacle,6.285654517278633e-08,0.00046085703203798485,1,1,,0,0.14757619112324272,inf,1,1,0,0,0,0,0.0,0.25,0.07247441802308224,0.21146554932302564
12.200000000000001,self,obstacle,6.074440709909633e-08,0.0004608570288043249,1,1,,0,0.14757651613751638,inf,1,1,0,0,0,0,0.0,0.25,0.0724744176341698,0.2114655489370253
12.25,self,obstacle,5.870326330863098e-08,0.0004608570257205604,1,1,,0,0.14757683023055707,inf,1,1,0,0,0,0,0.0,0.25,0.07247441726468674,0.21146554855890465
12.3,self,obstacle,5.673072614893038e-08,0.00046085702280518597,1,1,,0,0.14757713376946646,inf,1,1,0,0,0,0,0.0,0.25,0.0724744169136603,0.21146554818865282
12.350000000000001,self,obstacle,5.482448804108935e-08,0.00046085702003049577,1,1,,0,0.14757742710899807,inf,1,1,0,0,0,0,0.0,0.25,0.0724744165801624,0.2114655478262456
12.4,self,obstacle,5.298231964028696e-08,0.00046085701740265284,1,1,,0,0.1475777105919735,inf,1,1,0,0,0,0,0.0,0.25,0.07247441626335854,0.21146554747164725
12.450000000000001,self,obstacle,5.120206618398595e-08,0.00046085701490356895,1,1,,0,0.14757798454968424,inf,1,1,0,0,0,0,0.0,0.25,0.07247441596236674,0.2114655471248118
12.5,self,obstacle,4.9481645551474997e-08,0.00046085701253916617,1,1,,0,0.14757824930227986,inf,1,1,0,0,0,0,0.0,0.25,0.07247441567643612,0.21146554678568596
12.55,self,obstacle,4.781904644154595e-08,0.0004608570102658661,1,1,,0,0.14757850515914378,inf,1,1,0,0,0,0,0.0,0.25,0.0724744154047857,0.2114655464542058
12.600000000000001,self,obstacle,4.621232402846039e-08,0.00046085700811935123,1,1,,0,0.14757875241925433,inf,1,1,0,0,0,0,0.0,0.25,0.07247441514672155,0.21146554613030133
12.65,self,obstacle,4.465959975723577e-08,0.0004608570060764481,1,1,,0,0.1475789913715364,inf,1,1,0,0,0,0,0.0,0.25,0.07247441490155233,0.21146554581389465
12.700000000000001,self,obstacle,4.315905808562892e-08,0.00046085700414200966,1,1,,0,0.14757922229519926,inf,1,1,0,0,0,0,0.0,0.25,0.0724744146686324,0.21146554550490093
12.75,self,obstacle,4.170894449454475e-08,0.00046085700229681916,1,1,,0,0.1475794454600638,inf,1,1,0,0,0,0,0.0,0.25,0.07247441444735778,0.21146554520323313
12.8,self,obstacle,4.030756374833283e-08,0.0004608570005460656,1,1,,0,0.14757966112687865,inf,1,1,0,0,0,0,0.0,0.25,0.07247441423714084,0.21146554490879577
12.850000000000001,self,obstacle,3.8953277450947117e-08,0.0004608569988778759,1,1,,0,0.14757986954762548,inf,1,1,0,0,0,0,0.0,0.25,0.07247441403743678,0.21146554462149048
12.9,self,obstacle,3.764450197323919e-08,0.00046085699730056976,1,1,,0,0.14758007096581305,inf,1,1,0,0,0,0,0.0,0.25,0.07247441384768644,0.2114655443412149
12.950000000000001,self,obstacle,3.6379707872502654e-08,0.000460856995801363,1,1,,0,0.14758026561676457,inf,1,1,0,0,0,0,0.0,0.25,0.07247441366745376,0.2114655440678629
13.0,self,obstacle,3.515741651961392e-08,0.00046085699437184246,1,1,,0,0.1475804537278908,inf,1,1,0,0,0,0,0.0,0.25,0.07247441349620863,0.2114655438013272
13.05,self,obstacle,3.3976198737754986e-08,0.0004608569930237217,1,1,,0,0.14758063551895761,inf,1,1,0,0,0,0,0.0,0.25,0.07247441333352612,0.21146554354149483
13.100000000000001,self,obstacle,3.2834674375627015e-08,0.000460856991746611,1,1,,0,0.14758081120234307,inf,1,1,0,0,0,0,0.0,0.25,0.07247441317895321,0.21146554328825296
13.15,self,obstacle,3.1731508594815385e-08,0.00046085699053039034,1,1,,0,0.14758098098328526,inf,1,1,0,0,0,0,0.0,0.25,0.07247441303212514,0.21146554304148701
13.200000000000001,self,obstacle,3.0665412411837043e-08,0.0004608569893748637,1,1,,0,0.14758114506012365,inf,1,1,0,0,0,0,0.0,0.25,0.07247441289263727,0.21146554280108
13.25,self,obstacle,2.9635139806177043e-08,0.0004608569882655135,1,1,,0,0.14758130362453042,inf,1,1,0,0,0,0,0.0,0.25,0.07247441276013598,0.21146554256691485
13.3,self,obstacle,2.8639486511845756e-08,0.0004608569872074103,1,1,,0,0.14758145686173485,inf,1,1,0,0,0,0,0.0,0.25,0.0724744126342317,0.2114655423388726
13.350000000000001,self,obstacle,2.7677288994921167e-08,0.0004608569862289584,1,1,,0,0.1475816049507398,inf,1,1,0,0,0,0,0.0,0.25,0.07247441251465626,0.21146554211683444
13.4,self,obstacle,2.6747422683058436e-08,0.0004608569852706188,1,1,,0,0.14758174806453173,inf,1,1,0,0,0,0,0.0,0.25,0.07247441240103683,0.21146554190068134
13.450000000000001,self,obstacle,2.5848800922560795e-08,0.0004608569843729569,1,1,,0,0.14758188637028258,inf,1,1,0,0,0,0,0.0,0.25,0.07247441229312887,0.21146554169029363
13.5,self,obstacle,2.4980373732210576e-08,0.00046085698349192,1,1,,0,0.14758202002954574,inf,1,1,0,0,0,0,0.0,0.25,0.07247441219059744,0.21146554148555186
13.55,self,obstacle,2.4141126161218724e-08,0.000460856982687422,1,1,,0,0.14758214919844437,inf,1,1,0,0,0,0,0.0,0.25,0.07247441209318847,0.2114655412863372
13.600000000000001,self,obstacle,2.3330077430223657e-08,0.00046085698189988415,1,1,,0,0.1475822740278545,inf,1,1,0,0,0,0,0.0,0.25,0.07247441200064139,0.21146554109253157
13.65,self,obstacle,2.2546280144292657e-08,0.00046085698115767897,1,1,,0,0.14758239466358192,inf,1,1,0,0,0,0,0.0,0.25,0.07247441191271733,0.2114655409040168
13.700000000000001,self,obstacle,2.1788818479694927e-08,0.00046085698045899356,1,1,,0,0.14758251124653138,inf,1,1,0,0,0,0,0.0,0.25,0.07247441182917351,0.21146554072067614
13.75,self,obstacle,2.1056806883268586e-08,0.0004608569798138156,1,1,,0,0.1475826239128724,inf,1,1,0,0,0,0,0.0,0.25,0.07247441174981077,0.21146554054239297
13.8,self,obstacle,2.034939030747233e-08,0.0004608569791860896,1,1,,0,0.14758273279419837,inf,1,1,0,0,0,0,0.0,0.25,0.07247441167440165,0.21146554036905274
13.850000000000001,self,obstacle,1.9665742464809716e-08,0.0004608569786015699,1,1,,0,0.14758283801768052,inf,1,1,0,0,0,0,0.0,0.25,0.0724744116027969,0.2114655402005411
13.9,self,obstacle,1.9005064322105468e-08,0.00046085697800998956,1,1,,0,0.1475829397062155,inf,1,1,0,0,0,0,0.0,0.25,0.07247441153475696,0.21146554003674456
13.950000000000001,self,obstacle,1.836658392582405e-08,0.0004608569774684289,1,1,,0,0.14758303797857097,inf,1,1,0,0,0,0,0.0,0.25,0.07247441147014277,0.21146553987755368
14.0,self,obstacle,1.774955549869362e-08,0.00046085697694238863,1,1,,0,0.1475831329495228,inf,1,1,0,0,0,0,0.0,0.25,0.07247441140873798,0.2114655397228572
14.05,self,obstacle,1.7153258088628824e-08,0.00046085697645028694,1,1,,0,0.14758322472999014,inf,1,1,0,0,0,0,0.0,0.25,0.07247441135039395,0.21146553957254632
14.100000000000001,self,obstacle,1.657699500221242e-08,0.0004608569759825216,1,1,,0,0.14758331342716458,inf,1,1,0,0,0,0,0.0,0.25,0.07247441129496661,0.21146553942651491
14.15,self,obstacle,1.6020093092378148e-08,0.0004608569755416,1,1,,0,0.14758339914463586,inf,1,1,0,0,0,0,0.0,0.25,0.07247441124231799,0.21146553928465683
14.200000000000001,self,obstacle,1.5481901757818276e-08,0.0004608569751222929,1,1,,0,0.14758348198251298,inf,1,1,0,0,0,0,0.0,0.25,0.07247441119230796,0.2114655391468686
14.25,self,obstacle,1.496179219466423e-08,0.0004608569747191489,1,1,,0,0.14758356203754042,inf,1,1,0,0,0,0,0.0,0.25,0.07247441114479566,0.2114655390130481
14.3,self,obstacle,1.4459156945981861e-08,0.00046085697433865185,1,1,,0,0.14758363940321262,inf,1,1,0,0,0,0,0.0,0.25,0.07247441109964578,0.2114655388830956
14.350000000000001,self,obstacle,1.3973408752232737e-08,0.00046085697398418,1,1,,0,0.14758371416988175,inf,1,1,0,0,0,0,0.0,0.25,0.07247441105677227,0.21146553875691143
14.4,self,obstacle,1.3503980235825902e-08,0.0004608569736421832,1,1,,0,0.14758378642486442,inf,1,1,0,0,0,0,0.0,0.25,0.0724744110160248,0.2114655386343992
14.450000000000001,self,obstacle,1.3050322827452157e-08,0.00046085697331645466,1,1,,0,0.1475838562525431,inf,1,1,0,0,0,0,0.0,0.25,0.0724744109773229,0.21146553851546368
14.5,self,obstacle,1.2611906859619323e-08,0.0004608569730059546,1,1,,0,0.14758392373446494,inf,1,1,0,0,0,0,0.0,0.25,0.07247441094054488,0.21146553840001137
14.55,self,obstacle,1.2188219997930067e-08,0.0004608569727159653,1,1,,0,0.14758398894943725,inf,1,1,0,0,0,0,0.0,0.25,0.07247441090559767,0.21146553828795145
14.600000000000001,self,obstacle,1.177876752402071e-08,0.00046085697244969205,1,1,,0,0.14758405197361918,inf,1,1,0,0,0,0,0.0,0.25,0.07247441087240772,0.21146553817919267
14.65,self,obstacle,1.1383071104596328e-08,0.0004608569721927171,1,1,,0,0.14758411288061118,inf,1,1,0,0,0,0,0.0,0.25,0.0724744108408878,0.21146553807364932
14.700000000000001,self,obstacle,1.1000668507598396e-08,0.00046085697192314076,1,1,,0,0.1475841717415407,inf,1,1,0,0,0,0,0.0,0.25,0.07247441081092931,0.21146553797123346
14.75,self,obstacle,1.063111291251923e-08,0.00046085697169586786,1,1,,0,0.14758422862514514,inf,1,1,0,0,0,0,0.0,0.25,0.07247441078247259,0.21146553787186184
14.8,self,obstacle,1.0273972910091504e-08,0.00046085697146493854,1,1,,0,0.1475842835978527,inf,1,1,0,0,0,0,0.0,0.25,0.07247441075540656,0.21146553777545096
14.850000000000001,self,obstacle,9.92883124674461e-09,0.00046085697126395803,1,1,,0,0.1475843367238595,inf,1,1,0,0,0,0,0.0,0.25,0.07247441072972843,0.2114655376819211
14.9,self,obstacle,9.595284838477045e-09,0.0004608569710616814,1,1,,0,0.14758438806520502,inf,1,1,0,0,0,0,0.0,0.25,0.07247441070533386,0.21146553759119324
14.950000000000001,self,obstacle,9.27294379290547e-09,0.00046085697086054137,1,1,,0,0.14758443768184393,inf,1,1,0,0,0,0,0.0,0.25,0.07247441068215896,0.21146553750318964
15.0,self,obstacle,8.961432250599229e-09,0.00046085697067852106,1,1,,0,0.14758448563171694,inf,1,1,0,0,0,0,0.0,0.25,0.0724744106601455,0.21146553741783525
0.05,self+frame,obstacle,9.87693132314243e-06,0.3033090255201761,1,0,,0,0.05676101943747254,0.09233651758492056,6,1,709,0,0,0,0.0,0.25,0.08430815406658161,0.21129248126365663
0.1,self+frame,obstacle,0.00013839137335756467,0.2970011683870943,1,0,,0,0.06182729235999242,0.08697255608532936,5,1,709,0,0,0,0.0,0.25,0.07867969447611241,0.21115276817658046
0.15000000000000002,self+frame,obstacle,0.00024314055891336422,0.29145745479152924,1,0,,0,0.06663865856144606,0.08244860168557508,5,1,709,0,0,0,0.0,0.25,0.07408896296198926,0.21104509423703044
0.2,self+frame,obstacle,0.00032161539704834595,0.2864828956940811,1,0,,0,0.07119161729994224,0.07795892025394441,5,1,707,0,0,0,0.0,0.25,0.06996602433591399,0.2109640512125458
0.25,self+frame,obstacle,0.00037856679211777246,0.2824144727249082,1,0,,0,0.07548824077685222,0.07452085148204518,5,1,707,0,0,0,0.0,0.25,0.0663229042608718,0.21090497497010896
0.30000000000000004,self+frame,obstacle,0.0004180599390674132,0.2786387982689232,1,0,,0,0.07181367852619898,0.07139075881463039,5,1,707,0,0,0,0.0,0.25,0.06333058011641997,0.2108638812227105
0.35000000000000003,self+frame,obstacle,0.00044351544748553676,0.2754289654099449,1,0,,0,0.06484735420572942,0.06870860301136328,5,1,704,0,0,0,0.0,0.25,0.06062219652921114,0.21083739414202018
0.4,self+frame,obstacle,0.0004577892460956979,0.2724111263607352,1,0,,0,0.05903911235830221,0.06623819704992798,5,1,704,0,0,0,0.0,0.25,0.05943324749536478,0.2108226737155564
0.45,self+frame,obstacle,0.00046325106216799414,0.2699149060746772,1,0,,0,0.07940913588731775,0.06361533966496952,5,1,704,0,0,0,0.0,0.25,0.05770257992348433,0.21081734573639344
0.5,self+frame,obstacle,0.00046185604248487376,0.2677203183625946,1,0,,0,0.07116732470363733,0.06193746089431197,5,1,703,0,0,0,0.0,0.25,0.056095342547586365,0.21081943672529213
0.55,self+frame,obstacle,0.000455208369466115,0.26566714950172804,1,0,,0,0.06430311880705226,0.06043721029510156,5,1,703,0,0,0,0.0,0.25,0.054750547319275596,0.2108273150113925
0.6000000000000001,self+frame,obstacle,0.00044461687160932606,0.2639711343502218,1,0,,0,0.058587699510766325,0.05919185976219629,5,1,703,0,0,0,0.0,0.25,0.05361229076901781,0.21083963839807318
0.65,self+frame,obstacle,0.0004311430983890937,0.2622734197458682,1,0,,0,0.05382289575475403,0.05786694687869834,5,1,705,0,0,0,0.0,0.25,0.05364784039004717,0.21085530837973743
0.7000000000000001,self+frame,obstacle,0.00041564250827022645,0.2607859911800588,1,0,,0,0.07421065598517494,0.05618998340053477,5,1,705,0,0,0,0.0,0.25,0.05312455671413769,0.21087343052777296
0.75,self+frame,obstacle,0.00039879953155916466,0.25961430658419915,1,0,,0,0.06683703780357651,0.055465622737485024,5,1,705,0,0,0,0.0,0.25,0.0525038040345261,0.2108932805529521
0.8,self+frame,obstacle,0.00038115723911958814,0.2584380625875522,1,0,,0,0.06069533821339006,0.05480663617938235,5,1,704,0,0,0,0.0,0.25,0.051969806284795146,0.21091427542773677
0.8500000000000001,self+frame,obstacle,0.0003631423387157696,0.25751742975893444,1,0,,0,0.05558111998025271,0.05422697346444276,5,1,704,0,0,0,0.0,0.25,0.051581809029844834,0.21093594897595647
0.9,self+frame,obstacle,0.0003450861465562114,0.2564970618765324,1,0,,0,0.05131746651144879,0.05324217428710348,5,1,704,0,0,0,0.0,0.25,0.0516899236746599,0.2109579313382225
0.9500000000000001,self+frame,obstacle,0.0003272421132398984,0.25545615032339486,1,0,,0,0.07047264600921192,0.05229376053490305,5,1,705,0,0,0,0.0,0.25,0.05110877944490252,0.2109799317698876
1.0,self+frame,obstacle,0.00030980043338262156,0.25481372181373463,1,0,,0,0.06372326118746093,0.05206708683681058,5,1,705,0,0,0,0.0,0.25,0.05038781948335347,0.21100172428844421
1.05,self+frame,obstacle,0.00029290017569431095,0.25408342281825413,1,0,,0,0.058101064832264085,0.05138037792959106,5,1,705,0,0,0,0.0,0.25,0.049792927411781734,0.21102313573281506
1.1,self+frame,obstacle,0.00027663932859202584,0.2530736437696271,1,0,,0,0.07492137910600875,0.0526171847525866,5,1,702,0,0,0,0.0,0.25,0.049113412543638824,0.21104403586273845
1.1500000000000001,self+frame,obstacle,0.000261083100132007,0.25233720791109976,1,0,,0,0.06742840934934506,0.05176176342412532,5,1,702,0,0,0,0.0,0.25,0.04805490774637234,0.2110643291645592
1.2000000000000002,self+frame,obstacle,0.00024627074575420333,0.25091519990799593,1,0,,0,0.08475581306563255,0.0505373003973848,5,1,702,0,0,0,0.0,0.25,0.047791525549385094,0.21108394809453956
1.25,self+frame,obstacle,0.0002322211700780888,0.250555590154065,1,0,,0,0.07863140744881346,0.05187950634090957,5,1,701,0,0,0,0.0,0.25,0.047312145351253145,0.21110284751210628
1.3,self+frame,obstacle,0.0002189375150552264,0.2499955266670706,1,0,,0,0.07305162656557389,0.05167549910683655,5,1,701,0,0,0,0.0,0.25,0.04662243752664039,0.21112158724014074
1.35,self+frame,obstacle,0.00020597785017890762,0.24929010737709395,1,0,,0,0.06593003274152322,0.05078336207094683,5,1,701,0,0,0,0.0,0.25,0.046345697035258863,0.21113890735920815
1.4000000000000001,self+frame,obstacle,0.0001942832985960849,0.24886118407363939,1,0,,0,0.06448173668491065,0.050694271140743,5,1,703,0,0,0,0.0,0.25,0.04600695531476789,0.21115547505550525
1.4500000000000002,self+frame,obstacle,0.00018328863175167106,0.24839882727201054,1,0,,0,0.06190946662654424,0.05062342153703725,5,1,703,0,0,0,0.0,0.25,0.045569907334560275,0.21117129532599488
1.5,self+frame,obstacle,0.00017296695270832278,0.24787844705409515,1,0,,0,0.05821383861120248,0.05003813604823201,5,1,703,0,0,0,0.0,0.25,0.04473685593347865,0.21118637989288203
1.55,self+frame,obstacle,0.00016328803709823202,0.24666190540422014,1,0,,0,0.07422401999466581,0.049065684723658506,5,1,702,0,0,0,0.0,0.25,0.04467075798962632,0.21120074553768886
1.6,self+frame,obstacle,0.00015421960860859032,0.24647489278765716,1,0,,0,0.0714090942965573,0.049209929115912335,5,1,702,0,0,0,0.0,0.25,0.04449395550107807,0.21121441275684594
1.6500000000000001,self+frame,obstacle,0.00014572834240406094,0.24620851921399817,1,0,,0,0.0677484072070942,0.04928664336374708,5,1,702,0,0,0,0.0,0.25,0.044176288321552584,0.21122740468331058
1.7000000000000002,self+frame,obstacle,0.00013778064065569456,0.2457230270403688,1,0,,0,0.061864956115961864,0.048385008362077556,5,1,700,0,0,0,0.0,0.25,0.04415529379978438,0.21123974622457176
1.75,self+frame,obstacle,0.00013034322743559745,0.2455525515607649,1,0,,0,0.061165840854641815,0.04862644855727309,5,1,700,0,0,0,0.0,0.25,0.04399495714457377,0.2112514633771133
1.8,self+frame,obstacle,0.0001233835951010616,0.24528478860531805,1,0,,0,0.0592768175180242,0.0488401813620348,5,1,700,0,0,0,0.0,0.25,0.04365035412047218,0.21126258268575515
1.85,self+frame,obstacle,0.0001168703277403445,0.24489224658722902,1,0,,0,0.0562100431374644,0.04838371393170976,5,1,701,0,0,0,0.0,0.25,0.04317537423749012,0.21127313082372534
1.9000000000000001,self+frame,obstacle,0.0001107733308978097,0.2440103436398685,1,0,,0,0.06889359726149365,0.04778020399937338,5,1,701,0,0,0,0.0,0.25,0.04311875469814524,0.2112831342652267
1.9500000000000002,self+frame,obstacle,0.00010506398270314715,0.24387093444159283,1,0,,0,0.0662510986429027,0.04810798681139378,5,1,701,0,0,0,0.0,0.25,0.0428484972871974,0.2112926190390333
2.0,self+frame,obstacle,9.971522067380154e-05,0.24357942614070333,1,0,,0,0.06262176192506837,0.04753748013091938,5,1,701,0,0,0,0.0,0.25,0.042471612510797896,0.21130161054275975
2.0500000000000003,self+frame,obstacle,9.470158727901074e-05,0.24280459723354925,1,0,,0,0.07343609517742324,0.04719952288370105,5,1,701,0,0,0,0.0,0.25,0.042458084611236964,0.21131013340761473
2.1,self+frame,obstacle,8.999923152853617e-05,0.2427330082856577,1,0,,0,0.07046043591128563,0.04753085439154678,5,1,701,0,0,0,0.0,0.25,0.042505710150368366,0.21131821140536544
2.15,self+frame,obstacle,8.558588724970879e-05,0.24246616542698984,1,0,,0,0.06518450551009845,0.046853774898404296,5,1,701,0,0,0,0.0,0.25,0.04258631050699976,0.21132586738566828
2.2,self+frame,obstacle,8.144082953721601e-05,0.2424385284490173,1,0,,0,0.06428123119316027,0.047311878401192525,5,1,701,0,0,0,0.0,0.25,0.04244543208442239,0.2113331232389507
2.25,self+frame,obstacle,7.754481288176335e-05,0.24224917534336013,1,0,,0,0.06237065675412436,0.04705801432888812,5,1,701,0,0,0,0.0,0.25,0.042615495063224915,0.21133999988096275
2.3000000000000003,self+frame,obstacle,7.388000447972481e-05,0.24201021101411038,1,0,,0,0.05850664269774149,0.047012021935721376,5,1,703,0,0,0,0.0,0.25,0.0425428186487527,0.21134651725030762
2.35,self+frame,obstacle,7.042990573838375e-05,0.24186562165959927,1,0,,0,0.05808340468574762,0.04709675709926685,5,1,703,0,0,0,0.0,0.25,0.04265258702172655,0.2113526943199252
2.4000000000000004,self+frame,obstacle,6.717927491006157e-05,0.24152209250594656,1,0,,0,0.05559557170397976,0.04666527594974394,5,1,703,0,0,0,0.0,0.25,0.04266627100320737,0.2113585491154285
2.45,self+frame,obstacle,6.411404423375975e-05,0.24144515459658047,1,0,,0,0.056319676156119505,0.047178951181207976,5,1,703,0,0,0,0.0,0.25,0.04243609485394909,0.2113640987420865
2.5,self+frame,obstacle,6.122124056026659e-05,0.24118880624065522,1,0,,0,0.0559811899420536,0.04649927018682519,5,1,703,0,0,0,0.0,0.25,0.0421524997659627,0.2113693594153513
2.5500000000000003,self+frame,obstacle,5.848890663882387e-05,0.24052612279934601,1,0,,0,0.06572846051235919,0.046555256024012434,5,1,703,0,0,0,0.0,0.25,0.0421525543632601,0.21137434649475584
2.6,self+frame,obstacle,5.5906025463668246e-05,0.24046225460796908,1,0,,0,0.06546847782112235,0.04660419536827666,5,1,702,0,0,0,0.0,0.25,0.04232556542808704,0.21137907451947002
2.6500000000000004,self+frame,obstacle,5.346244717804314e-05,0.24014609926104666,1,0,,0,0.06319995479238023,0.04627212864143965,5,1,702,0,0,0,0.0,0.25,0.042408157890249605,0.21138355724585967
2.7,self+frame,obstacle,5.114882165681003e-05,0.24014180435917848,1,0,,0,0.06392474966935212,0.046828947340219945,5,1,702,0,0,0,0.0,0.25,0.042487409563025706,0.2113878076845105
2.75,self+frame,obstacle,4.895653281881565e-05,0.2396836112727064,1,0,,0,0.06260637737874568,0.04590963481343176,5,1,698,0,0,0,0.0,0.25,0.04285759977910179,0.2113918381373886
2.8000000000000003,self+frame,obstacle,4.6877639462686394e-05,0.24001744484183962,1,0,,0,0.06897200300083213,0.04669256899568304,5,1,698,0,0,0,0.0,0.25,0.0430454569832123,0.21139566023449807
2.85,self+frame,obstacle,4.490481911119025e-05,0.24016553602933413,1,0,,0,0.07487546197541319,0.04703314807216526,5,1,698,0,0,0,0.0,0.25,0.043115632561421646,0.21139928496929927
2.9000000000000004,self+frame,obstacle,4.303131569144883e-05,0.23976990224848266,1,0,,0,0.0812802875134319,0.046408490979601646,5,1,700,0,0,0,0.0,0.25,0.04335750341545258,0.2114027227331946
2.95,self+frame,obstacle,4.1250891819873856e-05,0.23991124138630776,1,0,,0,0.08611300619165534,0.047074425565345204,5,1,700,0,0,0,0.0,0.25,0.0434094475930015,0.2114059833485914
3.0,self+frame,obstacle,3.955778604487909e-05,0.23987768644083468,1,0,,0,0.09010700797496989,0.04677439635300333,5,1,700,0,0,0,0.0,0.25,0.043567516238046666,0.21140907610089277
3.0500000000000003,self+frame,obstacle,3.794667065577387e-05,0.23950768828257776,1,0,,0,0.09548721699081879,0.046745930311972175,5,1,699,0,0,0,0.0,0.25,0.04361904963189208,0.21141200976820806
3.1,self+frame,obstacle,3.6412616343563795e-05,0.2394988324935129,1,0,,0,0.098493349362593,0.04686310874237913,5,1,699,0,0,0,0.0,0.25,0.04368376372958502,0.2114147926504405
3.1500000000000004,self+frame,obstacle,3.495105715169722e-05,0.23901382764928947,1,0,,0,0.10383500326255023,0.04632558897418029,5,1,699,0,0,0,0.0,0.25,0.04378770047681955,0.21141743259625
3.2,self+frame,obstacle,3.355776108146662e-05,0.23906348810623723,1,0,,0,0.10610301274222299,0.046935920281487964,5,1,699,0,0,0,0.0,0.25,0.043729826002369514,0.2114199370292954
3.25,self+frame,obstacle,3.22288005011762e-05,0.2389565273271101,1,0,,0,0.10789474705458739,0.046510763157400686,5,1,699,0,0,0,0.0,0.25,0.043875991815887,0.21142231297185765
3.3000000000000003,self+frame,obstacle,3.0960527791657874e-05,0.23853713485012185,1,0,,0,0.11249060790673902,0.04655206167469052,5,1,699,0,0,0,0.0,0.25,0.04390430978944963,0.2114245670685645
3.35,self+frame,obstacle,2.9749551562651115e-05,0.23848941592544723,1,0,,0,0.11378009886292005,0.046612462906952215,5,1,694,0,0,0,0.0,0.25,0.04396438926637378,0.21142670560728816
3.4000000000000004,self+frame,obstacle,2.859271543926645e-05,0.2379539408231207,1,0,,0,0.11842620190060114,0.046093808493157376,5,1,694,0,0,0,0.0,0.25,0.0440946230166843,0.21142873453998223
3.45,self+frame,obstacle,2.7487078426256472e-05,0.23799032831245062,1,0,,0,0.11935515937511736,0.046707226712226255,5,1,694,0,0,0,0.0,0.25,0.044077420604906895,0.2114306595014378
3.5,self+frame,obstacle,2.642989812263097e-05,0.23787058138408237,1,0,,0,0.11991349744666495,0.046292050298703744,5,1,695,0,0,0,0.0,0.25,0.04421477623389237,0.21143248582772178
3.5500000000000003,self+frame,obstacle,2.541861433170049e-05,0.2374080880156536,1,0,,0,0.12407977772874089,0.04630357242835935,5,1,695,0,0,0,0.0,0.25,0.044289295607649076,0.21143421857280875
3.6,self+frame,obstacle,2.445083441441913e-05,0.2373637802532619,1,0,,0,0.12436809780789403,0.046440508759705804,5,1,695,0,0,0,0.0,0.25,0.04432738793819993,0.21143586252429014
3.6500000000000004,self+frame,obstacle,2.352432027230761e-05,0.23677251809355235,1,0,,0,0.12865932981776734,0.045821144444870066,5,1,696,0,0,0,0.0,0.25,0.044504688600373814,0.21143742221859274
3.7,self+frame,obstacle,2.2636976432486713e-05,0.2368276909991774,1,0,,0,0.1287834664616827,0.046454595380894276,5,1,696,0,0,0,0.0,0.25,0.044552241830816214,0.21143890195485426
3.75,self+frame,obstacle,2.1786838730565284e-05,0.2367262004275128,1,0,,0,0.12856662275607716,0.046206408858544296,5,1,696,0,0,0,0.0,0.25,0.0446504670007396,0.21144030580807904
3.8000000000000003,self+frame,obstacle,2.09720643215693e-05,0.23619587883842807,1,0,,0,0.1325395197576979,0.046014377394625036,5,1,695,0,0,0,0.0,0.25,0.04479219750902341,0.21144163764155988
3.85,self+frame,obstacle,2.019092300540808e-05,0.23618578371444918,1,0,,0,0.1321967765877447,0.046422076461755835,5,1,695,0,0,0,0.0,0.25,0.04476806367003695,0.2114429011184079
3.9000000000000004,self+frame,obstacle,1.94417882053412e-05,0.23550042497285345,1,0,,0,0.1363625158143872,0.04548067906734997,5,1,695,0,0,0,0.0,0.25,0.045009958190515516,0.2114440997126107
3.95,self+frame,obstacle,1.8723129918031127e-05,0.23560737854836866,1,0,,0,0.13599726901343823,0.04614492738954616,5,1,695,0,0,0,0.0,0.25,0.04514735893183947,0.211445236719214
4.0,self+frame,obstacle,1.8033507537046348e-05,0.23556297612126398,1,0,,0,0.13530031933752967,0.04635059668382564,5,1,695,0,0,0,0.0,0.25,0.045146094663047816,0.21144631526394198
4.05,self+frame,obstacle,1.73715633091618e-05,0.2348969863126471,1,0,,0,0.13928649228441647,0.04561213573436612,5,1,695,0,0,0,0.0,0.25,0.04537928125113313,0.21144733831252738
4.1000000000000005,self+frame,obstacle,1.673601681039417e-05,0.23496921122788622,1,0,,0,0.13859618478760233,0.04626123901145428,5,1,694,0,0,0,0.0,0.25,0.045506133115064004,0.21144830867899367
4.15,self+frame,obstacle,1.6125659222360834e-05,0.2348795279388013,1,0,,0,0.1375661957588949,0.04615575975068305,5,1,694,0,0,0,0.0,0.25,0.04544619658128037,0.2114492290338531
4.2,self+frame,obstacle,1.5539348811149938e-05,0.23426965901246247,1,0,,0,0.14136073557540324,0.04576972797384432,5,1,694,0,0,0,0.0,0.25,0.04565418449451837,0.2114501019117382
4.25,self+frame,obstacle,1.4976006023290447e-05,0.2342883707713087,1,0,,0,0.140340235205903,0.046404317682078755,5,1,692,0,0,0,0.0,0.25,0.04555334738587587,0.21145092971856838
4.3,self+frame,obstacle,1.4434609648865309e-05,0.23412802375341824,1,0,,0,0.13896500974862408,0.04579615156749618,5,1,692,0,0,0,0.0,0.25,0.045444062946571856,0.21145171473805358
4.3500000000000005,self+frame,obstacle,1.3914192515785605e-05,0.23362807964002097,1,0,,0,0.14251815640669613,0.04600900337466424,5,1,692,0,0,0,0.0,0.25,0.0454904637524723,0.21145245913844646
4.4,self+frame,obstacle,1.3413838600637506e-05,0.2335623542673068,1,0,,0,0.14109525455428634,0.04596320590875014,5,1,692,0,0,0,0.0,0.25,0.045221925294093794,0.21145316497833744
4.45,self+frame,obstacle,1.2932679335746701e-05,0.23293364814218437,1,0,,0,0.1448387980110311,0.045540585076478096,5,1,692,0,0,0,0.0,0.25,0.04544865609848996,0.21145383421240826
4.5,self+frame,obstacle,1.2469890633895089e-05,0.23299963468813367,1,0,,0,0.14340052552719218,0.04620223669926379,5,1,692,0,0,0,0.0,0.25,0.04538619294790937,0.21145446869669937
4.55,self+frame,obstacle,1.2024690278774621e-05,0.23286258312689903,1,0,,0,0.1416759146810524,0.04569041221947598,5,1,690,0,0,0,0.0,0.25,0.04528903914909288,0.21145507019376464
4.6000000000000005,self+frame,obstacle,1.1596335151854536e-05,0.23232369400846842,1,0,,0,0.14524597688769386,0.045810022826868996,5,1,690,0,0,0,0.0,0.25,0.04538225192947333,0.21145564037746245
4.65,self+frame,obstacle,1.118411904416364e-05,0.23229755667664198,1,0,,0,0.14347494063255978,0.04591493590966686,5,1,690,0,0,0,0.0,0.25,0.04510301002033627,0.2114561808375227
4.7,self+frame,obstacle,1.0787370330733795e-05,0.2316103304624882,1,0,,0,0.14596023500145527,0.045329850877922684,5,1,691,0,0,0,0.0,0.25,0.04539698085905328,0.2114566930836962
4.75,self+frame,obstacle,1.0405449860480149e-05,0.23172018739664696,1,0,,0,0.1455465893893415,0.046014544443545274,5,1,691,0,0,0,0.0,0.25,0.04542173738996507,0.21145717854992274
4.800000000000001,self+frame,obstacle,1.003774930123169e-05,0.23162479206460843,1,0,,0,0.14355322159547657,0.04576198782487104,5,1,691,0,0,0,0.0,0.25,0.045274260021710436,0.21145763859815914
4.8500000000000005,self+frame,obstacle,9.683689039169744e-06,0.2310215016870265,1,0,,0,0.14612329638062826,0.04559529212355716,5,1,690,0,0,0,0.0,0.25,0.04548116332246818,0.2114580745220599
4.9,self+frame,obstacle,9.342716642565497e-06,0.2310395962994174,1,0,,0,0.14511738137948227,0.046057160690698276,5,1,690,0,0,0,0.0,0.25,0.04509304321457626,0.2114584875503286
4.95,self+frame,obstacle,9.014305615273637e-06,0.23025252777756097,1,0,,0,0.1462225670080879,0.04506833515363695,5,1,690,0,0,0,0.0,0.25,0.04549277758449671,0.21145887885001902
5.0,self+frame,obstacle,8.697953480458084e-06,0.2304141957848771,1,0,,0,0.14626958011542573,0.045779280330545125,5,1,691,0,0,0,0.0,0.25,0.04565154533250545,0.2114592495296902
5.050000000000001,self+frame,obstacle,8.393180863298143e-06,0.23038312160480903,1,0,,0,0.14500386289282424,0.04610594408954248,5,1,691,0,0,0,0.0,0.25,0.0453166391410446,0.21145960064228653
5.1000000000000005,self+frame,obstacle,8.099529912893362e-06,0.22960443816307222,1,0,,0,0.146358682286567,0.04524887052601129,5,1,691,0,0,0,0.0,0.25,0.04569717693333257,0.21145993318795553
5.15,self+frame,obstacle,7.816563464487645e-06,0.22971230403016904,1,0,,0,0.1464008918448068,0.04593871535012212,5,1,692,0,0,0,0.0,0.25,0.045829248294922416,0.2114602481166209
5.2,self+frame,obstacle,7.543863655806634e-06,0.22962388121187716,1,0,,0,0.1444682906680294,0.04604955302446727,5,1,692,0,0,0,0.0,0.25,0.04551760528434498,0.21146054633058442
5.25,self+frame,obstacle,7.2810311101257546e-06,0.2288816867982626,1,0,,0,0.14648091137034752,0.045436246261480656,5,1,692,0,0,0,0.0,0.25,0.045779357197648,0.2114608286868368
5.300000000000001,self+frame,obstacle,7.027683816465358e-06,0.22892198610459363,1,0,,0,0.14583505218489123,0.04610625648634005,5,1,689,0,0,0,0.0,0.25,0.04575237947608912,0.2114610959993689
5.3500000000000005,self+frame,obstacle,6.783456429425742e-06,0.22875754193356443,1,0,,0,0.1434087372002898,0.045856945045941844,5,1,689,0,0,0,0.0,0.25,0.045466051633853824,0.2114613490412377
5.4,self+frame,obstacle,6.547999202540938e-06,0.22809533054581665,1,0,,0,0.1465907265379095,0.045674987736228884,5,1,689,0,0,0,0.0,0.25,0.04548467544022061,0.21146158854669828
5.45,self+frame,obstacle,6.320977370560916e-06,0.22803926600683555,1,0,,0,0.14431004849517803,0.04612916524709143,5,1,690,0,0,0,0.0,0.25,0.04498993137366973,0.21146181521306884
5.5,self+frame,obstacle,6.1020703346327e-06,0.22719883691684234,1,0,,0,0.14665769107148796,0.04514380492805391,5,1,690,0,0,0,0.0,0.25,0.04523951245071119,0.2114620297025679
5.550000000000001,self+frame,obstacle,5.8909709821893915e-06,0.2272809449504053,1,0,,0,0.1456556653552203,0.0458450963401527,5,1,690,0,0,0,0.0,0.25,0.04524445340318611,0.21146223264409858
5.6000000000000005,self+frame,obstacle,5.68738503665071e-06,0.22717081101412775,1,0,,0,0.1431834107845567,0.046142281609828195,5,1,689,0,0,0,0.0,0.25,0.04481438549484854,0.21146242463488651
5.65,self+frame,obstacle,5.491030397242194e-06,0.22634441725031157,1,0,,0,0.14660775887133115,0.045321060812097566,5,1,689,0,0,0,0.0,0.25,0.04504611494742293,0.21146260624199564
5.7,self+frame,obstacle,5.3016365864329665e-06,0.2263668731739337,1,0,,0,0.14432928181653581,0.04600212757246891,5,1,689,0,0,0,0.0,0.25,0.045023988871658975,0.21146277800396585
5.75,self+frame,obstacle,5.1189441983485895e-06,0.22619268316735575,1,0,,0,0.14179644322287643,0.04604272321929061,5,1,690,0,0,0,0.0,0.25,0.044706047445847684,0.21146294043211478
5.800000000000001,self+frame,obstacle,4.942704421002221e-06,0.22541345904786259,1,0,,0,0.14509703090377096,0.04551962135901179,5,1,690,0,0,0,0.0,0.25,0.04489640093296376,0.21146309401184926
5.8500000000000005,self+frame,obstacle,4.772678392407969e-06,0.22535925389076228,1,0,,0,0.14273075329659501,0.046180254803408774,5,1,690,0,0,0,0.0,0.25,0.04481364438457183,0.21146323920414234
5.9,self+frame,obstacle,4.608636988246969e-06,0.2250980624665433,1,0,,0,0.14010227638014172,0.04578829975761453,5,1,688,0,0,0,0.0,0.25,0.04467661536843411,0.211463376446564
5.95,self+frame,obstacle,4.450360162021766e-06,0.2244167763321528,1,0,,0,0.1431896383969266,0.04578934964978104,5,1,688,0,0,0,0.0,0.25,0.04477390372235239,0.21146350615450127
6.0,self+frame,obstacle,4.2976366042261285e-06,0.22425032188203198,1,0,,0,0.14067803704239557,0.046017335213578175,5,1,688,0,0,0,0.0,0.25,0.044469538380887554,0.21146362872230784
6.050000000000001,self+frame,obstacle,4.150263381419752e-06,0.22341781906650587,1,0,,0,0.14405399248223705,0.04531365062870857,5,1,691,0,0,0,0.0,0.25,0.044785193692185345,0.21146374452429895
6.1000000000000005,self+frame,obstacle,4.0080455302659575e-06,0.22337351784411014,1,0,,0,0.1417300704259059,0.04599765558882399,5,1,691,0,0,0,0.0,0.25,0.044842748946932,0.21146385391576417
6.15,self+frame,obstacle,3.870795708246328e-06,0.22312828186558478,1,0,,0,0.13915109066371645,0.0458841584877661,5,1,691,0,0,0,0.0,0.25,0.044684014259895787,0.2114639572339153
6.2,self+frame,obstacle,3.738333891282108e-06,0.22236158127618996,1,0,,0,0.14236429037478082,0.045576714521807254,5,1,690,0,0,0,0.0,0.25,0.044937765834786314,0.21146405479877706
6.25,self+frame,obstacle,3.610486996955322e-06,0.2222216962098227,1,0,,0,0.13993234471643234,0.046184688099458165,5,1,690,0,0,0,0.0,0.25,0.04457327117372167,0.21146414691406956
6.300000000000001,self+frame,obstacle,3.48708862094469e-06,0.22127445912895313,1,0,,0,0.14348373494519817,0.04504996183827381,5,1,690,0,0,0,0.0,0.25,0.045060265071772264,0.2114642338679963
6.3500000000000005,self+frame,obstacle,3.367978740906972e-06,0.22126971009876295,1,0,,0,0.14128508851766813,0.0457606499898901,5,1,691,0,0,0,0.0,0.25,0.04532163431390699,0.21146431593403603
6.4,self+frame,obstacle,3.2530034696918262e-06,0.2210798720774567,1,0,,0,0.13884760494018794,0.04626257455980114,5,1,691,0,0,0,0.0,0.25,0.04501644147679641,0.2114643933716468
6.45,self+frame,obstacle,3.1420147709437304e-06,0.22012887797308064,1,0,,0,0.14235712483571522,0.0452222008050811,5,1,691,0,0,0,0.0,0.25,0.04550637761255741,0.21146446642702632
6.5,self+frame,obstacle,3.0348702118446727e-06,0.2200725951462146,1,0,,0,0.14013883388696186,0.045911733211808456,5,1,691,0,0,0,0.0,0.25,0.04577019025073695,0.21146453533371623
6.550000000000001,self+frame,obstacle,2.9314327532786685e-06,0.21983060467225957,1,0,,0,0.13767960256384237,0.04624720607984632,5,1,691,0,0,0,0.0,0.25,0.045550818175711404,0.21146460031326308
6.6000000000000005,self+frame,obstacle,2.8315704776756935e-06,0.21889990910555757,1,0,,0,0.1411146743283503,0.04538871716292886,5,1,691,0,0,0,0.0,0.25,0.045689548866921885,0.21146466157581612
6.65,self+frame,obstacle,2.7351564322603796e-06,0.2187853615650416,1,0,,0,0.13885286047800632,0.04605936455865782,5,1,691,0,0,0,0.0,0.25,0.04532768705672495,0.21146471932071387
6.7,self+frame,obstacle,2.6420684177774024e-06,0.21848076943039238,1,0,,0,0.13634564831811313,0.046117864209693854,5,1,691,0,0,0,0.0,0.25,0.044802425761678484,0.2114647737370029
6.75,self+frame,obstacle,2.5521887670430186e-06,0.21760541533684924,1,0,,0,0.13964944452220857,0.045586923667973775,5,1,691,0,0,0,0.0,0.25,0.04462870743979805,0.2114648250039447
6.800000000000001,self+frame,obstacle,2.4654041527404033e-06,0.21741483993389407,1,0,,0,0.13730538630619732,0.04623731443343612,5,1,692,0,0,0,0.0,0.25,0.04417547402063363,0.2114648732915575
6.8500000000000005,self+frame,obstacle,2.3816054687223723e-06,0.21702370963478013,1,0,,0,0.13470839031018472,0.04582504931450791,6,1,692,0,0,0,0.0,0.25,0.043814720218885425,0.21146491876102902
6.9,self+frame,obstacle,2.3006876124026543e-06,0.21625723058320795,1,0,,0,0.13778311734818138,0.04586866756966576,5,1,692,0,0,0,0.0,0.25,0.04352762849184464,0.21146496156519723
6.95,self+frame,obstacle,2.2225493448406223e-06,0.21595313686445652,1,0,,0,0.1352959900578184,0.04602365891243382,6,1,692,0,0,0,0.0,0.25,0.04302616229867984,0.21146500184896244
7.0,self+frame,obstacle,2.147093143302139e-06,0.2150598751343834,1,0,,0,0.1386305938263862,0.04542688270594421,5,1,692,0,0,0,0.0,0.25,0.04294701124228396,0.21146503974967235
7.050000000000001,self+frame,obstacle,2.0742250447052805e-06,0.21486776237514024,1,0,,0,0.1363148355803473,0.0460965776291178,6,1,692,0,0,0,0.0,0.25,0.04259782086185816,0.21146507539751125
7.1000000000000005,self+frame,obstacle,2.0038544773660922e-06,0.21447773750384347,1,0,,0,0.1337513582070889,0.04580307943918606,6,1,691,0,0,0,0.0,0.25,0.04225575877936107,0.21146510891588155
7.15,self+frame,obstacle,1.9358941968294867e-06,0.21368144558949206,1,0,,0,0.1368727672933721,0.0457380536905824,6,1,691,0,0,0,0.0,0.25,0.04205852245898178,0.21146514042172793
7.2,self+frame,obstacle,1.8702601146564589e-06,0.21338032378937985,1,0,,0,0.13442942190575058,0.04603937919870785,6,1,691,0,0,0,0.0,0.25,0.04155214934360513,0.21146517002587306
7.25,self+frame,obstacle,1.806871169985207e-06,0.2124501484029325,1,0,,0,0.13782388489150965,0.04529594554564852,6,1,690,0,0,0,0.0,0.25,0.04156073231761985,0.21146519783331097
7.300000000000001,self+frame,obstacle,1.7456492110593914e-06,0.21226408149964174,1,0,,0,0.13556561764988517,0.045979614469153926,6,1,690,0,0,0,0.0,0.25,0.041304922462394804,0.2114652239435414
7.3500000000000005,self+frame,obstacle,1.686518916823476e-06,0.2118868706190479,1,0,,0,0.1330671952286222,0.04590106099677439,6,1,690,0,0,0,0.0,0.25,0.040948301776876174,0.21146524845081116
7.4,self+frame,obstacle,1.62940767160478e-06,0.2110337671784384,1,0,,0,0.13628566735217318,0.04559516256279693,6,1,690,0,0,0,0.0,0.25,0.04088675511222936,0.2114652714443962
7.45,self+frame,obstacle,1.5742454415526556e-06,0.2107546774495058,1,0,,0,0.13392746445499054,0.04618580213829211,6,1,690,0,0,0,0.0,0.25,0.04034154848085895,0.21146529300885308
7.5,self+frame,obstacle,1.520964704306914e-06,0.20975057438107939,1,0,,0,0.13745243311793853,0.04511268058660889,6,1,690,0,0,0,0.0,0.25,0.04051661992621297,0.21146531322427442
7.550000000000001,self+frame,obstacle,1.4695003424192127e-06,0.20959741353153163,1,0,,0,0.13530953911174892,0.04581403269927324,6,1,690,0,0,0,0.0,0.25,0.040450684196398336,0.21146533216650443
7.6000000000000005,self+frame,obstacle,1.4197895582182723e-06,0.20926666949554892,1,0,,0,0.13293991901993718,0.046199488028283414,6,1,690,0,0,0,0.0,0.25,0.039991752349489214,0.21146534990734478
7.65,self+frame,obstacle,1.3717717858756e-06,0.20829410264670864,1,0,,0,0.13637664885131734,0.045340578812640045,6,1,690,0,0,0,0.0,0.25,0.040055771868661924,0.2114653665147873
7.7,self+frame,obstacle,1.3253886041332476e-06,0.20808382673567027,1,0,,0,0.13419550900989685,0.04601525433598344,6,1,690,0,0,0,0.0,0.25,0.03986529680910045,0.21146538205319254
7.75,self+frame,obstacle,1.2805836580584267e-06,0.2076920944566015,1,0,,0,0.13178287740558653,0.04606639902971853,7,1,690,0,0,0,0.0,0.25,0.03949601805869577,0.21146539658347951
7.800000000000001,self+frame,obstacle,1.2373025872885424e-06,0.20679225457312822,1,0,,0,0.1350648378672955,0.04559542493008596,6,1,690,0,0,0,0.0,0.25,0.03951108865070575,0.2114654101633172
7.8500000000000005,self+frame,obstacle,1.1954929403830008e-06,0.20650662790914778,1,0,,0,0.13280016408998624,0.04624330730062766,7,1,691,0,0,0,0.0,0.25,0.03925267174713875,0.21146542284726466
7.9,self+frame,obstacle,1.1551041212725167e-06,0.2060429157245718,1,0,,0,0.13033657861893594,0.0457370054011748,7,1,691,0,0,0,0.0,0.25,0.03911421420791797,0.2114654346869459
7.95,self+frame,obstacle,1.1160873047365478e-06,0.20528513838123222,1,0,,0,0.13338447193889752,0.04593519332218586,7,1,691,0,0,0,0.0,0.25,0.03918869054570558,0.21146544573121961
8.0,self+frame,obstacle,1.078395389893908e-06,0.20517167400232203,1,0,,0,0.13175660716137683,0.04600362530298552,7,1,689,0,0,0,0.0,0.25,0.03888140488002111,0.21146545602629108
8.05,self+frame,obstacle,1.041982907807285e-06,0.20432291344983425,1,0,,0,0.1350273947072293,0.04552269285674734,6,1,689,0,0,0,0.0,0.25,0.039123794786611675,0.2114654656158702
8.1,self+frame,obstacle,1.0068060070446934e-06,0.20433621981344807,1,0,,0,0.13351113796920522,0.046159560974295064,7,1,689,0,0,0,0.0,0.25,0.03909939215130569,0.21146547454128994
8.15,self+frame,obstacle,9.728223519409536e-07,0.20420291650559608,1,0,,0,0.13178200081196823,0.04590997201397888,7,1,689,0,0,0,0.0,0.25,0.038914821106479376,0.2114654828416319
8.200000000000001,self+frame,obstacle,9.399910789079488e-07,0.2034759694276484,1,0,,0,0.134858206535667,0.04580711041590678,7,1,689,0,0,0,0.0,0.25,0.03903915050794628,0.21146549055385677
8.25,self+frame,obstacle,9.082727649704518e-07,0.20344520139624284,1,0,,0,0.1332130783575508,0.04620263229777914,7,1,689,0,0,0,0.0,0.25,0.03866296805930776,0.21146549771290013
8.3,self+frame,obstacle,8.776293454573035e-07,0.20260470257524463,1,0,,0,0.13654452674139594,0.0453675090923996,6,1,689,0,0,0,0.0,0.25,0.038958814926932754,0.21146550435178135
8.35,self+frame,obstacle,8.480240898493665e-07,0.2026963004901335,1,0,,0,0.13504208126642858,0.046021288280034586,7,1,689,0,0,0,0.0,0.25,0.03900656522372465,0.2114655105017066
8.4,self+frame,obstacle,8.194215426817785e-07,0.2026424021365608,1,0,,0,0.1333371661393724,0.04620955824333681,7,1,689,0,0,0,0.0,0.25,0.038696749409800446,0.21146551619216536
8.450000000000001,self+frame,obstacle,7.917874666036659e-07,0.2018801802388719,1,0,,0,0.13653984951646886,0.045608478076956144,6,1,691,0,0,0,0.0,0.25,0.03891605021716345,0.2114655214510187
8.5,self+frame,obstacle,7.6508883007121e-07,0.2019364471320682,1,0,,0,0.13495221656357087,0.046235208884223306,7,1,691,0,0,0,0.0,0.25,0.03887012584247199,0.2114655263045745
8.55,self+frame,obstacle,7.392937278277157e-07,0.20183644853170926,1,0,,0,0.1331537726785061,0.04603740569062548,7,1,691,0,0,0,0.0,0.25,0.03871280757242635,0.21146553077768993
8.6,self+frame,obstacle,7.143713631352427e-07,0.20119678615589526,1,0,,0,0.13614254033346207,0.04590406700849925,7,1,688,0,0,0,0.0,0.25,0.038804906337291334,0.21146553489383735
8.65,self+frame,obstacle,6.902920083920741e-07,0.2011842014636801,1,0,,0,0.13442009070575894,0.046267846855781364,7,1,688,0,0,0,0.0,0.25,0.03849769704267124,0.2114655386751726
8.700000000000001,self+frame,obstacle,6.670269651011534e-07,0.20044945262706182,1,0,,0,0.13762511760492135,0.04550396623095081,6,1,688,0,0,0,0.0,0.25,0.03875863961239999,0.21146554214260893
8.75,self+frame,obstacle,6.445485136853561e-07,0.20054398210640612,1,0,,0,0.1360255843079129,0.04614373136561231,7,1,689,0,0,0,0.0,0.25,0.03875890691317039,0.21146554531588702
8.8,self+frame,obstacle,6.228298900786994e-07,0.200480424042876,1,0,,0,0.1342166525925284,0.04613009440647256,7,1,689,0,0,0,0.0,0.25,0.03859103913072647,0.21146554821363328
8.85,self+frame,obstacle,6.018452590981514e-07,0.1998571910496509,1,0,,0,0.13721590962258673,0.04581419865996583,7,1,689,0,0,0,0.0,0.25,0.038728966238729616,0.21146555085342056
8.9,self+frame,obstacle,5.815696720319363e-07,0.1998803648211868,1,0,,0,0.13548852582624693,0.04637112568004073,7,1,688,0,0,0,0.0,0.25,0.038401546259001065,0.21146555325182403
8.950000000000001,self+frame,obstacle,5.619790375478997e-07,0.19915796541030467,1,0,,0,0.1387066760493959,0.04541227423559084,6,1,688,0,0,0,0.0,0.25,0.03870743038315308,0.21146555542447054
9.0,self+frame,obstacle,5.430500940756787e-07,0.1992882383978972,1,0,,0,0.13710936373065313,0.04606276743568362,7,1,688,0,0,0,0.0,0.25,0.0387605208124013,0.21146555738609696
9.05,self+frame,obstacle,5.247603685804165e-07,0.1992607832728853,1,0,,0,0.1353049514141581,0.04627351816639827,7,1,687,0,0,0,0.0,0.25,0.03855430677683007,0.21146555915059106
9.1,self+frame,obstacle,5.070881721750477e-07,0.19863604458565923,1,0,,0,0.1383351285545532,0.04571782301973401,7,1,687,0,0,0,0.0,0.25,0.03874868807042408,0.21146556073104572
9.15,self+frame,obstacle,4.900125508027103e-07,0.1986983939883214,1,0,,0,0.13662166482953908,0.04633567596471437,7,1,687,0,0,0,0.0,0.25,0.03866202957392693,0.21146556213979417
9.200000000000001,self+frame,obstacle,4.7351327160265935e-07,0.19858709367289312,1,0,,0,0.13468831217077742,0.04593646320748497,7,1,687,0,0,0,0.0,0.25,0.03866478569443298,0.21146556338845113
9.25,self+frame,obstacle,4.5757079360316677e-07,0.1981227520448364,1,0,,0,0.13740567767647477,0.046123925566731075,7,1,687,0,0,0,0.0,0.25,0.03862562024390972,0.21146556448795384
9.3,self+frame,obstacle,4.421662402781481e-07,0.19806453363278578,1,0,,0,0.13550613368865982,0.04603977276201843,7,1,687,0,0,0,0.0,0.25,0.038540091665631875,0.2114655654486023
9.35,self+frame,obstacle,4.27281386378297e-07,0.19755982694113206,1,0,,0,0.1383281513228269,0.04588372322537315,7,1,687,0,0,0,0.0,0.25,0.03858926552636997,0.2114655662800874
9.4,self+frame,obstacle,4.1289862795061385e-07,0.1975664867868876,1,0,,0,0.13648433922196723,0.04621445942706501,7,1,687,0,0,0,0.0,0.25,0.03838104067781797,0.21146556699152963
9.450000000000001,self+frame,obstacle,3.99000957469438e-07,0.19699628153232437,1,0,,0,0.13945633542467734,0.04559230541982186,6,1,687,0,0,0,0.0,0.25,0.03855601150661929,0.2114655675915068
9.5,self+frame,obstacle,3.8557195354948856e-07,0.1970842121647416,1,0,,0,0.13770043431377005,0.046228009215737664,7,1,687,0,0,0,0.0,0.25,0.03843739580080608,0.2114655680880867
9.55,self+frame,obstacle,3.7259575511442186e-07,0.1969919718940552,1,0,,0,0.13572300190766606,0.04588760088015684,7,1,687,0,0,0,0.0,0.25,0.0384443433421785,0.211465568488851
9.600000000000001,self+frame,obstacle,3.6005703463720314e-07,0.19658372831416174,1,0,,0,0.13836283834516028,0.04606816028212578,7,1,687,0,0,0,0.0,0.25,0.03839371437666553,0.21146556880092693
9.65,self+frame,obstacle,3.4794099478987123e-07,0.19653346128459204,1,0,,0,0.13641222714542584,0.04598060777263406,7,1,687,0,0,0,0.0,0.25,0.038342832650598624,0.21146556903100888
9.700000000000001,self+frame,obstacle,3.3623334055820644e-07,0.19609439938586856,1,0,,0,0.13913158216873883,0.04588409954002565,7,1,687,0,0,0,0.0,0.25,0.03837583051927503,0.21146556918538295
9.75,self+frame,obstacle,3.2492025866297476e-07,0.19609587983082144,1,0,,0,0.13722449076896392,0.04612738826187553,7,1,687,0,0,0,0.0,0.25,0.038238031910174955,0.21146556926995108
9.8,self+frame,obstacle,3.139884113113825e-07,0.1956071819661365,1,0,,0,0.1400587009344305,0.04565829788389579,7,1,687,0,0,0,0.0,0.25,0.03838317116089086,0.21146556929025062
9.850000000000001,self+frame,obstacle,3.034249139700847e-07,0.19567621022007023,1,0,,0,0.1382055670357859,0.046298139052695836,7,1,687,0,0,0,0.0,0.25,0.038224368224135184,0.21146556925147852
9.9,self+frame,obstacle,2.932173164359358e-07,0.19554819327190567,1,0,,0,0.13612431128771652,0.045715060907756885,7,1,687,0,0,0,0.0,0.25,0.03836613988611608,0.211465569158502
9.950000000000001,self+frame,obstacle,2.8335359628556284e-07,0.19526365505852758,1,0,,0,0.13860847163008766,0.046260845950071586,7,1,687,0,0,0,0.0,0.25,0.03824343730361625,0.2114655690158881
10.0,self+frame,obstacle,2.738221341663063e-07,0.19515926177170012,1,0,,0,0.13651263005525854,0.04578376078169666,7,1,687,0,0,0,0.0,0.25,0.03835788984209257,0.21146556882791312
10.05,self+frame,obstacle,2.646117117979051e-07,0.19486308236450778,1,0,,0,0.13900751778665205,0.04622098349027823,7,1,687,0,0,0,0.0,0.25,0.0382825900171469,0.21146556859858012
10.100000000000001,self+frame,obstacle,2.557114860779289e-07,0.19477659944826828,1,0,,0,0.13690905070683784,0.04587654266637764,7,1,687,0,0,0,0.0,0.25,0.038360397043586784,0.21146556833163566
10.15,self+frame,obstacle,2.4711098475199597e-07,0.19445670227639897,1,0,,0,0.13942142819485215,0.046173084419724314,7,1,687,0,0,0,0.0,0.25,0.0383453151429798,0.2114655680305858
10.200000000000001,self+frame,obstacle,2.388000899543864e-07,0.19438353180552778,1,0,,0,0.13733547015074604,0.046003230554241506,7,1,687,0,0,0,0.0,0.25,0.03837256426160116,0.21146556769870795
10.25,self+frame,obstacle,2.3076902868150626e-07,0.19402535936027593,1,0,,0,0.13987823434758512,0.04610703856123896,7,1,687,0,0,0,0.0,0.25,0.038431470090609716,0.21146556733906163
10.3,self+frame,obstacle,2.2300835612441022e-07,0.19396207370355745,1,0,,0,0.13782358647078352,0.04617511859894215,7,1,687,0,0,0,0.0,0.25,0.038387177293315186,0.2114655669545059
10.350000000000001,self+frame,obstacle,2.155089490862798e-07,0.19354752526251703,1,0,,0,0.14041905857787917,0.046005468278137784,7,1,687,0,0,0,0.0,0.25,0.038534058516158216,0.21146556654770954
10.4,self+frame,obstacle,2.0826199543460744e-07,0.19349281084885236,1,0,,0,0.1384179764656927,0.04640399992702712,7,1,684,0,0,0,0.0,0.25,0.038386532324323125,0.21146556612115897
10.450000000000001,self+frame,obstacle,2.012589781080627e-07,0.19299902682998277,1,0,,0,0.1411018607218077,0.045841835138695025,7,1,684,0,0,0,0.0,0.25,0.03863606534946217,0.21146556567717323
10.5,self+frame,obstacle,1.944916711304961e-07,0.19295639408127052,1,0,,0,0.13917962775280923,0.0465013278043869,7,1,684,0,0,0,0.0,0.25,0.03859791205885982,0.2114655652179095
10.55,self+frame,obstacle,1.879521246671575e-07,0.1926604233786045,1,0,,0,0.13709040063124145,0.04617732914487313,7,1,684,0,0,0,0.0,0.25,0.03863624752670471,0.2114655647453766
10.600000000000001,self+frame,obstacle,1.816326608040527e-07,0.19225386863685717,1,0,,0,0.13938319447577563,0.046380966469509274,7,1,684,0,0,0,0.0,0.25,0.03862714650029346,0.21146556426144303
10.65,self+frame,obstacle,1.7552585914148597e-07,0.19190831506358538,1,0,,0,0.13730880610565283,0.04625573595078969,7,1,684,0,0,0,0.0,0.25,0.03860826574786593,0.21146556376784142
10.700000000000001,self+frame,obstacle,1.69624551475621e-07,0.19145492290216817,1,0,,0,0.13962909133167783,0.04618239672742758,7,1,684,0,0,0,0.0,0.25,0.03863294382081742,0.21146556326618005
10.75,self+frame,obstacle,1.6392181116229668e-07,0.19107365913620358,1,0,,0,0.13756149638086734,0.04634132027125944,7,1,684,0,0,0,0.0,0.25,0.03849776927821779,0.21146556275795259
10.8,self+frame,obstacle,1.5841094526808377e-07,0.19056583782422284,1,0,,0,0.1399484666892742,0.04589224790039609,7,1,684,0,0,0,0.0,0.25,0.03847571715686627,0.21146556224453816
10.850000000000001,self+frame,obstacle,1.53085489472414e-07,0.19018159201688448,1,0,,0,0.1378848136547886,0.046354490036220816,7,1,682,0,0,0,0.0,0.25,0.038126966167893524,0.21146556172721442
10.9,self+frame,obstacle,1.4793919610701526e-07,0.1895473138718313,1,0,,0,0.13558124365813828,0.045689064191795956,7,1,682,0,0,0,0.0,0.25,0.038230070999164714,0.21146556120716264
10.950000000000001,self+frame,obstacle,1.429660283718095e-07,0.1891962149313528,1,0,,0,0.1375842409443469,0.04612023623456277,7,1,682,0,0,0,0.0,0.25,0.03792086188238603,0.21146556068546907
11.0,self+frame,obstacle,1.3816015478541426e-07,0.18856118937838598,1,0,,0,0.1351466747547695,0.04555595976329016,7,1,682,0,0,0,0.0,0.25,0.03801387936569536,0.211465560163138
11.05,self+frame,obstacle,1.3351594092366085e-07,0.18819803210600577,1,0,,0,0.1372457234669457,0.045877454617595154,7,1,682,0,0,0,0.0,0.25,0.03780436622708469,0.21146555964109026
11.100000000000001,self+frame,obstacle,1.2902794059631954e-07,0.1876273659665072,1,0,,0,0.1345693921471559,0.045459070507183716,7,1,682,0,0,0,0.0,0.25,0.03788338501234361,0.2114655591201725
11.15,self+frame,obstacle,1.2469089278603294e-07,0.18724769077939454,1,0,,0,0.1367544725114403,0.04608111855705935,7,1,681,0,0,0,0.0,0.25,0.03767095813911624,0.21146555860116034
11.200000000000001,self+frame,obstacle,1.2049971510141134e-07,0.18667325598588583,1,0,,0,0.13384256328614585,0.045661264529794104,7,1,681,0,0,0,0.0,0.25,0.03764116546861982,0.21146555808476364
11.25,self+frame,obstacle,1.1644949482511971e-07,0.18619936183317137,1,0,,0,0.1362627203093444,0.045776831559907694,7,1,681,0,0,0,0.0,0.25,0.037553492774395104,0.21146555757162944
11.3,self+frame,obstacle,1.1253548641729586e-07,0.18573143104084774,1,0,,0,0.1332123939001033,0.04627290463492542,7,1,680,0,0,0,0.0,0.25,0.03733634014201069,0.21146555706234638
11.350000000000001,self+frame,obstacle,1.0875310423425191e-07,0.18510526385888634,1,0,,0,0.13591414647095246,0.04535376656632145,7,1,680,0,0,0,0.0,0.25,0.03725883392651951,0.21146555655744959
11.4,self+frame,obstacle,1.0509791618233576e-07,0.1847182853081949,1,0,,0,0.13290771983505167,0.046033276857851,7,1,680,0,0,0,0.0,0.25,0.037124199393282015,0.21146555605742268
11.450000000000001,self+frame,obstacle,1.0156564115129655e-07,0.1841358147298923,1,0,,0,0.13568151159749714,0.04583488489240968,7,1,681,0,0,0,0.0,0.25,0.036999691189447945,0.21146555556270197
11.5,self+frame,obstacle,9.815214160900487e-08,0.18367509633062487,1,0,,0,0.132855202848763,0.045403087352845414,7,1,681,0,0,0,0.0,0.25,0.0369500746360312,0.2114655550736796
11.55,self+frame,obstacle,9.485342023650206e-08,0.1831781392444277,1,0,,0,0.1356123703441936,0.04560669668851275,7,1,681,0,0,0,0.0,0.25,0.03694149513887344,0.21146555459070526
11.600000000000001,self+frame,obstacle,9.166561414109546e-08,0.1827058951824804,1,0,,0,0.13308060631590923,0.04591947836808709,7,1,679,0,0,0,0.0,0.25,0.036619976000429384,0.21146555411409207
11.65,self+frame,obstacle,8.858498956702207e-08,0.18190359304817302,1,0,,0,0.13069566412491562,0.045170855188649287,7,1,679,0,0,0,0.0,0.25,0.0368833827220389,0.21146555364411557
11.700000000000001,self+frame,obstacle,8.560794053764213e-08,0.18166696507907756,1,0,,0,0.13283540706261854,0.04590537721947284,7,1,679,0,0,0,0.0,0.25,0.036761436514607386,0.21146555318101756
11.75,self+frame,obstacle,8.273098201121208e-08,0.1811886592170587,1,0,,0,0.13555012857046522,0.04536594933086796,7,1,683,0,0,0,0.0,0.25,0.03672807310957199,0.21146555272501055
11.8,self+frame,obstacle,7.99507457034828e-08,0.18084072887288044,1,0,,0,0.13275928347666832,0.045347797606470286,7,1,683,0,0,0,0.0,0.25,0.036654647712059917,0.21146555227627528
11.850000000000001,self+frame,obstacle,7.7263977146332e-08,0.1804023161138658,1,0,,0,0.13553096970255857,0.04516379532920163,7,1,683,0,0,0,0.0,0.25,0.036724677067670464,0.21146555183496762
11.9,self+frame,obstacle,7.466753213508757e-08,0.1800350152934266,1,0,,0,0.13301745587258262,0.0457713715711357,7,1,678,0,0,0,0.0,0.25,0.03654710861121966,0.21146555140121792
11.950000000000001,self+frame,obstacle,7.215837183789134e-08,0.17954436435774204,1,0,,0,0.1358761469829095,0.04489322014797667,7,1,678,0,0,0,0.0,0.25,0.03670751790263595,0.21146555097513253
12.0,self+frame,obstacle,6.97335601229938e-08,0.17925711218626225,1,0,,0,0.13339527034899262,0.045675244164741294,7,1,678,0,0,0,0.0,0.25,0.03648378997254796,0.2114655505567985
12.05,self+frame,obstacle,6.739025912777731e-08,0.17858399394449562,1,0,,0,0.13108456933910867,0.04527748659460053,7,1,676,0,0,0,0.0,0.25,0.03670771076052548,0.2114655501462791
12.100000000000001,self+frame,obstacle,6.512572729468468e-08,0.1783962028552092,1,0,,0,0.13325400497518503,0.045330195506413665,7,1,676,0,0,0,0.0,0.25,0.036431801238497846,0.21146554974362275
12.15,self+frame,obstacle,6.29373152045121e-08,0.17783403371409592,1,0,,0,0.13061768855502193,0.045045377126120084,7,1,676,0,0,0,0.0,0.25,0.03673982054654569,0.2114655493488603
12.200000000000001,self+frame,obstacle,6.08224623269349e-08,0.17772115851884351,1,0,,0,0.13264192647238432,0.045370911320813515,7,1,679,0,0,0,0.0,0.25,0.036699305354045864,0.21146554896200598
12.25,self+frame,obstacle,5.877869523091429e-08,0.17738767869790717,1,0,,0,0.13528535569002964,0.04499303488921333,7,1,679,0,0,0,0.0,0.25,0.03671579979949751,0.21146554858306
12.3,self+frame,obstacle,5.6803622628009704e-08,0.17714544735959675,1,0,,0,0.13253216253196615,0.04532962062884913,7,1,679,0,0,0,0.0,0.25,0.03666041178140204,0.2114655482120099
12.350000000000001,self+frame,obstacle,5.489493460007953e-08,0.17679602910869752,1,0,,0,0.13524069975859243,0.04523282312303385,7,1,683,0,0,0,0.0,0.25,0.03672349026706326,0.21146554784882998
12.4,self+frame,obstacle,5.3050398420893977e-08,0.176502227180307,1,0,,0,0.13277976121731128,0.04534225039555494,7,1,683,0,0,0,0.0,0.25,0.03662098744718074,0.21146554749348423
12.450000000000001,self+frame,obstacle,5.1267857053178036e-08,0.17613768604392516,1,0,,0,0.1355629532296393,0.04502877878341653,7,1,683,0,0,0,0.0,0.25,0.03676184299077429,0.2114655471459267
12.5,self+frame,obstacle,4.954522525818565e-08,0.17591100835001208,1,0,,0,0.133131951417446,0.04542016135892042,7,1,680,0,0,0,0.0,0.25,0.03658281145816037,0.21146554680610208
12.55,self+frame,obstacle,4.7880489284313494e-08,0.17551179580434925,1,0,,0,0.1360243384933652,0.04440743660633932,7,1,680,0,0,0,0.0,0.25,0.0368535614271763,0.211465546473946
12.600000000000001,self+frame,obstacle,4.627170197775742e-08,0.17538727201413676,1,0,,0,0.13358988104135788,0.04524840621555461,7,1,680,0,0,0,0.0,0.25,0.036739244840654973,0.21146554614938762
12.65,self+frame,obstacle,4.471698203260477e-08,0.17486241352624307,1,0,,0,0.13135628473094446,0.0451538925823715,7,1,677,0,0,0,0.0,0.25,0.036919680678546604,0.21146554583234833
12.700000000000001,self+frame,obstacle,4.3214511836313606e-08,0.17472364795089138,1,0,,0,0.1336239465397926,0.04529626617764952,7,1,677,0,0,0,0.0,0.25,0.0367511495082877,0.211465545522744
12.75,self+frame,obstacle,4.176253481631083e-08,0.17429812165559705,1,0,,0,0.131055618868751,0.044985842585172964,7,1,677,0,0,0,0.0,0.25,0.03699618865913399,0.2114655452204851
12.8,self+frame,obstacle,4.035935298261465e-08,0.17421005607438797,1,0,,0,0.13323024492043517,0.04533617125379992,7,1,680,0,0,0,0.0,0.25,0.03684708581665871,0.21146554492547576
12.850000000000001,self+frame,obstacle,3.900332624782437e-08,0.1738808736081916,1,0,,0,0.13604840766929144,0.04442073200672575,7,1,680,0,0,0,0.0,0.25,0.037040555294801124,0.2114655446376178
12.9,self+frame,obstacle,3.7692868961330504e-08,0.17387811459999833,1,0,,0,0.1333321981246084,0.045265954728594474,7,1,680,0,0,0,0.0,0.25,0.036872513654919836,0.21146554435680753
12.950000000000001,self+frame,obstacle,3.642644966916482e-08,0.17335894333898785,1,0,,0,0.13109267890055148,0.04500299410255211,7,1,677,0,0,0,0.0,0.25,0.03709808140194003,0.21146554408293905
13.0,self+frame,obstacle,3.52025874428711e-08,0.17327884854065506,1,0,,0,0.1332897974962342,0.04536196118742035,7,1,677,0,0,0,0.0,0.25,0.03683379188400215,0.21146554381590266
13.05,self+frame,obstacle,3.401985188342709e-08,0.1728515687651027,1,0,,0,0.1307051716011982,0.044809627997860174,7,1,677,0,0,0,0.0,0.25,0.03714027903027252,0.2114655435555869
13.100000000000001,self+frame,obstacle,3.28768604517478e-08,0.17283155656692192,1,0,,0,0.1327809579368573,0.0455332224253719,7,1,680,0,0,0,0.0,0.25,0.03677105915939201,0.2114655433018776
13.15,self+frame,obstacle,3.177227732391396e-08,0.17234261000556936,1,0,,0,0.1301626641962455,0.04455824495326301,7,1,680,0,0,0,0.0,0.25,0.037183760718621874,0.2114655430546596
13.200000000000001,self+frame,obstacle,3.070481141529892e-08,0.1724008500863255,1,0,,0,0.13206666431113695,0.045364325303616365,7,1,680,0,0,0,0.0,0.25,0.03724144236695321,0.2114655428138158
13.25,self+frame,obstacle,2.9673214990748818e-08,0.17223214626194883,1,0,,0,0.13449092099801685,0.045365467609171484,7,1,682,0,0,0,0.0,0.25,0.0371599590418006,0.21146554257922745
13.3,self+frame,obstacle,2.8676282435068824e-08,0.1720518247983258,1,0,,0,0.13175398570883984,0.04481932212898433,7,1,682,0,0,0,0.0,0.25,0.03726321062951678,0.21146554235077664
13.350000000000001,self+frame,obstacle,2.7712848472862118e-08,0.17190280269256106,1,0,,0,0.13424926278938853,0.04533200075253202,7,1,682,0,0,0,0.0,0.25,0.0371986702122709,0.211465542128343
13.4,self+frame,obstacle,2.678178727517732e-08,0.17164221714950278,1,0,,0,0.13174840887067757,0.045210622708643095,7,1,680,0,0,0,0.0,0.25,0.03728211421222592,0.21146554191180755
13.450000000000001,self+frame,obstacle,2.588201097666946e-08,0.17149022655128685,1,0,,0,0.13417828607215138,0.04492877679135113,7,1,680,0,0,0,0.0,0.25,0.03724057160118561,0.21146554170105014
13.5,self+frame,obstacle,2.5012467847909503e-08,0.17124906636917608,1,0,,0,0.13163961509851158,0.045150183051478346,7,1,680,0,0,0,0.0,0.25,0.03734590845043403,0.2114655414959511
13.55,self+frame,obstacle,2.417214195720287e-08,0.17112134348652297,1,0,,0,0.13403617574708604,0.04533717270289457,7,1,682,0,0,0,0.0,0.25,0.03725730568282792,0.21146554129639095
13.600000000000001,self+frame,obstacle,2.3360051249958816e-08,0.1708597725798571,1,0,,0,0.1315388370276197,0.04463743117521056,7,1,682,0,0,0,0.0,0.25,0.03741014724260779,0.2114655411022509
13.65,self+frame,obstacle,2.2575246872956673e-08,0.17077284393340442,1,0,,0,0.13396476708216604,0.04535258736399532,7,1,682,0,0,0,0.0,0.25,0.03731147806732071,0.21146554091341352
13.700000000000001,self+frame,obstacle,2.1816811816054003e-08,0.17051646896750225,1,0,,0,0.131457626498516,0.04502255413139743,7,1,680,0,0,0,0.0,0.25,0.037455978171836005,0.2114655407297602
13.75,self+frame,obstacle,2.108385961476559e-08,0.1704318809128035,1,0,,0,0.13379724062752918,0.04500876043699356,7,1,680,0,0,0,0.0,0.25,0.037312441988641164,0.21146554055117506
13.8,self+frame,obstacle,2.037553418668168e-08,0.17017644267037585,1,0,,0,0.13124458999744193,0.04493463417997694,7,1,680,0,0,0,0.0,0.25,0.03750919890565911,0.2114655403775424
13.850000000000001,self+frame,obstacle,1.969100807384441e-08,0.17012674398084074,1,0,,0,0.13351869887454487,0.045114464186113395,7,1,682,0,0,0,0.0,0.25,0.0372861338591142,0.2114655402087483
13.9,self+frame,obstacle,1.9029480865998e-08,0.16984194980423722,1,0,,0,0.1309520302123771,0.044381151207806016,7,1,682,0,0,0,0.0,0.25,0.037569884582203186,0.21146554004467977
13.950000000000001,self+frame,obstacle,1.839018016831977e-08,0.16985437533171724,1,0,,0,0.13319492473043593,0.045234856981663754,7,1,682,0,0,0,0.0,0.25,0.03740957368043634,0.2114655398852242
14.0,self+frame,obstacle,1.777235895316874e-08,0.16960147148112042,1,0,,0,0.13602195775551706,0.044659292004847806,7,1,682,0,0,0,0.0,0.25,0.037582904970835454,0.21146553973027238
14.05,self+frame,obstacle,1.7175295259071523e-08,0.16968669291902164,1,0,,0,0.13346523879780414,0.04540556020781919,7,1,682,0,0,0,0.0,0.25,0.037310092200746096,0.21146553957971503
14.100000000000001,self+frame,obstacle,1.6598291775814243e-08,0.16935481967389776,1,0,,0,0.13646188154976013,0.0444046700057593,7,1,682,0,0,0,0.0,0.25,0.03760944307322823,0.21146553943344448
14.15,self+frame,obstacle,1.6040674407484056e-08,0.16950562177244152,1,0,,0,0.13402055587427492,0.04523332571136113,7,1,682,0,0,0,0.0,0.25,0.03760374726631698,0.21146553929135592
14.200000000000001,self+frame,obstacle,1.550179154811215e-08,0.16919217850844467,1,0,,0,0.13197779410186883,0.04492016021069442,7,1,682,0,0,0,0.0,0.25,0.03763370974606956,0.21146553915334498
14.25,self+frame,obstacle,1.498101388738675e-08,0.16906467399529754,1,0,,0,0.13456468894298357,0.045139082131487956,7,1,682,0,0,0,0.0,0.25,0.037619585610755395,0.2114655390193091
14.3,self+frame,obstacle,1.4477732908059858e-08,0.16895353587148657,1,0,,0,0.13214025959987397,0.04538392387022969,7,1,682,0,0,0,0.0,0.25,0.03759435154971116,0.21146553888914765
14.350000000000001,self+frame,obstacle,1.3991360517366177e-08,0.16879563930540029,1,0,,0,0.13471494855197008,0.04465782862882127,7,1,682,0,0,0,0.0,0.25,0.03764830696289377,0.21146553876276164
14.4,self+frame,obstacle,1.3521328726386457e-08,0.16872835744421283,1,0,,0,0.13226455718292895,0.045426845439695926,7,1,682,0,0,0,0.0,0.25,0.037594060444437145,0.21146553864005446
14.450000000000001,self+frame,obstacle,1.3067088524545636e-08,0.1685571473828015,1,0,,0,0.1348794414187554,0.04495889224051425,7,1,681,0,0,0,0.0,0.25,0.037655370233485884,0.21146553852093064
14.5,self+frame,obstacle,1.262810932830735e-08,0.16850484273514485,1,0,,0,0.1324884414347156,0.04506305262824381,7,1,681,0,0,0,0.0,0.25,0.03757122724984508,0.21146553840529647
14.55,self+frame,obstacle,1.2203878224532634e-08,0.1683197130729123,1,0,,0,0.1352375444043712,0.04481081175804984,7,1,681,0,0,0,0.0,0.25,0.037702694481720415,0.2114655382930598
14.600000000000001,self+frame,obstacle,1.1793899779925227e-08,0.16832587962366524,1,0,,0,0.13286590977177792,0.04521660994183391,7,1,680,0,0,0,0.0,0.25,0.03752559884498356,0.21146553818413116
14.65,self+frame,obstacle,1.1397694821006367e-08,0.1680876186723048,1,0,,0,0.13573567363507422,0.044226552486038295,7,1,680,0,0,0,0.0,0.25,0.037785732451374815,0.21146553807842283
14.700000000000001,self+frame,obstacle,1.1014800863601524e-08,0.1681842282132011,1,0,,0,0.13336204376070626,0.04508807542037714,7,1,680,0,0,0,0.0,0.25,0.037674722947821135,0.211465537975848
14.75,self+frame,obstacle,1.0644770592401238e-08,0.1678439478657116,1,0,,0,0.13125225826521508,0.045055768639548785,7,1,680,0,0,0,0.0,0.25,0.037828335000153784,0.21146553787632227
14.8,self+frame,obstacle,1.0287171789852363e-08,0.16783598055322368,1,0,,0,0.13354650812350177,0.045138690595131564,7,1,680,0,0,0,0.0,0.25,0.037647655879976503,0.21146553777976307
14.850000000000001,self+frame,obstacle,9.941586661736214e-09,0.16764043132881132,1,0,,0,0.13104904307706128,0.044948643392512325,7,1,680,0,0,0,0.0,0.25,0.03784711628508627,0.21146553768608956
14.9,self+frame,obstacle,9.607611721782876e-09,0.16766220453097613,1,0,,0,0.13327929362264196,0.045233677242423415,7,1,680,0,0,0,0.0,0.25,0.037603001691250026,0.21146553759522202
14.950000000000001,self+frame,obstacle,9.284856637807374e-09,0.1674326126300338,1,0,,0,0.13075817565316378,0.04437539147633228,7,1,680,0,0,0,0.0,0.25,0.03789744996935196,0.21146553750708452
15.0,self+frame,obstacle,8.97294475234176e-09,0.16751302609812038,1,0,,0,0.13295437120977566,0.045228920562317726,7,1,680,0,0,0,0.0,0.25,0.03775478678684498,0.21146553742159957
0.05,self+cam,obstacle,9.87693132314243e-06,0.3033090255201761,1,0,,0,0.05676101943747254,0.09233651758492056,6,1,709,0,0,0,0.0,0.25,0.08430815406658161,0.21129248126365663
0.1,self+cam,obstacle,0.00013839137335756467,0.2970011683870943,1,0,,0,0.06182729235999242,0.08697255608532936,5,1,709,0,0,0,0.0,0.25,0.07867969447611241,0.21115276817658046
0.15000000000000002,self+cam,obstacle,0.00024314055891336422,0.29145745479152924,1,0,,0,0.06663865856144606,0.08244860168557508,5,1,709,0,0,0,0.0,0.25,0.07408896296198926,0.21104509423703044
0.2,self+cam,obstacle,0.00032161539704834595,0.2864828956940811,1,0,,0,0.07119161729994224,0.07795892025394441,5,1,718,0,0,0,0.0,0.25,0.06996602433591399,0.2109640512125458
0.25,self+cam,obstacle,0.00037856679211777246,0.2824144727249082,1,0,,0,0.07548824077685222,0.07452085148204518,5,1,718,0,0,0,0.0,0.25,0.0663229042608718,0.21090497497010896
0.30000000000000004,self+cam,obstacle,0.0004180599390674132,0.2786387982689232,1,0,,0,0.07181367852619898,0.07139075881463039,5,1,718,0,0,0,0.0,0.25,0.06333058011641997,0.2108638812227105
0.35000000000000003,self+cam,obstacle,0.00044351544748553676,0.2754289654099449,1,0,,0,0.06484735420572942,0.06870860301136328,5,1,720,0,0,0,0.0,0.25,0.06062219652921114,0.21083739414202018
0.4,self+cam,obstacle,0.0004577892460956979,0.2724111263607352,1,0,,0,0.05903911235830221,0.06623819704992798,5,1,720,0,0,0,0.0,0.25,0.05943324749536478,0.2108226737155564
0.45,self+cam,obstacle,0.00046325106216799414,0.2699149060746772,1,0,,0,0.07940913588731775,0.06361533966496952,5,1,720,0,0,0,0.0,0.25,0.05770257992348433,0.21081734573639344
0.5,self+cam,obstacle,0.00046185604248487376,0.2677203183625946,1,0,,0,0.07116732470363733,0.06193746089431197,5,1,722,0,0,0,0.0,0.25,0.056095342547586365,0.21081943672529213
0.55,self+cam,obstacle,0.000455208369466115,0.26566714950172804,1,0,,0,0.06430311880705226,0.06043721029510156,5,1,722,0,0,0,0.0,0.25,0.054750547319275596,0.2108273150113925
0.6000000000000001,self+cam,obstacle,0.00044461687160932606,0.2639711343502218,1,0,,0,0.058587699510766325,0.05919185976219629,5,1,722,0,0,0,0.0,0.25,0.05361229076901781,0.21083963839807318
0.65,self+cam,obstacle,0.0004311430983890937,0.2622734197458682,1,0,,0,0.05382289575475403,0.05786694687869834,5,1,725,0,0,0,0.0,0.25,0.05364784039004717,0.21085530837973743
0.7000000000000001,self+cam,obstacle,0.00041564250827022645,0.2607859911800588,1,0,,0,0.07421065598517494,0.05618998340053477,5,1,725,0,0,0,0.0,0.25,0.05312455671413769,0.21087343052777296
0.75,self+cam,obstacle,0.00039879953155916466,0.25961430658419915,1,0,,0,0.06683703780357651,0.055465622737485024,5,1,725,0,0,0,0.0,0.25,0.0525038040345261,0.2108932805529521
0.8,self+cam,obstacle,0.00038115723911958814,0.2584380625875522,1,0,,0,0.06069533821339006,0.05480663617938235,5,1,726,0,0,0,0.0,0.25,0.051969806284795146,0.21091427542773677
0.8500000000000001,self+cam,obstacle,0.0003631423387157696,0.25751742975893444,1,0,,0,0.05558111998025271,0.05422697346444276,5,1,726,0,0,0,0.0,0.25,0.051581809029844834,0.21093594897595647
0.9,self+cam,obstacle,0.0003450861465562114,0.2564970618765324,1,0,,0,0.05131746651144879,0.05324217428710348,5,1,726,0,0,0,0.0,0.25,0.0516899236746599,0.2109579313382225
0.9500000000000001,self+cam,obstacle,0.0003272421132398984,0.25545615032339486,1,0,,0,0.07047264600921192,0.05229376053490305,5,1,733,0,0,0,0.0,0.25,0.05110877944490252,0.2109799317698876
1.0,self+cam,obstacle,0.00030980043338262156,0.25481372181373463,1,0,,0,0.06372326118746093,0.05206708683681058,5,1,733,0,0,0,0.0,0.25,0.05038781948335347,0.21100172428844421
1.05,self+cam,obstacle,0.00029290017569431095,0.25408342281825413,1,0,,0,0.058101064832264085,0.05138037792959106,5,1,733,0,0,0,0.0,0.25,0.049792927411781734,0.21102313573281506
1.1,self+cam,obstacle,0.00027663932859202584,0.2530736437696271,1,0,,0,0.07492137910600875,0.0526171847525866,5,1,733,0,0,0,0.0,0.25,0.049113412543638824,0.21104403586273845
1.1500000000000001,self+cam,obstacle,0.000261083100132007,0.25233720791109976,1,0,,0,0.06742840934934506,0.05176176342412532,5,1,733,0,0,0,0.0,0.25,0.04805490774637234,0.2110643291645592
1.2000000000000002,self+cam,obstacle,0.00024627074575420333,0.25091519990799593,1,0,,0,0.08475581306563255,0.0505373003973848,5,1,733,0,0,0,0.0,0.25,0.047791525549385094,0.21108394809453956
1.25,self+cam,obstacle,0.0002322211700780888,0.250555590154065,1,0,,0,0.07863140744881346,0.05187950634090957,5,1,733,0,0,0,0.0,0.25,0.047312145351253145,0.21110284751210628
1.3,self+cam,obstacle,0.0002189375150552264,0.2499955266670706,1,0,,0,0.07305162656557389,0.05167549910683655,5,1,733,0,0,0,0.0,0.25,0.04662243752664039,0.21112158724014074
1.35,self+cam,obstacle,0.00020597785017890762,0.24929010737709395,1,0,,0,0.06593003274152322,0.05078336207094683,5,1,733,0,0,0,0.0,0.25,0.046345697035258863,0.21113890735920815
1.4000000000000001,self+cam,obstacle,0.0001942832985960849,0.24886118407363939,1,0,,0,0.06448173668491065,0.050694271140743,5,1,733,0,0,0,0.0,0.25,0.04600695531476789,0.21115547505550525
1.4500000000000002,self+cam,obstacle,0.00018328863175167106,0.24839882727201054,1,0,,0,0.06190946662654424,0.05062342153703725,5,1,733,0,0,0,0.0,0.25,0.045569907334560275,0.21117129532599488
1.5,self+cam,obstacle,0.00017296695270832278,0.24787844705409515,1,0,,0,0.05821383861120248,0.05003813604823201,5,1,733,0,0,0,0.0,0.25,0.04473685593347865,0.21118637989288203
1.55,self+cam,obstacle,0.00016328803709823202,0.24666190540422014,1,0,,0,0.07422401999466581,0.049065684723658506,5,1,734,0,0,0,0.0,0.25,0.04467075798962632,0.21120074553768886
1.6,self+cam,obstacle,0.00015421960860859032,0.24647489278765716,1,0,,0,0.0714090942965573,0.049209929115912335,5,1,734,0,0,0,0.0,0.25,0.04449395550107807,0.21121441275684594
1.6500000000000001,self+cam,obstacle,0.00014572834240406094,0.24620851921399817,1,0,,0,0.0677484072070942,0.04928664336374708,5,1,734,0,0,0,0.0,0.25,0.044176288321552584,0.21122740468331058
1.7000000000000002,self+cam,obstacle,0.00013778064065569456,0.2457230270403688,1,0,,0,0.061864956115961864,0.048385008362077556,5,1,734,0,0,0,0.0,0.25,0.04415529379978438,0.21123974622457176
1.75,self+cam,obstacle,0.00013034322743559745,0.2455525515607649,1,0,,0,0.061165840854641815,0.04862644855727309,5,1,734,0,0,0,0.0,0.25,0.04399495714457377,0.2112514633771133
1.8,self+cam,obstacle,0.0001233835951010616,0.24528478860531805,1,0,,0,0.0592768175180242,0.0488401813620348,5,1,734,0,0,0,0.0,0.25,0.04365035412047218,0.21126258268575515
1.85,self+cam,obstacle,0.0001168703277403445,0.24489224658722902,1,0,,0,0.0562100431374644,0.04838371393170976,5,1,734,0,0,0,0.0,0.25,0.04317537423749012,0.21127313082372534
1.9000000000000001,self+cam,obstacle,0.0001107733308978097,0.2440103436398685,1,0,,0,0.06889359726149365,0.04778020399937338,5,1,734,0,0,0,0.0,0.25,0.04311875469814524,0.2112831342652267
1.9500000000000002,self+cam,obstacle,0.00010506398270314715,0.24387093444159283,1,0,,0,0.0662510986429027,0.04810798681139378,5,1,734,0,0,0,0.0,0.25,0.0428484972871974,0.2112926190390333
2.0,self+cam,obstacle,9.971522067380154e-05,0.24357942614070333,1,0,,0,0.06262176192506837,0.04753748013091938,5,1,734,0,0,0,0.0,0.25,0.042471612510797896,0.21130161054275975
2.0500000000000003,self+cam,obstacle,9.470158727901074e-05,0.24280459723354925,1,0,,0,0.07343609517742324,0.04719952288370105,5,1,734,0,0,0,0.0,0.25,0.042458084611236964,0.21131013340761473
2.1,self+cam,obstacle,8.999923152853617e-05,0.2427330082856577,1,0,,0,0.07046043591128563,0.04753085439154678,5,1,734,0,0,0,0.0,0.25,0.042505710150368366,0.21131821140536544
2.15,self+cam,obstacle,8.558588724970879e-05,0.24246616542698984,1,0,,0,0.06518450551009845,0.046853774898404296,5,1,735,0,0,0,0.0,0.25,0.04258631050699976,0.21132586738566828
2.2,self+cam,obstacle,8.144082953721601e-05,0.2424385284490173,1,0,,0,0.06428123119316027,0.047311878401192525,5,1,735,0,0,0,0.0,0.25,0.04244543208442239,0.2113331232389507
2.25,self+cam,obstacle,7.754481288176335e-05,0.24224917534336013,1,0,,0,0.06237065675412436,0.04705801432888812,5,1,735,0,0,0,0.0,0.25,0.042615495063224915,0.21133999988096275
2.3000000000000003,self+cam,obstacle,7.388000447972481e-05,0.24201021101411038,1,0,,0,0.05850664269774149,0.047012021935721376,5,1,735,0,0,0,0.0,0.25,0.0425428186487527,0.21134651725030762
2.35,self+cam,obstacle,7.042990573838375e-05,0.24186562165959927,1,0,,0,0.05808340468574762,0.04709675709926685,5,1,735,0,0,0,0.0,0.25,0.04265258702172655,0.2113526943199252
2.4000000000000004,self+cam,obstacle,6.717927491006157e-05,0.24152209250594656,1,0,,0,0.05559557170397976,0.04666527594974394,5,1,735,0,0,0,0.0,0.25,0.04266627100320737,0.2113585491154285
2.45,self+cam,obstacle,6.411404423375975e-05,0.24144515459658047,1,0,,0,0.056319676156119505,0.047178951181207976,5,1,735,0,0,0,0.0,0.25,0.04243609485394909,0.2113640987420865
2.5,self+cam,obstacle,6.122124056026659e-05,0.24118880624065522,1,0,,0,0.0559811899420536,0.04649927018682519,5,1,735,0,0,0,0.0,0.25,0.0421524997659627,0.2113693594153513
2.5500000000000003,self+cam,obstacle,5.848890663882387e-05,0.24052612279934601,1,0,,0,0.06572846051235919,0.046555256024012434,5,1,735,0,0,0,0.0,0.25,0.0421525543632601,0.21137434649475584
2.6,self+cam,obstacle,5.5906025463668246e-05,0.24046225460796908,1,0,,0,0.06546847782112235,0.04660419536827666,5,1,735,0,0,0,0.0,0.25,0.04232556542808704,0.21137907451947002
2.6500000000000004,self+cam,obstacle,5.346244717804314e-05,0.24014609926104666,1,0,,0,0.06319995479238023,0.04627212864143965,5,1,735,0,0,0,0.0,0.25,0.042408157890249605,0.21138355724585967
2.7,self+cam,obstacle,5.114882165681003e-05,0.24014180435917848,1,0,,0,0.06392474966935212,0.046828947340219945,5,1,735,0,0,0,0.0,0.25,0.042487409563025706,0.2113878076845105
2.75,self+cam,obstacle,4.895653281881565e-05,0.2396836112727064,1,0,,0,0.06260637737874568,0.04590963481343176,5,1,735,0,0,0,0.0,0.25,0.04285759977910179,0.2113918381373886
2.8000000000000003,self+cam,obstacle,4.6877639462686394e-05,0.24001744484183962,1,0,,0,0.06897200300083213,0.04669256899568304,5,1,735,0,0,0,0.0,0.25,0.0430454569832123,0.21139566023449807
2.85,self+cam,obstacle,4.490481911119025e-05,0.24016553602933413,1,0,,0,0.07487546197541319,0.04703314807216526,5,1,735,0,0,0,0.0,0.25,0.043115632561421646,0.21139928496929927
2.9000000000000004,self+cam,obstacle,4.303131569144883e-05,0.23976990224848266,1,0,,0,0.0812802875134319,0.046408490979601646,5,1,735,0,0,0,0.0,0.25,0.04335750341545258,0.2114027227331946
2.95,self+cam,obstacle,4.1250891819873856e-05,0.23991124138630776,1,0,,0,0.08611300619165534,0.047074425565345204,5,1,735,0,0,0,0.0,0.25,0.0434094475930015,0.2114059833485914
3.0,self+cam,obstacle,3.955778604487909e-05,0.23987768644083468,1,0,,0,0.09010700797496989,0.04677439635300333,5,1,735,0,0,0,0.0,0.25,0.043567516238046666,0.21140907610089277
3.0500000000000003,self+cam,obstacle,3.794667065577387e-05,0.23950768828257776,1,0,,0,0.09548721699081879,0.046745930311972175,5,1,735,0,0,0,0.0,0.25,0.04361904963189208,0.21141200976820806
3.1,self+cam,obstacle,3.6412616343563795e-05,0.2394988324935129,1,0,,0,0.098493349362593,0.04686310874237913,5,1,735,0,0,0,0.0,0.25,0.04368376372958502,0.2114147926504405
3.1500000000000004,self+cam,obstacle,3.495105715169722e-05,0.23901382764928947,1,0,,0,0.10383500326255023,0.04632558897418029,5,1,735,0,0,0,0.0,0.25,0.04378770047681955,0.21141743259625
3.2,self+cam,obstacle,3.355776108146662e-05,0.23906348810623723,1,0,,0,0.10610301274222299,0.046935920281487964,5,1,736,0,0,0,0.0,0.25,0.043729826002369514,0.2114199370292954
3.25,self+cam,obstacle,3.22288005011762e-05,0.2389565273271101,1,0,,0,0.10789474705458739,0.046510763157400686,5,1,736,0,0,0,0.0,0.25,0.043875991815887,0.21142231297185765
3.3000000000000003,self+cam,obstacle,3.0960527791657874e-05,0.23853713485012185,1,0,,0,0.11249060790673902,0.04655206167469052,5,1,736,0,0,0,0.0,0.25,0.04390430978944963,0.2114245670685645
3.35,self+cam,obstacle,2.9749551562651115e-05,0.23848941592544723,1,0,,0,0.11378009886292005,0.046612462906952215,5,1,736,0,0,0,0.0,0.25,0.04396438926637378,0.21142670560728816
3.4000000000000004,self+cam,obstacle,2.859271543926645e-05,0.2379539408231207,1,0,,0,0.11842620190060114,0.046093808493157376,5,1,736,0,0,0,0.0,0.25,0.0440946230166843,0.21142873453998223
3.45,self+cam,obstacle,2.7487078426256472e-05,0.23799032831245062,1,0,,0,0.11935515937511736,0.046707226712226255,5,1,736,0,0,0,0.0,0.25,0.044077420604906895,0.2114306595014378
3.5,self+cam,obstacle,2.642989812263097e-05,0.23787058138408237,1,0,,0,0.11991349744666495,0.046292050298703744,5,1,736,0,0,0,0.0,0.25,0.04421477623389237,0.21143248582772178
3.5500000000000003,self+cam,obstacle,2.541861433170049e-05,0.2374080880156536,1,0,,0,0.12407977772874089,0.04630357242835935,5,1,736,0,0,0,0.0,0.25,0.044289295607649076,0.21143421857280875
3.6,self+cam,obstacle,2.445083441441913e-05,0.2373637802532619,1,0,,0,0.12436809780789403,0.046440508759705804,5,1,736,0,0,0,0.0,0.25,0.04432738793819993,0.21143586252429014
3.6500000000000004,self+cam,obstacle,2.352432027230761e-05,0.23677251809355235,1,0,,0,0.12865932981776734,0.045821144444870066,5,1,739,0,0,0,0.0,0.25,0.044504688600373814,0.21143742221859274
3.7,self+cam,obstacle,2.2636976432486713e-05,0.2368276909991774,1,0,,0,0.1287834664616827,0.046454595380894276,5,1,739,0,0,0,0.0,0.25,0.044552241830816214,0.21143890195485426
3.75,self+cam,obstacle,2.1786838730565284e-05,0.2367262004275128,1,0,,0,0.12856662275607716,0.046206408858544296,5,1,739,0,0,0,0.0,0.25,0.0446504670007396,0.21144030580807904
3.8000000000000003,self+cam,obstacle,2.09720643215693e-05,0.23619587883842807,1,0,,0,0.1325395197576979,0.046014377394625036,5,1,739,0,0,0,0.0,0.25,0.04479219750902341,0.21144163764155988
3.85,self+cam,obstacle,2.019092300540808e-05,0.23618578371444918,1,0,,0,0.1321967765877447,0.046422076461755835,5,1,739,0,0,0,0.0,0.25,0.04476806367003695,0.2114429011184079
3.9000000000000004,self+cam,obstacle,1.94417882053412e-05,0.23550042497285345,1,0,,0,0.1363625158143872,0.04548067906734997,5,1,739,0,0,0,0.0,0.25,0.045009958190515516,0.2114440997126107
3.95,self+cam,obstacle,1.8723129918031127e-05,0.23560737854836866,1,0,,0,0.13599726901343823,0.04614492738954616,5,1,739,0,0,0,0.0,0.25,0.04514735893183947,0.211445236719214
4.0,self+cam,obstacle,1.8033507537046348e-05,0.23556297612126398,1,0,,0,0.13530031933752967,0.04635059668382564,5,1,739,0,0,0,0.0,0.25,0.045146094663047816,0.21144631526394198
4.05,self+cam,obstacle,1.73715633091618e-05,0.2348969863126471,1,0,,0,0.13928649228441647,0.04561213573436612,5,1,739,0,0,0,0.0,0.25,0.04537928125113313,0.21144733831252738
4.1000000000000005,self+cam,obstacle,1.673601681039417e-05,0.23496921122788622,1,0,,0,0.13859618478760233,0.04626123901145428,5,1,739,0,0,0,0.0,0.25,0.045506133115064004,0.21144830867899367
4.15,self+cam,obstacle,1.6125659222360834e-05,0.2348795279388013,1,0,,0,0.1375661957588949,0.04615575975068305,5,1,739,0,0,0,0.0,0.25,0.04544619658128037,0.2114492290338531
4.2,self+cam,obstacle,1.5539348811149938e-05,0.23426965901246247,1,0,,0,0.14136073557540324,0.04576972797384432,5,1,739,0,0,0,0.0,0.25,0.04565418449451837,0.2114501019117382
4.25,self+cam,obstacle,1.4976006023290447e-05,0.2342883707713087,1,0,,0,0.140340235205903,0.046404317682078755,5,1,739,0,0,0,0.0,0.25,0.04555334738587587,0.21145092971856838
4.3,self+cam,obstacle,1.4434609648865309e-05,0.23412802375341824,1,0,,0,0.13896500974862408,0.04579615156749618,5,1,739,0,0,0,0.0,0.25,0.045444062946571856,0.21145171473805358
4.3500000000000005,self+cam,obstacle,1.3914192515785605e-05,0.23362807964002097,1,0,,0,0.14251815640669613,0.04600900337466424,5,1,739,0,0,0,0.0,0.25,0.0454904637524723,0.21145245913844646
4.4,self+cam,obstacle,1.3413838600637506e-05,0.2335623542673068,1,0,,0,0.14109525455428634,0.04596320590875014,5,1,739,0,0,0,0.0,0.25,0.045221925294093794,0.21145316497833744
4.45,self+cam,obstacle,1.2932679335746701e-05,0.23293364814218437,1,0,,0,0.1448387980110311,0.045540585076478096,5,1,739,0,0,0,0.0,0.25,0.04544865609848996,0.21145383421240826
4.5,self+cam,obstacle,1.2469890633895089e-05,0.23299963468813367,1,0,,0,0.14340052552719218,0.04620223669926379,5,1,739,0,0,0,0.0,0.25,0.04538619294790937,0.21145446869669937
4.55,self+cam,obstacle,1.2024690278774621e-05,0.23286258312689903,1,0,,0,0.1416759146810524,0.04569041221947598,5,1,739,0,0,0,0.0,0.25,0.04528903914909288,0.21145507019376464
4.6000000000000005,self+cam,obstacle,1.1596335151854536e-05,0.23232369400846842,1,0,,0,0.14524597688769386,0.045810022826868996,5,1,739,0,0,0,0.0,0.25,0.04538225192947333,0.21145564037746245
4.65,self+cam,obstacle,1.118411904416364e-05,0.23229755667664198,1,0,,0,0.14347494063255978,0.04591493590966686,5,1,739,0,0,0,0.0,0.25,0.04510301002033627,0.2114561808375227
4.7,self+cam,obstacle,1.0787370330733795e-05,0.2316103304624882,1,0,,0,0.14596023500145527,0.045329850877922684,5,1,739,0,0,0,0.0,0.25,0.04539698085905328,0.2114566930836962
4.75,self+cam,obstacle,1.0405449860480149e-05,0.23172018739664696,1,0,,0,0.1455465893893415,0.046014544443545274,5,1,739,0,0,0,0.0,0.25,0.04542173738996507,0.21145717854992274
4.800000000000001,self+cam,obstacle,1.003774930123169e-05,0.23162479206460843,1,0,,0,0.14355322159547657,0.04576198782487104,5,1,739,0,0,0,0.0,0.25,0.045274260021710436,0.21145763859815914
4.8500000000000005,self+cam,obstacle,9.683689039169744e-06,0.2310215016870265,1,0,,0,0.14612329638062826,0.04559529212355716,5,1,739,0,0,0,0.0,0.25,0.04548116332246818,0.2114580745220599
4.9,self+cam,obstacle,9.342716642565497e-06,0.2310395962994174,1,0,,0,0.14511738137948227,0.046057160690698276,5,1,739,0,0,0,0.0,0.25,0.04509304321457626,0.2114584875503286
4.95,self+cam,obstacle,9.014305615273637e-06,0.23025252777756097,1,0,,0,0.1462225670080879,0.04506833515363695,5,1,739,0,0,0,0.0,0.25,0.04549277758449671,0.21145887885001902
5.0,self+cam,obstacle,8.697953480458084e-06,0.2304141957848771,1,0,,0,0.14626958011542573,0.045779280330545125,5,1,739,0,0,0,0.0,0.25,0.04565154533250545,0.2114592495296902
5.050000000000001,self+cam,obstacle,8.393180863298143e-06,0.23038312160480903,1,0,,0,0.14500386289282424,0.04610594408954248,5,1,739,0,0,0,0.0,0.25,0.0453166391410446,0.21145960064228653
5.1000000000000005,self+cam,obstacle,8.099529912893362e-06,0.22960443816307222,1,0,,0,0.146358682286567,0.04524887052601129,5,1,739,0,0,0,0.0,0.25,0.04569717693333257,0.21145993318795553
5.15,self+cam,obstacle,7.816563464487645e-06,0.22971230403016904,1,0,,0,0.1464008918448068,0.04593871535012212,5,1,739,0,0,0,0.0,0.25,0.045829248294922416,0.2114602481166209
5.2,self+cam,obstacle,7.543863655806634e-06,0.22962388121187716,1,0,,0,0.1444682906680294,0.04604955302446727,5,1,739,0,0,0,0.0,0.25,0.04551760528434498,0.21146054633058442
5.25,self+cam,obstacle,7.2810311101257546e-06,0.2288816867982626,1,0,,0,0.14648091137034752,0.045436246261480656,5,1,739,0,0,0,0.0,0.25,0.045779357197648,0.2114608286868368
5.300000000000001,self+cam,obstacle,7.027683816465358e-06,0.22892198610459363,1,0,,0,0.14583505218489123,0.04610625648634005,5,1,739,0,0,0,0.0,0.25,0.04575237947608912,0.2114610959993689
5.3500000000000005,self+cam,obstacle,6.783456429425742e-06,0.22875754193356443,1,0,,0,0.1434087372002898,0.045856945045941844,5,1,739,0,0,0,0.0,0.25,0.045466051633853824,0.2114613490412377
5.4,self+cam,obstacle,6.547999202540938e-06,0.22809533054581665,1,0,,0,0.1465907265379095,0.045674987736228884,5,1,739,0,0,0,0.0,0.25,0.04548467544022061,0.21146158854669828
5.45,self+cam,obstacle,6.320977370560916e-06,0.22803926600683555,1,0,,0,0.14431004849517803,0.04612916524709143,5,1,739,0,0,0,0.0,0.25,0.04498993137366973,0.21146181521306884
5.5,self+cam,obstacle,6.1020703346327e-06,0.22719883691684234,1,0,,0,0.14665769107148796,0.04514380492805391,5,1,739,0,0,0,0.0,0.25,0.04523951245071119,0.2114620297025679
5.550000000000001,self+cam,obstacle,5.8909709821893915e-06,0.2272809449504053,1,0,,0,0.1456556653552203,0.0458450963401527,5,1,739,0,0,0,0.0,0.25,0.04524445340318611,0.21146223264409858
5.6000000000000005,self+cam,obstacle,5.68738503665071e-06,0.22717081101412775,1,0,,0,0.1431834107845567,0.046142281609828195,5,1,739,0,0,0,0.0,0.25,0.04481438549484854,0.21146242463488651
5.65,self+cam,obstacle,5.491030397242194e-06,0.22634441725031157,1,0,,0,0.14660775887133115,0.045321060812097566,5,1,739,0,0,0,0.0,0.25,0.04504611494742293,0.21146260624199564
5.7,self+cam,obstacle,5.3016365864329665e-06,0.2263668731739337,1,0,,0,0.14432928181653581,0.04600212757246891,5,1,739,0,0,0,0.0,0.25,0.045023988871658975,0.21146277800396585
5.75,self+cam,obstacle,5.1189441983485895e-06,0.22619268316735575,1,0,,0,0.14179644322287643,0.04604272321929061,5,1,739,0,0,0,0.0,0.25,0.044706047445847684,0.21146294043211478
5.800000000000001,self+cam,obstacle,4.942704421002221e-06,0.22541345904786259,1,0,,0,0.14509703090377096,0.04551962135901179,5,1,739,0,0,0,0.0,0.25,0.04489640093296376,0.21146309401184926
5.8500000000000005,self+cam,obstacle,4.772678392407969e-06,0.22535925389076228,1,0,,0,0.14273075329659501,0.046180254803408774,5,1,739,0,0,0,0.0,0.25,0.04481364438457183,0.21146323920414234
5.9,self+cam,obstacle,4.608636988246969e-06,0.2250980624665433,1,0,,0,0.14010227638014172,0.04578829975761453,5,1,739,0,0,0,0.0,0.25,0.04467661536843411,0.211463376446564
5.95,self+cam,obstacle,4.450360162021766e-06,0.2244167763321528,1,0,,0,0.1431896383969266,0.04578934964978104,5,1,739,0,0,0,0.0,0.25,0.04477390372235239,0.21146350615450127
6.0,self+cam,obstacle,4.2976366042261285e-06,0.22425032188203198,1,0,,0,0.14067803704239557,0.046017335213578175,5,1,739,0,0,0,0.0,0.25,0.044469538380887554,0.21146362872230784
6.050000000000001,self+cam,obstacle,4.150263381419752e-06,0.22341781906650587,1,0,,0,0.14405399248223705,0.04531365062870857,5,1,740,0,0,0,0.0,0.25,0.044785193692185345,0.21146374452429895
6.1000000000000005,self+cam,obstacle,4.0080455302659575e-06,0.22337351784411014,1,0,,0,0.1417300704259059,0.04599765558882399,5,1,740,0,0,0,0.0,0.25,0.044842748946932,0.21146385391576417
6.15,self+cam,obstacle,3.870795708246328e-06,0.22312828186558478,1,0,,0,0.13915109066371645,0.0458841584877661,5,1,740,0,0,0,0.0,0.25,0.044684014259895787,0.2114639572339153
6.2,self+cam,obstacle,3.738333891282108e-06,0.22236158127618996,1,0,,0,0.14236429037478082,0.045576714521807254,5,1,740,0,0,0,0.0,0.25,0.044937765834786314,0.21146405479877706
6.25,self+cam,obstacle,3.610486996955322e-06,0.2222216962098227,1,0,,0,0.13993234471643234,0.046184688099458165,5,1,740,0,0,0,0.0,0.25,0.04457327117372167,0.21146414691406956
6.300000000000001,self+cam,obstacle,3.48708862094469e-06,0.22127445912895313,1,0,,0,0.14348373494519817,0.04504996183827381,5,1,740,0,0,0,0.0,0.25,0.045060265071772264,0.2114642338679963
6.3500000000000005,self+cam,obstacle,3.367978740906972e-06,0.22126971009876295,1,0,,0,0.14128508851766813,0.0457606499898901,5,1,740,0,0,0,0.0,0.25,0.04532163431390699,0.21146431593403603
6.4,self+cam,obstacle,3.2530034696918262e-06,0.2210798720774567,1,0,,0,0.13884760494018794,0.04626257455980114,5,1,740,0,0,0,0.0,0.25,0.04501644147679641,0.2114643933716468
6.45,self+cam,obstacle,3.1420147709437304e-06,0.22012887797308064,1,0,,0,0.14235712483571522,0.0452222008050811,5,1,740,0,0,0,0.0,0.25,0.04550637761255741,0.21146446642702632
6.5,self+cam,obstacle,3.0348702118446727e-06,0.2200725951462146,1,0,,0,0.14013883388696186,0.045911733211808456,5,1,740,0,0,0,0.0,0.25,0.04577019025073695,0.21146453533371623
6.550000000000001,self+cam,obstacle,2.9314327532786685e-06,0.21983060467225957,1,0,,0,0.13767960256384237,0.04624720607984632,5,1,740,0,0,0,0.0,0.25,0.045550818175711404,0.21146460031326308
6.6000000000000005,self+cam,obstacle,2.8315704776756935e-06,0.21889990910555757,1,0,,0,0.1411146743283503,0.04538871716292886,5,1,740,0,0,0,0.0,0.25,0.045689548866921885,0.21146466157581612
6.65,self+cam,obstacle,2.7351564322603796e-06,0.2187853615650416,1,0,,0,0.13885286047800632,0.04605936455865782,5,1,740,0,0,0,0.0,0.25,0.04532768705672495,0.21146471932071387
6.7,self+cam,obstacle,2.6420684177774024e-06,0.21848076943039238,1,0,,0,0.13634564831811313,0.046117864209693854,5,1,740,0,0,0,0.0,0.25,0.044802425761678484,0.2114647737370029
6.75,self+cam,obstacle,2.5521887670430186e-06,0.21760541533684924,1,0,,0,0.13964944452220857,0.045586923667973775,5,1,740,0,0,0,0.0,0.25,0.04462870743979805,0.2114648250039447
6.800000000000001,self+cam,obstacle,2.4654041527404033e-06,0.21741483993389407,1,0,,0,0.13730538630619732,0.04623731443343612,5,1,740,0,0,0,0.0,0.25,0.04417547402063363,0.2114648732915575
6.8500000000000005,self+cam,obstacle,2.3816054687223723e-06,0.21702370963478013,1,0,,0,0.13470839031018472,0.04582504931450791,6,1,740,0,0,0,0.0,0.25,0.043814720218885425,0.21146491876102902
6.9,self+cam,obstacle,2.3006876124026543e-06,0.21625723058320795,1,0,,0,0.13778311734818138,0.04586866756966576,5,1,740,0,0,0,0.0,0.25,0.04352762849184464,0.21146496156519723
6.95,self+cam,obstacle,2.2225493448406223e-06,0.21595313686445652,1,0,,0,0.1352959900578184,0.04602365891243382,6,1,740,0,0,0,0.0,0.25,0.04302616229867984,0.21146500184896244
7.0,self+cam,obstacle,2.147093143302139e-06,0.2150598751343834,1,0,,0,0.1386305938263862,0.04542688270594421,5,1,740,0,0,0,0.0,0.25,0.04294701124228396,0.21146503974967235
7.050000000000001,self+cam,obstacle,2.0742250447052805e-06,0.21486776237514024,1,0,,0,0.1363148355803473,0.0460965776291178,6,1,740,0,0,0,0.0,0.25,0.04259782086185816,0.21146507539751125
7.1000000000000005,self+cam,obstacle,2.0038544773660922e-06,0.21447773750384347,1,0,,0,0.1337513582070889,0.04580307943918606,6,1,740,0,0,0,0.0,0.25,0.04225575877936107,0.21146510891588155
7.15,self+cam,obstacle,1.9358941968294867e-06,0.21368144558949206,1,0,,0,0.1368727672933721,0.0457380536905824,6,1,740,0,0,0,0.0,0.25,0.04205852245898178,0.21146514042172793
7.2,self+cam,obstacle,1.8702601146564589e-06,0.21338032378937985,1,0,,0,0.13442942190575058,0.04603937919870785,6,1,740,0,0,0,0.0,0.25,0.04155214934360513,0.21146517002587306
7.25,self+cam,obstacle,1.806871169985207e-06,0.2124501484029325,1,0,,0,0.13782388489150965,0.04529594554564852,6,1,741,0,0,0,0.0,0.25,0.04156073231761985,0.21146519783331097
7.300000000000001,self+cam,obstacle,1.7456492110593914e-06,0.21226408149964174,1,0,,0,0.13556561764988517,0.045979614469153926,6,1,741,0,0,0,0.0,0.25,0.041304922462394804,0.2114652239435414
7.3500000000000005,self+cam,obstacle,1.686518916823476e-06,0.2118868706190479,1,0,,0,0.1330671952286222,0.04590106099677439,6,1,741,0,0,0,0.0,0.25,0.040948301776876174,0.21146524845081116
7.4,self+cam,obstacle,1.62940767160478e-06,0.2110337671784384,1,0,,0,0.13628566735217318,0.04559516256279693,6,1,741,0,0,0,0.0,0.25,0.04088675511222936,0.2114652714443962
7.45,self+cam,obstacle,1.5742454415526556e-06,0.2107546774495058,1,0,,0,0.13392746445499054,0.04618580213829211,6,1,741,0,0,0,0.0,0.25,0.04034154848085895,0.21146529300885308
7.5,self+cam,obstacle,1.520964704306914e-06,0.20975057438107939,1,0,,0,0.13745243311793853,0.04511268058660889,6,1,741,0,0,0,0.0,0.25,0.04051661992621297,0.21146531322427442
7.550000000000001,self+cam,obstacle,1.4695003424192127e-06,0.20959741353153163,1,0,,0,0.13530953911174892,0.04581403269927324,6,1,741,0,0,0,0.0,0.25,0.040450684196398336,0.21146533216650443
7.6000000000000005,self+cam,obstacle,1.4197895582182723e-06,0.20926666949554892,1,0,,0,0.13293991901993718,0.046199488028283414,6,1,741,0,0,0,0.0,0.25,0.039991752349489214,0.21146534990734478
7.65,self+cam,obstacle,1.3717717858756e-06,0.20829410264670864,1,0,,0,0.13637664885131734,0.045340578812640045,6,1,741,0,0,0,0.0,0.25,0.040055771868661924,0.2114653665147873
7.7,self+cam,obstacle,1.3253886041332476e-06,0.20808382673567027,1,0,,0,0.13419550900989685,0.04601525433598344,6,1,741,0,0,0,0.0,0.25,0.03986529680910045,0.21146538205319254
7.75,self+cam,obstacle,1.2805836580584267e-06,0.2076920944566015,1,0,,0,0.13178287740558653,0.04606639902971853,7,1,741,0,0,0,0.0,0.25,0.03949601805869577,0.21146539658347951
7.800000000000001,self+cam,obstacle,1.2373025872885424e-06,0.20679225457312822,1,0,,0,0.1350648378672955,0.04559542493008596,6,1,741,0,0,0,0.0,0.25,0.03951108865070575,0.2114654101633172
7.8500000000000005,self+cam,obstacle,1.1954929403830008e-06,0.20650662790914778,1,0,,0,0.13280016408998624,0.04624330730062766,7,1,741,0,0,0,0.0,0.25,0.03925267174713875,0.21146542284726466
7.9,self+cam,obstacle,1.1551041212725167e-06,0.2060429157245718,1,0,,0,0.13033657861893594,0.0457370054011748,7,1,741,0,0,0,0.0,0.25,0.03911421420791797,0.2114654346869459
7.95,self+cam,obstacle,1.1160873047365478e-06,0.20528513838123222,1,0,,0,0.13338447193889752,0.04593519332218586,7,1,741,0,0,0,0.0,0.25,0.03918869054570558,0.21146544573121961
8.0,self+cam,obstacle,1.078395389893908e-06,0.20517167400232203,1,0,,0,0.13175660716137683,0.04600362530298552,7,1,741,0,0,0,0.0,0.25,0.03888140488002111,0.21146545602629108
8.05,self+cam,obstacle,1.041982907807285e-06,0.20432291344983425,1,0,,0,0.1350273947072293,0.04552269285674734,6,1,741,0,0,0,0.0,0.25,0.039123794786611675,0.2114654656158702
8.1,self+cam,obstacle,1.0068060070446934e-06,0.20433621981344807,1,0,,0,0.13351113796920522,0.046159560974295064,7,1,741,0,0,0,0.0,0.25,0.03909939215130569,0.21146547454128994
8.15,self+cam,obstacle,9.728223519409536e-07,0.20420291650559608,1,0,,0,0.13178200081196823,0.04590997201397888,7,1,741,0,0,0,0.0,0.25,0.038914821106479376,0.2114654828416319
8.200000000000001,self+cam,obstacle,9.399910789079488e-07,0.2034759694276484,1,0,,0,0.134858206535667,0.04580711041590678,7,1,741,0,0,0,0.0,0.25,0.03903915050794628,0.21146549055385677
8.25,self+cam,obstacle,9.082727649704518e-07,0.20344520139624284,1,0,,0,0.1332130783575508,0.04620263229777914,7,1,741,0,0,0,0.0,0.25,0.03866296805930776,0.21146549771290013
8.3,self+cam,obstacle,8.776293454573035e-07,0.20260470257524463,1,0,,0,0.13654452674139594,0.0453675090923996,6,1,744,0,0,0,0.0,0.25,0.038958814926932754,0.21146550435178135
8.35,self+cam,obstacle,8.480240898493665e-07,0.2026963004901335,1,0,,0,0.13504208126642858,0.046021288280034586,7,1,744,0,0,0,0.0,0.25,0.03900656522372465,0.2114655105017066
8.4,self+cam,obstacle,8.194215426817785e-07,0.2026424021365608,1,0,,0,0.1333371661393724,0.04620955824333681,7,1,744,0,0,0,0.0,0.25,0.038696749409800446,0.21146551619216536
8.450000000000001,self+cam,obstacle,7.917874666036659e-07,0.2018801802388719,1,0,,0,0.13653984951646886,0.045608478076956144,6,1,745,0,0,0,0.0,0.25,0.03891605021716345,0.2114655214510187
8.5,self+cam,obstacle,7.6508883007121e-07,0.2019364471320682,1,0,,0,0.13495221656357087,0.046235208884223306,7,1,745,0,0,0,0.0,0.25,0.03887012584247199,0.2114655263045745
8.55,self+cam,obstacle,7.392937278277157e-07,0.20183644853170926,1,0,,0,0.1331537726785061,0.04603740569062548,7,1,745,0,0,0,0.0,0.25,0.03871280757242635,0.21146553077768993
8.6,self+cam,obstacle,7.143713631352427e-07,0.20119678615589526,1,0,,0,0.13614254033346207,0.04590406700849925,7,1,745,0,0,0,0.0,0.25,0.038804906337291334,0.21146553489383735
8.65,self+cam,obstacle,6.902920083920741e-07,0.2011842014636801,1,0,,0,0.13442009070575894,0.046267846855781364,7,1,745,0,0,0,0.0,0.25,0.03849769704267124,0.2114655386751726
8.700000000000001,self+cam,obstacle,6.670269651011534e-07,0.20044945262706182,1,0,,0,0.13762511760492135,0.04550396623095081,6,1,745,0,0,0,0.0,0.25,0.03875863961239999,0.21146554214260893
8.75,self+cam,obstacle,6.445485136853561e-07,0.20054398210640612,1,0,,0,0.1360255843079129,0.04614373136561231,7,1,745,0,0,0,0.0,0.25,0.03875890691317039,0.21146554531588702
8.8,self+cam,obstacle,6.228298900786994e-07,0.200480424042876,1,0,,0,0.1342166525925284,0.04613009440647256,7,1,745,0,0,0,0.0,0.25,0.03859103913072647,0.21146554821363328
8.85,self+cam,obstacle,6.018452590981514e-07,0.1998571910496509,1,0,,0,0.13721590962258673,0.04581419865996583,7,1,745,0,0,0,0.0,0.25,0.038728966238729616,0.21146555085342056
8.9,self+cam,obstacle,5.815696720319363e-07,0.1998803648211868,1,0,,0,0.13548852582624693,0.04637112568004073,7,1,745,0,0,0,0.0,0.25,0.038401546259001065,0.21146555325182403
8.950000000000001,self+cam,obstacle,5.619790375478997e-07,0.19915796541030467,1,0,,0,0.1387066760493959,0.04541227423559084,6,1,745,0,0,0,0.0,0.25,0.03870743038315308,0.21146555542447054
9.0,self+cam,obstacle,5.430500940756787e-07,0.1992882383978972,1,0,,0,0.13710936373065313,0.04606276743568362,7,1,745,0,0,0,0.0,0.25,0.0387605208124013,0.21146555738609696
9.05,self+cam,obstacle,5.247603685804165e-07,0.1992607832728853,1,0,,0,0.1353049514141581,0.04627351816639827,7,1,745,0,0,0,0.0,0.25,0.03855430677683007,0.21146555915059106
9.1,self+cam,obstacle,5.070881721750477e-07,0.19863604458565923,1,0,,0,0.1383351285545532,0.04571782301973401,7,1,745,0,0,0,0.0,0.25,0.03874868807042408,0.21146556073104572
9.15,self+cam,obstacle,4.900125508027103e-07,0.1986983939883214,1,0,,0,0.13662166482953908,0.04633567596471437,7,1,745,0,0,0,0.0,0.25,0.03866202957392693,0.21146556213979417
9.200000000000001,self+cam,obstacle,4.7351327160265935e-07,0.19858709367289312,1,0,,0,0.13468831217077742,0.04593646320748497,7,1,745,0,0,0,0.0,0.25,0.03866478569443298,0.21146556338845113
9.25,self+cam,obstacle,4.5757079360316677e-07,0.1981227520448364,1,0,,0,0.13740567767647477,0.046123925566731075,7,1,745,0,0,0,0.0,0.25,0.03862562024390972,0.21146556448795384
9.3,self+cam,obstacle,4.421662402781481e-07,0.19806453363278578,1,0,,0,0.13550613368865982,0.04603977276201843,7,1,745,0,0,0,0.0,0.25,0.038540091665631875,0.2114655654486023
9.35,self+cam,obstacle,4.27281386378297e-07,0.19755982694113206,1,0,,0,0.1383281513228269,0.04588372322537315,7,1,745,0,0,0,0.0,0.25,0.03858926552636997,0.2114655662800874
9.4,self+cam,obstacle,4.1289862795061385e-07,0.1975664867868876,1,0,,0,0.13648433922196723,0.04621445942706501,7,1,745,0,0,0,0.0,0.25,0.03838104067781797,0.21146556699152963
9.450000000000001,self+cam,obstacle,3.99000957469438e-07,0.19699628153232437,1,0,,0,0.13945633542467734,0.04559230541982186,6,1,745,0,0,0,0.0,0.25,0.03855601150661929,0.2114655675915068
9.5,self+cam,obstacle,3.8557195354948856e-07,0.1970842121647416,1,0,,0,0.13770043431377005,0.046228009215737664,7,1,745,0,0,0,0.0,0.25,0.03843739580080608,0.2114655680880867
9.55,self+cam,obstacle,3.7259575511442186e-07,0.1969919718940552,1,0,,0,0.13572300190766606,0.04588760088015684,7,1,745,0,0,0,0.0,0.25,0.0384443433421785,0.211465568488851
9.600000000000001,self+cam,obstacle,3.6005703463720314e-07,0.19658372831416174,1,0,,0,0.13836283834516028,0.04606816028212578,7,1,745,0,0,0,0.0,0.25,0.03839371437666553,0.21146556880092693
9.65,self+cam,obstacle,3.4794099478987123e-07,0.19653346128459204,1,0,,0,0.13641222714542584,0.04598060777263406,7,1,745,0,0,0,0.0,0.25,0.038342832650598624,0.21146556903100888
9.700000000000001,self+cam,obstacle,3.3623334055820644e-07,0.19609439938586856,1,0,,0,0.13913158216873883,0.04588409954002565,7,1,745,0,0,0,0.0,0.25,0.03837583051927503,0.21146556918538295
9.75,self+cam,obstacle,3.2492025866297476e-07,0.19609587983082144,1,0,,0,0.13722449076896392,0.04612738826187553,7,1,745,0,0,0,0.0,0.25,0.038238031910174955,0.21146556926995108
9.8,self+cam,obstacle,3.139884113113825e-07,0.1956071819661365,1,0,,0,0.1400587009344305,0.04565829788389579,7,1,746,0,0,0,0.0,0.25,0.03838317116089086,0.21146556929025062
9.850000000000001,self+cam,obstacle,3.034249139700847e-07,0.19567621022007023,1,0,,0,0.1382055670357859,0.046298139052695836,7,1,746,0,0,0,0.0,0.25,0.038224368224135184,0.21146556925147852
9.9,self+cam,obstacle,2.932173164359358e-07,0.19554819327190567,1,0,,0,0.13612431128771652,0.045715060907756885,7,1,746,0,0,0,0.0,0.25,0.03836613988611608,0.211465569158502
9.950000000000001,self+cam,obstacle,2.8335359628556284e-07,0.19526365505852758,1,0,,0,0.13860847163008766,0.046260845950071586,7,1,746,0,0,0,0.0,0.25,0.03824343730361625,0.2114655690158881
10.0,self+cam,obstacle,2.738221341663063e-07,0.19515926177170012,1,0,,0,0.13651263005525854,0.04578376078169666,7,1,746,0,0,0,0.0,0.25,0.03835788984209257,0.21146556882791312
10.05,self+cam,obstacle,2.646117117979051e-07,0.19486308236450778,1,0,,0,0.13900751778665205,0.04622098349027823,7,1,746,0,0,0,0.0,0.25,0.0382825900171469,0.21146556859858012
10.100000000000001,self+cam,obstacle,2.557114860779289e-07,0.19477659944826828,1,0,,0,0.13690905070683784,0.04587654266637764,7,1,746,0,0,0,0.0,0.25,0.038360397043586784,0.21146556833163566
10.15,self+cam,obstacle,2.4711098475199597e-07,0.19445670227639897,1,0,,0,0.13942142819485215,0.046173084419724314,7,1,746,0,0,0,0.0,0.25,0.0383453151429798,0.2114655680305858
10.200000000000001,self+cam,obstacle,2.388000899543864e-07,0.19438353180552778,1,0,,0,0.13733547015074604,0.046003230554241506,7,1,746,0,0,0,0.0,0.25,0.03837256426160116,0.21146556769870795
10.25,self+cam,obstacle,2.3076902868150626e-07,0.19402535936027593,1,0,,0,0.13987823434758512,0.04610703856123896,7,1,746,0,0,0,0.0,0.25,0.038431470090609716,0.21146556733906163
10.3,self+cam,obstacle,2.2300835612441022e-07,0.19396207370355745,1,0,,0,0.13782358647078352,0.04617511859894215,7,1,746,0,0,0,0.0,0.25,0.038387177293315186,0.2114655669545059
10.350000000000001,self+cam,obstacle,2.155089490862798e-07,0.19354752526251703,1,0,,0,0.14041905857787917,0.046005468278137784,7,1,746,0,0,0,0.0,0.25,0.038534058516158216,0.21146556654770954
10.4,self+cam,obstacle,2.0826199543460744e-07,0.19349281084885236,1,0,,0,0.1384179764656927,0.04640399992702712,7,1,746,0,0,0,0.0,0.25,0.038386532324323125,0.21146556612115897
10.450000000000001,self+cam,obstacle,2.012589781080627e-07,0.19299902682998277,1,0,,0,0.1411018607218077,0.045841835138695025,7,1,746,0,0,0,0.0,0.25,0.03863606534946217,0.21146556567717323
10.5,self+cam,obstacle,1.944916711304961e-07,0.19295639408127052,1,0,,0,0.13917962775280923,0.0465013278043869,7,1,746,0,0,0,0.0,0.25,0.03859791205885982,0.2114655652179095
10.55,self+cam,obstacle,1.879521246671575e-07,0.1926604233786045,1,0,,0,0.13709040063124145,0.04617732914487313,7,1,746,0,0,0,0.0,0.25,0.03863624752670471,0.2114655647453766
10.600000000000001,self+cam,obstacle,1.816326608040527e-07,0.19225386863685717,1,0,,0,0.13938319447577563,0.046380966469509274,7,1,746,0,0,0,0.0,0.25,0.03862714650029346,0.21146556426144303
10.65,self+cam,obstacle,1.7552585914148597e-07,0.19190831506358538,1,0,,0,0.13730880610565283,0.04625573595078969,7,1,746,0,0,0,0.0,0.25,0.03860826574786593,0.21146556376784142
10.700000000000001,self+cam,obstacle,1.69624551475621e-07,0.19145492290216817,1,0,,0,0.13962909133167783,0.04618239672742758,7,1,746,0,0,0,0.0,0.25,0.03863294382081742,0.21146556326618005
10.75,self+cam,obstacle,1.6392181116229668e-07,0.19107365913620358,1,0,,0,0.13756149638086734,0.04634132027125944,7,1,746,0,0,0,0.0,0.25,0.03849776927821779,0.21146556275795259
10.8,self+cam,obstacle,1.5841094526808377e-07,0.19056583782422284,1,0,,0,0.1399484666892742,0.04589224790039609,7,1,746,0,0,0,0.0,0.25,0.03847571715686627,0.21146556224453816
10.850000000000001,self+cam,obstacle,1.53085489472414e-07,0.19018159201688448,1,0,,0,0.1378848136547886,0.046354490036220816,7,1,746,0,0,0,0.0,0.25,0.038126966167893524,0.21146556172721442
10.9,self+cam,obstacle,1.4793919610701526e-07,0.1895473138718313,1,0,,0,0.13558124365813828,0.045689064191795956,7,1,746,0,0,0,0.0,0.25,0.038230070999164714,0.21146556120716264
10.950000000000001,self+cam,obstacle,1.429660283718095e-07,0.1891962149313528,1,0,,0,0.1375842409443469,0.04612023623456277,7,1,746,0,0,0,0.0,0.25,0.03792086188238603,0.21146556068546907
11.0,self+cam,obstacle,1.3816015478541426e-07,0.18856118937838598,1,0,,0,0.1351466747547695,0.04555595976329016,7,1,746,0,0,0,0.0,0.25,0.03801387936569536,0.211465560163138
11.05,self+cam,obstacle,1.3351594092366085e-07,0.18819803210600577,1,0,,0,0.1372457234669457,0.045877454617595154,7,1,746,0,0,0,0.0,0.25,0.03780436622708469,0.21146555964109026
11.100000000000001,self+cam,obstacle,1.2902794059631954e-07,0.1876273659665072,1,0,,0,0.1345693921471559,0.045459070507183716,7,1,746,0,0,0,0.0,0.25,0.03788338501234361,0.2114655591201725
11.15,self+cam,obstacle,1.2469089278603294e-07,0.18724769077939454,1,0,,0,0.1367544725114403,0.04608111855705935,7,1,746,0,0,0,0.0,0.25,0.03767095813911624,0.21146555860116034
11.200000000000001,self+cam,obstacle,1.2049971510141134e-07,0.18667325598588583,1,0,,0,0.13384256328614585,0.045661264529794104,7,1,746,0,0,0,0.0,0.25,0.03764116546861982,0.21146555808476364
11.25,self+cam,obstacle,1.1644949482511971e-07,0.18619936183317137,1,0,,0,0.1362627203093444,0.045776831559907694,7,1,746,0,0,0,0.0,0.25,0.037553492774395104,0.21146555757162944
11.3,self+cam,obstacle,1.1253548641729586e-07,0.18573143104084774,1,0,,0,0.1332123939001033,0.04627290463492542,7,1,746,0,0,0,0.0,0.25,0.03733634014201069,0.21146555706234638
11.350000000000001,self+cam,obstacle,1.0875310423425191e-07,0.18510526385888634,1,0,,0,0.13591414647095246,0.04535376656632145,7,1,746,0,0,0,0.0,0.25,0.03725883392651951,0.21146555655744959
11.4,self+cam,obstacle,1.0509791618233576e-07,0.1847182853081949,1,0,,0,0.13290771983505167,0.046033276857851,7,1,746,0,0,0,0.0,0.25,0.037124199393282015,0.21146555605742268
11.450000000000001,self+cam,obstacle,1.0156564115129655e-07,0.1841358147298923,1,0,,0,0.13568151159749714,0.04583488489240968,7,1,747,0,0,0,0.0,0.25,0.036999691189447945,0.21146555556270197
11.5,self+cam,obstacle,9.815214160900487e-08,0.18367509633062487,1,0,,0,0.132855202848763,0.045403087352845414,7,1,747,0,0,0,0.0,0.25,0.0369500746360312,0.2114655550736796
11.55,self+cam,obstacle,9.485342023650206e-08,0.1831781392444277,1,0,,0,0.1356123703441936,0.04560669668851275,7,1,747,0,0,0,0.0,0.25,0.03694149513887344,0.21146555459070526
11.600000000000001,self+cam,obstacle,9.166561414109546e-08,0.1827058951824804,1,0,,0,0.13308060631590923,0.04591947836808709,7,1,747,0,0,0,0.0,0.25,0.036619976000429384,0.21146555411409207
11.65,self+cam,obstacle,8.858498956702207e-08,0.18190359304817302,1,0,,0,0.13069566412491562,0.045170855188649287,7,1,747,0,0,0,0.0,0.25,0.0368833827220389,0.21146555364411557
11.700000000000001,self+cam,obstacle,8.560794053764213e-08,0.18166696507907756,1,0,,0,0.13283540706261854,0.04590537721947284,7,1,747,0,0,0,0.0,0.25,0.036761436514607386,0.21146555318101756
11.75,self+cam,obstacle,8.273098201121208e-08,0.1811886592170587,1,0,,0,0.13555012857046522,0.04536594933086796,7,1,747,0,0,0,0.0,0.25,0.03672807310957199,0.21146555272501055
11.8,self+cam,obstacle,7.99507457034828e-08,0.18084072887288044,1,0,,0,0.13275928347666832,0.045347797606470286,7,1,747,0,0,0,0.0,0.25,0.036654647712059917,0.21146555227627528
11.850000000000001,self+cam,obstacle,7.7263977146332e-08,0.1804023161138658,1,0,,0,0.13553096970255857,0.04516379532920163,7,1,747,0,0,0,0.0,0.25,0.036724677067670464,0.21146555183496762
11.9,self+cam,obstacle,7.466753213508757e-08,0.1800350152934266,1,0,,0,0.13301745587258262,0.0457713715711357,7,1,747,0,0,0,0.0,0.25,0.03654710861121966,0.21146555140121792
11.950000000000001,self+cam,obstacle,7.215837183789134e-08,0.17954436435774204,1,0,,0,0.1358761469829095,0.04489322014797667,7,1,747,0,0,0,0.0,0.25,0.03670751790263595,0.21146555097513253
12.0,self+cam,obstacle,6.97335601229938e-08,0.17925711218626225,1,0,,0,0.13339527034899262,0.045675244164741294,7,1,747,0,0,0,0.0,0.25,0.03648378997254796,0.2114655505567985
12.05,self+cam,obstacle,6.739025912777731e-08,0.17858399394449562,1,0,,0,0.13108456933910867,0.04527748659460053,7,1,747,0,0,0,0.0,0.25,0.03670771076052548,0.2114655501462791
12.100000000000001,self+cam,obstacle,6.512572729468468e-08,0.1783962028552092,1,0,,0,0.13325400497518503,0.045330195506413665,7,1,747,0,0,0,0.0,0.25,0.036431801238497846,0.21146554974362275
12.15,self+cam,obstacle,6.29373152045121e-08,0.17783403371409592,1,0,,0,0.13061768855502193,0.045045377126120084,7,1,747,0,0,0,0.0,0.25,0.03673982054654569,0.2114655493488603
12.200000000000001,self+cam,obstacle,6.08224623269349e-08,0.17772115851884351,1,0,,0,0.13264192647238432,0.045370911320813515,7,1,747,0,0,0,0.0,0.25,0.036699305354045864,0.21146554896200598
12.25,self+cam,obstacle,5.877869523091429e-08,0.17738767869790717,1,0,,0,0.13528535569002964,0.04499303488921333,7,1,747,0,0,0,0.0,0.25,0.03671579979949751,0.21146554858306
12.3,self+cam,obstacle,5.6803622628009704e-08,0.17714544735959675,1,0,,0,0.13253216253196615,0.04532962062884913,7,1,747,0,0,0,0.0,0.25,0.03666041178140204,0.2114655482120099
12.350000000000001,self+cam,obstacle,5.489493460007953e-08,0.17679602910869752,1,0,,0,0.13524069975859243,0.04523282312303385,7,1,747,0,0,0,0.0,0.25,0.03672349026706326,0.21146554784882998
12.4,self+cam,obstacle,5.3050398420893977e-08,0.176502227180307,1,0,,0,0.13277976121731128,0.04534225039555494,7,1,747,0,0,0,0.0,0.25,0.03662098744718074,0.21146554749348423
12.450000000000001,self+cam,obstacle,5.1267857053178036e-08,0.17613768604392516,1,0,,0,0.1355629532296393,0.04502877878341653,7,1,747,0,0,0,0.0,0.25,0.03676184299077429,0.2114655471459267
12.5,self+cam,obstacle,4.954522525818565e-08,0.17591100835001208,1,0,,0,0.133131951417446,0.04542016135892042,7,1,747,0,0,0,0.0,0.25,0.03658281145816037,0.21146554680610208
12.55,self+cam,obstacle,4.7880489284313494e-08,0.17551179580434925,1,0,,0,0.1360243384933652,0.04440743660633932,7,1,747,0,0,0,0.0,0.25,0.0368535614271763,0.211465546473946
12.600000000000001,self+cam,obstacle,4.627170197775742e-08,0.17538727201413676,1,0,,0,0.13358988104135788,0.04524840621555461,7,1,747,0,0,0,0.0,0.25,0.036739244840654973,0.21146554614938762
12.65,self+cam,obstacle,4.471698203260477e-08,0.17486241352624307,1,0,,0,0.13135628473094446,0.0451538925823715,7,1,747,0,0,0,0.0,0.25,0.036919680678546604,0.21146554583234833
12.700000000000001,self+cam,obstacle,4.3214511836313606e-08,0.17472364795089138,1,0,,0,0.1336239465397926,0.04529626617764952,7,1,747,0,0,0,0.0,0.25,0.0367511495082877,0.211465545522744
12.75,self+cam,obstacle,4.176253481631083e-08,0.17429812165559705,1,0,,0,0.131055618868751,0.044985842585172964,7,1,747,0,0,0,0.0,0.25,0.03699618865913399,0.2114655452204851
12.8,self+cam,obstacle,4.035935298261465e-08,0.17421005607438797,1,0,,0,0.13323024492043517,0.04533617125379992,7,1,747,0,0,0,0.0,0.25,0.03684708581665871,0.21146554492547576
12.850000000000001,self+cam,obstacle,3.900332624782437e-08,0.1738808736081916,1,0,,0,0.13604840766929144,0.04442073200672575,7,1,747,0,0,0,0.0,0.25,0.037040555294801124,0.2114655446376178
12.9,self+cam,obstacle,3.7692868961330504e-08,0.17387811459999833,1,0,,0,0.1333321981246084,0.045265954728594474,7,1,747,0,0,0,0.0,0.25,0.036872513654919836,0.21146554435680753
12.950000000000001,self+cam,obstacle,3.642644966916482e-08,0.17335894333898785,1,0,,0,0.13109267890055148,0.04500299410255211,7,1,747,0,0,0,0.0,0.25,0.03709808140194003,0.21146554408293905
13.0,self+cam,obstacle,3.52025874428711e-08,0.17327884854065506,1,0,,0,0.1332897974962342,0.04536196118742035,7,1,747,0,0,0,0.0,0.25,0.03683379188400215,0.21146554381590266
13.05,self+cam,obstacle,3.401985188342709e-08,0.1728515687651027,1,0,,0,0.1307051716011982,0.044809627997860174,7,1,747,0,0,0,0.0,0.25,0.03714027903027252,0.2114655435555869
13.100000000000001,self+cam,obstacle,3.28768604517478e-08,0.17283155656692192,1,0,,0,0.1327809579368573,0.0455332224253719,7,1,747,0,0,0,0.0,0.25,0.03677105915939201,0.2114655433018776
13.15,self+cam,obstacle,3.177227732391396e-08,0.17234261000556936,1,0,,0,0.1301626641962455,0.04455824495326301,7,1,747,0,0,0,0.0,0.25,0.037183760718621874,0.2114655430546596
13.200000000000001,self+cam,obstacle,3.070481141529892e-08,0.1724008500863255,1,0,,0,0.13206666431113695,0.045364325303616365,7,1,747,0,0,0,0.0,0.25,0.03724144236695321,0.2114655428138158
13.25,self+cam,obstacle,2.9673214990748818e-08,0.17223214626194883,1,0,,0,0.13449092099801685,0.045365467609171484,7,1,747,0,0,0,0.0,0.25,0.0371599590418006,0.21146554257922745
13.3,self+cam,obstacle,2.8676282435068824e-08,0.1720518247983258,1,0,,0,0.13175398570883984,0.04481932212898433,7,1,747,0,0,0,0.0,0.25,0.03726321062951678,0.21146554235077664
13.350000000000001,self+cam,obstacle,2.7712848472862118e-08,0.17190280269256106,1,0,,0,0.13424926278938853,0.04533200075253202,7,1,747,0,0,0,0.0,0.25,0.0371986702122709,0.211465542128343
13.4,self+cam,obstacle,2.678178727517732e-08,0.17164221714950278,1,0,,0,0.13174840887067757,0.045210622708643095,7,1,747,0,0,0,0.0,0.25,0.03728211421222592,0.21146554191180755
13.450000000000001,self+cam,obstacle,2.588201097666946e-08,0.17149022655128685,1,0,,0,0.13417828607215138,0.04492877679135113,7,1,747,0,0,0,0.0,0.25,0.03724057160118561,0.21146554170105014
13.5,self+cam,obstacle,2.5012467847909503e-08,0.17124906636917608,1,0,,0,0.13163961509851158,0.045150183051478346,7,1,747,0,0,0,0.0,0.25,0.03734590845043403,0.2114655414959511
13.55,self+cam,obstacle,2.417214195720287e-08,0.17112134348652297,1,0,,0,0.13403617574708604,0.04533717270289457,7,1,747,0,0,0,0.0,0.25,0.03725730568282792,0.21146554129639095
13.600000000000001,self+cam,obstacle,2.3360051249958816e-08,0.1708597725798571,1,0,,0,0.1315388370276197,0.04463743117521056,7,1,747,0,0,0,0.0,0.25,0.03741014724260779,0.2114655411022509
13.65,self+cam,obstacle,2.2575246872956673e-08,0.17077284393340442,1,0,,0,0.13396476708216604,0.04535258736399532,7,1,747,0,0,0,0.0,0.25,0.03731147806732071,0.21146554091341352
13.700000000000001,self+cam,obstacle,2.1816811816054003e-08,0.17051646896750225,1,0,,0,0.131457626498516,0.04502255413139743,7,1,747,0,0,0,0.0,0.25,0.037455978171836005,0.2114655407297602
13.75,self+cam,obstacle,2.108385961476559e-08,0.1704318809128035,1,0,,0,0.13379724062752918,0.04500876043699356,7,1,747,0,0,0,0.0,0.25,0.037312441988641164,0.21146554055117506
13.8,self+cam,obstacle,2.037553418668168e-08,0.17017644267037585,1,0,,0,0.13124458999744193,0.04493463417997694,7,1,747,0,0,0,0.0,0.25,0.03750919890565911,0.2114655403775424
13.850000000000001,self+cam,obstacle,1.969100807384441e-08,0.17012674398084074,1,0,,0,0.13351869887454487,0.045114464186113395,7,1,747,0,0,0,0.0,0.25,0.0372861338591142,0.2114655402087483
13.9,self+cam,obstacle,1.9029480865998e-08,0.16984194980423722,1,0,,0,0.1309520302123771,0.044381151207806016,7,1,747,0,0,0,0.0,0.25,0.037569884582203186,0.21146554004467977
13.950000000000001,self+cam,obstacle,1.839018016831977e-08,0.16985437533171724,1,0,,0,0.13319492473043593,0.045234856981663754,7,1,747,0,0,0,0.0,0.25,0.03740957368043634,0.2114655398852242
14.0,self+cam,obstacle,1.777235895316874e-08,0.16960147148112042,1,0,,0,0.13602195775551706,0.044659292004847806,7,1,747,0,0,0,0.0,0.25,0.037582904970835454,0.21146553973027238
14.05,self+cam,obstacle,1.7175295259071523e-08,0.16968669291902164,1,0,,0,0.13346523879780414,0.04540556020781919,7,1,747,0,0,0,0.0,0.25,0.037310092200746096,0.21146553957971503
14.100000000000001,self+cam,obstacle,1.6598291775814243e-08,0.16935481967389776,1,0,,0,0.13646188154976013,0.0444046700057593,7,1,747,0,0,0,0.0,0.25,0.03760944307322823,0.21146553943344448
14.15,self+cam,obstacle,1.6040674407484056e-08,0.16950562177244152,1,0,,0,0.13402055587427492,0.04523332571136113,7,1,747,0,0,0,0.0,0.25,0.03760374726631698,0.21146553929135592
14.200000000000001,self+cam,obstacle,1.550179154811215e-08,0.16919217850844467,1,0,,0,0.13197779410186883,0.04492016021069442,7,1,747,0,0,0,0.0,0.25,0.03763370974606956,0.21146553915334498
14.25,self+cam,obstacle,1.498101388738675e-08,0.16906467399529754,1,0,,0,0.13456468894298357,0.045139082131487956,7,1,747,0,0,0,0.0,0.25,0.037619585610755395,0.2114655390193091
14.3,self+cam,obstacle,1.4477732908059858e-08,0.16895353587148657,1,0,,0,0.13214025959987397,0.04538392387022969,7,1,747,0,0,0,0.0,0.25,0.03759435154971116,0.21146553888914765
14.350000000000001,self+cam,obstacle,1.3991360517366177e-08,0.16879563930540029,1,0,,0,0.13471494855197008,0.04465782862882127,7,1,747,0,0,0,0.0,0.25,0.03764830696289377,0.21146553876276164
14.4,self+cam,obstacle,1.3521328726386457e-08,0.16872835744421283,1,0,,0,0.13226455718292895,0.045426845439695926,7,1,747,0,0,0,0.0,0.25,0.037594060444437145,0.21146553864005446
14.450000000000001,self+cam,obstacle,1.3067088524545636e-08,0.1685571473828015,1,0,,0,0.1348794414187554,0.04495889224051425,7,1,747,0,0,0,0.0,0.25,0.037655370233485884,0.21146553852093064
14.5,self+cam,obstacle,1.262810932830735e-08,0.16850484273514485,1,0,,0,0.1324884414347156,0.04506305262824381,7,1,747,0,0,0,0.0,0.25,0.03757122724984508,0.21146553840529647
14.55,self+cam,obstacle,1.2203878224532634e-08,0.1683197130729123,1,0,,0,0.1352375444043712,0.04481081175804984,7,1,747,0,0,0,0.0,0.25,0.037702694481720415,0.2114655382930598
14.600000000000001,self+cam,obstacle,1.1793899779925227e-08,0.16832587962366524,1,0,,0,0.13286590977177792,0.04521660994183391,7,1,747,0,0,0,0.0,0.25,0.03752559884498356,0.21146553818413116
14.65,self+cam,obstacle,1.1397694821006367e-08,0.1680876186723048,1,0,,0,0.13573567363507422,0.044226552486038295,7,1,747,0,0,0,0.0,0.25,0.037785732451374815,0.21146553807842283
14.700000000000001,self+cam,obstacle,1.1014800863601524e-08,0.1681842282132011,1,0,,0,0.13336204376070626,0.04508807542037714,7,1,747,0,0,0,0.0,0.25,0.037674722947821135,0.211465537975848
14.75,self+cam,obstacle,1.0644770592401238e-08,0.1678439478657116,1,0,,0,0.13125225826521508,0.045055768639548785,7,1,747,0,0,0,0.0,0.25,0.037828335000153784,0.21146553787632227
14.8,self+cam,obstacle,1.0287171789852363e-08,0.16783598055322368,1,0,,0,0.13354650812350177,0.045138690595131564,7,1,747,0,0,0,0.0,0.25,0.037647655879976503,0.21146553777976307
14.850000000000001,self+cam,obstacle,9.941586661736214e-09,0.16764043132881132,1,0,,0,0.13104904307706128,0.044948643392512325,7,1,747,0,0,0,0.0,0.25,0.03784711628508627,0.21146553768608956
14.9,self+cam,obstacle,9.607611721782876e-09,0.16766220453097613,1,0,,0,0.13327929362264196,0.045233677242423415,7,1,747,0,0,0,0.0,0.25,0.037603001691250026,0.21146553759522202
14.950000000000001,self+cam,obstacle,9.284856637807374e-09,0.1674326126300338,1,0,,0,0.13075817565316378,0.04437539147633228,7,1,747,0,0,0,0.0,0.25,0.03789744996935196,0.21146553750708452
15.0,self+cam,obstacle,8.97294475234176e-09,0.16751302609812038,1,0,,0,0.13295437120977566,0.045228920562317726,7,1,747,0,0,0,0.0,0.25,0.03775478678684498,0.21146553742159957
0.05,full,obstacle,9.87693132314243e-06,0.3033090255201761,1,0,free,0,0.05676101943747254,0.09233651758492056,6,1,709,0,0,0,0.0,0.25,0.08430815406658161,0.21129248126365663
0.1,full,obstacle,0.00013839137335756467,0.2970011683870943,1,0,free,0,0.06182729235999242,0.08697255608532936,5,1,709,0,0,0,0.0,0.25,0.07867969447611241,0.21115276817658046
0.15000000000000002,full,obstacle,0.00024314055891336422,0.29145745479152924,1,0,free,0,0.06663865856144606,0.08244860168557508,5,1,709,0,0,0,0.0,0.25,0.07408896296198926,0.21104509423703044
0.2,full,obstacle,0.00032161539704834595,0.2864828956940811,1,0,free,0,0.07119161729994224,0.07795892025394441,5,1,718,0,0,0,0.0,0.25,0.06996602433591399,0.2109640512125458
0.25,full,obstacle,0.00037856679211777246,0.2824144727249082,1,0,free,0,0.07548824077685222,0.07452085148204518,5,1,718,0,0,0,0.0,0.25,0.0663229042608718,0.21090497497010896
0.30000000000000004,full,obstacle,0.0004180599390674132,0.2786387982689232,1,0,free,0,0.07181367852619898,0.07139075881463039,5,1,718,0,0,0,0.0,0.25,0.06333058011641997,0.2108638812227105
0.35000000000000003,full,obstacle,0.00044351544748553676,0.2754289654099449,1,0,free,0,0.06484735420572942,0.06870860301136328,5,1,720,0,0,0,0.0,0.25,0.06062219652921114,0.21083739414202018
0.4,full,obstacle,0.0004577892460956979,0.2724111263607352,1,0,free,0,0.05903911235830221,0.06623819704992798,5,1,720,0,0,0,0.0,0.25,0.05943324749536478,0.2108226737155564
0.45,full,obstacle,0.00046325106216799414,0.2699149060746772,1,0,free,0,0.07940913588731775,0.06361533966496952,5,1,720,0,0,0,0.0,0.25,0.05770257992348433,0.21081734573639344
0.5,full,obstacle,0.00046185604248487376,0.2677203183625946,1,0,free,0,0.07116732470363733,0.06193746089431197,5,1,722,0,0,0,0.0,0.25,0.056095342547586365,0.21081943672529213
0.55,full,obstacle,0.000455208369466115,0.26566714950172804,1,0,free,0,0.06430311880705226,0.06043721029510156,5,1,722,0,0,0,0.0,0.25,0.054750547319275596,0.2108273150113925
0.6000000000000001,full,obstacle,0.00044461687160932606,0.2639711343502218,1,0,free,0,0.058587699510766325,0.05919185976219629,5,1,722,0,0,0,0.0,0.25,0.05361229076901781,0.21083963839807318
0.65,full,obstacle,0.0004311430983890937,0.2622734197458682,1,0,free,0,0.05382289575475403,0.05786694687869834,5,1,725,0,0,0,0.0,0.25,0.05364784039004717,0.21085530837973743
0.7000000000000001,full,obstacle,0.00041564250827022645,0.2607859911800588,1,0,free,0,0.07421065598517494,0.05618998340053477,5,1,725,0,0,0,0.0,0.25,0.05312455671413769,0.21087343052777296
0.75,full,obstacle,0.00039879953155916466,0.25961430658419915,1,0,free,0,0.06683703780357651,0.055465622737485024,5,1,725,0,0,0,0.0,0.25,0.0525038040345261,0.2108932805529521
0.8,full,obstacle,0.00038115723911958814,0.2584380625875522,1,0,free,0,0.06069533821339006,0.05480663617938235,5,1,726,0,0,0,0.0,0.25,0.051969806284795146,0.21091427542773677
0.8500000000000001,full,obstacle,0.0003631423387157696,0.25751742975893444,1,0,free,0,0.05558111998025271,0.05422697346444276,5,1,726,0,0,0,0.0,0.25,0.051581809029844834,0.21093594897595647
0.9,full,obstacle,0.0003450861465562114,0.2564970618765324,1,0,free,0,0.05131746651144879,0.05324217428710348,5,1,726,0,0,0,0.0,0.25,0.0516899236746599,0.2109579313382225
0.9500000000000001,full,obstacle,0.0003272421132398984,0.25545615032339486,1,0,free,0,0.07047264600921192,0.05229376053490305,5,1,733,0,0,0,0.0,0.25,0.05110877944490252,0.2109799317698876
1.0,full,obstacle,0.00030980043338262156,0.25481372181373463,1,0,free,0,0.06372326118746093,0.05206708683681058,5,1,733,0,0,0,0.0,0.25,0.05038781948335347,0.21100172428844421
1.05,full,obstacle,0.00029290017569431095,0.25408342281825413,1,0,free,0,0.058101064832264085,0.05138037792959106,5,1,733,0,0,0,0.0,0.25,0.049792927411781734,0.21102313573281506
1.1,full,obstacle,0.00027663932859202584,0.2530736437696271,1,0,free,0,0.07492137910600875,0.0526171847525866,5,1,733,0,0,0,0.0,0.25,0.049113412543638824,0.21104403586273845
1.1500000000000001,full,obstacle,0.000261083100132007,0.25233720791109976,1,0,free,0,0.06742840934934506,0.05176176342412532,5,1,733,0,0,0,0.0,0.25,0.04805490774637234,0.2110643291645592
1.2000000000000002,full,obstacle,0.00024627074575420333,0.25091519990799593,1,0,free,0,0.08475581306563255,0.0505373003973848,5,1,733,0,0,0,0.0,0.25,0.047791525549385094,0.21108394809453956
1.25,full,obstacle,0.0002322211700780888,0.250555590154065,1,0,free,0,0.07863140744881346,0.05187950634090957,5,1,733,0,0,0,0.0,0.25,0.047312145351253145,0.21110284751210628
1.3,full,obstacle,0.0002189375150552264,0.2499955266670706,1,0,free,0,0.07305162656557389,0.05167549910683655,5,1,733,0,0,0,0.0,0.25,0.04662243752664039,0.21112158724014074
1.35,full,obstacle,0.00020597785017890762,0.24929010737709395,1,0,free,0,0.06593003274152322,0.05078336207094683,5,1,733,0,0,0,0.0,0.25,0.046345697035258863,0.21113890735920815
1.4000000000000001,full,obstacle,0.0001942832985960849,0.24886118407363939,1,0,free,0,0.06448173668491065,0.050694271140743,5,1,733,0,0,0,0.0,0.25,0.04600695531476789,0.21115547505550525
1.4500000000000002,full,obstacle,0.00018328863175167106,0.24839882727201054,1,0,free,0,0.06190946662654424,0.05062342153703725,5,1,733,0,0,0,0.0,0.25,0.045569907334560275,0.21117129532599488
1.5,full,obstacle,0.00017296695270832278,0.24787844705409515,1,0,free,0,0.05821383861120248,0.05003813604823201,5,1,733,0,0,0,0.0,0.25,0.04473685593347865,0.21118637989288203
1.55,full,obstacle,0.00016328803709823202,0.24666190540422014,1,0,free,0,0.07422401999466581,0.049065684723658506,5,1,734,0,0,0,0.0,0.25,0.04467075798962632,0.21120074553768886
1.6,full,obstacle,0.00015421960860859032,0.24647489278765716,1,0,free,0,0.0714090942965573,0.049209929115912335,5,1,734,0,0,0,0.0,0.25,0.04449395550107807,0.21121441275684594
1.6500000000000001,full,obstacle,0.00014572834240406094,0.24620851921399817,1,0,free,0,0.0677484072070942,0.04928664336374708,5,1,734,0,0,0,0.0,0.25,0.044176288321552584,0.21122740468331058
1.7000000000000002,full,obstacle,0.00013778064065569456,0.2457230270403688,1,0,free,0,0.061864956115961864,0.048385008362077556,5,1,734,0,0,0,0.0,0.25,0.04415529379978438,0.21123974622457176
1.75,full,obstacle,0.00013034322743559745,0.2455525515607649,1,0,free,0,0.061165840854641815,0.04862644855727309,5,1,734,0,0,0,0.0,0.25,0.04399495714457377,0.2112514633771133
1.8,full,obstacle,0.0001233835951010616,0.24528478860531805,1,0,free,0,0.0592768175180242,0.0488401813620348,5,1,734,0,0,0,0.0,0.25,0.04365035412047218,0.21126258268575515
1.85,full,obstacle,0.0001168703277403445,0.24489224658722902,1,0,free,0,0.0562100431374644,0.04838371393170976,5,1,734,0,0,0,0.0,0.25,0.04317537423749012,0.21127313082372534
1.9000000000000001,full,obstacle,0.0001107733308978097,0.2440103436398685,1,0,free,0,0.06889359726149365,0.04778020399937338,5,1,734,0,0,0,0.0,0.25,0.04311875469814524,0.2112831342652267
1.9500000000000002,full,obstacle,0.00010506398270314715,0.24387093444159283,1,0,free,0,0.0662510986429027,0.04810798681139378,5,1,734,0,0,0,0.0,0.25,0.0428484972871974,0.2112926190390333
2.0,full,obstacle,9.971522067380154e-05,0.24357942614070333,1,0,free,0,0.06262176192506837,0.04753748013091938,5,1,734,0,0,0,0.0,0.25,0.042471612510797896,0.21130161054275975
2.0500000000000003,full,obstacle,9.470158727901074e-05,0.24280459723354925,1,0,free,0,0.07343609517742324,0.04719952288370105,5,1,734,0,0,0,0.0,0.25,0.042458084611236964,0.21131013340761473
2.1,full,obstacle,8.999923152853617e-05,0.2427330082856577,1,0,free,0,0.07046043591128563,0.04753085439154678,5,1,734,0,0,0,0.0,0.25,0.042505710150368366,0.21131821140536544
2.15,full,obstacle,8.558588724970879e-05,0.24246616542698984,1,0,free,0,0.06518450551009845,0.046853774898404296,5,1,735,0,0,0,0.0,0.25,0.04258631050699976,0.21132586738566828
2.2,full,obstacle,8.144082953721601e-05,0.2424385284490173,1,0,free,0,0.06428123119316027,0.047311878401192525,5,1,735,0,0,0,0.0,0.25,0.04244543208442239,0.2113331232389507
2.25,full,obstacle,7.754481288176335e-05,0.24224917534336013,1,0,free,0,0.06237065675412436,0.04705801432888812,5,1,735,0,0,0,0.0,0.25,0.042615495063224915,0.21133999988096275
2.3000000000000003,full,obstacle,7.388000447972481e-05,0.24201021101411038,1,0,free,0,0.05850664269774149,0.047012021935721376,5,1,735,0,0,0,0.0,0.25,0.0425428186487527,0.21134651725030762
2.35,full,obstacle,7.042990573838375e-05,0.24186562165959927,1,0,free,0,0.05808340468574762,0.04709675709926685,5,1,735,0,0,0,0.0,0.25,0.04265258702172655,0.2113526943199252
2.4000000000000004,full,obstacle,6.717927491006157e-05,0.24152209250594656,1,0,free,0,0.05559557170397976,0.04666527594974394,5,1,735,0,0,0,0.0,0.25,0.04266627100320737,0.2113585491154285
2.45,full,obstacle,6.411404423375975e-05,0.24144515459658047,1,0,free,0,0.056319676156119505,0.047178951181207976,5,1,735,0,0,0,0.0,0.25,0.04243609485394909,0.2113640987420865
2.5,full,obstacle,6.122124056026659e-05,0.24118880624065522,1,0,free,0,0.0559811899420536,0.04649927018682519,5,1,735,0,0,0,0.0,0.25,0.0421524997659627,0.2113693594153513
2.5500000000000003,full,obstacle,5.848890663882387e-05,0.24052612279934601,1,0,free,0,0.06572846051235919,0.046555256024012434,5,1,735,0,0,0,0.0,0.25,0.0421525543632601,0.21137434649475584
2.6,full,obstacle,5.5906025463668246e-05,0.24046225460796908,1,0,free,0,0.06546847782112235,0.04660419536827666,5,1,735,0,0,0,0.0,0.25,0.04232556542808704,0.21137907451947002
2.6500000000000004,full,obstacle,5.346244717804314e-05,0.24014609926104666,1,0,free,0,0.06319995479238023,0.04627212864143965,5,1,735,0,0,0,0.0,0.25,0.042408157890249605,0.21138355724585967
2.7,full,obstacle,5.114882165681003e-05,0.24014180435917848,1,0,free,0,0.06392474966935212,0.046828947340219945,5,1,735,0,0,0,0.0,0.25,0.042487409563025706,0.2113878076845105
2.75,full,obstacle,4.895653281881565e-05,0.2396836112727064,1,0,free,0,0.06260637737874568,0.04590963481343176,5,1,735,0,0,0,0.0,0.25,0.04285759977910179,0.2113918381373886
2.8000000000000003,full,obstacle,4.6877639462686394e-05,0.24001744484183962,1,0,free,0,0.06897200300083213,0.04669256899568304,5,1,735,0,0,0,0.0,0.25,0.0430454569832123,0.21139566023449807
2.85,full,obstacle,4.490481911119025e-05,0.24016553602933413,1,0,free,0,0.07487546197541319,0.04703314807216526,5,1,735,0,0,0,0.0,0.25,0.043115632561421646,0.21139928496929927
2.9000000000000004,full,obstacle,4.303131569144883e-05,0.23976990224848266,1,0,free,0,0.0812802875134319,0.046408490979601646,5,1,735,0,0,0,0.0,0.25,0.04335750341545258,0.2114027227331946
2.95,full,obstacle,4.1250891819873856e-05,0.23991124138630776,1,0,free,0,0.08611300619165534,0.047074425565345204,5,1,735,0,0,0,0.0,0.25,0.0434094475930015,0.2114059833485914
3.0,full,obstacle,3.955778604487909e-05,0.23987768644083468,1,0,free,0,0.09010700797496989,0.04677439635300333,5,1,735,0,0,0,0.0,0.25,0.043567516238046666,0.21140907610089277
3.0500000000000003,full,obstacle,3.794667065577387e-05,0.23950768828257776,1,0,free,0,0.09548721699081879,0.046745930311972175,5,1,735,0,0,0,0.0,0.25,0.04361904963189208,0.21141200976820806
3.1,full,obstacle,3.6412616343563795e-05,0.2394988324935129,1,0,free,0,0.098493349362593,0.04686310874237913,5,1,735,0,0,0,0.0,0.25,0.04368376372958502,0.2114147926504405
3.1500000000000004,full,obstacle,3.495105715169722e-05,0.23901382764928947,1,0,free,0,0.10383500326255023,0.04632558897418029,5,1,735,0,0,0,0.0,0.25,0.04378770047681955,0.21141743259625
3.2,full,obstacle,3.355776108146662e-05,0.23906348810623723,1,0,free,0,0.10610301274222299,0.046935920281487964,5,1,736,0,0,0,0.0,0.25,0.043729826002369514,0.2114199370292954
3.25,full,obstacle,3.22288005011762e-05,0.2389565273271101,1,0,free,0,0.10789474705458739,0.046510763157400686,5,1,736,0,0,0,0.0,0.25,0.043875991815887,0.21142231297185765
3.3000000000000003,full,obstacle,3.0960527791657874e-05,0.23853713485012185,1,0,free,0,0.11249060790673902,0.04655206167469052,5,1,736,0,0,0,0.0,0.25,0.04390430978944963,0.2114245670685645
3.35,full,obstacle,2.9749551562651115e-05,0.23848941592544723,1,0,free,0,0.11378009886292005,0.046612462906952215,5,1,736,0,0,0,0.0,0.25,0.04396438926637378,0.21142670560728816
3.4000000000000004,full,obstacle,2.859271543926645e-05,0.2379539408231207,1,0,free,0,0.11842620190060114,0.046093808493157376,5,1,736,0,0,0,0.0,0.25,0.0440946230166843,0.21142873453998223
3.45,full,obstacle,2.7487078426256472e-05,0.23799032831245062,1,0,free,0,0.11935515937511736,0.046707226712226255,5,1,736,0,0,0,0.0,0.25,0.044077420604906895,0.2114306595014378
3.5,full,obstacle,2.642989812263097e-05,0.23787058138408237,1,0,free,0,0.11991349744666495,0.046292050298703744,5,1,736,0,0,0,0.0,0.25,0.04421477623389237,0.21143248582772178
3.5500000000000003,full,obstacle,2.541861433170049e-05,0.2374080880156536,1,0,free,0,0.12407977772874089,0.04630357242835935,5,1,736,0,0,0,0.0,0.25,0.044289295607649076,0.21143421857280875
3.6,full,obstacle,2.445083441441913e-05,0.2373637802532619,1,0,free,0,0.12436809780789403,0.046440508759705804,5,1,736,0,0,0,0.0,0.25,0.04432738793819993,0.21143586252429014
3.6500000000000004,full,obstacle,2.352432027230761e-05,0.23677251809355235,1,0,free,0,0.12865932981776734,0.045821144444870066,5,1,739,0,0,0,0.0,0.25,0.044504688600373814,0.21143742221859274
3.7,full,obstacle,2.2636976432486713e-05,0.2368276909991774,1,0,free,0,0.1287834664616827,0.046454595380894276,5,1,739,0,0,0,0.0,0.25,0.044552241830816214,0.21143890195485426
3.75,full,obstacle,2.1786838730565284e-05,0.2367262004275128,1,0,free,0,0.12856662275607716,0.046206408858544296,5,1,739,0,0,0,0.0,0.25,0.0446504670007396,0.21144030580807904
3.8000000000000003,full,obstacle,2.09720643215693e-05,0.23619587883842807,1,0,free,0,0.1325395197576979,0.046014377394625036,5,1,739,0,0,0,0.0,0.25,0.04479219750902341,0.21144163764155988
3.85,full,obstacle,2.019092300540808e-05,0.23618578371444918,1,0,free,0,0.1321967765877447,0.046422076461755835,5,1,739,0,0,0,0.0,0.25,0.04476806367003695,0.2114429011184079
3.9000000000000004,full,obstacle,1.94417882053412e-05,0.23550042497285345,1,0,free,0,0.1363625158143872,0.04548067906734997,5,1,739,0,0,0,0.0,0.25,0.045009958190515516,0.2114440997126107
3.95,full,obstacle,1.8723129918031127e-05,0.23560737854836866,1,0,free,0,0.13599726901343823,0.04614492738954616,5,1,739,0,0,0,0.0,0.25,0.04514735893183947,0.211445236719214
4.0,full,obstacle,1.8033507537046348e-05,0.23556297612126398,1,0,free,0,0.13530031933752967,0.04635059668382564,5,1,739,0,0,0,0.0,0.25,0.045146094663047816,0.21144631526394198
4.05,full,obstacle,1.73715633091618e-05,0.2348969863126471,1,0,free,0,0.13928649228441647,0.04561213573436612,5,1,739,0,0,0,0.0,0.25,0.04537928125113313,0.21144733831252738
4.1000000000000005,full,obstacle,1.673601681039417e-05,0.23496921122788622,1,0,free,0,0.13859618478760233,0.04626123901145428,5,1,739,0,0,0,0.0,0.25,0.045506133115064004,0.21144830867899367
4.15,full,obstacle,1.6125659222360834e-05,0.2348795279388013,1,0,free,0,0.1375661957588949,0.04615575975068305,5,1,739,0,0,0,0.0,0.25,0.04544619658128037,0.2114492290338531
4.2,full,obstacle,1.5539348811149938e-05,0.23426965901246247,1,0,free,0,0.14136073557540324,0.04576972797384432,5,1,739,0,0,0,0.0,0.25,0.04565418449451837,0.2114501019117382
4.25,full,obstacle,1.4976006023290447e-05,0.2342883707713087,1,0,free,0,0.140340235205903,0.046404317682078755,5,1,739,0,0,0,0.0,0.25,0.04555334738587587,0.21145092971856838
4.3,full,obstacle,1.4434609648865309e-05,0.23412802375341824,1,0,free,0,0.13896500974862408,0.04579615156749618,5,1,739,0,0,0,0.0,0.25,0.045444062946571856,0.21145171473805358
4.3500000000000005,full,obstacle,1.3914192515785605e-05,0.23362807964002097,1,0,free,0,0.14251815640669613,0.04600900337466424,5,1,739,0,0,0,0.0,0.25,0.0454904637524723,0.21145245913844646
4.4,full,obstacle,1.3413838600637506e-05,0.2335623542673068,1,0,free,0,0.14109525455428634,0.04596320590875014,5,1,739,0,0,0,0.0,0.25,0.045221925294093794,0.21145316497833744
4.45,full,obstacle,1.2932679335746701e-05,0.23293364814218437,1,0,free,0,0.1448387980110311,0.045540585076478096,5,1,739,0,0,0,0.0,0.25,0.04544865609848996,0.21145383421240826
4.5,full,obstacle,1.2469890633895089e-05,0.23299963468813367,1,0,free,0,0.14340052552719218,0.04620223669926379,5,1,739,0,0,0,0.0,0.25,0.04538619294790937,0.21145446869669937
4.55,full,obstacle,1.2024690278774621e-05,0.23286258312689903,1,0,free,0,0.1416759146810524,0.04569041221947598,5,1,739,0,0,0,0.0,0.25,0.04528903914909288,0.21145507019376464
4.6000000000000005,full,obstacle,1.1596335151854536e-05,0.23232369400846842,1,0,free,0,0.14524597688769386,0.045810022826868996,5,1,739,0,0,0,0.0,0.25,0.04538225192947333,0.21145564037746245
4.65,full,obstacle,1.118411904416364e-05,0.23229755667664198,1,0,free,0,0.14347494063255978,0.04591493590966686,5,1,739,0,0,0,0.0,0.25,0.04510301002033627,0.2114561808375227
4.7,full,obstacle,1.0787370330733795e-05,0.2316103304624882,1,0,free,0,0.14596023500145527,0.045329850877922684,5,1,739,0,0,0,0.0,0.25,0.04539698085905328,0.2114566930836962
4.75,full,obstacle,1.0405449860480149e-05,0.23172018739664696,1,0,free,0,0.1455465893893415,0.046014544443545274,5,1,739,0,0,0,0.0,0.25,0.04542173738996507,0.21145717854992274
4.800000000000001,full,obstacle,1.003774930123169e-05,0.23162479206460843,1,0,free,0,0.14355322159547657,0.04576198782487104,5,1,739,0,0,0,0.0,0.25,0.045274260021710436,0.21145763859815914
4.8500000000000005,full,obstacle,9.683689039169744e-06,0.2310215016870265,1,0,free,0,0.14612329638062826,0.04559529212355716,5,1,739,0,0,0,0.0,0.25,0.04548116332246818,0.2114580745220599
4.9,full,obstacle,9.342716642565497e-06,0.2310395962994174,1,0,free,0,0.14511738137948227,0.046057160690698276,5,1,739,0,0,0,0.0,0.25,0.04509304321457626,0.2114584875503286
4.95,full,obstacle,9.014305615273637e-06,0.23025252777756097,1,0,free,0,0.1462225670080879,0.04506833515363695,5,1,739,0,0,0,0.0,0.25,0.04549277758449671,0.21145887885001902
5.0,full,obstacle,8.697953480458084e-06,0.2304141957848771,1,0,free,0,0.14626958011542573,0.045779280330545125,5,1,739,0,0,0,0.0,0.25,0.04565154533250545,0.2114592495296902
5.050000000000001,full,obstacle,8.393180863298143e-06,0.23038312160480903,1,0,free,0,0.14500386289282424,0.04610594408954248,5,1,739,0,0,0,0.0,0.25,0.0453166391410446,0.21145960064228653
5.1000000000000005,full,obstacle,8.099529912893362e-06,0.22960443816307222,1,0,free,0,0.146358682286567,0.04524887052601129,5,1,739,0,0,0,0.0,0.25,0.04569717693333257,0.21145993318795553
5.15,full,obstacle,7.816563464487645e-06,0.22971230403016904,1,0,free,0,0.1464008918448068,0.04593871535012212,5,1,739,0,0,0,0.0,0.25,0.045829248294922416,0.2114602481166209
5.2,full,obstacle,7.543863655806634e-06,0.22962388121187716,1,0,free,0,0.1444682906680294,0.04604955302446727,5,1,739,0,0,0,0.0,0.25,0.04551760528434498,0.21146054633058442
5.25,full,obstacle,7.2810311101257546e-06,0.2288816867982626,1,0,free,0,0.14648091137034752,0.045436246261480656,5,1,739,0,0,0,0.0,0.25,0.045779357197648,0.2114608286868368
5.300000000000001,full,obstacle,7.027683816465358e-06,0.22892198610459363,1,0,free,0,0.14583505218489123,0.04610625648634005,5,1,739,0,0,0,0.0,0.25,0.04575237947608912,0.2114610959993689
5.3500000000000005,full,obstacle,6.783456429425742e-06,0.22875754193356443,1,0,free,0,0.1434087372002898,0.045856945045941844,5,1,739,0,0,0,0.0,0.25,0.045466051633853824,0.2114613490412377
5.4,full,obstacle,6.547999202540938e-06,0.22809533054581665,1,0,free,0,0.1465907265379095,0.045674987736228884,5,1,739,0,0,0,0.0,0.25,0.04548467544022061,0.21146158854669828
5.45,full,obstacle,6.320977370560916e-06,0.22803926600683555,1,0,free,0,0.14431004849517803,0.04612916524709143,5,1,739,0,0,0,0.0,0.25,0.04498993137366973,0.21146181521306884
5.5,full,obstacle,6.1020703346327e-06,0.22719883691684234,1,0,free,0,0.14665769107148796,0.04514380492805391,5,1,739,0,0,0,0.0,0.25,0.04523951245071119,0.2114620297025679
5.550000000000001,full,obstacle,5.8909709821893915e-06,0.2272809449504053,1,0,free,0,0.1456556653552203,0.0458450963401527,5,1,739,0,0,0,0.0,0.25,0.04524445340318611,0.21146223264409858
5.6000000000000005,full,obstacle,5.68738503665071e-06,0.22717081101412775,1,0,free,0,0.1431834107845567,0.046142281609828195,5,1,739,0,0,0,0.0,0.25,0.04481438549484854,0.21146242463488651
5.65,full,obstacle,5.491030397242194e-06,0.22634441725031157,1,0,free,0,0.14660775887133115,0.045321060812097566,5,1,739,0,0,0,0.0,0.25,0.04504611494742293,0.21146260624199564
5.7,full,obstacle,5.3016365864329665e-06,0.2263668731739337,1,0,free,0,0.14432928181653581,0.04600212757246891,5,1,739,0,0,0,0.0,0.25,0.045023988871658975,0.21146277800396585
5.75,full,obstacle,5.1189441983485895e-06,0.22619268316735575,1,0,free,0,0.14179644322287643,0.04604272321929061,5,1,739,0,0,0,0.0,0.25,0.044706047445847684,0.21146294043211478
5.800000000000001,full,obstacle,4.942704421002221e-06,0.22541345904786259,1,0,free,0,0.14509703090377096,0.04551962135901179,5,1,739,0,0,0,0.0,0.25,0.04489640093296376,0.21146309401184926
5.8500000000000005,full,obstacle,4.772678392407969e-06,0.22535925389076228,1,0,free,0,0.14273075329659501,0.046180254803408774,5,1,739,0,0,0,0.0,0.25,0.04481364438457183,0.21146323920414234
5.9,full,obstacle,4.608636988246969e-06,0.2250980624665433,1,0,free,0,0.14010227638014172,0.04578829975761453,5,1,739,0,0,0,0.0,0.25,0.04467661536843411,0.211463376446564
5.95,full,obstacle,4.450360162021766e-06,0.2244167763321528,1,0,free,0,0.1431896383969266,0.04578934964978104,5,1,739,0,0,0,0.0,0.25,0.04477390372235239,0.21146350615450127
6.0,full,obstacle,4.2976366042261285e-06,0.22425032188203198,1,0,free,0,0.14067803704239557,0.046017335213578175,5,1,739,0,0,0,0.0,0.25,0.044469538380887554,0.21146362872230784
6.050000000000001,full,obstacle,4.150263381419752e-06,0.22341781906650587,1,0,free,0,0.14405399248223705,0.04531365062870857,5,1,740,0,0,0,0.0,0.25,0.044785193692185345,0.21146374452429895
6.1000000000000005,full,obstacle,4.0080455302659575e-06,0.22337351784411014,1,0,free,0,0.1417300704259059,0.04599765558882399,5,1,740,0,0,0,0.0,0.25,0.044842748946932,0.21146385391576417
6.15,full,obstacle,3.870795708246328e-06,0.22312828186558478,1,0,free,0,0.13915109066371645,0.0458841584877661,5,1,740,0,0,0,0.0,0.25,0.044684014259895787,0.2114639572339153
6.2,full,obstacle,3.738333891282108e-06,0.22236158127618996,1,0,free,0,0.14236429037478082,0.045576714521807254,5,1,740,0,0,0,0.0,0.25,0.044937765834786314,0.21146405479877706
6.25,full,obstacle,3.610486996955322e-06,0.2222216962098227,1,0,free,0,0.13993234471643234,0.046184688099458165,5,1,740,0,0,0,0.0,0.25,0.04457327117372167,0.21146414691406956
6.300000000000001,full,obstacle,3.48708862094469e-06,0.22127445912895313,1,0,free,0,0.14348373494519817,0.04504996183827381,5,1,740,0,0,0,0.0,0.25,0.045060265071772264,0.2114642338679963
6.3500000000000005,full,obstacle,3.367978740906972e-06,0.22126971009876295,1,0,free,0,0.14128508851766813,0.0457606499898901,5,1,740,0,0,0,0.0,0.25,0.04532163431390699,0.21146431593403603
6.4,full,obstacle,3.2530034696918262e-06,0.2210798720774567,1,0,free,0,0.13884760494018794,0.04626257455980114,5,1,740,0,0,0,0.0,0.25,0.04501644147679641,0.2114643933716468
6.45,full,obstacle,3.1420147709437304e-06,0.22012887797308064,1,0,free,0,0.14235712483571522,0.0452222008050811,5,1,740,0,0,0,0.0,0.25,0.04550637761255741,0.21146446642702632
6.5,full,obstacle,3.0348702118446727e-06,0.2200725951462146,1,0,free,0,0.14013883388696186,0.045911733211808456,5,1,740,0,0,0,0.0,0.25,0.04577019025073695,0.21146453533371623
6.550000000000001,full,obstacle,2.9314327532786685e-06,0.21983060467225957,1,0,free,0,0.13767960256384237,0.04624720607984632,5,1,740,0,0,0,0.0,0.25,0.045550818175711404,0.21146460031326308
6.6000000000000005,full,obstacle,2.8315704776756935e-06,0.21889990910555757,1,0,free,0,0.1411146743283503,0.04538871716292886,5,1,740,0,0,0,0.0,0.25,0.045689548866921885,0.21146466157581612
6.65,full,obstacle,2.7351564322603796e-06,0.2187853615650416,1,0,free,0,0.13885286047800632,0.04605936455865782,5,1,740,0,0,0,0.0,0.25,0.04532768705672495,0.21146471932071387
6.7,full,obstacle,2.6420684177774024e-06,0.21848076943039238,1,0,free,0,0.13634564831811313,0.046117864209693854,5,1,740,0,0,0,0.0,0.25,0.044802425761678484,0.2114647737370029
6.75,full,obstacle,2.5521887670430186e-06,0.21760541533684924,1,0,free,0,0.13964944452220857,0.045586923667973775,5,1,740,0,0,0,0.0,0.25,0.04462870743979805,0.2114648250039447
6.800000000000001,full,obstacle,2.4654041527404033e-06,0.21741483993389407,1,0,free,0,0.13730538630619732,0.04623731443343612,5,1,740,0,0,0,0.0,0.25,0.04417547402063363,0.2114648732915575
6.8500000000000005,full,obstacle,2.3816054687223723e-06,0.21702370963478013,1,0,free,0,0.13470839031018472,0.04582504931450791,6,1,740,0,0,0,0.0,0.25,0.043814720218885425,0.21146491876102902
6.9,full,obstacle,2.3006876124026543e-06,0.21625723058320795,1,0,free,0,0.13778311734818138,0.04586866756966576,5,1,740,0,0,0,0.0,0.25,0.04352762849184464,0.21146496156519723
6.95,full,obstacle,2.2225493448406223e-06,0.21595313686445652,1,0,free,0,0.1352959900578184,0.04602365891243382,6,1,740,0,0,0,0.0,0.25,0.04302616229867984,0.21146500184896244
7.0,full,obstacle,2.147093143302139e-06,0.2150598751343834,1,0,free,0,0.1386305938263862,0.04542688270594421,5,1,740,0,0,0,0.0,0.25,0.04294701124228396,0.21146503974967235
7.050000000000001,full,obstacle,2.0742250447052805e-06,0.21486776237514024,1,0,free,0,0.1363148355803473,0.0460965776291178,6,1,740,0,0,0,0.0,0.25,0.04259782086185816,0.21146507539751125
7.1000000000000005,full,obstacle,2.0038544773660922e-06,0.21447773750384347,1,0,free,0,0.1337513582070889,0.04580307943918606,6,1,740,0,0,0,0.0,0.25,0.04225575877936107,0.21146510891588155
7.15,full,obstacle,1.9358941968294867e-06,0.21368144558949206,1,0,free,0,0.1368727672933721,0.0457380536905824,6,1,740,0,0,0,0.0,0.25,0.04205852245898178,0.21146514042172793
7.2,full,obstacle,1.8702601146564589e-06,0.21338032378937985,1,0,free,0,0.13442942190575058,0.04603937919870785,6,1,740,0,0,0,0.0,0.25,0.04155214934360513,0.21146517002587306
7.25,full,obstacle,1.806871169985207e-06,0.2124501484029325,1,0,free,0,0.13782388489150965,0.04529594554564852,6,1,741,0,0,0,0.0,0.25,0.04156073231761985,0.21146519783331097
7.300000000000001,full,obstacle,1.7456492110593914e-06,0.21226408149964174,1,0,free,0,0.13556561764988517,0.045979614469153926,6,1,741,0,0,0,0.0,0.25,0.041304922462394804,0.2114652239435414
7.3500000000000005,full,obstacle,1.686518916823476e-06,0.2118868706190479,1,0,free,0,0.1330671952286222,0.04590106099677439,6,1,741,0,0,0,0.0,0.25,0.040948301776876174,0.21146524845081116
7.4,full,obstacle,1.62940767160478e-06,0.2110337671784384,1,0,free,0,0.13628566735217318,0.04559516256279693,6,1,741,0,0,0,0.0,0.25,0.04088675511222936,0.2114652714443962
7.45,full,obstacle,1.5742454415526556e-06,0.2107546774495058,1,0,free,0,0.13392746445499054,0.04618580213829211,6,1,741,0,0,0,0.0,0.25,0.04034154848085895,0.21146529300885308
7.5,full,obstacle,1.520964704306914e-06,0.20975057438107939,1,0,free,0,0.13745243311793853,0.04511268058660889,6,1,741,0,0,0,0.0,0.25,0.04051661992621297,0.21146531322427442
7.550000000000001,full,obstacle,1.4695003424192127e-06,0.20959741353153163,1,0,free,0,0.13530953911174892,0.04581403269927324,6,1,741,0,0,0,0.0,0.25,0.040450684196398336,0.21146533216650443
7.6000000000000005,full,obstacle,1.4197895582182723e-06,0.20926666949554892,1,0,free,0,0.13293991901993718,0.046199488028283414,6,1,741,0,0,0,0.0,0.25,0.039991752349489214,0.21146534990734478
7.65,full,obstacle,1.3717717858756e-06,0.20829410264670864,1,0,free,0,0.13637664885131734,0.045340578812640045,6,1,741,0,0,0,0.0,0.25,0.040055771868661924,0.2114653665147873
7.7,full,obstacle,1.3253886041332476e-06,0.20808382673567027,1,0,free,0,0.13419550900989685,0.04601525433598344,6,1,741,0,0,0,0.0,0.25,0.03986529680910045,0.21146538205319254
7.75,full,obstacle,1.2805836580584267e-06,0.2076920944566015,1,0,free,0,0.13178287740558653,0.04606639902971853,7,1,741,0,0,0,0.0,0.25,0.03949601805869577,0.21146539658347951
7.800000000000001,full,obstacle,1.2373025872885424e-06,0.20679225457312822,1,0,free,0,0.1350648378672955,0.04559542493008596,6,1,741,0,0,0,0.0,0.25,0.03951108865070575,0.2114654101633172
7.8500000000000005,full,obstacle,1.1954929403830008e-06,0.20650662790914778,1,0,free,0,0.13280016408998624,0.04624330730062766,7,1,741,0,0,0,0.0,0.25,0.03925267174713875,0.21146542284726466
7.9,full,obstacle,1.1551041212725167e-06,0.2060429157245718,1,0,free,0,0.13033657861893594,0.0457370054011748,7,1,741,0,0,0,0.0,0.25,0.03911421420791797,0.2114654346869459
7.95,full,obstacle,1.1160873047365478e-06,0.20528513838123222,1,0,free,0,0.13338447193889752,0.04593519332218586,7,1,741,0,0,0,0.0,0.25,0.03918869054570558,0.21146544573121961
8.0,full,obstacle,1.078395389893908e-06,0.20517167400232203,1,0,free,0,0.13175660716137683,0.04600362530298552,7,1,741,0,0,0,0.0,0.25,0.03888140488002111,0.21146545602629108
8.05,full,obstacle,1.041982907807285e-06,0.20432291344983425,1,0,free,0,0.1350273947072293,0.04552269285674734,6,1,741,0,0,0,0.0,0.25,0.039123794786611675,0.2114654656158702
8.1,full,obstacle,1.0068060070446934e-06,0.20433621981344807,1,0,free,0,0.13351113796920522,0.046159560974295064,7,1,741,0,0,0,0.0,0.25,0.03909939215130569,0.21146547454128994
8.15,full,obstacle,9.728223519409536e-07,0.20420291650559608,1,0,free,0,0.13178200081196823,0.04590997201397888,7,1,741,0,0,0,0.0,0.25,0.038914821106479376,0.2114654828416319
8.200000000000001,full,obstacle,9.399910789079488e-07,0.2034759694276484,1,0,free,0,0.134858206535667,0.04580711041590678,7,1,741,0,0,0,0.0,0.25,0.03903915050794628,0.21146549055385677
8.25,full,obstacle,9.082727649704518e-07,0.20344520139624284,1,0,free,0,0.1332130783575508,0.04620263229777914,7,1,741,0,0,0,0.0,0.25,0.03866296805930776,0.21146549771290013
8.3,full,obstacle,8.776293454573035e-07,0.20260470257524463,1,0,free,0,0.13654452674139594,0.0453675090923996,6,1,744,0,0,0,0.0,0.25,0.038958814926932754,0.21146550435178135
8.35,full,obstacle,8.480240898493665e-07,0.2026963004901335,1,0,free,0,0.13504208126642858,0.046021288280034586,7,1,744,0,0,0,0.0,0.25,0.03900656522372465,0.2114655105017066
8.4,full,obstacle,8.194215426817785e-07,0.2026424021365608,1,0,free,0,0.1333371661393724,0.04620955824333681,7,1,744,0,0,0,0.0,0.25,0.038696749409800446,0.21146551619216536
8.450000000000001,full,obstacle,7.917874666036659e-07,0.2018801802388719,1,0,free,0,0.13653984951646886,0.045608478076956144,6,1,745,0,0,0,0.0,0.25,0.03891605021716345,0.2114655214510187
8.5,full,obstacle,7.6508883007121e-07,0.2019364471320682,1,0,free,0,0.13495221656357087,0.046235208884223306,7,1,745,0,0,0,0.0,0.25,0.03887012584247199,0.2114655263045745
8.55,full,obstacle,7.392937278277157e-07,0.20183644853170926,1,0,free,0,0.1331537726785061,0.04603740569062548,7,1,745,0,0,0,0.0,0.25,0.03871280757242635,0.21146553077768993
8.6,full,obstacle,7.143713631352427e-07,0.20119678615589526,1,0,free,0,0.13614254033346207,0.04590406700849925,7,1,745,0,0,0,0.0,0.25,0.038804906337291334,0.21146553489383735
8.65,full,obstacle,6.902920083920741e-07,0.2011842014636801,1,0,free,0,0.13442009070575894,0.046267846855781364,7,1,745,0,0,0,0.0,0.25,0.03849769704267124,0.2114655386751726
8.700000000000001,full,obstacle,6.670269651011534e-07,0.20044945262706182,1,0,free,0,0.13762511760492135,0.04550396623095081,6,1,745,0,0,0,0.0,0.25,0.03875863961239999,0.21146554214260893
8.75,full,obstacle,6.445485136853561e-07,0.20054398210640612,1,0,free,0,0.1360255843079129,0.04614373136561231,7,1,745,0,0,0,0.0,0.25,0.03875890691317039,0.21146554531588702
8.8,full,obstacle,6.228298900786994e-07,0.200480424042876,1,0,free,0,0.1342166525925284,0.04613009440647256,7,1,745,0,0,0,0.0,0.25,0.03859103913072647,0.21146554821363328
8.85,full,obstacle,6.018452590981514e-07,0.1998571910496509,1,0,free,0,0.13721590962258673,0.04581419865996583,7,1,745,0,0,0,0.0,0.25,0.038728966238729616,0.21146555085342056
8.9,full,obstacle,5.815696720319363e-07,0.1998803648211868,1,0,free,0,0.13548852582624693,0.04637112568004073,7,1,745,0,0,0,0.0,0.25,0.038401546259001065,0.21146555325182403
8.950000000000001,full,obstacle,5.619790375478997e-07,0.19915796541030467,1,0,free,0,0.1387066760493959,0.04541227423559084,6,1,745,0,0,0,0.0,0.25,0.03870743038315308,0.21146555542447054
9.0,full,obstacle,5.430500940756787e-07,0.1992882383978972,1,0,free,0,0.13710936373065313,0.04606276743568362,7,1,745,0,0,0,0.0,0.25,0.0387605208124013,0.21146555738609696
9.05,full,obstacle,5.247603685804165e-07,0.1992607832728853,1,0,free,0,0.1353049514141581,0.04627351816639827,7,1,745,0,0,0,0.0,0.25,0.03855430677683007,0.21146555915059106
9.1,full,obstacle,5.070881721750477e-07,0.19863604458565923,1,0,free,0,0.1383351285545532,0.04571782301973401,7,1,745,0,0,0,0.0,0.25,0.03874868807042408,0.21146556073104572
9.15,full,obstacle,4.900125508027103e-07,0.1986983939883214,1,0,free,0,0.13662166482953908,0.04633567596471437,7,1,745,0,0,0,0.0,0.25,0.03866202957392693,0.21146556213979417
9.200000000000001,full,obstacle,4.7351327160265935e-07,0.19858709367289312,1,0,free,0,0.13468831217077742,0.04593646320748497,7,1,745,0,0,0,0.0,0.25,0.03866478569443298,0.21146556338845113
9.25,full,obstacle,4.5757079360316677e-07,0.1981227520448364,1,0,free,0,0.13740567767647477,0.046123925566731075,7,1,745,0,0,0,0.0,0.25,0.03862562024390972,0.21146556448795384
9.3,full,obstacle,4.421662402781481e-07,0.19806453363278578,1,0,free,0,0.13550613368865982,0.04603977276201843,7,1,745,0,0,0,0.0,0.25,0.038540091665631875,0.2114655654486023
9.35,full,obstacle,4.27281386378297e-07,0.19755982694113206,1,0,free,0,0.1383281513228269,0.04588372322537315,7,1,745,0,0,0,0.0,0.25,0.03858926552636997,0.2114655662800874
9.4,full,obstacle,4.1289862795061385e-07,0.1975664867868876,1,0,free,0,0.13648433922196723,0.04621445942706501,7,1,745,0,0,0,0.0,0.25,0.03838104067781797,0.21146556699152963
9.450000000000001,full,obstacle,3.99000957469438e-07,0.19699628153232437,1,0,free,0,0.13945633542467734,0.04559230541982186,6,1,745,0,0,0,0.0,0.25,0.03855601150661929,0.2114655675915068
9.5,full,obstacle,3.8557195354948856e-07,0.1970842121647416,1,0,free,0,0.13770043431377005,0.046228009215737664,7,1,745,0,0,0,0.0,0.25,0.03843739580080608,0.2114655680880867
9.55,full,obstacle,3.7259575511442186e-07,0.1969919718940552,1,0,free,0,0.13572300190766606,0.04588760088015684,7,1,745,0,0,0,0.0,0.25,0.0384443433421785,0.211465568488851
9.600000000000001,full,obstacle,3.6005703463720314e-07,0.19658372831416174,1,0,free,0,0.13836283834516028,0.04606816028212578,7,1,745,0,0,0,0.0,0.25,0.03839371437666553,0.21146556880092693
9.65,full,obstacle,3.4794099478987123e-07,0.19653346128459204,1,0,free,0,0.13641222714542584,0.04598060777263406,7,1,745,0,0,0,0.0,0.25,0.038342832650598624,0.21146556903100888
9.700000000000001,full,obstacle,3.3623334055820644e-07,0.19609439938586856,1,0,free,0,0.13913158216873883,0.04588409954002565,7,1,745,0,0,0,0.0,0.25,0.03837583051927503,0.21146556918538295
9.75,full,obstacle,3.2492025866297476e-07,0.19609587983082144,1,0,free,0,0.13722449076896392,0.04612738826187553,7,1,745,0,0,0,0.0,0.25,0.038238031910174955,0.21146556926995108
9.8,full,obstacle,3.139884113113825e-07,0.1956071819661365,1,0,free,0,0.1400587009344305,0.04565829788389579,7,1,746,0,0,0,0.0,0.25,0.03838317116089086,0.21146556929025062
9.850000000000001,full,obstacle,3.034249139700847e-07,0.19567621022007023,1,0,free,0,0.1382055670357859,0.046298139052695836,7,1,746,0,0,0,0.0,0.25,0.038224368224135184,0.21146556925147852
9.9,full,obstacle,2.932173164359358e-07,0.19554819327190567,1,0,free,0,0.13612431128771652,0.045715060907756885,7,1,746,0,0,0,0.0,0.25,0.03836613988611608,0.211465569158502
9.950000000000001,full,obstacle,2.8335359628556284e-07,0.19526365505852758,1,0,free,0,0.13860847163008766,0.046260845950071586,7,1,746,0,0,0,0.0,0.25,0.03824343730361625,0.2114655690158881
10.0,full,obstacle,2.738221341663063e-07,0.19515926177170012,1,0,free,0,0.13651263005525854,0.04578376078169666,7,1,746,0,0,0,0.0,0.25,0.03835788984209257,0.21146556882791312
10.05,full,obstacle,2.646117117979051e-07,0.19486308236450778,1,0,free,0,0.13900751778665205,0.04622098349027823,7,1,746,0,0,0,0.0,0.25,0.0382825900171469,0.21146556859858012
10.100000000000001,full,obstacle,2.557114860779289e-07,0.19477659944826828,1,0,free,0,0.13690905070683784,0.04587654266637764,7,1,746,0,0,0,0.0,0.25,0.038360397043586784,0.21146556833163566
10.15,full,obstacle,2.4711098475199597e-07,0.19445670227639897,1,0,free,0,0.13942142819485215,0.046173084419724314,7,1,746,0,0,0,0.0,0.25,0.0383453151429798,0.2114655680305858
10.200000000000001,full,obstacle,2.388000899543864e-07,0.19438353180552778,1,0,free,0,0.13733547015074604,0.046003230554241506,7,1,746,0,0,0,0.0,0.25,0.03837256426160116,0.21146556769870795
10.25,full,obstacle,2.3076902868150626e-07,0.19402535936027593,1,0,free,0,0.13987823434758512,0.04610703856123896,7,1,746,0,0,0,0.0,0.25,0.038431470090609716,0.21146556733906163
10.3,full,obstacle,2.2300835612441022e-07,0.19396207370355745,1,0,free,0,0.13782358647078352,0.04617511859894215,7,1,746,0,0,0,0.0,0.25,0.038387177293315186,0.2114655669545059
10.350000000000001,full,obstacle,2.155089490862798e-07,0.19354752526251703,1,0,free,0,0.14041905857787917,0.046005468278137784,7,1,746,0,0,0,0.0,0.25,0.038534058516158216,0.21146556654770954
10.4,full,obstacle,2.0826199543460744e-07,0.19349281084885236,1,0,free,0,0.1384179764656927,0.04640399992702712,7,1,746,0,0,0,0.0,0.25,0.038386532324323125,0.21146556612115897
10.450000000000001,full,obstacle,2.012589781080627e-07,0.19299902682998277,1,0,free,0,0.1411018607218077,0.045841835138695025,7,1,746,0,0,0,0.0,0.25,0.03863606534946217,0.21146556567717323
10.5,full,obstacle,1.944916711304961e-07,0.19295639408127052,1,0,free,0,0.13917962775280923,0.0465013278043869,7,1,746,0,0,0,0.0,0.25,0.03859791205885982,0.2114655652179095
10.55,full,obstacle,1.879521246671575e-07,0.1926604233786045,1,0,free,0,0.13709040063124145,0.04617732914487313,7,1,746,0,0,0,0.0,0.25,0.03863624752670471,0.2114655647453766
10.600000000000001,full,obstacle,1.816326608040527e-07,0.19225386863685717,1,0,free,0,0.13938319447577563,0.046380966469509274,7,1,746,0,0,0,0.0,0.25,0.03862714650029346,0.21146556426144303
10.65,full,obstacle,1.7552585914148597e-07,0.19190831506358538,1,0,free,0,0.13730880610565283,0.04625573595078969,7,1,746,0,0,0,0.0,0.25,0.03860826574786593,0.21146556376784142
10.700000000000001,full,obstacle,1.69624551475621e-07,0.19145492290216817,1,0,free,0,0.13962909133167783,0.04618239672742758,7,1,746,0,0,0,0.0,0.25,0.03863294382081742,0.21146556326618005
10.75,full,obstacle,1.6392181116229668e-07,0.19107365913620358,1,0,free,0,0.13756149638086734,0.04634132027125944,7,1,746,0,0,0,0.0,0.25,0.03849776927821779,0.21146556275795259
10.8,full,obstacle,1.5841094526808377e-07,0.19056583782422284,1,0,free,0,0.1399484666892742,0.04589224790039609,7,1,746,0,0,0,0.0,0.25,0.03847571715686627,0.21146556224453816
10.850000000000001,full,obstacle,1.53085489472414e-07,0.19018159201688448,1,0,free,0,0.1378848136547886,0.046354490036220816,7,1,746,0,0,0,0.0,0.25,0.038126966167893524,0.21146556172721442
10.9,full,obstacle,1.4793919610701526e-07,0.1895473138718313,1,0,free,0,0.13558124365813828,0.045689064191795956,7,1,746,0,0,0,0.0,0.25,0.038230070999164714,0.21146556120716264
10.950000000000001,full,obstacle,1.429660283718095e-07,0.1891962149313528,1,0,free,0,0.1375842409443469,0.04612023623456277,7,1,746,0,0,0,0.0,0.25,0.03792086188238603,0.21146556068546907
11.0,full,obstacle,1.3816015478541426e-07,0.18856118937838598,1,0,free,0,0.1351466747547695,0.04555595976329016,7,1,746,0,0,0,0.0,0.25,0.03801387936569536,0.211465560163138
11.05,full,obstacle,1.3351594092366085e-07,0.18819803210600577,1,0,free,0,0.1372457234669457,0.045877454617595154,7,1,746,0,0,0,0.0,0.25,0.03780436622708469,0.21146555964109026
11.100000000000001,full,obstacle,1.2902794059631954e-07,0.1876273659665072,1,0,free,0,0.1345693921471559,0.045459070507183716,7,1,746,0,0,0,0.0,0.25,0.03788338501234361,0.2114655591201725
11.15,full,obstacle,1.2469089278603294e-07,0.18724769077939454,1,0,free,0,0.1367544725114403,0.04608111855705935,7,1,746,0,0,0,0.0,0.25,0.03767095813911624,0.21146555860116034
11.200000000000001,full,obstacle,1.2049971510141134e-07,0.18667325598588583,1,0,free,0,0.13384256328614585,0.045661264529794104,7,1,746,0,0,0,0.0,0.25,0.03764116546861982,0.21146555808476364
11.25,full,obstacle,1.1644949482511971e-07,0.18619936183317137,1,0,free,0,0.1362627203093444,0.045776831559907694,7,1,746,0,0,0,0.0,0.25,0.037553492774395104,0.21146555757162944
11.3,full,obstacle,1.1253548641729586e-07,0.18573143104084774,1,0,free,0,0.1332123939001033,0.04627290463492542,7,1,746,0,0,0,0.0,0.25,0.03733634014201069,0.21146555706234638
11.350000000000001,full,obstacle,1.0875310423425191e-07,0.18510526385888634,1,0,free,0,0.13591414647095246,0.04535376656632145,7,1,746,0,0,0,0.0,0.25,0.03725883392651951,0.21146555655744959
11.4,full,obstacle,1.0509791618233576e-07,0.1847182853081949,1,0,free,0,0.13290771983505167,0.046033276857851,7,1,746,0,0,0,0.0,0.25,0.037124199393282015,0.21146555605742268
11.450000000000001,full,obstacle,1.0156564115129655e-07,0.1841358147298923,1,0,free,0,0.13568151159749714,0.04583488489240968,7,1,747,0,0,0,0.0,0.25,0.036999691189447945,0.21146555556270197
11.5,full,obstacle,9.815214160900487e-08,0.18367509633062487,1,0,free,0,0.132855202848763,0.045403087352845414,7,1,747,0,0,0,0.0,0.25,0.0369500746360312,0.2114655550736796
11.55,full,obstacle,9.485342023650206e-08,0.1831781392444277,1,0,free,0,0.1356123703441936,0.04560669668851275,7,1,747,0,0,0,0.0,0.25,0.03694149513887344,0.21146555459070526
11.600000000000001,full,obstacle,9.166561414109546e-08,0.1827058951824804,1,0,free,0,0.13308060631590923,0.04591947836808709,7,1,747,0,0,0,0.0,0.25,0.036619976000429384,0.21146555411409207
11.65,full,obstacle,8.858498956702207e-08,0.18190359304817302,1,0,free,0,0.13069566412491562,0.045170855188649287,7,1,747,0,0,0,0.0,0.25,0.0368833827220389,0.21146555364411557
11.700000000000001,full,obstacle,8.560794053764213e-08,0.18166696507907756,1,0,free,0,0.13283540706261854,0.04590537721947284,7,1,747,0,0,0,0.0,0.25,0.036761436514607386,0.21146555318101756
11.75,full,obstacle,8.273098201121208e-08,0.1811886592170587,1,0,free,0,0.13555012857046522,0.04536594933086796,7,1,747,0,0,0,0.0,0.25,0.03672807310957199,0.21146555272501055
11.8,full,obstacle,7.99507457034828e-08,0.18084072887288044,1,0,free,0,0.13275928347666832,0.045347797606470286,7,1,747,0,0,0,0.0,0.25,0.036654647712059917,0.21146555227627528
11.850000000000001,full,obstacle,7.7263977146332e-08,0.1804023161138658,1,0,free,0,0.13553096970255857,0.04516379532920163,7,1,747,0,0,0,0.0,0.25,0.036724677067670464,0.21146555183496762
11.9,full,obstacle,7.466753213508757e-08,0.1800350152934266,1,0,free,0,0.13301745587258262,0.0457713715711357,7,1,747,0,0,0,0.0,0.25,0.03654710861121966,0.21146555140121792
11.950000000000001,full,obstacle,7.215837183789134e-08,0.17954436435774204,1,0,free,0,0.1358761469829095,0.04489322014797667,7,1,747,0,0,0,0.0,0.25,0.03670751790263595,0.21146555097513253
12.0,full,obstacle,6.97335601229938e-08,0.17925711218626225,1,0,free,0,0.13339527034899262,0.045675244164741294,7,1,747,0,0,0,0.0,0.25,0.03648378997254796,0.2114655505567985
12.05,full,obstacle,6.739025912777731e-08,0.17858399394449562,1,0,free,0,0.13108456933910867,0.04527748659460053,7,1,747,0,0,0,0.0,0.25,0.03670771076052548,0.2114655501462791
12.100000000000001,full,obstacle,6.512572729468468e-08,0.1783962028552092,1,0,free,0,0.13325400497518503,0.045330195506413665,7,1,747,0,0,0,0.0,0.25,0.036431801238497846,0.21146554974362275
12.15,full,obstacle,6.29373152045121e-08,0.17783403371409592,1,0,free,0,0.13061768855502193,0.045045377126120084,7,1,747,0,0,0,0.0,0.25,0.03673982054654569,0.2114655493488603
12.200000000000001,full,obstacle,6.08224623269349e-08,0.17772115851884351,1,0,free,0,0.13264192647238432,0.045370911320813515,7,1,747,0,0,0,0.0,0.25,0.036699305354045864,0.21146554896200598
12.25,full,obstacle,5.877869523091429e-08,0.17738767869790717,1,0,free,0,0.13528535569002964,0.04499303488921333,7,1,747,0,0,0,0.0,0.25,0.03671579979949751,0.21146554858306
12.3,full,obstacle,5.6803622628009704e-08,0.17714544735959675,1,0,free,0,0.13253216253196615,0.04532962062884913,7,1,747,0,0,0,0.0,0.25,0.03666041178140204,0.2114655482120099
12.350000000000001,full,obstacle,5.489493460007953e-08,0.17679602910869752,1,0,free,0,0.13524069975859243,0.04523282312303385,7,1,747,0,0,0,0.0,0.25,0.03672349026706326,0.21146554784882998
12.4,full,obstacle,5.3050398420893977e-08,0.176502227180307,1,0,free,0,0.13277976121731128,0.04534225039555494,7,1,747,0,0,0,0.0,0.25,0.03662098744718074,0.21146554749348423
12.450000000000001,full,obstacle,5.1267857053178036e-08,0.17613768604392516,1,0,free,0,0.1355629532296393,0.04502877878341653,7,1,747,0,0,0,0.0,0.25,0.03676184299077429,0.2114655471459267
12.5,full,obstacle,4.954522525818565e-08,0.17591100835001208,1,0,free,0,0.133131951417446,0.04542016135892042,7,1,747,0,0,0,0.0,0.25,0.03658281145816037,0.21146554680610208
12.55,full,obstacle,4.7880489284313494e-08,0.17551179580434925,1,0,free,0,0.1360243384933652,0.04440743660633932,7,1,747,0,0,0,0.0,0.25,0.0368535614271763,0.211465546473946
12.600000000000001,full,obstacle,4.627170197775742e-08,0.17538727201413676,1,0,free,0,0.13358988104135788,0.04524840621555461,7,1,747,0,0,0,0.0,0.25,0.036739244840654973,0.21146554614938762
12.65,full,obstacle,4.471698203260477e-08,0.17486241352624307,1,0,free,0,0.13135628473094446,0.0451538925823715,7,1,747,0,0,0,0.0,0.25,0.036919680678546604,0.21146554583234833
12.700000000000001,full,obstacle,4.3214511836313606e-08,0.17472364795089138,1,0,free,0,0.1336239465397926,0.04529626617764952,7,1,747,0,0,0,0.0,0.25,0.0367511495082877,0.211465545522744
12.75,full,obstacle,4.176253481631083e-08,0.17429812165559705,1,0,free,0,0.131055618868751,0.044985842585172964,7,1,747,0,0,0,0.0,0.25,0.03699618865913399,0.2114655452204851
12.8,full,obstacle,4.035935298261465e-08,0.17421005607438797,1,0,free,0,0.13323024492043517,0.04533617125379992,7,1,747,0,0,0,0.0,0.25,0.03684708581665871,0.21146554492547576
12.850000000000001,full,obstacle,3.900332624782437e-08,0.1738808736081916,1,0,free,0,0.13604840766929144,0.04442073200672575,7,1,747,0,0,0,0.0,0.25,0.037040555294801124,0.2114655446376178
12.9,full,obstacle,3.7692868961330504e-08,0.17387811459999833,1,0,free,0,0.1333321981246084,0.045265954728594474,7,1,747,0,0,0,0.0,0.25,0.036872513654919836,0.21146554435680753
12.950000000000001,full,obstacle,3.642644966916482e-08,0.17335894333898785,1,0,free,0,0.13109267890055148,0.04500299410255211,7,1,747,0,0,0,0.0,0.25,0.03709808140194003,0.21146554408293905
13.0,full,obstacle,3.52025874428711e-08,0.17327884854065506,1,0,free,0,0.1332897974962342,0.04536196118742035,7,1,747,0,0,0,0.0,0.25,0.03683379188400215,0.21146554381590266
13.05,full,obstacle,3.401985188342709e-08,0.1728515687651027,1,0,free,0,0.1307051716011982,0.044809627997860174,7,1,747,0,0,0,0.0,0.25,0.03714027903027252,0.2114655435555869
13.100000000000001,full,obstacle,3.28768604517478e-08,0.17283155656692192,1,0,free,0,0.1327809579368573,0.0455332224253719,7,1,747,0,0,0,0.0,0.25,0.03677105915939201,0.2114655433018776
13.15,full,obstacle,3.177227732391396e-08,0.17234261000556936,1,0,free,0,0.1301626641962455,0.04455824495326301,7,1,747,0,0,0,0.0,0.25,0.037183760718621874,0.2114655430546596
13.200000000000001,full,obstacle,3.070481141529892e-08,0.1724008500863255,1,0,free,0,0.13206666431113695,0.045364325303616365,7,1,747,0,0,0,0.0,0.25,0.03724144236695321,0.2114655428138158
13.25,full,obstacle,2.9673214990748818e-08,0.17223214626194883,1,0,free,0,0.13449092099801685,0.045365467609171484,7,1,747,0,0,0,0.0,0.25,0.0371599590418006,0.21146554257922745
13.3,full,obstacle,2.8676282435068824e-08,0.1720518247983258,1,0,free,0,0.13175398570883984,0.04481932212898433,7,1,747,0,0,0,0.0,0.25,0.03726321062951678,0.21146554235077664
13.350000000000001,full,obstacle,2.7712848472862118e-08,0.17190280269256106,1,0,free,0,0.13424926278938853,0.04533200075253202,7,1,747,0,0,0,0.0,0.25,0.0371986702122709,0.211465542128343
13.4,full,obstacle,2.678178727517732e-08,0.17164221714950278,1,0,free,0,0.13174840887067757,0.045210622708643095,7,1,747,0,0,0,0.0,0.25,0.03728211421222592,0.21146554191180755
13.450000000000001,full,obstacle,2.588201097666946e-08,0.17149022655128685,1,0,free,0,0.13417828607215138,0.04492877679135113,7,1,747,0,0,0,0.0,0.25,0.03724057160118561,0.21146554170105014
13.5,full,obstacle,2.5012467847909503e-08,0.17124906636917608,1,0,free,0,0.13163961509851158,0.045150183051478346,7,1,747,0,0,0,0.0,0.25,0.03734590845043403,0.2114655414959511
13.55,full,obstacle,2.417214195720287e-08,0.17112134348652297,1,0,free,0,0.13403617574708604,0.04533717270289457,7,1,747,0,0,0,0.0,0.25,0.03725730568282792,0.21146554129639095
13.600000000000001,full,obstacle,2.3360051249958816e-08,0.1708597725798571,1,0,free,0,0.1315388370276197,0.04463743117521056,7,1,747,0,0,0,0.0,0.25,0.03741014724260779,0.2114655411022509
13.65,full,obstacle,2.2575246872956673e-08,0.17077284393340442,1,0,free,0,0.13396476708216604,0.04535258736399532,7,1,747,0,0,0,0.0,0.25,0.03731147806732071,0.21146554091341352
13.700000000000001,full,obstacle,2.1816811816054003e-08,0.17051646896750225,1,0,free,0,0.131457626498516,0.04502255413139743,7,1,747,0,0,0,0.0,0.25,0.037455978171836005,0.2114655407297602
13.75,full,obstacle,2.108385961476559e-08,0.1704318809128035,1,0,free,0,0.13379724062752918,0.04500876043699356,7,1,747,0,0,0,0.0,0.25,0.037312441988641164,0.21146554055117506
13.8,full,obstacle,2.037553418668168e-08,0.17017644267037585,1,0,free,0,0.13124458999744193,0.04493463417997694,7,1,747,0,0,0,0.0,0.25,0.03750919890565911,0.2114655403775424
13.850000000000001,full,obstacle,1.969100807384441e-08,0.17012674398084074,1,0,free,0,0.13351869887454487,0.045114464186113395,7,1,747,0,0,0,0.0,0.25,0.0372861338591142,0.2114655402087483
13.9,full,obstacle,1.9029480865998e-08,0.16984194980423722,1,0,free,0,0.1309520302123771,0.044381151207806016,7,1,747,0,0,0,0.0,0.25,0.037569884582203186,0.21146554004467977
13.950000000000001,full,obstacle,1.839018016831977e-08,0.16985437533171724,1,0,free,0,0.13319492473043593,0.045234856981663754,7,1,747,0,0,0,0.0,0.25,0.03740957368043634,0.2114655398852242
14.0,full,obstacle,1.777235895316874e-08,0.16960147148112042,1,0,free,0,0.13602195775551706,0.044659292004847806,7,1,747,0,0,0,0.0,0.25,0.037582904970835454,0.21146553973027238
14.05,full,obstacle,1.7175295259071523e-08,0.16968669291902164,1,0,free,0,0.13346523879780414,0.04540556020781919,7,1,747,0,0,0,0.0,0.25,0.037310092200746096,0.21146553957971503
14.100000000000001,full,obstacle,1.6598291775814243e-08,0.16935481967389776,1,0,free,0,0.13646188154976013,0.0444046700057593,7,1,747,0,0,0,0.0,0.25,0.03760944307322823,0.21146553943344448
14.15,full,obstacle,1.6040674407484056e-08,0.16950562177244152,1,0,free,0,0.13402055587427492,0.04523332571136113,7,1,747,0,0,0,0.0,0.25,0.03760374726631698,0.21146553929135592
14.200000000000001,full,obstacle,1.550179154811215e-08,0.16919217850844467,1,0,free,0,0.13197779410186883,0.04492016021069442,7,1,747,0,0,0,0.0,0.25,0.03763370974606956,0.21146553915334498
14.25,full,obstacle,1.498101388738675e-08,0.16906467399529754,1,0,free,0,0.13456468894298357,0.045139082131487956,7,1,747,0,0,0,0.0,0.25,0.037619585610755395,0.2114655390193091
14.3,full,obstacle,1.4477732908059858e-08,0.16895353587148657,1,0,free,0,0.13214025959987397,0.04538392387022969,7,1,747,0,0,0,0.0,0.25,0.03759435154971116,0.21146553888914765
14.350000000000001,full,obstacle,1.3991360517366177e-08,0.16879563930540029,1,0,free,0,0.13471494855197008,0.04465782862882127,7,1,747,0,0,0,0.0,0.25,0.03764830696289377,0.21146553876276164
14.4,full,obstacle,1.3521328726386457e-08,0.16872835744421283,1,0,free,0,0.13226455718292895,0.045426845439695926,7,1,747,0,0,0,0.0,0.25,0.037594060444437145,0.21146553864005446
14.450000000000001,full,obstacle,1.3067088524545636e-08,0.1685571473828015,1,0,free,0,0.1348794414187554,0.04495889224051425,7,1,747,0,0,0,0.0,0.25,0.037655370233485884,0.21146553852093064
14.5,full,obstacle,1.262810932830735e-08,0.16850484273514485,1,0,free,0,0.1324884414347156,0.04506305262824381,7,1,747,0,0,0,0.0,0.25,0.03757122724984508,0.21146553840529647
14.55,full,obstacle,1.2203878224532634e-08,0.1683197130729123,1,0,free,0,0.1352375444043712,0.04481081175804984,7,1,747,0,0,0,0.0,0.25,0.037702694481720415,0.2114655382930598
14.600000000000001,full,obstacle,1.1793899779925227e-08,0.16832587962366524,1,0,free,0,0.13286590977177792,0.04521660994183391,7,1,747,0,0,0,0.0,0.25,0.03752559884498356,0.21146553818413116
14.65,full,obstacle,1.1397694821006367e-08,0.1680876186723048,1,0,free,0,0.13573567363507422,0.044226552486038295,7,1,747,0,0,0,0.0,0.25,0.037785732451374815,0.21146553807842283
14.700000000000001,full,obstacle,1.1014800863601524e-08,0.1681842282132011,1,0,free,0,0.13336204376070626,0.04508807542037714,7,1,747,0,0,0,0.0,0.25,0.037674722947821135,0.211465537975848
14.75,full,obstacle,1.0644770592401238e-08,0.1678439478657116,1,0,free,0,0.13125225826521508,0.045055768639548785,7,1,747,0,0,0,0.0,0.25,0.037828335000153784,0.21146553787632227
14.8,full,obstacle,1.0287171789852363e-08,0.16783598055322368,1,0,free,0,0.13354650812350177,0.045138690595131564,7,1,747,0,0,0,0.0,0.25,0.037647655879976503,0.21146553777976307
14.850000000000001,full,obstacle,9.941586661736214e-09,0.16764043132881132,1,0,free,0,0.13104904307706128,0.044948643392512325,7,1,747,0,0,0,0.0,0.25,0.03784711628508627,0.21146553768608956
14.9,full,obstacle,9.607611721782876e-09,0.16766220453097613,1,0,free,0,0.13327929362264196,0.045233677242423415,7,1,747,0,0,0,0.0,0.25,0.037603001691250026,0.21146553759522202
14.950000000000001,full,obstacle,9.284856637807374e-09,0.1674326126300338,1,0,free,0,0.13075817565316378,0.04437539147633228,7,1,747,0,0,0,0.0,0.25,0.03789744996935196,0.21146553750708452
15.0,full,obstacle,8.97294475234176e-09,0.16751302609812038,1,0,free,0,0.13295437120977566,0.045228920562317726,7,1,747,0,0,0,0.0,0.25,0.03775478678684498,0.21146553742159957
0.05,full+plan,obstacle,9.87693132314243e-06,0.3033090255201761,1,0,free,0,0.05676101943747254,0.09233651758492056,6,1,709,0,0,0,0.0,0.25,0.08430815406658161,0.21129248126365663
0.1,full+plan,obstacle,0.00013839137335756467,0.2970011683870943,1,0,free,0,0.06182729235999242,0.08697255608532936,5,1,709,0,0,0,0.0,0.25,0.07867969447611241,0.21115276817658046
0.15000000000000002,full+plan,obstacle,0.00024314055891336422,0.29145745479152924,1,0,free,0,0.06663865856144606,0.08244860168557508,5,1,709,0,0,0,0.0,0.25,0.07408896296198926,0.21104509423703044
0.2,full+plan,obstacle,0.00032161539704834595,0.2864828956940811,1,0,free,0,0.07119161729994224,0.07795892025394441,5,1,718,0,0,0,0.0,0.25,0.06996602433591399,0.2109640512125458
0.25,full+plan,obstacle,0.00037856679211777246,0.2824144727249082,1,0,free,0,0.07548824077685222,0.07452085148204518,5,1,718,0,0,0,0.0,0.25,0.0663229042608718,0.21090497497010896
0.30000000000000004,full+plan,obstacle,0.0004180599390674132,0.2786387982689232,1,0,free,0,0.07181367852619898,0.07139075881463039,5,1,718,0,0,0,0.0,0.25,0.06333058011641997,0.2108638812227105
0.35000000000000003,full+plan,obstacle,0.00044351544748553676,0.2754289654099449,1,0,free,0,0.06484735420572942,0.06870860301136328,5,1,720,0,0,0,0.0,0.25,0.06062219652921114,0.21083739414202018
0.4,full+plan,obstacle,0.0004577892460956979,0.2724111263607352,1,0,free,0,0.05903911235830221,0.06623819704992798,5,1,720,0,0,0,0.0,0.25,0.05943324749536478,0.2108226737155564
0.45,full+plan,obstacle,0.00046325106216799414,0.2699149060746772,1,0,free,0,0.07940913588731775,0.06361533966496952,5,1,720,0,0,0,0.0,0.25,0.05770257992348433,0.21081734573639344
0.5,full+plan,obstacle,0.00046185604248487376,0.2677203183625946,1,0,free,0,0.07116732470363733,0.06193746089431197,5,1,722,0,0,0,0.0,0.25,0.056095342547586365,0.21081943672529213
0.55,full+plan,obstacle,0.000455208369466115,0.26566714950172804,1,0,free,0,0.06430311880705226,0.06043721029510156,5,1,722,0,0,0,0.0,0.25,0.054750547319275596,0.2108273150113925
0.6000000000000001,full+plan,obstacle,0.00044461687160932606,0.2639711343502218,1,0,free,0,0.058587699510766325,0.05919185976219629,5,1,722,0,0,0,0.0,0.25,0.05361229076901781,0.21083963839807318
0.65,full+plan,obstacle,0.0004311430983890937,0.2622734197458682,1,0,free,0,0.05382289575475403,0.05786694687869834,5,1,725,0,0,0,0.0,0.25,0.05364784039004717,0.21085530837973743
0.7000000000000001,full+plan,obstacle,0.00041564250827022645,0.2607859911800588,1,0,free,0,0.07421065598517494,0.05618998340053477,5,1,725,0,0,0,0.0,0.25,0.05312455671413769,0.21087343052777296
0.75,full+plan,obstacle,0.00039879953155916466,0.25961430658419915,1,0,free,0,0.06683703780357651,0.055465622737485024,5,1,725,0,0,0,0.0,0.25,0.0525038040345261,0.2108932805529521
0.8,full+plan,obstacle,0.00038115723911958814,0.2584380625875522,1,0,free,0,0.06069533821339006,0.05480663617938235,5,1,726,0,0,0,0.0,0.25,0.051969806284795146,0.21091427542773677
0.8500000000000001,full+plan,obstacle,0.0003631423387157696,0.25751742975893444,1,0,free,0,0.05558111998025271,0.05422697346444276,5,1,726,0,0,0,0.0,0.25,0.051581809029844834,0.21093594897595647
0.9,full+plan,obstacle,0.0003450861465562114,0.2564970618765324,1,0,free,0,0.05131746651144879,0.05324217428710348,5,1,726,0,0,0,0.0,0.25,0.0516899236746599,0.2109579313382225
0.9500000000000001,full+plan,obstacle,0.0003272421132398984,0.25545615032339486,1,0,free,0,0.07047264600921192,0.05229376053490305,5,1,733,0,0,0,0.0,0.25,0.05110877944490252,0.2109799317698876
1.0,full+plan,obstacle,0.00030980043338262156,0.25481372181373463,1,0,free,0,0.06372326118746093,0.05206708683681058,5,1,733,0,0,0,0.0,0.25,0.05038781948335347,0.21100172428844421
1.05,full+plan,obstacle,0.00029290017569431095,0.25408342281825413,1,0,free,0,0.058101064832264085,0.05138037792959106,5,1,733,0,0,0,0.0,0.25,0.049792927411781734,0.21102313573281506
1.1,full+plan,obstacle,0.00027663932859202584,0.2530736437696271,1,0,free,0,0.07492137910600875,0.0526171847525866,5,1,733,0,0,0,0.0,0.25,0.049113412543638824,0.21104403586273845
1.1500000000000001,full+plan,obstacle,0.000261083100132007,0.25233720791109976,1,0,free,0,0.06742840934934506,0.05176176342412532,5,1,733,0,0,0,0.0,0.25,0.04805490774637234,0.2110643291645592
1.2000000000000002,full+plan,obstacle,0.00024627074575420333,0.25091519990799593,1,0,free,0,0.08475581306563255,0.0505373003973848,5,1,733,0,0,0,0.0,0.25,0.047791525549385094,0.21108394809453956
1.25,full+plan,obstacle,0.0002322211700780888,0.250555590154065,1,0,free,0,0.07863140744881346,0.05187950634090957,5,1,733,0,0,0,0.0,0.25,0.047312145351253145,0.21110284751210628
1.3,full+plan,obstacle,0.0002189375150552264,0.2499955266670706,1,0,free,0,0.07305162656557389,0.05167549910683655,5,1,733,0,0,0,0.0,0.25,0.04662243752664039,0.21112158724014074
1.35,full+plan,obstacle,0.00020597785017890762,0.24929010737709395,1,0,free,0,0.06593003274152322,0.05078336207094683,5,1,733,0,0,0,0.0,0.25,0.046345697035258863,0.21113890735920815
1.4000000000000001,full+plan,obstacle,0.0001942832985960849,0.24886118407363939,1,0,free,0,0.06448173668491065,0.050694271140743,5,1,733,0,0,0,0.0,0.25,0.04600695531476789,0.21115547505550525
1.4500000000000002,full+plan,obstacle,0.00018328863175167106,0.24839882727201054,1,0,free,0,0.06190946662654424,0.05062342153703725,5,1,733,0,0,0,0.0,0.25,0.045569907334560275,0.21117129532599488
1.5,full+plan,obstacle,0.00017296695270832278,0.24787844705409515,1,0,free,0,0.05821383861120248,0.05003813604823201,5,1,733,0,0,0,0.0,0.25,0.04473685593347865,0.21118637989288203
1.55,full+plan,obstacle,0.00016328803709823202,0.24666190540422014,1,0,free,0,0.07422401999466581,0.049065684723658506,5,1,734,0,0,0,0.0,0.25,0.04467075798962632,0.21120074553768886
1.6,full+plan,obstacle,0.00015421960860859032,0.24647489278765716,1,0,free,0,0.0714090942965573,0.049209929115912335,5,1,734,0,0,0,0.0,0.25,0.04449395550107807,0.21121441275684594
1.6500000000000001,full+plan,obstacle,0.00014572834240406094,0.24620851921399817,1,0,free,0,0.0677484072070942,0.04928664336374708,5,1,734,0,0,0,0.0,0.25,0.044176288321552584,0.21122740468331058
1.7000000000000002,full+plan,obstacle,0.00013778064065569456,0.2457230270403688,1,0,free,0,0.061864956115961864,0.048385008362077556,5,1,734,0,0,0,0.0,0.25,0.04415529379978438,0.21123974622457176
1.75,full+plan,obstacle,0.00013034322743559745,0.2455525515607649,1,0,free,0,0.061165840854641815,0.04862644855727309,5,1,734,0,0,0,0.0,0.25,0.04399495714457377,0.2112514633771133
1.8,full+plan,obstacle,0.0001233835951010616,0.24528478860531805,1,0,free,0,0.0592768175180242,0.0488401813620348,5,1,734,0,0,0,0.0,0.25,0.04365035412047218,0.21126258268575515
1.85,full+plan,obstacle,0.0001168703277403445,0.24489224658722902,1,0,free,0,0.0562100431374644,0.04838371393170976,5,1,734,0,0,0,0.0,0.25,0.04317537423749012,0.21127313082372534
1.9000000000000001,full+plan,obstacle,0.0001107733308978097,0.2440103436398685,1,0,free,0,0.06889359726149365,0.04778020399937338,5,1,734,0,0,0,0.0,0.25,0.04311875469814524,0.2112831342652267
1.9500000000000002,full+plan,obstacle,0.00010506398270314715,0.24387093444159283,1,0,free,0,0.0662510986429027,0.04810798681139378,5,1,734,0,0,0,0.0,0.25,0.0428484972871974,0.2112926190390333
2.0,full+plan,obstacle,9.971522067380154e-05,0.24357942614070333,1,0,free,0,0.06262176192506837,0.04753748013091938,5,1,734,0,0,0,0.0,0.25,0.042471612510797896,0.21130161054275975
2.0500000000000003,full+plan,obstacle,9.470158727901074e-05,0.24280459723354925,1,0,free,0,0.07343609517742324,0.04719952288370105,5,1,734,0,0,0,0.0,0.25,0.042458084611236964,0.21131013340761473
2.1,full+plan,obstacle,8.999923152853617e-05,0.2427330082856577,1,0,free,0,0.07046043591128563,0.04753085439154678,5,1,734,0,0,0,0.0,0.25,0.042505710150368366,0.21131821140536544
2.15,full+plan,obstacle,8.558588724970879e-05,0.24246616542698984,1,0,free,0,0.06518450551009845,0.046853774898404296,5,1,735,0,0,0,0.0,0.25,0.04258631050699976,0.21132586738566828
2.2,full+plan,obstacle,8.144082953721601e-05,0.2424385284490173,1,0,free,0,0.06428123119316027,0.047311878401192525,5,1,735,0,0,0,0.0,0.25,0.04244543208442239,0.2113331232389507
2.25,full+plan,obstacle,7.754481288176335e-05,0.24224917534336013,1,0,free,0,0.06237065675412436,0.04705801432888812,5,1,735,0,0,0,0.0,0.25,0.042615495063224915,0.21133999988096275
2.3000000000000003,full+plan,obstacle,7.388000447972481e-05,0.24201021101411038,1,0,free,0,0.05850664269774149,0.047012021935721376,5,1,735,0,0,0,0.0,0.25,0.0425428186487527,0.21134651725030762
2.35,full+plan,obstacle,7.042990573838375e-05,0.24186562165959927,1,0,free,0,0.05808340468574762,0.04709675709926685,5,1,735,0,0,0,0.0,0.25,0.04265258702172655,0.2113526943199252
2.4000000000000004,full+plan,obstacle,6.717927491006157e-05,0.24152209250594656,1,0,free,0,0.05559557170397976,0.04666527594974394,5,1,735,0,0,0,0.0,0.25,0.04266627100320737,0.2113585491154285
2.45,full+plan,obstacle,6.411404423375975e-05,0.24144515459658047,1,0,free,0,0.056319676156119505,0.047178951181207976,5,1,735,0,0,0,0.0,0.25,0.04243609485394909,0.2113640987420865
2.5,full+plan,obstacle,6.122124056026659e-05,0.24118880624065522,1,0,free,0,0.0559811899420536,0.04649927018682519,5,1,735,0,0,0,0.0,0.25,0.0421524997659627,0.2113693594153513
2.5500000000000003,full+plan,obstacle,5.848890663882387e-05,0.24052612279934601,1,0,free,0,0.06572846051235919,0.046555256024012434,5,1,735,0,0,0,0.0,0.25,0.0421525543632601,0.21137434649475584
2.6,full+plan,obstacle,5.5906025463668246e-05,0.24046225460796908,1,0,free,0,0.06546847782112235,0.04660419536827666,5,1,735,0,0,0,0.0,0.25,0.04232556542808704,0.21137907451947002
2.6500000000000004,full+plan,obstacle,5.346244717804314e-05,0.24014609926104666,1,0,free,0,0.06319995479238023,0.04627212864143965,5,1,735,0,0,0,0.0,0.25,0.042408157890249605,0.21138355724585967
2.7,full+plan,obstacle,5.114882165681003e-05,0.24014180435917848,1,0,free,0,0.06392474966935212,0.046828947340219945,5,1,735,0,0,0,0.0,0.25,0.042487409563025706,0.2113878076845105
2.75,full+plan,obstacle,4.895653281881565e-05,0.2396836112727064,1,0,free,0,0.06260637737874568,0.04590963481343176,5,1,735,0,0,0,0.0,0.25,0.04285759977910179,0.2113918381373886
2.8000000000000003,full+plan,obstacle,4.6877639462686394e-05,0.24001744484183962,1,0,free,1,0.06897200300083213,0.04669256899568304,5,1,735,0,0,0,0.0,0.25,0.04467241037778077,0.21139185388327297
2.85,full+plan,obstacle,4.687119542230547e-05,0.24185799733265445,1,0,free,1,0.0777769357902937,0.04803980892040566,5,1,735,0,0,0,0.0,0.25,0.045821089606703724,0.21139186727058423
2.9000000000000004,full+plan,obstacle,4.686571905857674e-05,0.24330685508148528,1,0,free,1,0.0852893715779121,0.04961879369691853,5,1,741,0,0,0,0.0,0.25,0.04668822760827749,0.21139187865261333
2.95,full+plan,obstacle,4.6861064756331656e-05,0.24462322932118055,1,0,free,1,0.09165904500891302,0.050307941087461186,5,1,741,0,0,0,0.0,0.25,0.047963394243621185,0.21139188832972977
3.0,full+plan,obstacle,4.68571088963127e-05,0.24635296122640332,1,0,free,1,0.09692277445686391,0.05074830026104106,5,1,741,0,0,0,0.0,0.25,0.04869739911960878,0.21139189655731305
3.0500000000000003,full+plan,obstacle,4.685374650900287e-05,0.24762058196719647,1,0,free,1,0.10145957731363946,0.05206076521277518,5,1,745,0,0,0,0.0,0.25,0.04892502209212259,0.2113919035524886
3.1,full+plan,obstacle,4.685088844481592e-05,0.24842912881234025,1,0,free,1,0.10537232495852376,0.051950617780304006,5,1,745,0,0,0,0.0,0.25,0.04905276738998783,0.2113919094998581
3.1500000000000004,full+plan,obstacle,4.68484589775524e-05,0.24913945970552934,1,0,free,1,0.10869157291988572,0.051562222017694184,5,1,745,0,0,0,0.0,0.25,0.04978351701161559,0.21139191455637196
3.2,full+plan,obstacle,4.6846393774573914e-05,0.25031189554840155,1,0,free,1,0.11132609034487077,0.05202383208507445,5,1,746,0,0,0,0.0,0.25,0.05016109364860295,0.21139191885547193
3.25,full+plan,obstacle,4.684463817625171e-05,0.25319674015350807,1,0,free,1,0.12239672905620468,0.05028922672771402,5,1,746,0,0,0,0.0,0.25,0.05149808197850732,0.21139192251060968
3.3000000000000003,full+plan,obstacle,4.684314573674861e-05,0.25699433428795837,1,0,free,1,0.13145930776607445,0.05071913702216803,5,1,746,0,0,0,0.0,0.25,0.05146589606797897,0.21139192561824582
3.35,full+plan,obstacle,4.684187698677498e-05,0.25958079193930944,1,0,free,1,0.1393147861539179,0.05115071717331307,5,1,746,0,0,0,0.0,0.25,0.05226914998494353,0.21139192826038966
3.4000000000000004,full+plan,obstacle,4.68407983828657e-05,0.2626571194612455,1,0,free,1,0.1410643917839996,0.050975264389767405,5,1,746,0,0,0,0.0,0.25,0.05288820990302192,0.2113919305067672
3.45,full+plan,obstacle,4.683988141626507e-05,0.26542504539181705,1,0,free,1,0.14106439164557705,0.05102562121847305,4,1,746,0,0,0,0.0,0.25,0.05296409266517822,0.21139193241665988
3.5,full+plan,obstacle,4.6839101855570856e-05,0.26754925903279775,1,0,free,1,0.14106439152788608,0.05102171761634809,4,1,746,0,0,0,0.0,0.25,0.053204514649641155,0.21139193404047008
3.5500000000000003,full+plan,obstacle,4.683843910481518e-05,0.26951383237186727,1,0,free,1,0.141064391427822,0.05061831903050483,4,1,746,0,0,0,0.0,0.25,0.053613250791312086,0.21139193542105061
3.6,full+plan,obstacle,4.683787565651725e-05,0.271434412223672,1,0,free,1,0.14106439134274468,0.050604572103538525,4,1,746,0,0,0,0.0,0.25,0.05382231395088187,0.21139193659483368
3.6500000000000004,full+plan,obstacle,4.6837396628514793e-05,0.27299078145130595,1,0,free,1,0.14106439127040943,0.05057476602001597,4,1,746,0,0,0,0.0,0.25,0.054045762005946525,0.2113919375927965
3.7,full+plan,obstacle,4.683698936992671e-05,0.27425707158226414,1,0,free,1,0.141064391208908,0.05053569864342228,4,1,746,0,0,0,0.0,0.25,0.05409477208201261,0.21139193844127446
3.75,full+plan,obstacle,4.6836643126549354e-05,0.27968772760903965,1,0,free,1,0.14106439115661779,0.051135221535569764,4,1,746,0,0,0,0.0,0.25,0.052857638193898014,0.21139193916265875
3.8000000000000003,full+plan,obstacle,4.683634875564315e-05,0.2834427095004883,1,0,free,1,0.14106439111215913,0.05148881800639098,4,1,746,0,0,0,0.0,0.25,0.05157884243560596,0.21139193977598725
3.85,full+plan,obstacle,4.683609848516231e-05,0.2859596229218164,1,0,free,1,0.14106439107435909,0.051670314094656264,4,1,746,0,0,0,0.0,0.25,0.05029205457707084,0.21139194029744546
3.9000000000000004,full+plan,obstacle,4.6835885707650446e-05,0.2878797986815255,1,0,free,1,0.14106439104222035,0.052070909335694096,4,1,746,0,0,0,0.0,0.25,0.05027807144283555,0.21139194074079481
3.95,full+plan,obstacle,4.683570480592571e-05,0.2895849052695793,1,0,free,1,0.1410643910148952,0.052856133666623645,4,1,746,0,0,0,0.0,0.25,0.051113332348320786,0.21139194111773463
4.0,full+plan,obstacle,4.6835551004281984e-05,0.2910872766044831,1,0,free,1,0.14106439099166257,0.05384353570543783,4,1,746,0,0,0,0.0,0.25,0.052417391913582946,0.21139194143821272
4.05,full+plan,obstacle,4.683542024275956e-05,0.2924027826098941,1,0,free,1,0.14106439097190948,0.05491119504717416,4,1,746,0,0,0,0.0,0.25,0.05356638579677387,0.21139194171068654
4.1000000000000005,full+plan,obstacle,4.68353090697299e-05,0.29354887364150106,1,0,free,1,0.14106439095511486,0.05598103947254979,4,1,746,0,0,0,0.0,0.25,0.05473624679725737,0.21139194194234612
4.15,full+plan,obstacle,4.683521455053496e-05,0.29454327944631126,1,0,free,1,0.1410643909408355,0.05700562768189353,4,1,746,0,0,0,0.0,0.25,0.0559294300552355,0.21139194213930634
4.2,full+plan,obstacle,4.6835134190493225e-05,0.2954031811792112,1,0,free,1,0.14106439092869494,0.0579583141386429,4,1,746,0,0,0,0.0,0.25,0.05674085156146646,0.21139194230676261
4.25,full+plan,obstacle,4.6835065868451143e-05,0.29498199931306957,1,0,free,1,0.1410643909183727,0.05736602266634008,4,1,746,0,0,0,0.0,0.25,0.05823818862102037,0.21139194244913695
4.3,full+plan,obstacle,4.683500778085659e-05,0.29395968355054514,1,0,free,1,0.14106439090959633,0.05679031869666587,4,1,746,0,0,0,0.0,0.25,0.060186864153431274,0.21139194257018412
4.3500000000000005,full+plan,obstacle,4.6834958394708734e-05,0.29249892288052737,1,0,free,1,0.14106439090213446,0.05623069122976243,4,1,746,0,0,0,0.0,0.25,0.06237822734998997,0.21139194267310024
4.4,full+plan,obstacle,4.6834916406640594e-05,0.2907457837552683,1,0,free,1,0.1410643908957901,0.05568805339319484,4,1,746,0,0,0,0.0,0.25,0.06444638053694281,0.21139194276060047
4.45,full+plan,obstacle,4.683488070820384e-05,0.2888268731556178,1,0,free,1,0.14106439089039602,0.05516477191663878,4,1,746,0,0,0,0.0,0.25,0.06573636537442881,0.2113919428349934
4.5,full+plan,obstacle,4.6834850357374006e-05,0.28684667621717314,1,0,free,1,0.1410643908858099,0.05466422930513383,4,1,746,0,0,0,0.0,0.25,0.06651041981726442,0.21139194289824415
4.55,full+plan,obstacle,4.683482455291009e-05,0.28488634809739205,1,0,free,1,0.14106439088191053,0.05419013010150142,4,1,746,0,0,0,0.0,0.25,0.06707280870883597,0.2113919429520198
4.6000000000000005,full+plan,obstacle,4.6834802613850536e-05,0.28300452460312997,1,0,free,1,0.14106439087859513,0.053745812460873524,4,1,746,0,0,0,0.0,0.25,0.06760340687510041,0.21139194299774056
4.65,full+plan,obstacle,4.6834783961302775e-05,0.28123989790504766,1,0,free,1,0.14106439087577644,0.05333375652764438,4,1,746,0,0,0,0.0,0.25,0.06812559055681924,0.2113919430366128
4.7,full+plan,obstacle,4.683476810281044e-05,0.2796148235502198,1,0,free,1,0.1410643908733798,0.05295535582405762,4,1,746,0,0,0,0.0,0.25,0.06862053720043297,0.2113919430696628
4.75,full+plan,obstacle,4.6834754619790015e-05,0.27813917789709036,1,0,free,1,0.1410643908713421,0.05261091594215779,4,1,746,0,0,0,0.0,0.25,0.07067986774168551,0.21139194309776166
4.800000000000001,full+plan,obstacle,4.683474315649959e-05,0.2728509578313317,1,0,free,1,0.1410643908696096,0.05324850809786971,4,1,746,0,0,0,0.0,0.25,0.07195209882656496,0.2113919431216521
4.8500000000000005,full+plan,obstacle,4.683473341045391e-05,0.26778736582721496,1,0,free,1,0.1410643908681366,0.054070006438808285,5,1,746,0,0,0,0.0,0.25,0.07449458473855573,0.21139194314196386
4.9,full+plan,obstacle,4.683472512421559e-05,0.2638033460177117,1,0,free,1,0.14106439086688422,0.05586876208516088,5,1,746,0,0,0,0.0,0.25,0.07708869666924126,0.21139194315923293
4.95,full+plan,obstacle,4.683471807920555e-05,0.26066204780822394,1,0,free,1,0.14106439086581934,0.05815684800251307,5,1,746,0,0,0,0.0,0.25,0.07947790696390979,0.2113919431739152
5.0,full+plan,obstacle,4.683471208956778e-05,0.2581774183080183,1,0,free,1,0.141064390864914,0.060618622594812294,5,1,746,0,0,0,0.0,0.25,0.08174593760632284,0.2113919431863983
5.050000000000001,full+plan,obstacle,4.683470699715798e-05,0.2562044983329701,1,0,free,1,0.1410643908641443,0.06306169779199818,5,1,746,0,0,0,0.0,0.25,0.08390262610606289,0.2113919431970116
5.1000000000000005,full+plan,obstacle,4.683470266755471e-05,0.2546309365330836,1,0,free,1,0.14106439086348987,0.06533280444968301,5,1,746,0,0,0,0.0,0.25,0.0854267334046249,0.21139194320603483
5.15,full+plan,obstacle,4.683469898647201e-05,0.2533698990975733,1,0,free,1,0.14106439086293343,0.06735647695046407,5,1,746,0,0,0,0.0,0.25,0.08643711621771372,0.2113919432137069
5.2,full+plan,obstacle,4.6834695856798404e-05,0.2523543288753801,1,0,free,1,0.14106439086246025,0.06914012613969589,5,1,746,0,0,0,0.0,0.25,0.08742419939191212,0.21139194322022992
5.25,full+plan,obstacle,4.683469319608876e-05,0.2515323987276812,1,0,free,1,0.14106439086205808,0.0706998672109849,5,1,746,0,0,0,0.0,0.25,0.08293873451753174,0.21139194322577504
5.300000000000001,full+plan,obstacle,4.6834690933810246e-05,0.2411374635429147,1,0,free,1,0.14106439086171613,0.0681063836307528,5,1,746,0,0,0,0.0,0.25,0.07929757015079189,0.21139194323049038
5.3500000000000005,full+plan,obstacle,4.683468901035935e-05,0.23244255398009767,1,0,free,1,0.14106439086142525,0.0660779079823435,5,1,746,0,0,0,0.0,0.25,0.07629613250544316,0.21139194323449917
5.4,full+plan,obstacle,4.683468737512191e-05,0.22474776309213645,1,0,free,1,0.14106439086117806,0.06421579199560222,5,1,746,0,0,0,0.0,0.25,0.07382856443093395,0.21139194323790778
5.45,full+plan,obstacle,4.683468598482452e-05,0.21800711229992295,1,0,free,1,0.1410643908609679,0.06252537251236409,5,1,746,0,0,0,0.0,0.25,0.07174954883467269,0.21139194324080524
5.5,full+plan,obstacle,4.683468480274191e-05,0.21214599220336738,1,0,free,1,0.1410643908607891,0.06099886599025095,5,1,746,0,0,0,0.0,0.25,0.06992621122736489,0.2113919432432686
5.550000000000001,full+plan,obstacle,4.683468379780482e-05,0.20708499920333887,1,0,free,1,0.14106439086063716,0.059626373483257444,5,1,746,0,0,0,0.0,0.25,0.06841293352128472,0.2113919432453638
5.6000000000000005,full+plan,obstacle,4.683468294332262e-05,0.20273473595761696,1,0,free,1,0.14106439086050798,0.05841048545927231,5,1,746,0,0,0,0.0,0.25,0.06718832321101788,0.21139194324714483
5.65,full+plan,obstacle,4.683468221688888e-05,0.19901550808835325,1,0,free,1,0.14106439086039818,0.057373521763443514,5,1,746,0,0,0,0.0,0.25,0.06627320689309493,0.21139194324865873
5.7,full+plan,obstacle,4.683468159929529e-05,0.19586443710682414,1,0,free,1,0.1410643908603048,0.05656831742359246,5,1,746,0,0,0,0.0,0.25,0.06558954070222586,0.21139194324994592
5.75,full+plan,obstacle,4.683468107421446e-05,0.19319355245412834,1,0,free,1,0.14106439086022543,0.05593861222845327,5,1,746,0,0,0,0.0,0.25,0.06540534292101553,0.2113919432510406
5.800000000000001,full+plan,obstacle,4.6834680627617925e-05,0.18147322121457904,1,0,free,1,0.14106439086015776,0.055635248318092384,5,1,746,0,0,0,0.0,0.25,0.06513659887939557,0.2113919432519712
5.8500000000000005,full+plan,obstacle,4.683468024817634e-05,0.1713141898326169,1,0,free,1,0.14106439086010047,0.05521894568540528,5,1,746,0,0,0,0.0,0.25,0.06501176221053417,0.2113919432527619
5.9,full+plan,obstacle,4.683467992542221e-05,0.16256603501294023,1,0,free,1,0.14106439086005162,0.054755812305656765,5,1,746,0,0,0,0.0,0.25,0.06517727525244268,0.2113919432534347
5.95,full+plan,obstacle,4.683467965103788e-05,0.15506654610825904,1,0,free,1,0.14106439086001016,0.054284933952894965,5,1,746,0,0,0,0.0,0.25,0.06549372808072117,0.21139194325400712
6.0,full+plan,obstacle,4.6834679417743385e-05,0.14865823657414348,1,0,free,1,0.14106439085997485,0.053828952301966895,5,1,746,0,0,0,0.0,0.25,0.06587194843431646,0.21139194325449318
6.050000000000001,full+plan,obstacle,4.683467921940905e-05,0.14319544039471266,1,0,free,1,0.14106439085994488,0.05340039022150629,5,1,746,0,0,0,0.0,0.25,0.06641291828611204,0.2113919432549064
6.1000000000000005,full+plan,obstacle,4.6834679050835926e-05,0.13857011702550076,1,0,free,1,0.14106439085991934,0.05313596078985246,5,1,746,0,0,0,0.0,0.25,0.06703943778630372,0.2113919432552579
6.15,full+plan,obstacle,4.683467890745119e-05,0.1346556659256282,1,0,free,1,0.1410643908598977,0.052998365664921054,5,1,746,0,0,0,0.0,0.25,0.06768616488431614,0.211391943255557
6.2,full+plan,obstacle,4.6834678785579515e-05,0.1313409845829574,1,0,free,1,0.14106439085987932,0.052941915929409764,5,1,746,0,0,0,0.0,0.25,0.06831425277548302,0.211391943255811
6.25,full+plan,obstacle,4.683467868185451e-05,0.12853275890822047,1,0,free,1,0.14106439085986355,0.05293606008900158,5,1,746,0,0,0,0.0,0.25,0.07215244780321761,0.21139194325602706
6.300000000000001,full+plan,obstacle,4.683467859382546e-05,0.11663487391745087,1,0,free,1,0.14106439085985023,0.0541248681903978,5,1,746,0,0,0,0.0,0.25,0.07463052963405713,0.21139194325621047
6.3500000000000005,full+plan,obstacle,4.6834678518860204e-05,0.1066691481789003,1,0,free,1,0.1410643908598389,0.055548093683112615,5,1,746,0,0,0,0.0,0.25,0.07642583207064158,0.211391943256367
6.4,full+plan,obstacle,4.6834678455145836e-05,0.09830935414424752,1,0,free,1,0.14106439085982925,0.057002294102237894,5,1,746,0,0,0,0.0,0.25,0.07825802846809768,0.21139194325649935
6.45,full+plan,obstacle,4.6834678401076566e-05,0.09128639977140092,1,0,free,1,0.14106439085982114,0.05838414960981428,5,1,746,0,0,0,0.0,0.25,0.07991735678618707,0.21139194325661237
6.5,full+plan,obstacle,4.68346783549908e-05,0.08537827829116892,1,0,free,1,0.14106439085981415,0.05962495418171511,5,1,746,0,0,0,0.0,0.25,0.08101881050154201,0.21139194325670807
6.550000000000001,full+plan,obstacle,4.683467831592642e-05,0.08040160210504152,1,0,free,1,0.1410643908598082,0.06048136440163107,5,1,746,0,0,0,0.0,0.25,0.0820508057618995,0.21139194325678978
6.6000000000000005,full+plan,obstacle,4.68346782825645e-05,0.07620460258352514,1,0,free,1,0.1410643908598031,0.061244937566530724,5,1,746,0,0,0,0.0,0.25,0.08282273302586433,0.21139194325685928
6.65,full+plan,obstacle,4.683467825431404e-05,0.07266140283244836,1,0,free,1,0.14106439085979888,0.061917300217575466,5,1,746,0,0,0,0.0,0.25,0.08349774825939507,0.21139194325691835
6.7,full+plan,obstacle,4.68346782302726e-05,0.06966735762675945,1,0,free,1,0.14106439085979527,0.06250427074346199,5,1,746,0,0,0,0.0,0.25,0.08405549335719094,0.2113919432569683
6.75,full+plan,obstacle,4.683467820982001e-05,0.06713526988884835,1,0,free,1,0.14106439085979222,0.06301355997909677,5,1,746,0,0,0,0.0,0.25,0.08672488777759228,0.21139194325701094
6.800000000000001,full+plan,obstacle,4.683467819233415e-05,0.05638521800565338,1,0,free,1,0.1410643908597895,0.06543935898061684,5,1,746,0,0,0,0.0,0.25,0.08925444477399679,0.21139194325704713
6.8500000000000005,full+plan,obstacle,4.6834678177686595e-05,0.04743142596653105,1,0,free,1,0.14106439085978734,0.06759615350932993,5,1,746,0,0,0,0.0,0.25,0.09144324294060673,0.21139194325707822
6.9,full+plan,obstacle,4.683467816509656e-05,0.03995620092338222,1,0,free,1,0.1410643908597854,0.06948293671808567,5,1,746,0,0,0,0.0,0.25,0.09329574402022872,0.2113919432571042
6.95,full+plan,obstacle,4.6834678154332914e-05,0.03370163943267384,1,0,free,1,0.14106439085978378,0.07111825968290617,5,1,746,0,0,0,0.0,0.25,0.09486487484488175,0.21139194325712662
7.0,full+plan,obstacle,4.683467814528199e-05,0.028457861188556477,1,0,free,1,0.14106439085978234,0.07252772373653973,5,1,746,0,0,0,0.0,0.25,0.0961950946033691,0.21139194325714528
7.050000000000001,full+plan,obstacle,4.683467813750837e-05,0.024053525995879732,1,0,free,1,0.14106439085978117,0.07373821842098416,5,1,746,0,0,0,0.0,0.25,0.09732360066819798,0.21139194325716149
7.1000000000000005,full+plan,obstacle,4.683467813098219e-05,0.02034826449358169,1,0,free,1,0.14106439085978023,0.07477537410263219,5,1,746,0,0,0,0.0,0.25,0.0982815367521202,0.21139194325717503
7.15,full+plan,obstacle,4.683467812540566e-05,0.017226663282087433,1,1,free,1,0.14106439085977934,0.07566254168560965,5,1,746,0,0,0,0.0,0.25,0.0990950408804494,0.21139194325718658
7.2,full+plan,obstacle,4.6834678120638885e-05,0.014593490039010617,1,1,free,1,0.14106439085977868,0.07642049248538216,5,1,746,0,0,0,0.0,0.25,0.09978611015844374,0.211391943257197
7.25,full+plan,obstacle,4.6834678116624166e-05,0.012369898021881624,1,1,free,0,0.141064390859778,0.07648916129129482,5,1,746,0,0,0,0.0,0.25,0.09846588026815727,0.2113957558530558
7.300000000000001,full+plan,obstacle,4.486799168072817e-05,0.010844757864912492,1,1,free,0,0.14131071580522636,0.07494346851080283,5,1,746,0,0,0,0.0,0.25,0.09661380245551607,0.21139937209025972
7.3500000000000005,full+plan,obstacle,4.299973570505861e-05,0.009513518648853206,1,1,free,0,0.1415467808017945,0.07311708859134669,5,1,746,0,0,0,0.0,0.25,0.09412772025667755,0.211402802244267
7.4,full+plan,obstacle,4.1223802099511025e-05,0.008352090700786323,1,1,free,0,0.14177308096907548,0.07093837974510298,5,1,746,0,0,0,0.0,0.25,0.09166880920397569,0.21140605603560692
7.45,full+plan,obstacle,3.9534538823437675e-05,0.0073392321900420015,1,1,free,0,0.14199008278773906,0.06864499722719994,5,1,746,0,0,0,0.0,0.25,0.08926114260786398,0.21140914265963773
7.5,full+plan,obstacle,3.7926713219954405e-05,0.006456186208605021,1,1,free,0,0.14219822608201388,0.06625647708475374,5,1,746,0,0,0,0.0,0.25,0.08720828278849084,0.21141207081563185
7.550000000000001,full+plan,obstacle,3.6395475695129364e-05,0.005671265136860795,1,1,free,0,0.14239792584127586,0.06442535620230681,5,1,746,0,0,0,0.0,0.25,0.08528004142156417,0.21141484873413152
7.6000000000000005,full+plan,obstacle,3.493632970120178e-05,0.00497210030185056,1,1,free,0,0.14258957389859805,0.0625070795097114,5,1,746,0,0,0,0.0,0.25,0.08319922802193991,0.21141748420263295
7.65,full+plan,obstacle,3.3545101197304786e-05,0.004351133107783808,1,1,free,0,0.14277354047496976,0.06084548187825313,5,1,746,0,0,0,0.0,0.25,0.08144441076712094,0.21141998459051192
7.7,full+plan,obstacle,3.221791310408259e-05,0.0038013034229804994,1,1,free,0,0.14295017560536322,0.061597321172345496,5,1,747,0,0,0,0.0,0.25,0.07969778904648939,0.21142235687278632
7.75,full+plan,obstacle,3.095116050843914e-05,0.0033223929028684315,1,1,free,0,0.143119810453901,0.06005908514842842,5,1,747,0,0,0,0.0,0.25,0.07822671149730108,0.2114246076519536
7.800000000000001,full+plan,obstacle,2.9741488154256453e-05,0.0028986163723702745,1,1,free,0,0.14328275852857592,0.05872524221813863,5,1,747,0,0,0,0.0,0.25,0.07698577227809629,0.21142674317887
7.8500000000000005,full+plan,obstacle,2.8585770813217106e-05,0.0025245087774201464,1,1,free,0,0.1434393168053485,0.05870032776016716,5,1,747,0,0,0,0.0,0.25,0.07540391632951265,0.2114287693728033
7.9,full+plan,obstacle,2.748109456922081e-05,0.0022033627977652705,1,1,free,0,0.14358976676846202,0.057297608663810215,5,1,747,0,0,0,0.0,0.25,0.07430482963105874,0.21143069183976404
7.95,full+plan,obstacle,2.6424739430272562e-05,0.0019139881762291174,1,1,free,0,0.1437343753729587,0.05632711960086485,5,1,747,0,0,0,0.0,0.25,0.07337815538473884,0.21143251589024048
8.0,full+plan,obstacle,2.5414164562858824e-05,0.0016592307689581394,1,1,free,0,0.1438733959384616,0.05614494524634801,5,1,747,0,0,0,0.0,0.25,0.07243434980893002,0.21143424655535414
8.05,full+plan,obstacle,2.444699411746726e-05,0.001442176759493452,1,1,free,0,0.14400706897793436,0.055371761874478995,5,1,747,0,0,0,0.0,0.25,0.07241700974518586,0.21143588860285656
8.1,full+plan,obstacle,2.3521004374579448e-05,0.0012522413694958173,1,1,free,0,0.14413562296724414,0.05536102704179184,5,1,747,0,0,0,0.0,0.25,0.0724030085118536,0.2114374465513934
8.15,full+plan,obstacle,2.2634111607249783e-05,0.0010886801891650617,1,1,free,0,0.14425927506027497,0.055352684208366254,5,1,747,0,0,0,0.0,0.25,0.0723918540964669,0.21143892468428283
8.200000000000001,full+plan,obstacle,2.1784362047562757e-05,0.0009486711567900178,1,1,free,0,0.1443782317546743,0.055346393984031544,5,1,747,0,0,0,0.0,0.25,0.07238312368624647,0.21144032706249305
8.25,full+plan,obstacle,2.0969922014322982e-05,0.0008297919945210142,1,1,free,0,0.14449268951147087,0.055341858668781954,5,1,747,0,0,0,0.0,0.25,0.07237645370267981,0.21144165753702626
8.3,full+plan,obstacle,2.0189068785756004e-05,0.000729951650385459,1,1,free,0,0.14460283533209561,0.05533881769511721,5,1,747,0,0,0,0.0,0.25,0.07237153135799543,0.21144291975989427
8.35,full+plan,obstacle,1.944018240338864e-05,0.0006473126606662093,1,1,free,0,0.14470884729633493,0.05533704347269218,5,1,747,0,0,0,0.0,0.25,0.07236808748456561,0.2114441171951572
8.4,full+plan,obstacle,1.872173823625549e-05,0.000580202634316829,1,1,free,0,0.14481089506468664,0.055336337622474266,5,1,747,0,0,0,0.0,0.25,0.07236589043046585,0.211445253129105
8.450000000000001,full+plan,obstacle,1.8032300619977197e-05,0.0005270205022537475,1,1,free,0,0.1449091403475813,0.055336527580386846,5,1,747,0,0,0,0.0,0.25,0.07236474085029948,0.21144633067972085
8.5,full+plan,obstacle,1.7370515917816177e-05,0.00048615416325516344,1,1,free,0,0.14500373734322125,0.05533746354702972,5,1,747,0,0,0,0.0,0.25,0.07236446725079483,0.21144735280556903
8.55,full+plan,obstacle,1.6735107156652402e-05,0.0004559341443569583,1,1,free,0,0.14509483314749488,0.05533901575908545,5,1,747,0,0,0,0.0,0.25,0.0723649221733572,0.21144832231438293
8.6,full+plan,obstacle,1.6124868589699067e-05,0.0004346427341066746,1,1,free,0,0.14518256813754776,0.05534107205590959,5,1,747,0,0,0,0.0,0.25,0.07236597891598895,0.21144924187118963
8.65,full+plan,obstacle,1.5538661050930865e-05,0.0004205766630893471,1,1,free,0,0.14526707633115027,0.05534353571528229,5,1,747,0,0,0,0.0,0.25,0.07236752871396128,0.21145011400553215
8.700000000000001,full+plan,obstacle,1.4975407260256827e-05,0.0004121366275536651,1,1,free,0,0.14534848572299774,0.05534632353410554,5,1,747,0,0,0,0.0,0.25,0.07236947831056412,0.21145094111862328
8.75,full+plan,obstacle,1.4434087838332027e-05,0.00040790778756593727,1,1,free,0,0.14542691860054602,0.055349364129412354,5,1,747,0,0,0,0.0,0.25,0.0723717478609783,0.2114517254902647
8.8,full+plan,obstacle,1.39137374264973e-05,0.00040670687831301374,1,1,free,0,0.14550249184021669,0.055352596437472215,5,1,747,0,0,0,0.0,0.25,0.07237426912179523,0.2114524692849381
8.85,full+plan,obstacle,1.341344122189167e-05,0.0004075914365677851,1,1,free,0,0.14557531718559075,0.055355968390741236,5,1,747,0,0,0,0.0,0.25,0.0723769838847718,0.21145317455794255
8.9,full+plan,obstacle,1.2932331975728954e-05,0.0004098407241982734,1,1,free,0,0.1456455015089364,0.05535943575271948,5,1,747,0,0,0,0.0,0.25,0.07237984262128279,0.21145384326095884
8.950000000000001,full+plan,obstacle,1.246958669297574e-05,0.00041292190949564114,1,1,free,0,0.14571314705677368,0.05536296109406566,5,1,747,0,0,0,0.0,0.25,0.072382803307675,0.2114544772473147
9.0,full+plan,obstacle,1.2024423992733132e-05,0.00041645246929797655,1,1,free,0,0.14577835168120207,0.0553665128935487,5,1,747,0,0,0,0.0,0.25,0.07238583040703132,0.21145507827705157
9.05,full+plan,obstacle,1.1596101564607958e-05,0.00042016530903547084,1,1,free,0,0.1458412090575416,0.055370064749938,5,1,747,0,0,0,0.0,0.25,0.07238889398588995,0.21145564802181027
9.1,full+plan,obstacle,1.1183913879940503e-05,0.0004238794039560588,1,1,free,0,0.14590180888943677,0.05537359469177666,5,1,747,0,0,0,0.0,0.25,0.07239196894790081,0.21145618806920263
9.15,full+plan,obstacle,1.0787189831295955e-05,0.00042747649604039234,1,1,free,0,0.1459602371021757,0.05537708457375966,5,1,747,0,0,0,0.0,0.25,0.07239503436845472,0.21145669992716487
9.200000000000001,full+plan,obstacle,1.0405290838576705e-05,0.0004308832770295528,1,1,free,0,0.14601657602495055,0.055380519549072096,5,1,747,0,0,0,0.0,0.25,0.07239807291730876,0.2114571850279513
9.25,full+plan,obstacle,1.0037608931814075e-05,0.00043405809882977506,1,1,free,0,0.1460709045628038,0.05538388760908486,5,1,747,0,0,0,0.0,0.25,0.0724010703571664,0.21145764473202833
9.3,full+plan,obstacle,9.683564919584668e-06,0.0004369812294015245,1,1,free,0,0.14612329835912224,0.05538717918181034,5,1,747,0,0,0,0.0,0.25,0.07240401510850361,0.21145808033152325
9.35,full+plan,obstacle,9.34260675293135e-06,0.000439647796905369,1,1,free,0,0.14617382994892925,0.05539038678225197,5,1,747,0,0,0,0.0,0.25,0.07240689787175664,0.21145849305383624
9.4,full+plan,obstacle,9.014208076529197e-06,0.00044206273266033795,1,1,free,0,0.14622256890402163,0.05539350470806986,5,1,747,0,0,0,0.0,0.25,0.0724097112996345,0.2114588840648285
9.450000000000001,full+plan,obstacle,8.697866718223861e-06,0.0004442371802529039,1,1,free,0,0.14626958197007606,0.05539652877520601,5,1,747,0,0,0,0.0,0.25,0.0724124497128374,0.2114592544719781
9.5,full+plan,obstacle,8.393103489081854e-06,0.0004461859713739025,1,1,free,0,0.14631493319650307,0.055399456088322696,5,1,747,0,0,0,0.0,0.25,0.0724151088533504,0.21145960532716324
9.55,full+plan,obstacle,8.0994608121444e-06,0.0004479258726055002,1,1,free,0,0.14635868405912805,0.05540228484145458,5,1,747,0,0,0,0.0,0.25,0.07241768567105154,0.21145993762957482
9.600000000000001,full+plan,obstacle,7.816501569124088e-06,0.0004494743862534327,1,1,free,0,0.14640089357667968,0.055405014145778614,5,1,747,0,0,0,0.0,0.25,0.0724201781386668,0.21146025232833232
9.65,full+plan,obstacle,7.543808119158802e-06,0.0004508489478333617,1,1,free,0,0.1464416184210965,0.055407643880336116,5,1,747,0,0,0,0.0,0.25,0.07242258509172646,0.2114605503248833
9.700000000000001,full+plan,obstacle,7.280981143226886e-06,0.00045206640565800463,1,1,free,0,0.14648091302198074,0.05541017456315876,5,1,747,0,0,0,0.0,0.25,0.07242490609024674,0.21146083247548686
9.75,full+plan,obstacle,7.027638764493891e-06,0.00045314269973774173,1,1,free,0,0.14651882966580143,0.05541260724016864,5,1,747,0,0,0,0.0,0.25,0.07242714129925003,0.2114610995933962
9.8,full+plan,obstacle,6.783415658805213e-06,0.00045409268030159735,1,1,free,0,0.14655541859004384,0.05541494338946225,5,1,747,0,0,0,0.0,0.25,0.07242929138567573,0.21146135245105835
9.850000000000001,full+plan,obstacle,6.5479622215249215e-06,0.0004549300228249777,1,1,free,0,0.14659072807255935,0.05541718483902204,5,1,747,0,0,0,0.0,0.25,0.07243135742963287,0.21146159178208157
9.9,full+plan,obstacle,6.320943742682248e-06,0.0004556672085932972,1,1,free,0,0.1466248045164677,0.055419333696185624,5,1,747,0,0,0,0.0,0.25,0.07243334084818703,0.21146181828325183
9.950000000000001,full+plan,obstacle,6.102039682492017e-06,0.00045631554872173336,1,1,free,0,0.14665769253080796,0.055421392287415466,5,1,747,0,0,0,0.0,0.25,0.07243524332955553,0.21146203261626628
10.0,full+plan,obstacle,5.89094298033216e-06,0.00045688523614075195,1,1,free,0,0.1466894350072055,0.055423363106483256,5,1,747,0,0,0,0.0,0.25,0.07243706677708701,0.21146223540952447
10.05,full+plan,obstacle,5.687359378805656e-06,0.00045738541384312355,1,1,free,0,0.14672007319284136,0.055425248770755026,5,1,747,0,0,0,0.0,0.25,0.07243881326123214,0.21146242725977615
10.100000000000001,full+plan,obstacle,5.49100678581667e-06,0.0004578242521357955,1,1,free,0,0.14674964675984392,0.055427051983987397,5,1,747,0,0,0,0.0,0.25,0.07244048497853886,0.21146260873370204
10.15,full+plan,obstacle,5.301614804178861e-06,0.00045820902923031316,1,1,free,0,0.14677819387140967,0.055428775504808264,5,1,747,0,0,0,0.0,0.25,0.07244208421686571,0.21146278036939303
10.200000000000001,full+plan,obstacle,5.118924063982499e-06,0.0004585462116408623,1,1,free,0,0.14680575124464995,0.0554304221202889,5,1,747,0,0,0,0.0,0.25,0.07244361332572384,0.21146294267778643
10.25,full+plan,obstacle,4.942685758008851e-06,0.00045884153211740866,1,1,free,0,0.14683235421059104,0.0554319946236302,5,1,747,0,0,0,0.0,0.25,0.07244507469155446,0.2114630961439926
10.3,full+plan,obstacle,4.772661057678851e-06,0.0004591000632094827,1,1,free,0,0.14685803677119058,0.0554334957959267,5,1,747,0,0,0,0.0,0.25,0.07244647071660114,0.2114632412285754
10.350000000000001,full+plan,obstacle,4.6086208493641275e-06,0.0004593262863199764,1,1,free,0,0.14688283165395738,0.05543492839072235,5,1,747,0,0,0,0.0,0.25,0.0724478038014698,0.21146337836881945
10.4,full+plan,obstacle,4.45034508513669e-06,0.00045952415511677305,1,1,free,0,0.14690677036374988,0.05543629512160132,5,1,747,0,0,0,0.0,0.25,0.07244907633054455,0.21146350797983293
10.450000000000001,full+plan,obstacle,4.297622487887114e-06,0.0004596971535674435,1,1,free,0,0.14692988323241013,0.05543759865201622,5,1,747,0,0,0,0.0,0.25,0.07245029066004176,0.2114636304556755
10.5,full+plan,obstacle,4.150250139216559e-06,0.00045984834859525575,1,1,free,0,0.14695219946604682,0.055438841587248586,5,1,747,0,0,0,0.0,0.25,0.07245144910818918,0.2114637461704053
10.55,full+plan,obstacle,4.008033091193379e-06,0.00045998043764982076,1,1,free,0,0.14697374719017786,0.0554400264680259,5,1,747,0,0,0,0.0,0.25,0.07245255394726942,0.21146385547904256
10.600000000000001,full+plan,obstacle,3.870783990048409e-06,0.0004600957914180434,1,1,free,0,0.1469945534928404,0.055441155765591194,5,1,747,0,0,0,0.0,0.25,0.07245360739731384,0.21146395871857993
10.65,full+plan,obstacle,3.7383228298409216e-06,0.00046019649197626296,1,1,free,0,0.14701464446585533,0.055442231878062104,5,1,747,0,0,0,0.0,0.25,0.07245461162131975,0.21146405620881736
10.700000000000001,full+plan,obstacle,3.610476529187108e-06,0.00046028436683855274,1,1,free,0,0.14703404524413988,0.05544325712803323,5,1,747,0,0,0,0.0,0.25,0.0724555687213962,0.21146414825327275
10.75,full+plan,obstacle,3.4870786894315533e-06,0.00046036101925107107,1,1,free,0,0.1470527800433823,0.05544423376078292,5,1,747,0,0,0,0.0,0.25,0.07245648073608993,0.21146423513994883
10.8,full+plan,obstacle,3.3679693047776883e-06,0.00046042785506292006,1,1,free,0,0.1470708721960297,0.0554451639434448,5,1,747,0,0,0,0.0,0.25,0.07245734963848215,0.2114643171421423
10.850000000000001,full+plan,obstacle,3.252994503287507e-06,0.00046048610659011225,1,1,free,0,0.14708834418575,0.05544604976473376,5,1,747,0,0,0,0.0,0.25,0.07245817733510079,0.21146439451915222
10.9,full+plan,obstacle,3.142006234209533e-06,0.0004605368535003266,1,1,free,0,0.14710521768033186,0.055446893235288675,5,1,747,0,0,0,0.0,0.25,0.0724589656653331,0.21146446751697912
10.950000000000001,full+plan,obstacle,3.0348620751626296e-06,0.000460581041518723,1,1,free,0,0.14712151356324632,0.055447696288354026,5,1,747,0,0,0,0.0,0.25,0.07245971640139787,0.21146453636902052
11.0,full+plan,obstacle,2.931424977956021e-06,0.00046061949876627096,1,1,free,0,0.14713725196383493,0.05544846078088202,5,1,747,0,0,0,0.0,0.25,0.07246043124872899,0.21146460129668132
11.05,full+plan,obstacle,2.8315630468511386e-06,0.00046065295012554235,1,1,free,0,0.1471524522862308,0.05544918849489193,5,1,747,0,0,0,0.0,0.25,0.07246111184668232,0.21146466250997176
11.100000000000001,full+plan,obstacle,2.7351493352892886e-06,0.00046068203003604355,1,1,free,0,0.14716713323703923,0.05544988113907094,5,1,747,0,0,0,0.0,0.25,0.07246175976960048,0.21146472020807894
11.15,full+plan,obstacle,2.6420616176534665e-06,0.000460707293623695,1,1,free,0,0.14718131285186742,0.05545054035061023,5,1,747,0,0,0,0.0,0.25,0.0724623765280571,0.21146477457992818
11.200000000000001,full+plan,obstacle,2.552182237747918e-06,0.000460729226416542,1,1,free,0,0.14719500852079365,0.05545116769713658,5,1,747,0,0,0,0.0,0.25,0.07246296357019452,0.21146482580467196
11.25,full+plan,obstacle,2.465397893839827e-06,0.0004607482531425167,1,1,free,0,0.14720823701268693,0.05545176467865891,5,1,747,0,0,0,0.0,0.25,0.0724635222834407,0.2114648740521995
11.3,full+plan,obstacle,2.3815994550837885e-06,0.00046076474513562357,1,1,free,0,0.14722101449862268,0.055452332729834006,5,1,747,0,0,0,0.0,0.25,0.07246405399610217,0.21146491948361057
11.350000000000001,full+plan,obstacle,2.3006818461542352e-06,0.0004607790270090375,1,1,free,0,0.14723335657431336,0.05545287322203361,5,1,747,0,0,0,0.0,0.25,0.07246455997913198,0.21146496225163147
11.4,full+plan,obstacle,2.2225438195802063e-06,0.0004607913825153393,1,1,free,0,0.1472452782815598,0.05545338746553323,5,1,747,0,0,0,0.0,0.25,0.07246504144799226,0.2114650025010555
11.450000000000001,full+plan,obstacle,2.147087840390251e-06,0.00046080205959950075,1,1,free,0,0.147256794128928,0.05545387671176577,5,1,747,0,0,0,0.0,0.25,0.07246549956452043,0.2114650403691415
11.5,full+plan,obstacle,2.0742199354897167e-06,0.00046081127491493385,1,1,free,0,0.14726791811154938,0.05545434215551705,5,1,747,0,0,0,0.0,0.25,0.07246593543871559,0.2114650759859994
11.55,full+plan,obstacle,2.0038495695664405e-06,0.00046081921769509227,1,1,free,0,0.14727866373012033,0.0554547849370072,5,1,747,0,0,0,0.0,0.25,0.07246635013071633,0.2114651094749459
11.600000000000001,full+plan,obstacle,1.9358894827163554e-06,0.0004608260532065631,1,1,free,0,0.14728904400916087,0.055455206144143884,5,1,747,0,0,0,0.0,0.25,0.07246674465262919,0.21146514095284175
11.65,full+plan,obstacle,1.8702555731192106e-06,0.0004608319257607501,1,1,free,0,0.14729907151451976,0.05545560681458139,5,1,747,0,0,0,0.0,0.25,0.07246711997038471,0.211465170530435
11.700000000000001,full+plan,obstacle,1.8068667929534464e-06,0.00046083696132076643,1,1,free,0,0.14730875837023638,0.05545598793779265,5,1,747,0,0,0,0.0,0.25,0.07246747700560452,0.21146519831265398
11.75,full+plan,obstacle,1.7456449977060987e-06,0.0004608412698006564,1,1,free,0,0.14731811627469543,0.055456350457127435,5,1,747,0,0,0,0.0,0.25,0.07246781663727624,0.21146522439891557
11.8,full+plan,obstacle,1.6865148542981793e-06,0.00046084494717537933,1,1,free,0,0.14732715651615008,0.05545669527164579,5,1,747,0,0,0,0.0,0.25,0.0724681397036347,0.2114652488834169
11.850000000000001,full+plan,obstacle,1.6294037491966692e-06,0.00046084807706466246,1,1,free,0,0.14733588998769903,0.0554570232381575,5,1,747,0,0,0,0.0,0.25,0.07246844700377296,0.2114652718553779
11.9,full+plan,obstacle,1.5742416558584384e-06,0.00046085073247479697,1,1,free,0,0.14734432720159013,0.05545733517296719,5,1,747,0,0,0,0.0,0.25,0.07246873929936389,0.21146529339929565
11.950000000000001,full+plan,obstacle,1.5209610459930601e-06,0.00046085297699869417,1,1,free,0,0.14735247830303738,0.05545763185371903,5,1,747,0,0,0,0.0,0.25,0.07246901731625909,0.2114653135952046
12.0,full+plan,obstacle,1.469496812724561e-06,0.0004608548660840433,1,1,free,0,0.1473603530834942,0.055457914021099244,5,1,747,0,0,0,0.0,0.25,0.07246928174606772,0.21146533251889277
12.05,full+plan,obstacle,1.419786152419521e-06,0.00046085644799623564,1,1,free,0,0.14736796099339305,0.05545818238052133,5,1,747,0,0,0,0.0,0.25,0.07246953324759177,0.21146535024212143
12.100000000000001,full+plan,obstacle,1.3717684948334772e-06,0.00046085776483462875,1,1,free,0,0.14737531115441488,0.05545843760363682,5,1,747,0,0,0,0.0,0.25,0.07246977244836517,0.21146536683283357
12.15,full+plan,obstacle,1.3253854244189407e-06,0.0004608588531596726,1,1,free,0,0.1473824123713134,0.05545868032996186,5,1,747,0,0,0,0.0,0.25,0.0724699999460107,0.2114653823553413
12.200000000000001,full+plan,obstacle,1.2805805859162957e-06,0.0004608597448511938,1,1,free,0,0.14738927314324712,0.05545891116830144,5,1,747,0,0,0,0.0,0.25,0.07247021630961992,0.2114653968705308
12.25,full+plan,obstacle,1.2372996106380526e-06,0.0004608604676002715,1,1,free,0,0.1473959016747039,0.055459130698197676,5,1,747,0,0,0,0.0,0.25,0.07247042208107982,0.21146541043602107
12.3,full+plan,obstacle,1.1954900649384418e-06,0.0004608610454477286,1,1,free,0,0.14740230588603925,0.05545933947131264,5,1,747,0,0,0,0.0,0.25,0.07247061777621061,0.21146542310634142
12.350000000000001,full+plan,obstacle,1.1551013468262057e-06,0.0004608614993401206,1,1,free,0,0.14740849342356604,0.05545953801261577,5,1,747,0,0,0,0.0,0.25,0.07247080388610429,0.21146543493307723
12.4,full+plan,obstacle,1.1160846263552877e-06,0.0004608618474099892,1,1,free,0,0.1474144716692916,0.055459726821776245,5,1,747,0,0,0,0.0,0.25,0.072470980878182,0.21146544596505257
12.450000000000001,full+plan,obstacle,1.0783928009957629e-06,0.0004608621054094017,1,1,free,0,0.1474202477503324,0.05545990637425767,5,1,747,0,0,0,0.0,0.25,0.0724711491973541,0.21146545624844204
12.5,full+plan,obstacle,1.0419804105356952e-06,0.00046086228696309666,1,1,free,0,0.14742582854790542,0.05546007712252239,5,1,747,0,0,0,0.0,0.25,0.07247130926698846,0.21146546582691828
12.55,full+plan,obstacle,1.0068035933793383e-06,0.0004608624039043546,1,1,free,0,0.1474312207060431,0.055460239497026984,5,1,747,0,0,0,0.0,0.25,0.07247146149002354,0.21146547474178512
12.600000000000001,full+plan,obstacle,9.728200100470165e-07,0.0004608624664451831,1,1,free,0,0.14743643063995288,0.05546039390738407,5,1,747,0,0,0,0.0,0.25,0.07247160624985594,0.21146548303210955
12.65,full+plan,obstacle,9.39988813922564e-07,0.00046086248342922686,1,1,free,0,0.14744146454409685,0.05546054074325846,5,1,747,0,0,0,0.0,0.25,0.07247174391134201,0.21146549073481935
12.700000000000001,full+plan,obstacle,9.082705762519421e-07,0.00046086246246706517,1,1,free,0,0.14744632839994498,0.05546068037541882,5,1,747,0,0,0,0.0,0.25,0.07247187482160702,0.21146549788481994
12.75,full+plan,obstacle,8.776272334460098e-07,0.00046086241014910937,1,1,free,0,0.14745102798345638,0.055460813156556266,5,1,747,0,0,0,0.0,0.25,0.0724719993109166,0.21146550451510981
12.8,full+plan,obstacle,8.480220542094096e-07,0.0004608623321032307,1,1,free,0,0.14745556887230588,0.05546093942218212,5,1,747,0,0,0,0.0,0.25,0.07247211769343616,0.21146551065687624
12.850000000000001,full+plan,obstacle,8.194195746981315e-07,0.0004608622332218555,1,1,free,0,0.14745995645281468,0.055461059491405576,5,1,747,0,0,0,0.0,0.25,0.0724722302681079,0.21146551633957966
12.9,full+plan,obstacle,7.917855676514916e-07,0.00046086211767166135,1,1,free,0,0.147464195926655,0.05546117366784176,5,1,747,0,0,0,0.0,0.25,0.07247233731932337,0.21146552159106535
12.950000000000001,full+plan,obstacle,7.650869944232919e-07,0.0004608619889841605,1,1,free,0,0.14746829231730113,0.05546128224029355,5,1,747,0,0,0,0.0,0.25,0.07247243911760855,0.21146552643762384
13.0,full+plan,obstacle,7.392919518146022e-07,0.0004608618501964425,1,1,free,0,0.14747225047623586,0.055461385483453376,5,1,747,0,0,0,0.0,0.25,0.07247253592025729,0.2114655309040928
13.05,full+plan,obstacle,7.143696502252396e-07,0.00046086170393164254,1,1,free,0,0.14747607508896426,0.055461483658549096,5,1,747,0,0,0,0.0,0.25,0.07247262797202171,0.21146553501392262
13.100000000000001,full+plan,obstacle,6.902903551273176e-07,0.0004608615523939096,1,1,free,0,0.1474797706807709,0.055461577014051355,5,1,747,0,0,0,0.0,0.25,0.07247271550574742,0.211465538789256
13.15,full+plan,obstacle,6.6702536528225e-07,0.0004608613974151133,1,1,free,0,0.14748334162230964,0.05546166578632873,5,1,747,0,0,0,0.0,0.25,0.0724727987428713,0.21146554225099135
13.200000000000001,full+plan,obstacle,6.445469628352236e-07,0.0004608612405950845,1,1,free,0,0.14748679213495486,0.05546175020014647,5,1,747,0,0,0,0.0,0.25,0.07247287789402661,0.21146554541885576
13.25,full+plan,obstacle,6.228283917474607e-07,0.00046086108322243975,1,1,free,0,0.14749012629599778,0.055461830469288306,5,1,747,0,0,0,0.0,0.25,0.07247295315955717,0.2114655483114568
13.3,full+plan,obstacle,6.018438122628584e-07,0.00046086092640035763,1,1,free,0,0.1474933480436278,0.055461906797082294,5,1,747,0,0,0,0.0,0.25,0.07247302473000783,0.21146555094635422
13.350000000000001,full+plan,obstacle,5.815682737018128e-07,0.0004608607710161336,1,1,free,0,0.1474964611817478,0.055461979376900214,5,1,747,0,0,0,0.0,0.25,0.07247309278660163,0.21146555334011252
13.4,full+plan,obstacle,5.61977687983831e-07,0.0004608606178229616,1,1,free,0,0.14749946938463082,0.05546204839264249,5,1,747,0,0,0,0.0,0.25,0.07247315750167939,0.211465555508345
13.450000000000001,full+plan,obstacle,5.430487869427499e-07,0.00046086046743718076,1,1,free,0,0.1475023762013818,0.05546211401918509,5,1,747,0,0,0,0.0,0.25,0.07247321903914124,0.21146555746577922
13.5,full+plan,obstacle,5.247591057089202e-07,0.00046086032033888633,1,1,free,0,0.14750518506027166,0.05546217642282866,5,1,747,0,0,0,0.0,0.25,0.0724732775549185,0.2114655592262923
13.55,full+plan,obstacle,5.070869510203932e-07,0.00046086017688534047,1,1,free,0,0.14750789927290164,0.05546223576178874,5,1,747,0,0,0,0.0,0.25,0.07247333319727275,0.21146556080296153
13.600000000000001,full+plan,obstacle,4.900113705833761e-07,0.0004608600373661587,1,1,free,0,0.14751052203821619,0.0554622921864847,5,1,747,0,0,0,0.0,0.25,0.07247338610717319,0.21146556220811552
13.65,full+plan,obstacle,4.735121315282722e-07,0.00046085990202112624,1,1,free,0,0.14751305644639168,0.055462345839935145,5,1,747,0,0,0,0.0,0.25,0.07247343641877287,0.2114655634533572
13.700000000000001,full+plan,obstacle,4.5756969168954896e-07,0.00046085977096917727,1,1,free,0,0.1475155054825727,0.05546239685824131,5,1,747,0,0,0,0.0,0.25,0.07247348425952019,0.21146556454961474
13.75,full+plan,obstacle,4.421651760579645e-07,0.00046085964435353747,1,1,free,0,0.147517872030479,0.055462445370688424,5,1,747,0,0,0,0.0,0.25,0.0724735297507233,0.21146556550717965
13.8,full+plan,obstacle,4.272803561638497e-07,0.0004608595221980791,1,1,free,0,0.14752015887589615,0.05546249150033733,5,1,747,0,0,0,0.0,0.25,0.07247357300770974,0.21146556633573554
13.850000000000001,full+plan,obstacle,4.1289763071274506e-07,0.00046085940453698853,1,1,free,0,0.14752236871003532,0.05546253536417663,5,1,747,0,0,0,0.0,0.25,0.07247361414014507,0.21146556704439445
13.9,full+plan,obstacle,3.9899999463003257e-07,0.0004608592913374423,1,1,free,0,0.14752450413277413,0.05546257707344607,5,1,747,0,0,0,0.0,0.25,0.07247365325230612,0.21146556764172952
13.950000000000001,full+plan,obstacle,3.855710236884566e-07,0.00046085918259351213,1,1,free,0,0.1475265676557878,0.05546261673391695,5,1,747,0,0,0,0.0,0.25,0.07247369044340038,0.2114655681357992
14.0,full+plan,obstacle,3.7259485480912103e-07,0.00046085907820620295,1,1,free,0,0.14752856170556988,0.05546265444621895,5,1,747,0,0,0,0.0,0.25,0.07247372580773,0.21146556853417853
14.05,full+plan,obstacle,3.600561660720363e-07,0.00046085897812770624,1,1,free,0,0.1475304886263511,0.05546269030600312,5,1,747,0,0,0,0.0,0.25,0.07247375943496925,0.21146556884398826
14.100000000000001,full+plan,obstacle,3.479401549720378e-07,0.00046085888226568534,1,1,free,0,0.14753235068290604,0.05546272440421947,5,1,747,0,0,0,0.0,0.25,0.07247379141042584,0.21146556907191616
14.15,full+plan,obstacle,3.3623252813690165e-07,0.0004608587904952066,1,1,free,0,0.14753415006327952,0.05546275682739414,5,1,747,0,0,0,0.0,0.25,0.07247382181523243,0.21146556922424498
14.200000000000001,full+plan,obstacle,3.249194739517309e-07,0.00046085870269094143,1,1,free,0,0.147535888881399,0.05546278765781662,5,1,747,0,0,0,0.0,0.25,0.07247385072646481,0.21146556930686955
14.25,full+plan,obstacle,3.139876539063724e-07,0.0004608586187693298,1,1,free,0,0.14753756917960947,0.05546281697365324,5,1,747,0,0,0,0.0,0.25,0.07247387821749848,0.21146556932532434
14.3,full+plan,obstacle,3.034241820146507e-07,0.00046085853858762374,1,1,free,0,0.14753919293111717,0.055462844849325954,5,1,747,0,0,0,0.0,0.25,0.07247390435807842,0.2114655692847961
14.350000000000001,full+plan,obstacle,2.932166095470108e-07,0.00046085846201359554,1,1,free,0,0.14754076204234323,0.055462871355568724,5,1,747,0,0,0,0.0,0.25,0.0724739292145098,0.2114655691901549
14.4,full+plan,obstacle,2.8335291165576034e-07,0.00046085838894410167,1,1,free,0,0.14754227835520806,0.055462896559625996,5,1,747,0,0,0,0.0,0.25,0.07247395284987004,0.21146556904595892
14.450000000000001,full+plan,obstacle,2.7382147341415797e-07,0.00046085831922834056,1,1,free,0,0.14754374364932354,0.05546292052546964,5,1,747,0,0,0,0.0,0.25,0.07247397532411166,0.2114655688564796
14.5,full+plan,obstacle,2.6461107240107593e-07,0.0004608582527525601,1,1,free,0,0.14754515964411447,0.05546294331389809,5,1,747,0,0,0,0.0,0.25,0.07247399669427616,0.21146556862571708
14.55,full+plan,obstacle,2.5571086765151686e-07,0.0004608581893753511,1,1,free,0,0.14754652800087176,0.05546296498275921,5,1,747,0,0,0,0.0,0.25,0.072474017014549,0.2114655683574157
14.600000000000001,full+plan,obstacle,2.4711038733949e-07,0.0004608581289940787,1,1,free,0,0.147547850324728,0.055462985587002175,5,1,747,0,0,0,0.0,0.25,0.07247403633650656,0.21146556805507688
14.65,full+plan,obstacle,2.387995133386461e-07,0.0004608580714837588,1,1,free,0,0.14754912816656696,0.05546300517892924,5,1,747,0,0,0,0.0,0.25,0.07247405470923374,0.21146556772197245
14.700000000000001,full+plan,obstacle,2.3076847055590315e-07,0.00046085801670418206,1,1,free,0,0.1475503630248689,0.05546302380832584,5,1,747,0,0,0,0.0,0.25,0.07247407217930021,0.21146556736116218
14.75,full+plan,obstacle,2.230078165754818e-07,0.00046085796456919346,1,1,free,0,0.147551556347492,0.05546304152241281,5,1,747,0,0,0,0.0,0.25,0.07247408879108061,0.21146556697550112
14.8,full+plan,obstacle,2.1550842798562018e-07,0.00046085791493903313,1,1,free,0,0.14755270953339078,0.055463058366191684,5,1,747,0,0,0,0.0,0.25,0.0724741045866949,0.21146556656765358
14.850000000000001,full+plan,obstacle,2.082614906100314e-07,0.00046085786769834813,1,1,free,0,0.1475538239342779,0.055463074382371136,5,1,747,0,0,0,0.0,0.25,0.07247411960626686,0.21146556614010537
14.9,full+plan,obstacle,2.0125849067385975e-07,0.0004608578227491585,1,1,free,0,0.14755490085622852,0.05546308961164377,5,1,747,0,0,0,0.0,0.25,0.07247413388792398,0.21146556569517105
14.950000000000001,full+plan,obstacle,1.9449119957724946e-07,0.00046085777999050107,1,1,free,0,0.14755594156122398,0.05546310409267599,5,1,747,0,0,0,0.0,0.25,0.07247414746787231,0.2114655652350076
15.0,full+plan,obstacle,1.8795166962465679e-07,0.00046085773931833464,1,1,free,0,0.14755694726865531,0.05546311786217557,5,1,747,0,0,0,0.0,0.25,0.07247416038063229,0.21146556476162004
