t,mode,scenario,e_left,e_right,step_left,step_right,coord_state,plan_active,d_self_model,d_env_model,n_constraints,qp_ok,n_obstacle_pts,n_arm_arm,n_arm_env,n_arm_torso,pen,d_arms,d_obst,d_belt
0.05,off,table,0.12083699429047365,0.12083699537600488,0,0,,0,0.05676101943747254,inf,0,1,0,0,0,0,0.0,0.25,nan,0.18563083846003303
0.1,off,table,0.10617293810528618,0.10617294374741847,0,0,,0,0.06025353012509212,inf,0,1,0,0,0,0,0.0,0.25,nan,0.16215657311715448
0.15000000000000002,off,table,0.09338727322461178,0.0933872817157322,0,0,,0,0.06343503100841442,inf,0,1,0,0,0,0,0.0,0.25,nan,0.1408736192912975
0.2,off,table,0.08222830919500372,0.08222831911729628,0,0,,0,0.06625089014418624,inf,0,1,0,0,0,0,0.0,0.25,nan,0.1216062024149327
0.25,off,table,0.07248252414715932,0.07248253432646631,0,0,,0,0.06868968484435146,inf,0,1,0,0,0,0,0.0,0.25,nan,0.10418449962857113
0.30000000000000004,off,table,0.06396864544737782,0.0639686549795098,0,0,,0,0.0707655856555346,inf,0,1,0,0,0,0,0.0,0.25,nan,0.08847065211177974
0.35000000000000003,off,table,0.05653312011854114,0.05653312831380749,0,0,,0,0.07250804654199779,inf,0,1,0,0,0,0,0.0,0.25,nan,0.0739104073429997
0.4,off,table,0.05004700842205409,0.05004701481330203,0,0,,0,0.07395636155487932,inf,0,1,0,0,0,0,0.0,0.25,nan,0.06049281528219408
0.45,off,table,0.04440470810919215,0.04440471246193423,0,0,,0,0.07515802403582693,inf,0,1,0,0,0,0,0.0,0.25,nan,0.04847646734814026
0.5,off,table,0.039525930119072884,0.039525932461846644,0,0,,0,0.07617118488972892,inf,0,1,0,0,0,0,0.0,0.25,nan,0.03778534227721597
0.55,off,table,0.03536556535171656,0.03536556620274205,0,0,,0,0.07707365160950182,inf,0,1,0,0,0,0,0.0,0.25,nan,0.028410634041572735
0.6000000000000001,off,table,0.031948034604523834,0.03194803571912502,0,0,,0,0.07798413638661152,inf,0,1,0,0,2,0,-0.006104352090667054,0.25,nan,0.020536459511001803
0.65,off,table,0.02949823722974652,0.029498244886164718,0,0,,0,0.07900019936257684,inf,0,1,0,0,2,0,-0.01240577445960492,0.25,nan,0.014263626688643338
0.7000000000000001,off,table,0.028203093293740007,0.028203101790955566,0,0,,0,0.079593005361961,inf,0,1,0,0,2,0,-0.017915631629536615,0.25,nan,0.008781978219955744
0.75,off,table,0.027269393034428085,0.02726940427540503,0,0,,0,0.0776035322890581,inf,0,1,0,0,2,0,-0.022978255814574317,0.25,nan,0.0037461775092749727
0.8,off,table,0.026428658132694176,0.026428665552653708,0,0,,0,0.07831261050045939,inf,0,1,0,0,2,0,-0.027363719986153726,0.2497585004543889,nan,-0.0006129050695743432
0.8500000000000001,off,table,0.02588208648641515,0.025882097164799903,0,0,,0,0.0765940350982056,inf,0,1,0,0,2,0,-0.03141112421696114,0.24796464436064994,nan,-0.004635421158685538
0.9,off,table,0.025331852575803022,0.025331858393927348,0,0,,0,0.07748625046315559,inf,0,1,0,0,2,0,-0.03486105731476499,0.2470240463956327,nan,-0.008060858080438882
0.9500000000000001,off,table,0.025049842609298805,0.02504985246674027,0,0,,0,0.07593058357435802,inf,0,1,0,0,2,0,-0.038076740122485346,0.2456037206666919,nan,-0.011253633482357528
1.0,off,table,0.024683274324015094,0.024683278616936543,0,0,,0,0.07697806742822526,inf,0,1,0,0,2,0,-0.040756106752629286,0.24498748122170094,nan,-0.013910387493043408
1.05,off,table,0.024581138722225167,0.024581147834447443,0,0,,0,0.07553714861138798,inf,0,1,0,0,2,0,-0.04329576967445362,0.2438509434790007,nan,-0.01642910315119095
1.1,off,table,0.02432707195652374,0.024327074952971067,0,0,,0,0.07669678868304956,inf,0,1,0,0,2,0,-0.045346016635353675,0.24351460476370806,nan,-0.018458574212432133
1.1500000000000001,off,table,0.024347411133243704,0.02434741964714955,0,0,,0,0.07534902793860097,inf,0,1,0,0,2,0,-0.04734042200000075,0.24257796404682502,nan,-0.020433926640769706
1.2000000000000002,off,table,0.024159837758482097,0.024159839693118947,0,0,,0,0.0765778149612144,inf,0,1,0,0,2,0,-0.04888096670731981,0.24248123240208114,nan,-0.02195545363280227
1.25,off,table,0.024264271306235718,0.024264279386421932,0,0,,0,0.07531407225934957,inf,0,1,0,0,2,0,-0.050438800864948306,0.24168581823867494,nan,-0.02349603413500645
1.3,off,table,0.024114063533466637,0.024114064623115578,0,0,,0,0.07657453552604603,inf,0,1,0,0,2,0,-0.05156922415073613,0.24178037310877995,nan,-0.024609098845056576
1.35,off,table,0.02427699532078837,0.024277003100253686,0,0,,0,0.07539142470144315,inf,0,1,0,0,2,0,-0.052780053166797666,0.2410811843033788,nan,-0.025804361445415425
1.4000000000000001,off,table,0.02414587503764273,0.02414587546984436,0,0,,0,0.07665280459295808,inf,0,1,0,0,2,0,-0.05358259327271212,0.24131386164997912,nan,-0.026591091467487726
1.4500000000000002,off,table,0.024350087665954222,0.024350095271976006,0,0,,0,0.07554981532310757,inf,0,1,0,0,2,0,-0.05451965505535431,0.24069234084167018,nan,-0.02751415372379218
1.5,off,table,0.02422662333457354,0.024226623269748636,0,0,,0,0.0767874161804614,inf,0,1,0,0,2,0,-0.05506170114077702,0.2410218476070243,nan,-0.02804182257284904
1.55,off,table,0.024460330658152615,0.02446033817511148,0,0,,0,0.07576563899013179,inf,0,1,0,0,2,0,-0.05578444566532405,0.2404528805043775,nan,-0.028752011766786545
1.6,off,table,0.02433741041734518,0.02433740996492162,0,0,,0,0.0769597594879126,inf,0,1,0,0,2,0,-0.05612086029927258,0.24087040984387895,nan,-0.0290753660810813
1.6500000000000001,off,table,0.024592358737807272,0.024592366224581372,0,0,,0,0.07602118073885634,inf,0,1,0,0,2,0,-0.0566772195742134,0.24032402855319657,nan,-0.02962049326475691
1.7000000000000002,off,table,0.024465615947098417,0.024465615197862695,0,0,,0,0.07715614485690338,inf,0,1,0,0,2,0,-0.056852415170578256,0.24082203035174435,nan,-0.029783832527838672
1.75,off,table,0.024735883987860925,0.024735891484302837,0,0,,0,0.07630317999365145,inf,0,1,0,0,2,0,-0.05728079420573084,0.24028295824919205,nan,-0.030202186161028544
1.8,off,table,0.024602713022996606,0.02460271204678528,0,0,,0,0.07736656118725331,inf,0,1,0,0,2,0,-0.05733054174423289,0.2408478705319673,nan,-0.030241173541702193
1.85,off,table,0.024883955579738465,0.024883963117267646,0,0,,0,0.07660173418466269,inf,0,1,0,0,2,0,-0.057661531818470904,0.2403046773189286,nan,-0.03056323449796905
1.9000000000000001,off,table,0.024742891652545413,0.02474289049913397,0,0,,0,0.07758374443104303,inf,0,1,0,0,2,0,-0.05761450752649726,0.24091918893740402,nan,-0.03050644479139386
1.9500000000000002,off,table,0.02503185830163698,0.02503186588102808,0,0,,0,0.0769094736523518,inf,0,1,0,0,2,0,-0.05787233661443393,0.24037005961257604,nan,-0.030756337744424767
2.0,off,table,0.02488218224294297,0.024882180945129586,0,0,,0,0.07780247970982958,inf,0,1,0,0,2,0,-0.05775142619938969,0.24101490199249104,nan,-0.030626562287160874
2.0500000000000003,off,table,0.025176405276551562,0.025176412901887567,0,0,,0,0.07722094187561808,inf,0,1,0,0,2,0,-0.05795517129488265,0.24046451905142543,nan,-0.03082326845545602
2.1,off,table,0.02501788798946249,0.025017886576364178,0,0,,0,0.07801907901170325,inf,0,1,0,0,2,0,-0.05777855808837247,0.24113432090555076,nan,-0.030638603475901638
2.15,off,table,0.025315474732974862,0.025315482419624735,0,0,,0,0.07753212900679428,inf,0,1,0,0,2,0,-0.057943148215674416,0.24057698898092975,nan,-0.030796963774940234
2.2,off,table,0.025148209187503878,0.02514820767486122,0,0,,0,0.07823099035157226,inf,0,1,0,0,2,0,-0.057725213198643745,0.24126758058082778,nan,-0.030571710431276045
2.25,off,table,0.025447699688822056,0.025447707414423062,0,0,,0,0.07784012009759607,inf,0,1,0,0,2,0,-0.05786225278010492,0.24069126892353157,nan,-0.030703248640835845
2.3000000000000003,off,table,0.025271988423076576,0.025271986825608612,0,0,,0,0.0784365054748402,inf,0,1,0,0,2,0,-0.05761431402134649,0.24140726196716464,nan,-0.030448652227311634
2.35,off,table,0.02557225463709144,0.025572262383814173,0,0,,0,0.07814282979890934,inf,0,1,0,0,2,0,-0.05773275435831434,0.24080740030919592,nan,-0.030562246163508444
2.4000000000000004,off,table,0.025388533308992094,0.025388531627684733,0,0,,0,0.07863454065521187,inf,0,1,0,0,2,0,-0.05763924856689206,0.24113078222458542,nan,-0.03046288922570961
2.45,off,table,0.025494667977527665,0.025494673657946307,0,0,,0,0.07846895755686854,inf,0,1,0,0,2,0,-0.057629001548615236,0.2405688232126288,nan,-0.030447563337439143
2.5,off,table,0.025456921900920734,0.025456921101246383,0,0,,0,0.07866636782795815,inf,0,1,0,0,2,0,-0.05758191291305555,0.24054891065063175,nan,-0.03039525428011569
2.5500000000000003,off,table,0.02549441204218803,0.025494414470420033,0,0,,0,0.07861280571600311,inf,0,1,0,0,2,0,-0.05751355598137175,0.24024474487945427,nan,-0.030321978224793877
2.6,off,table,0.02552560133077344,0.02552560239740056,0,0,,0,0.07865454859352984,inf,0,1,0,0,2,0,-0.05743822426986261,0.23998224005356425,nan,-0.03024206360011039
2.6500000000000004,off,table,0.02557278428197687,0.025572784193450934,0,0,,0,0.07869189384321763,inf,0,1,0,0,2,0,-0.057359672786184895,0.2397526303919454,nan,-0.030159247301017045
2.7,off,table,0.025631323071981103,0.025631321984335445,0,0,,0,0.07871787884121124,inf,0,1,0,0,2,0,-0.057280625739812345,0.23931168287705504,nan,-0.03007623510509838
2.75,off,table,0.02569769345842307,0.025697691492976616,0,0,,0,0.07872925476334684,inf,0,1,0,0,2,0,-0.05720305918705357,0.2376623105383534,nan,-0.029994987973746223
2.8000000000000003,off,table,0.02576916723999667,0.02576916449321188,0,0,,0,0.07872521844040532,inf,0,1,0,0,2,0,-0.05712839011069098,0.236129379851619,nan,-0.029916907281163474
2.85,off,table,0.025843603111236308,0.025843599659347558,0,0,,0,0.07870656741943828,inf,0,1,0,0,2,0,-0.057057600983641474,0.2347122268892786,nan,-0.02984296019848076
2.9000000000000004,off,table,0.02591930550263725,0.02591930140688624,0,0,,0,0.078675112321462,inf,0,1,0,0,2,0,-0.05699132861505978,0.23341041683744057,nan,-0.029794187507430347
2.95,off,table,0.025994927690954975,0.025994922999412022,0,0,,0,0.07863325261859148,inf,0,1,0,0,2,0,-0.05694450030424483,0.23222325743799627,nan,-0.029754277914173732
3.0,off,table,0.026069404306067426,0.026069399055605083,0,0,,0,0.07858366258086609,inf,0,1,0,0,2,0,-0.05691008849158196,0.23114949353995787,nan,-0.029717379604098038
3.0500000000000003,off,table,0.026141903348079823,0.026141897566988065,0,0,,0,0.07852905709948556,inf,0,1,0,0,2,0,-0.05687862277064601,0.2301871395191088,nan,-0.02968362364764543
3.1,off,table,0.02621179083865479,0.02621178454705057,0,0,,0,0.07847202011924077,inf,0,1,0,0,2,0,-0.056850093446797756,0.22933341952819905,nan,-0.02965298701474961
3.1500000000000004,off,table,0.026278603253151726,0.026278596466463806,0,0,,0,0.07841488531183814,inf,0,1,0,0,2,0,-0.05682437187568121,0.2285847913578295,nan,-0.029625328096860026
3.2,off,table,0.026342024411078323,0.026342017142021754,0,0,,0,0.07835966151936892,inf,0,1,0,0,2,0,-0.056801242652929296,0.22793703281643526,nan,-0.029600418925052163
3.25,off,table,0.02640186470755913,0.026401856968267676,0,0,,0,0.07830799626978945,inf,0,1,0,0,2,0,-0.05678043243422474,0.22738536921280608,nan,-0.02957797402951745
3.3000000000000003,off,table,0.026458041554806914,0.026458033357723655,0,0,,0,0.07826117040583815,inf,0,1,0,0,2,0,-0.05676163507085313,0.2269246239587768,nan,-0.029557675622958968
3.35,off,table,0.026510560631393197,0.02651055198976055,0,0,,0,0.07822011262600866,inf,0,1,0,0,2,0,-0.05674453267275711,0.22654937432217312,nan,-0.02953919471676103
3.4000000000000004,off,table,0.02655949803024612,0.026559488960869328,0,0,,0,0.07818544538718654,inf,0,1,0,0,2,0,-0.056728812443791625,0.22625410004694393,nan,-0.029522207993751826
3.45,off,table,0.02660498363109215,0.026604974154175145,0,0,,0,0.07815751832628214,inf,0,1,0,0,2,0,-0.05671417928588303,0.2260333139723042,nan,-0.02950641045235436
3.5,off,table,0.026647186091705802,0.026647176230808957,0,0,,0,0.07813645867560633,inf,0,1,0,0,2,0,-0.05670036448711209,0.22588166996826176,nan,-0.029491524117544743
3.5500000000000003,off,table,0.026686299764408172,0.026686289545812744,0,0,,0,0.0781222187253534,inf,0,1,0,0,2,0,-0.05668713095590333,0.22579404554041455,nan,-0.02947730329164755
3.6,off,table,0.026722533710874664,0.026722523162347297,0,0,,0,0.07811461894601342,inf,0,1,0,0,2,0,-0.0566742755937856,0.22576559983425515,nan,-0.02946353693396231
3.6500000000000004,off,table,0.026756102830980406,0.026756091983910567,0,0,,0,0.07811338554979878,inf,0,1,0,0,2,0,-0.05666162944406383,0.225791809494657,nan,-0.02945004878761892
3.7,off,table,0.02678722099598213,0.026787209883124264,0,0,,0,0.07811818182898723,inf,0,1,0,0,2,0,-0.056649056218428785,0.22586848582005667,nan,-0.029436695893737652
3.75,off,table,0.026816095967636476,0.026816084621852795,0,0,,0,0.0781286332542928,inf,0,1,0,0,2,0,-0.05663644972827356,0.2259901721653083,nan,-0.029423365992004347
3.8000000000000003,off,table,0.026842925854382842,0.02684291430815799,0,0,,0,0.07814434688617412,inf,0,1,0,0,2,0,-0.05662948173943797,0.22615150821376298,nan,-0.029409974291589758
3.85,off,table,0.02686789681855246,0.026867885105345303,0,0,,0,0.0781649258416061,inf,0,1,0,0,2,0,-0.056624322211821995,0.2263526544872313,nan,-0.029396459935936092
3.9000000000000004,off,table,0.02689118178479127,0.026891169935507782,0,0,,0,0.07818997966590362,inf,0,1,0,0,2,0,-0.05661852982199276,0.22659069855005667,nan,-0.02938278244558934
3.95,off,table,0.026912939896194168,0.02691292794263732,0,0,,0,0.07821913140698213,inf,0,1,0,0,2,0,-0.05661212975268974,0.22686299493545542,nan,-0.02936891830016386
4.0,off,table,0.02693331652928909,0.026933304502880624,0,0,,0,0.0782520221772922,inf,0,1,0,0,2,0,-0.05660515499563228,0.2271671404245265,nan,-0.029354857780394927
4.05,off,table,0.026952443696418065,0.026952431624230385,0,0,,0,0.07828831379490316,inf,0,1,0,0,2,0,-0.056597644234930654,0.22750094948507382,nan,-0.029340602152463702
4.1000000000000005,off,table,0.026970440699971718,0.02697042860921126,0,0,,0,0.07832769000578797,inf,0,1,0,0,2,0,-0.05658964002683636,0.22786243112772303,nan,-0.02932616118871645
4.15,off,table,0.026987414945450212,0.026987402861940606,0,0,,0,0.07836985675821785,inf,0,1,0,0,2,0,-0.056581187245691535,0.22824976672128727,nan,-0.029311551040980377
4.2,off,table,0.02700346284030431,0.027003450789213006,0,0,,0,0.07841454176079228,inf,0,1,0,0,2,0,-0.05657233181297729,0.22866128997663274,nan,-0.029296792453185394
4.25,off,table,0.027018670718484135,0.027018658720392375,0,0,,0,0.0784614936218657,inf,0,1,0,0,2,0,-0.05656311965653363,0.2290954691015567,nan,-0.029281909289371355
4.3,off,table,0.027033115748753594,0.027033103826593994,0,0,,0,0.07851048071406692,inf,0,1,0,0,2,0,-0.056553595908593796,0.2295508905022619,nan,-0.029268337131453714
4.3500000000000005,off,table,0.02704686682329772,0.027046854996069004,0,0,,0,0.07856128990692472,inf,0,1,0,0,2,0,-0.05654380428586977,0.23002624465972776,nan,-0.029261076580855416
4.4,off,table,0.027059985382330145,0.02705997366729446,0,0,,0,0.07861372523136433,inf,0,1,0,0,2,0,-0.05653378662348758,0.23052031336785905,nan,-0.02925350742057775
4.45,off,table,0.02707252619322419,0.027072514605463838,0,0,,0,0.07866760653786627,inf,0,1,0,0,2,0,-0.05652358257035747,0.23103195914698937,nan,-0.02924567498300823
4.5,off,table,0.027084538054021282,0.027084526608073995,0,0,,0,0.07872276821084347,inf,0,1,0,0,2,0,-0.056513229362290404,0.23156011558073705,nan,-0.029237621506859823
4.55,off,table,0.027096064446290886,0.027096053157402954,0,0,,0,0.07877905795780764,inf,0,1,0,0,2,0,-0.05650276172148658,0.23210377905850402,nan,-0.029229386118351686
4.6000000000000005,off,table,0.027107144121774736,0.027107133002216854,0,0,,0,0.0788363356409837,inf,0,1,0,0,2,0,-0.05649221179990574,0.23266200203490847,nan,-0.029221004860188415
4.65,off,table,0.027117811626599018,0.027117800688271514,0,0,,0,0.07889447225012618,inf,0,1,0,0,2,0,-0.056481609194561744,0.23323388680138696,nan,-0.02921251077465159
4.7,off,table,0.027128097777224237,0.027128087028693244,0,0,,0,0.07895334892666826,inf,0,1,0,0,2,0,-0.05647098099063336,0.23381858005570005,nan,-0.02920393400523802
4.75,off,table,0.0271380300837931,0.027138019534246542,0,0,,0,0.07901285603090998,inf,0,1,0,0,2,0,-0.05646035185267119,0.23441526867677104,nan,-0.02919530194096631
4.800000000000001,off,table,0.02714763312490882,0.02714762278372149,0,0,,0,0.07907289237908259,inf,0,1,0,0,2,0,-0.05644974413058299,0.23502317587500418,nan,-0.029186639362671074
4.8500000000000005,off,table,0.027156928884765372,0.02715691875883639,0,0,,0,0.07913336449968285,inf,0,1,0,0,2,0,-0.05643917797717528,0.2356415580574796,nan,-0.02917796860037114
4.9,off,table,0.02716593704871526,0.02716592714437228,0,0,,0,0.07919418597643575,inf,0,1,0,0,2,0,-0.05642867147676617,0.23626970165225994,nan,-0.029169309699007773
4.95,off,table,0.027174675268667823,0.027174665591847006,0,0,,0,0.07925527683427351,inf,0,1,0,0,2,0,-0.05641824078515082,0.23690692120416104,nan,-0.029160680583844023
5.0,off,table,0.02718315939473121,0.027183149950039197,0,0,,0,0.07931656302643826,inf,0,1,0,0,2,0,-0.05640790025936991,0.23755255692737456,nan,-0.02915209721434675
5.050000000000001,off,table,0.027191403682901773,0.02719139447622625,0,0,,0,0.0793779759198759,inf,0,1,0,0,2,0,-0.056397662595803394,0.2379517288641638,nan,-0.029143573745218032
5.1000000000000005,off,table,0.027199420978740528,0.02719941201381407,0,0,,0,0.0794394518767222,inf,0,1,0,0,2,0,-0.05638753895997409,0.23795681829552695,nan,-0.029135122673336067
5.15,off,table,0.027207222877293505,0.027207214157479395,0,0,,0,0.07950093185187836,inf,0,1,0,0,2,0,-0.05637753911090677,0.23796200601008416,nan,-0.029126754981542713
5.2,off,table,0.027214819864779322,0.02721481139338491,0,0,,0,0.07956236103301682,inf,0,1,0,0,2,0,-0.05636767152016873,0.2379672791941939,nan,-0.02911848027065933
5.25,off,table,0.027222221446890765,0.02722221322623152,0,0,,0,0.07962368853040543,inf,0,1,0,0,2,0,-0.05635794348690594,0.23797262620654852,nan,-0.029110306883334824
5.300000000000001,off,table,0.027229436258980916,0.027229428290220157,0,0,,0,0.07968486707885496,inf,0,1,0,0,2,0,-0.05634836124067731,0.2379780364489031,nan,-0.029102242025367597
5.3500000000000005,off,table,0.027236472162790897,0.027236464448876417,0,0,,0,0.07974585274940853,inf,0,1,0,0,2,0,-0.05633893004305996,0.23798350025177306,nan,-0.029094291866067712
5.4,off,table,0.027243336337227916,0.027243328878266734,0,0,,0,0.07980660476110944,inf,0,1,0,0,2,0,-0.05632965427826568,0.23798900877968246,nan,-0.029086461644638573
5.45,off,table,0.027250035350379676,0.027250028147276537,0,0,,0,0.07986708521097745,inf,0,1,0,0,2,0,-0.056320537536621675,0.23799455393840666,nan,-0.029078755757240504
5.5,off,table,0.027256575230949574,0.027256568283304562,0,0,,0,0.0799272589130988,inf,0,1,0,0,2,0,-0.056311582691033805,0.23800012830800976,nan,-0.02907117784791613
5.550000000000001,off,table,0.02726296152438064,0.027262954833807092,0,0,,0,0.07998709319640464,inf,0,1,0,0,2,0,-0.05630279197695564,0.23800572506807297,nan,-0.029063730875630744
5.6000000000000005,off,table,0.027269199349721204,0.02726919291658229,0,0,,0,0.08004655774473644,inf,0,1,0,0,2,0,-0.056294167046081714,0.2380113379393109,nan,-0.029056417188138783
5.65,off,table,0.027275293446026173,0.027275287268036227,0,0,,0,0.08010562447621693,inf,0,1,0,0,2,0,-0.056285709033693045,0.23801696113695686,nan,-0.029049238591096094
5.7,off,table,0.02728124820983995,0.027281242286190034,0,0,,0,0.08016426734906067,inf,0,1,0,0,2,0,-0.05627741861107829,0.2380225893211978,nan,-0.029042196400893006
5.75,off,table,0.027287067735151223,0.027287062065206723,0,0,,0,0.08022246227457845,inf,0,1,0,0,2,0,-0.05626929603555687,0.23802821755751974,nan,-0.029035291495770776
5.800000000000001,off,table,0.027292755845547283,0.027292750428891854,0,0,,0,0.08028018638826255,inf,0,1,0,0,2,0,-0.05626134119672246,0.2380338412789134,nan,-0.02902852436657155
5.8500000000000005,off,table,0.02729831612220997,0.02729831095717556,0,0,,0,0.08033741843398827,inf,0,1,0,0,2,0,-0.05625355365604022,0.23803945625870696,nan,-0.02902189516004061
5.9,off,table,0.027303751928807973,0.02730374701472876,0,0,,0,0.0803941407884559,inf,0,1,0,0,2,0,-0.056245932680026416,0.23804505857643904,nan,-0.02901540371390643
5.95,off,table,0.027309066436024248,0.02730906177088413,0,0,,0,0.08045033605796241,inf,0,1,0,0,2,0,-0.056238477280997845,0.23805064459551764,nan,-0.029009049598550884
6.0,off,table,0.02731426263947305,0.027314258222060264,0,0,,0,0.08050598827904247,inf,0,1,0,0,2,0,-0.056231186245098236,0.23805621094202672,nan,-0.029002832140269108
6.050000000000001,off,table,0.027319343378286533,0.02731933920543109,0,0,,0,0.08056108287202256,inf,0,1,0,0,2,0,-0.05622405815243085,0.2380617544817957,nan,-0.02899675045964023
6.1000000000000005,off,table,0.02732431134960982,0.027324307420369502,0,0,,0,0.08061560653093351,inf,0,1,0,0,2,0,-0.056217091411679104,0.2380672723047678,nan,-0.028990803483429084
6.15,off,table,0.027329169125866443,0.02732916543763254,0,0,,0,0.08066954717010148,inf,0,1,0,0,2,0,-0.05621028427568715,0.23807276170747918,nan,-0.028984989984371046
6.2,off,table,0.02733391916243985,0.027333915713045432,0,0,,0,0.08072289385910457,inf,0,1,0,0,2,0,-0.056203637252454315,0.23807822018007999,nan,-0.028979308588124364
6.25,off,table,0.027338563812038894,0.027338560598786452,0,0,,0,0.08077563675972098,inf,0,1,0,0,2,0,-0.05619715057698955,0.23808364538776164,nan,-0.02897375779764655
6.300000000000001,off,table,0.027343105334043688,0.027343102355745358,0,0,,0,0.08082776706894727,inf,0,1,0,0,2,0,-0.0561908171370472,0.23808903516843874,nan,-0.028968336009861484
6.3500000000000005,off,table,0.027347545901451005,0.02734754315458084,0,0,,0,0.08087927697631629,inf,0,1,0,0,2,0,-0.05618463477238542,0.23809438751238673,nan,-0.028963041528325628
6.4,off,table,0.027351887610913134,0.02735188509278874,0,0,,0,0.08093015958612258,inf,0,1,0,0,2,0,-0.05617860125049308,0.238099700556615,nan,-0.02895787257917737
6.45,off,table,0.02735613248759077,0.02735613019600817,0,0,,0,0.08098040890328088,inf,0,1,0,0,2,0,-0.056172714277972095,0.23810497257926994,nan,-0.02895282732264881
6.5,off,table,0.027360282492120285,0.02736028042436317,0,0,,0,0.0810300197550403,inf,0,1,0,0,2,0,-0.0561669715080215,0.238110201985151,nan,-0.028947903860975344
6.550000000000001,off,table,0.027364339526313623,0.02736433767876782,0,0,,0,0.08107898778000565,inf,0,1,0,0,2,0,-0.05616137055540327,0.23811538730071044,nan,-0.02894310025323188
6.6000000000000005,off,table,0.027368305437535555,0.02736830380805163,0,0,,0,0.08112730935764016,inf,0,1,0,0,2,0,-0.05615590899710654,0.23812052716957538,nan,-0.028938414516312072
6.65,off,table,0.027372182023515733,0.02737218060896646,0,0,,0,0.08117498159142993,inf,0,1,0,0,2,0,-0.056150584386655,0.23812562034052412,nan,-0.028933844639137618
6.7,off,table,0.02737597103580223,0.02737596983292613,0,0,,0,0.08122200225490216,inf,0,1,0,0,2,0,-0.05614539426201949,0.23813066566837282,nan,-0.028929388590535732
6.75,off,table,0.027379674181907197,0.02737967318768484,0,0,,0,0.08126836977556316,inf,0,1,0,0,2,0,-0.056140336144456744,0.23813566210211382,nan,-0.02892504431837506
6.800000000000001,off,table,0.02738329313098358,0.027383292342681897,0,0,,0,0.0813140831880496,inf,0,1,0,0,2,0,-0.05613540754923607,0.2381406086863173,nan,-0.02892080976015121
6.8500000000000005,off,table,0.02738682951523632,0.027386828929768847,0,0,,0,0.08135914211099497,inf,0,1,0,0,2,0,-0.05613060598925676,0.23814550455076858,nan,-0.02891668284640181
6.9,off,table,0.027390284931385605,0.02739028454561621,0,0,,0,0.08140354670395582,inf,0,1,0,0,2,0,-0.056125928978998325,0.23815034890822956,nan,-0.02891266150486904
6.95,off,table,0.027393660944671692,0.02739366075492574,0,0,,0,0.08144729763987539,inf,0,1,0,0,2,0,-0.056121374038644437,0.23815514104857743,nan,-0.028908743664482484
7.0,off,table,0.027396959089573448,0.02739695909305216,0,0,,0,0.08149039608986845,inf,0,1,0,0,2,0,-0.05611693870236242,0.23815988033997798,nan,-0.028904927263394997
7.050000000000001,off,table,0.027400180869966498,0.027400181064852182,0,0,,0,0.08153284370210927,inf,0,1,0,0,2,0,-0.056112620509447306,0.238164566218023,nan,-0.02890121024061809
7.1000000000000005,off,table,0.027403327766082463,0.027403328147332106,0,0,,0,0.0815746425316806,inf,0,1,0,0,2,0,-0.0561084170217175,0.23816919818919496,nan,-0.02889759055257335
7.15,off,table,0.02740640122844735,0.027406401793750545,0,0,,0,0.08161579507082938,inf,0,1,0,0,2,0,-0.05610432581349716,0.2381737758209749,nan,-0.028894066163753784
7.2,off,table,0.0274094026854963,0.02740940343093867,0,0,,0,0.08165630418978724,inf,0,1,0,0,2,0,-0.056100344483720026,0.238178298744738,nan,-0.028890635058229086
7.25,off,table,0.027412333540150435,0.027412334463053988,0,0,,0,0.08169617313997017,inf,0,1,0,0,2,0,-0.05609647064884977,0.238182766649113,nan,-0.02888729523288891
7.300000000000001,off,table,0.027415195174152154,0.027415196270725393,0,0,,0,0.08173540550819351,inf,0,1,0,0,2,0,-0.05609270195384657,0.23818717927774444,nan,-0.028884044707971235
7.3500000000000005,off,table,0.027417988946119642,0.027417990213296124,0,0,,0,0.08177400520097065,inf,0,1,0,0,2,0,-0.056089036066114976,0.2381915364268598,nan,-0.028880881521266555
7.4,off,table,0.0274207161941025,0.02742071762916411,0,0,,0,0.0818119764419624,inf,0,1,0,0,2,0,-0.05608547068072056,0.23819583794221796,nan,-0.02887780373314508
7.45,off,table,0.027423378235775942,0.02742337983530351,0,0,,0,0.08184932373667884,inf,0,1,0,0,2,0,-0.05608200352011122,0.23820008372016802,nan,-0.028874809426228776
7.5,off,table,0.027425976368851048,0.027425978129576537,0,0,,0,0.08188605186341745,inf,0,1,0,0,2,0,-0.0560786323369277,0.23820427370083722,nan,-0.028871896708065226
7.550000000000001,off,table,0.02742851187142892,0.027428513790309493,0,0,,0,0.08192216583580285,inf,0,1,0,0,2,0,-0.05607535491248106,0.23820840786612701,nan,-0.02886906370972564
7.6000000000000005,off,table,0.02743098600319797,0.027430988077023957,0,0,,0,0.0819576709055551,inf,0,1,0,0,2,0,-0.05607216906020441,0.2382124862374865,nan,-0.028866308589035383
7.65,off,table,0.02743340000479837,0.02743340223064504,0,0,,0,0.08199257254068858,inf,0,1,0,0,2,0,-0.05606907262430042,0.23821650887837362,nan,-0.028863629529294332
7.7,off,table,0.027435755098978096,0.027435757474249308,0,0,,0,0.08202687640858801,inf,0,1,0,0,2,0,-0.05606606348086725,0.23822047588868875,nan,-0.02886102474036767
7.75,off,table,0.02743805249083606,0.027438055012257982,0,0,,0,0.08206058836786205,inf,0,1,0,0,2,0,-0.05606313953792116,0.23822438740174506,nan,-0.028858492458682106
7.800000000000001,off,table,0.027440293368362595,0.02744029603254498,0,0,,0,0.08209371443379664,inf,0,1,0,0,2,0,-0.05606029873748162,0.2382282435851781,nan,-0.02885603094919409
7.8500000000000005,off,table,0.02744247890178105,0.027442481705521393,0,0,,0,0.08212626079152995,inf,0,1,0,0,2,0,-0.05605753905519203,0.23823204463723,nan,-0.028853638505013657
7.9,off,table,0.027444610244069977,0.02744461318442458,0,0,,0,0.08215823376936114,inf,0,1,0,0,2,0,-0.05605485849855405,0.23823579078364193,nan,-0.028851313445703464
7.95,off,table,0.027446688532050224,0.02744669160554325,0,0,,0,0.08218963980703962,inf,0,1,0,0,2,0,-0.056052255110333654,0.23823948228379818,nan,-0.02884905412058336
8.0,off,table,0.02744871488529016,0.02744871808931686,0,0,,0,0.08222048548284376,inf,0,1,0,0,2,0,-0.056049726968112834,0.23824311941640997,nan,-0.028846858908244788
8.05,off,table,0.027450690406719342,0.027450693738457568,0,0,,0,0.08225077746359198,inf,0,1,0,0,2,0,-0.05604727218192483,0.2382467024903665,nan,-0.02884472621440204
8.1,off,table,0.027452616183636747,0.02745261964038009,0,0,,0,0.08228052253739025,inf,0,1,0,0,2,0,-0.05604488889491021,0.23825023183765137,nan,-0.028842654472321816
8.15,off,table,0.027454493286840707,0.027454496865389238,0,0,,0,0.08230972755693942,inf,0,1,0,0,2,0,-0.05604257528752065,0.23825370780893335,nan,-0.02884064214707105
8.200000000000001,off,table,0.027456322770779685,0.027456326468156517,0,0,,0,0.08233839944915759,inf,0,1,0,0,2,0,-0.05604032957163059,0.23825713077513394,nan,-0.028838687729697
8.25,off,table,0.02745810567405054,0.027458109487528845,0,0,,0,0.08236654519648466,inf,0,1,0,0,2,0,-0.05603814999549786,0.23826050113196776,nan,-0.028836789742139546
8.3,off,table,0.027459843018896517,0.027459846945935593,0,0,,0,0.08239417186518765,inf,0,1,0,0,2,0,-0.05603603483845428,0.23826381928847176,nan,-0.028834946732069544
8.35,off,table,0.027461535812458575,0.027461539850336152,0,0,,0,0.08242128654256424,inf,0,1,0,0,2,0,-0.05603398241469473,0.23826708567265756,nan,-0.028833157276588195
8.4,off,table,0.027463185045966336,0.027463189191785232,0,0,,0,0.08244789635951859,inf,0,1,0,0,2,0,-0.05603199107244542,0.23827030072641062,nan,-0.02883141998145622
8.450000000000001,off,table,0.027464791694998995,0.02746479594589083,0,0,,0,0.08247400848309076,inf,0,1,0,0,2,0,-0.056030059194673215,0.23827346490648518,nan,-0.028829733481657405
8.5,off,table,0.02746635671856723,0.027466361072056508,0,0,,0,0.08249963007351345,inf,0,1,0,0,2,0,-0.05602818519551237,0.23827657868488666,nan,-0.028828096438212714
8.55,off,table,0.027467881061189196,0.02746788551492878,0,0,,0,0.08252476834532506,inf,0,1,0,0,2,0,-0.056026367521753315,0.23827964254416462,nan,-0.028826507539506996
8.6,off,table,0.027469365652042603,0.027469370202895506,0,0,,0,0.08254943048565154,inf,0,1,0,0,2,0,-0.05602460465449684,0.23828265697666304,nan,-0.02882496550292657
8.65,off,table,0.027470811404413282,0.02747081605002171,0,0,,0,0.0825736236858222,inf,0,1,0,0,2,0,-0.0560228951077585,0.2382856224919455,nan,-0.0288234690735516
8.700000000000001,off,table,0.02747221921606098,0.027472223954520477,0,0,,0,0.08259735516520776,inf,0,1,0,0,2,0,-0.056021237424742326,0.2382885396006049,nan,-0.028822017020596724
8.75,off,table,0.027473589970173806,0.02747359479885136,0,0,,0,0.08262063208728425,inf,0,1,0,0,2,0,-0.056019630182128424,0.23829140882822006,nan,-0.02882060814160392
8.8,off,table,0.02747492453446997,0.02747492945051557,0,0,,0,0.08264346161298279,inf,0,1,0,0,2,0,-0.05601807198878694,0.23829423070256806,nan,-0.028819241261243023
8.85,off,table,0.027476223761492273,0.027476228762499513,0,0,,0,0.08266585088350613,inf,0,1,0,0,2,0,-0.05601656148388626,0.23829700576321647,nan,-0.028817915229505497
8.9,off,table,0.02747748848891555,0.02747749357275229,0,0,,0,0.0826878070086025,inf,0,1,0,0,2,0,-0.05601509733937638,0.23829973455610853,nan,-0.028816628924130283
8.950000000000001,off,table,0.02747871953884539,0.027478724703706305,0,0,,0,0.08270933706468868,inf,0,1,0,0,2,0,-0.0560136782527226,0.23830241762862203,nan,-0.02881538124374028
9.0,off,table,0.02747991772015894,0.02747992296300846,0,0,,0,0.08273044810253387,inf,0,1,0,0,2,0,-0.05601230295670304,0.23830505553348363,nan,-0.028814171117178766
9.05,off,table,0.027481083825204495,0.027481089143961666,0,0,,0,0.082751147095164,inf,0,1,0,0,2,0,-0.05601097021200538,0.23830764883091565,nan,-0.02881299749651023
9.1,off,table,0.027482218632098186,0.027482224025269904,0,0,,0,0.08277144100174098,inf,0,1,0,0,2,0,-0.05600967880638231,0.2383101980822952,nan,-0.028811859356312586
9.15,off,table,0.027483322905355805,0.02748332837082007,0,0,,0,0.08279133672537096,inf,0,1,0,0,2,0,-0.05600842755744109,0.238312703851649,nan,-0.028810755696305868
9.200000000000001,off,table,0.027484397394415407,0.027484402929752922,0,0,,0,0.08281084110734159,inf,0,1,0,0,2,0,-0.05600721531308763,0.23831516670531674,nan,-0.028809685541915653
9.25,off,table,0.027485442834214564,0.027485448437097888,0,0,,0,0.08282996093737142,inf,0,1,0,0,2,0,-0.05600604094848259,0.23831758721100813,nan,-0.02880864794129201
9.3,off,table,0.027486459945126676,0.027486465614064065,0,0,,0,0.08284870294246903,inf,0,1,0,0,2,0,-0.056004903362926614,0.23831996593705101,nan,-0.02880764196246577
9.35,off,table,0.02748744943439997,0.02748745516673874,0,0,,0,0.08286707378810469,inf,0,1,0,0,2,0,-0.0560038014877542,0.23832230345380948,nan,-0.028806666700986416
9.4,off,table,0.027488411994300823,0.0274884177886996,0,0,,0,0.08288508006740085,inf,0,1,0,0,2,0,-0.056002734279919086,0.23832460033018013,nan,-0.0288057212737437
9.450000000000001,off,table,0.027489348303240454,0.027489354158248738,0,0,,0,0.08290272832474692,inf,0,1,0,0,2,0,-0.0560017007189132,0.23832685713728816,nan,-0.02880480481613923
9.5,off,table,0.027490259027029257,0.027490264939967646,0,0,,0,0.0829200250304241,inf,0,1,0,0,2,0,-0.05600069981365812,0.23832907444235257,nan,-0.02880391648868219
9.55,off,table,0.027491144816486554,0.027491150786358068,0,0,,0,0.08293697656344277,inf,0,1,0,0,2,0,-0.05599973059730866,0.23833125281233106,nan,-0.028803055472122474
9.600000000000001,off,table,0.027492006309616457,0.027492012334600403,0,0,,0,0.08295358925500355,inf,0,1,0,0,2,0,-0.05599879212704499,0.23833339281353894,nan,-0.028802220967296344
9.65,off,table,0.027492844131201472,0.02749285020922097,0,0,,0,0.08296986934067495,inf,0,1,0,0,2,0,-0.05599788348645083,0.23833549500823029,nan,-0.02880141219740684
9.700000000000001,off,table,0.027493658892113457,0.027493665021799084,0,0,,0,0.08298582299008726,inf,0,1,0,0,2,0,-0.055997003780157456,0.23833755995855704,nan,-0.028800628403022333
9.75,off,table,0.02749445119112911,0.027494457370522758,0,0,,0,0.08300145629349313,inf,0,1,0,0,2,0,-0.05599615214047138,0.2383395882228773,nan,-0.028799868848395804
9.8,off,table,0.02749522161280428,0.02749522784069571,0,0,,0,0.08301677526621808,inf,0,1,0,0,2,0,-0.05599532771893213,0.2383415803558504,nan,-0.0287991328135635
9.850000000000001,off,table,0.02749597073017086,0.027495977005154874,0,0,,0,0.08303178582286612,inf,0,1,0,0,2,0,-0.055994529691074116,0.23834353691068214,nan,-0.02879841959880003
9.9,off,table,0.02749669910312286,0.027496705423487675,0,0,,0,0.08304649382900241,inf,0,1,0,0,2,0,-0.055993757255198666,0.23834545843383106,nan,-0.02879772852362661
9.950000000000001,off,table,0.02749740727902123,0.027497413642833073,0,0,,0,0.0830609050424712,inf,0,1,0,0,2,0,-0.055993009629800944,0.2383473454708597,nan,-0.028797058924317498
10.0,off,table,0.027498095793163473,0.027498102199468088,0,0,,0,0.0830750251507845,inf,0,1,0,0,2,0,-0.05599228605542036,0.23834919856365536,nan,-0.02879641015578782
10.05,off,table,0.02749876516880278,0.02749877161604771,0,0,,0,0.0830888597613371,inf,0,1,0,0,2,0,-0.055991585794659404,0.23835101824981436,nan,-0.02879578159163998
10.100000000000001,off,table,0.027499415916906463,0.027499422403755445,0,0,,0,0.08310241439640252,inf,0,1,0,0,2,0,-0.055990908127916204,0.23835280505983192,nan,-0.028795172620132425
10.15,off,table,0.02750004853715529,0.02750005506239215,0,0,,0,0.0831156944853985,inf,0,1,0,0,2,0,-0.05599025235940807,0.2383545595197672,nan,-0.02879458264998791
10.200000000000001,off,table,0.027500663516518736,0.027500670079417616,0,0,,0,0.08312870536897186,inf,0,1,0,0,2,0,-0.055989617807079915,0.23835628215475682,nan,-0.028794011100785832
10.25,off,table,0.027501261332384494,0.027501267931260703,0,0,,0,0.08314145233983404,inf,0,1,0,0,2,0,-0.055989003813957994,0.23835797348103685,nan,-0.02879345741392414
10.3,off,table,0.027501842449139502,0.0275018490831377,0,0,,0,0.08315394057365948,inf,0,1,0,0,2,0,-0.05598840973715192,0.23835963401238572,nan,-0.028792921042139596
10.350000000000001,off,table,0.027502407321563123,0.027502413988941734,0,0,,0,0.0831661751756239,inf,0,1,0,0,2,0,-0.05598783495493978,0.2383612642534664,nan,-0.028792401456226968
10.4,off,table,0.02750295639192284,0.02750296309153698,0,0,,0,0.08317816115066,inf,0,1,0,0,2,0,-0.05598727886244039,0.23836286470921342,nan,-0.02879189814110683
10.450000000000001,off,table,0.027503490093042864,0.027503496823870984,0,0,,0,0.08318990345357828,inf,0,1,0,0,2,0,-0.055986740870902246,0.23836443587312495,nan,-0.02879141059511281
10.5,off,table,0.0275040088468366,0.02750401560774875,0,0,,0,0.08320140692236865,inf,0,1,0,0,2,0,-0.05598622041042866,0.23836597823945782,nan,-0.02879093833265256
10.55,off,table,0.027504513064741522,0.027504519854854113,0,0,,0,0.08321267633661193,inf,0,1,0,0,2,0,-0.055985716927048824,0.23836749229038076,nan,-0.02879048088147884
10.600000000000001,off,table,0.027505003147952272,0.02750500996630932,0,0,,0,0.08322371637525126,inf,0,1,0,0,2,0,-0.05598522988201713,0.2383689785067367,nan,-0.02879003778203304
10.65,off,table,0.027505479488042286,0.027505486333951352,0,0,,0,0.0832345316509873,inf,0,1,0,0,2,0,-0.05598475875344409,0.23837043736267252,nan,-0.028789608589129156
10.700000000000001,off,table,0.027505942466826628,0.02750594933866072,0,0,,0,0.08324512669230548,inf,0,1,0,0,2,0,-0.055984303034904336,0.23837186932454751,nan,-0.028789192870543934
10.75,off,table,0.027506392455781264,0.027506399352918296,0,0,,0,0.08325550593500085,inf,0,1,0,0,2,0,-0.05598386223358016,0.23837327485407678,nan,-0.028788790205389936
10.8,off,table,0.02750682981783195,0.027506836738800264,0,0,,0,0.0832656737531463,inf,0,1,0,0,2,0,-0.05598343587450665,0.23837465440832623,nan,-0.028788400188174634
10.850000000000001,off,table,0.02750725490532335,0.027507261850134364,0,0,,0,0.08327563441936069,inf,0,1,0,0,2,0,-0.05598302349346766,0.23837600843697543,nan,-0.02878802242209988
10.9,off,table,0.02750766806316626,0.02750767503089369,0,0,,0,0.08328539215526952,inf,0,1,0,0,2,0,-0.055982624642075714,0.23837733738181002,nan,-0.02878765652388149
10.950000000000001,off,table,0.027508069626063236,0.027508076616221084,0,0,,0,0.08329495108174277,inf,0,1,0,0,2,0,-0.055982238883735456,0.23837864168336534,nan,-0.02878730212001035
11.0,off,table,0.0275084599211426,0.027508466932402054,0,0,,0,0.08330431526538,inf,0,1,0,0,2,0,-0.05598186579588481,0.23837992177144135,nan,-0.02878695884887794
11.05,off,table,0.027508839266066433,0.027508846297802234,0,0,,0,0.0833134886738031,inf,0,1,0,0,2,0,-0.055981504969192096,0.23838117807292056,nan,-0.0287866263601263
11.100000000000001,off,table,0.027509207970771308,0.027509215022393528,0,0,,0,0.08332247521895612,inf,0,1,0,0,2,0,-0.055981156006542424,0.23838241100787777,nan,-0.02878630431365492
11.15,off,table,0.02750956633676578,0.027509573407099794,0,0,,0,0.08333127873000983,inf,0,1,0,0,2,0,-0.0559808185239397,0.2383836209880032,nan,-0.02878599238051227
11.200000000000001,off,table,0.027509914656895295,0.027509921745538714,0,0,,0,0.08333990295332964,inf,0,1,0,0,2,0,-0.05598049214679235,0.23838480842247753,nan,-0.028785690239465866
11.25,off,table,0.027510253217475158,0.0275102603237458,0,0,,0,0.08334835157909319,inf,0,1,0,0,2,0,-0.05598017651503684,0.23838597371147416,nan,-0.028785397581816308
11.3,off,table,0.02751058229567561,0.02751058941899196,0,0,,0,0.08335662821430088,inf,0,1,0,0,2,0,-0.05597987127790213,0.23838711725295894,nan,-0.028785114106580023
11.350000000000001,off,table,0.02751090216273957,0.027510909302084267,0,0,,0,0.08336473641967122,inf,0,1,0,0,2,0,-0.05597957609554454,0.23838823943297913,nan,-0.028784839521924788
11.4,off,table,0.027511213081095703,0.02751122023624798,0,0,,0,0.08337267964816956,inf,0,1,0,0,2,0,-0.05597929063886817,0.23838934063612202,nan,-0.028784573545165726
11.450000000000001,off,table,0.02751151530696161,0.027511522477225672,0,0,,0,0.0833804613118072,inf,0,1,0,0,2,0,-0.05597901459048248,0.2383904212416532,nan,-0.02878431590369035
11.5,off,table,0.027511809089207678,0.027511816273649573,0,0,,0,0.08338808474928576,inf,0,1,0,0,2,0,-0.0559787476402335,0.23839148162125917,nan,-0.028784066330639457
11.55,off,table,0.02751209467025198,0.027512101868536056,0,0,,0,0.08339555323704793,inf,0,1,0,0,2,0,-0.05597848948938846,0.2383925221393291,nan,-0.028783824569017513
11.600000000000001,off,table,0.027512372285353734,0.027512379496313147,0,0,,0,0.08340286997854733,inf,0,1,0,0,2,0,-0.05597823984919604,0.23839354315707295,nan,-0.028783590370341394
11.65,off,table,0.02751264216306135,0.02751264938739203,0,0,,0,0.08341003810740193,inf,0,1,0,0,2,0,-0.055977998439432713,0.23839454502893298,nan,-0.028783363493293912
11.700000000000001,off,table,0.02751290452632128,0.027512911763184638,0,0,,0,0.08341706071236497,inf,0,1,0,0,2,0,-0.055977764988193804,0.23839552810159254,nan,-0.028783143703494773
11.75,off,table,0.02751315959128077,0.027513166840107697,0,0,,0,0.08342394080308689,inf,0,1,0,0,2,0,-0.055977539232108846,0.23839649272057717,nan,-0.028782930773799453
11.8,off,table,0.0275134075688117,0.02751341482846363,0,0,,0,0.08343068134976832,inf,0,1,0,0,2,0,-0.055977320917047234,0.2383974392226594,nan,-0.028782724484958222
11.850000000000001,off,table,0.027513648662801655,0.0275136559331644,0,0,,0,0.08343728523361209,inf,0,1,0,0,2,0,-0.05597710979768273,0.23839836793875552,nan,-0.028782524625273864
11.9,off,table,0.027513883071772497,0.027513890352277942,0,0,,0,0.08344375529367924,inf,0,1,0,0,2,0,-0.05597690563502795,0.2383992791940208,nan,-0.028782330988251448
11.950000000000001,off,table,0.02751411098891512,0.02751411827889819,0,0,,0,0.08345009430629889,inf,0,1,0,0,2,0,-0.05597670819843095,0.23840017331193525,nan,-0.02878214337449525
12.0,off,table,0.02751433260157383,0.02751433990150554,0,0,,0,0.08345630499292243,inf,0,1,0,0,2,0,-0.0559765172639307,0.23840105060774228,nan,-0.028781961590258254
12.05,off,table,0.027514548092376506,0.027514555401510724,0,0,,0,0.08346239002047627,inf,0,1,0,0,2,0,-0.055976332616960965,0.23840191138813321,nan,-0.028781785449933484
12.100000000000001,off,table,0.027514757637622695,0.02751476495625898,0,0,,0,0.08346835199368406,inf,0,1,0,0,2,0,-0.05597615404650417,0.23840275596255325,nan,-0.028781614770611808
12.15,off,table,0.027514961410490577,0.0275149687374594,0,0,,0,0.08347419349034811,inf,0,1,0,0,2,0,-0.055975981352768406,0.23840358462751904,nan,-0.02878144937935312
12.200000000000001,off,table,0.02751515957671322,0.027515166911984773,0,0,,0,0.08347991698952877,inf,0,1,0,0,2,0,-0.05597581433885282,0.23840439767787447,nan,-0.028781289105282437
12.25,off,table,0.0275153522989099,0.027515359642208744,0,0,,0,0.08348552494769938,inf,0,1,0,0,2,0,-0.0559756528153826,0.23840519540368735,nan,-0.028781133784027246
12.3,off,table,0.027515539734711162,0.02751554708591718,0,0,,0,0.08349101977025379,inf,0,1,0,0,2,0,-0.05597549659882957,0.23840597808966385,nan,-0.028780983256190273
12.350000000000001,off,table,0.0275157220373777,0.027515729395784432,0,0,,0,0.08349640380578176,inf,0,1,0,0,2,0,-0.055975345511768825,0.2384067460149775,nan,-0.02878083736751924
12.4,off,table,0.027515899355221658,0.027515906720413895,0,0,,0,0.08350167934996049,inf,0,1,0,0,2,0,-0.05597519938476252,0.23840749945416917,nan,-0.028780695970817005
12.450000000000001,off,table,0.027516071832201127,0.027516079204385896,0,0,,0,0.08350684865786688,inf,0,1,0,0,2,0,-0.05597505805101478,0.2384082386764784,nan,-0.028780558920790678
12.5,off,table,0.027516239608448848,0.027516246987141724,0,0,,0,0.0835119139323681,inf,0,1,0,0,2,0,-0.05597492134970704,0.23840896394753375,nan,-0.02878042607732656
12.55,off,table,0.027516402820320675,0.027516410205327253,0,0,,0,0.08351687733590656,inf,0,1,0,0,2,0,-0.055974789126658105,0.23840967552817574,nan,-0.028780297306066904
12.600000000000001,off,table,0.02751656159961625,0.027516568990393432,0,0,,0,0.0835217409846518,inf,0,1,0,0,2,0,-0.05597466123142005,0.23841037367139686,nan,-0.028780172475678656
12.65,off,table,0.027516716074358412,0.027516723470426767,0,0,,0,0.08352650694332962,inf,0,1,0,0,2,0,-0.05597453752034108,0.2384110586303385,nan,-0.028780051460877143
12.700000000000001,off,table,0.027516866368811652,0.02751687377012812,0,0,,0,0.08353117723389146,inf,0,1,0,0,2,0,-0.05597441785323634,0.23841173065159818,nan,-0.028779934139129715
12.75,off,table,0.027517012603546727,0.027517020010159356,0,0,,0,0.08353575383665655,inf,0,1,0,0,2,0,-0.055974302092927794,0.23841238997830805,nan,-0.028779820390309463
12.8,off,table,0.02751715489661864,0.027517162307876673,0,0,,0,0.08354023870973341,inf,0,1,0,0,2,0,-0.05597419011052129,0.23841303684780815,nan,-0.028779710101768274
12.850000000000001,off,table,0.027517293360747895,0.02751730077692176,0,0,,0,0.08354463373200009,inf,0,1,0,0,2,0,-0.055974081778934356,0.23841367149172976,nan,-0.02877960316211947
12.9,off,table,0.027517428106464868,0.027517435527092286,0,0,,0,0.08354894076509871,inf,0,1,0,0,2,0,-0.05597397697536936,0.23841429414177845,nan,-0.028779499463662206
12.950000000000001,off,table,0.027517559241334574,0.027517566665832053,0,0,,0,0.08355316163824565,inf,0,1,0,0,2,0,-0.055973875581842754,0.23841490502429016,nan,-0.028779398902869402
13.0,off,table,0.027517686869376803,0.02751769429738157,0,0,,0,0.08355729813633432,inf,0,1,0,0,2,0,-0.055973777484407954,0.2384155043574833,nan,-0.028779301379653677
13.05,off,table,0.027517811090772917,0.027517818522772075,0,0,,0,0.08356135198790281,inf,0,1,0,0,2,0,-0.05597368257218493,0.23841609236086256,nan,-0.02877920679649182
13.100000000000001,off,table,0.027517932003857014,0.02751793943948273,0,0,,0,0.08356532491034517,inf,0,1,0,0,2,0,-0.05597359073865656,0.2384166692443857,nan,-0.02877911505967945
13.15,off,table,0.027518049703274535,0.027518057142438393,0,0,,0,0.08356921856150439,inf,0,1,0,0,2,0,-0.055973501881970825,0.2384172352189738,nan,-0.02877902607959837
13.200000000000001,off,table,0.02751816428077287,0.02751817172389716,0,0,,0,0.08357303457191571,inf,0,1,0,0,2,0,-0.05597341589846939,0.23841779049113843,nan,-0.028778939764542155
13.25,off,table,0.027518275827331393,0.02751828327373769,0,0,,0,0.08357677456506633,inf,0,1,0,0,2,0,-0.05597333269575999,0.2384183352611067,nan,-0.028778856033255473
13.3,off,table,0.027518384428415477,0.027518391877976577,0,0,,0,0.08358044009344683,inf,0,1,0,0,2,0,-0.055973252178719984,0.23841886972727933,nan,-0.028778774801560325
13.350000000000001,off,table,0.027518490168885974,0.02751849762122846,0,0,,0,0.08358403269478408,inf,0,1,0,0,2,0,-0.05597317425789517,0.23841939408351215,nan,-0.02877869599036098
13.4,off,table,0.02751859312988739,0.027518600585067617,0,0,,0,0.08358755386039789,inf,0,1,0,0,2,0,-0.05597309884638363,0.2384199085218533,nan,-0.02877861952275762
13.450000000000001,off,table,0.02751869339096679,0.027518700848953945,0,0,,0,0.08359100506161314,inf,0,1,0,0,2,0,-0.05597302586031108,0.23842041322856006,nan,-0.028778545324394056
13.5,off,table,0.027518791028741982,0.027518798489465257,0,0,,0,0.08359438773413129,inf,0,1,0,0,2,0,-0.05597295521732816,0.23842090838459482,nan,-0.028778473322159437
13.55,off,table,0.0275188861180077,0.027518893581192538,0,0,,0,0.08359770327659598,inf,0,1,0,0,2,0,-0.05597288684045242,0.2384213941757267,nan,-0.02877840344776572
13.600000000000001,off,table,0.02751897873140818,0.02751898619703352,0,0,,0,0.08360095308595165,inf,0,1,0,0,2,0,-0.055972820653048413,0.23842187077593396,nan,-0.028778335633013685
13.65,off,table,0.0275190689387999,0.027519076406659775,0,0,,0,0.08360413849371216,inf,0,1,0,0,2,0,-0.05597275658263671,0.23842233835972412,nan,-0.02877826981344711
13.700000000000001,off,table,0.027519156808518037,0.027519164278075152,0,0,,0,0.0836072608272747,inf,0,1,0,0,2,0,-0.055972694559280306,0.2384227970965338,nan,-0.028778205926784373
13.75,off,table,0.0275192424060859,0.02751924987775539,0,0,,0,0.08361032136725559,inf,0,1,0,0,2,0,-0.05597263451327808,0.23842324715392366,nan,-0.028778143910761722
13.8,off,table,0.027519325796117013,0.027519333269959843,0,0,,0,0.08361332138063908,inf,0,1,0,0,2,0,-0.055972576377409516,0.2384236886964365,nan,-0.028778083705237933
13.850000000000001,off,table,0.027519407041233377,0.027519414516683494,0,0,,0,0.08361626211246002,inf,0,1,0,0,2,0,-0.05597252008945331,0.23842412188468592,nan,-0.028778025254699746
13.9,off,table,0.027519486201250894,0.027519493678505744,0,0,,0,0.08361914476126207,inf,0,1,0,0,2,0,-0.05597246558743215,0.23842454687775397,nan,-0.028777968503630347
13.950000000000001,off,table,0.027519563335040766,0.02751957081342602,0,0,,0,0.08362197051850777,inf,0,1,0,0,2,0,-0.05597241281308394,0.23842496382919767,nan,-0.028777913399853916
14.0,off,table,0.027519638498607762,0.02751964597858904,0,0,,0,0.08362474053159012,inf,0,1,0,0,2,0,-0.055972361707083355,0.23842537289185414,nan,-0.02877785989003978
14.05,off,table,0.027519711747980985,0.027519719229416206,0,0,,0,0.08362745594591624,inf,0,1,0,0,2,0,-0.05597231221458939,0.23842577421406608,nan,-0.028777807924917242
14.100000000000001,off,table,0.02751978313624636,0.027519790618772917,0,0,,0,0.08363011786994805,inf,0,1,0,0,2,0,-0.05597226428267773,0.23842616794407587,nan,-0.028777757456913466
14.15,off,table,0.027519852714913355,0.027519860199210853,0,0,,0,0.08363272738204379,inf,0,1,0,0,2,0,-0.055972217856961694,0.23842655422602108,nan,-0.028777708436881544
14.200000000000001,off,table,0.02751992053566914,0.0275199280210268,0,0,,0,0.08363528556994552,inf,0,1,0,0,2,0,-0.05597217288902683,0.23842693319950403,nan,-0.028777660821231787
14.25,off,table,0.02751998664642385,0.02751999413227909,0,0,,0,0.08363779345817395,inf,0,1,0,0,2,0,-0.05597212933136703,0.23842730500304815,nan,-0.02877761456708583
14.3,off,table,0.02752005109419665,0.02752005858146425,0,0,,0,0.083640252061682,inf,0,1,0,0,2,0,-0.0559720871372647,0.2384276697706742,nan,-0.028777569632183586
14.350000000000001,off,table,0.027520113925115042,0.02752012141357081,0,0,,0,0.08364266238185018,inf,0,1,0,0,2,0,-0.05597204626007478,0.238428027639723,nan,-0.028777525974193807
14.4,off,table,0.027520175184424747,0.02752018267391363,0,0,,0,0.08364502540447237,inf,0,1,0,0,2,0,-0.05597200665672365,0.23842837873801,nan,-0.028777483554053074
14.450000000000001,off,table,0.027520234915086195,0.027520242405519337,0,0,,0,0.08364734208096579,inf,0,1,0,0,2,0,-0.05597196828511391,0.23842872319613403,nan,-0.02877744233352797
14.5,off,table,0.027520293159514445,0.027520300650109495,0,0,,0,0.08364961335772035,inf,0,1,0,0,2,0,-0.05597193110352308,0.23842906113751847,nan,-0.028777402274623887
14.55,off,table,0.02752034995816903,0.027520357449502077,0,0,,0,0.08365184013309439,inf,0,1,0,0,2,0,-0.05597189507513977,0.23842939268748742,nan,-0.02877736334390779
14.600000000000001,off,table,0.027520405350207142,0.02752041284287014,0,0,,0,0.08365402330944814,inf,0,1,0,0,2,0,-0.055971860160451636,0.23842971796549284,nan,-0.02877732550525014
14.65,off,table,0.02752045937442846,0.027520466868033302,0,0,,0,0.08365616376798661,inf,0,1,0,0,2,0,-0.05597182632245745,0.23843003709173105,nan,-0.028777288724814
14.700000000000001,off,table,0.02752051206823245,0.027520519562559062,0,0,,0,0.08365826237235606,inf,0,1,0,0,2,0,-0.055971793525893335,0.23843035018090633,nan,-0.02877725297034539
14.75,off,table,0.027520563467796046,0.027520570962343723,0,0,,0,0.08366031996249655,inf,0,1,0,0,2,0,-0.05597176173715372,0.23843065734975308,nan,-0.02877721821104684
14.8,off,table,0.027520613607789422,0.027520621103173104,0,0,,0,0.08366233735761945,inf,0,1,0,0,2,0,-0.05597173092321717,0.23843095870993153,nan,-0.028777184416628132
14.850000000000001,off,table,0.027520662522718224,0.027520670018674902,0,0,,0,0.08366431537261591,inf,0,1,0,0,2,0,-0.055971701051125096,0.238431254370229,nan,-0.028777151556726777
14.9,off,table,0.02752071024571649,0.02752071774188484,0,0,,0,0.08366625479593175,inf,0,1,0,0,2,0,-0.05597167209036086,0.23843154443944006,nan,-0.028777119603239587
14.950000000000001,off,table,0.027520756808772504,0.027520764305084183,0,0,,0,0.08366815640137608,inf,0,1,0,0,2,0,-0.055971644012294756,0.23843182902480523,nan,-0.02877708852979377
15.0,off,table,0.02752080224274974,0.027520809739888057,0,0,,0,0.08367002094494429,inf,0,1,0,0,2,0,-0.05597161678748936,0.2384321082290585,nan,-0.02877705830917532
0.05,self,table,0.12083699429047365,0.12083699537600488,0,0,,0,0.05676101943747254,inf,2,1,0,0,0,0,0.0,0.25,nan,0.18563083846003303
0.1,self,table,0.10617293810528618,0.10617294374741847,0,0,,0,0.06025353012509212,inf,2,1,0,0,0,0,0.0,0.25,nan,0.16215657311715448
0.15000000000000002,self,table,0.09338727322461178,0.0933872817157322,0,0,,0,0.06343503100841442,inf,2,1,0,0,0,0,0.0,0.25,nan,0.1408736192912975
0.2,self,table,0.08222830919500372,0.08222831911729628,0,0,,0,0.06625089014418624,inf,2,1,0,0,0,0,0.0,0.25,nan,0.1216062024149327
0.25,self,table,0.07248252414715932,0.07248253432646631,0,0,,0,0.06868968484435146,inf,2,1,0,0,0,0,0.0,0.25,nan,0.10418449962857113
0.30000000000000004,self,table,0.06396864544737782,0.0639686549795098,0,0,,0,0.0707655856555346,inf,2,1,0,0,0,0,0.0,0.25,nan,0.08847065211177974
0.35000000000000003,self,table,0.05653312011854114,0.05653312831380749,0,0,,0,0.07250804654199779,inf,2,1,0,0,0,0,0.0,0.25,nan,0.0739104073429997
0.4,self,table,0.05004700842205409,0.05004701481330203,0,0,,0,0.07395636155487932,inf,2,1,0,0,0,0,0.0,0.25,nan,0.06049281528219408
0.45,self,table,0.04440470810919215,0.04440471246193423,0,0,,0,0.07515802403582693,inf,2,1,0,0,0,0,0.0,0.25,nan,0.04847646734814026
0.5,self,table,0.039525930119072884,0.039525932461846644,0,0,,0,0.07617118488972892,inf,2,1,0,0,0,0,0.0,0.25,nan,0.03778534227721597
0.55,self,table,0.03536556535171656,0.03536556620274205,0,0,,0,0.07707365160950182,inf,2,1,0,0,0,0,0.0,0.25,nan,0.028410634041572735
0.6000000000000001,self,table,0.031948034604523834,0.03194803571912502,0,0,,0,0.07798413638661152,inf,2,1,0,0,2,0,-0.006104352090667054,0.25,nan,0.020536459511001803
0.65,self,table,0.02949823722974652,0.029498244886164718,0,0,,0,0.07900019936257684,inf,2,1,0,0,2,0,-0.01240577445960492,0.25,nan,0.014263626688643338
0.7000000000000001,self,table,0.028203093293740007,0.028203101790955566,0,0,,0,0.079593005361961,inf,2,1,0,0,2,0,-0.017915631629536615,0.25,nan,0.008781978219955744
0.75,self,table,0.027269393034428085,0.02726940427540503,0,0,,0,0.0776035322890581,inf,2,1,0,0,2,0,-0.022978255814574317,0.25,nan,0.0037461775092749727
0.8,self,table,0.026428658132694176,0.026428665552653708,0,0,,0,0.07831261050045939,inf,2,1,0,0,2,0,-0.027363719986153726,0.2497585004543889,nan,-0.0006129050695743432
0.8500000000000001,self,table,0.02588208648641515,0.025882097164799903,0,0,,0,0.0765940350982056,inf,2,1,0,0,2,0,-0.03141112421696114,0.24796464436064994,nan,-0.004635421158685538
0.9,self,table,0.025331852575803022,0.025331858393927348,0,0,,0,0.07748625046315559,inf,2,1,0,0,2,0,-0.03486105731476499,0.2470240463956327,nan,-0.008060858080438882
0.9500000000000001,self,table,0.025049842609298805,0.02504985246674027,0,0,,0,0.07593058357435802,inf,2,1,0,0,2,0,-0.038076740122485346,0.2456037206666919,nan,-0.011253633482357528
1.0,self,table,0.024683274324015094,0.024683278616936543,0,0,,0,0.07697806742822526,inf,2,1,0,0,2,0,-0.040756106752629286,0.24498748122170094,nan,-0.013910387493043408
1.05,self,table,0.024581138722225167,0.024581147834447443,0,0,,0,0.07553714861138798,inf,2,1,0,0,2,0,-0.04329576967445362,0.2438509434790007,nan,-0.01642910315119095
1.1,self,table,0.02432707195652374,0.024327074952971067,0,0,,0,0.07669678868304956,inf,2,1,0,0,2,0,-0.045346016635353675,0.24351460476370806,nan,-0.018458574212432133
1.1500000000000001,self,table,0.024347411133243704,0.02434741964714955,0,0,,0,0.07534902793860097,inf,2,1,0,0,2,0,-0.04734042200000075,0.24257796404682502,nan,-0.020433926640769706
1.2000000000000002,self,table,0.024159837758482097,0.024159839693118947,0,0,,0,0.0765778149612144,inf,2,1,0,0,2,0,-0.04888096670731981,0.24248123240208114,nan,-0.02195545363280227
1.25,self,table,0.024264271306235718,0.024264279386421932,0,0,,0,0.07531407225934957,inf,2,1,0,0,2,0,-0.050438800864948306,0.24168581823867494,nan,-0.02349603413500645
1.3,self,table,0.024114063533466637,0.024114064623115578,0,0,,0,0.07657453552604603,inf,2,1,0,0,2,0,-0.05156922415073613,0.24178037310877995,nan,-0.024609098845056576
1.35,self,table,0.02427699532078837,0.024277003100253686,0,0,,0,0.07539142470144315,inf,2,1,0,0,2,0,-0.052780053166797666,0.2410811843033788,nan,-0.025804361445415425
1.4000000000000001,self,table,0.02414587503764273,0.02414587546984436,0,0,,0,0.07665280459295808,inf,2,1,0,0,2,0,-0.05358259327271212,0.24131386164997912,nan,-0.026591091467487726
1.4500000000000002,self,table,0.024350087665954222,0.024350095271976006,0,0,,0,0.07554981532310757,inf,2,1,0,0,2,0,-0.05451965505535431,0.24069234084167018,nan,-0.02751415372379218
1.5,self,table,0.02422662333457354,0.024226623269748636,0,0,,0,0.0767874161804614,inf,2,1,0,0,2,0,-0.05506170114077702,0.2410218476070243,nan,-0.02804182257284904
1.55,self,table,0.024460330658152615,0.02446033817511148,0,0,,0,0.07576563899013179,inf,2,1,0,0,2,0,-0.05578444566532405,0.2404528805043775,nan,-0.028752011766786545
1.6,self,table,0.02433741041734518,0.02433740996492162,0,0,,0,0.0769597594879126,inf,2,1,0,0,2,0,-0.05612086029927258,0.24087040984387895,nan,-0.0290753660810813
1.6500000000000001,self,table,0.024592358737807272,0.024592366224581372,0,0,,0,0.07602118073885634,inf,2,1,0,0,2,0,-0.0566772195742134,0.24032402855319657,nan,-0.02962049326475691
1.7000000000000002,self,table,0.024465615947098417,0.024465615197862695,0,0,,0,0.07715614485690338,inf,2,1,0,0,2,0,-0.056852415170578256,0.24082203035174435,nan,-0.029783832527838672
1.75,self,table,0.024735883987860925,0.024735891484302837,0,0,,0,0.07630317999365145,inf,2,1,0,0,2,0,-0.05728079420573084,0.24028295824919205,nan,-0.030202186161028544
1.8,self,table,0.024602713022996606,0.02460271204678528,0,0,,0,0.07736656118725331,inf,2,1,0,0,2,0,-0.05733054174423289,0.2408478705319673,nan,-0.030241173541702193
1.85,self,table,0.024883955579738465,0.024883963117267646,0,0,,0,0.07660173418466269,inf,2,1,0,0,2,0,-0.057661531818470904,0.2403046773189286,nan,-0.03056323449796905
1.9000000000000001,self,table,0.024742891652545413,0.02474289049913397,0,0,,0,0.07758374443104303,inf,2,1,0,0,2,0,-0.05761450752649726,0.24091918893740402,nan,-0.03050644479139386
1.9500000000000002,self,table,0.02503185830163698,0.02503186588102808,0,0,,0,0.0769094736523518,inf,2,1,0,0,2,0,-0.05787233661443393,0.24037005961257604,nan,-0.030756337744424767
2.0,self,table,0.02488218224294297,0.024882180945129586,0,0,,0,0.07780247970982958,inf,2,1,0,0,2,0,-0.05775142619938969,0.24101490199249104,nan,-0.030626562287160874
2.0500000000000003,self,table,0.025176405276551562,0.025176412901887567,0,0,,0,0.07722094187561808,inf,2,1,0,0,2,0,-0.05795517129488265,0.24046451905142543,nan,-0.03082326845545602
2.1,self,table,0.02501788798946249,0.025017886576364178,0,0,,0,0.07801907901170325,inf,2,1,0,0,2,0,-0.05777855808837247,0.24113432090555076,nan,-0.030638603475901638
2.15,self,table,0.025315474732974862,0.025315482419624735,0,0,,0,0.07753212900679428,inf,2,1,0,0,2,0,-0.057943148215674416,0.24057698898092975,nan,-0.030796963774940234
2.2,self,table,0.025148209187503878,0.02514820767486122,0,0,,0,0.07823099035157226,inf,2,1,0,0,2,0,-0.057725213198643745,0.24126758058082778,nan,-0.030571710431276045
2.25,self,table,0.025447699688822056,0.025447707414423062,0,0,,0,0.07784012009759607,inf,2,1,0,0,2,0,-0.05786225278010492,0.24069126892353157,nan,-0.030703248640835845
2.3000000000000003,self,table,0.025271988423076576,0.025271986825608612,0,0,,0,0.0784365054748402,inf,2,1,0,0,2,0,-0.05761431402134649,0.24140726196716464,nan,-0.030448652227311634
2.35,self,table,0.02557225463709144,0.025572262383814173,0,0,,0,0.07814282979890934,inf,2,1,0,0,2,0,-0.05773275435831434,0.24080740030919592,nan,-0.030562246163508444
2.4000000000000004,self,table,0.025388533308992094,0.025388531627684733,0,0,,0,0.07863454065521187,inf,2,1,0,0,2,0,-0.05763924856689206,0.24113078222458542,nan,-0.03046288922570961
2.45,self,table,0.025494667977527665,0.025494673657946307,0,0,,0,0.07846895755686854,inf,2,1,0,0,2,0,-0.057629001548615236,0.2405688232126288,nan,-0.030447563337439143
2.5,self,table,0.025456921900920734,0.025456921101246383,0,0,,0,0.07866636782795815,inf,2,1,0,0,2,0,-0.05758191291305555,0.24054891065063175,nan,-0.03039525428011569
2.5500000000000003,self,table,0.02549441204218803,0.025494414470420033,0,0,,0,0.07861280571600311,inf,2,1,0,0,2,0,-0.05751355598137175,0.24024474487945427,nan,-0.030321978224793877
2.6,self,table,0.02552560133077344,0.02552560239740056,0,0,,0,0.07865454859352984,inf,2,1,0,0,2,0,-0.05743822426986261,0.23998224005356425,nan,-0.03024206360011039
2.6500000000000004,self,table,0.02557278428197687,0.025572784193450934,0,0,,0,0.07869189384321763,inf,2,1,0,0,2,0,-0.057359672786184895,0.2397526303919454,nan,-0.030159247301017045
2.7,self,table,0.025631323071981103,0.025631321984335445,0,0,,0,0.07871787884121124,inf,2,1,0,0,2,0,-0.057280625739812345,0.23931168287705504,nan,-0.03007623510509838
2.75,self,table,0.02569769345842307,0.025697691492976616,0,0,,0,0.07872925476334684,inf,2,1,0,0,2,0,-0.05720305918705357,0.2376623105383534,nan,-0.029994987973746223
2.8000000000000003,self,table,0.02576916723999667,0.02576916449321188,0,0,,0,0.07872521844040532,inf,2,1,0,0,2,0,-0.05712839011069098,0.236129379851619,nan,-0.029916907281163474
2.85,self,table,0.025843603111236308,0.025843599659347558,0,0,,0,0.07870656741943828,inf,2,1,0,0,2,0,-0.057057600983641474,0.2347122268892786,nan,-0.02984296019848076
2.9000000000000004,self,table,0.02591930550263725,0.02591930140688624,0,0,,0,0.078675112321462,inf,2,1,0,0,2,0,-0.05699132861505978,0.23341041683744057,nan,-0.029794187507430347
2.95,self,table,0.025994927690954975,0.025994922999412022,0,0,,0,0.07863325261859148,inf,2,1,0,0,2,0,-0.05694450030424483,0.23222325743799627,nan,-0.029754277914173732
3.0,self,table,0.026069404306067426,0.026069399055605083,0,0,,0,0.07858366258086609,inf,2,1,0,0,2,0,-0.05691008849158196,0.23114949353995787,nan,-0.029717379604098038
3.0500000000000003,self,table,0.026141903348079823,0.026141897566988065,0,0,,0,0.07852905709948556,inf,2,1,0,0,2,0,-0.05687862277064601,0.2301871395191088,nan,-0.02968362364764543
3.1,self,table,0.02621179083865479,0.02621178454705057,0,0,,0,0.07847202011924077,inf,2,1,0,0,2,0,-0.056850093446797756,0.22933341952819905,nan,-0.02965298701474961
3.1500000000000004,self,table,0.026278603253151726,0.026278596466463806,0,0,,0,0.07841488531183814,inf,2,1,0,0,2,0,-0.05682437187568121,0.2285847913578295,nan,-0.029625328096860026
3.2,self,table,0.026342024411078323,0.026342017142021754,0,0,,0,0.07835966151936892,inf,2,1,0,0,2,0,-0.056801242652929296,0.22793703281643526,nan,-0.029600418925052163
3.25,self,table,0.02640186470755913,0.026401856968267676,0,0,,0,0.07830799626978945,inf,2,1,0,0,2,0,-0.05678043243422474,0.22738536921280608,nan,-0.02957797402951745
3.3000000000000003,self,table,0.026458041554806914,0.026458033357723655,0,0,,0,0.07826117040583815,inf,2,1,0,0,2,0,-0.05676163507085313,0.2269246239587768,nan,-0.029557675622958968
3.35,self,table,0.026510560631393197,0.02651055198976055,0,0,,0,0.07822011262600866,inf,2,1,0,0,2,0,-0.05674453267275711,0.22654937432217312,nan,-0.02953919471676103
3.4000000000000004,self,table,0.02655949803024612,0.026559488960869328,0,0,,0,0.07818544538718654,inf,2,1,0,0,2,0,-0.056728812443791625,0.22625410004694393,nan,-0.029522207993751826
3.45,self,table,0.02660498363109215,0.026604974154175145,0,0,,0,0.07815751832628214,inf,2,1,0,0,2,0,-0.05671417928588303,0.2260333139723042,nan,-0.02950641045235436
3.5,self,table,0.026647186091705802,0.026647176230808957,0,0,,0,0.07813645867560633,inf,2,1,0,0,2,0,-0.05670036448711209,0.22588166996826176,nan,-0.029491524117544743
3.5500000000000003,self,table,0.026686299764408172,0.026686289545812744,0,0,,0,0.0781222187253534,inf,2,1,0,0,2,0,-0.05668713095590333,0.22579404554041455,nan,-0.02947730329164755
3.6,self,table,0.026722533710874664,0.026722523162347297,0,0,,0,0.07811461894601342,inf,2,1,0,0,2,0,-0.0566742755937856,0.22576559983425515,nan,-0.02946353693396231
3.6500000000000004,self,table,0.026756102830980406,0.026756091983910567,0,0,,0,0.07811338554979878,inf,2,1,0,0,2,0,-0.05666162944406383,0.225791809494657,nan,-0.02945004878761892
3.7,self,table,0.02678722099598213,0.026787209883124264,0,0,,0,0.07811818182898723,inf,2,1,0,0,2,0,-0.056649056218428785,0.22586848582005667,nan,-0.029436695893737652
3.75,self,table,0.026816095967636476,0.026816084621852795,0,0,,0,0.0781286332542928,inf,2,1,0,0,2,0,-0.05663644972827356,0.2259901721653083,nan,-0.029423365992004347
3.8000000000000003,self,table,0.026842925854382842,0.02684291430815799,0,0,,0,0.07814434688617412,inf,2,1,0,0,2,0,-0.05662948173943797,0.22615150821376298,nan,-0.029409974291589758
3.85,self,table,0.02686789681855246,0.026867885105345303,0,0,,0,0.0781649258416061,inf,2,1,0,0,2,0,-0.056624322211821995,0.2263526544872313,nan,-0.029396459935936092
3.9000000000000004,self,table,0.02689118178479127,0.026891169935507782,0,0,,0,0.07818997966590362,inf,2,1,0,0,2,0,-0.05661852982199276,0.22659069855005667,nan,-0.02938278244558934
3.95,self,table,0.026912939896194168,0.02691292794263732,0,0,,0,0.07821913140698213,inf,2,1,0,0,2,0,-0.05661212975268974,0.22686299493545542,nan,-0.02936891830016386
4.0,self,table,0.02693331652928909,0.026933304502880624,0,0,,0,0.0782520221772922,inf,2,1,0,0,2,0,-0.05660515499563228,0.2271671404245265,nan,-0.029354857780394927
4.05,self,table,0.026952443696418065,0.026952431624230385,0,0,,0,0.07828831379490316,inf,2,1,0,0,2,0,-0.056597644234930654,0.22750094948507382,nan,-0.029340602152463702
4.1000000000000005,self,table,0.026970440699971718,0.02697042860921126,0,0,,0,0.07832769000578797,inf,2,1,0,0,2,0,-0.05658964002683636,0.22786243112772303,nan,-0.02932616118871645
4.15,self,table,0.026987414945450212,0.026987402861940606,0,0,,0,0.07836985675821785,inf,2,1,0,0,2,0,-0.056581187245691535,0.22824976672128727,nan,-0.029311551040980377
4.2,self,table,0.02700346284030431,0.027003450789213006,0,0,,0,0.07841454176079228,inf,2,1,0,0,2,0,-0.05657233181297729,0.22866128997663274,nan,-0.029296792453185394
4.25,self,table,0.027018670718484135,0.027018658720392375,0,0,,0,0.0784614936218657,inf,2,1,0,0,2,0,-0.05656311965653363,0.2290954691015567,nan,-0.029281909289371355
4.3,self,table,0.027033115748753594,0.027033103826593994,0,0,,0,0.07851048071406692,inf,2,1,0,0,2,0,-0.056553595908593796,0.2295508905022619,nan,-0.029268337131453714
4.3500000000000005,self,table,0.02704686682329772,0.027046854996069004,0,0,,0,0.07856128990692472,inf,2,1,0,0,2,0,-0.05654380428586977,0.23002624465972776,nan,-0.029261076580855416
4.4,self,table,0.027059985382330145,0.02705997366729446,0,0,,0,0.07861372523136433,inf,2,1,0,0,2,0,-0.05653378662348758,0.23052031336785905,nan,-0.02925350742057775
4.45,self,table,0.02707252619322419,0.027072514605463838,0,0,,0,0.07866760653786627,inf,2,1,0,0,2,0,-0.05652358257035747,0.23103195914698937,nan,-0.02924567498300823
4.5,self,table,0.027084538054021282,0.027084526608073995,0,0,,0,0.07872276821084347,inf,2,1,0,0,2,0,-0.056513229362290404,0.23156011558073705,nan,-0.029237621506859823
4.55,self,table,0.027096064446290886,0.027096053157402954,0,0,,0,0.07877905795780764,inf,2,1,0,0,2,0,-0.05650276172148658,0.23210377905850402,nan,-0.029229386118351686
4.6000000000000005,self,table,0.027107144121774736,0.027107133002216854,0,0,,0,0.0788363356409837,inf,2,1,0,0,2,0,-0.05649221179990574,0.23266200203490847,nan,-0.029221004860188415
4.65,self,table,0.027117811626599018,0.027117800688271514,0,0,,0,0.07889447225012618,inf,2,1,0,0,2,0,-0.056481609194561744,0.23323388680138696,nan,-0.02921251077465159
4.7,self,table,0.027128097777224237,0.027128087028693244,0,0,,0,0.07895334892666826,inf,2,1,0,0,2,0,-0.05647098099063336,0.23381858005570005,nan,-0.02920393400523802
4.75,self,table,0.0271380300837931,0.027138019534246542,0,0,,0,0.07901285603090998,inf,2,1,0,0,2,0,-0.05646035185267119,0.23441526867677104,nan,-0.02919530194096631
4.800000000000001,self,table,0.02714763312490882,0.02714762278372149,0,0,,0,0.07907289237908259,inf,2,1,0,0,2,0,-0.05644974413058299,0.23502317587500418,nan,-0.029186639362671074
4.8500000000000005,self,table,0.027156928884765372,0.02715691875883639,0,0,,0,0.07913336449968285,inf,2,1,0,0,2,0,-0.05643917797717528,0.2356415580574796,nan,-0.02917796860037114
4.9,self,table,0.02716593704871526,0.02716592714437228,0,0,,0,0.07919418597643575,inf,2,1,0,0,2,0,-0.05642867147676617,0.23626970165225994,nan,-0.029169309699007773
4.95,self,table,0.027174675268667823,0.027174665591847006,0,0,,0,0.07925527683427351,inf,2,1,0,0,2,0,-0.05641824078515082,0.23690692120416104,nan,-0.029160680583844023
5.0,self,table,0.02718315939473121,0.027183149950039197,0,0,,0,0.07931656302643826,inf,2,1,0,0,2,0,-0.05640790025936991,0.23755255692737456,nan,-0.02915209721434675
5.050000000000001,self,table,0.027191403682901773,0.02719139447622625,0,0,,0,0.0793779759198759,inf,2,1,0,0,2,0,-0.056397662595803394,0.2379517288641638,nan,-0.029143573745218032
5.1000000000000005,self,table,0.027199420978740528,0.02719941201381407,0,0,,0,0.0794394518767222,inf,2,1,0,0,2,0,-0.05638753895997409,0.23795681829552695,nan,-0.029135122673336067
5.15,self,table,0.027207222877293505,0.027207214157479395,0,0,,0,0.07950093185187836,inf,2,1,0,0,2,0,-0.05637753911090677,0.23796200601008416,nan,-0.029126754981542713
5.2,self,table,0.027214819864779322,0.02721481139338491,0,0,,0,0.07956236103301682,inf,2,1,0,0,2,0,-0.05636767152016873,0.2379672791941939,nan,-0.02911848027065933
5.25,self,table,0.027222221446890765,0.02722221322623152,0,0,,0,0.07962368853040543,inf,2,1,0,0,2,0,-0.05635794348690594,0.23797262620654852,nan,-0.029110306883334824
5.300000000000001,self,table,0.027229436258980916,0.027229428290220157,0,0,,0,0.07968486707885496,inf,2,1,0,0,2,0,-0.05634836124067731,0.2379780364489031,nan,-0.029102242025367597
5.3500000000000005,self,table,0.027236472162790897,0.027236464448876417,0,0,,0,0.07974585274940853,inf,2,1,0,0,2,0,-0.05633893004305996,0.23798350025177306,nan,-0.029094291866067712
5.4,self,table,0.027243336337227916,0.027243328878266734,0,0,,0,0.07980660476110944,inf,2,1,0,0,2,0,-0.05632965427826568,0.23798900877968246,nan,-0.029086461644638573
5.45,self,table,0.027250035350379676,0.027250028147276537,0,0,,0,0.07986708521097745,inf,2,1,0,0,2,0,-0.056320537536621675,0.23799455393840666,nan,-0.029078755757240504
5.5,self,table,0.027256575230949574,0.027256568283304562,0,0,,0,0.0799272589130988,inf,2,1,0,0,2,0,-0.056311582691033805,0.23800012830800976,nan,-0.02907117784791613
5.550000000000001,self,table,0.02726296152438064,0.027262954833807092,0,0,,0,0.07998709319640464,inf,2,1,0,0,2,0,-0.05630279197695564,0.23800572506807297,nan,-0.029063730875630744
5.6000000000000005,self,table,0.027269199349721204,0.02726919291658229,0,0,,0,0.08004655774473644,inf,2,1,0,0,2,0,-0.056294167046081714,0.2380113379393109,nan,-0.029056417188138783
5.65,self,table,0.027275293446026173,0.027275287268036227,0,0,,0,0.08010562447621693,inf,2,1,0,0,2,0,-0.056285709033693045,0.23801696113695686,nan,-0.029049238591096094
5.7,self,table,0.02728124820983995,0.027281242286190034,0,0,,0,0.08016426734906067,inf,2,1,0,0,2,0,-0.05627741861107829,0.2380225893211978,nan,-0.029042196400893006
5.75,self,table,0.027287067735151223,0.027287062065206723,0,0,,0,0.08022246227457845,inf,2,1,0,0,2,0,-0.05626929603555687,0.23802821755751974,nan,-0.029035291495770776
5.800000000000001,self,table,0.027292755845547283,0.027292750428891854,0,0,,0,0.08028018638826255,inf,2,1,0,0,2,0,-0.05626134119672246,0.2380338412789134,nan,-0.02902852436657155
5.8500000000000005,self,table,0.02729831612220997,0.02729831095717556,0,0,,0,0.08033741843398827,inf,2,1,0,0,2,0,-0.05625355365604022,0.23803945625870696,nan,-0.02902189516004061
5.9,self,table,0.027303751928807973,0.02730374701472876,0,0,,0,0.0803941407884559,inf,2,1,0,0,2,0,-0.056245932680026416,0.23804505857643904,nan,-0.02901540371390643
5.95,self,table,0.027309066436024248,0.02730906177088413,0,0,,0,0.08045033605796241,inf,2,1,0,0,2,0,-0.056238477280997845,0.23805064459551764,nan,-0.029009049598550884
6.0,self,table,0.02731426263947305,0.027314258222060264,0,0,,0,0.08050598827904247,inf,2,1,0,0,2,0,-0.056231186245098236,0.23805621094202672,nan,-0.029002832140269108
6.050000000000001,self,table,0.027319343378286533,0.02731933920543109,0,0,,0,0.08056108287202256,inf,2,1,0,0,2,0,-0.05622405815243085,0.2380617544817957,nan,-0.02899675045964023
6.1000000000000005,self,table,0.02732431134960982,0.027324307420369502,0,0,,0,0.08061560653093351,inf,2,1,0,0,2,0,-0.056217091411679104,0.2380672723047678,nan,-0.028990803483429084
6.15,self,table,0.027329169125866443,0.02732916543763254,0,0,,0,0.08066954717010148,inf,2,1,0,0,2,0,-0.05621028427568715,0.23807276170747918,nan,-0.028984989984371046
6.2,self,table,0.02733391916243985,0.027333915713045432,0,0,,0,0.08072289385910457,inf,2,1,0,0,2,0,-0.056203637252454315,0.23807822018007999,nan,-0.028979308588124364
6.25,self,table,0.027338563812038894,0.027338560598786452,0,0,,0,0.08077563675972098,inf,2,1,0,0,2,0,-0.05619715057698955,0.23808364538776164,nan,-0.02897375779764655
6.300000000000001,self,table,0.027343105334043688,0.027343102355745358,0,0,,0,0.08082776706894727,inf,2,1,0,0,2,0,-0.0561908171370472,0.23808903516843874,nan,-0.028968336009861484
6.3500000000000005,self,table,0.027347545901451005,0.02734754315458084,0,0,,0,0.08087927697631629,inf,2,1,0,0,2,0,-0.05618463477238542,0.23809438751238673,nan,-0.028963041528325628
6.4,self,table,0.027351887610913134,0.02735188509278874,0,0,,0,0.08093015958612258,inf,2,1,0,0,2,0,-0.05617860125049308,0.238099700556615,nan,-0.02895787257917737
6.45,self,table,0.02735613248759077,0.02735613019600817,0,0,,0,0.08098040890328088,inf,2,1,0,0,2,0,-0.056172714277972095,0.23810497257926994,nan,-0.02895282732264881
6.5,self,table,0.027360282492120285,0.02736028042436317,0,0,,0,0.0810300197550403,inf,2,1,0,0,2,0,-0.0561669715080215,0.238110201985151,nan,-0.028947903860975344
6.550000000000001,self,table,0.027364339526313623,0.02736433767876782,0,0,,0,0.08107898778000565,inf,2,1,0,0,2,0,-0.05616137055540327,0.23811538730071044,nan,-0.02894310025323188
6.6000000000000005,self,table,0.027368305437535555,0.02736830380805163,0,0,,0,0.08112730935764016,inf,2,1,0,0,2,0,-0.05615590899710654,0.23812052716957538,nan,-0.028938414516312072
6.65,self,table,0.027372182023515733,0.02737218060896646,0,0,,0,0.08117498159142993,inf,2,1,0,0,2,0,-0.056150584386655,0.23812562034052412,nan,-0.028933844639137618
6.7,self,table,0.02737597103580223,0.02737596983292613,0,0,,0,0.08122200225490216,inf,2,1,0,0,2,0,-0.05614539426201949,0.23813066566837282,nan,-0.028929388590535732
6.75,self,table,0.027379674181907197,0.02737967318768484,0,0,,0,0.08126836977556316,inf,2,1,0,0,2,0,-0.056140336144456744,0.23813566210211382,nan,-0.02892504431837506
6.800000000000001,self,table,0.02738329313098358,0.027383292342681897,0,0,,0,0.0813140831880496,inf,2,1,0,0,2,0,-0.05613540754923607,0.2381406086863173,nan,-0.02892080976015121
6.8500000000000005,self,table,0.02738682951523632,0.027386828929768847,0,0,,0,0.08135914211099497,inf,2,1,0,0,2,0,-0.05613060598925676,0.23814550455076858,nan,-0.02891668284640181
6.9,self,table,0.027390284931385605,0.02739028454561621,0,0,,0,0.08140354670395582,inf,2,1,0,0,2,0,-0.056125928978998325,0.23815034890822956,nan,-0.02891266150486904
6.95,self,table,0.027393660944671692,0.02739366075492574,0,0,,0,0.08144729763987539,inf,2,1,0,0,2,0,-0.056121374038644437,0.23815514104857743,nan,-0.028908743664482484
7.0,self,table,0.027396959089573448,0.02739695909305216,0,0,,0,0.08149039608986845,inf,2,1,0,0,2,0,-0.05611693870236242,0.23815988033997798,nan,-0.028904927263394997
7.050000000000001,self,table,0.027400180869966498,0.027400181064852182,0,0,,0,0.08153284370210927,inf,2,1,0,0,2,0,-0.056112620509447306,0.238164566218023,nan,-0.02890121024061809
7.1000000000000005,self,table,0.027403327766082463,0.027403328147332106,0,0,,0,0.0815746425316806,inf,2,1,0,0,2,0,-0.0561084170217175,0.23816919818919496,nan,-0.02889759055257335
7.15,self,table,0.02740640122844735,0.027406401793750545,0,0,,0,0.08161579507082938,inf,2,1,0,0,2,0,-0.05610432581349716,0.2381737758209749,nan,-0.028894066163753784
7.2,self,table,0.0274094026854963,0.02740940343093867,0,0,,0,0.08165630418978724,inf,2,1,0,0,2,0,-0.056100344483720026,0.238178298744738,nan,-0.028890635058229086
7.25,self,table,0.027412333540150435,0.027412334463053988,0,0,,0,0.08169617313997017,inf,2,1,0,0,2,0,-0.05609647064884977,0.238182766649113,nan,-0.02888729523288891
7.300000000000001,self,table,0.027415195174152154,0.027415196270725393,0,0,,0,0.08173540550819351,inf,2,1,0,0,2,0,-0.05609270195384657,0.23818717927774444,nan,-0.028884044707971235
7.3500000000000005,self,table,0.027417988946119642,0.027417990213296124,0,0,,0,0.08177400520097065,inf,2,1,0,0,2,0,-0.056089036066114976,0.2381915364268598,nan,-0.028880881521266555
7.4,self,table,0.0274207161941025,0.02742071762916411,0,0,,0,0.0818119764419624,inf,2,1,0,0,2,0,-0.05608547068072056,0.23819583794221796,nan,-0.02887780373314508
7.45,self,table,0.027423378235775942,0.02742337983530351,0,0,,0,0.08184932373667884,inf,2,1,0,0,2,0,-0.05608200352011122,0.23820008372016802,nan,-0.028874809426228776
7.5,self,table,0.027425976368851048,0.027425978129576537,0,0,,0,0.08188605186341745,inf,2,1,0,0,2,0,-0.0560786323369277,0.23820427370083722,nan,-0.028871896708065226
7.550000000000001,self,table,0.02742851187142892,0.027428513790309493,0,0,,0,0.08192216583580285,inf,2,1,0,0,2,0,-0.05607535491248106,0.23820840786612701,nan,-0.02886906370972564
7.6000000000000005,self,table,0.02743098600319797,0.027430988077023957,0,0,,0,0.0819576709055551,inf,2,1,0,0,2,0,-0.05607216906020441,0.2382124862374865,nan,-0.028866308589035383
7.65,self,table,0.02743340000479837,0.02743340223064504,0,0,,0,0.08199257254068858,inf,2,1,0,0,2,0,-0.05606907262430042,0.23821650887837362,nan,-0.028863629529294332
7.7,self,table,0.027435755098978096,0.027435757474249308,0,0,,0,0.08202687640858801,inf,2,1,0,0,2,0,-0.05606606348086725,0.23822047588868875,nan,-0.02886102474036767
7.75,self,table,0.02743805249083606,0.027438055012257982,0,0,,0,0.08206058836786205,inf,2,1,0,0,2,0,-0.05606313953792116,0.23822438740174506,nan,-0.028858492458682106
7.800000000000001,self,table,0.027440293368362595,0.02744029603254498,0,0,,0,0.08209371443379664,inf,2,1,0,0,2,0,-0.05606029873748162,0.2382282435851781,nan,-0.02885603094919409
7.8500000000000005,self,table,0.02744247890178105,0.027442481705521393,0,0,,0,0.08212626079152995,inf,2,1,0,0,2,0,-0.05605753905519203,0.23823204463723,nan,-0.028853638505013657
7.9,self,table,0.027444610244069977,0.02744461318442458,0,0,,0,0.08215823376936114,inf,2,1,0,0,2,0,-0.05605485849855405,0.23823579078364193,nan,-0.028851313445703464
7.95,self,table,0.027446688532050224,0.02744669160554325,0,0,,0,0.08218963980703962,inf,2,1,0,0,2,0,-0.056052255110333654,0.23823948228379818,nan,-0.02884905412058336
8.0,self,table,0.02744871488529016,0.02744871808931686,0,0,,0,0.08222048548284376,inf,2,1,0,0,2,0,-0.056049726968112834,0.23824311941640997,nan,-0.028846858908244788
8.05,self,table,0.027450690406719342,0.027450693738457568,0,0,,0,0.08225077746359198,inf,2,1,0,0,2,0,-0.05604727218192483,0.2382467024903665,nan,-0.02884472621440204
8.1,self,table,0.027452616183636747,0.02745261964038009,0,0,,0,0.08228052253739025,inf,2,1,0,0,2,0,-0.05604488889491021,0.23825023183765137,nan,-0.028842654472321816
8.15,self,table,0.027454493286840707,0.027454496865389238,0,0,,0,0.08230972755693942,inf,2,1,0,0,2,0,-0.05604257528752065,0.23825370780893335,nan,-0.02884064214707105
8.200000000000001,self,table,0.027456322770779685,0.027456326468156517,0,0,,0,0.08233839944915759,inf,2,1,0,0,2,0,-0.05604032957163059,0.23825713077513394,nan,-0.028838687729697
8.25,self,table,0.02745810567405054,0.027458109487528845,0,0,,0,0.08236654519648466,inf,2,1,0,0,2,0,-0.05603814999549786,0.23826050113196776,nan,-0.028836789742139546
8.3,self,table,0.027459843018896517,0.027459846945935593,0,0,,0,0.08239417186518765,inf,2,1,0,0,2,0,-0.05603603483845428,0.23826381928847176,nan,-0.028834946732069544
8.35,self,table,0.027461535812458575,0.027461539850336152,0,0,,0,0.08242128654256424,inf,2,1,0,0,2,0,-0.05603398241469473,0.23826708567265756,nan,-0.028833157276588195
8.4,self,table,0.027463185045966336,0.027463189191785232,0,0,,0,0.08244789635951859,inf,2,1,0,0,2,0,-0.05603199107244542,0.23827030072641062,nan,-0.02883141998145622
8.450000000000001,self,table,0.027464791694998995,0.02746479594589083,0,0,,0,0.08247400848309076,inf,2,1,0,0,2,0,-0.056030059194673215,0.23827346490648518,nan,-0.028829733481657405
8.5,self,table,0.02746635671856723,0.027466361072056508,0,0,,0,0.08249963007351345,inf,2,1,0,0,2,0,-0.05602818519551237,0.23827657868488666,nan,-0.028828096438212714
8.55,self,table,0.027467881061189196,0.02746788551492878,0,0,,0,0.08252476834532506,inf,2,1,0,0,2,0,-0.056026367521753315,0.23827964254416462,nan,-0.028826507539506996
8.6,self,table,0.027469365652042603,0.027469370202895506,0,0,,0,0.08254943048565154,inf,2,1,0,0,2,0,-0.05602460465449684,0.23828265697666304,nan,-0.02882496550292657
8.65,self,table,0.027470811404413282,0.02747081605002171,0,0,,0,0.0825736236858222,inf,2,1,0,0,2,0,-0.0560228951077585,0.2382856224919455,nan,-0.0288234690735516
8.700000000000001,self,table,0.02747221921606098,0.027472223954520477,0,0,,0,0.08259735516520776,inf,2,1,0,0,2,0,-0.056021237424742326,0.2382885396006049,nan,-0.028822017020596724
8.75,self,table,0.027473589970173806,0.02747359479885136,0,0,,0,0.08262063208728425,inf,2,1,0,0,2,0,-0.056019630182128424,0.23829140882822006,nan,-0.02882060814160392
8.8,self,table,0.02747492453446997,0.02747492945051557,0,0,,0,0.08264346161298279,inf,2,1,0,0,2,0,-0.05601807198878694,0.23829423070256806,nan,-0.028819241261243023
8.85,self,table,0.027476223761492273,0.027476228762499513,0,0,,0,0.08266585088350613,inf,2,1,0,0,2,0,-0.05601656148388626,0.23829700576321647,nan,-0.028817915229505497
8.9,self,table,0.02747748848891555,0.02747749357275229,0,0,,0,0.0826878070086025,inf,2,1,0,0,2,0,-0.05601509733937638,0.23829973455610853,nan,-0.028816628924130283
8.950000000000001,self,table,0.02747871953884539,0.027478724703706305,0,0,,0,0.08270933706468868,inf,2,1,0,0,2,0,-0.0560136782527226,0.23830241762862203,nan,-0.02881538124374028
9.0,self,table,0.02747991772015894,0.02747992296300846,0,0,,0,0.08273044810253387,inf,2,1,0,0,2,0,-0.05601230295670304,0.23830505553348363,nan,-0.028814171117178766
9.05,self,table,0.027481083825204495,0.027481089143961666,0,0,,0,0.082751147095164,inf,2,1,0,0,2,0,-0.05601097021200538,0.23830764883091565,nan,-0.02881299749651023
9.1,self,table,0.027482218632098186,0.027482224025269904,0,0,,0,0.08277144100174098,inf,2,1,0,0,2,0,-0.05600967880638231,0.2383101980822952,nan,-0.028811859356312586
9.15,self,table,0.027483322905355805,0.02748332837082007,0,0,,0,0.08279133672537096,inf,2,1,0,0,2,0,-0.05600842755744109,0.238312703851649,nan,-0.028810755696305868
9.200000000000001,self,table,0.027484397394415407,0.027484402929752922,0,0,,0,0.08281084110734159,inf,2,1,0,0,2,0,-0.05600721531308763,0.23831516670531674,nan,-0.028809685541915653
9.25,self,table,0.027485442834214564,0.027485448437097888,0,0,,0,0.08282996093737142,inf,2,1,0,0,2,0,-0.05600604094848259,0.23831758721100813,nan,-0.02880864794129201
9.3,self,table,0.027486459945126676,0.027486465614064065,0,0,,0,0.08284870294246903,inf,2,1,0,0,2,0,-0.056004903362926614,0.23831996593705101,nan,-0.02880764196246577
9.35,self,table,0.02748744943439997,0.02748745516673874,0,0,,0,0.08286707378810469,inf,2,1,0,0,2,0,-0.0560038014877542,0.23832230345380948,nan,-0.028806666700986416
9.4,self,table,0.027488411994300823,0.0274884177886996,0,0,,0,0.08288508006740085,inf,2,1,0,0,2,0,-0.056002734279919086,0.23832460033018013,nan,-0.0288057212737437
9.450000000000001,self,table,0.027489348303240454,0.027489354158248738,0,0,,0,0.08290272832474692,inf,2,1,0,0,2,0,-0.0560017007189132,0.23832685713728816,nan,-0.02880480481613923
9.5,self,table,0.027490259027029257,0.027490264939967646,0,0,,0,0.0829200250304241,inf,2,1,0,0,2,0,-0.05600069981365812,0.23832907444235257,nan,-0.02880391648868219
9.55,self,table,0.027491144816486554,0.027491150786358068,0,0,,0,0.08293697656344277,inf,2,1,0,0,2,0,-0.05599973059730866,0.23833125281233106,nan,-0.028803055472122474
9.600000000000001,self,table,0.027492006309616457,0.027492012334600403,0,0,,0,0.08295358925500355,inf,2,1,0,0,2,0,-0.05599879212704499,0.23833339281353894,nan,-0.028802220967296344
9.65,self,table,0.027492844131201472,0.02749285020922097,0,0,,0,0.08296986934067495,inf,2,1,0,0,2,0,-0.05599788348645083,0.23833549500823029,nan,-0.02880141219740684
9.700000000000001,self,table,0.027493658892113457,0.027493665021799084,0,0,,0,0.08298582299008726,inf,2,1,0,0,2,0,-0.055997003780157456,0.23833755995855704,nan,-0.028800628403022333
9.75,self,table,0.02749445119112911,0.027494457370522758,0,0,,0,0.08300145629349313,inf,2,1,0,0,2,0,-0.05599615214047138,0.2383395882228773,nan,-0.028799868848395804
9.8,self,table,0.02749522161280428,0.02749522784069571,0,0,,0,0.08301677526621808,inf,2,1,0,0,2,0,-0.05599532771893213,0.2383415803558504,nan,-0.0287991328135635
9.850000000000001,self,table,0.02749597073017086,0.027495977005154874,0,0,,0,0.08303178582286612,inf,2,1,0,0,2,0,-0.055994529691074116,0.23834353691068214,nan,-0.02879841959880003
9.9,self,table,0.02749669910312286,0.027496705423487675,0,0,,0,0.08304649382900241,inf,2,1,0,0,2,0,-0.055993757255198666,0.23834545843383106,nan,-0.02879772852362661
9.950000000000001,self,table,0.02749740727902123,0.027497413642833073,0,0,,0,0.0830609050424712,inf,2,1,0,0,2,0,-0.055993009629800944,0.2383473454708597,nan,-0.028797058924317498
10.0,self,table,0.027498095793163473,0.027498102199468088,0,0,,0,0.0830750251507845,inf,2,1,0,0,2,0,-0.05599228605542036,0.23834919856365536,nan,-0.02879641015578782
10.05,self,table,0.02749876516880278,0.02749877161604771,0,0,,0,0.0830888597613371,inf,2,1,0,0,2,0,-0.055991585794659404,0.23835101824981436,nan,-0.02879578159163998
10.100000000000001,self,table,0.027499415916906463,0.027499422403755445,0,0,,0,0.08310241439640252,inf,2,1,0,0,2,0,-0.055990908127916204,0.23835280505983192,nan,-0.028795172620132425
10.15,self,table,0.02750004853715529,0.02750005506239215,0,0,,0,0.0831156944853985,inf,2,1,0,0,2,0,-0.05599025235940807,0.2383545595197672,nan,-0.02879458264998791
10.200000000000001,self,table,0.027500663516518736,0.027500670079417616,0,0,,0,0.08312870536897186,inf,2,1,0,0,2,0,-0.055989617807079915,0.23835628215475682,nan,-0.028794011100785832
10.25,self,table,0.027501261332384494,0.027501267931260703,0,0,,0,0.08314145233983404,inf,2,1,0,0,2,0,-0.055989003813957994,0.23835797348103685,nan,-0.02879345741392414
10.3,self,table,0.027501842449139502,0.0275018490831377,0,0,,0,0.08315394057365948,inf,2,1,0,0,2,0,-0.05598840973715192,0.23835963401238572,nan,-0.028792921042139596
10.350000000000001,self,table,0.027502407321563123,0.027502413988941734,0,0,,0,0.0831661751756239,inf,2,1,0,0,2,0,-0.05598783495493978,0.2383612642534664,nan,-0.028792401456226968
10.4,self,table,0.02750295639192284,0.02750296309153698,0,0,,0,0.08317816115066,inf,2,1,0,0,2,0,-0.05598727886244039,0.23836286470921342,nan,-0.02879189814110683
10.450000000000001,self,table,0.027503490093042864,0.027503496823870984,0,0,,0,0.08318990345357828,inf,2,1,0,0,2,0,-0.055986740870902246,0.23836443587312495,nan,-0.02879141059511281
10.5,self,table,0.0275040088468366,0.02750401560774875,0,0,,0,0.08320140692236865,inf,2,1,0,0,2,0,-0.05598622041042866,0.23836597823945782,nan,-0.02879093833265256
10.55,self,table,0.027504513064741522,0.027504519854854113,0,0,,0,0.08321267633661193,inf,2,1,0,0,2,0,-0.055985716927048824,0.23836749229038076,nan,-0.02879048088147884
10.600000000000001,self,table,0.027505003147952272,0.02750500996630932,0,0,,0,0.08322371637525126,inf,2,1,0,0,2,0,-0.05598522988201713,0.2383689785067367,nan,-0.02879003778203304
10.65,self,table,0.027505479488042286,0.027505486333951352,0,0,,0,0.0832345316509873,inf,2,1,0,0,2,0,-0.05598475875344409,0.23837043736267252,nan,-0.028789608589129156
10.700000000000001,self,table,0.027505942466826628,0.02750594933866072,0,0,,0,0.08324512669230548,inf,2,1,0,0,2,0,-0.055984303034904336,0.23837186932454751,nan,-0.028789192870543934
10.75,self,table,0.027506392455781264,0.027506399352918296,0,0,,0,0.08325550593500085,inf,2,1,0,0,2,0,-0.05598386223358016,0.23837327485407678,nan,-0.028788790205389936
10.8,self,table,0.02750682981783195,0.027506836738800264,0,0,,0,0.0832656737531463,inf,2,1,0,0,2,0,-0.05598343587450665,0.23837465440832623,nan,-0.028788400188174634
10.850000000000001,self,table,0.02750725490532335,0.027507261850134364,0,0,,0,0.08327563441936069,inf,2,1,0,0,2,0,-0.05598302349346766,0.23837600843697543,nan,-0.02878802242209988
10.9,self,table,0.02750766806316626,0.02750767503089369,0,0,,0,0.08328539215526952,inf,2,1,0,0,2,0,-0.055982624642075714,0.23837733738181002,nan,-0.02878765652388149
10.950000000000001,self,table,0.027508069626063236,0.027508076616221084,0,0,,0,0.08329495108174277,inf,2,1,0,0,2,0,-0.055982238883735456,0.23837864168336534,nan,-0.02878730212001035
11.0,self,table,0.0275084599211426,0.027508466932402054,0,0,,0,0.08330431526538,inf,2,1,0,0,2,0,-0.05598186579588481,0.23837992177144135,nan,-0.02878695884887794
11.05,self,table,0.027508839266066433,0.027508846297802234,0,0,,0,0.0833134886738031,inf,2,1,0,0,2,0,-0.055981504969192096,0.23838117807292056,nan,-0.0287866263601263
11.100000000000001,self,table,0.027509207970771308,0.027509215022393528,0,0,,0,0.08332247521895612,inf,2,1,0,0,2,0,-0.055981156006542424,0.23838241100787777,nan,-0.02878630431365492
11.15,self,table,0.02750956633676578,0.027509573407099794,0,0,,0,0.08333127873000983,inf,2,1,0,0,2,0,-0.0559808185239397,0.2383836209880032,nan,-0.02878599238051227
11.200000000000001,self,table,0.027509914656895295,0.027509921745538714,0,0,,0,0.08333990295332964,inf,2,1,0,0,2,0,-0.05598049214679235,0.23838480842247753,nan,-0.028785690239465866
11.25,self,table,0.027510253217475158,0.0275102603237458,0,0,,0,0.08334835157909319,inf,2,1,0,0,2,0,-0.05598017651503684,0.23838597371147416,nan,-0.028785397581816308
11.3,self,table,0.02751058229567561,0.02751058941899196,0,0,,0,0.08335662821430088,inf,2,1,0,0,2,0,-0.05597987127790213,0.23838711725295894,nan,-0.028785114106580023
11.350000000000001,self,table,0.02751090216273957,0.027510909302084267,0,0,,0,0.08336473641967122,inf,2,1,0,0,2,0,-0.05597957609554454,0.23838823943297913,nan,-0.028784839521924788
11.4,self,table,0.027511213081095703,0.02751122023624798,0,0,,0,0.08337267964816956,inf,2,1,0,0,2,0,-0.05597929063886817,0.23838934063612202,nan,-0.028784573545165726
11.450000000000001,self,table,0.02751151530696161,0.027511522477225672,0,0,,0,0.0833804613118072,inf,2,1,0,0,2,0,-0.05597901459048248,0.2383904212416532,nan,-0.02878431590369035
11.5,self,table,0.027511809089207678,0.027511816273649573,0,0,,0,0.08338808474928576,inf,2,1,0,0,2,0,-0.0559787476402335,0.23839148162125917,nan,-0.028784066330639457
11.55,self,table,0.02751209467025198,0.027512101868536056,0,0,,0,0.08339555323704793,inf,2,1,0,0,2,0,-0.05597848948938846,0.2383925221393291,nan,-0.028783824569017513
11.600000000000001,self,table,0.027512372285353734,0.027512379496313147,0,0,,0,0.08340286997854733,inf,2,1,0,0,2,0,-0.05597823984919604,0.23839354315707295,nan,-0.028783590370341394
11.65,self,table,0.02751264216306135,0.02751264938739203,0,0,,0,0.08341003810740193,inf,2,1,0,0,2,0,-0.055977998439432713,0.23839454502893298,nan,-0.028783363493293912
11.700000000000001,self,table,0.02751290452632128,0.027512911763184638,0,0,,0,0.08341706071236497,inf,2,1,0,0,2,0,-0.055977764988193804,0.23839552810159254,nan,-0.028783143703494773
11.75,self,table,0.02751315959128077,0.027513166840107697,0,0,,0,0.08342394080308689,inf,2,1,0,0,2,0,-0.055977539232108846,0.23839649272057717,nan,-0.028782930773799453
11.8,self,table,0.0275134075688117,0.02751341482846363,0,0,,0,0.08343068134976832,inf,2,1,0,0,2,0,-0.055977320917047234,0.2383974392226594,nan,-0.028782724484958222
11.850000000000001,self,table,0.027513648662801655,0.0275136559331644,0,0,,0,0.08343728523361209,inf,2,1,0,0,2,0,-0.05597710979768273,0.23839836793875552,nan,-0.028782524625273864
11.9,self,table,0.027513883071772497,0.027513890352277942,0,0,,0,0.08344375529367924,inf,2,1,0,0,2,0,-0.05597690563502795,0.2383992791940208,nan,-0.028782330988251448
11.950000000000001,self,table,0.02751411098891512,0.02751411827889819,0,0,,0,0.08345009430629889,inf,2,1,0,0,2,0,-0.05597670819843095,0.23840017331193525,nan,-0.02878214337449525
12.0,self,table,0.02751433260157383,0.02751433990150554,0,0,,0,0.08345630499292243,inf,2,1,0,0,2,0,-0.0559765172639307,0.23840105060774228,nan,-0.028781961590258254
12.05,self,table,0.027514548092376506,0.027514555401510724,0,0,,0,0.08346239002047627,inf,2,1,0,0,2,0,-0.055976332616960965,0.23840191138813321,nan,-0.028781785449933484
12.100000000000001,self,table,0.027514757637622695,0.02751476495625898,0,0,,0,0.08346835199368406,inf,2,1,0,0,2,0,-0.05597615404650417,0.23840275596255325,nan,-0.028781614770611808
12.15,self,table,0.027514961410490577,0.0275149687374594,0,0,,0,0.08347419349034811,inf,2,1,0,0,2,0,-0.055975981352768406,0.23840358462751904,nan,-0.02878144937935312
12.200000000000001,self,table,0.02751515957671322,0.027515166911984773,0,0,,0,0.08347991698952877,inf,2,1,0,0,2,0,-0.05597581433885282,0.23840439767787447,nan,-0.028781289105282437
12.25,self,table,0.0275153522989099,0.027515359642208744,0,0,,0,0.08348552494769938,inf,2,1,0,0,2,0,-0.0559756528153826,0.23840519540368735,nan,-0.028781133784027246
12.3,self,table,0.027515539734711162,0.02751554708591718,0,0,,0,0.08349101977025379,inf,2,1,0,0,2,0,-0.05597549659882957,0.23840597808966385,nan,-0.028780983256190273
12.350000000000001,self,table,0.0275157220373777,0.027515729395784432,0,0,,0,0.08349640380578176,inf,2,1,0,0,2,0,-0.055975345511768825,0.2384067460149775,nan,-0.02878083736751924
12.4,self,table,0.027515899355221658,0.027515906720413895,0,0,,0,0.08350167934996049,inf,2,1,0,0,2,0,-0.05597519938476252,0.23840749945416917,nan,-0.028780695970817005
12.450000000000001,self,table,0.027516071832201127,0.027516079204385896,0,0,,0,0.08350684865786688,inf,2,1,0,0,2,0,-0.05597505805101478,0.2384082386764784,nan,-0.028780558920790678
12.5,self,table,0.027516239608448848,0.027516246987141724,0,0,,0,0.0835119139323681,inf,2,1,0,0,2,0,-0.05597492134970704,0.23840896394753375,nan,-0.02878042607732656
12.55,self,table,0.027516402820320675,0.027516410205327253,0,0,,0,0.08351687733590656,inf,2,1,0,0,2,0,-0.055974789126658105,0.23840967552817574,nan,-0.028780297306066904
12.600000000000001,self,table,0.02751656159961625,0.027516568990393432,0,0,,0,0.0835217409846518,inf,2,1,0,0,2,0,-0.05597466123142005,0.23841037367139686,nan,-0.028780172475678656
12.65,self,table,0.027516716074358412,0.027516723470426767,0,0,,0,0.08352650694332962,inf,2,1,0,0,2,0,-0.05597453752034108,0.2384110586303385,nan,-0.028780051460877143
12.700000000000001,self,table,0.027516866368811652,0.02751687377012812,0,0,,0,0.08353117723389146,inf,2,1,0,0,2,0,-0.05597441785323634,0.23841173065159818,nan,-0.028779934139129715
12.75,self,table,0.027517012603546727,0.027517020010159356,0,0,,0,0.08353575383665655,inf,2,1,0,0,2,0,-0.055974302092927794,0.23841238997830805,nan,-0.028779820390309463
12.8,self,table,0.02751715489661864,0.027517162307876673,0,0,,0,0.08354023870973341,inf,2,1,0,0,2,0,-0.05597419011052129,0.23841303684780815,nan,-0.028779710101768274
12.850000000000001,self,table,0.027517293360747895,0.02751730077692176,0,0,,0,0.08354463373200009,inf,2,1,0,0,2,0,-0.055974081778934356,0.23841367149172976,nan,-0.02877960316211947
12.9,self,table,0.027517428106464868,0.027517435527092286,0,0,,0,0.08354894076509871,inf,2,1,0,0,2,0,-0.05597397697536936,0.23841429414177845,nan,-0.028779499463662206
12.950000000000001,self,table,0.027517559241334574,0.027517566665832053,0,0,,0,0.08355316163824565,inf,2,1,0,0,2,0,-0.055973875581842754,0.23841490502429016,nan,-0.028779398902869402
13.0,self,table,0.027517686869376803,0.02751769429738157,0,0,,0,0.08355729813633432,inf,2,1,0,0,2,0,-0.055973777484407954,0.2384155043574833,nan,-0.028779301379653677
13.05,self,table,0.027517811090772917,0.027517818522772075,0,0,,0,0.08356135198790281,inf,2,1,0,0,2,0,-0.05597368257218493,0.23841609236086256,nan,-0.02877920679649182
13.100000000000001,self,table,0.027517932003857014,0.02751793943948273,0,0,,0,0.08356532491034517,inf,2,1,0,0,2,0,-0.05597359073865656,0.2384166692443857,nan,-0.02877911505967945
13.15,self,table,0.027518049703274535,0.027518057142438393,0,0,,0,0.08356921856150439,inf,2,1,0,0,2,0,-0.055973501881970825,0.2384172352189738,nan,-0.02877902607959837
13.200000000000001,self,table,0.02751816428077287,0.02751817172389716,0,0,,0,0.08357303457191571,inf,2,1,0,0,2,0,-0.05597341589846939,0.23841779049113843,nan,-0.028778939764542155
13.25,self,table,0.027518275827331393,0.02751828327373769,0,0,,0,0.08357677456506633,inf,2,1,0,0,2,0,-0.05597333269575999,0.2384183352611067,nan,-0.028778856033255473
13.3,self,table,0.027518384428415477,0.027518391877976577,0,0,,0,0.08358044009344683,inf,2,1,0,0,2,0,-0.055973252178719984,0.23841886972727933,nan,-0.028778774801560325
13.350000000000001,self,table,0.027518490168885974,0.02751849762122846,0,0,,0,0.08358403269478408,inf,2,1,0,0,2,0,-0.05597317425789517,0.23841939408351215,nan,-0.02877869599036098
13.4,self,table,0.02751859312988739,0.027518600585067617,0,0,,0,0.08358755386039789,inf,2,1,0,0,2,0,-0.05597309884638363,0.2384199085218533,nan,-0.02877861952275762
13.450000000000001,self,table,0.02751869339096679,0.027518700848953945,0,0,,0,0.08359100506161314,inf,2,1,0,0,2,0,-0.05597302586031108,0.23842041322856006,nan,-0.028778545324394056
13.5,self,table,0.027518791028741982,0.027518798489465257,0,0,,0,0.08359438773413129,inf,2,1,0,0,2,0,-0.05597295521732816,0.23842090838459482,nan,-0.028778473322159437
13.55,self,table,0.0275188861180077,0.027518893581192538,0,0,,0,0.08359770327659598,inf,2,1,0,0,2,0,-0.05597288684045242,0.2384213941757267,nan,-0.02877840344776572
13.600000000000001,self,table,0.02751897873140818,0.02751898619703352,0,0,,0,0.08360095308595165,inf,2,1,0,0,2,0,-0.055972820653048413,0.23842187077593396,nan,-0.028778335633013685
13.65,self,table,0.0275190689387999,0.027519076406659775,0,0,,0,0.08360413849371216,inf,2,1,0,0,2,0,-0.05597275658263671,0.23842233835972412,nan,-0.02877826981344711
13.700000000000001,self,table,0.027519156808518037,0.027519164278075152,0,0,,0,0.0836072608272747,inf,2,1,0,0,2,0,-0.055972694559280306,0.2384227970965338,nan,-0.028778205926784373
13.75,self,table,0.0275192424060859,0.02751924987775539,0,0,,0,0.08361032136725559,inf,2,1,0,0,2,0,-0.05597263451327808,0.23842324715392366,nan,-0.028778143910761722
13.8,self,table,0.027519325796117013,0.027519333269959843,0,0,,0,0.08361332138063908,inf,2,1,0,0,2,0,-0.055972576377409516,0.2384236886964365,nan,-0.028778083705237933
13.850000000000001,self,table,0.027519407041233377,0.027519414516683494,0,0,,0,0.08361626211246002,inf,2,1,0,0,2,0,-0.05597252008945331,0.23842412188468592,nan,-0.028778025254699746
13.9,self,table,0.027519486201250894,0.027519493678505744,0,0,,0,0.08361914476126207,inf,2,1,0,0,2,0,-0.05597246558743215,0.23842454687775397,nan,-0.028777968503630347
13.950000000000001,self,table,0.027519563335040766,0.02751957081342602,0,0,,0,0.08362197051850777,inf,2,1,0,0,2,0,-0.05597241281308394,0.23842496382919767,nan,-0.028777913399853916
14.0,self,table,0.027519638498607762,0.02751964597858904,0,0,,0,0.08362474053159012,inf,2,1,0,0,2,0,-0.055972361707083355,0.23842537289185414,nan,-0.02877785989003978
14.05,self,table,0.027519711747980985,0.027519719229416206,0,0,,0,0.08362745594591624,inf,2,1,0,0,2,0,-0.05597231221458939,0.23842577421406608,nan,-0.028777807924917242
14.100000000000001,self,table,0.02751978313624636,0.027519790618772917,0,0,,0,0.08363011786994805,inf,2,1,0,0,2,0,-0.05597226428267773,0.23842616794407587,nan,-0.028777757456913466
14.15,self,table,0.027519852714913355,0.027519860199210853,0,0,,0,0.08363272738204379,inf,2,1,0,0,2,0,-0.055972217856961694,0.23842655422602108,nan,-0.028777708436881544
14.200000000000001,self,table,0.02751992053566914,0.0275199280210268,0,0,,0,0.08363528556994552,inf,2,1,0,0,2,0,-0.05597217288902683,0.23842693319950403,nan,-0.028777660821231787
14.25,self,table,0.02751998664642385,0.02751999413227909,0,0,,0,0.08363779345817395,inf,2,1,0,0,2,0,-0.05597212933136703,0.23842730500304815,nan,-0.02877761456708583
14.3,self,table,0.02752005109419665,0.02752005858146425,0,0,,0,0.083640252061682,inf,2,1,0,0,2,0,-0.0559720871372647,0.2384276697706742,nan,-0.028777569632183586
14.350000000000001,self,table,0.027520113925115042,0.02752012141357081,0,0,,0,0.08364266238185018,inf,2,1,0,0,2,0,-0.05597204626007478,0.238428027639723,nan,-0.028777525974193807
14.4,self,table,0.027520175184424747,0.02752018267391363,0,0,,0,0.08364502540447237,inf,2,1,0,0,2,0,-0.05597200665672365,0.23842837873801,nan,-0.028777483554053074
14.450000000000001,self,table,0.027520234915086195,0.027520242405519337,0,0,,0,0.08364734208096579,inf,2,1,0,0,2,0,-0.05597196828511391,0.23842872319613403,nan,-0.02877744233352797
14.5,self,table,0.027520293159514445,0.027520300650109495,0,0,,0,0.08364961335772035,inf,2,1,0,0,2,0,-0.05597193110352308,0.23842906113751847,nan,-0.028777402274623887
14.55,self,table,0.02752034995816903,0.027520357449502077,0,0,,0,0.08365184013309439,inf,2,1,0,0,2,0,-0.05597189507513977,0.23842939268748742,nan,-0.02877736334390779
14.600000000000001,self,table,0.027520405350207142,0.02752041284287014,0,0,,0,0.08365402330944814,inf,2,1,0,0,2,0,-0.055971860160451636,0.23842971796549284,nan,-0.02877732550525014
14.65,self,table,0.02752045937442846,0.027520466868033302,0,0,,0,0.08365616376798661,inf,2,1,0,0,2,0,-0.05597182632245745,0.23843003709173105,nan,-0.028777288724814
14.700000000000001,self,table,0.02752051206823245,0.027520519562559062,0,0,,0,0.08365826237235606,inf,2,1,0,0,2,0,-0.055971793525893335,0.23843035018090633,nan,-0.02877725297034539
14.75,self,table,0.027520563467796046,0.027520570962343723,0,0,,0,0.08366031996249655,inf,2,1,0,0,2,0,-0.05597176173715372,0.23843065734975308,nan,-0.02877721821104684
14.8,self,table,0.027520613607789422,0.027520621103173104,0,0,,0,0.08366233735761945,inf,2,1,0,0,2,0,-0.05597173092321717,0.23843095870993153,nan,-0.028777184416628132
14.850000000000001,self,table,0.027520662522718224,0.027520670018674902,0,0,,0,0.08366431537261591,inf,2,1,0,0,2,0,-0.055971701051125096,0.238431254370229,nan,-0.028777151556726777
14.9,self,table,0.02752071024571649,0.02752071774188484,0,0,,0,0.08366625479593175,inf,2,1,0,0,2,0,-0.05597167209036086,0.23843154443944006,nan,-0.028777119603239587
14.950000000000001,self,table,0.027520756808772504,0.027520764305084183,0,0,,0,0.08366815640137608,inf,2,1,0,0,2,0,-0.055971644012294756,0.23843182902480523,nan,-0.02877708852979377
15.0,self,table,0.02752080224274974,0.027520809739888057,0,0,,0,0.08367002094494429,inf,2,1,0,0,2,0,-0.05597161678748936,0.2384321082290585,nan,-0.02877705830917532
0.05,self+frame,table,0.12083699429047365,0.12083699537600488,0,0,,0,0.05676101943747254,0.16504642260436408,5,1,752,0,0,0,0.0,0.25,nan,0.18563083846003303
0.1,self+frame,table,0.10617293810528618,0.10617294374741847,0,0,,0,0.06025353012509212,0.15400534883386005,6,1,752,0,0,0,0.0,0.25,nan,0.16215657311715448
0.15000000000000002,self+frame,table,0.09648608617131847,0.0933872817157322,0,0,,0,0.06307803130361635,0.1424273875218916,6,1,752,0,0,0,0.0,0.25,nan,0.14087361929129727
0.2,self+frame,table,0.08842958270703302,0.08222831911729624,0,0,,0,0.06554846405353494,0.13093920526164515,6,1,765,0,0,0,0.0,0.25,nan,0.12160620241524167
0.25,self+frame,table,0.0818171554994487,0.07248253432598126,0,0,,0,0.06770116017197124,0.11879943126545543,6,1,765,0,0,0,0.0,0.25,nan,0.11195586071245178
0.30000000000000004,self+frame,table,0.07635063694934266,0.06831115023495146,0,0,,0,0.06955357158823126,0.1095613033328625,6,1,765,0,0,0,0.0,0.25,nan,0.10406690624249304
0.35000000000000003,self+frame,table,0.07245396037231633,0.06571275914746084,0,0,,0,0.0713151247190318,0.10168526784264754,6,1,775,0,0,0,0.0,0.25,nan,0.09713490408196845
0.4,self+frame,table,0.06937949256416866,0.06375450223734944,0,0,,0,0.07261498515556646,0.09485873647890479,6,1,775,0,0,0,0.0,0.25,nan,0.09086685097163116
0.45,self+frame,table,0.06699599276741114,0.06233122662453036,0,0,,0,0.0738503462231193,0.08869384495279754,6,1,775,0,0,0,0.0,0.25,nan,0.0855631449083546
0.5,self+frame,table,0.06518955524991982,0.06143296805145655,0,0,,0,0.0756538721958971,0.08369483362357123,6,1,778,0,0,0,0.0,0.25,nan,0.08099521317166203
0.55,self+frame,table,0.06401435367971053,0.06100746117465691,0,0,,0,0.07745027622787785,0.07920259614750381,6,1,778,0,0,0,0.0,0.25,nan,0.07706730961200481
0.6000000000000001,self+frame,table,0.06329155756482441,0.060931539738700795,0,0,,0,0.07919020649601315,0.07530472791883713,6,1,778,0,0,0,0.0,0.25,nan,0.07369003984286215
0.65,self+frame,table,0.06294696768372701,0.06114283844199915,0,0,,0,0.08088964512633094,0.07198205941060089,6,1,778,0,0,0,0.0,0.25,nan,0.07078088592263132
0.7000000000000001,self+frame,table,0.0629394323820434,0.06163939102818332,0,0,,0,0.08263265247368838,0.0690409379371822,6,1,778,0,0,0,0.0,0.25,nan,0.0682763197244255
0.75,self+frame,table,0.06318992721210695,0.062316388481875595,0,0,,0,0.08435829650874625,0.06649311195256391,6,1,778,0,0,0,0.0,0.25,nan,0.06611403206907385
0.8,self+frame,table,0.06364999577769684,0.06313510595320121,0,0,,0,0.08606992775992166,0.06455412344207721,6,1,780,0,0,0,0.0,0.25,nan,0.06423119678970535
0.8500000000000001,self+frame,table,0.0643120087421819,0.06405755616253556,0,0,,0,0.08790568306531842,0.06260417675493345,6,1,780,0,0,0,0.0,0.25,nan,0.06260331482010328
0.9,self+frame,table,0.06509803037001932,0.06506585825003902,0,0,,0,0.08972151010226569,0.0609181988857921,6,1,780,0,0,0,0.0,0.25,nan,0.06118527750073921
0.9500000000000001,self+frame,table,0.06597888049305169,0.06613648237659224,0,0,,0,0.09151589163971573,0.05958556802525898,6,1,779,0,0,0,0.0,0.24982987441316318,nan,0.059847770203139805
1.0,self+frame,table,0.06692947680932113,0.06723586772166996,0,0,,0,0.09328824185973793,0.05832384204635828,6,1,779,0,0,0,0.0,0.24913671288381045,nan,0.05862061134316565
1.05,self+frame,table,0.06792789697208401,0.06835330252889461,0,0,,0,0.09503333880996999,0.05724093355379556,6,1,779,0,0,0,0.0,0.2485505512515046,nan,0.0574612805155571
1.1,self+frame,table,0.06895438918740754,0.06947193825844412,0,0,,0,0.09674299343886193,0.05631492620171204,6,1,779,0,0,0,0.0,0.24806594775870242,nan,0.05632615397382146
1.1500000000000001,self+frame,table,0.06999028011775894,0.07057486354358866,0,0,,0,0.09840753725828764,0.055527106065369355,6,1,779,0,0,0,0.0,0.24767817359570035,nan,0.05516872290583352
1.2000000000000002,self+frame,table,0.07101670136417368,0.07164366650365675,0,0,,0,0.10001566649860331,0.053981253497979595,6,1,779,0,0,0,0.0,0.2476417652801848,nan,0.054692469380646536
1.25,self+frame,table,0.07177808631442116,0.07255131127252203,0,0,,0,0.10197522273346325,0.053562941430843725,6,1,780,0,0,0,0.0,0.24782966601521078,nan,0.05426586548370127
1.3,self+frame,table,0.07258220215519662,0.0734653968654448,0,0,,0,0.10392275362862012,0.05308825928239913,6,1,780,0,0,0,0.0,0.24811253943107858,nan,0.05391028158446298
1.35,self+frame,table,0.07341407528056543,0.0743888613225994,0,0,,0,0.10580928928290005,0.05267598455044707,6,1,780,0,0,0,0.0,0.24849426429487198,nan,0.05361483035128356
1.4000000000000001,self+frame,table,0.07426134289596999,0.07531239389564254,0,0,,0,0.10764007858094997,0.05191994140573464,6,1,779,0,0,0,0.0,0.24871423013767613,nan,0.05347532684012468
1.4500000000000002,self+frame,table,0.07511376320269943,0.07632051635405986,0,0,,0,0.10932027643494845,0.05165879656036251,6,1,779,0,0,0,0.0,0.24895594045132455,nan,0.05315799150443634
1.5,self+frame,table,0.07596276548358108,0.07731244415639865,0,0,,0,0.11094729331649249,0.05143322091642136,6,1,779,0,0,0,0.0,0.24930243571088298,nan,0.05287151700664561
1.55,self+frame,table,0.07680103288854669,0.07828512726713803,0,0,,0,0.11252174026384863,0.05123894004038981,6,1,777,0,0,0,0.0,0.24955788076276283,nan,0.0526404894550091
1.6,self+frame,table,0.07759778788752662,0.07923620091247592,0,0,,0,0.11404416171098934,0.05107228884787218,6,1,777,0,0,0,0.0,0.2499221392579002,nan,0.052444325685405135
1.6500000000000001,self+frame,table,0.07838067839228045,0.08016371242126165,0,0,,0,0.11551465538855953,0.05093014821079919,6,1,777,0,0,0,0.0,0.25,nan,0.05227348882962024
1.7000000000000002,self+frame,table,0.07914497639631833,0.08106584828940762,0,0,,0,0.11693284071662001,0.05080989408499613,6,1,773,0,0,0,0.0,0.25,nan,0.05225950452975836
1.75,self+frame,table,0.08000210910292982,0.08194064333041737,0,0,,0,0.11829781052086562,0.050709358657362105,6,1,773,0,0,0,0.0,0.25,nan,0.05224912917532931
1.8,self+frame,table,0.08083067444228997,0.08278564999966583,0,0,,0,0.1196080564889903,0.0506268036373039,6,1,773,0,0,0,0.0,0.25,nan,0.052233784630652536
1.85,self+frame,table,0.08162870710589318,0.08359754039279249,0,0,,0,0.12086136094533449,0.05056090605621916,6,1,772,0,0,0,0.0,0.25,nan,0.05220368970414724
1.9000000000000001,self+frame,table,0.08239366414148981,0.08437160571275275,0,0,,0,0.12205465000595443,0.050510757085513655,6,1,772,0,0,0,0.0,0.25,nan,0.052147387436280446
1.9500000000000002,self+frame,table,0.08312206978959051,0.08510110835992232,0,0,,0,0.12318379755332208,0.050475874505261045,6,1,772,0,0,0,0.0,0.25,nan,0.05205115657394366
2.0,self+frame,table,0.08380907705864363,0.08577643080557394,0,0,,0,0.12424336934435697,0.049783106704421515,6,1,770,0,0,0,0.0,0.25,nan,0.05189828053187873
2.0500000000000003,self+frame,table,0.08444791523579014,0.08655980207365085,0,0,,0,0.12506210965128572,0.04985330611059477,6,1,770,0,0,0,0.0,0.25,nan,0.051668149229526006
2.1,self+frame,table,0.08502918822230757,0.08728131815859723,0,0,,0,0.12579505406680958,0.04992624340613909,6,1,770,0,0,0,0.0,0.25,nan,0.05133518094948297
2.15,self+frame,table,0.08553998809320898,0.08792624118242164,0,0,,0,0.126432294057149,0.049560234688291,6,1,772,0,0,0,0.0,0.25,nan,0.05118385684249793
2.2,self+frame,table,0.08618456508844603,0.08792366532078237,0,0,,0,0.1276919874411077,0.04956244521016129,6,1,772,0,0,0,0.0,0.25,nan,0.050893397217133596
2.25,self+frame,table,0.08674222868005814,0.08846367826338292,0,0,,0,0.1282572418925385,0.04905963422357139,6,1,772,0,0,0,0.0,0.25,nan,0.05042761084717351
2.3000000000000003,self+frame,table,0.08719238382615879,0.08858145585296955,0,0,,0,0.12952837040983217,0.04867935255600962,6,1,774,0,0,0,0.0,0.25,nan,0.05016723786115873
2.35,self+frame,table,0.08726779395666175,0.08881330476406574,0,0,,0,0.13067419077225495,0.04867826697031441,6,1,774,0,0,0,0.0,0.25,nan,0.04985293126227297
2.4000000000000004,self+frame,table,0.08730338947444723,0.08932603137149023,0,0,,0,0.13108609835643803,0.04805784822679335,6,1,774,0,0,0,0.0,0.25,nan,0.04914856797518807
2.45,self+frame,table,0.0874873908910675,0.08963693117051383,0,0,,0,0.13224999515424302,0.048261348330871215,6,1,771,0,0,0,0.0,0.25,nan,0.048982057107516686
2.5,self+frame,table,0.08767756805966408,0.08987380471709908,0,0,,0,0.13335025724348643,0.04851663750195878,6,1,771,0,0,0,0.0,0.25,nan,0.048292431639895494
2.5500000000000003,self+frame,table,0.08785298532934731,0.09004586823521459,0,0,,0,0.1344252968623209,0.04784957981670168,6,1,771,0,0,0,0.0,0.25,nan,0.048091195013514665
2.6,self+frame,table,0.08805044832684962,0.09015423994851114,0,0,,0,0.1354762450406013,0.04624535771915732,6,1,772,0,0,0,0.0,0.25,nan,0.04776006946911282
2.6500000000000004,self+frame,table,0.08814169106007629,0.09075386045005666,0,0,,0,0.1357072961723425,0.04675588540274765,6,1,772,0,0,0,0.0,0.25,nan,0.04729123411077896
2.7,self+frame,table,0.08812288220677392,0.09128609948772982,0,0,,0,0.13590313320752512,0.04719965201565601,6,1,772,0,0,0,0.0,0.25,nan,0.04667457860632451
2.75,self+frame,table,0.08798870444863656,0.09175565237456382,0,0,,0,0.13606097732409567,0.044023252313962244,6,1,772,0,0,0,0.0,0.25,nan,0.0470193320453306
2.8000000000000003,self+frame,table,0.08867623727825236,0.09178926446449848,0,0,,0,0.13754653226645658,0.04375180638808446,6,1,772,0,0,0,0.0,0.25,nan,0.04785421136726353
2.85,self+frame,table,0.08953950114066478,0.09194809407676796,0,0,,0,0.13874146519502562,0.044577081953018724,6,1,772,0,0,0,0.0,0.25,nan,0.048566689327053325
2.9000000000000004,self+frame,table,0.09029596903717739,0.09202984976470739,0,0,,0,0.13989036893418855,0.04572292302124234,6,1,771,0,0,0,0.0,0.25,nan,0.04904266866357809
2.95,self+frame,table,0.09079586729364054,0.09269996022089416,0,0,,0,0.14050429449370788,0.046300903350371445,6,1,771,0,0,0,0.0,0.25,nan,0.0494210603784867
3.0,self+frame,table,0.09120943226190925,0.09331170828632797,0,0,,0,0.14101349422440368,0.04680323491958635,6,1,771,0,0,0,0.0,0.25,nan,0.04970932609106116
3.0500000000000003,self+frame,table,0.09154302204084591,0.09387208616494033,0,0,,0,0.1414259093349705,0.04677595663352212,6,1,768,0,0,0,0.0,0.25,nan,0.05003922797813143
3.1,self+frame,table,0.09194738325607049,0.09383002300508887,0,0,,0,0.14245542858140253,0.047212810846026215,6,1,768,0,0,0,0.0,0.25,nan,0.05027678378761735
3.1500000000000004,self+frame,table,0.09227291358004501,0.09372566990996836,0,0,,0,0.14347186673337853,0.0475951151742592,6,1,768,0,0,0,0.0,0.25,nan,0.05042093714713081
3.2,self+frame,table,0.09252028656053728,0.0935524847251011,0,0,,0,0.1444779106452938,0.04628477239084616,5,1,770,0,0,0,0.0,0.25,nan,0.05046835702097496
3.25,self+frame,table,0.09268898102434812,0.09423607775723074,0,0,,0,0.14525847280746879,0.04677237120530418,5,1,770,0,0,0,0.0,0.25,nan,0.05041089592942438
3.3000000000000003,self+frame,table,0.09277399936861777,0.09487586954878796,0,0,,0,0.1459622763448476,0.04719794223140686,5,1,770,0,0,0,0.0,0.25,nan,0.050237861963747354
3.35,self+frame,table,0.092768935944375,0.09547831756342848,0,0,,0,0.14659477080857974,0.04756999419658693,5,1,768,0,0,0,0.0,0.25,nan,0.049934897937982115
3.4000000000000004,self+frame,table,0.09266471181291919,0.09604834950710181,0,0,,0,0.1471580141207368,0.047896129766715756,5,1,768,0,0,0,0.0,0.25,nan,0.049483843493004165
3.45,self+frame,table,0.09244946600464767,0.09658916186115947,0,0,,0,0.14765066692095224,0.04818320913552951,5,1,768,0,0,0,0.0,0.25,nan,0.04886276987650562
3.5,self+frame,table,0.09210855161368961,0.09710187216977585,0,0,,0,0.14806783251665856,0.04932540384600961,5,1,762,0,0,0,0.0,0.25,nan,0.04804630196523341
3.5500000000000003,self+frame,table,0.09162471149653498,0.096851806944904,0,0,,0,0.14928144663930115,0.049504273616490665,5,1,762,0,0,0,0.0,0.25,nan,0.04700636083549803
3.6,self+frame,table,0.09097852201541543,0.09650831485598735,0,0,,0,0.1504940516038062,0.049679174759130404,4,1,762,0,0,0,0.0,0.25,nan,0.045713457134050506
3.6500000000000004,self+frame,table,0.0901491937017264,0.09604914773093218,0,0,,0,0.15169498120855635,0.04714287152010961,4,1,764,0,0,0,0.0,0.25,nan,0.04464077577332326
3.7,self+frame,table,0.0895110577688523,0.09650377748590525,0,0,,0,0.1522818273760021,0.047565555737024034,4,1,764,0,0,0,0.0,0.25,nan,0.0436847874377736
3.75,self+frame,table,0.08864291712249948,0.09684642507204105,0,0,,0,0.15274152135084712,0.04795066866597596,4,1,764,0,0,0,0.0,0.25,nan,0.042221041175214524
3.8000000000000003,self+frame,table,0.08768139714549877,0.09704919613793732,0,0,,0,0.15305232933798069,0.04800258150575493,4,1,763,0,0,0,0.0,0.25,nan,0.04106102085084229
3.85,self+frame,table,0.08677398605132979,0.09707128274306463,0,0,,0,0.1531864306829288,0.04835908583102523,4,1,763,0,0,0,0.0,0.25,nan,0.039762976431449326
3.9000000000000004,self+frame,table,0.08579062098627473,0.0968564209435782,0,0,,0,0.15311188849660695,0.04654743707749315,4,1,763,0,0,0,0.0,0.25,nan,0.038340522669499943
3.95,self+frame,table,0.084743208159994,0.09592121239022806,0,0,,0,0.15453101864831564,0.04612448964300378,4,1,761,0,0,0,0.0,0.25,nan,0.03742541241710062
4.0,self+frame,table,0.08408322524101665,0.09482976122500236,0,0,,0,0.15576311725456776,0.04581289704400002,4,1,761,0,0,0,0.0,0.25,nan,0.03637562802122263
4.05,self+frame,table,0.08334358052862419,0.094845565025263,0,0,,0,0.15536251375703958,0.045734717550355686,4,1,761,0,0,0,0.0,0.25,nan,0.035208799760494625
4.1000000000000005,self+frame,table,0.08253924530073337,0.09396998497429296,0,0,,0,0.15663875466452915,0.04512333838843284,4,1,761,0,0,0,0.0,0.25,nan,0.03339308084580739
4.15,self+frame,table,0.08030326953439604,0.09385428417253917,0,0,,0,0.1564825831752602,0.04441764447564031,4,1,761,0,0,0,0.0,0.25,nan,0.031904055506414064
4.2,self+frame,table,0.07921053913524045,0.09318052616594116,0,0,,0,0.15782269406668198,0.043440930928445975,4,1,761,0,0,0,0.0,0.25,nan,0.030299017312378385
4.25,self+frame,table,0.07734705701664044,0.0928381812258064,0,0,,0,0.15767874964359108,0.04139849651685579,4,1,761,0,0,0,0.0,0.25,nan,0.029265174567382868
4.3,self+frame,table,0.07691341176895534,0.09307930319658654,0,0,,0,0.15852000609400396,0.04260528396215919,4,1,761,0,1,0,-0.005552476329941636,0.25,nan,0.021430120609471803
4.3500000000000005,self+frame,table,0.06843610551271355,0.09308833866737547,0,0,,0,0.15140751731280633,0.03231189029468405,4,1,761,0,1,0,-0.005454606933614645,0.25,nan,0.021527672294187394
4.4,self+frame,table,0.069293932238394,0.0932120977763747,0,0,,0,0.15226446441263236,0.041116247457284344,4,1,759,0,1,0,-0.007946562052475003,0.25,nan,0.01906184699982949
4.45,self+frame,table,0.0674968393587711,0.09338490001222265,0,0,,0,0.1517218812495701,0.04195616831236777,4,1,759,0,1,0,-0.009564011683473471,0.25,nan,0.017431908779347194
4.5,self+frame,table,0.06672325269086246,0.09334366569538369,0,0,,0,0.15000710702198555,0.041351558218343645,4,1,759,0,1,0,-0.012254800172882259,0.25,nan,0.014767788292562978
4.55,self+frame,table,0.06474307102094637,0.09310871359677739,0,0,,0,0.14916442368845823,0.04171182580014576,5,1,760,0,1,0,-0.015024436895434505,0.25,nan,0.012023602116720156
4.6000000000000005,self+frame,table,0.0628502411306348,0.0928036250044307,0,0,,0,0.14801189897881128,0.037317852648615146,5,1,760,0,1,0,-0.01819937319203622,0.25,nan,0.008829051576592417
4.65,self+frame,table,0.058680540936486496,0.0921324297935076,0,0,,0,0.14232938138321666,0.03438805435277424,5,1,760,0,1,0,-0.0205966508021866,0.25,nan,0.006459016015130992
4.7,self+frame,table,0.05718407488078298,0.09182741048636574,0,0,,0,0.14177916415185693,0.04006986618246214,5,1,757,0,1,0,-0.02396622647414908,0.25,nan,0.0031170177771001617
4.75,self+frame,table,0.05463093129840086,0.09165741137349988,0,0,,0,0.13970386355339087,0.033593995654966805,5,1,757,0,1,0,-0.02697911945904966,0.25,nan,8.747389085239643e-05
4.800000000000001,self+frame,table,0.050348255195713086,0.09132030130376634,0,0,,0,0.13352397459591003,0.03306170922008635,5,1,757,0,1,0,-0.030123635275869497,0.25,nan,-0.0030284630984739325
4.8500000000000005,self+frame,table,0.04801837909773169,0.09042459703743022,0,0,,0,0.1316986822006453,0.041588935429881735,5,1,754,0,1,0,-0.035177869409752455,0.25,nan,-0.008074657025450072
4.9,self+frame,table,0.04273135924100533,0.09012785455745034,0,0,,0,0.12412018502799692,0.03451833626821155,5,1,754,0,1,0,-0.03729354766253916,0.25,nan,-0.010177658316803173
4.95,self+frame,table,0.042445585897573114,0.08967199533765356,0,0,,0,0.12231495919746103,0.03344363387993293,5,1,754,0,1,0,-0.038126102579199274,0.25,nan,-0.011029017294948096
5.0,self+frame,table,0.041903788267376195,0.0890782915854728,0,0,,0,0.1171254241577832,0.04110259288737135,5,1,753,0,1,0,-0.038959796540339896,0.25,nan,-0.01187693613833496
5.050000000000001,self+frame,table,0.0413340288279205,0.08855508856465967,0,0,,0,0.10978074408779152,0.038497746294884866,5,1,753,0,1,0,-0.04151914713178917,0.25,nan,-0.01442340260961894
5.1000000000000005,self+frame,table,0.037906506999757596,0.08791167715625467,0,0,,0,0.10105350237528642,0.03455561733167324,5,1,753,0,1,0,-0.0412631290134767,0.25,nan,-0.014166964061785636
5.15,self+frame,table,0.03949216356058144,0.08595409108147697,0,0,,0,0.10430186741894092,0.04180027946944749,5,1,755,0,1,0,-0.0432532666155205,0.25,nan,-0.0161435054392981
5.2,self+frame,table,0.036540982485356734,0.08453601539476577,0,0,,0,0.10022518500862847,0.036969654152925135,5,1,755,0,1,0,-0.04253964543677726,0.25,nan,-0.015436518626789075
5.25,self+frame,table,0.03787259223203924,0.08306298768820343,0,0,,0,0.10260694151470316,0.03871260066324636,5,1,755,0,1,0,-0.04198849496786568,0.25,nan,-0.014891673156620544
5.300000000000001,self+frame,table,0.03900325294073904,0.08181198907769029,0,0,,0,0.10205267249077703,0.04276939642309903,5,1,755,0,1,0,-0.04384933890409989,0.25,nan,-0.016737273413369946
5.3500000000000005,self+frame,table,0.03622750550097798,0.08021678620708983,0,0,,0,0.10192615289616995,0.03652550527524612,5,1,755,0,1,0,-0.04328571716144805,0.25,nan,-0.016180243756691914
5.4,self+frame,table,0.03746671901887184,0.07877572955278211,0,0,,0,0.10048612051839743,0.03837264186137361,5,1,755,0,1,0,-0.04266367888144069,0.25,nan,-0.015563781856957504
5.45,self+frame,table,0.03866302687570288,0.0759285589438268,0,0,,0,0.10371282784876378,0.04166676166588454,5,1,754,0,1,0,-0.04454999594056664,0.25,nan,-0.01743569473592943
5.5,self+frame,table,0.035859065074438645,0.07281215951358957,0,0,,0,0.10000112083815131,0.034786115853428876,5,1,754,0,2,0,-0.04385257705325474,0.25,nan,-0.01674575966683245
5.550000000000001,self+frame,table,0.036974813273051424,0.07146527770007867,0,0,,0,0.10158851785588795,0.03645792915796954,5,1,754,0,2,0,-0.04328421235565537,0.25,nan,-0.01618436299550008
5.6000000000000005,self+frame,table,0.0379253176968782,0.07019442251046105,0,0,,0,0.10139652462492048,0.040066662413709125,5,1,753,0,2,0,-0.04524469154580918,0.25,nan,-0.01812409548912619
5.65,self+frame,table,0.03584731071249476,0.06863828260777907,0,0,,0,0.1021770503651742,0.03569084050503689,5,1,753,0,2,0,-0.04375941019473208,0.25,nan,-0.016647135556410286
5.7,self+frame,table,0.0368733407650253,0.06443995372044799,0,0,,0,0.1053487128454995,0.03262748963926314,6,1,753,0,2,0,-0.0434389731474977,0.25,nan,-0.016334815194049335
5.75,self+frame,table,0.03771704012214116,0.06352823140757581,0,0,,0,0.09944034757261293,0.040091072924156756,6,1,753,0,2,0,-0.042266281552165046,0.25,nan,-0.015169751238788165
5.800000000000001,self+frame,table,0.03856594630156186,0.06098904787166467,0,0,,0,0.10401761920393758,0.03839469750378778,6,1,753,0,2,0,-0.04420670921236502,0.25,nan,-0.017095779623165774
5.8500000000000005,self+frame,table,0.03579257308698717,0.060368635981512285,0,0,,0,0.0993488689509923,0.03530023292308457,6,1,753,0,2,0,-0.04356628169449725,0.25,nan,-0.01646259751076684
5.9,self+frame,table,0.03695878544615363,0.05336160150988664,0,0,,0,0.10208114258182431,0.04121600774854085,6,1,750,0,2,0,-0.04439118053141273,0.25,nan,-0.017279102391114187
5.95,self+frame,table,0.03702351667152477,0.052414706564794744,0,0,,0,0.10175150851701163,0.04167696478034057,6,1,750,0,2,0,-0.044022098840780365,0.25,nan,-0.016915814338998914
6.0,self+frame,table,0.03766206761409882,0.05157818791178238,0,0,,0,0.10092627700894562,0.04105895063255652,6,1,750,0,2,0,-0.04556754809210912,0.25,nan,-0.018447352652523508
6.050000000000001,self+frame,table,0.03519288691410924,0.045992712368454286,0,0,,0,0.10136675309614361,0.04061387752448822,6,1,751,0,2,0,-0.04704838356259832,0.25,nan,-0.019915919947404936
6.1000000000000005,self+frame,table,0.03307933986698143,0.043234782783467866,0,0,,0,0.09746638750941887,0.03799463568235603,6,1,751,0,2,0,-0.045885062689198994,0.25,nan,-0.018758573823779323
6.15,self+frame,table,0.03429101159989462,0.044256666315350655,0,0,,0,0.10172567919573737,0.038799617365503344,6,1,751,0,2,0,-0.0474689104818145,0.25,nan,-0.020326429054993267
6.2,self+frame,table,0.03327618701309405,0.04522521092732063,0,0,,0,0.09923558672471681,0.04022584013507266,6,1,754,0,2,0,-0.048774065377559205,0.25,nan,-0.021616329972977244
6.25,self+frame,table,0.03252782701442771,0.0432899958553197,0,0,,0,0.09875869232488958,0.036455610360381974,6,1,754,0,2,0,-0.04994372519153275,0.25,nan,-0.022771854785116896
6.300000000000001,self+frame,table,0.03192253581866421,0.04447476400545061,0,0,,0,0.09785234302111982,0.03827954986259441,6,1,754,0,2,0,-0.049686130759579165,0.25,nan,-0.022516246956787
6.3500000000000005,self+frame,table,0.032712460996093665,0.045473951507519886,0,0,,0,0.09755219460634072,0.041032812751751385,6,1,755,0,2,0,-0.04947485816785674,0.25,nan,-0.02230679523832113
6.4,self+frame,table,0.03342207635678844,0.043424887790877637,0,0,,0,0.09804098358292322,0.03795187539784303,6,1,755,0,2,0,-0.04929700375810996,0.25,nan,-0.02213051964184165
6.45,self+frame,table,0.03405015685133803,0.039859387968559964,0,0,,0,0.09864964212722281,0.03224039991554145,6,1,755,0,2,0,-0.04914170551984725,0.25,nan,-0.021976575899790296
6.5,self+frame,table,0.03460601322932957,0.04090762249412735,0,0,,0,0.09925221224260371,0.04063644644923624,6,1,753,0,2,0,-0.05019904149056955,0.25,nan,-0.02302224962955579
6.550000000000001,self+frame,table,0.034228152311769504,0.03787006429196528,0,0,,0,0.0975595864557695,0.034708845336905186,6,1,753,0,2,0,-0.05003231988296666,0.25,nan,-0.022857361500755458
6.6000000000000005,self+frame,table,0.034738956566071476,0.03851866742067416,0,0,,0,0.09830907565995549,0.036526793358793594,6,1,753,0,2,0,-0.05102072048801236,0.25,nan,-0.023834856341785393
6.65,self+frame,table,0.03437573571676846,0.03787803036524319,0,0,,0,0.0980492707589075,0.040570226895649236,6,1,755,0,2,0,-0.05161609674455097,0.25,nan,-0.02442321132390679
6.7,self+frame,table,0.034754085369053965,0.036094389552780576,0,0,,0,0.09809289902713846,0.03688286753803377,6,1,755,0,2,0,-0.052159123762550504,0.25,nan,-0.02495918138817621
6.75,self+frame,table,0.035113454848700626,0.03511224958001454,0,0,,0,0.10008840779654425,0.034621925099280734,6,1,755,0,2,0,-0.05261742011153121,0.25,nan,-0.025400155802345892
6.800000000000001,self+frame,table,0.0354615667954395,0.03595153090867307,0,0,,0,0.09652738459841158,0.040420759867264885,6,1,750,0,2,0,-0.052149326975816306,0.25,nan,-0.024941357340116488
6.8500000000000005,self+frame,table,0.03586233567352169,0.03670832104129767,0,0,,0,0.10124553400048185,0.03966506877611256,6,1,750,0,2,0,-0.05170449043521601,0.25,nan,-0.024502095738337837
6.9,self+frame,table,0.03624918225202211,0.03419023879988798,0,0,,0,0.09813277738015584,0.03514396995063042,6,1,750,0,2,0,-0.05230844327378258,0.25,nan,-0.02507477504415334
6.95,self+frame,table,0.03403035648809448,0.0348469049686509,0,0,,0,0.1006965045994017,0.04013805071662714,6,1,747,0,2,0,-0.051847005570143025,0.25,nan,-0.02462273989209296
7.0,self+frame,table,0.03467858055986107,0.03561224597963655,0,0,,0,0.09831593019868777,0.0413009679778784,6,1,747,0,2,0,-0.05226456327773027,0.25,nan,-0.024990850758935812
7.050000000000001,self+frame,table,0.03513574587524668,0.03646031223497129,0,0,,0,0.10313167953564094,0.041276373751365183,6,1,747,0,2,0,-0.05187061666186971,0.25,nan,-0.02461680480483086
7.1000000000000005,self+frame,table,0.03557710644868219,0.034008576271631896,0,0,,0,0.09794556059989716,0.04214569648068289,6,1,745,0,2,0,-0.05143125063636749,0.25,nan,-0.024183556175875864
7.15,self+frame,table,0.03606004154738231,0.03222244577311689,0,0,,0,0.09925284944564176,0.03870033471231375,6,1,745,0,2,0,-0.051823748344272294,0.25,nan,-0.024526395612762708
7.2,self+frame,table,0.03632971180306668,0.033374211868860006,0,0,,0,0.10156305085991228,0.04022743624079338,6,1,745,0,2,0,-0.05148763885227639,0.25,nan,-0.02420865310438025
7.25,self+frame,table,0.03663174684202801,0.034373256381964076,0,0,,0,0.10261471603311499,0.04138907250437118,6,1,744,0,2,0,-0.051026763414012744,0.25,nan,-0.023763956376888995
7.300000000000001,self+frame,table,0.03687474615172525,0.0323645361071943,0,0,,0,0.09776995780429142,0.037259946256344864,6,1,744,0,2,0,-0.05164504373925061,0.25,nan,-0.024347243391948048
7.3500000000000005,self+frame,table,0.034581395646434886,0.033649866213146744,0,0,,0,0.10160936820914,0.03903242390789789,6,1,744,0,2,0,-0.051169066059265154,0.25,nan,-0.02389241400456288
7.4,self+frame,table,0.03511189131291019,0.03472810200437471,0,0,,0,0.10312334492869323,0.04142628018726441,6,1,745,0,2,0,-0.051568715706701435,0.25,nan,-0.02425842059114902
7.45,self+frame,table,0.03549377638965596,0.032637390612648684,0,0,,0,0.09795628828414742,0.03795347259781105,6,1,745,0,2,0,-0.05124604502998431,0.25,nan,-0.023934926352429442
7.5,self+frame,table,0.03595949489395667,0.03385828741945731,0,0,,0,0.10177539248934385,0.039631566943163846,6,1,745,0,2,0,-0.05091041892272396,0.25,nan,-0.023610054559855653
7.550000000000001,self+frame,table,0.03640404089090822,0.034870262679709475,0,0,,0,0.10326796979086016,0.04058015208490011,6,1,744,0,2,0,-0.05051095079693019,0.25,nan,-0.02322859927671872
7.6000000000000005,self+frame,table,0.036711296566132964,0.03324159214165385,0,0,,0,0.09521856871436556,0.037927183057317695,6,1,744,0,2,0,-0.05095186652533007,0.25,nan,-0.0236560531857134
7.65,self+frame,table,0.036854078634525445,0.03451334870687486,0,0,,0,0.10086717237154606,0.03954448282571621,6,1,744,0,2,0,-0.05059344218246769,0.25,nan,-0.02328349367299587
7.7,self+frame,table,0.037069376909378365,0.032477114170137336,0,0,,0,0.09763076458762492,0.04069774441756875,6,1,743,0,2,0,-0.050342224214393105,0.25,nan,-0.023035255604038962
7.75,self+frame,table,0.03758559881664079,0.030965770769375702,0,0,,0,0.09683629157394406,0.03878892098575604,6,1,743,0,2,0,-0.05011868567862796,0.25,nan,-0.022814470852676072
7.800000000000001,self+frame,table,0.03802637983412783,0.03157040300330804,0,0,,0,0.09606821064221675,0.04029858827646812,6,1,743,0,2,0,-0.05086397198630518,0.25,nan,-0.02357670758703112
7.8500000000000005,self+frame,table,0.03550487017339493,0.03221461788492685,0,0,,0,0.09874005574967169,0.04120850711485867,6,1,744,0,2,0,-0.05056019956703982,0.25,nan,-0.023261645149326382
7.9,self+frame,table,0.036030151259643,0.03071675355243133,0,0,,0,0.0960208322795371,0.037557906695152105,6,1,744,0,2,0,-0.05102254626963755,0.25,nan,-0.023783401972688245
7.95,self+frame,table,0.036243717898861334,0.031455399885573304,0,0,,0,0.09737040388136468,0.03921659143238694,6,1,744,0,2,0,-0.05074040879985019,0.25,nan,-0.023485598592599355
8.0,self+frame,table,0.036652336582992336,0.03209447694092313,0,0,,0,0.09729974059936562,0.04065929336138306,6,1,743,0,2,0,-0.05037807978281517,0.25,nan,-0.023099871911693715
8.05,self+frame,table,0.036939496596399474,0.03270608026832861,0,0,,0,0.0988588518239956,0.041774571001143415,6,1,743,0,2,0,-0.050033774140480276,0.25,nan,-0.022735685994992982
8.1,self+frame,table,0.03719660275523602,0.03113978445144433,0,0,,0,0.097199278455452,0.03775488941190319,6,1,743,0,2,0,-0.050762412016288394,0.25,nan,-0.023502133912837064
8.15,self+frame,table,0.03484491592481906,0.031853780758127524,0,0,,0,0.09721504310326355,0.040321880325513454,6,1,743,0,2,0,-0.0504565170949849,0.25,nan,-0.02318432327128095
8.200000000000001,self+frame,table,0.03547851760417593,0.0305317467850164,0,0,,0,0.0976329456925301,0.04157750230273129,6,1,743,0,2,0,-0.050941613544910676,0.25,nan,-0.02372938190432039
8.25,self+frame,table,0.035749539438025925,0.031228617325936934,0,0,,0,0.09949944455693659,0.041712784463527955,6,1,743,0,2,0,-0.05065507940849422,0.25,nan,-0.02342714917458677
8.3,self+frame,table,0.03625018336259971,0.03180460991247495,0,0,,0,0.1001451180821381,0.04188551434203572,6,1,741,0,2,0,-0.0505606485888392,0.25,nan,-0.023400436343099074
8.35,self+frame,table,0.036690721856331016,0.030404055222645405,0,0,,0,0.09614637263026642,0.043067770178474296,6,1,741,0,2,0,-0.051450524779723165,0.25,nan,-0.024278535794996614
8.4,self+frame,table,0.03707306235200459,0.02943397139512306,0,0,,0,0.09661383663231059,0.04058777994797477,6,1,741,0,2,0,-0.05103080588862724,0.25,nan,-0.023860445315210255
8.450000000000001,self+frame,table,0.03474474834779406,0.03003926044102388,0,0,,0,0.09748058952125098,0.04081207751072341,6,1,744,0,2,0,-0.051961450000087964,0.25,nan,-0.024781340398291607
8.5,self+frame,table,0.03501242910163259,0.02906038284841619,0,0,,0,0.09430732696965659,0.042065149915632274,6,1,744,0,2,0,-0.05195725028120448,0.25,nan,-0.024781515303511914
8.55,self+frame,table,0.03525948813706384,0.029508370900397738,0,0,,0,0.09622082995006369,0.04249293575888845,6,1,744,0,2,0,-0.05157878895895294,0.25,nan,-0.02440418459329896
8.6,self+frame,table,0.03556638282356696,0.029933355024390096,0,0,,0,0.09790616840419712,0.04056799999707887,6,1,744,0,2,0,-0.05125547118241582,0.25,nan,-0.024076924733868466
8.65,self+frame,table,0.03611854260994253,0.030321112014303403,0,0,,0,0.09911810122018348,0.04079625777237933,6,1,744,0,2,0,-0.05215832753826777,0.25,nan,-0.024983222544878503
8.700000000000001,self+frame,table,0.03406659101373659,0.030664830363816804,0,0,,0,0.1000353822058596,0.03700081824667645,6,1,744,0,2,0,-0.05174799332484291,0.25,nan,-0.024574328702188786
8.75,self+frame,table,0.03482381448776383,0.03096637102643313,0,0,,0,0.10079470392314575,0.04122331004997182,6,1,743,0,2,0,-0.052209920120389074,0.25,nan,-0.025035873434455902
8.8,self+frame,table,0.03519103628869277,0.03142238122039782,0,0,,0,0.10215319690942058,0.04177688381283974,6,1,743,0,2,0,-0.05179655473010784,0.25,nan,-0.02462372976957594
8.85,self+frame,table,0.03554447782636931,0.03180902338204806,0,0,,0,0.10291617773335414,0.04243427951952858,6,1,743,0,2,0,-0.052615139823398695,0.25,nan,-0.02544082421390559
8.9,self+frame,table,0.033609329321667034,0.03214117294147769,0,0,,0,0.10351276518919837,0.04007043355560318,6,1,741,0,2,0,-0.05309230955709142,0.25,nan,-0.02591770047241715
8.950000000000001,self+frame,table,0.034044525809429765,0.03077628794474922,0,0,,0,0.1001474524527342,0.04100105689382422,6,1,741,0,2,0,-0.052579218085771616,0.25,nan,-0.025406278523044667
9.0,self+frame,table,0.034355640337448326,0.0313272673371899,0,0,,0,0.10302021595128268,0.04151455032779587,6,1,741,0,2,0,-0.053047271675660444,0.25,nan,-0.025873995288461016
9.05,self+frame,table,0.03469322744044452,0.03175135697840691,0,0,,0,0.10420648685984461,0.041809138379645644,6,1,741,0,2,0,-0.05341562597280614,0.25,nan,-0.026260897629353908
9.1,self+frame,table,0.03509537110993146,0.03210397865375047,0,0,,0,0.10490516949629995,0.042091607124260993,6,1,741,0,2,0,-0.05288157266379797,0.25,nan,-0.02571262030351551
9.15,self+frame,table,0.03527959701671057,0.03240201027937657,0,0,,0,0.10540495053024239,0.04290457902636696,6,1,741,0,2,0,-0.05326126292381318,0.25,nan,-0.026105275416177798
9.200000000000001,self+frame,table,0.03559505671698875,0.03265433904869669,0,0,,0,0.10579959527612907,0.04057285525880466,6,1,741,0,2,0,-0.05275583521627949,0.25,nan,-0.025597193252545725
9.25,self+frame,table,0.035939991066448025,0.03123631872897576,0,0,,0,0.10305117691843844,0.04183586380859998,6,1,741,0,2,0,-0.05229708681247717,0.25,nan,-0.025128159922104043
9.3,self+frame,table,0.03624483423422513,0.03169378972266809,0,0,,0,0.10472502727709691,0.04292908542402836,6,1,741,0,2,0,-0.051874858618887305,0.25,nan,-0.024707064942047774
9.35,self+frame,table,0.03650874669649232,0.0320694917616544,0,0,,0,0.10576616394167669,0.04116373612248399,6,1,741,0,2,0,-0.051501536279049825,0.25,nan,-0.024334848762824213
9.4,self+frame,table,0.03699505903599959,0.03238112118359595,0,0,,0,0.10645112934518118,0.04234341190214852,6,1,741,0,2,0,-0.05116045761025751,0.25,nan,-0.02399471493828098
9.450000000000001,self+frame,table,0.03741037863660161,0.032641121417554535,0,0,,0,0.10693065199974093,0.04336552205099292,6,1,741,0,2,0,-0.051001621688825376,0.25,nan,-0.023828451611926593
9.5,self+frame,table,0.03776261836344802,0.03126421284303625,0,0,,0,0.10449209403591263,0.04040360537959806,6,1,744,0,2,0,-0.051980843840437996,0.25,nan,-0.024795595859999242
9.55,self+frame,table,0.03826035151913167,0.03007917984519019,0,0,,0,0.10301467490459847,0.040704328636007564,6,1,744,0,2,0,-0.05161368394743838,0.25,nan,-0.0244473034474445
9.600000000000001,self+frame,table,0.03583043006661135,0.030694073468756047,0,0,,0,0.10495317701297129,0.03798131968428854,6,1,744,0,2,0,-0.05238617136067603,0.25,nan,-0.02515539998467764
9.65,self+frame,table,0.03659837116422436,0.029629064041211087,0,0,,0,0.10311327701054611,0.04160395207378691,6,1,746,0,2,0,-0.05316256104448374,0.25,nan,-0.02586701218196441
9.700000000000001,self+frame,table,0.03706478652098036,0.02882441582351608,0,0,,0,0.10185276644237005,0.03978597786264673,6,1,746,0,2,0,-0.05262581115224908,0.25,nan,-0.025343292644210313
9.75,self+frame,table,0.03746220354826941,0.029427126792216537,0,0,,0,0.10386091642235372,0.04115558220245771,6,1,746,0,2,0,-0.0521792569609509,0.25,nan,-0.024911557370766668
9.8,self+frame,table,0.035162473538334835,0.029960608055080818,0,0,,0,0.1053407262415945,0.04160220131976153,6,1,745,0,2,0,-0.051807522076389584,0.25,nan,-0.02455273638780031
9.850000000000001,self+frame,table,0.03557679901379885,0.030423943594299716,0,0,,0,0.10642169342504625,0.04261053804348797,6,1,745,0,2,0,-0.05268804243493969,0.25,nan,-0.02543770477943086
9.9,self+frame,table,0.03593221581380245,0.02941154312589347,0,0,,0,0.10419452077987022,0.04077807096696756,6,1,745,0,2,0,-0.05222962362987965,0.25,nan,-0.024994102445767163
9.950000000000001,self+frame,table,0.03389339072487145,0.029956955617000756,0,0,,0,0.1053509468593911,0.04010676850359324,6,1,745,0,2,0,-0.05296375671277165,0.25,nan,-0.025727108103184904
10.0,self+frame,table,0.03422014061433176,0.029026206312660157,0,0,,0,0.10357529536845438,0.03948230139943591,6,1,745,0,2,0,-0.05245135835153776,0.25,nan,-0.0252307473189316
10.05,self+frame,table,0.03457827303467485,0.029626412829918385,0,0,,0,0.10526710381389463,0.04089223825655498,6,1,745,0,2,0,-0.0524645085845844,0.25,nan,-0.02531441696957215
10.100000000000001,self+frame,table,0.03482494758172205,0.03015866670116111,0,0,,0,0.10655794227185987,0.040580727355241944,6,1,744,0,2,0,-0.05291924981853992,0.25,nan,-0.025756038212616073
10.15,self+frame,table,0.03515706096664072,0.029188246025020792,0,0,,0,0.10433694017185928,0.03957038718009577,6,1,744,0,2,0,-0.05239300822210642,0.25,nan,-0.025240635077689255
10.200000000000001,self+frame,table,0.035397034463145155,0.029781078862647827,0,0,,0,0.10588702572561252,0.040968305688393325,6,1,744,0,2,0,-0.05284589465509185,0.25,nan,-0.025680647403161116
10.25,self+frame,table,0.035650511925728205,0.030305089862566366,0,0,,0,0.1070793481674042,0.040801838226491555,6,1,745,0,2,0,-0.052617093355405126,0.25,nan,-0.02542931073291299
10.3,self+frame,table,0.036028730683758316,0.029313342435301183,0,0,,0,0.10484083676030491,0.03963626079806913,6,1,745,0,2,0,-0.052146664584514044,0.25,nan,-0.024973629441359058
10.350000000000001,self+frame,table,0.0363527614923873,0.02990043519620414,0,0,,0,0.10629562779187483,0.041025183088964065,6,1,745,0,2,0,-0.05175265118949932,0.25,nan,-0.024592319155028908
10.4,self+frame,table,0.03662729278791838,0.03041824003284622,0,0,,0,0.10742281214754744,0.04134159901816484,6,1,745,0,2,0,-0.0524947995657291,0.25,nan,-0.025327200084875323
10.450000000000001,self+frame,table,0.03711239381351454,0.029413442331593743,0,0,,0,0.10519714058762729,0.039689610872485,6,1,745,0,2,0,-0.052043637040872615,0.25,nan,-0.024885983165605308
10.5,self+frame,table,0.03752481072854079,0.02999567086718031,0,0,,0,0.10658107524894965,0.04107121572230964,6,1,745,0,2,0,-0.0516668797200418,0.25,nan,-0.024516775056030005
10.55,self+frame,table,0.037873113994082816,0.030508323018862502,0,0,,0,0.10765977953101018,0.04024874482247265,6,1,746,0,2,0,-0.052733404726936065,0.25,nan,-0.025570592036277318
10.600000000000001,self+frame,table,0.03836006950244117,0.030075873313113434,0,0,,0,0.10690322249247412,0.04111611375528282,6,1,746,0,2,0,-0.05230345776479375,0.25,nan,-0.025148424905737654
10.65,self+frame,table,0.03877232551977558,0.030568302529552806,0,0,,0,0.1080050790872311,0.04218497147274593,6,1,746,0,2,0,-0.053268091301770557,0.25,nan,-0.026100580719583766
10.700000000000001,self+frame,table,0.03624689147890911,0.030177068999388525,0,0,,0,0.10718007038496367,0.04113570641912745,6,1,747,0,2,0,-0.05279700153636076,0.25,nan,-0.025637466148251353
10.75,self+frame,table,0.03677050373539776,0.030647156983796033,0,0,,0,0.10741072298956221,0.0423184463605365,6,1,747,0,2,0,-0.05239446014160041,0.25,nan,-0.02524214413430259
10.8,self+frame,table,0.03721784533201943,0.031056947945098796,0,0,,0,0.10756824008023845,0.043343405253945186,6,1,747,0,2,0,-0.05205074834134619,0.25,nan,-0.024904980077150696
10.850000000000001,self+frame,table,0.037597678473378436,0.03140894280875183,0,0,,0,0.10766917723212342,0.0419213762021282,6,1,744,0,2,0,-0.05176185945164371,0.25,nan,-0.02461746669262066
10.9,self+frame,table,0.03811118461348044,0.03170777499838429,0,0,,0,0.10796262355881352,0.0429982653988398,6,1,744,0,2,0,-0.05245664894453402,0.25,nan,-0.025299168529130278
10.950000000000001,self+frame,table,0.03854774077776763,0.030459969394770726,0,0,,0,0.10767320767520404,0.04221706435617606,6,1,744,0,2,0,-0.05208486531341688,0.25,nan,-0.02493438168158213
11.0,self+frame,table,0.03605154537620369,0.03089307104039713,0,0,,0,0.10676589583122269,0.04105448657988345,6,1,745,0,2,0,-0.05176902812280474,0.25,nan,-0.024624429726290975
11.05,self+frame,table,0.036593974097477354,0.03126661516766261,0,0,,0,0.10702483404110834,0.04224804832783742,6,1,745,0,2,0,-0.051504863110208375,0.25,nan,-0.024361400228492314
11.100000000000001,self+frame,table,0.037058521290752565,0.03158498859483419,0,0,,0,0.10721069932063658,0.04309767422618298,6,1,745,0,2,0,-0.05220651090469484,0.25,nan,-0.025050229983756833
11.15,self+frame,table,0.034819648571191915,0.03037867556999654,0,0,,0,0.10584676884834547,0.04107576247487779,6,1,746,0,2,0,-0.05185940059693863,0.25,nan,-0.024709979879948718
11.200000000000001,self+frame,table,0.035289540233279765,0.03082146530660572,0,0,,0,0.10596660933066541,0.04226775559750179,6,1,746,0,2,0,-0.05156589570473686,0.25,nan,-0.024421830890681173
11.25,self+frame,table,0.03569296965893612,0.03120401840255956,0,0,,0,0.10602250453181943,0.0426025238615461,6,1,746,0,2,0,-0.05256967711355037,0.25,nan,-0.025413074059073226
11.3,self+frame,table,0.033691737702881884,0.030665268240092813,0,0,,0,0.10475818950753384,0.040404181141950934,6,1,746,0,2,0,-0.05225548135397304,0.25,nan,-0.02510437763486395
11.350000000000001,self+frame,table,0.034013764852498865,0.03106044658149983,0,0,,0,0.1055342376233394,0.04126561273188252,6,1,746,0,2,0,-0.05190132805543581,0.25,nan,-0.024751112452776503
11.4,self+frame,table,0.03441613040980184,0.03140093719766326,0,0,,0,0.10560200333671126,0.04189502565899686,6,1,746,0,2,0,-0.05236338340368878,0.25,nan,-0.02520748151817953
11.450000000000001,self+frame,table,0.03465767312602608,0.03169097242090968,0,0,,0,0.10626833553613078,0.042116419677931616,6,1,743,0,2,0,-0.05283361562410778,0.25,nan,-0.025664617458464156
11.5,self+frame,table,0.034988364863725495,0.031935574918578805,0,0,,0,0.10695646421463227,0.04213471577593916,6,1,743,0,2,0,-0.052308933018477506,0.25,nan,-0.0251506313405212
11.55,self+frame,table,0.03527080187938708,0.03067555468858314,0,0,,0,0.1069218166492699,0.04309901220878898,6,1,743,0,2,0,-0.051834739082694634,0.25,nan,-0.02468647353388842
11.600000000000001,self+frame,table,0.035517334440977516,0.03106570512422513,0,0,,0,0.10682833548379055,0.04142047708191089,6,1,745,0,2,0,-0.051530389749026975,0.25,nan,-0.024382025577880273
11.65,self+frame,table,0.035921279005032954,0.031401191611509456,0,0,,0,0.10686983092835438,0.04256667475011855,6,1,745,0,2,0,-0.051308871080701396,0.25,nan,-0.024161519829703493
11.700000000000001,self+frame,table,0.03626414642888793,0.03168667819221878,0,0,,0,0.1068554642459039,0.043559919241938264,6,1,745,0,2,0,-0.05198753781974744,0.25,nan,-0.02483498228087455
11.75,self+frame,table,0.03655278297227867,0.030488062447757442,0,0,,0,0.10679652314801873,0.041607415277536655,6,1,746,0,2,0,-0.05168425338409918,0.25,nan,-0.024535285572684917
11.8,self+frame,table,0.0370452621739197,0.030903021139544202,0,0,,0,0.10698448512705715,0.04272707585411065,6,1,746,0,2,0,-0.0514290447660854,0.25,nan,-0.024281220408047144
11.850000000000001,self+frame,table,0.0374638037007447,0.03126135432863018,0,0,,0,0.10711294980684653,0.04234494612278675,6,1,746,0,2,0,-0.051254454500078046,0.25,nan,-0.024094493956480556
11.9,self+frame,table,0.03513609947963496,0.031567468195107806,0,0,,0,0.10572030230717148,0.04144443851507133,6,1,743,0,2,0,-0.051893471148177876,0.25,nan,-0.024740138738509554
11.950000000000001,self+frame,table,0.03557884387921345,0.03039944421325263,0,0,,0,0.10581312089241317,0.04254579744191171,6,1,743,0,2,0,-0.051595349052041724,0.25,nan,-0.02444681934306714
12.0,self+frame,table,0.035956352849135974,0.030827027972221564,0,0,,0,0.10584710067266005,0.042039415964064755,6,1,743,0,2,0,-0.05152457539956856,0.25,nan,-0.024363197268720604
12.05,self+frame,table,0.033894190296614286,0.031196958750352156,0,0,,0,0.10456762127849732,0.04030772467045496,6,1,745,0,2,0,-0.05213210926643569,0.25,nan,-0.024983801147945406
12.100000000000001,self+frame,table,0.03418957282871848,0.03151351149787742,0,0,,0,0.10530463595121824,0.041511173264077855,6,1,745,0,2,0,-0.05184742278779157,0.25,nan,-0.024693157882036187
12.15,self+frame,table,0.03458166836376287,0.030356473032423316,0,0,,0,0.10538273329957103,0.04180738528447206,6,1,745,0,2,0,-0.052264268364086666,0.25,nan,-0.025110761647501367
12.200000000000001,self+frame,table,0.03480141723264601,0.030790744840772,0,0,,0,0.10602216368730631,0.04205559813190776,6,1,745,0,2,0,-0.05274695497892049,0.25,nan,-0.02558019419930524
12.25,self+frame,table,0.035113855216560234,0.031166829351676167,0,0,,0,0.10669232012482431,0.04232254778270288,6,1,745,0,2,0,-0.052227176237026114,0.25,nan,-0.025070895111468094
12.3,self+frame,table,0.035390421680061165,0.031488915893107046,0,0,,0,0.1066855544568666,0.04320603430373106,6,1,745,0,2,0,-0.052703467771978325,0.25,nan,-0.02553422609149869
12.350000000000001,self+frame,table,0.03562499104001165,0.03086931911758332,0,0,,0,0.10725548902614034,0.04069124988350628,6,1,746,0,2,0,-0.0522281560805612,0.25,nan,-0.02506766832718088
12.4,self+frame,table,0.0360300837849544,0.03122559808184211,0,0,,0,0.10736684537251094,0.04193571098740942,6,1,746,0,2,0,-0.05179572523340109,0.25,nan,-0.02464349117710274
12.450000000000001,self+frame,table,0.03637447093943773,0.03153134812117136,0,0,,0,0.10740347419006933,0.043013839869965195,6,1,746,0,2,0,-0.0514022297141855,0.25,nan,-0.024257773642588187
12.5,self+frame,table,0.03666431252916262,0.0317911531122862,0,0,,0,0.10738024594307681,0.04128463775307192,6,1,744,0,2,0,-0.05243407008579607,0.25,nan,-0.025303430234404733
12.55,self+frame,table,0.03715725016864807,0.03121082605208112,0,0,,0,0.10758914112823557,0.042447699692879814,6,1,744,0,2,0,-0.05213614291660088,0.25,nan,-0.025002913897133383
12.600000000000001,self+frame,table,0.037575471538777404,0.031507975616763606,0,0,,0,0.10772900699999742,0.043455609251643865,6,1,744,0,2,0,-0.05310369901377395,0.25,nan,-0.025967172752721535
12.65,self+frame,table,0.0379279300959053,0.03101639367249064,0,0,,0,0.10781263543680174,0.04208154843631649,6,1,746,0,2,0,-0.05274075979521452,0.25,nan,-0.025601738534108076
12.700000000000001,self+frame,table,0.03841427494967009,0.031333826473631116,0,0,,0,0.1080760784106257,0.04313713017329454,6,1,746,0,2,0,-0.052424543582186234,0.25,nan,-0.02528323855598913
12.75,self+frame,table,0.03882569464858323,0.031608383183312876,0,0,,0,0.1082840183575544,0.0438026552065576,6,1,746,0,2,0,-0.05214918338219975,0.25,nan,-0.025005786794495832
12.8,self+frame,table,0.03628452424605677,0.03184322744929418,0,0,,0,0.10676049310206885,0.041097581101965555,6,1,745,0,2,0,-0.05190946144429558,0.25,nan,-0.024764148854815482
12.850000000000001,self+frame,table,0.0368127917377528,0.032042122678640136,0,0,,0,0.10701786243235166,0.04228559711665934,6,1,745,0,2,0,-0.05256906823314263,0.25,nan,-0.02543624873246586
12.9,self+frame,table,0.03726353681728618,0.030809720136119188,0,0,,0,0.10720122912100381,0.04331514161353747,6,1,745,0,2,0,-0.052255177726590586,0.25,nan,-0.025119693729263037
12.950000000000001,self+frame,table,0.03764573854946383,0.0311575267785194,0,0,,0,0.10732403108125331,0.04191619773600569,6,1,746,0,2,0,-0.05198376678709674,0.25,nan,-0.024845833460646505
13.0,self+frame,table,0.038157978584758445,0.031458080933730814,0,0,,0,0.10762164978460541,0.04299383521778204,6,1,746,0,2,0,-0.05296053610681948,0.25,nan,-0.025819851359674906
13.05,self+frame,table,0.038593229174286536,0.030956235792699942,0,0,,0,0.10786090458334745,0.04325352706337589,6,1,746,0,2,0,-0.05261931278822922,0.25,nan,-0.025476247183820133
13.100000000000001,self+frame,table,0.03608496763278568,0.03127889721218834,0,0,,0,0.10638243583851768,0.041028409458821274,6,1,746,0,2,0,-0.052322389843474905,0.25,nan,-0.0251771515696132
13.15,self+frame,table,0.03663064009256394,0.03155808457155785,0,0,,0,0.10666729003739715,0.04222563873402792,6,1,746,0,2,0,-0.05206412262273185,0.25,nan,-0.024916900621574922
13.200000000000001,self+frame,table,0.03709755632234094,0.03179709676643149,0,0,,0,0.10687564898797607,0.04326317564857622,6,1,746,0,2,0,-0.0518395130583619,0.25,nan,-0.024690479553245992
13.25,self+frame,table,0.03749467368304605,0.031999785483653356,0,0,,0,0.10702123924885719,0.042957010974295634,6,1,744,0,2,0,-0.05150193890926537,0.25,nan,-0.024349409182489845
13.3,self+frame,table,0.03517019471949977,0.032359640285438994,0,0,,0,0.10561265799303253,0.03912711844703645,6,1,744,0,2,0,-0.05121031618001996,0.25,nan,-0.024054576535567973
13.350000000000001,self+frame,table,0.03584067799942889,0.032665255424153994,0,0,,0,0.10600748552202709,0.040577731928826535,6,1,744,0,2,0,-0.0509585360731177,0.25,nan,-0.023799848548561764
13.4,self+frame,table,0.036419693774437614,0.032922110995392696,0,0,,0,0.10630880105458783,0.04183488524643518,6,1,743,0,2,0,-0.05207193527031855,0.25,nan,-0.024909145741510152
13.450000000000001,self+frame,table,0.03691624578891123,0.03226208030399871,0,0,,0,0.10653302641071587,0.04265563716582045,6,1,743,0,2,0,-0.05173456815737131,0.25,nan,-0.024568972691929813
13.5,self+frame,table,0.03468863454107707,0.03256430209129536,0,0,,0,0.10516577866726483,0.0379890740377367,6,1,743,0,2,0,-0.05144082968152723,0.25,nan,-0.02427267614368489
13.55,self+frame,table,0.03542647058913087,0.032820547685158616,0,0,,0,0.10561916776455131,0.042395389661266464,6,1,742,0,2,0,-0.05251939775930643,0.25,nan,-0.02534733351849494
13.600000000000001,self+frame,table,0.03582237487280265,0.03222742006992411,0,0,,0,0.10569116171856273,0.0425351059745792,6,1,742,0,2,0,-0.05214779545376757,0.25,nan,-0.024973277717328046
13.65,self+frame,table,0.033790685798470506,0.03252090445711608,0,0,,0,0.10439830237113838,0.03858673949880208,6,1,742,0,2,0,-0.05182259970413016,0.25,nan,-0.02464586448151007
13.700000000000001,self+frame,table,0.03441309664468681,0.03277149188744051,0,0,,0,0.10468271286788032,0.040110573983116,6,1,743,0,2,0,-0.05283865360929109,0.25,nan,-0.025659129125302105
13.75,self+frame,table,0.03495316785936218,0.03220724194524547,0,0,,0,0.10487702833731653,0.04143115172831789,6,1,743,0,2,0,-0.05244350923040382,0.25,nan,-0.025261803771114533
13.8,self+frame,table,0.035417806453346405,0.032493526722328435,0,0,,0,0.10499817240832875,0.0413823365097072,6,1,743,0,2,0,-0.052096685877425525,0.25,nan,-0.024913026701907093
13.850000000000001,self+frame,table,0.033443119590358665,0.032739369409386834,0,0,,0,0.10377001521728589,0.04081800155740298,6,1,743,0,2,0,-0.05179235452386335,0.25,nan,-0.024606945646675427
13.9,self+frame,table,0.033933243889194054,0.03294817238828066,0,0,,0,0.10392437354948374,0.042046027992851454,6,1,743,0,2,0,-0.05152530492048036,0.25,nan,-0.024338330309759626
13.950000000000001,self+frame,table,0.034360979379167864,0.03312369666296751,0,0,,0,0.10400059102078273,0.04143767644095016,6,1,743,0,2,0,-0.05255921606161195,0.25,nan,-0.025372593384198727
14.0,self+frame,table,0.032593728496553925,0.03249098278088082,0,0,,0,0.10289840743540822,0.04269070793501174,6,1,743,0,2,0,-0.05229866576829732,0.25,nan,-0.02514392307090696
14.05,self+frame,table,0.031194246555578606,0.032725148954427886,0,0,,0,0.1019158223415808,0.041906961749692676,6,1,743,0,2,0,-0.053166891324799834,0.25,nan,-0.026008081051090648
14.100000000000001,self+frame,table,0.031023544971354393,0.03292481132441705,0,0,,0,0.10232956594387953,0.04301100322380283,6,1,743,0,2,0,-0.05393783503270228,0.25,nan,-0.026760938517360278
14.15,self+frame,table,0.03091928272534647,0.03309334340707107,0,0,,0,0.1027311113592763,0.04396761509416289,6,1,742,0,2,0,-0.05461030348695892,0.25,nan,-0.027416645822442187
14.200000000000001,self+frame,table,0.03086371048529784,0.033234201010875423,0,0,,0,0.1031095289109396,0.044797105219999536,6,1,742,0,2,0,-0.055197005269861286,0.25,nan,-0.02802067335560099
14.25,self+frame,table,0.030843140450507123,0.032576725967826056,0,0,,0,0.10345648786021953,0.044071237551757944,6,1,742,0,2,0,-0.054566631818793156,0.25,nan,-0.02740438538182466
14.3,self+frame,table,0.03107582219742117,0.032787012959675246,0,0,,0,0.10485843946539573,0.044866288120750594,6,1,742,0,2,0,-0.054007687769288784,0.25,nan,-0.026857011017805466
14.350000000000001,self+frame,table,0.03130288724676398,0.032330149864042625,0,0,,0,0.10603559178838994,0.04510043147150884,6,1,742,0,2,0,-0.05468942667245831,0.25,nan,-0.027556108326991846
14.4,self+frame,table,0.03118884544061804,0.032570240367377525,0,0,,0,0.10594448487702439,0.04462055120034679,6,1,742,0,2,0,-0.05412974878086074,0.25,nan,-0.026998884943669088
14.450000000000001,self+frame,table,0.03141629897243375,0.032777889637927125,0,0,,0,0.10706318773557565,0.044022895698098946,6,1,742,0,2,0,-0.05487693231601064,0.25,nan,-0.027737780548768964
14.5,self+frame,table,0.03133895326460852,0.03295556658392725,0,0,,0,0.10690437430724846,0.04446615304117134,6,1,742,0,2,0,-0.054305601452677515,0.25,nan,-0.027169062572572233
14.55,self+frame,table,0.03155846112524078,0.03246785766686247,0,0,,0,0.1079714920586906,0.044807477853987476,6,1,742,0,2,0,-0.055027649264884064,0.25,nan,-0.02788330908253911
14.600000000000001,self+frame,table,0.03145972528229705,0.03268515437684155,0,0,,0,0.10765771461395222,0.0443137111145723,6,1,742,0,2,0,-0.05444747875927857,0.25,nan,-0.0273058834679738
14.65,self+frame,table,0.03167385600218337,0.032872592509363814,0,0,,0,0.1086859568734208,0.04507938312404805,6,1,742,0,2,0,-0.053933918244723815,0.25,nan,-0.026794849310777802
14.700000000000001,self+frame,table,0.031873472225734514,0.03303259662501147,0,0,,0,0.10951826298287586,0.04541311133858339,6,1,742,0,2,0,-0.0546966178377872,0.25,nan,-0.02754994244923603
14.75,self+frame,table,0.03169840829439338,0.03316784966981293,0,0,,0,0.10894032146521075,0.044763614117134864,6,1,741,0,2,0,-0.054161529404663525,0.25,nan,-0.027017537765999466
14.8,self+frame,table,0.031900121163250444,0.03263143026085962,0,0,,0,0.10979488458988783,0.044950841303457056,6,1,741,0,2,0,-0.05489866390187127,0.25,nan,-0.027747259794002277
14.850000000000001,self+frame,table,0.031805381669617154,0.03282052170356108,0,0,,0,0.10926141497488549,0.04466226686465108,6,1,741,0,2,0,-0.0543487956527143,0.25,nan,-0.02720020390557243
14.9,self+frame,table,0.03199758495754088,0.03298270836635442,0,0,,0,0.11011390760577792,0.04538157096767306,6,1,739,0,2,0,-0.053862065436233106,0.25,nan,-0.02671608417449345
14.950000000000001,self+frame,table,0.03217378708882864,0.033120475031575086,0,0,,0,0.11079304054043819,0.04552344674789141,6,1,739,0,2,0,-0.054628702963879165,0.25,nan,-0.0274754676800556
15.0,self+frame,table,0.03201453767129337,0.03259335889773675,0,0,,0,0.110085627097315,0.04512296044320292,6,1,739,0,2,0,-0.05411661139466913,0.25,nan,-0.02696613434908668
0.05,self+cam,table,0.12083699429047365,0.12083699537600488,0,0,,0,0.05676101943747254,0.16504642260436408,5,1,752,0,0,0,0.0,0.25,nan,0.18563083846003303
0.1,self+cam,table,0.10617293810528618,0.10617294374741847,0,0,,0,0.06025353012509212,0.15400534883386005,6,1,752,0,0,0,0.0,0.25,nan,0.16215657311715448
0.15000000000000002,self+cam,table,0.09648608617131847,0.0933872817157322,0,0,,0,0.06307803130361635,0.1424273875218916,6,1,752,0,0,0,0.0,0.25,nan,0.14087361929129727
0.2,self+cam,table,0.08842958270703302,0.08222831911729624,0,0,,0,0.06554846405353494,0.13093920526164515,6,1,801,0,0,0,0.0,0.25,nan,0.12160620241524167
0.25,self+cam,table,0.0818171554994487,0.07248253432598126,0,0,,0,0.06770116017197124,0.11879943126545543,6,1,801,0,0,0,0.0,0.25,nan,0.11195586071245178
0.30000000000000004,self+cam,table,0.07635063694934266,0.06831115023495146,0,0,,0,0.06955357158823126,0.1095613033328625,6,1,801,0,0,0,0.0,0.25,nan,0.10406690624249304
0.35000000000000003,self+cam,table,0.07245396037231633,0.06571275914746084,0,0,,0,0.0713151247190318,0.10168526784264754,6,1,811,0,0,0,0.0,0.25,nan,0.09713490408196845
0.4,self+cam,table,0.06937949256416866,0.06375450223734944,0,0,,0,0.07261498515556646,0.09485873647890479,6,1,811,0,0,0,0.0,0.25,nan,0.09086685097163116
0.45,self+cam,table,0.06699599276741114,0.06233122662453036,0,0,,0,0.0738503462231193,0.08869384495279754,6,1,811,0,0,0,0.0,0.25,nan,0.0855631449083546
0.5,self+cam,table,0.06518955524991982,0.06143296805145655,0,0,,0,0.0756538721958971,0.08369483362357123,6,1,816,0,0,0,0.0,0.25,nan,0.08099521317166203
0.55,self+cam,table,0.0635958941659215,0.06100746117465691,0,0,,0,0.07743104701002422,0.07920259614750381,6,1,816,0,0,0,0.0,0.25,nan,0.0770673096120047
0.6000000000000001,self+cam,table,0.06292983169440765,0.06093153973870077,0,0,,0,0.0791902064960129,0.07530472791883715,6,1,816,0,0,0,0.0,0.25,nan,0.07369003983280065
0.65,self+cam,table,0.0626339451708731,0.0611428384346578,0,0,,0,0.08088964536858005,0.07198205940066073,6,1,816,0,0,0,0.0,0.25,nan,0.07078088592053822
0.7000000000000001,self+cam,table,0.06268596857900098,0.06163939102550095,0,0,,0,0.08263265255941536,0.069040937935239,6,1,816,0,0,0,0.0,0.25,nan,0.06827631972676518
0.75,self+cam,table,0.06298796855990182,0.062316388478884016,0,0,,0,0.0843582964872636,0.06649311195560233,6,1,816,0,0,0,0.0,0.25,nan,0.06611403207423538
0.8,self+cam,table,0.06349247121771139,0.06313510595209554,0,0,,0,0.08606992766516706,0.06455412344851,6,1,817,0,0,0,0.0,0.25,nan,0.06423119679888156
0.8500000000000001,self+cam,table,0.06418583567100368,0.06405755616019315,0,0,,0,0.08790568284780108,0.06260417676563881,6,1,817,0,0,0,0.0,0.25,nan,0.06260331483891846
0.9,self+cam,table,0.06499925150297421,0.06506585825290748,0,0,,0,0.08972150962173613,0.06091819890608989,6,1,817,0,0,0,0.0,0.2499047342983556,nan,0.061185277505816815
0.9500000000000001,self+cam,table,0.06590407040427095,0.06613648237135823,0,0,,0,0.09151589144869003,0.05958556802966883,6,1,817,0,0,0,0.0,0.2490688069031822,nan,0.05984777021444976
1.0,self+cam,table,0.06687567409072487,0.06723586772036859,0,0,,0,0.09328824152346042,0.058323842056097086,6,1,817,0,0,0,0.0,0.24833931403726414,nan,0.058620611350173824
1.05,self+cam,table,0.06789253819646923,0.06835330252585728,0,0,,0,0.09503333856381306,0.05724093355861744,6,1,817,0,0,0,0.0,0.24770944452521193,nan,0.057461280509406354
1.1,self+cam,table,0.06893524232656612,0.06947193824623299,0,0,,0,0.0967429935338202,0.0563149261928441,6,1,817,0,0,0,0.0,0.24722808873821353,nan,0.056326153977337534
1.1500000000000001,self+cam,table,0.07004766443653689,0.07057486353686433,0,0,,0,0.09840753714421328,0.05552710606498085,6,1,817,0,0,0,0.0,0.24683718942860577,nan,0.05516872290661179
1.2000000000000002,self+cam,table,0.07116116435707408,0.07164366649546378,0,0,,0,0.1000156664897545,0.053981253501612134,6,1,817,0,0,0,0.0,0.24642217445896586,nan,0.05469246938557737
1.25,self+cam,table,0.07226087520607354,0.07255131126752616,0,0,,0,0.10194443195936596,0.0535629414378066,6,1,817,0,0,0,0.0,0.24653788086998032,nan,0.05426586548773982
1.3,self+cam,table,0.07309212244428007,0.07346539686153257,0,0,,0,0.10387992138053002,0.053088259287907946,6,1,817,0,0,0,0.0,0.24673870148579774,nan,0.053910281591046494
1.35,self+cam,table,0.07395262489935156,0.07438886132120458,0,0,,0,0.10575137902853109,0.05267598455801832,6,1,817,0,0,0,0.0,0.24702780313610728,nan,0.053614830365296795
1.4000000000000001,self+cam,table,0.07483049246328131,0.07531239389679864,0,0,,0,0.10756342573542436,0.05191994142193948,6,1,817,0,0,0,0.0,0.24716945017564088,nan,0.053475326846888493
1.4500000000000002,self+cam,table,0.07571608223561177,0.07632051635093401,0,0,,0,0.1093199976047685,0.05165879656876997,6,1,817,0,0,0,0.0,0.2473695123525883,nan,0.053374288702646044
1.5,self+cam,table,0.07660156687616126,0.0773124441538559,0,0,,0,0.11094729255848455,0.05143322092676751,6,1,817,0,0,0,0.0,0.24758654994797927,nan,0.05330398187421326
1.55,self+cam,table,0.07748054396735803,0.07828512726616144,0,0,,0,0.11252173916241691,0.0512389400570101,6,1,817,0,0,0,0.0,0.2479004730748642,nan,0.053210066408116985
1.6,self+cam,table,0.07834767711367999,0.0792362009088557,0,0,,0,0.11404416067626437,0.05107228886088633,6,1,817,0,0,0,0.0,0.2483176667620458,nan,0.053054162334552624
1.6500000000000001,self+cam,table,0.07919835714027221,0.08016371241841223,0,0,,0,0.11551465433311524,0.0509301482226429,6,1,817,0,0,0,0.0,0.24884578768988863,nan,0.05291560049651911
1.7000000000000002,self+cam,table,0.08002836946010346,0.08106584829156716,0,0,,0,0.11693283914628642,0.05080989410677712,6,1,817,0,0,0,0.0,0.24949380766027876,nan,0.05278344241044053
1.75,self+cam,table,0.08083355148371447,0.08194064332343422,0,0,,0,0.11829780935318333,0.050709358667137314,6,1,817,0,0,0,0.0,0.25,nan,0.05264567722801461
1.8,self+cam,table,0.08160942071131506,0.0827856499958474,0,0,,0,0.11960805513784188,0.05062680364995946,6,1,817,0,0,0,0.0,0.25,nan,0.052488696725665696
1.85,self+cam,table,0.08235075087345253,0.08359754039114874,0,0,,0,0.12086135952417319,0.05032504719154615,6,1,817,0,0,0,0.0,0.25,nan,0.05250727878957606
1.9000000000000001,self+cam,table,0.08318770341625892,0.08437160571019761,0,0,,0,0.12205464863571162,0.05029375744240093,6,1,817,0,0,0,0.0,0.25,nan,0.052496147823530626
1.9500000000000002,self+cam,table,0.08398947531017888,0.08510110835162374,0,0,,0,0.12318379666218836,0.05024446331126954,6,1,817,0,0,0,0.0,0.25,nan,0.052279509436406024
2.0,self+cam,table,0.08475232289897673,0.08529433515836571,0,0,,0,0.12263425908269597,0.049468247709671176,6,1,817,0,0,0,0.0,0.25,nan,0.052194930101065795
2.0500000000000003,self+cam,table,0.0854705043239809,0.08611376692700146,0,0,,0,0.12365402783754374,0.04958572667048511,6,1,817,0,0,0,0.0,0.25,nan,0.05198645124161738
2.1,self+cam,table,0.08613549562514303,0.08685660666311752,0,0,,0,0.12457276062526006,0.04927385974948141,6,1,817,0,0,0,0.0,0.25,nan,0.05168400316072419
2.15,self+cam,table,0.08673495352470428,0.08692297141005642,0,0,,0,0.12447967803462394,0.04887865051141814,6,1,817,0,0,0,0.0,0.25,nan,0.051503504281902646
2.2,self+cam,table,0.08735617820199863,0.08768381988456378,0,0,,0,0.12527713186969114,0.048631132274033415,6,1,817,0,0,0,0.0,0.24608359539986036,nan,0.05073444019152051
2.25,self+cam,table,0.08722560140090499,0.08780801971527205,0,0,,0,0.1250575819506286,0.048233787694375696,6,1,817,0,0,0,0.0,0.24675907403204492,nan,0.05083537914911451
2.3000000000000003,self+cam,table,0.08762507943783071,0.0885492728420894,0,0,,0,0.1256757143988323,0.04779170006640704,6,1,817,0,0,0,0.0,0.24779720746491007,nan,0.050681428107870574
2.35,self+cam,table,0.08779906939347118,0.08885419541734786,0,0,,0,0.1271515739301583,0.048075740215645396,6,1,817,0,0,0,0.0,0.24618997171706322,nan,0.050256328611215095
2.4000000000000004,self+cam,table,0.08827867062794446,0.08899561777488348,0,0,,0,0.1267409605293257,0.047442398747770884,6,1,817,0,0,0,0.0,0.24389424924961747,nan,0.05003002816227686
2.45,self+cam,table,0.08818055046506747,0.08934404851817701,0,0,,0,0.12812358828780812,0.047541697534979166,6,1,818,0,0,0,0.0,0.2453487117292177,nan,0.05012194617959631
2.5,self+cam,table,0.08861081459929393,0.09002642764296268,0,0,,0,0.12866926703260373,0.046955418101993815,6,1,818,0,0,0,0.0,0.24672721216111587,nan,0.05011838286565096
2.5500000000000003,self+cam,table,0.08895205004762154,0.0904735917629586,0,0,,0,0.13000877193200616,0.04737936565568432,6,1,818,0,0,0,0.0,0.24458111848361225,nan,0.049866843702569996
2.6,self+cam,table,0.08884146492700258,0.09083846914935358,0,0,,0,0.13129626169840825,0.04738632981078693,6,1,819,0,0,0,0.0,0.24601480374019374,nan,0.0499642432694577
2.6500000000000004,self+cam,table,0.08923530635630895,0.09112655952367682,0,0,,0,0.13253556626302287,0.047681695743857264,6,1,819,0,0,0,0.0,0.24457822490074116,nan,0.04960369656563601
2.7,self+cam,table,0.08957202345428059,0.09118346814558181,0,0,,0,0.13186975605707163,0.046536272230466386,6,1,819,0,0,0,0.0,0.24237087292696458,nan,0.049553877285080095
2.75,self+cam,table,0.0896602393764764,0.09152269873830227,0,0,,0,0.13304021351584588,0.046397707756184445,6,1,820,0,0,0,0.0,0.24402040691297552,nan,0.04981278462656902
2.8000000000000003,self+cam,table,0.09018989580678466,0.09198651657245087,0,0,,0,0.1333856316469339,0.04678553701518552,6,1,820,0,0,0,0.0,0.24560315720453077,nan,0.04995157654869242
2.85,self+cam,table,0.09060736431792883,0.09244855315424616,0,0,,0,0.1345382684355962,0.04678510803481212,6,1,820,0,0,0,0.0,0.24354429743533246,nan,0.04987955372758157
2.9000000000000004,self+cam,table,0.0906620239646236,0.0928270220571049,0,0,,0,0.13565123478732466,0.0466467437469448,6,1,821,0,0,0,0.0,0.2451772996974045,nan,0.05009610023311961
2.95,self+cam,table,0.09111196692528196,0.09312817433850167,0,0,,0,0.1367286564242136,0.04711493897849156,6,1,821,0,0,0,0.0,0.2469249811376271,nan,0.05019450547917781
3.0,self+cam,table,0.09145337852228363,0.09335717105745243,0,0,,0,0.13777418320880686,0.04688743724138622,6,1,821,0,0,0,0.0,0.24191083772503474,nan,0.05013084114765454
3.0500000000000003,self+cam,table,0.09149814694479773,0.09335808738677061,0,0,,0,0.1369031868632869,0.046843070562125874,6,1,823,0,0,0,0.0,0.24353681248415987,nan,0.05030819348967319
3.1,self+cam,table,0.09187714573980321,0.09365802453952347,0,0,,0,0.13790547718178758,0.04718004804479446,6,1,823,0,0,0,0.0,0.24171016236927173,nan,0.050132706533479676
3.1500000000000004,self+cam,table,0.09184302989272132,0.09383732102182511,0,0,,0,0.13804080967749277,0.04652939253409001,6,1,823,0,0,0,0.0,0.24338842322350418,nan,0.05040045854300035
3.2,self+cam,table,0.09227281258290253,0.09429489309866375,0,0,,0,0.1390507078379113,0.0470105332946479,6,1,823,0,0,0,0.0,0.24517835926930362,nan,0.05055404236503891
3.25,self+cam,table,0.09259861205876362,0.09467066952104702,0,0,,0,0.14003336719003273,0.047284237564606535,6,1,823,0,0,0,0.0,0.2433032674941607,nan,0.050380719068878754
3.3000000000000003,self+cam,table,0.09254943224912136,0.09497046700531141,0,0,,0,0.14015702236759364,0.04667252799336799,6,1,823,0,0,0,0.0,0.24198651381101452,nan,0.050627729986871706
3.35,self+cam,table,0.09293321918241527,0.09500185486126018,0,0,,0,0.1399520186573585,0.04713556043154438,6,1,824,0,0,0,0.0,0.24375741517836988,nan,0.050760532489276144
3.4000000000000004,self+cam,table,0.09321522354809894,0.09538983380203189,0,0,,0,0.14087412278988054,0.04730141386441049,6,1,824,0,0,0,0.0,0.2418394675608298,nan,0.05060928977136092
3.45,self+cam,table,0.09317084511898034,0.09570711052291403,0,0,,0,0.14169285903680467,0.04679342911105032,6,1,824,0,0,0,0.0,0.24365390593159852,nan,0.05083537774815272
3.5,self+cam,table,0.09351498023469741,0.09595883665683315,0,0,,0,0.14264968977455683,0.04724200521077419,6,1,827,0,0,0,0.0,0.24545359801294972,nan,0.0509452655050906
3.5500000000000003,self+cam,table,0.09375799830126161,0.09616426069789147,0,0,,0,0.1434564355330062,0.0472372487596108,6,1,827,0,0,0,0.0,0.24052813963061193,nan,0.05083781700432277
3.6,self+cam,table,0.09373997798051298,0.09607163960693994,0,0,,0,0.14231902933717744,0.04691447945500547,6,1,827,0,0,0,0.0,0.24218380044245777,nan,0.05103733376106423
3.6500000000000004,self+cam,table,0.09404599519730819,0.09638135236245886,0,0,,0,0.14309060460731526,0.04734955649680872,6,1,827,0,0,0,0.0,0.24407845302676337,nan,0.05111632675991873
3.7,self+cam,table,0.09424984092576881,0.09662407183525623,0,0,,0,0.14389935722103142,0.04708628527403491,6,1,827,0,0,0,0.0,0.24224682198779013,nan,0.05107852115444311
3.75,self+cam,table,0.09428347975259914,0.0968112833607274,0,0,,0,0.14446673417924322,0.0470569638998406,6,1,827,0,0,0,0.0,0.24417121676925635,nan,0.051238688389360965
3.8000000000000003,self+cam,table,0.09454702099104459,0.09694620466654658,0,0,,0,0.1454709986718815,0.0472493016937237,6,1,828,0,0,0,0.0,0.24218019963932425,nan,0.05112558283538782
3.85,self+cam,table,0.09453918612241262,0.09704693594332425,0,0,,0,0.14463781128203163,0.04674618041082232,6,1,828,0,0,0,0.0,0.24101897422312446,nan,0.05137589116194652
3.9000000000000004,self+cam,table,0.09487391172599687,0.09687931235458123,0,0,,0,0.14497921896704452,0.04720520877637174,6,1,828,0,0,0,0.0,0.24279000836709613,nan,0.051500827136010785
3.95,self+cam,table,0.09510484975624911,0.09710040761076381,0,0,,0,0.14567182975262777,0.04712200354088633,6,1,828,0,0,0,0.0,0.24087039537622373,nan,0.05145725488791586
4.0,self+cam,table,0.095155213783767,0.09726181282393345,0,0,,0,0.14579309183729305,0.04692109280354742,6,1,828,0,0,0,0.0,0.24280305645827302,nan,0.05166371441933837
4.05,self+cam,table,0.09545501528827983,0.09737462241456199,0,0,,0,0.14680367185443766,0.04729321180270242,6,1,828,0,0,0,0.0,0.24090758150381114,nan,0.05154010186667024
4.1000000000000005,self+cam,table,0.0954660857207944,0.09744105297214543,0,0,,0,0.1457961669935045,0.04648448002875091,6,1,830,0,0,0,0.0,0.2397360439936254,nan,0.05185181370548708
4.15,self+cam,table,0.09588673545220004,0.09721721804430207,0,0,,0,0.1465683931531787,0.046995032001763054,6,1,830,0,0,0,0.0,0.24151772111309974,nan,0.05200455187736819
4.2,self+cam,table,0.09619188581611253,0.0974264223607326,0,0,,0,0.14720654156648444,0.047047498658730896,6,1,830,0,0,0,0.0,0.23940354363198996,nan,0.05196941388017473
4.25,self+cam,table,0.09631210432189784,0.09758707715637263,0,0,,0,0.14640963104543225,0.04676322093912427,6,1,830,0,0,0,0.0,0.2411894908743722,nan,0.052193735043228884
4.3,self+cam,table,0.09667487725485091,0.09770297494400898,0,0,,0,0.14772641938808506,0.0472269722293915,6,1,830,0,0,0,0.0,0.24311003433224745,nan,0.05225964780502157
4.3500000000000005,self+cam,table,0.09691655098601006,0.09777715875953111,0,0,,0,0.14903278832548333,0.04681221474084421,6,1,830,0,0,0,0.0,0.24112117534044072,nan,0.05230122147462557
4.4,self+cam,table,0.09713733550944809,0.09781198598463552,0,0,,0,0.14807130295446613,0.04703357355820835,6,1,831,0,0,0,0.0,0.24310711977719807,nan,0.052387749896098734
4.45,self+cam,table,0.09742803774579244,0.09780917884747702,0,0,,0,0.1494104423113667,0.04693202230555328,5,1,831,0,0,0,0.0,0.23811714189351643,nan,0.05232811775695212
4.5,self+cam,table,0.09762470294417097,0.09751966405656702,0,0,,0,0.1483074758226604,0.04683724603383567,6,1,831,0,0,0,0.0,0.23996916439174215,nan,0.052407559274613935
4.55,self+cam,table,0.09795808803348624,0.09765157129299795,0,0,,0,0.14944801158497129,0.04709729837098686,6,1,831,0,0,0,0.0,0.23785231442068652,nan,0.052184743042647974
4.6000000000000005,self+cam,table,0.09809402425938857,0.09773982489859954,0,0,,0,0.148335228865681,0.04663763092760169,5,1,831,0,0,0,0.0,0.2397272249742446,nan,0.0522013949196396
4.65,self+cam,table,0.09844626854199966,0.09778749032917482,0,0,,0,0.14946420133792188,0.04715512688646148,5,1,831,0,0,0,0.0,0.2417570598190011,nan,0.05195031432074504
4.7,self+cam,table,0.0986090006746696,0.0973549141512863,0,0,,0,0.15011362612899326,0.04693659906693107,4,1,831,0,0,0,0.0,0.23997767310886348,nan,0.0515113652925655
4.75,self+cam,table,0.0986900508341842,0.09766104224406695,0,0,,0,0.14903481382326628,0.04618654145503623,5,1,831,0,0,0,0.0,0.24201112598502506,nan,0.05123553963591021
4.800000000000001,self+cam,table,0.09822904358285656,0.09790475538179282,0,0,,0,0.150902473298132,0.046356933105310055,4,1,831,0,0,0,0.0,0.24025460742902865,nan,0.05074074177594623
4.8500000000000005,self+cam,table,0.09826920999940983,0.09808929514645993,0,0,,0,0.14919671066287232,0.04476767798781778,5,1,831,0,0,0,0.0,0.2423201741606695,nan,0.050783426770785844
4.9,self+cam,table,0.0981574542472633,0.09831244429251987,0,0,,0,0.15105546047924479,0.04554008217591447,4,1,831,0,0,0,0.0,0.2415314397224209,nan,0.05056008592419314
4.95,self+cam,table,0.09782558583231929,0.09825605597340503,0,0,,0,0.15124155000097889,0.04514309149868266,4,1,831,0,0,0,0.0,0.23946812889175662,nan,0.05030097184128457
5.0,self+cam,table,0.09799401630482703,0.0986003042995295,0,0,,0,0.15114949836352715,0.04453096047933655,4,1,831,0,0,0,0.0,0.24169944238727517,nan,0.05028867805505455
5.050000000000001,self+cam,table,0.09786709310085097,0.09883555275984385,0,0,,0,0.15232652488394027,0.04510219168284109,4,1,831,0,0,0,0.0,0.239792371742565,nan,0.04988103296333579
5.1000000000000005,self+cam,table,0.09792157539330734,0.0990223964880116,0,0,,0,0.15115343445509744,0.04351581447559735,4,1,831,0,0,0,0.0,0.24208865696185644,nan,0.05010305363663081
5.15,self+cam,table,0.09802203487154693,0.09916220324358457,0,0,,0,0.15293426425719664,0.04444747738475041,4,1,831,0,0,0,0.0,0.24418849949728774,nan,0.05004348538100689
5.2,self+cam,table,0.09787895500104282,0.09940176871045152,0,0,,0,0.15386408929665146,0.04442748384140782,4,1,831,0,0,0,0.0,0.24209277864681047,nan,0.04978985393201518
5.25,self+cam,table,0.09800034617870203,0.09960552810023386,0,0,,0,0.1528320558959092,0.04352877402289562,4,1,831,0,0,0,0.0,0.24153545990614114,nan,0.04995168744019729
5.300000000000001,self+cam,table,0.09806743291032405,0.09957898901641546,0,0,,0,0.1528163380347453,0.04463443937951034,4,1,831,0,0,0,0.0,0.24379411152166577,nan,0.04974955934112124
5.3500000000000005,self+cam,table,0.0977949433885857,0.09984116550258579,0,0,,0,0.15329799584975223,0.043723857298466534,4,1,831,0,0,0,0.0,0.2419570604354329,nan,0.04967248372305244
5.4,self+cam,table,0.0980073361199032,0.10006016410624431,0,0,,0,0.1537754883289541,0.0437748336467797,4,1,831,0,0,0,0.0,0.24432713704601577,nan,0.04967563583524226
5.45,self+cam,table,0.09792628769534137,0.10023483545778651,0,0,,0,0.1542513431665593,0.043946291835379486,4,1,831,0,0,0,0.0,0.24234425632299508,nan,0.049402866949793456
5.5,self+cam,table,0.09799412674365748,0.10045735862458392,0,0,,0,0.1539724369971358,0.042767694111036036,4,1,831,0,0,0,0.0,0.24169136938952318,nan,0.04968165373553968
5.550000000000001,self+cam,table,0.0981741715350361,0.10046852744155597,0,0,,0,0.1530592414160996,0.043795558767286136,4,1,831,0,0,0,0.0,0.2438098727667231,nan,0.04967126390836485
5.6000000000000005,self+cam,table,0.0980976198732018,0.10081809065317654,0,0,,0,0.1533435509783972,0.04367062260941873,4,1,832,0,0,0,0.0,0.24199226494304668,nan,0.04948431915716778
5.65,self+cam,table,0.09818611153757974,0.10106849030017559,0,0,,0,0.15360925215382754,0.04295148547836326,4,1,832,0,0,0,0.0,0.24437507438143413,nan,0.049699788197972716
5.7,self+cam,table,0.09831969828027622,0.10125483058500939,0,0,,0,0.15384382671325098,0.04395562530828359,4,1,832,0,0,0,0.0,0.24698260078884723,nan,0.04962791856989668
5.75,self+cam,table,0.0981978476970634,0.10135985844939051,0,0,,0,0.1541867006997753,0.043378446573946766,4,1,833,0,0,0,0.0,0.24494657785696416,nan,0.049534278374318674
5.800000000000001,self+cam,table,0.09832018964637242,0.10158944488021424,0,0,,0,0.1546841755924862,0.0431489580371725,4,1,833,0,0,0,0.0,0.2472344234893009,nan,0.04968053694895447
5.8500000000000005,self+cam,table,0.09839880979983259,0.10172702856389264,0,0,,0,0.15514303988991468,0.043855803669934204,4,1,833,0,0,0,0.0,0.2453251377120252,nan,0.04931758831179023
5.9,self+cam,table,0.09832426898573567,0.10174476961732874,0,0,,0,0.15528022193653035,0.043289229531894916,4,1,833,0,0,0,0.0,0.2474766837369845,nan,0.04917160976341284
5.95,self+cam,table,0.09843464872417064,0.101087175084223,0,0,,0,0.15560989372648892,0.04249353848264541,4,1,833,0,0,0,0.0,0.24331599589832006,nan,0.0490893490309644
6.0,self+cam,table,0.098491800161205,0.10090797017830848,0,0,,0,0.1545314550340986,0.04203399089777031,4,1,833,0,0,0,0.0,0.24594275616827885,nan,0.04932511889173119
6.050000000000001,self+cam,table,0.09859149800662828,0.10053427573592566,0,0,,0,0.15639582060395696,0.04317871766207375,4,1,833,0,0,0,0.0,0.24874963703958006,nan,0.049214995078734614
6.1000000000000005,self+cam,table,0.09839209062739948,0.10057598322931997,0,0,,0,0.15719930684464917,0.0430436666179015,4,1,833,0,0,0,0.0,0.2489087452624843,nan,0.04912103294945791
6.15,self+cam,table,0.09845713534965259,0.09967789516617633,0,0,,0,0.15779627492933368,0.042031869030529176,4,1,833,0,0,0,0.0,0.24715189607674465,nan,0.0492151423730679
6.2,self+cam,table,0.09861950255780622,0.09977549749946861,0,0,,0,0.15708706890696228,0.04216995634704422,4,1,833,0,0,0,0.0,0.24777390409768507,nan,0.04949060114579318
6.25,self+cam,table,0.09881879433242041,0.09901371237321197,0,0,,0,0.1584564343461689,0.04327637279032033,4,1,833,0,0,0,0.0,0.2461688547109694,nan,0.04920652336875053
6.300000000000001,self+cam,table,0.09864918883506679,0.09911178678155956,0,0,,0,0.15767099701259468,0.042700682418091954,4,1,833,0,0,0,0.0,0.2467759546691459,nan,0.04932343677197615
6.3500000000000005,self+cam,table,0.098706297501603,0.09847220449967412,0,0,,0,0.15919052100582026,0.04316875625022176,4,1,833,0,0,0,0.0,0.2477834809570054,nan,0.04937651961166878
6.4,self+cam,table,0.09872869801219826,0.09878866414564116,0,0,,0,0.15806226630703912,0.043136780162503094,4,1,833,0,0,0,0.0,0.24373856290747759,nan,0.049127489774314914
6.45,self+cam,table,0.0986020298691726,0.09832629058165204,0,0,,0,0.1581815625659444,0.04225943826211338,4,1,833,0,0,0,0.0,0.2445807974341172,nan,0.049437056281763314
6.5,self+cam,table,0.09886022906307979,0.09859378080932298,0,0,,0,0.1575021844869956,0.04334734214882836,4,1,833,0,0,0,0.0,0.2449693578254743,nan,0.04945830454789102
6.550000000000001,self+cam,table,0.098854737821595,0.09831491877296714,0,0,,0,0.15817115432424933,0.04321299262506989,4,1,833,0,0,0,0.0,0.2413323550016053,nan,0.049202161365640706
6.6000000000000005,self+cam,table,0.09870678824641269,0.0984846654499493,0,0,,0,0.15680050755596736,0.04241018416680954,4,1,833,0,0,0,0.0,0.2415258430638478,nan,0.04948063092845989
6.65,self+cam,table,0.09893795211539573,0.09840040388173758,0,0,,0,0.15744375491308538,0.04346082517642186,4,1,833,0,0,0,0.0,0.2446007594239927,nan,0.04918302967795496
6.7,self+cam,table,0.09869150994511297,0.09835576261711197,0,0,,0,0.15907832433171676,0.04210080591401319,4,1,833,0,0,0,0.0,0.24559083810310733,nan,0.049522211263671956
6.75,self+cam,table,0.0989861045663314,0.09845846580758186,0,0,,0,0.15774984157339633,0.04240217629137781,4,1,833,0,0,0,0.0,0.24168606853579688,nan,0.04931807050920167
6.800000000000001,self+cam,table,0.09884455249485506,0.09849769376628209,0,0,,0,0.15840031502164592,0.04275864309932775,4,1,833,0,0,0,0.0,0.24501301082815055,nan,0.04948983050004241
6.8500000000000005,self+cam,table,0.09898091695240478,0.09849657733069371,0,0,,0,0.160000514252767,0.043391955975737015,4,1,833,0,0,0,0.0,0.24152343658439465,nan,0.0491011525852898
6.9,self+cam,table,0.0987313752192137,0.09850389063681066,0,0,,0,0.15847082363081488,0.0417787336358183,4,1,833,0,0,0,0.0,0.24189220095942224,nan,0.04955399026872509
6.95,self+cam,table,0.09912845136879073,0.0986694720377616,0,0,,0,0.15929836600439412,0.04292419186705719,4,1,833,0,0,0,0.0,0.24227426613531403,nan,0.049719883604445236
7.0,self+cam,table,0.09925910797210494,0.09854521028361424,0,0,,0,0.15983980923713625,0.04339873594084369,4,1,833,0,0,0,0.0,0.2385974629021519,nan,0.04926506264387209
7.050000000000001,self+cam,table,0.09894406160690562,0.09861898800630167,0,0,,0,0.1580573794453516,0.041871268877225906,4,1,833,0,0,0,0.0,0.24182999538459643,nan,0.0497225323845093
7.1000000000000005,self+cam,table,0.09934645401426623,0.0989073647701285,0,0,,0,0.1597854337631528,0.04286519768152451,4,1,833,0,0,0,0.0,0.2421924120598447,nan,0.049585078862897314
7.15,self+cam,table,0.0991883137913251,0.09888974439491142,0,0,,0,0.16033523650655346,0.04352510815491181,4,1,833,0,0,0,0.0,0.24534972347256048,nan,0.04927503327179972
7.2,self+cam,table,0.09888614588059953,0.09881923748615344,0,0,,0,0.16076195694123252,0.042790281615521925,4,1,833,0,0,0,0.0,0.24190916928885406,nan,0.04908079214211081
7.25,self+cam,table,0.09877050042434994,0.09884384064632562,0,0,,0,0.15959156094562071,0.04243002152030925,4,1,833,0,0,0,0.0,0.24235574460248915,nan,0.04915167367087503
7.300000000000001,self+cam,table,0.09880937261702594,0.09894200730028534,0,0,,0,0.16094768865707393,0.042949476867247705,4,1,833,0,0,0,0.0,0.2456166083560961,nan,0.04894790798824056
7.3500000000000005,self+cam,table,0.09863161117175132,0.09892742611628111,0,0,,0,0.16049926143475618,0.042267591163859405,4,1,833,0,0,0,0.0,0.2422065241357893,nan,0.04883579044479591
7.4,self+cam,table,0.09860462873637353,0.0988318301221694,0,0,,0,0.15930116726879134,0.04196943476479484,4,1,833,0,0,0,0.0,0.24276281102489844,nan,0.04906955669960533
7.45,self+cam,table,0.09879617110400798,0.09906400137035748,0,0,,0,0.1607736684892948,0.04310672000875557,4,1,833,0,0,0,0.0,0.24333171567264497,nan,0.04898688025080489
7.5,self+cam,table,0.0987024808419278,0.09901418583549604,0,0,,0,0.16213732404669284,0.04276019949644504,4,1,833,0,0,0,0.0,0.2398265634687103,nan,0.04867088624141791
7.550000000000001,self+cam,table,0.09847004195968584,0.09897464177849102,0,0,,0,0.15953947376109545,0.04197431934756975,4,1,833,0,0,0,0.0,0.24018234169349006,nan,0.048872806183309914
7.6000000000000005,self+cam,table,0.09863736204840493,0.09914860622693965,0,0,,0,0.16087249268326986,0.042783110022424506,4,1,833,0,0,0,0.0,0.24384267793565875,nan,0.04860498142840142
7.65,self+cam,table,0.09839154708908766,0.09914950946443753,0,0,,0,0.16046871545856284,0.04170563073608061,4,1,833,0,0,0,0.0,0.2449392922135451,nan,0.048850075148221705
7.7,self+cam,table,0.09860140334770748,0.09893942769532725,0,0,,0,0.16078092481713213,0.04156259833627719,4,1,833,0,0,0,0.0,0.24552238622158024,nan,0.04922559192336007
7.75,self+cam,table,0.09895575503745355,0.0993009436086817,0,0,,0,0.16138992898035115,0.04247200626995855,4,1,833,0,0,0,0.0,0.24184346088389055,nan,0.04921003568779758
7.800000000000001,self+cam,table,0.09894153379230755,0.09937304790122624,0,0,,0,0.1618838328218456,0.042741860943159876,4,1,833,0,0,0,0.0,0.24518116459589445,nan,0.04938362632872273
7.8500000000000005,self+cam,table,0.0991005449044215,0.09934501516478333,0,0,,0,0.16337693663148134,0.04259028780658104,4,1,835,0,0,0,0.0,0.2419006279118195,nan,0.04930456872414324
7.9,self+cam,table,0.09902701805093515,0.09922896229327907,0,0,,0,0.1610628788918751,0.042130747535399526,4,1,835,0,0,0,0.0,0.24208614026674405,nan,0.049684044015445905
7.95,self+cam,table,0.09937724277218155,0.09944123725249952,0,0,,0,0.16208595249288416,0.043212721696688175,4,1,835,0,0,0,0.0,0.24544954408574046,nan,0.04954408015716605
8.0,self+cam,table,0.09924109559906985,0.09948253875303045,0,0,,0,0.1617916924291103,0.042448244629592666,4,1,835,0,0,0,0.0,0.24632237335369062,nan,0.049810791035414526
8.05,self+cam,table,0.09947933761108718,0.09931810755031749,0,0,,0,0.1632057160557635,0.0426299671353747,4,1,835,0,0,0,0.0,0.24317692431858282,nan,0.04987030687467753
8.1,self+cam,table,0.09954432864078083,0.09932352452104339,0,0,,0,0.16220080410031046,0.04287451067335557,4,1,835,0,0,0,0.0,0.24387655891258764,nan,0.04995697758792661
8.15,self+cam,table,0.09960771997136579,0.09937508368903954,0,0,,0,0.16282792993570672,0.0432340877957442,4,1,835,0,0,0,0.0,0.24064065895174244,nan,0.04973744850741724
8.200000000000001,self+cam,table,0.09944368928601165,0.09919149280678981,0,0,,0,0.16094962824679093,0.04189276123085606,4,1,835,0,0,0,0.0,0.24084934143282274,nan,0.05019909275812484
8.25,self+cam,table,0.09986319746817038,0.09949053939109363,0,0,,0,0.1614648370498571,0.04274474364898455,4,1,835,0,0,0,0.0,0.24412628662146024,nan,0.05039451653309268
8.3,self+cam,table,0.10003082365871681,0.0996289941521074,0,0,,0,0.16297671416326698,0.04345942827321575,4,1,835,0,0,0,0.0,0.24062166231882404,nan,0.05006138203182642
8.35,self+cam,table,0.09977906305311214,0.09955548050199237,0,0,,0,0.16084277568479022,0.04226483265688449,4,1,835,0,0,0,0.0,0.24117276436279614,nan,0.05053773376704851
8.4,self+cam,table,0.1002093773753942,0.09945260311767869,0,0,,0,0.16154601049568934,0.04250757186596932,4,1,835,0,0,0,0.0,0.24142169347986778,nan,0.050755566969593824
8.450000000000001,self+cam,table,0.1003940787648004,0.09960723496990496,0,0,,0,0.16199959677684994,0.043273560877854556,4,1,835,0,0,0,0.0,0.24082695531080942,nan,0.05029736960321829
8.5,self+cam,table,0.10004586043696416,0.0995694047418346,0,0,,0,0.16064712727160724,0.04228819482660193,4,1,835,0,0,0,0.0,0.2414005081157671,nan,0.05059405242881643
8.55,self+cam,table,0.10051313216109117,0.09934817429828735,0,0,,0,0.16162301449342314,0.04189755741429785,4,1,835,0,0,0,0.0,0.24167706489236235,nan,0.050880379674793974
8.6,self+cam,table,0.1007398559965362,0.09965993635737419,0,0,,0,0.16212900289800913,0.043050175179060804,4,1,835,0,0,0,0.0,0.2419529113619371,nan,0.05082046484043545
8.65,self+cam,table,0.1007340570448945,0.09968089679192413,0,0,,0,0.16251222434585288,0.0434148945578903,4,1,835,0,0,0,0.0,0.2385999331192883,nan,0.05047285725351147
8.700000000000001,self+cam,table,0.10048899081342803,0.09945110225666579,0,0,,0,0.16043096826303654,0.04175645799460467,4,1,835,0,0,0,0.0,0.24187309573641672,nan,0.05094297013622162
8.75,self+cam,table,0.10074958801028698,0.09980307646666575,0,0,,0,0.16200136107149377,0.042549283469822535,4,1,835,0,0,0,0.0,0.24222434701504747,nan,0.05105706008653699
8.8,self+cam,table,0.10067195477179551,0.0999775122305138,0,0,,0,0.16241167393121214,0.043011605541386125,4,1,835,0,0,0,0.0,0.24160818303593495,nan,0.0507438772542792
8.85,self+cam,table,0.1004191189245466,0.10009163731705144,0,0,,0,0.16164780023763697,0.04327380269470056,4,1,835,0,0,0,0.0,0.2423409097544182,nan,0.05084157874344364
8.9,self+cam,table,0.10061629022562044,0.09973917969470393,0,0,,0,0.16189269696645797,0.041891825821423756,4,1,835,0,0,0,0.0,0.24269059078436692,nan,0.05107558540075108
8.950000000000001,self+cam,table,0.10067591702936567,0.10009521643546543,0,0,,0,0.1623532765454565,0.04297371431177936,4,1,835,0,0,0,0.0,0.24229692189142243,nan,0.05073066107283364
9.0,self+cam,table,0.10040618663842568,0.1001976741780827,0,0,,0,0.1615830780374934,0.04291835583709769,4,1,835,0,0,0,0.0,0.24271478911861982,nan,0.05111183829868893
9.05,self+cam,table,0.10073867975803141,0.10022532872889602,0,0,,0,0.1628644526463935,0.043823675602086665,4,1,835,0,0,0,0.0,0.24370575449224838,nan,0.05098892335838556
9.1,self+cam,table,0.10082904396224794,0.09989948586170365,0,0,,0,0.16219341058785652,0.0421638510322305,4,1,835,0,0,0,0.0,0.24016616762737075,nan,0.05105092691419444
9.15,self+cam,table,0.10068687831938637,0.10019870830139328,0,0,,0,0.1626299845196103,0.04296161848764071,4,1,835,0,0,0,0.0,0.24365597116236073,nan,0.05103967889557537
9.200000000000001,self+cam,table,0.10064486141207993,0.10033847086435552,0,0,,0,0.16406889379193956,0.04365249778270082,4,1,835,0,0,0,0.0,0.24015316822399338,nan,0.05078036008667042
9.25,self+cam,table,0.10042901460557657,0.10028330358526238,0,0,,0,0.16187840466343245,0.04341054666620742,4,1,835,0,0,0,0.0,0.2407504837463575,nan,0.051021646010591226
9.3,self+cam,table,0.10062940313457072,0.1000230129822734,0,0,,0,0.16244719289610937,0.04255247876995587,4,1,835,0,0,0,0.0,0.24100228099817975,nan,0.05101592157612822
9.35,self+cam,table,0.10059868387841435,0.10022336047525107,0,0,,0,0.1628408563590223,0.043291402871770635,4,1,835,0,0,0,0.0,0.2403950216637042,nan,0.05071962633536142
9.4,self+cam,table,0.10036260606090495,0.10023428243045536,0,0,,0,0.16176282013853832,0.04328998474516707,4,1,835,0,0,0,0.0,0.24102001704269074,nan,0.05087379662393243
9.450000000000001,self+cam,table,0.10059199543393418,0.09983015586817742,0,0,,0,0.162215332513942,0.041776218884689506,4,1,835,0,0,0,0.0,0.24128632871317807,nan,0.05101622307161502
9.5,self+cam,table,0.10058965313869993,0.10022720889235309,0,0,,0,0.16266352351120028,0.04293849907003776,4,1,835,0,0,0,0.0,0.2375432709247466,nan,0.05066805054638068
9.55,self+cam,table,0.10031945150201771,0.10033719654053248,0,0,,0,0.1616203001787173,0.04332905986443891,4,1,835,0,0,0,0.0,0.24072328951769328,nan,0.05087253754072507
9.600000000000001,self+cam,table,0.10048132249425379,0.1003524313804459,0,0,,0,0.16290662270591483,0.04377966811003879,4,1,835,0,0,0,0.0,0.2414122994591918,nan,0.05082033517329709
9.65,self+cam,table,0.10040554121088702,0.10001577857256874,0,0,,0,0.16237655541367524,0.04222486677806389,4,1,835,0,0,0,0.0,0.23760866475694484,nan,0.050460268672756325
9.700000000000001,self+cam,table,0.10012970190415642,0.1002965358480143,0,0,,0,0.16155045403792612,0.04313102126207631,4,1,835,0,0,0,0.0,0.24095867604828522,nan,0.05069448687749112
9.75,self+cam,table,0.10032238973829381,0.10032472068303233,0,0,,0,0.1628295257289018,0.043563080396710044,4,1,835,0,0,0,0.0,0.24122899348306737,nan,0.05066945849724103
9.8,self+cam,table,0.10027479100690187,0.10027080797284704,0,0,,0,0.16405578567850998,0.043474088122566756,4,1,835,0,0,0,0.0,0.24208774499751018,nan,0.050498478181207895
9.850000000000001,self+cam,table,0.10004906452364933,0.10001370989237619,0,0,,0,0.16254040217127186,0.042322197724226795,4,1,835,0,0,0,0.0,0.24144151652796278,nan,0.050358584875266454
9.9,self+cam,table,0.09997639187714974,0.10029297421825319,0,0,,0,0.1625948159309164,0.042918720614279815,4,1,835,0,0,0,0.0,0.24177278748808448,nan,0.05044517827923656
9.950000000000001,self+cam,table,0.10003358127502374,0.10042132073721143,0,0,,0,0.1638671028268739,0.043757183389944554,4,1,835,0,0,0,0.0,0.24536422988031206,nan,0.050198297886754895
10.0,self+cam,table,0.0997632419820419,0.10035339310583924,0,0,,0,0.16338548820944754,0.04301296622879047,4,1,835,0,0,0,0.0,0.24220652543518256,nan,0.050181933894346886
10.05,self+cam,table,0.09980987699723046,0.09997389852016564,0,0,,0,0.16236141546758648,0.04207033513585383,4,1,835,0,0,0,0.0,0.24267348011344475,nan,0.05038278055409606
10.100000000000001,self+cam,table,0.09997317418926015,0.10031149967432647,0,0,,0,0.1636757380774445,0.04318996161728386,4,1,835,0,0,0,0.0,0.2431474784278738,nan,0.050314298793886825
10.15,self+cam,table,0.09988811920281249,0.10037556624418974,0,0,,0,0.16467170351114185,0.04343103070792563,4,1,835,0,0,0,0.0,0.23991542832444152,nan,0.05015916198827863
10.200000000000001,self+cam,table,0.09977263480883299,0.09998906694464364,0,0,,0,0.1624228270787022,0.042027069505120515,4,1,835,0,0,0,0.0,0.2401833970712823,nan,0.05035241581213523
10.25,self+cam,table,0.09992852958590336,0.10033186530329649,0,0,,0,0.1629648576208002,0.04299079992164824,4,1,835,0,0,0,0.0,0.23955762774320932,nan,0.04986143795786513
10.3,self+cam,table,0.09958649790430718,0.1004221323154079,0,0,,0,0.16102267315337915,0.0420125498913429,4,1,835,0,0,0,0.0,0.23979970821804408,nan,0.050354936229112024
10.350000000000001,self+cam,table,0.10002543791503446,0.10041044396018571,0,0,,0,0.1623588085983932,0.0431197982060961,4,1,835,0,0,0,0.0,0.24038078572145677,nan,0.050579548606852764
10.4,self+cam,table,0.10021077496042609,0.10008767974690719,0,0,,0,0.1627281830483584,0.04236475797008471,4,1,835,0,0,0,0.0,0.24069357110364273,nan,0.050510420276305146
10.450000000000001,self+cam,table,0.10012141702142864,0.10033756314145033,0,0,,0,0.16308878149678585,0.04297722344715875,4,1,835,0,0,0,0.0,0.24000960557353646,nan,0.05025021713822053
10.5,self+cam,table,0.09991894299851041,0.10043769808810876,0,0,,0,0.16234777118483568,0.04308163441719845,4,1,835,0,0,0,0.0,0.24031654868745086,nan,0.050460861515160604
10.55,self+cam,table,0.10008883583522421,0.10032230944346734,0,0,,0,0.16367653546570032,0.04334933722182514,4,1,835,0,0,0,0.0,0.2409828993250229,nan,0.05040254682335055
10.600000000000001,self+cam,table,0.10001071753776654,0.10010434691999784,0,0,,0,0.16281513006065346,0.04256399101336977,4,1,835,0,0,0,0.0,0.24029791444924817,nan,0.0501476460062491
10.65,self+cam,table,0.09981521465651394,0.10028634076221422,0,0,,0,0.16237134210862886,0.043001191095097396,4,1,835,0,0,0,0.0,0.2406044007666896,nan,0.050366209467939904
10.700000000000001,self+cam,table,0.09999355625740483,0.10033282938744618,0,0,,0,0.1636993069815374,0.043745795503763146,4,1,835,0,0,0,0.0,0.24138943106455232,nan,0.05007013988218434
10.75,self+cam,table,0.0997082245669424,0.09996760641486711,0,0,,0,0.1625031787282255,0.04204930813770136,4,1,835,0,0,0,0.0,0.24179021759578714,nan,0.05031862565264844
10.8,self+cam,table,0.09991611447424976,0.10027716487921128,0,0,,0,0.16284319046640439,0.04258489643750099,4,1,835,0,0,0,0.0,0.24113298329644153,nan,0.0503707063728317
10.850000000000001,self+cam,table,0.1000003499940685,0.10048446467223414,0,0,,0,0.16353737889777553,0.04335578577828718,4,1,835,0,0,0,0.0,0.24486015160402408,nan,0.05040801788077731
10.9,self+cam,table,0.10000165301400256,0.10053356646577086,0,0,,0,0.16495218401612516,0.04371770437278741,4,1,835,0,0,0,0.0,0.2414433241375048,nan,0.05009299991677896
10.950000000000001,self+cam,table,0.09977633088057643,0.10040341090511333,0,0,,0,0.16229830897964764,0.042561381668644996,4,1,835,0,0,0,0.0,0.2425060470242875,nan,0.05041697093474318
11.0,self+cam,table,0.10004451556768226,0.10019394061366824,0,0,,0,0.16377053454338597,0.04287419413028781,4,1,835,0,0,0,0.0,0.24320408194417045,nan,0.050510582709024865
11.05,self+cam,table,0.10010364726567532,0.10031221723256337,0,0,,0,0.16445992510712198,0.04339095557865798,4,1,835,0,0,0,0.0,0.2426044258681983,nan,0.05041367168293165
11.100000000000001,self+cam,table,0.1000514580316864,0.10033438333005182,0,0,,0,0.16419260905498617,0.043732977670808554,4,1,835,0,0,0,0.0,0.24362932592729586,nan,0.050087553852361966
11.15,self+cam,table,0.09970823170852212,0.09999171115557003,0,0,,0,0.16362844786452796,0.04214819099926062,4,1,835,0,0,0,0.0,0.24001356127839077,nan,0.05015115508376089
11.200000000000001,self+cam,table,0.09984677359420391,0.10029758807361752,0,0,,0,0.16259418178753515,0.04266990501574443,4,1,835,0,0,0,0.0,0.24361862794948208,nan,0.05046620523326095
11.25,self+cam,table,0.10010883598361726,0.10035375485086986,0,0,,0,0.1640023788235928,0.04357316983950682,4,1,835,0,0,0,0.0,0.24445957645843255,nan,0.05050418653830058
11.3,self+cam,table,0.10011368839584348,0.10031478686671068,0,0,,0,0.1653727823656359,0.04355833006788075,4,1,835,0,0,0,0.0,0.2413904885063492,nan,0.050237102028733105
11.350000000000001,self+cam,table,0.09991573228615333,0.10003692816299413,0,0,,0,0.16274905253645588,0.042429232023906555,4,1,835,0,0,0,0.0,0.2417930134346149,nan,0.050671242189252785
11.4,self+cam,table,0.10030038942828852,0.1002648384933345,0,0,,0,0.16406228896453362,0.043231419556793535,4,1,835,0,0,0,0.0,0.2451115941068965,nan,0.0508435274252933
11.450000000000001,self+cam,table,0.10043710212920907,0.10034556434940323,0,0,,0,0.16534610483650047,0.04394557610530417,4,1,835,0,0,0,0.0,0.24176168174061508,nan,0.050654189161625895
11.5,self+cam,table,0.10031094085076392,0.10021012967485203,0,0,,0,0.16435204271904147,0.04325273343176801,4,1,835,0,0,0,0.0,0.24281812740895156,nan,0.05036687479203228
11.55,self+cam,table,0.09998162739555445,0.10003988695753871,0,0,,0,0.1638004815414399,0.04290409129666255,4,1,835,0,0,0,0.0,0.24338252485742753,nan,0.05064713516078878
11.600000000000001,self+cam,table,0.1002209111692451,0.10014962419240614,0,0,,0,0.1648037295968962,0.04332441907393371,4,1,835,0,0,0,0.0,0.24024813118508329,nan,0.05065886868407854
11.65,self+cam,table,0.10027728942821461,0.09976538983557806,0,0,,0,0.16263448078101705,0.04177429385054637,4,1,835,0,0,0,0.0,0.24055324729652566,nan,0.05075270815403288
11.700000000000001,self+cam,table,0.10033991272613213,0.10014853782784693,0,0,,0,0.1630455403200899,0.042606912315735476,4,1,835,0,0,0,0.0,0.24003028935727388,nan,0.05047150641390685
11.75,self+cam,table,0.10012861272909367,0.1003266709154108,0,0,,0,0.16284852324289334,0.043102802388819014,4,1,835,0,0,0,0.0,0.24081601895447083,nan,0.05068919569635855
11.8,self+cam,table,0.10028768052363518,0.10034469680272293,0,0,,0,0.16430884918074085,0.04364437036327053,4,1,835,0,0,0,0.0,0.24013122631266134,nan,0.05040961146042178
11.850000000000001,self+cam,table,0.10012646091993338,0.1003016184536638,0,0,,0,0.16323127591057796,0.04348098067335926,4,1,835,0,0,0,0.0,0.2412614488526292,nan,0.050494922265823194
11.9,self+cam,table,0.10016276154257493,0.10005985353752862,0,0,,0,0.16432127143291425,0.04263940944163963,4,1,835,0,0,0,0.0,0.241884073686978,nan,0.05031292085143768
11.950000000000001,self+cam,table,0.09991332120906679,0.10024314145264315,0,0,,0,0.164118864531888,0.04326086047401338,4,1,835,0,0,0,0.0,0.24124380728835332,nan,0.05021230435381219
12.0,self+cam,table,0.09991166321169076,0.10023157245548879,0,0,,0,0.16306582860635632,0.043007277418946846,4,1,835,0,0,0,0.0,0.2420858748920628,nan,0.05043511184524885
12.05,self+cam,table,0.10009540933039918,0.09983081389701863,0,0,,0,0.1640950112729475,0.04183256106437691,4,1,835,0,0,0,0.0,0.24278444592473658,nan,0.05012782748531164
12.100000000000001,self+cam,table,0.09976597013461104,0.10022349860078605,0,0,,0,0.163772991332014,0.04276357005277211,4,1,835,0,0,0,0.0,0.2391881421390708,nan,0.050145158184178085
12.15,self+cam,table,0.09987795804875267,0.10033927214348407,0,0,,0,0.16270808941223736,0.04256996833872735,4,1,835,0,0,0,0.0,0.24245232086690124,nan,0.050483526789201205
12.200000000000001,self+cam,table,0.10016575748543209,0.10034686093209103,0,0,,0,0.16407942749032778,0.04364230320059147,4,1,835,0,0,0,0.0,0.24377632011159914,nan,0.05053195165417368
12.25,self+cam,table,0.10017340589545412,0.1000001473691332,0,0,,0,0.1644068546489556,0.04226549213868634,4,1,835,0,0,0,0.0,0.2403534367619027,nan,0.050176489322638185
12.3,self+cam,table,0.09990740036455732,0.10029872050930667,0,0,,0,0.16280350812809247,0.04253822510457035,4,1,835,0,0,0,0.0,0.24119302864121628,nan,0.05051936393614509
12.350000000000001,self+cam,table,0.10019019394018025,0.10032340950852607,0,0,,0,0.16426883956299615,0.043460929748557545,4,1,835,0,0,0,0.0,0.24226956770803706,nan,0.050632733703631305
12.4,self+cam,table,0.10026488209659705,0.09998315733261524,0,0,,0,0.16321177892297412,0.04222205708008571,4,1,835,0,0,0,0.0,0.23866668810020672,nan,0.05048402755104553
12.450000000000001,self+cam,table,0.10017969014676222,0.1002750593440853,0,0,,0,0.16361586504595116,0.04293036600089076,4,1,835,0,0,0,0.0,0.24227388726392698,nan,0.05018813924825283
12.5,self+cam,table,0.09984778601130687,0.1003773665624618,0,0,,0,0.16405862163766594,0.04283665677743821,4,1,835,0,0,0,0.0,0.24163591501112439,nan,0.05019113828865629
12.55,self+cam,table,0.0999460624680288,0.10032250674469961,0,0,,0,0.16298908108212434,0.04256975192227576,4,1,835,0,0,0,0.0,0.24241685317570857,nan,0.05054603464306817
12.600000000000001,self+cam,table,0.10024461829260509,0.10018667540182387,0,0,,0,0.16438667066812024,0.0432245402074809,4,1,835,0,0,0,0.0,0.24357767845059036,nan,0.05062731741981985
12.65,self+cam,table,0.10028803466845818,0.10001548014982792,0,0,,0,0.1650499676797486,0.04291297049708016,4,1,835,0,0,0,0.0,0.24017769701175248,nan,0.050270845149409826
12.700000000000001,self+cam,table,0.10001423106848374,0.10012828164213852,0,0,,0,0.1630581042171943,0.04230722565685496,4,1,835,0,0,0,0.0,0.24086301979502098,nan,0.050753075453839114
12.75,self+cam,table,0.10044542514193269,0.09974838701483776,0,0,,0,0.16337995118275161,0.0417783640021822,4,1,835,0,0,0,0.0,0.2412406355798543,nan,0.05097793854683952
12.8,self+cam,table,0.10063157512805332,0.10014200365252772,0,0,,0,0.16384842379960313,0.042940421872992976,4,1,835,0,0,0,0.0,0.241615059559084,nan,0.05094902714735172
12.850000000000001,self+cam,table,0.10058041073245279,0.10024685231247396,0,0,,0,0.1642001756097231,0.043241407649210375,4,1,835,0,0,0,0.0,0.24115589481544517,nan,0.05079719678527517
12.9,self+cam,table,0.10044006847523454,0.10026255182359516,0,0,,0,0.16429205419798104,0.04334610443848702,4,1,835,0,0,0,0.0,0.24190472913180597,nan,0.05097449967337109
12.950000000000001,self+cam,table,0.10063548952344362,0.0999548403839669,0,0,,0,0.16356546574715042,0.042266488535221344,4,1,835,0,0,0,0.0,0.23828860614657402,nan,0.050834348702051835
13.0,self+cam,table,0.10051446367395032,0.1002211246770199,0,0,,0,0.16395983313477897,0.043067648279333196,4,1,835,0,0,0,0.0,0.2417535593130636,nan,0.05090053050419263
13.05,self+cam,table,0.10055191443173012,0.10024791358373285,0,0,,0,0.16547353325228015,0.04361200433861079,4,1,835,0,0,0,0.0,0.2381703577219508,nan,0.050529308671469875
13.100000000000001,self+cam,table,0.10025893211641664,0.10017496360590802,0,0,,0,0.16313691474030229,0.04329589248443824,4,1,835,0,0,0,0.0,0.2390724698974587,nan,0.05047440674684678
13.15,self+cam,table,0.10015779856193224,0.09995603374959731,0,0,,0,0.1637431688702231,0.042537062834996864,4,1,835,0,0,0,0.0,0.23842673305996726,nan,0.04983541316779949
13.200000000000001,self+cam,table,0.09969102364490445,0.10011804282659278,0,0,,0,0.16179845040023244,0.04233528175214628,4,1,835,0,0,0,0.0,0.2389944520355798,nan,0.05012474810960155
13.25,self+cam,table,0.09991373618341365,0.10021470386764163,0,0,,0,0.1633273473567623,0.04341643414296917,4,1,835,0,0,0,0.0,0.24256136673590156,nan,0.05011495802571242
13.3,self+cam,table,0.09986401000030622,0.10013905693742431,0,0,,0,0.16479643771838803,0.04349086644710155,4,1,835,0,0,0,0.0,0.24369985015437695,nan,0.04964001836135923
13.350000000000001,self+cam,table,0.09936999529472025,0.09984528324672809,0,0,,0,0.16408068100351386,0.042199523188303736,4,1,835,0,0,0,0.0,0.2400914404213361,nan,0.049670753223058695
13.4,self+cam,table,0.09949968741298779,0.10012786423664381,0,0,,0,0.1629624315565602,0.042506766923892214,4,1,835,0,0,0,0.0,0.24079419607801766,nan,0.04985303018736975
13.450000000000001,self+cam,table,0.09963137767795088,0.10013397726868117,0,0,,0,0.16449237086846852,0.04346012969875335,4,1,835,0,0,0,0.0,0.2418897696059334,nan,0.04972688411641679
13.5,self+cam,table,0.09948431439091208,0.09985644593465046,0,0,,0,0.16389676435291384,0.04223213785403758,4,1,835,0,0,0,0.0,0.23815245790610948,nan,0.049435453664147366
13.55,self+cam,table,0.09926127524534241,0.1001193710813967,0,0,,0,0.1632477039251088,0.04235946482990134,4,1,835,0,0,0,0.0,0.24181022672052713,nan,0.04961329588432295
13.600000000000001,self+cam,table,0.09939298355201515,0.10018224340074391,0,0,,0,0.16478709070998154,0.043232233272396,4,1,835,0,0,0,0.0,0.23807746760958065,nan,0.04932041532318354
13.65,self+cam,table,0.09923115953190903,0.1000780171572883,0,0,,0,0.1636054505566209,0.04299729147631352,4,1,835,0,0,0,0.0,0.23891650366034348,nan,0.049298094443169904
13.700000000000001,self+cam,table,0.09918728010805991,0.0999094630638327,0,0,,0,0.16411783495959187,0.04268058144057485,4,1,835,0,0,0,0.0,0.24233269021044562,nan,0.0490255824133321
13.75,self+cam,table,0.09882791315889355,0.10002555691876484,0,0,,0,0.16422061760795803,0.04226282817530759,4,1,835,0,0,0,0.0,0.24276347073544483,nan,0.04916033116759322
13.8,self+cam,table,0.09894037531927942,0.10008107300359427,0,0,,0,0.1656416874738844,0.04270011424431208,4,1,835,0,0,0,0.0,0.23944566108054133,nan,0.048988255191210195
13.850000000000001,self+cam,table,0.09885779998354953,0.09976952925809449,0,0,,0,0.16392040997478524,0.04197801211262664,4,1,835,0,0,0,0.0,0.23972896872644658,nan,0.04859228973049401
13.9,self+cam,table,0.09842813604440365,0.10008872067339444,0,0,,0,0.16362756039253684,0.04150454060922211,4,1,835,0,0,0,0.0,0.2436445455815274,nan,0.04886468830006552
13.950000000000001,self+cam,table,0.0986601020897776,0.10010709257364538,0,0,,0,0.16522378007943256,0.04187661722979699,4,1,835,0,0,0,0.0,0.2399361936838004,nan,0.0488933338669868
14.0,self+cam,table,0.09876547632492853,0.10008800955832872,0,0,,0,0.16412743269801294,0.04245564649274487,4,1,835,0,0,0,0.0,0.24090313240586125,nan,0.048941357620299164
14.05,self+cam,table,0.09879158169394593,0.09984467310994569,0,0,,0,0.16415326505542704,0.04229089501055215,4,1,835,0,0,0,0.0,0.24010366706652317,nan,0.04858643468275914
14.100000000000001,self+cam,table,0.09852608765518885,0.1000955215937596,0,0,,0,0.16282835156950604,0.04134568474027296,4,1,835,0,0,0,0.0,0.24071335900653776,nan,0.04893686814419784
14.15,self+cam,table,0.09882985557423746,0.10026103167217756,0,0,,0,0.16435379621263269,0.04187147882468341,4,1,835,0,0,0,0.0,0.2413563825600822,nan,0.0492651076842574
14.200000000000001,self+cam,table,0.0991205867745949,0.10015234257305601,0,0,,0,0.1657635570328757,0.04296530210164422,4,1,835,0,0,0,0.0,0.23787554553148835,nan,0.048853598079609095
14.25,self+cam,table,0.09880272998102967,0.09997291153250938,0,0,,0,0.1629538989444172,0.04094608260279191,4,1,835,0,0,0,0.0,0.24137581006295572,nan,0.0494784062602186
14.3,self+cam,table,0.09936948467794346,0.10018670772530869,0,0,,0,0.1643882915529038,0.042197161626105456,4,1,835,0,0,0,0.0,0.24205521605996175,nan,0.049807799790757445
14.350000000000001,self+cam,table,0.09965771742832741,0.10024323778891901,0,0,,0,0.16578867200252512,0.04328999715453953,4,1,835,0,0,0,0.0,0.2431759319367439,nan,0.04984655055797471
14.4,self+cam,table,0.0996768168885727,0.09989358009492769,0,0,,0,0.1640831349140685,0.0420194924121724,4,1,835,0,0,0,0.0,0.23938999437256908,nan,0.04966863560202106
14.450000000000001,self+cam,table,0.09950810621114173,0.10022246211396511,0,0,,0,0.1644695629379525,0.042340861935101615,4,1,835,0,0,0,0.0,0.24307631806886856,nan,0.04998244414051056
14.5,self+cam,table,0.0997795927517102,0.10030276861430239,0,0,,0,0.16589156195052263,0.04341569992013021,4,1,835,0,0,0,0.0,0.24388481887492175,nan,0.05000484439869035
14.55,self+cam,table,0.09978159581976419,0.10027285934217924,0,0,,0,0.16638690693819191,0.04308146454042737,4,1,835,0,0,0,0.0,0.24061052463776333,nan,0.049826097252449575
14.600000000000001,self+cam,table,0.09962216928598036,0.0999972363001998,0,0,,0,0.16426732703426639,0.04240728596287374,4,1,835,0,0,0,0.0,0.24126887351883328,nan,0.050119978081846095
14.65,self+cam,table,0.0998739585705512,0.10022072726364843,0,0,,0,0.16465032270307106,0.04299706301980516,4,1,835,0,0,0,0.0,0.24054460402984512,nan,0.05001765467517438
14.700000000000001,self+cam,table,0.09983762888541925,0.10030018758501888,0,0,,0,0.16495354709824467,0.04309559723250911,4,1,835,0,0,0,0.0,0.24117167033457002,nan,0.05016550827179189
14.75,self+cam,table,0.09994792477089844,0.10015415479358741,0,0,,0,0.1663331912356154,0.04310839497269903,4,1,835,0,0,0,0.0,0.2376966324321839,nan,0.04974464604257822
14.8,self+cam,table,0.09961276762161511,0.09999964116219327,0,0,,0,0.16355068437276038,0.04196868887219832,4,1,835,0,0,0,0.0,0.24085457304179073,nan,0.05021662811482508
14.850000000000001,self+cam,table,0.1000409442420458,0.10014995153228078,0,0,,0,0.16484888377099044,0.04308153216419544,4,1,835,0,0,0,0.0,0.24107949538404927,nan,0.05041811253714912
14.9,self+cam,table,0.1002137782896325,0.1001506331335895,0,0,,0,0.16610597077769024,0.04004023267367054,5,1,836,0,0,0,0.0,0.24186464971450858,nan,0.050148457633221066
14.950000000000001,self+cam,table,0.09991187709313501,0.09986928878124887,0,0,,0,0.16408667342457645,0.04220868461787011,5,1,836,0,0,0,0.0,0.24247490681656764,nan,0.05039221280159112
15.0,self+cam,table,0.1001228391752969,0.10005280958433715,0,0,,0,0.1622388272636786,0.04263879698743307,5,1,836,0,0,0,0.0,0.2420658360318604,nan,0.05042512933424248
0.05,full,table,0.12083699429047365,0.12083699537600488,0,0,free,0,0.05676101943747254,0.16504642260436408,5,1,752,0,0,0,0.0,0.25,nan,0.18563083846003303
0.1,full,table,0.10617293810528618,0.10617294374741847,0,0,free,0,0.06025353012509212,0.15400534883386005,6,1,752,0,0,0,0.0,0.25,nan,0.16215657311715448
0.15000000000000002,full,table,0.09648608617131847,0.0933872817157322,0,0,free,0,0.06307803130361635,0.1424273875218916,6,1,752,0,0,0,0.0,0.25,nan,0.14087361929129727
0.2,full,table,0.08842958270703302,0.08222831911729624,0,0,free,0,0.06554846405353494,0.13093920526164515,6,1,801,0,0,0,0.0,0.25,nan,0.12160620241524167
0.25,full,table,0.0818171554994487,0.07248253432598126,0,0,free,0,0.06770116017197124,0.11879943126545543,6,1,801,0,0,0,0.0,0.25,nan,0.11195586071245178
0.30000000000000004,full,table,0.07635063694934266,0.06831115023495146,0,0,free,0,0.06955357158823126,0.1095613033328625,6,1,801,0,0,0,0.0,0.25,nan,0.10406690624249304
0.35000000000000003,full,table,0.07245396037231633,0.06571275914746084,0,0,free,0,0.0713151247190318,0.10168526784264754,6,1,811,0,0,0,0.0,0.25,nan,0.09713490408196845
0.4,full,table,0.06937949256416866,0.06375450223734944,0,0,free,0,0.07261498515556646,0.09485873647890479,6,1,811,0,0,0,0.0,0.25,nan,0.09086685097163116
0.45,full,table,0.06699599276741114,0.06233122662453036,0,0,free,0,0.0738503462231193,0.08869384495279754,6,1,811,0,0,0,0.0,0.25,nan,0.0855631449083546
0.5,full,table,0.06518955524991982,0.06143296805145655,0,0,free,0,0.0756538721958971,0.08369483362357123,6,1,816,0,0,0,0.0,0.25,nan,0.08099521317166203
0.55,full,table,0.0635958941659215,0.06100746117465691,0,0,free,0,0.07743104701002422,0.07920259614750381,6,1,816,0,0,0,0.0,0.25,nan,0.0770673096120047
0.6000000000000001,full,table,0.06292983169440765,0.06093153973870077,0,0,free,0,0.0791902064960129,0.07530472791883715,6,1,816,0,0,0,0.0,0.25,nan,0.07369003983280065
0.65,full,table,0.0626339451708731,0.0611428384346578,0,0,free,0,0.08088964536858005,0.07198205940066073,6,1,816,0,0,0,0.0,0.25,nan,0.07078088592053822
0.7000000000000001,full,table,0.06268596857900098,0.06163939102550095,0,0,free,0,0.08263265255941536,0.069040937935239,6,1,816,0,0,0,0.0,0.25,nan,0.06827631972676518
0.75,full,table,0.06298796855990182,0.062316388478884016,0,0,free,0,0.0843582964872636,0.06649311195560233,6,1,816,0,0,0,0.0,0.25,nan,0.06611403207423538
0.8,full,table,0.06349247121771139,0.06313510595209554,0,0,free,0,0.08606992766516706,0.06455412344851,6,1,817,0,0,0,0.0,0.25,nan,0.06423119679888156
0.8500000000000001,full,table,0.06418583567100368,0.06405755616019315,0,0,free,0,0.08790568284780108,0.06260417676563881,6,1,817,0,0,0,0.0,0.25,nan,0.06260331483891846
0.9,full,table,0.06499925150297421,0.06506585825290748,0,0,free,0,0.08972150962173613,0.06091819890608989,6,1,817,0,0,0,0.0,0.2499047342983556,nan,0.061185277505816815
0.9500000000000001,full,table,0.06590407040427095,0.06613648237135823,0,0,free,0,0.09151589144869003,0.05958556802966883,6,1,817,0,0,0,0.0,0.2490688069031822,nan,0.05984777021444976
1.0,full,table,0.06687567409072487,0.06723586772036859,0,0,free,0,0.09328824152346042,0.058323842056097086,6,1,817,0,0,0,0.0,0.24833931403726414,nan,0.058620611350173824
1.05,full,table,0.06789253819646923,0.06835330252585728,0,0,free,0,0.09503333856381306,0.05724093355861744,6,1,817,0,0,0,0.0,0.24770944452521193,nan,0.057461280509406354
1.1,full,table,0.06893524232656612,0.06947193824623299,0,0,free,0,0.0967429935338202,0.0563149261928441,6,1,817,0,0,0,0.0,0.24722808873821353,nan,0.056326153977337534
1.1500000000000001,full,table,0.07004766443653689,0.07057486353686433,0,0,free,0,0.09840753714421328,0.05552710606498085,6,1,817,0,0,0,0.0,0.24683718942860577,nan,0.05516872290661179
1.2000000000000002,full,table,0.07116116435707408,0.07164366649546378,0,0,free,0,0.1000156664897545,0.053981253501612134,6,1,817,0,0,0,0.0,0.24642217445896586,nan,0.05469246938557737
1.25,full,table,0.07226087520607354,0.07255131126752616,0,0,free,0,0.10194443195936596,0.0535629414378066,6,1,817,0,0,0,0.0,0.24653788086998032,nan,0.05426586548773982
1.3,full,table,0.07309212244428007,0.07346539686153257,0,0,free,0,0.10387992138053002,0.053088259287907946,6,1,817,0,0,0,0.0,0.24673870148579774,nan,0.053910281591046494
1.35,full,table,0.07395262489935156,0.07438886132120458,0,0,free,0,0.10575137902853109,0.05267598455801832,6,1,817,0,0,0,0.0,0.24702780313610728,nan,0.053614830365296795
1.4000000000000001,full,table,0.07483049246328131,0.07531239389679864,0,0,free,0,0.10756342573542436,0.05191994142193948,6,1,817,0,0,0,0.0,0.24716945017564088,nan,0.053475326846888493
1.4500000000000002,full,table,0.07571608223561177,0.07632051635093401,0,0,free,0,0.1093199976047685,0.05165879656876997,6,1,817,0,0,0,0.0,0.2473695123525883,nan,0.053374288702646044
1.5,full,table,0.07660156687616126,0.0773124441538559,0,0,free,0,0.11094729255848455,0.05143322092676751,6,1,817,0,0,0,0.0,0.24758654994797927,nan,0.05330398187421326
1.55,full,table,0.07748054396735803,0.07828512726616144,0,0,free,0,0.11252173916241691,0.0512389400570101,6,1,817,0,0,0,0.0,0.2479004730748642,nan,0.053210066408116985
1.6,full,table,0.07834767711367999,0.0792362009088557,0,0,free,0,0.11404416067626437,0.05107228886088633,6,1,817,0,0,0,0.0,0.2483176667620458,nan,0.053054162334552624
1.6500000000000001,full,table,0.07919835714027221,0.08016371241841223,0,0,free,0,0.11551465433311524,0.0509301482226429,6,1,817,0,0,0,0.0,0.24884578768988863,nan,0.05291560049651911
1.7000000000000002,full,table,0.08002836946010346,0.08106584829156716,0,0,free,0,0.11693283914628642,0.05080989410677712,6,1,817,0,0,0,0.0,0.24949380766027876,nan,0.05278344241044053
1.75,full,table,0.08083355148371447,0.08194064332343422,0,0,free,0,0.11829780935318333,0.050709358667137314,6,1,817,0,0,0,0.0,0.25,nan,0.05264567722801461
1.8,full,table,0.08160942071131506,0.0827856499958474,0,0,free,0,0.11960805513784188,0.05062680364995946,6,1,817,0,0,0,0.0,0.25,nan,0.052488696725665696
1.85,full,table,0.08235075087345253,0.08359754039114874,0,0,free,0,0.12086135952417319,0.05032504719154615,6,1,817,0,0,0,0.0,0.25,nan,0.05250727878957606
1.9000000000000001,full,table,0.08318770341625892,0.08437160571019761,0,0,free,0,0.12205464863571162,0.05029375744240093,6,1,817,0,0,0,0.0,0.25,nan,0.052496147823530626
1.9500000000000002,full,table,0.08398947531017888,0.08510110835162374,0,0,free,0,0.12318379666218836,0.05024446331126954,6,1,817,0,0,0,0.0,0.25,nan,0.052279509436406024
2.0,full,table,0.08475232289897673,0.08529433515836571,0,0,free,0,0.12263425908269597,0.049468247709671176,6,1,817,0,0,0,0.0,0.25,nan,0.052194930101065795
2.0500000000000003,full,table,0.0854705043239809,0.08611376692700146,0,0,free,0,0.12365402783754374,0.04958572667048511,6,1,817,0,0,0,0.0,0.25,nan,0.05198645124161738
2.1,full,table,0.08613549562514303,0.08685660666311752,0,0,free,0,0.12457276062526006,0.04927385974948141,6,1,817,0,0,0,0.0,0.25,nan,0.05168400316072419
2.15,full,table,0.08673495352470428,0.08692297141005642,0,0,free,0,0.12447967803462394,0.04887865051141814,6,1,817,0,0,0,0.0,0.25,nan,0.051503504281902646
2.2,full,table,0.08735617820199863,0.08768381988456378,0,0,free,0,0.12527713186969114,0.048631132274033415,6,1,817,0,0,0,0.0,0.24608359539986036,nan,0.05073444019152051
2.25,full,table,0.08722560140090499,0.08780801971527205,0,0,free,0,0.1250575819506286,0.048233787694375696,6,1,817,0,0,0,0.0,0.24675907403204492,nan,0.05083537914911451
2.3000000000000003,full,table,0.08762507943783071,0.0885492728420894,0,0,free,0,0.1256757143988323,0.04779170006640704,6,1,817,0,0,0,0.0,0.24779720746491007,nan,0.050681428107870574
2.35,full,table,0.08779906939347118,0.08885419541734786,0,0,free,0,0.1271515739301583,0.048075740215645396,6,1,817,0,0,0,0.0,0.24618997171706322,nan,0.050256328611215095
2.4000000000000004,full,table,0.08827867062794446,0.08899561777488348,0,0,free,0,0.1267409605293257,0.047442398747770884,6,1,817,0,0,0,0.0,0.24389424924961747,nan,0.05003002816227686
2.45,full,table,0.08818055046506747,0.08934404851817701,0,0,free,0,0.12812358828780812,0.047541697534979166,6,1,818,0,0,0,0.0,0.2453487117292177,nan,0.05012194617959631
2.5,full,table,0.08861081459929393,0.09002642764296268,0,0,free,0,0.12866926703260373,0.046955418101993815,6,1,818,0,0,0,0.0,0.24672721216111587,nan,0.05011838286565096
2.5500000000000003,full,table,0.08895205004762154,0.0904735917629586,0,0,free,0,0.13000877193200616,0.04737936565568432,6,1,818,0,0,0,0.0,0.24458111848361225,nan,0.049866843702569996
2.6,full,table,0.08884146492700258,0.09083846914935358,0,0,free,0,0.13129626169840825,0.04738632981078693,6,1,819,0,0,0,0.0,0.24601480374019374,nan,0.0499642432694577
2.6500000000000004,full,table,0.08923530635630895,0.09112655952367682,0,0,free,0,0.13253556626302287,0.047681695743857264,6,1,819,0,0,0,0.0,0.24457822490074116,nan,0.04960369656563601
2.7,full,table,0.08957202345428059,0.09118346814558181,0,0,free,0,0.13186975605707163,0.046536272230466386,6,1,819,0,0,0,0.0,0.24237087292696458,nan,0.049553877285080095
2.75,full,table,0.0896602393764764,0.09152269873830227,0,0,free,0,0.13304021351584588,0.046397707756184445,6,1,820,0,0,0,0.0,0.24402040691297552,nan,0.04981278462656902
2.8000000000000003,full,table,0.09018989580678466,0.09198651657245087,0,0,free,0,0.1333856316469339,0.04678553701518552,6,1,820,0,0,0,0.0,0.24560315720453077,nan,0.04995157654869242
2.85,full,table,0.09060736431792883,0.09244855315424616,0,0,free,0,0.1345382684355962,0.04678510803481212,6,1,820,0,0,0,0.0,0.24354429743533246,nan,0.04987955372758157
2.9000000000000004,full,table,0.0906620239646236,0.0928270220571049,0,0,free,0,0.13565123478732466,0.0466467437469448,6,1,821,0,0,0,0.0,0.2451772996974045,nan,0.05009610023311961
2.95,full,table,0.09111196692528196,0.09312817433850167,0,0,free,0,0.1367286564242136,0.04711493897849156,6,1,821,0,0,0,0.0,0.2469249811376271,nan,0.05019450547917781
3.0,full,table,0.09145337852228363,0.09335717105745243,0,0,free,0,0.13777418320880686,0.04688743724138622,6,1,821,0,0,0,0.0,0.24191083772503474,nan,0.05013084114765454
3.0500000000000003,full,table,0.09149814694479773,0.09335808738677061,0,0,free,0,0.1369031868632869,0.046843070562125874,6,1,823,0,0,0,0.0,0.24353681248415987,nan,0.05030819348967319
3.1,full,table,0.09187714573980321,0.09365802453952347,0,0,free,0,0.13790547718178758,0.04718004804479446,6,1,823,0,0,0,0.0,0.24171016236927173,nan,0.050132706533479676
3.1500000000000004,full,table,0.09184302989272132,0.09383732102182511,0,0,free,0,0.13804080967749277,0.04652939253409001,6,1,823,0,0,0,0.0,0.24338842322350418,nan,0.05040045854300035
3.2,full,table,0.09227281258290253,0.09429489309866375,0,0,free,0,0.1390507078379113,0.0470105332946479,6,1,823,0,0,0,0.0,0.24517835926930362,nan,0.05055404236503891
3.25,full,table,0.09259861205876362,0.09467066952104702,0,0,free,0,0.14003336719003273,0.047284237564606535,6,1,823,0,0,0,0.0,0.2433032674941607,nan,0.050380719068878754
3.3000000000000003,full,table,0.09254943224912136,0.09497046700531141,0,0,free,0,0.14015702236759364,0.04667252799336799,6,1,823,0,0,0,0.0,0.24198651381101452,nan,0.050627729986871706
3.35,full,table,0.09293321918241527,0.09500185486126018,0,0,free,0,0.1399520186573585,0.04713556043154438,6,1,824,0,0,0,0.0,0.24375741517836988,nan,0.050760532489276144
3.4000000000000004,full,table,0.09321522354809894,0.09538983380203189,0,0,free,0,0.14087412278988054,0.04730141386441049,6,1,824,0,0,0,0.0,0.2418394675608298,nan,0.05060928977136092
3.45,full,table,0.09317084511898034,0.09570711052291403,0,0,free,0,0.14169285903680467,0.04679342911105032,6,1,824,0,0,0,0.0,0.24365390593159852,nan,0.05083537774815272
3.5,full,table,0.09351498023469741,0.09595883665683315,0,0,free,0,0.14264968977455683,0.04724200521077419,6,1,827,0,0,0,0.0,0.24545359801294972,nan,0.0509452655050906
3.5500000000000003,full,table,0.09375799830126161,0.09616426069789147,0,0,free,0,0.1434564355330062,0.0472372487596108,6,1,827,0,0,0,0.0,0.24052813963061193,nan,0.05083781700432277
3.6,full,table,0.09373997798051298,0.09607163960693994,0,0,free,0,0.14231902933717744,0.04691447945500547,6,1,827,0,0,0,0.0,0.24218380044245777,nan,0.05103733376106423
3.6500000000000004,full,table,0.09404599519730819,0.09638135236245886,0,0,free,0,0.14309060460731526,0.04734955649680872,6,1,827,0,0,0,0.0,0.24407845302676337,nan,0.05111632675991873
3.7,full,table,0.09424984092576881,0.09662407183525623,0,0,free,0,0.14389935722103142,0.04708628527403491,6,1,827,0,0,0,0.0,0.24224682198779013,nan,0.05107852115444311
3.75,full,table,0.09428347975259914,0.0968112833607274,0,0,free,0,0.14446673417924322,0.0470569638998406,6,1,827,0,0,0,0.0,0.24417121676925635,nan,0.051238688389360965
3.8000000000000003,full,table,0.09454702099104459,0.09694620466654658,0,0,free,0,0.1454709986718815,0.0472493016937237,6,1,828,0,0,0,0.0,0.24218019963932425,nan,0.05112558283538782
3.85,full,table,0.09453918612241262,0.09704693594332425,0,0,free,0,0.14463781128203163,0.04674618041082232,6,1,828,0,0,0,0.0,0.24101897422312446,nan,0.05137589116194652
3.9000000000000004,full,table,0.09487391172599687,0.09687931235458123,0,0,free,0,0.14497921896704452,0.04720520877637174,6,1,828,0,0,0,0.0,0.24279000836709613,nan,0.051500827136010785
3.95,full,table,0.09510484975624911,0.09710040761076381,0,0,free,0,0.14567182975262777,0.04712200354088633,6,1,828,0,0,0,0.0,0.24087039537622373,nan,0.05145725488791586
4.0,full,table,0.095155213783767,0.09726181282393345,0,0,free,0,0.14579309183729305,0.04692109280354742,6,1,828,0,0,0,0.0,0.24280305645827302,nan,0.05166371441933837
4.05,full,table,0.09545501528827983,0.09737462241456199,0,0,free,0,0.14680367185443766,0.04729321180270242,6,1,828,0,0,0,0.0,0.24090758150381114,nan,0.05154010186667024
4.1000000000000005,full,table,0.0954660857207944,0.09744105297214543,0,0,free,0,0.1457961669935045,0.04648448002875091,6,1,830,0,0,0,0.0,0.2397360439936254,nan,0.05185181370548708
4.15,full,table,0.09588673545220004,0.09721721804430207,0,0,free,0,0.1465683931531787,0.046995032001763054,6,1,830,0,0,0,0.0,0.24151772111309974,nan,0.05200455187736819
4.2,full,table,0.09619188581611253,0.0974264223607326,0,0,free,0,0.14720654156648444,0.047047498658730896,6,1,830,0,0,0,0.0,0.23940354363198996,nan,0.05196941388017473
4.25,full,table,0.09631210432189784,0.09758707715637263,0,0,free,0,0.14640963104543225,0.04676322093912427,6,1,830,0,0,0,0.0,0.2411894908743722,nan,0.052193735043228884
4.3,full,table,0.09667487725485091,0.09770297494400898,0,0,free,0,0.14772641938808506,0.0472269722293915,6,1,830,0,0,0,0.0,0.24311003433224745,nan,0.05225964780502157
4.3500000000000005,full,table,0.09691655098601006,0.09777715875953111,0,0,free,0,0.14903278832548333,0.04681221474084421,6,1,830,0,0,0,0.0,0.24112117534044072,nan,0.05230122147462557
4.4,full,table,0.09713733550944809,0.09781198598463552,0,0,free,0,0.14807130295446613,0.04703357355820835,6,1,831,0,0,0,0.0,0.24310711977719807,nan,0.052387749896098734
4.45,full,table,0.09742803774579244,0.09780917884747702,0,0,free,0,0.1494104423113667,0.04693202230555328,5,1,831,0,0,0,0.0,0.23811714189351643,nan,0.05232811775695212
4.5,full,table,0.09762470294417097,0.09751966405656702,0,0,free,0,0.1483074758226604,0.04683724603383567,6,1,831,0,0,0,0.0,0.23996916439174215,nan,0.052407559274613935
4.55,full,table,0.09795808803348624,0.09765157129299795,0,0,free,0,0.14944801158497129,0.04709729837098686,6,1,831,0,0,0,0.0,0.23785231442068652,nan,0.052184743042647974
4.6000000000000005,full,table,0.09809402425938857,0.09773982489859954,0,0,free,0,0.148335228865681,0.04663763092760169,5,1,831,0,0,0,0.0,0.2397272249742446,nan,0.0522013949196396
4.65,full,table,0.09844626854199966,0.09778749032917482,0,0,free,0,0.14946420133792188,0.04715512688646148,5,1,831,0,0,0,0.0,0.2417570598190011,nan,0.05195031432074504
4.7,full,table,0.0986090006746696,0.0973549141512863,0,0,free,0,0.15011362612899326,0.04693659906693107,4,1,831,0,0,0,0.0,0.23997767310886348,nan,0.0515113652925655
4.75,full,table,0.0986900508341842,0.09766104224406695,0,0,free,0,0.14903481382326628,0.04618654145503623,5,1,831,0,0,0,0.0,0.24201112598502506,nan,0.05123553963591021
4.800000000000001,full,table,0.09822904358285656,0.09790475538179282,0,0,free,0,0.150902473298132,0.046356933105310055,4,1,831,0,0,0,0.0,0.24025460742902865,nan,0.05074074177594623
4.8500000000000005,full,table,0.09826920999940983,0.09808929514645993,0,0,free,0,0.14919671066287232,0.04476767798781778,5,1,831,0,0,0,0.0,0.2423201741606695,nan,0.050783426770785844
4.9,full,table,0.0981574542472633,0.09831244429251987,0,0,free,0,0.15105546047924479,0.04554008217591447,4,1,831,0,0,0,0.0,0.2415314397224209,nan,0.05056008592419314
4.95,full,table,0.09782558583231929,0.09825605597340503,0,0,free,0,0.15124155000097889,0.04514309149868266,4,1,831,0,0,0,0.0,0.23946812889175662,nan,0.05030097184128457
5.0,full,table,0.09799401630482703,0.0986003042995295,0,0,free,0,0.15114949836352715,0.04453096047933655,4,1,831,0,0,0,0.0,0.24169944238727517,nan,0.05028867805505455
5.050000000000001,full,table,0.09786709310085097,0.09883555275984385,0,0,free,0,0.15232652488394027,0.04510219168284109,4,1,831,0,0,0,0.0,0.239792371742565,nan,0.04988103296333579
5.1000000000000005,full,table,0.09792157539330734,0.0990223964880116,0,0,free,0,0.15115343445509744,0.04351581447559735,4,1,831,0,0,0,0.0,0.24208865696185644,nan,0.05010305363663081
5.15,full,table,0.09802203487154693,0.09916220324358457,0,0,free,0,0.15293426425719664,0.04444747738475041,4,1,831,0,0,0,0.0,0.24418849949728774,nan,0.05004348538100689
5.2,full,table,0.09787895500104282,0.09940176871045152,0,0,free,0,0.15386408929665146,0.04442748384140782,4,1,831,0,0,0,0.0,0.24209277864681047,nan,0.04978985393201518
5.25,full,table,0.09800034617870203,0.09960552810023386,0,0,free,0,0.1528320558959092,0.04352877402289562,4,1,831,0,0,0,0.0,0.24153545990614114,nan,0.04995168744019729
5.300000000000001,full,table,0.09806743291032405,0.09957898901641546,0,0,free,0,0.1528163380347453,0.04463443937951034,4,1,831,0,0,0,0.0,0.24379411152166577,nan,0.04974955934112124
5.3500000000000005,full,table,0.0977949433885857,0.09984116550258579,0,0,free,0,0.15329799584975223,0.043723857298466534,4,1,831,0,0,0,0.0,0.2419570604354329,nan,0.04967248372305244
5.4,full,table,0.0980073361199032,0.10006016410624431,0,0,free,0,0.1537754883289541,0.0437748336467797,4,1,831,0,0,0,0.0,0.24432713704601577,nan,0.04967563583524226
5.45,full,table,0.09792628769534137,0.10023483545778651,0,0,free,0,0.1542513431665593,0.043946291835379486,4,1,831,0,0,0,0.0,0.24234425632299508,nan,0.049402866949793456
5.5,full,table,0.09799412674365748,0.10045735862458392,0,0,free,0,0.1539724369971358,0.042767694111036036,4,1,831,0,0,0,0.0,0.24169136938952318,nan,0.04968165373553968
5.550000000000001,full,table,0.0981741715350361,0.10046852744155597,0,0,free,0,0.1530592414160996,0.043795558767286136,4,1,831,0,0,0,0.0,0.2438098727667231,nan,0.04967126390836485
5.6000000000000005,full,table,0.0980976198732018,0.10081809065317654,0,0,free,0,0.1533435509783972,0.04367062260941873,4,1,832,0,0,0,0.0,0.24199226494304668,nan,0.04948431915716778
5.65,full,table,0.09818611153757974,0.10106849030017559,0,0,free,0,0.15360925215382754,0.04295148547836326,4,1,832,0,0,0,0.0,0.24437507438143413,nan,0.049699788197972716
5.7,full,table,0.09831969828027622,0.10125483058500939,0,0,free,0,0.15384382671325098,0.04395562530828359,4,1,832,0,0,0,0.0,0.24698260078884723,nan,0.04962791856989668
5.75,full,table,0.0981978476970634,0.10135985844939051,0,0,free,0,0.1541867006997753,0.043378446573946766,4,1,833,0,0,0,0.0,0.24494657785696416,nan,0.049534278374318674
5.800000000000001,full,table,0.09832018964637242,0.10158944488021424,0,0,free,0,0.1546841755924862,0.0431489580371725,4,1,833,0,0,0,0.0,0.2472344234893009,nan,0.04968053694895447
5.8500000000000005,full,table,0.09839880979983259,0.10172702856389264,0,0,free,0,0.15514303988991468,0.043855803669934204,4,1,833,0,0,0,0.0,0.2453251377120252,nan,0.04931758831179023
5.9,full,table,0.09832426898573567,0.10174476961732874,0,0,free,0,0.15528022193653035,0.043289229531894916,4,1,833,0,0,0,0.0,0.2474766837369845,nan,0.04917160976341284
5.95,full,table,0.09843464872417064,0.101087175084223,0,0,free,0,0.15560989372648892,0.04249353848264541,4,1,833,0,0,0,0.0,0.24331599589832006,nan,0.0490893490309644
6.0,full,table,0.098491800161205,0.10090797017830848,0,0,free,0,0.1545314550340986,0.04203399089777031,4,1,833,0,0,0,0.0,0.24594275616827885,nan,0.04932511889173119
6.050000000000001,full,table,0.09859149800662828,0.10053427573592566,0,0,free,0,0.15639582060395696,0.04317871766207375,4,1,833,0,0,0,0.0,0.24874963703958006,nan,0.049214995078734614
6.1000000000000005,full,table,0.09839209062739948,0.10057598322931997,0,0,free,0,0.15719930684464917,0.0430436666179015,4,1,833,0,0,0,0.0,0.2489087452624843,nan,0.04912103294945791
6.15,full,table,0.09845713534965259,0.09967789516617633,0,0,free,0,0.15779627492933368,0.042031869030529176,4,1,833,0,0,0,0.0,0.24715189607674465,nan,0.0492151423730679
6.2,full,table,0.09861950255780622,0.09977549749946861,0,0,free,0,0.15708706890696228,0.04216995634704422,4,1,833,0,0,0,0.0,0.24777390409768507,nan,0.04949060114579318
6.25,full,table,0.09881879433242041,0.09901371237321197,0,0,free,0,0.1584564343461689,0.04327637279032033,4,1,833,0,0,0,0.0,0.2461688547109694,nan,0.04920652336875053
6.300000000000001,full,table,0.09864918883506679,0.09911178678155956,0,0,free,0,0.15767099701259468,0.042700682418091954,4,1,833,0,0,0,0.0,0.2467759546691459,nan,0.04932343677197615
6.3500000000000005,full,table,0.098706297501603,0.09847220449967412,0,0,free,0,0.15919052100582026,0.04316875625022176,4,1,833,0,0,0,0.0,0.2477834809570054,nan,0.04937651961166878
6.4,full,table,0.09872869801219826,0.09878866414564116,0,0,free,0,0.15806226630703912,0.043136780162503094,4,1,833,0,0,0,0.0,0.24373856290747759,nan,0.049127489774314914
6.45,full,table,0.0986020298691726,0.09832629058165204,0,0,free,0,0.1581815625659444,0.04225943826211338,4,1,833,0,0,0,0.0,0.2445807974341172,nan,0.049437056281763314
6.5,full,table,0.09886022906307979,0.09859378080932298,0,0,free,0,0.1575021844869956,0.04334734214882836,4,1,833,0,0,0,0.0,0.2449693578254743,nan,0.04945830454789102
6.550000000000001,full,table,0.098854737821595,0.09831491877296714,0,0,free,0,0.15817115432424933,0.04321299262506989,4,1,833,0,0,0,0.0,0.2413323550016053,nan,0.049202161365640706
6.6000000000000005,full,table,0.09870678824641269,0.0984846654499493,0,0,free,0,0.15680050755596736,0.04241018416680954,4,1,833,0,0,0,0.0,0.2415258430638478,nan,0.04948063092845989
6.65,full,table,0.09893795211539573,0.09840040388173758,0,0,free,0,0.15744375491308538,0.04346082517642186,4,1,833,0,0,0,0.0,0.2446007594239927,nan,0.04918302967795496
6.7,full,table,0.09869150994511297,0.09835576261711197,0,0,free,0,0.15907832433171676,0.04210080591401319,4,1,833,0,0,0,0.0,0.24559083810310733,nan,0.049522211263671956
6.75,full,table,0.0989861045663314,0.09845846580758186,0,0,free,0,0.15774984157339633,0.04240217629137781,4,1,833,0,0,0,0.0,0.24168606853579688,nan,0.04931807050920167
6.800000000000001,full,table,0.09884455249485506,0.09849769376628209,0,0,free,0,0.15840031502164592,0.04275864309932775,4,1,833,0,0,0,0.0,0.24501301082815055,nan,0.04948983050004241
6.8500000000000005,full,table,0.09898091695240478,0.09849657733069371,0,0,free,0,0.160000514252767,0.043391955975737015,4,1,833,0,0,0,0.0,0.24152343658439465,nan,0.0491011525852898
6.9,full,table,0.0987313752192137,0.09850389063681066,0,0,free,0,0.15847082363081488,0.0417787336358183,4,1,833,0,0,0,0.0,0.24189220095942224,nan,0.04955399026872509
6.95,full,table,0.09912845136879073,0.0986694720377616,0,0,free,0,0.15929836600439412,0.04292419186705719,4,1,833,0,0,0,0.0,0.24227426613531403,nan,0.049719883604445236
7.0,full,table,0.09925910797210494,0.09854521028361424,0,0,free,0,0.15983980923713625,0.04339873594084369,4,1,833,0,0,0,0.0,0.2385974629021519,nan,0.04926506264387209
7.050000000000001,full,table,0.09894406160690562,0.09861898800630167,0,0,free,0,0.1580573794453516,0.041871268877225906,4,1,833,0,0,0,0.0,0.24182999538459643,nan,0.0497225323845093
7.1000000000000005,full,table,0.09934645401426623,0.0989073647701285,0,0,free,0,0.1597854337631528,0.04286519768152451,4,1,833,0,0,0,0.0,0.2421924120598447,nan,0.049585078862897314
7.15,full,table,0.0991883137913251,0.09888974439491142,0,0,free,0,0.16033523650655346,0.04352510815491181,4,1,833,0,0,0,0.0,0.24534972347256048,nan,0.04927503327179972
7.2,full,table,0.09888614588059953,0.09881923748615344,0,0,free,0,0.16076195694123252,0.042790281615521925,4,1,833,0,0,0,0.0,0.24190916928885406,nan,0.04908079214211081
7.25,full,table,0.09877050042434994,0.09884384064632562,0,0,free,0,0.15959156094562071,0.04243002152030925,4,1,833,0,0,0,0.0,0.24235574460248915,nan,0.04915167367087503
7.300000000000001,full,table,0.09880937261702594,0.09894200730028534,0,0,free,0,0.16094768865707393,0.042949476867247705,4,1,833,0,0,0,0.0,0.2456166083560961,nan,0.04894790798824056
7.3500000000000005,full,table,0.09863161117175132,0.09892742611628111,0,0,free,0,0.16049926143475618,0.042267591163859405,4,1,833,0,0,0,0.0,0.2422065241357893,nan,0.04883579044479591
7.4,full,table,0.09860462873637353,0.0988318301221694,0,0,free,0,0.15930116726879134,0.04196943476479484,4,1,833,0,0,0,0.0,0.24276281102489844,nan,0.04906955669960533
7.45,full,table,0.09879617110400798,0.09906400137035748,0,0,free,0,0.1607736684892948,0.04310672000875557,4,1,833,0,0,0,0.0,0.24333171567264497,nan,0.04898688025080489
7.5,full,table,0.0987024808419278,0.09901418583549604,0,0,free,0,0.16213732404669284,0.04276019949644504,4,1,833,0,0,0,0.0,0.2398265634687103,nan,0.04867088624141791
7.550000000000001,full,table,0.09847004195968584,0.09897464177849102,0,0,free,0,0.15953947376109545,0.04197431934756975,4,1,833,0,0,0,0.0,0.24018234169349006,nan,0.048872806183309914
7.6000000000000005,full,table,0.09863736204840493,0.09914860622693965,0,0,free,0,0.16087249268326986,0.042783110022424506,4,1,833,0,0,0,0.0,0.24384267793565875,nan,0.04860498142840142
7.65,full,table,0.09839154708908766,0.09914950946443753,0,0,free,0,0.16046871545856284,0.04170563073608061,4,1,833,0,0,0,0.0,0.2449392922135451,nan,0.048850075148221705
7.7,full,table,0.09860140334770748,0.09893942769532725,0,0,free,0,0.16078092481713213,0.04156259833627719,4,1,833,0,0,0,0.0,0.24552238622158024,nan,0.04922559192336007
7.75,full,table,0.09895575503745355,0.0993009436086817,0,0,free,0,0.16138992898035115,0.04247200626995855,4,1,833,0,0,0,0.0,0.24184346088389055,nan,0.04921003568779758
7.800000000000001,full,table,0.09894153379230755,0.09937304790122624,0,0,free,0,0.1618838328218456,0.042741860943159876,4,1,833,0,0,0,0.0,0.24518116459589445,nan,0.04938362632872273
7.8500000000000005,full,table,0.0991005449044215,0.09934501516478333,0,0,free,0,0.16337693663148134,0.04259028780658104,4,1,835,0,0,0,0.0,0.2419006279118195,nan,0.04930456872414324
7.9,full,table,0.09902701805093515,0.09922896229327907,0,0,free,0,0.1610628788918751,0.042130747535399526,4,1,835,0,0,0,0.0,0.24208614026674405,nan,0.049684044015445905
7.95,full,table,0.09937724277218155,0.09944123725249952,0,0,free,0,0.16208595249288416,0.043212721696688175,4,1,835,0,0,0,0.0,0.24544954408574046,nan,0.04954408015716605
8.0,full,table,0.09924109559906985,0.09948253875303045,0,0,free,0,0.1617916924291103,0.042448244629592666,4,1,835,0,0,0,0.0,0.24632237335369062,nan,0.049810791035414526
8.05,full,table,0.09947933761108718,0.09931810755031749,0,0,free,0,0.1632057160557635,0.0426299671353747,4,1,835,0,0,0,0.0,0.24317692431858282,nan,0.04987030687467753
8.1,full,table,0.09954432864078083,0.09932352452104339,0,0,free,0,0.16220080410031046,0.04287451067335557,4,1,835,0,0,0,0.0,0.24387655891258764,nan,0.04995697758792661
8.15,full,table,0.09960771997136579,0.09937508368903954,0,0,free,0,0.16282792993570672,0.0432340877957442,4,1,835,0,0,0,0.0,0.24064065895174244,nan,0.04973744850741724
8.200000000000001,full,table,0.09944368928601165,0.09919149280678981,0,0,free,0,0.16094962824679093,0.04189276123085606,4,1,835,0,0,0,0.0,0.24084934143282274,nan,0.05019909275812484
8.25,full,table,0.09986319746817038,0.09949053939109363,0,0,free,0,0.1614648370498571,0.04274474364898455,4,1,835,0,0,0,0.0,0.24412628662146024,nan,0.05039451653309268
8.3,full,table,0.10003082365871681,0.0996289941521074,0,0,free,0,0.16297671416326698,0.04345942827321575,4,1,835,0,0,0,0.0,0.24062166231882404,nan,0.05006138203182642
8.35,full,table,0.09977906305311214,0.09955548050199237,0,0,free,0,0.16084277568479022,0.04226483265688449,4,1,835,0,0,0,0.0,0.24117276436279614,nan,0.05053773376704851
8.4,full,table,0.1002093773753942,0.09945260311767869,0,0,free,0,0.16154601049568934,0.04250757186596932,4,1,835,0,0,0,0.0,0.24142169347986778,nan,0.050755566969593824
8.450000000000001,full,table,0.1003940787648004,0.09960723496990496,0,0,free,0,0.16199959677684994,0.043273560877854556,4,1,835,0,0,0,0.0,0.24082695531080942,nan,0.05029736960321829
8.5,full,table,0.10004586043696416,0.0995694047418346,0,0,free,0,0.16064712727160724,0.04228819482660193,4,1,835,0,0,0,0.0,0.2414005081157671,nan,0.05059405242881643
8.55,full,table,0.10051313216109117,0.09934817429828735,0,0,free,0,0.16162301449342314,0.04189755741429785,4,1,835,0,0,0,0.0,0.24167706489236235,nan,0.050880379674793974
8.6,full,table,0.1007398559965362,0.09965993635737419,0,0,free,0,0.16212900289800913,0.043050175179060804,4,1,835,0,0,0,0.0,0.2419529113619371,nan,0.05082046484043545
8.65,full,table,0.1007340570448945,0.09968089679192413,0,0,free,0,0.16251222434585288,0.0434148945578903,4,1,835,0,0,0,0.0,0.2385999331192883,nan,0.05047285725351147
8.700000000000001,full,table,0.10048899081342803,0.09945110225666579,0,0,free,0,0.16043096826303654,0.04175645799460467,4,1,835,0,0,0,0.0,0.24187309573641672,nan,0.05094297013622162
8.75,full,table,0.10074958801028698,0.09980307646666575,0,0,free,0,0.16200136107149377,0.042549283469822535,4,1,835,0,0,0,0.0,0.24222434701504747,nan,0.05105706008653699
8.8,full,table,0.10067195477179551,0.0999775122305138,0,0,free,0,0.16241167393121214,0.043011605541386125,4,1,835,0,0,0,0.0,0.24160818303593495,nan,0.0507438772542792
8.85,full,table,0.1004191189245466,0.10009163731705144,0,0,free,0,0.16164780023763697,0.04327380269470056,4,1,835,0,0,0,0.0,0.2423409097544182,nan,0.05084157874344364
8.9,full,table,0.10061629022562044,0.09973917969470393,0,0,free,0,0.16189269696645797,0.041891825821423756,4,1,835,0,0,0,0.0,0.24269059078436692,nan,0.05107558540075108
8.950000000000001,full,table,0.10067591702936567,0.10009521643546543,0,0,free,0,0.1623532765454565,0.04297371431177936,4,1,835,0,0,0,0.0,0.24229692189142243,nan,0.05073066107283364
9.0,full,table,0.10040618663842568,0.1001976741780827,0,0,free,0,0.1615830780374934,0.04291835583709769,4,1,835,0,0,0,0.0,0.24271478911861982,nan,0.05111183829868893
9.05,full,table,0.10073867975803141,0.10022532872889602,0,0,free,0,0.1628644526463935,0.043823675602086665,4,1,835,0,0,0,0.0,0.24370575449224838,nan,0.05098892335838556
9.1,full,table,0.10082904396224794,0.09989948586170365,0,0,free,0,0.16219341058785652,0.0421638510322305,4,1,835,0,0,0,0.0,0.24016616762737075,nan,0.05105092691419444
9.15,full,table,0.10068687831938637,0.10019870830139328,0,0,free,0,0.1626299845196103,0.04296161848764071,4,1,835,0,0,0,0.0,0.24365597116236073,nan,0.05103967889557537
9.200000000000001,full,table,0.10064486141207993,0.10033847086435552,0,0,free,0,0.16406889379193956,0.04365249778270082,4,1,835,0,0,0,0.0,0.24015316822399338,nan,0.05078036008667042
9.25,full,table,0.10042901460557657,0.10028330358526238,0,0,free,0,0.16187840466343245,0.04341054666620742,4,1,835,0,0,0,0.0,0.2407504837463575,nan,0.051021646010591226
9.3,full,table,0.10062940313457072,0.1000230129822734,0,0,free,0,0.16244719289610937,0.04255247876995587,4,1,835,0,0,0,0.0,0.24100228099817975,nan,0.05101592157612822
9.35,full,table,0.10059868387841435,0.10022336047525107,0,0,free,0,0.1628408563590223,0.043291402871770635,4,1,835,0,0,0,0.0,0.2403950216637042,nan,0.05071962633536142
9.4,full,table,0.10036260606090495,0.10023428243045536,0,0,free,0,0.16176282013853832,0.04328998474516707,4,1,835,0,0,0,0.0,0.24102001704269074,nan,0.05087379662393243
9.450000000000001,full,table,0.10059199543393418,0.09983015586817742,0,0,free,0,0.162215332513942,0.041776218884689506,4,1,835,0,0,0,0.0,0.24128632871317807,nan,0.05101622307161502
9.5,full,table,0.10058965313869993,0.10022720889235309,0,0,free,0,0.16266352351120028,0.04293849907003776,4,1,835,0,0,0,0.0,0.2375432709247466,nan,0.05066805054638068
9.55,full,table,0.10031945150201771,0.10033719654053248,0,0,free,0,0.1616203001787173,0.04332905986443891,4,1,835,0,0,0,0.0,0.24072328951769328,nan,0.05087253754072507
9.600000000000001,full,table,0.10048132249425379,0.1003524313804459,0,0,free,0,0.16290662270591483,0.04377966811003879,4,1,835,0,0,0,0.0,0.2414122994591918,nan,0.05082033517329709
9.65,full,table,0.10040554121088702,0.10001577857256874,0,0,free,0,0.16237655541367524,0.04222486677806389,4,1,835,0,0,0,0.0,0.23760866475694484,nan,0.050460268672756325
9.700000000000001,full,table,0.10012970190415642,0.1002965358480143,0,0,free,0,0.16155045403792612,0.04313102126207631,4,1,835,0,0,0,0.0,0.24095867604828522,nan,0.05069448687749112
9.75,full,table,0.10032238973829381,0.10032472068303233,0,0,free,0,0.1628295257289018,0.043563080396710044,4,1,835,0,0,0,0.0,0.24122899348306737,nan,0.05066945849724103
9.8,full,table,0.10027479100690187,0.10027080797284704,0,0,free,0,0.16405578567850998,0.043474088122566756,4,1,835,0,0,0,0.0,0.24208774499751018,nan,0.050498478181207895
9.850000000000001,full,table,0.10004906452364933,0.10001370989237619,0,0,free,0,0.16254040217127186,0.042322197724226795,4,1,835,0,0,0,0.0,0.24144151652796278,nan,0.050358584875266454
9.9,full,table,0.09997639187714974,0.10029297421825319,0,0,free,0,0.1625948159309164,0.042918720614279815,4,1,835,0,0,0,0.0,0.24177278748808448,nan,0.05044517827923656
9.950000000000001,full,table,0.10003358127502374,0.10042132073721143,0,0,free,0,0.1638671028268739,0.043757183389944554,4,1,835,0,0,0,0.0,0.24536422988031206,nan,0.050198297886754895
10.0,full,table,0.0997632419820419,0.10035339310583924,0,0,free,0,0.16338548820944754,0.04301296622879047,4,1,835,0,0,0,0.0,0.24220652543518256,nan,0.050181933894346886
10.05,full,table,0.09980987699723046,0.09997389852016564,0,0,free,0,0.16236141546758648,0.04207033513585383,4,1,835,0,0,0,0.0,0.24267348011344475,nan,0.05038278055409606
10.100000000000001,full,table,0.09997317418926015,0.10031149967432647,0,0,free,0,0.1636757380774445,0.04318996161728386,4,1,835,0,0,0,0.0,0.2431474784278738,nan,0.050314298793886825
10.15,full,table,0.09988811920281249,0.10037556624418974,0,0,free,0,0.16467170351114185,0.04343103070792563,4,1,835,0,0,0,0.0,0.23991542832444152,nan,0.05015916198827863
10.200000000000001,full,table,0.09977263480883299,0.09998906694464364,0,0,free,0,0.1624228270787022,0.042027069505120515,4,1,835,0,0,0,0.0,0.2401833970712823,nan,0.05035241581213523
10.25,full,table,0.09992852958590336,0.10033186530329649,0,0,free,0,0.1629648576208002,0.04299079992164824,4,1,835,0,0,0,0.0,0.23955762774320932,nan,0.04986143795786513
10.3,full,table,0.09958649790430718,0.1004221323154079,0,0,free,0,0.16102267315337915,0.0420125498913429,4,1,835,0,0,0,0.0,0.23979970821804408,nan,0.050354936229112024
10.350000000000001,full,table,0.10002543791503446,0.10041044396018571,0,0,free,0,0.1623588085983932,0.0431197982060961,4,1,835,0,0,0,0.0,0.24038078572145677,nan,0.050579548606852764
10.4,full,table,0.10021077496042609,0.10008767974690719,0,0,free,0,0.1627281830483584,0.04236475797008471,4,1,835,0,0,0,0.0,0.24069357110364273,nan,0.050510420276305146
10.450000000000001,full,table,0.10012141702142864,0.10033756314145033,0,0,free,0,0.16308878149678585,0.04297722344715875,4,1,835,0,0,0,0.0,0.24000960557353646,nan,0.05025021713822053
10.5,full,table,0.09991894299851041,0.10043769808810876,0,0,free,0,0.16234777118483568,0.04308163441719845,4,1,835,0,0,0,0.0,0.24031654868745086,nan,0.050460861515160604
10.55,full,table,0.10008883583522421,0.10032230944346734,0,0,free,0,0.16367653546570032,0.04334933722182514,4,1,835,0,0,0,0.0,0.2409828993250229,nan,0.05040254682335055
10.600000000000001,full,table,0.10001071753776654,0.10010434691999784,0,0,free,0,0.16281513006065346,0.04256399101336977,4,1,835,0,0,0,0.0,0.24029791444924817,nan,0.0501476460062491
10.65,full,table,0.09981521465651394,0.10028634076221422,0,0,free,0,0.16237134210862886,0.043001191095097396,4,1,835,0,0,0,0.0,0.2406044007666896,nan,0.050366209467939904
10.700000000000001,full,table,0.09999355625740483,0.10033282938744618,0,0,free,0,0.1636993069815374,0.043745795503763146,4,1,835,0,0,0,0.0,0.24138943106455232,nan,0.05007013988218434
10.75,full,table,0.0997082245669424,0.09996760641486711,0,0,free,0,0.1625031787282255,0.04204930813770136,4,1,835,0,0,0,0.0,0.24179021759578714,nan,0.05031862565264844
10.8,full,table,0.09991611447424976,0.10027716487921128,0,0,free,0,0.16284319046640439,0.04258489643750099,4,1,835,0,0,0,0.0,0.24113298329644153,nan,0.0503707063728317
10.850000000000001,full,table,0.1000003499940685,0.10048446467223414,0,0,free,0,0.16353737889777553,0.04335578577828718,4,1,835,0,0,0,0.0,0.24486015160402408,nan,0.05040801788077731
10.9,full,table,0.10000165301400256,0.10053356646577086,0,0,free,0,0.16495218401612516,0.04371770437278741,4,1,835,0,0,0,0.0,0.2414433241375048,nan,0.05009299991677896
10.950000000000001,full,table,0.09977633088057643,0.10040341090511333,0,0,free,0,0.16229830897964764,0.042561381668644996,4,1,835,0,0,0,0.0,0.2425060470242875,nan,0.05041697093474318
11.0,full,table,0.10004451556768226,0.10019394061366824,0,0,free,0,0.16377053454338597,0.04287419413028781,4,1,835,0,0,0,0.0,0.24320408194417045,nan,0.050510582709024865
11.05,full,table,0.10010364726567532,0.10031221723256337,0,0,free,0,0.16445992510712198,0.04339095557865798,4,1,835,0,0,0,0.0,0.2426044258681983,nan,0.05041367168293165
11.100000000000001,full,table,0.1000514580316864,0.10033438333005182,0,0,free,0,0.16419260905498617,0.043732977670808554,4,1,835,0,0,0,0.0,0.24362932592729586,nan,0.050087553852361966
11.15,full,table,0.09970823170852212,0.09999171115557003,0,0,free,0,0.16362844786452796,0.04214819099926062,4,1,835,0,0,0,0.0,0.24001356127839077,nan,0.05015115508376089
11.200000000000001,full,table,0.09984677359420391,0.10029758807361752,0,0,free,0,0.16259418178753515,0.04266990501574443,4,1,835,0,0,0,0.0,0.24361862794948208,nan,0.05046620523326095
11.25,full,table,0.10010883598361726,0.10035375485086986,0,0,free,0,0.1640023788235928,0.04357316983950682,4,1,835,0,0,0,0.0,0.24445957645843255,nan,0.05050418653830058
11.3,full,table,0.10011368839584348,0.10031478686671068,0,0,free,0,0.1653727823656359,0.04355833006788075,4,1,835,0,0,0,0.0,0.2413904885063492,nan,0.050237102028733105
11.350000000000001,full,table,0.09991573228615333,0.10003692816299413,0,0,free,0,0.16274905253645588,0.042429232023906555,4,1,835,0,0,0,0.0,0.2417930134346149,nan,0.050671242189252785
11.4,full,table,0.10030038942828852,0.1002648384933345,0,0,free,0,0.16406228896453362,0.043231419556793535,4,1,835,0,0,0,0.0,0.2451115941068965,nan,0.0508435274252933
11.450000000000001,full,table,0.10043710212920907,0.10034556434940323,0,0,free,0,0.16534610483650047,0.04394557610530417,4,1,835,0,0,0,0.0,0.24176168174061508,nan,0.050654189161625895
11.5,full,table,0.10031094085076392,0.10021012967485203,0,0,free,0,0.16435204271904147,0.04325273343176801,4,1,835,0,0,0,0.0,0.24281812740895156,nan,0.05036687479203228
11.55,full,table,0.09998162739555445,0.10003988695753871,0,0,free,0,0.1638004815414399,0.04290409129666255,4,1,835,0,0,0,0.0,0.24338252485742753,nan,0.05064713516078878
11.600000000000001,full,table,0.1002209111692451,0.10014962419240614,0,0,free,0,0.1648037295968962,0.04332441907393371,4,1,835,0,0,0,0.0,0.24024813118508329,nan,0.05065886868407854
11.65,full,table,0.10027728942821461,0.09976538983557806,0,0,free,0,0.16263448078101705,0.04177429385054637,4,1,835,0,0,0,0.0,0.24055324729652566,nan,0.05075270815403288
11.700000000000001,full,table,0.10033991272613213,0.10014853782784693,0,0,free,0,0.1630455403200899,0.042606912315735476,4,1,835,0,0,0,0.0,0.24003028935727388,nan,0.05047150641390685
11.75,full,table,0.10012861272909367,0.1003266709154108,0,0,free,0,0.16284852324289334,0.043102802388819014,4,1,835,0,0,0,0.0,0.24081601895447083,nan,0.05068919569635855
11.8,full,table,0.10028768052363518,0.10034469680272293,0,0,free,0,0.16430884918074085,0.04364437036327053,4,1,835,0,0,0,0.0,0.24013122631266134,nan,0.05040961146042178
11.850000000000001,full,table,0.10012646091993338,0.1003016184536638,0,0,free,0,0.16323127591057796,0.04348098067335926,4,1,835,0,0,0,0.0,0.2412614488526292,nan,0.050494922265823194
11.9,full,table,0.10016276154257493,0.10005985353752862,0,0,free,0,0.16432127143291425,0.04263940944163963,4,1,835,0,0,0,0.0,0.241884073686978,nan,0.05031292085143768
11.950000000000001,full,table,0.09991332120906679,0.10024314145264315,0,0,free,0,0.164118864531888,0.04326086047401338,4,1,835,0,0,0,0.0,0.24124380728835332,nan,0.05021230435381219
12.0,full,table,0.09991166321169076,0.10023157245548879,0,0,free,0,0.16306582860635632,0.043007277418946846,4,1,835,0,0,0,0.0,0.2420858748920628,nan,0.05043511184524885
12.05,full,table,0.10009540933039918,0.09983081389701863,0,0,free,0,0.1640950112729475,0.04183256106437691,4,1,835,0,0,0,0.0,0.24278444592473658,nan,0.05012782748531164
12.100000000000001,full,table,0.09976597013461104,0.10022349860078605,0,0,free,0,0.163772991332014,0.04276357005277211,4,1,835,0,0,0,0.0,0.2391881421390708,nan,0.050145158184178085
12.15,full,table,0.09987795804875267,0.10033927214348407,0,0,free,0,0.16270808941223736,0.04256996833872735,4,1,835,0,0,0,0.0,0.24245232086690124,nan,0.050483526789201205
12.200000000000001,full,table,0.10016575748543209,0.10034686093209103,0,0,free,0,0.16407942749032778,0.04364230320059147,4,1,835,0,0,0,0.0,0.24377632011159914,nan,0.05053195165417368
12.25,full,table,0.10017340589545412,0.1000001473691332,0,0,free,0,0.1644068546489556,0.04226549213868634,4,1,835,0,0,0,0.0,0.2403534367619027,nan,0.050176489322638185
12.3,full,table,0.09990740036455732,0.10029872050930667,0,0,free,0,0.16280350812809247,0.04253822510457035,4,1,835,0,0,0,0.0,0.24119302864121628,nan,0.05051936393614509
12.350000000000001,full,table,0.10019019394018025,0.10032340950852607,0,0,free,0,0.16426883956299615,0.043460929748557545,4,1,835,0,0,0,0.0,0.24226956770803706,nan,0.050632733703631305
12.4,full,table,0.10026488209659705,0.09998315733261524,0,0,free,0,0.16321177892297412,0.04222205708008571,4,1,835,0,0,0,0.0,0.23866668810020672,nan,0.05048402755104553
12.450000000000001,full,table,0.10017969014676222,0.1002750593440853,0,0,free,0,0.16361586504595116,0.04293036600089076,4,1,835,0,0,0,0.0,0.24227388726392698,nan,0.05018813924825283
12.5,full,table,0.09984778601130687,0.1003773665624618,0,0,free,0,0.16405862163766594,0.04283665677743821,4,1,835,0,0,0,0.0,0.24163591501112439,nan,0.05019113828865629
12.55,full,table,0.0999460624680288,0.10032250674469961,0,0,free,0,0.16298908108212434,0.04256975192227576,4,1,835,0,0,0,0.0,0.24241685317570857,nan,0.05054603464306817
12.600000000000001,full,table,0.10024461829260509,0.10018667540182387,0,0,free,0,0.16438667066812024,0.0432245402074809,4,1,835,0,0,0,0.0,0.24357767845059036,nan,0.05062731741981985
12.65,full,table,0.10028803466845818,0.10001548014982792,0,0,free,0,0.1650499676797486,0.04291297049708016,4,1,835,0,0,0,0.0,0.24017769701175248,nan,0.050270845149409826
12.700000000000001,full,table,0.10001423106848374,0.10012828164213852,0,0,free,0,0.1630581042171943,0.04230722565685496,4,1,835,0,0,0,0.0,0.24086301979502098,nan,0.050753075453839114
12.75,full,table,0.10044542514193269,0.09974838701483776,0,0,free,0,0.16337995118275161,0.0417783640021822,4,1,835,0,0,0,0.0,0.2412406355798543,nan,0.05097793854683952
12.8,full,table,0.10063157512805332,0.10014200365252772,0,0,free,0,0.16384842379960313,0.042940421872992976,4,1,835,0,0,0,0.0,0.241615059559084,nan,0.05094902714735172
12.850000000000001,full,table,0.10058041073245279,0.10024685231247396,0,0,free,0,0.1642001756097231,0.043241407649210375,4,1,835,0,0,0,0.0,0.24115589481544517,nan,0.05079719678527517
12.9,full,table,0.10044006847523454,0.10026255182359516,0,0,free,0,0.16429205419798104,0.04334610443848702,4,1,835,0,0,0,0.0,0.24190472913180597,nan,0.05097449967337109
12.950000000000001,full,table,0.10063548952344362,0.0999548403839669,0,0,free,0,0.16356546574715042,0.042266488535221344,4,1,835,0,0,0,0.0,0.23828860614657402,nan,0.050834348702051835
13.0,full,table,0.10051446367395032,0.1002211246770199,0,0,free,0,0.16395983313477897,0.043067648279333196,4,1,835,0,0,0,0.0,0.2417535593130636,nan,0.05090053050419263
13.05,full,table,0.10055191443173012,0.10024791358373285,0,0,free,0,0.16547353325228015,0.04361200433861079,4,1,835,0,0,0,0.0,0.2381703577219508,nan,0.050529308671469875
13.100000000000001,full,table,0.10025893211641664,0.10017496360590802,0,0,free,0,0.16313691474030229,0.04329589248443824,4,1,835,0,0,0,0.0,0.2390724698974587,nan,0.05047440674684678
13.15,full,table,0.10015779856193224,0.09995603374959731,0,0,free,0,0.1637431688702231,0.042537062834996864,4,1,835,0,0,0,0.0,0.23842673305996726,nan,0.04983541316779949
13.200000000000001,full,table,0.09969102364490445,0.10011804282659278,0,0,free,0,0.16179845040023244,0.04233528175214628,4,1,835,0,0,0,0.0,0.2389944520355798,nan,0.05012474810960155
13.25,full,table,0.09991373618341365,0.10021470386764163,0,0,free,0,0.1633273473567623,0.04341643414296917,4,1,835,0,0,0,0.0,0.24256136673590156,nan,0.05011495802571242
13.3,full,table,0.09986401000030622,0.10013905693742431,0,0,free,0,0.16479643771838803,0.04349086644710155,4,1,835,0,0,0,0.0,0.24369985015437695,nan,0.04964001836135923
13.350000000000001,full,table,0.09936999529472025,0.09984528324672809,0,0,free,0,0.16408068100351386,0.042199523188303736,4,1,835,0,0,0,0.0,0.2400914404213361,nan,0.049670753223058695
13.4,full,table,0.09949968741298779,0.10012786423664381,0,0,free,0,0.1629624315565602,0.042506766923892214,4,1,835,0,0,0,0.0,0.24079419607801766,nan,0.04985303018736975
13.450000000000001,full,table,0.09963137767795088,0.10013397726868117,0,0,free,0,0.16449237086846852,0.04346012969875335,4,1,835,0,0,0,0.0,0.2418897696059334,nan,0.04972688411641679
13.5,full,table,0.09948431439091208,0.09985644593465046,0,0,free,0,0.16389676435291384,0.04223213785403758,4,1,835,0,0,0,0.0,0.23815245790610948,nan,0.049435453664147366
13.55,full,table,0.09926127524534241,0.1001193710813967,0,0,free,0,0.1632477039251088,0.04235946482990134,4,1,835,0,0,0,0.0,0.24181022672052713,nan,0.04961329588432295
13.600000000000001,full,table,0.09939298355201515,0.10018224340074391,0,0,free,0,0.16478709070998154,0.043232233272396,4,1,835,0,0,0,0.0,0.23807746760958065,nan,0.04932041532318354
13.65,full,table,0.09923115953190903,0.1000780171572883,0,0,free,0,0.1636054505566209,0.04299729147631352,4,1,835,0,0,0,0.0,0.23891650366034348,nan,0.049298094443169904
13.700000000000001,full,table,0.09918728010805991,0.0999094630638327,0,0,free,0,0.16411783495959187,0.04268058144057485,4,1,835,0,0,0,0.0,0.24233269021044562,nan,0.0490255824133321
13.75,full,table,0.09882791315889355,0.10002555691876484,0,0,free,0,0.16422061760795803,0.04226282817530759,4,1,835,0,0,0,0.0,0.24276347073544483,nan,0.04916033116759322
13.8,full,table,0.09894037531927942,0.10008107300359427,0,0,free,0,0.1656416874738844,0.04270011424431208,4,1,835,0,0,0,0.0,0.23944566108054133,nan,0.048988255191210195
13.850000000000001,full,table,0.09885779998354953,0.09976952925809449,0,0,free,0,0.16392040997478524,0.04197801211262664,4,1,835,0,0,0,0.0,0.23972896872644658,nan,0.04859228973049401
13.9,full,table,0.09842813604440365,0.10008872067339444,0,0,free,0,0.16362756039253684,0.04150454060922211,4,1,835,0,0,0,0.0,0.2436445455815274,nan,0.04886468830006552
13.950000000000001,full,table,0.0986601020897776,0.10010709257364538,0,0,free,0,0.16522378007943256,0.04187661722979699,4,1,835,0,0,0,0.0,0.2399361936838004,nan,0.0488933338669868
14.0,full,table,0.09876547632492853,0.10008800955832872,0,0,free,0,0.16412743269801294,0.04245564649274487,4,1,835,0,0,0,0.0,0.24090313240586125,nan,0.048941357620299164
14.05,full,table,0.09879158169394593,0.09984467310994569,0,0,free,0,0.16415326505542704,0.04229089501055215,4,1,835,0,0,0,0.0,0.24010366706652317,nan,0.04858643468275914
14.100000000000001,full,table,0.09852608765518885,0.1000955215937596,0,0,free,0,0.16282835156950604,0.04134568474027296,4,1,835,0,0,0,0.0,0.24071335900653776,nan,0.04893686814419784
14.15,full,table,0.09882985557423746,0.10026103167217756,0,0,free,0,0.16435379621263269,0.04187147882468341,4,1,835,0,0,0,0.0,0.2413563825600822,nan,0.0492651076842574
14.200000000000001,full,table,0.0991205867745949,0.10015234257305601,0,0,free,0,0.1657635570328757,0.04296530210164422,4,1,835,0,0,0,0.0,0.23787554553148835,nan,0.048853598079609095
14.25,full,table,0.09880272998102967,0.09997291153250938,0,0,free,0,0.1629538989444172,0.04094608260279191,4,1,835,0,0,0,0.0,0.24137581006295572,nan,0.0494784062602186
14.3,full,table,0.09936948467794346,0.10018670772530869,0,0,free,0,0.1643882915529038,0.042197161626105456,4,1,835,0,0,0,0.0,0.24205521605996175,nan,0.049807799790757445
14.350000000000001,full,table,0.09965771742832741,0.10024323778891901,0,0,free,0,0.16578867200252512,0.04328999715453953,4,1,835,0,0,0,0.0,0.2431759319367439,nan,0.04984655055797471
14.4,full,table,0.0996768168885727,0.09989358009492769,0,0,free,0,0.1640831349140685,0.0420194924121724,4,1,835,0,0,0,0.0,0.23938999437256908,nan,0.04966863560202106
14.450000000000001,full,table,0.09950810621114173,0.10022246211396511,0,0,free,0,0.1644695629379525,0.042340861935101615,4,1,835,0,0,0,0.0,0.24307631806886856,nan,0.04998244414051056
14.5,full,table,0.0997795927517102,0.10030276861430239,0,0,free,0,0.16589156195052263,0.04341569992013021,4,1,835,0,0,0,0.0,0.24388481887492175,nan,0.05000484439869035
14.55,full,table,0.09978159581976419,0.10027285934217924,0,0,free,0,0.16638690693819191,0.04308146454042737,4,1,835,0,0,0,0.0,0.24061052463776333,nan,0.049826097252449575
14.600000000000001,full,table,0.09962216928598036,0.0999972363001998,0,0,free,0,0.16426732703426639,0.04240728596287374,4,1,835,0,0,0,0.0,0.24126887351883328,nan,0.050119978081846095
14.65,full,table,0.0998739585705512,0.10022072726364843,0,0,free,0,0.16465032270307106,0.04299706301980516,4,1,835,0,0,0,0.0,0.24054460402984512,nan,0.05001765467517438
14.700000000000001,full,table,0.09983762888541925,0.10030018758501888,0,0,free,0,0.16495354709824467,0.04309559723250911,4,1,835,0,0,0,0.0,0.24117167033457002,nan,0.05016550827179189
14.75,full,table,0.09994792477089844,0.10015415479358741,0,0,free,0,0.1663331912356154,0.04310839497269903,4,1,835,0,0,0,0.0,0.2376966324321839,nan,0.04974464604257822
14.8,full,table,0.09961276762161511,0.09999964116219327,0,0,free,0,0.16355068437276038,0.04196868887219832,4,1,835,0,0,0,0.0,0.24085457304179073,nan,0.05021662811482508
14.850000000000001,full,table,0.1000409442420458,0.10014995153228078,0,0,free,0,0.16484888377099044,0.04308153216419544,4,1,835,0,0,0,0.0,0.24107949538404927,nan,0.05041811253714912
14.9,full,table,0.1002137782896325,0.1001506331335895,0,0,free,0,0.16610597077769024,0.04004023267367054,5,1,836,0,0,0,0.0,0.24186464971450858,nan,0.050148457633221066
14.950000000000001,full,table,0.09991187709313501,0.09986928878124887,0,0,free,0,0.16408667342457645,0.04220868461787011,5,1,836,0,0,0,0.0,0.24247490681656764,nan,0.05039221280159112
15.0,full,table,0.1001228391752969,0.10005280958433715,0,0,free,0,0.1622388272636786,0.04263879698743307,5,1,836,0,0,0,0.0,0.2420658360318604,nan,0.05042512933424248
0.05,full+plan,table,0.12083699429047365,0.12083699537600488,0,0,free,0,0.05676101943747254,0.16504642260436408,5,1,752,0,0,0,0.0,0.25,nan,0.18563083846003303
0.1,full+plan,table,0.10617293810528618,0.10617294374741847,0,0,free,0,0.06025353012509212,0.15400534883386005,6,1,752,0,0,0,0.0,0.25,nan,0.16215657311715448
0.15000000000000002,full+plan,table,0.09648608617131847,0.0933872817157322,0,0,free,0,0.06307803130361635,0.1424273875218916,6,1,752,0,0,0,0.0,0.25,nan,0.14087361929129727
0.2,full+plan,table,0.08842958270703302,0.08222831911729624,0,0,free,0,0.06554846405353494,0.13093920526164515,6,1,801,0,0,0,0.0,0.25,nan,0.12160620241524167
0.25,full+plan,table,0.0818171554994487,0.07248253432598126,0,0,free,0,0.06770116017197124,0.11879943126545543,6,1,801,0,0,0,0.0,0.25,nan,0.11195586071245178
0.30000000000000004,full+plan,table,0.07635063694934266,0.06831115023495146,0,0,free,0,0.06955357158823126,0.1095613033328625,6,1,801,0,0,0,0.0,0.25,nan,0.10406690624249304
0.35000000000000003,full+plan,table,0.07245396037231633,0.06571275914746084,0,0,free,0,0.0713151247190318,0.10168526784264754,6,1,811,0,0,0,0.0,0.25,nan,0.09713490408196845
0.4,full+plan,table,0.06937949256416866,0.06375450223734944,0,0,free,0,0.07261498515556646,0.09485873647890479,6,1,811,0,0,0,0.0,0.25,nan,0.09086685097163116
0.45,full+plan,table,0.06699599276741114,0.06233122662453036,0,0,free,0,0.0738503462231193,0.08869384495279754,6,1,811,0,0,0,0.0,0.25,nan,0.0855631449083546
0.5,full+plan,table,0.06518955524991982,0.06143296805145655,0,0,free,0,0.0756538721958971,0.08369483362357123,6,1,816,0,0,0,0.0,0.25,nan,0.08099521317166203
0.55,full+plan,table,0.0635958941659215,0.06100746117465691,0,0,free,0,0.07743104701002422,0.07920259614750381,6,1,816,0,0,0,0.0,0.25,nan,0.0770673096120047
0.6000000000000001,full+plan,table,0.06292983169440765,0.06093153973870077,0,0,free,0,0.0791902064960129,0.07530472791883715,6,1,816,0,0,0,0.0,0.25,nan,0.07369003983280065
0.65,full+plan,table,0.0626339451708731,0.0611428384346578,0,0,free,0,0.08088964536858005,0.07198205940066073,6,1,816,0,0,0,0.0,0.25,nan,0.07078088592053822
0.7000000000000001,full+plan,table,0.06268596857900098,0.06163939102550095,0,0,free,0,0.08263265255941536,0.069040937935239,6,1,816,0,0,0,0.0,0.25,nan,0.06827631972676518
0.75,full+plan,table,0.06298796855990182,0.062316388478884016,0,0,free,0,0.0843582964872636,0.06649311195560233,6,1,816,0,0,0,0.0,0.25,nan,0.06611403207423538
0.8,full+plan,table,0.06349247121771139,0.06313510595209554,0,0,free,0,0.08606992766516706,0.06455412344851,6,1,817,0,0,0,0.0,0.25,nan,0.06423119679888156
0.8500000000000001,full+plan,table,0.06418583567100368,0.06405755616019315,0,0,free,0,0.08790568284780108,0.06260417676563881,6,1,817,0,0,0,0.0,0.25,nan,0.06260331483891846
0.9,full+plan,table,0.06499925150297421,0.06506585825290748,0,0,free,0,0.08972150962173613,0.06091819890608989,6,1,817,0,0,0,0.0,0.2499047342983556,nan,0.061185277505816815
0.9500000000000001,full+plan,table,0.06590407040427095,0.06613648237135823,0,0,free,0,0.09151589144869003,0.05958556802966883,6,1,817,0,0,0,0.0,0.2490688069031822,nan,0.05984777021444976
1.0,full+plan,table,0.06687567409072487,0.06723586772036859,0,0,free,0,0.09328824152346042,0.058323842056097086,6,1,817,0,0,0,0.0,0.24833931403726414,nan,0.058620611350173824
1.05,full+plan,table,0.06789253819646923,0.06835330252585728,0,0,free,0,0.09503333856381306,0.05724093355861744,6,1,817,0,0,0,0.0,0.24770944452521193,nan,0.057461280509406354
1.1,full+plan,table,0.06893524232656612,0.06947193824623299,0,0,free,0,0.0967429935338202,0.0563149261928441,6,1,817,0,0,0,0.0,0.24722808873821353,nan,0.056326153977337534
1.1500000000000001,full+plan,table,0.07004766443653689,0.07057486353686433,0,0,free,0,0.09840753714421328,0.05552710606498085,6,1,817,0,0,0,0.0,0.24683718942860577,nan,0.05516872290661179
1.2000000000000002,full+plan,table,0.07116116435707408,0.07164366649546378,0,0,free,0,0.1000156664897545,0.053981253501612134,6,1,817,0,0,0,0.0,0.24642217445896586,nan,0.05469246938557737
1.25,full+plan,table,0.07226087520607354,0.07255131126752616,0,0,free,0,0.10194443195936596,0.0535629414378066,6,1,817,0,0,0,0.0,0.24653788086998032,nan,0.05426586548773982
1.3,full+plan,table,0.07309212244428007,0.07346539686153257,0,0,free,0,0.10387992138053002,0.053088259287907946,6,1,817,0,0,0,0.0,0.24673870148579774,nan,0.053910281591046494
1.35,full+plan,table,0.07395262489935156,0.07438886132120458,0,0,free,0,0.10575137902853109,0.05267598455801832,6,1,817,0,0,0,0.0,0.24702780313610728,nan,0.053614830365296795
1.4000000000000001,full+plan,table,0.07483049246328131,0.07531239389679864,0,0,free,0,0.10756342573542436,0.05191994142193948,6,1,817,0,0,0,0.0,0.24716945017564088,nan,0.053475326846888493
1.4500000000000002,full+plan,table,0.07571608223561177,0.07632051635093401,0,0,free,0,0.1093199976047685,0.05165879656876997,6,1,817,0,0,0,0.0,0.2473695123525883,nan,0.053374288702646044
1.5,full+plan,table,0.07660156687616126,0.0773124441538559,0,0,free,0,0.11094729255848455,0.05143322092676751,6,1,817,0,0,0,0.0,0.24758654994797927,nan,0.05330398187421326
1.55,full+plan,table,0.07748054396735803,0.07828512726616144,0,0,free,0,0.11252173916241691,0.0512389400570101,6,1,817,0,0,0,0.0,0.2479004730748642,nan,0.053210066408116985
1.6,full+plan,table,0.07834767711367999,0.0792362009088557,0,0,free,0,0.11404416067626437,0.05107228886088633,6,1,817,0,0,0,0.0,0.2483176667620458,nan,0.053054162334552624
1.6500000000000001,full+plan,table,0.07919835714027221,0.08016371241841223,0,0,free,0,0.11551465433311524,0.0509301482226429,6,1,817,0,0,0,0.0,0.24884578768988863,nan,0.05291560049651911
1.7000000000000002,full+plan,table,0.08002836946010346,0.08106584829156716,0,0,free,0,0.11693283914628642,0.05080989410677712,6,1,817,0,0,0,0.0,0.24949380766027876,nan,0.05278344241044053
1.75,full+plan,table,0.08083355148371447,0.08194064332343422,0,0,free,0,0.11829780935318333,0.050709358667137314,6,1,817,0,0,0,0.0,0.25,nan,0.05264567722801461
1.8,full+plan,table,0.08160942071131506,0.0827856499958474,0,0,free,0,0.11960805513784188,0.05062680364995946,6,1,817,0,0,0,0.0,0.25,nan,0.052488696725665696
1.85,full+plan,table,0.08235075087345253,0.08359754039114874,0,0,free,0,0.12086135952417319,0.05032504719154615,6,1,817,0,0,0,0.0,0.25,nan,0.05250727878957606
1.9000000000000001,full+plan,table,0.08318770341625892,0.08437160571019761,0,0,free,0,0.12205464863571162,0.05029375744240093,6,1,817,0,0,0,0.0,0.25,nan,0.052496147823530626
1.9500000000000002,full+plan,table,0.08398947531017888,0.08510110835162374,0,0,free,0,0.12318379666218836,0.05024446331126954,6,1,817,0,0,0,0.0,0.25,nan,0.052279509436406024
2.0,full+plan,table,0.08475232289897673,0.08529433515836571,0,0,free,0,0.12263425908269597,0.049468247709671176,6,1,817,0,0,0,0.0,0.25,nan,0.052194930101065795
2.0500000000000003,full+plan,table,0.0854705043239809,0.08611376692700146,0,0,free,0,0.12365402783754374,0.04958572667048511,6,1,817,0,0,0,0.0,0.25,nan,0.05198645124161738
2.1,full+plan,table,0.08613549562514303,0.08685660666311752,0,0,free,0,0.12457276062526006,0.04927385974948141,6,1,817,0,0,0,0.0,0.25,nan,0.05168400316072419
2.15,full+plan,table,0.08673495352470428,0.08692297141005642,0,0,free,0,0.12447967803462394,0.04887865051141814,6,1,817,0,0,0,0.0,0.25,nan,0.051503504281902646
2.2,full+plan,table,0.08735617820199863,0.08768381988456378,0,0,free,0,0.12527713186969114,0.048631132274033415,6,1,817,0,0,0,0.0,0.24608359539986036,nan,0.05073444019152051
2.25,full+plan,table,0.08722560140090499,0.08780801971527205,0,0,free,0,0.1250575819506286,0.048233787694375696,6,1,817,0,0,0,0.0,0.24675907403204492,nan,0.05083537914911451
2.3000000000000003,full+plan,table,0.08762507943783071,0.0885492728420894,0,0,free,0,0.1256757143988323,0.04779170006640704,6,1,817,0,0,0,0.0,0.24779720746491007,nan,0.050681428107870574
2.35,full+plan,table,0.08779906939347118,0.08885419541734786,0,0,free,0,0.1271515739301583,0.048075740215645396,6,1,817,0,0,0,0.0,0.24618997171706322,nan,0.050256328611215095
2.4000000000000004,full+plan,table,0.08827867062794446,0.08899561777488348,0,0,free,0,0.1267409605293257,0.047442398747770884,6,1,817,0,0,0,0.0,0.24389424924961747,nan,0.05003002816227686
2.45,full+plan,table,0.08818055046506747,0.08934404851817701,0,0,free,0,0.12812358828780812,0.047541697534979166,6,1,818,0,0,0,0.0,0.2453487117292177,nan,0.05012194617959631
2.5,full+plan,table,0.08861081459929393,0.09002642764296268,0,0,free,0,0.12866926703260373,0.046955418101993815,6,1,818,0,0,0,0.0,0.24672721216111587,nan,0.05011838286565096
2.5500000000000003,full+plan,table,0.08895205004762154,0.0904735917629586,0,0,free,0,0.13000877193200616,0.04737936565568432,6,1,818,0,0,0,0.0,0.24458111848361225,nan,0.049866843702569996
2.6,full+plan,table,0.08884146492700258,0.09083846914935358,0,0,free,0,0.13129626169840825,0.04738632981078693,6,1,819,0,0,0,0.0,0.24601480374019374,nan,0.0499642432694577
2.6500000000000004,full+plan,table,0.08923530635630895,0.09112655952367682,0,0,free,0,0.13253556626302287,0.047681695743857264,6,1,819,0,0,0,0.0,0.24457822490074116,nan,0.04960369656563601
2.7,full+plan,table,0.08957202345428059,0.09118346814558181,0,0,free,0,0.13186975605707163,0.046536272230466386,6,1,819,0,0,0,0.0,0.24237087292696458,nan,0.049553877285080095
2.75,full+plan,table,0.0896602393764764,0.09152269873830227,0,0,free,0,0.13304021351584588,0.046397707756184445,6,1,820,0,0,0,0.0,0.24402040691297552,nan,0.04981278462656902
2.8000000000000003,full+plan,table,0.09018989580678466,0.09198651657245087,0,0,free,0,0.1333856316469339,0.04678553701518552,6,1,820,0,0,0,0.0,0.24560315720453077,nan,0.04995157654869242
2.85,full+plan,table,0.09060736431792883,0.09244855315424616,0,0,free,0,0.1345382684355962,0.04678510803481212,6,1,820,0,0,0,0.0,0.24354429743533246,nan,0.04987955372758157
2.9000000000000004,full+plan,table,0.0906620239646236,0.0928270220571049,0,0,free,0,0.13565123478732466,0.0466467437469448,6,1,821,0,0,0,0.0,0.2451772996974045,nan,0.05009610023311961
2.95,full+plan,table,0.09111196692528196,0.09312817433850167,0,0,free,0,0.1367286564242136,0.04711493897849156,6,1,821,0,0,0,0.0,0.2469249811376271,nan,0.05019450547917781
3.0,full+plan,table,0.09145337852228363,0.09335717105745243,0,0,free,0,0.13777418320880686,0.04688743724138622,6,1,821,0,0,0,0.0,0.24191083772503474,nan,0.05013084114765454
3.0500000000000003,full+plan,table,0.09149814694479773,0.09335808738677061,0,0,free,0,0.1369031868632869,0.046843070562125874,6,1,823,0,0,0,0.0,0.24353681248415987,nan,0.05030819348967319
3.1,full+plan,table,0.09187714573980321,0.09365802453952347,0,0,free,0,0.13790547718178758,0.04718004804479446,6,1,823,0,0,0,0.0,0.24171016236927173,nan,0.050132706533479676
3.1500000000000004,full+plan,table,0.09184302989272132,0.09383732102182511,0,0,free,0,0.13804080967749277,0.04652939253409001,6,1,823,0,0,0,0.0,0.24338842322350418,nan,0.05040045854300035
3.2,full+plan,table,0.09227281258290253,0.09429489309866375,0,0,free,0,0.1390507078379113,0.0470105332946479,6,1,823,0,0,0,0.0,0.24517835926930362,nan,0.05055404236503891
3.25,full+plan,table,0.09259861205876362,0.09467066952104702,0,0,free,0,0.14003336719003273,0.047284237564606535,6,1,823,0,0,0,0.0,0.2433032674941607,nan,0.050380719068878754
3.3000000000000003,full+plan,table,0.09254943224912136,0.09497046700531141,0,0,free,0,0.14015702236759364,0.04667252799336799,6,1,823,0,0,0,0.0,0.24198651381101452,nan,0.050627729986871706
3.35,full+plan,table,0.09293321918241527,0.09500185486126018,0,0,free,0,0.1399520186573585,0.04713556043154438,6,1,824,0,0,0,0.0,0.24375741517836988,nan,0.050760532489276144
3.4000000000000004,full+plan,table,0.09321522354809894,0.09538983380203189,0,0,free,0,0.14087412278988054,0.04730141386441049,6,1,824,0,0,0,0.0,0.2418394675608298,nan,0.05060928977136092
3.45,full+plan,table,0.09317084511898034,0.09570711052291403,0,0,free,0,0.14169285903680467,0.04679342911105032,6,1,824,0,0,0,0.0,0.24365390593159852,nan,0.05083537774815272
3.5,full+plan,table,0.09351498023469741,0.09595883665683315,0,0,free,0,0.14264968977455683,0.04724200521077419,6,1,827,0,0,0,0.0,0.24545359801294972,nan,0.0509452655050906
3.5500000000000003,full+plan,table,0.09375799830126161,0.09616426069789147,0,0,free,0,0.1434564355330062,0.0472372487596108,6,1,827,0,0,0,0.0,0.24052813963061193,nan,0.05083781700432277
3.6,full+plan,table,0.09373997798051298,0.09607163960693994,0,0,free,0,0.14231902933717744,0.04691447945500547,6,1,827,0,0,0,0.0,0.24218380044245777,nan,0.05103733376106423
3.6500000000000004,full+plan,table,0.09404599519730819,0.09638135236245886,0,0,free,0,0.14309060460731526,0.04734955649680872,6,1,827,0,0,0,0.0,0.24407845302676337,nan,0.05111632675991873
3.7,full+plan,table,0.09424984092576881,0.09662407183525623,0,0,free,0,0.14389935722103142,0.04708628527403491,6,1,827,0,0,0,0.0,0.24224682198779013,nan,0.05107852115444311
3.75,full+plan,table,0.09428347975259914,0.0968112833607274,0,0,free,0,0.14446673417924322,0.0470569638998406,6,1,827,0,0,0,0.0,0.24417121676925635,nan,0.051238688389360965
3.8000000000000003,full+plan,table,0.09454702099104459,0.09694620466654658,0,0,free,0,0.1454709986718815,0.0472493016937237,6,1,828,0,0,0,0.0,0.24218019963932425,nan,0.05112558283538782
3.85,full+plan,table,0.09453918612241262,0.09704693594332425,0,0,free,0,0.14463781128203163,0.04674618041082232,6,1,828,0,0,0,0.0,0.24101897422312446,nan,0.05137589116194652
3.9000000000000004,full+plan,table,0.09487391172599687,0.09687931235458123,0,0,free,0,0.14497921896704452,0.04720520877637174,6,1,828,0,0,0,0.0,0.24279000836709613,nan,0.051500827136010785
3.95,full+plan,table,0.09510484975624911,0.09710040761076381,0,0,free,0,0.14567182975262777,0.04712200354088633,6,1,828,0,0,0,0.0,0.24087039537622373,nan,0.05145725488791586
4.0,full+plan,table,0.095155213783767,0.09726181282393345,0,0,free,0,0.14579309183729305,0.04692109280354742,6,1,828,0,0,0,0.0,0.24280305645827302,nan,0.05166371441933837
4.05,full+plan,table,0.09545501528827983,0.09737462241456199,0,0,free,0,0.14680367185443766,0.04729321180270242,6,1,828,0,0,0,0.0,0.24090758150381114,nan,0.05154010186667024
4.1000000000000005,full+plan,table,0.0954660857207944,0.09744105297214543,0,0,free,0,0.1457961669935045,0.04648448002875091,6,1,830,0,0,0,0.0,0.2397360439936254,nan,0.05185181370548708
4.15,full+plan,table,0.09588673545220004,0.09721721804430207,0,0,free,0,0.1465683931531787,0.046995032001763054,6,1,830,0,0,0,0.0,0.24151772111309974,nan,0.05200455187736819
4.2,full+plan,table,0.09619188581611253,0.0974264223607326,0,0,free,0,0.14720654156648444,0.047047498658730896,6,1,830,0,0,0,0.0,0.23940354363198996,nan,0.05196941388017473
4.25,full+plan,table,0.09631210432189784,0.09758707715637263,0,0,free,0,0.14640963104543225,0.04676322093912427,6,1,830,0,0,0,0.0,0.2411894908743722,nan,0.052193735043228884
4.3,full+plan,table,0.09667487725485091,0.09770297494400898,0,0,free,0,0.14772641938808506,0.0472269722293915,6,1,830,0,0,0,0.0,0.24311003433224745,nan,0.05225964780502157
4.3500000000000005,full+plan,table,0.09691655098601006,0.09777715875953111,0,0,free,0,0.14903278832548333,0.04681221474084421,6,1,830,0,0,0,0.0,0.24112117534044072,nan,0.05230122147462557
4.4,full+plan,table,0.09713733550944809,0.09781198598463552,0,0,free,0,0.14807130295446613,0.04703357355820835,6,1,831,0,0,0,0.0,0.24310711977719807,nan,0.052387749896098734
4.45,full+plan,table,0.09742803774579244,0.09780917884747702,0,0,free,0,0.1494104423113667,0.04693202230555328,5,1,831,0,0,0,0.0,0.23811714189351643,nan,0.05232811775695212
4.5,full+plan,table,0.09762470294417097,0.09751966405656702,0,0,free,0,0.1483074758226604,0.04683724603383567,6,1,831,0,0,0,0.0,0.23996916439174215,nan,0.052407559274613935
4.55,full+plan,table,0.09795808803348624,0.09765157129299795,0,0,free,0,0.14944801158497129,0.04709729837098686,6,1,831,0,0,0,0.0,0.23785231442068652,nan,0.052184743042647974
4.6000000000000005,full+plan,table,0.09809402425938857,0.09773982489859954,0,0,free,0,0.148335228865681,0.04663763092760169,5,1,831,0,0,0,0.0,0.2397272249742446,nan,0.0522013949196396
4.65,full+plan,table,0.09844626854199966,0.09778749032917482,0,0,free,0,0.14946420133792188,0.04715512688646148,5,1,831,0,0,0,0.0,0.2417570598190011,nan,0.05195031432074504
4.7,full+plan,table,0.0986090006746696,0.0973549141512863,0,0,free,0,0.15011362612899326,0.04693659906693107,4,1,831,0,0,0,0.0,0.23997767310886348,nan,0.0515113652925655
4.75,full+plan,table,0.0986900508341842,0.09766104224406695,0,0,free,0,0.14903481382326628,0.04618654145503623,5,1,831,0,0,0,0.0,0.24201112598502506,nan,0.05123553963591021
4.800000000000001,full+plan,table,0.09822904358285656,0.09790475538179282,0,0,free,0,0.150902473298132,0.046356933105310055,4,1,831,0,0,0,0.0,0.24025460742902865,nan,0.05074074177594623
4.8500000000000005,full+plan,table,0.09826920999940983,0.09808929514645993,0,0,free,0,0.14919671066287232,0.04476767798781778,5,1,831,0,0,0,0.0,0.2423201741606695,nan,0.050783426770785844
4.9,full+plan,table,0.0981574542472633,0.09831244429251987,0,0,free,0,0.15105546047924479,0.04554008217591447,4,1,831,0,0,0,0.0,0.2415314397224209,nan,0.05056008592419314
4.95,full+plan,table,0.09782558583231929,0.09825605597340503,0,0,free,0,0.15124155000097889,0.04514309149868266,4,1,831,0,0,0,0.0,0.23946812889175662,nan,0.05030097184128457
5.0,full+plan,table,0.09799401630482703,0.0986003042995295,0,0,free,0,0.15114949836352715,0.04453096047933655,4,1,831,0,0,0,0.0,0.24169944238727517,nan,0.05028867805505455
5.050000000000001,full+plan,table,0.09786709310085097,0.09883555275984385,0,0,free,0,0.15232652488394027,0.04510219168284109,4,1,831,0,0,0,0.0,0.239792371742565,nan,0.04988103296333579
5.1000000000000005,full+plan,table,0.09792157539330734,0.0990223964880116,0,0,free,0,0.15115343445509744,0.04351581447559735,4,1,831,0,0,0,0.0,0.24208865696185644,nan,0.05010305363663081
5.15,full+plan,table,0.09802203487154693,0.09916220324358457,0,0,free,0,0.15293426425719664,0.04444747738475041,4,1,831,0,0,0,0.0,0.24418849949728774,nan,0.05004348538100689
5.2,full+plan,table,0.09787895500104282,0.09940176871045152,0,0,free,0,0.15386408929665146,0.04442748384140782,4,1,831,0,0,0,0.0,0.24209277864681047,nan,0.04978985393201518
5.25,full+plan,table,0.09800034617870203,0.09960552810023386,0,0,free,0,0.1528320558959092,0.04352877402289562,4,1,831,0,0,0,0.0,0.24153545990614114,nan,0.04995168744019729
5.300000000000001,full+plan,table,0.09806743291032405,0.09957898901641546,0,0,free,0,0.1528163380347453,0.04463443937951034,4,1,831,0,0,0,0.0,0.24379411152166577,nan,0.04974955934112124
5.3500000000000005,full+plan,table,0.0977949433885857,0.09984116550258579,0,0,free,0,0.15329799584975223,0.043723857298466534,4,1,831,0,0,0,0.0,0.2419570604354329,nan,0.04967248372305244
5.4,full+plan,table,0.0980073361199032,0.10006016410624431,0,0,free,0,0.1537754883289541,0.0437748336467797,4,1,831,0,0,0,0.0,0.24432713704601577,nan,0.04967563583524226
5.45,full+plan,table,0.09792628769534137,0.10023483545778651,0,0,free,0,0.1542513431665593,0.043946291835379486,4,1,831,0,0,0,0.0,0.24234425632299508,nan,0.049402866949793456
5.5,full+plan,table,0.09799412674365748,0.10045735862458392,0,0,free,0,0.1539724369971358,0.042767694111036036,4,1,831,0,0,0,0.0,0.24169136938952318,nan,0.04968165373553968
5.550000000000001,full+plan,table,0.0981741715350361,0.10046852744155597,0,0,free,0,0.1530592414160996,0.043795558767286136,4,1,831,0,0,0,0.0,0.2438098727667231,nan,0.04967126390836485
5.6000000000000005,full+plan,table,0.0980976198732018,0.10081809065317654,0,0,free,0,0.1533435509783972,0.04367062260941873,4,1,832,0,0,0,0.0,0.24199226494304668,nan,0.04948431915716778
5.65,full+plan,table,0.09818611153757974,0.10106849030017559,0,0,free,0,0.15360925215382754,0.04295148547836326,4,1,832,0,0,0,0.0,0.24437507438143413,nan,0.049699788197972716
5.7,full+plan,table,0.09831969828027622,0.10125483058500939,0,0,free,0,0.15384382671325098,0.04395562530828359,4,1,832,0,0,0,0.0,0.24698260078884723,nan,0.04962791856989668
5.75,full+plan,table,0.0981978476970634,0.10135985844939051,0,0,free,0,0.1541867006997753,0.043378446573946766,4,1,833,0,0,0,0.0,0.24494657785696416,nan,0.049534278374318674
5.800000000000001,full+plan,table,0.09832018964637242,0.10158944488021424,0,0,free,0,0.1546841755924862,0.0431489580371725,4,1,833,0,0,0,0.0,0.2472344234893009,nan,0.04968053694895447
5.8500000000000005,full+plan,table,0.09839880979983259,0.10172702856389264,0,0,free,0,0.15514303988991468,0.043855803669934204,4,1,833,0,0,0,0.0,0.2453251377120252,nan,0.04931758831179023
5.9,full+plan,table,0.09832426898573567,0.10174476961732874,0,0,free,0,0.15528022193653035,0.043289229531894916,4,1,833,0,0,0,0.0,0.2474766837369845,nan,0.04917160976341284
5.95,full+plan,table,0.09843464872417064,0.101087175084223,0,0,free,0,0.15560989372648892,0.04249353848264541,4,1,833,0,0,0,0.0,0.24331599589832006,nan,0.0490893490309644
6.0,full+plan,table,0.098491800161205,0.10090797017830848,0,0,free,0,0.1545314550340986,0.04203399089777031,4,1,833,0,0,0,0.0,0.24594275616827885,nan,0.04932511889173119
6.050000000000001,full+plan,table,0.09859149800662828,0.10053427573592566,0,0,free,0,0.15639582060395696,0.04317871766207375,4,1,833,0,0,0,0.0,0.24874963703958006,nan,0.049214995078734614
6.1000000000000005,full+plan,table,0.09839209062739948,0.10057598322931997,0,0,free,0,0.15719930684464917,0.0430436666179015,4,1,833,0,0,0,0.0,0.2489087452624843,nan,0.04912103294945791
6.15,full+plan,table,0.09845713534965259,0.09967789516617633,0,0,free,0,0.15779627492933368,0.042031869030529176,4,1,833,0,0,0,0.0,0.24715189607674465,nan,0.0492151423730679
6.2,full+plan,table,0.09861950255780622,0.09977549749946861,0,0,free,0,0.15708706890696228,0.04216995634704422,4,1,833,0,0,0,0.0,0.24777390409768507,nan,0.04949060114579318
6.25,full+plan,table,0.09881879433242041,0.09901371237321197,0,0,free,0,0.1584564343461689,0.04327637279032033,4,1,833,0,0,0,0.0,0.2461688547109694,nan,0.04920652336875053
6.300000000000001,full+plan,table,0.09864918883506679,0.09911178678155956,0,0,free,0,0.15767099701259468,0.042700682418091954,4,1,833,0,0,0,0.0,0.2467759546691459,nan,0.04932343677197615
6.3500000000000005,full+plan,table,0.098706297501603,0.09847220449967412,0,0,free,0,0.15919052100582026,0.04316875625022176,4,1,833,0,0,0,0.0,0.2477834809570054,nan,0.04937651961166878
6.4,full+plan,table,0.09872869801219826,0.09878866414564116,0,0,free,0,0.15806226630703912,0.043136780162503094,4,1,833,0,0,0,0.0,0.24373856290747759,nan,0.049127489774314914
6.45,full+plan,table,0.0986020298691726,0.09832629058165204,0,0,free,0,0.1581815625659444,0.04225943826211338,4,1,833,0,0,0,0.0,0.2445807974341172,nan,0.049437056281763314
6.5,full+plan,table,0.09886022906307979,0.09859378080932298,0,0,free,0,0.1575021844869956,0.04334734214882836,4,1,833,0,0,0,0.0,0.2449693578254743,nan,0.04945830454789102
6.550000000000001,full+plan,table,0.098854737821595,0.09831491877296714,0,0,free,0,0.15817115432424933,0.04321299262506989,4,1,833,0,0,0,0.0,0.2413323550016053,nan,0.049202161365640706
6.6000000000000005,full+plan,table,0.09870678824641269,0.0984846654499493,0,0,free,0,0.15680050755596736,0.04241018416680954,4,1,833,0,0,0,0.0,0.2415258430638478,nan,0.04948063092845989
6.65,full+plan,table,0.09893795211539573,0.09840040388173758,0,0,free,0,0.15744375491308538,0.04346082517642186,4,1,833,0,0,0,0.0,0.2446007594239927,nan,0.04918302967795496
6.7,full+plan,table,0.09869150994511297,0.09835576261711197,0,0,free,0,0.15907832433171676,0.04210080591401319,4,1,833,0,0,0,0.0,0.24559083810310733,nan,0.049522211263671956
6.75,full+plan,table,0.0989861045663314,0.09845846580758186,0,0,free,0,0.15774984157339633,0.04240217629137781,4,1,833,0,0,0,0.0,0.24168606853579688,nan,0.04931807050920167
6.800000000000001,full+plan,table,0.09884455249485506,0.09849769376628209,0,0,free,0,0.15840031502164592,0.04275864309932775,4,1,833,0,0,0,0.0,0.24501301082815055,nan,0.04948983050004241
6.8500000000000005,full+plan,table,0.09898091695240478,0.09849657733069371,0,0,free,0,0.160000514252767,0.043391955975737015,4,1,833,0,0,0,0.0,0.24152343658439465,nan,0.0491011525852898
6.9,full+plan,table,0.0987313752192137,0.09850389063681066,0,0,free,0,0.15847082363081488,0.0417787336358183,4,1,833,0,0,0,0.0,0.24189220095942224,nan,0.04955399026872509
6.95,full+plan,table,0.09912845136879073,0.0986694720377616,0,0,free,0,0.15929836600439412,0.04292419186705719,4,1,833,0,0,0,0.0,0.24227426613531403,nan,0.049719883604445236
7.0,full+plan,table,0.09925910797210494,0.09854521028361424,0,0,free,0,0.15983980923713625,0.04339873594084369,4,1,833,0,0,0,0.0,0.2385974629021519,nan,0.04926506264387209
7.050000000000001,full+plan,table,0.09894406160690562,0.09861898800630167,0,0,free,0,0.1580573794453516,0.041871268877225906,4,1,833,0,0,0,0.0,0.24182999538459643,nan,0.0497225323845093
7.1000000000000005,full+plan,table,0.09934645401426623,0.0989073647701285,0,0,free,0,0.1597854337631528,0.04286519768152451,4,1,833,0,0,0,0.0,0.2421924120598447,nan,0.049585078862897314
7.15,full+plan,table,0.0991883137913251,0.09888974439491142,0,0,free,0,0.16033523650655346,0.04352510815491181,4,1,833,0,0,0,0.0,0.24534972347256048,nan,0.04927503327179972
7.2,full+plan,table,0.09888614588059953,0.09881923748615344,0,0,free,0,0.16076195694123252,0.042790281615521925,4,1,833,0,0,0,0.0,0.24190916928885406,nan,0.04908079214211081
7.25,full+plan,table,0.09877050042434994,0.09884384064632562,0,0,free,0,0.15959156094562071,0.04243002152030925,4,1,833,0,0,0,0.0,0.24235574460248915,nan,0.04915167367087503
7.300000000000001,full+plan,table,0.09880937261702594,0.09894200730028534,0,0,free,0,0.16094768865707393,0.042949476867247705,4,1,833,0,0,0,0.0,0.2456166083560961,nan,0.04894790798824056
7.3500000000000005,full+plan,table,0.09863161117175132,0.09892742611628111,0,0,free,0,0.16049926143475618,0.042267591163859405,4,1,833,0,0,0,0.0,0.2422065241357893,nan,0.04883579044479591
7.4,full+plan,table,0.09860462873637353,0.0988318301221694,0,0,free,0,0.15930116726879134,0.04196943476479484,4,1,833,0,0,0,0.0,0.24276281102489844,nan,0.04906955669960533
7.45,full+plan,table,0.09879617110400798,0.09906400137035748,0,0,free,0,0.1607736684892948,0.04310672000875557,4,1,833,0,0,0,0.0,0.24333171567264497,nan,0.04898688025080489
7.5,full+plan,table,0.0987024808419278,0.09901418583549604,0,0,free,0,0.16213732404669284,0.04276019949644504,4,1,833,0,0,0,0.0,0.2398265634687103,nan,0.04867088624141791
7.550000000000001,full+plan,table,0.09847004195968584,0.09897464177849102,0,0,free,0,0.15953947376109545,0.04197431934756975,4,1,833,0,0,0,0.0,0.24018234169349006,nan,0.048872806183309914
7.6000000000000005,full+plan,table,0.09863736204840493,0.09914860622693965,0,0,free,0,0.16087249268326986,0.042783110022424506,4,1,833,0,0,0,0.0,0.24384267793565875,nan,0.04860498142840142
7.65,full+plan,table,0.09839154708908766,0.09914950946443753,0,0,free,0,0.16046871545856284,0.04170563073608061,4,1,833,0,0,0,0.0,0.2449392922135451,nan,0.048850075148221705
7.7,full+plan,table,0.09860140334770748,0.09893942769532725,0,0,free,0,0.16078092481713213,0.04156259833627719,4,1,833,0,0,0,0.0,0.24552238622158024,nan,0.04922559192336007
7.75,full+plan,table,0.09895575503745355,0.0993009436086817,0,0,free,0,0.16138992898035115,0.04247200626995855,4,1,833,0,0,0,0.0,0.24184346088389055,nan,0.04921003568779758
7.800000000000001,full+plan,table,0.09894153379230755,0.09937304790122624,0,0,free,0,0.1618838328218456,0.042741860943159876,4,1,833,0,0,0,0.0,0.24518116459589445,nan,0.04938362632872273
7.8500000000000005,full+plan,table,0.0991005449044215,0.09934501516478333,0,0,free,0,0.16337693663148134,0.04259028780658104,4,1,835,0,0,0,0.0,0.2419006279118195,nan,0.04930456872414324
7.9,full+plan,table,0.09902701805093515,0.09922896229327907,0,0,free,0,0.1610628788918751,0.042130747535399526,4,1,835,0,0,0,0.0,0.24208614026674405,nan,0.049684044015445905
7.95,full+plan,table,0.09937724277218155,0.09944123725249952,0,0,free,0,0.16208595249288416,0.043212721696688175,4,1,835,0,0,0,0.0,0.24544954408574046,nan,0.04954408015716605
8.0,full+plan,table,0.09924109559906985,0.09948253875303045,0,0,free,0,0.1617916924291103,0.042448244629592666,4,1,835,0,0,0,0.0,0.24632237335369062,nan,0.049810791035414526
8.05,full+plan,table,0.09947933761108718,0.09931810755031749,0,0,free,0,0.1632057160557635,0.0426299671353747,4,1,835,0,0,0,0.0,0.24317692431858282,nan,0.04987030687467753
8.1,full+plan,table,0.09954432864078083,0.09932352452104339,0,0,free,0,0.16220080410031046,0.04287451067335557,4,1,835,0,0,0,0.0,0.24387655891258764,nan,0.04995697758792661
8.15,full+plan,table,0.09960771997136579,0.09937508368903954,0,0,free,0,0.16282792993570672,0.0432340877957442,4,1,835,0,0,0,0.0,0.24064065895174244,nan,0.04973744850741724
8.200000000000001,full+plan,table,0.09944368928601165,0.09919149280678981,0,0,free,0,0.16094962824679093,0.04189276123085606,4,1,835,0,0,0,0.0,0.24084934143282274,nan,0.05019909275812484
8.25,full+plan,table,0.09986319746817038,0.09949053939109363,0,0,free,0,0.1614648370498571,0.04274474364898455,4,1,835,0,0,0,0.0,0.24412628662146024,nan,0.05039451653309268
8.3,full+plan,table,0.10003082365871681,0.0996289941521074,0,0,free,0,0.16297671416326698,0.04345942827321575,4,1,835,0,0,0,0.0,0.24062166231882404,nan,0.05006138203182642
8.35,full+plan,table,0.09977906305311214,0.09955548050199237,0,0,free,0,0.16084277568479022,0.04226483265688449,4,1,835,0,0,0,0.0,0.24117276436279614,nan,0.05053773376704851
8.4,full+plan,table,0.1002093773753942,0.09945260311767869,0,0,free,0,0.16154601049568934,0.04250757186596932,4,1,835,0,0,0,0.0,0.24142169347986778,nan,0.050755566969593824
8.450000000000001,full+plan,table,0.1003940787648004,0.09960723496990496,0,0,free,0,0.16199959677684994,0.043273560877854556,4,1,835,0,0,0,0.0,0.24082695531080942,nan,0.05029736960321829
8.5,full+plan,table,0.10004586043696416,0.0995694047418346,0,0,free,0,0.16064712727160724,0.04228819482660193,4,1,835,0,0,0,0.0,0.2414005081157671,nan,0.05059405242881643
8.55,full+plan,table,0.10051313216109117,0.09934817429828735,0,0,free,0,0.16162301449342314,0.04189755741429785,4,1,835,0,0,0,0.0,0.24167706489236235,nan,0.050880379674793974
8.6,full+plan,table,0.1007398559965362,0.09965993635737419,0,0,free,0,0.16212900289800913,0.043050175179060804,4,1,835,0,0,0,0.0,0.2419529113619371,nan,0.05082046484043545
8.65,full+plan,table,0.1007340570448945,0.09968089679192413,0,0,free,0,0.16251222434585288,0.0434148945578903,4,1,835,0,0,0,0.0,0.2385999331192883,nan,0.05047285725351147
8.700000000000001,full+plan,table,0.10048899081342803,0.09945110225666579,0,0,free,0,0.16043096826303654,0.04175645799460467,4,1,835,0,0,0,0.0,0.24187309573641672,nan,0.05094297013622162
8.75,full+plan,table,0.10074958801028698,0.09980307646666575,0,0,free,0,0.16200136107149377,0.042549283469822535,4,1,835,0,0,0,0.0,0.24222434701504747,nan,0.05105706008653699
8.8,full+plan,table,0.10067195477179551,0.0999775122305138,0,0,free,0,0.16241167393121214,0.043011605541386125,4,1,835,0,0,0,0.0,0.24160818303593495,nan,0.0507438772542792
8.85,full+plan,table,0.1004191189245466,0.10009163731705144,0,0,free,0,0.16164780023763697,0.04327380269470056,4,1,835,0,0,0,0.0,0.2423409097544182,nan,0.05084157874344364
8.9,full+plan,table,0.10061629022562044,0.09973917969470393,0,0,free,0,0.16189269696645797,0.041891825821423756,4,1,835,0,0,0,0.0,0.24269059078436692,nan,0.05107558540075108
8.950000000000001,full+plan,table,0.10067591702936567,0.10009521643546543,0,0,free,0,0.1623532765454565,0.04297371431177936,4,1,835,0,0,0,0.0,0.24229692189142243,nan,0.05073066107283364
9.0,full+plan,table,0.10040618663842568,0.1001976741780827,0,0,free,0,0.1615830780374934,0.04291835583709769,4,1,835,0,0,0,0.0,0.24271478911861982,nan,0.05111183829868893
9.05,full+plan,table,0.10073867975803141,0.10022532872889602,0,0,free,0,0.1628644526463935,0.043823675602086665,4,1,835,0,0,0,0.0,0.24370575449224838,nan,0.05098892335838556
9.1,full+plan,table,0.10082904396224794,0.09989948586170365,0,0,free,0,0.16219341058785652,0.0421638510322305,4,1,835,0,0,0,0.0,0.24016616762737075,nan,0.05105092691419444
9.15,full+plan,table,0.10068687831938637,0.10019870830139328,0,0,free,0,0.1626299845196103,0.04296161848764071,4,1,835,0,0,0,0.0,0.24365597116236073,nan,0.05103967889557537
9.200000000000001,full+plan,table,0.10064486141207993,0.10033847086435552,0,0,free,0,0.16406889379193956,0.04365249778270082,4,1,835,0,0,0,0.0,0.24015316822399338,nan,0.05078036008667042
9.25,full+plan,table,0.10042901460557657,0.10028330358526238,0,0,free,0,0.16187840466343245,0.04341054666620742,4,1,835,0,0,0,0.0,0.2407504837463575,nan,0.051021646010591226
9.3,full+plan,table,0.10062940313457072,0.1000230129822734,0,0,free,0,0.16244719289610937,0.04255247876995587,4,1,835,0,0,0,0.0,0.24100228099817975,nan,0.05101592157612822
9.35,full+plan,table,0.10059868387841435,0.10022336047525107,0,0,free,0,0.1628408563590223,0.043291402871770635,4,1,835,0,0,0,0.0,0.2403950216637042,nan,0.05071962633536142
9.4,full+plan,table,0.10036260606090495,0.10023428243045536,0,0,free,0,0.16176282013853832,0.04328998474516707,4,1,835,0,0,0,0.0,0.24102001704269074,nan,0.05087379662393243
9.450000000000001,full+plan,table,0.10059199543393418,0.09983015586817742,0,0,free,0,0.162215332513942,0.041776218884689506,4,1,835,0,0,0,0.0,0.24128632871317807,nan,0.05101622307161502
9.5,full+plan,table,0.10058965313869993,0.10022720889235309,0,0,free,0,0.16266352351120028,0.04293849907003776,4,1,835,0,0,0,0.0,0.2375432709247466,nan,0.05066805054638068
9.55,full+plan,table,0.10031945150201771,0.10033719654053248,0,0,free,0,0.1616203001787173,0.04332905986443891,4,1,835,0,0,0,0.0,0.24072328951769328,nan,0.05087253754072507
9.600000000000001,full+plan,table,0.10048132249425379,0.1003524313804459,0,0,free,0,0.16290662270591483,0.04377966811003879,4,1,835,0,0,0,0.0,0.2414122994591918,nan,0.05082033517329709
9.65,full+plan,table,0.10040554121088702,0.10001577857256874,0,0,free,0,0.16237655541367524,0.04222486677806389,4,1,835,0,0,0,0.0,0.23760866475694484,nan,0.050460268672756325
9.700000000000001,full+plan,table,0.10012970190415642,0.1002965358480143,0,0,free,0,0.16155045403792612,0.04313102126207631,4,1,835,0,0,0,0.0,0.24095867604828522,nan,0.05069448687749112
9.75,full+plan,table,0.10032238973829381,0.10032472068303233,0,0,free,0,0.1628295257289018,0.043563080396710044,4,1,835,0,0,0,0.0,0.24122899348306737,nan,0.05066945849724103
9.8,full+plan,table,0.10027479100690187,0.10027080797284704,0,0,free,0,0.16405578567850998,0.043474088122566756,4,1,835,0,0,0,0.0,0.24208774499751018,nan,0.050498478181207895
9.850000000000001,full+plan,table,0.10004906452364933,0.10001370989237619,0,0,free,0,0.16254040217127186,0.042322197724226795,4,1,835,0,0,0,0.0,0.24144151652796278,nan,0.050358584875266454
9.9,full+plan,table,0.09997639187714974,0.10029297421825319,0,0,free,0,0.1625948159309164,0.042918720614279815,4,1,835,0,0,0,0.0,0.24177278748808448,nan,0.05044517827923656
9.950000000000001,full+plan,table,0.10003358127502374,0.10042132073721143,0,0,free,0,0.1638671028268739,0.043757183389944554,4,1,835,0,0,0,0.0,0.24536422988031206,nan,0.050198297886754895
10.0,full+plan,table,0.0997632419820419,0.10035339310583924,0,0,free,0,0.16338548820944754,0.04301296622879047,4,1,835,0,0,0,0.0,0.24220652543518256,nan,0.050181933894346886
10.05,full+plan,table,0.09980987699723046,0.09997389852016564,0,0,free,0,0.16236141546758648,0.04207033513585383,4,1,835,0,0,0,0.0,0.24267348011344475,nan,0.05038278055409606
10.100000000000001,full+plan,table,0.09997317418926015,0.10031149967432647,0,0,free,0,0.1636757380774445,0.04318996161728386,4,1,835,0,0,0,0.0,0.2431474784278738,nan,0.050314298793886825
10.15,full+plan,table,0.09988811920281249,0.10037556624418974,0,0,free,0,0.16467170351114185,0.04343103070792563,4,1,835,0,0,0,0.0,0.23991542832444152,nan,0.05015916198827863
10.200000000000001,full+plan,table,0.09977263480883299,0.09998906694464364,0,0,free,0,0.1624228270787022,0.042027069505120515,4,1,835,0,0,0,0.0,0.2401833970712823,nan,0.05035241581213523
10.25,full+plan,table,0.09992852958590336,0.10033186530329649,0,0,free,0,0.1629648576208002,0.04299079992164824,4,1,835,0,0,0,0.0,0.23955762774320932,nan,0.04986143795786513
10.3,full+plan,table,0.09958649790430718,0.1004221323154079,0,0,free,0,0.16102267315337915,0.0420125498913429,4,1,835,0,0,0,0.0,0.23979970821804408,nan,0.050354936229112024
10.350000000000001,full+plan,table,0.10002543791503446,0.10041044396018571,0,0,free,0,0.1623588085983932,0.0431197982060961,4,1,835,0,0,0,0.0,0.24038078572145677,nan,0.050579548606852764
10.4,full+plan,table,0.10021077496042609,0.10008767974690719,0,0,free,0,0.1627281830483584,0.04236475797008471,4,1,835,0,0,0,0.0,0.24069357110364273,nan,0.050510420276305146
10.450000000000001,full+plan,table,0.10012141702142864,0.10033756314145033,0,0,free,0,0.16308878149678585,0.04297722344715875,4,1,835,0,0,0,0.0,0.24000960557353646,nan,0.05025021713822053
10.5,full+plan,table,0.09991894299851041,0.10043769808810876,0,0,free,0,0.16234777118483568,0.04308163441719845,4,1,835,0,0,0,0.0,0.24031654868745086,nan,0.050460861515160604
10.55,full+plan,table,0.10008883583522421,0.10032230944346734,0,0,free,0,0.16367653546570032,0.04334933722182514,4,1,835,0,0,0,0.0,0.2409828993250229,nan,0.05040254682335055
10.600000000000001,full+plan,table,0.10001071753776654,0.10010434691999784,0,0,free,0,0.16281513006065346,0.04256399101336977,4,1,835,0,0,0,0.0,0.24029791444924817,nan,0.0501476460062491
10.65,full+plan,table,0.09981521465651394,0.10028634076221422,0,0,free,0,0.16237134210862886,0.043001191095097396,4,1,835,0,0,0,0.0,0.2406044007666896,nan,0.050366209467939904
10.700000000000001,full+plan,table,0.09999355625740483,0.10033282938744618,0,0,free,0,0.1636993069815374,0.043745795503763146,4,1,835,0,0,0,0.0,0.24138943106455232,nan,0.05007013988218434
10.75,full+plan,table,0.0997082245669424,0.09996760641486711,0,0,free,0,0.1625031787282255,0.04204930813770136,4,1,835,0,0,0,0.0,0.24179021759578714,nan,0.05031862565264844
10.8,full+plan,table,0.09991611447424976,0.10027716487921128,0,0,free,0,0.16284319046640439,0.04258489643750099,4,1,835,0,0,0,0.0,0.24113298329644153,nan,0.0503707063728317
10.850000000000001,full+plan,table,0.1000003499940685,0.10048446467223414,0,0,free,0,0.16353737889777553,0.04335578577828718,4,1,835,0,0,0,0.0,0.24486015160402408,nan,0.05040801788077731
10.9,full+plan,table,0.10000165301400256,0.10053356646577086,0,0,free,0,0.16495218401612516,0.04371770437278741,4,1,835,0,0,0,0.0,0.2414433241375048,nan,0.05009299991677896
10.950000000000001,full+plan,table,0.09977633088057643,0.10040341090511333,0,0,free,0,0.16229830897964764,0.042561381668644996,4,1,835,0,0,0,0.0,0.2425060470242875,nan,0.05041697093474318
11.0,full+plan,table,0.10004451556768226,0.10019394061366824,0,0,free,0,0.16377053454338597,0.04287419413028781,4,1,835,0,0,0,0.0,0.24320408194417045,nan,0.050510582709024865
11.05,full+plan,table,0.10010364726567532,0.10031221723256337,0,0,free,0,0.16445992510712198,0.04339095557865798,4,1,835,0,0,0,0.0,0.2426044258681983,nan,0.05041367168293165
11.100000000000001,full+plan,table,0.1000514580316864,0.10033438333005182,0,0,free,0,0.16419260905498617,0.043732977670808554,4,1,835,0,0,0,0.0,0.24362932592729586,nan,0.050087553852361966
11.15,full+plan,table,0.09970823170852212,0.09999171115557003,0,0,free,0,0.16362844786452796,0.04214819099926062,4,1,835,0,0,0,0.0,0.24001356127839077,nan,0.05015115508376089
11.200000000000001,full+plan,table,0.09984677359420391,0.10029758807361752,0,0,free,0,0.16259418178753515,0.04266990501574443,4,1,835,0,0,0,0.0,0.24361862794948208,nan,0.05046620523326095
11.25,full+plan,table,0.10010883598361726,0.10035375485086986,0,0,free,0,0.1640023788235928,0.04357316983950682,4,1,835,0,0,0,0.0,0.24445957645843255,nan,0.05050418653830058
11.3,full+plan,table,0.10011368839584348,0.10031478686671068,0,0,free,0,0.1653727823656359,0.04355833006788075,4,1,835,0,0,0,0.0,0.2413904885063492,nan,0.050237102028733105
11.350000000000001,full+plan,table,0.09991573228615333,0.10003692816299413,0,0,free,0,0.16274905253645588,0.042429232023906555,4,1,835,0,0,0,0.0,0.2417930134346149,nan,0.050671242189252785
11.4,full+plan,table,0.10030038942828852,0.1002648384933345,0,0,free,0,0.16406228896453362,0.043231419556793535,4,1,835,0,0,0,0.0,0.2451115941068965,nan,0.0508435274252933
11.450000000000001,full+plan,table,0.10043710212920907,0.10034556434940323,0,0,free,0,0.16534610483650047,0.04394557610530417,4,1,835,0,0,0,0.0,0.24176168174061508,nan,0.050654189161625895
11.5,full+plan,table,0.10031094085076392,0.10021012967485203,0,0,free,0,0.16435204271904147,0.04325273343176801,4,1,835,0,0,0,0.0,0.24281812740895156,nan,0.05036687479203228
11.55,full+plan,table,0.09998162739555445,0.10003988695753871,0,0,free,0,0.1638004815414399,0.04290409129666255,4,1,835,0,0,0,0.0,0.24338252485742753,nan,0.05064713516078878
11.600000000000001,full+plan,table,0.1002209111692451,0.10014962419240614,0,0,free,0,0.1648037295968962,0.04332441907393371,4,1,835,0,0,0,0.0,0.24024813118508329,nan,0.05065886868407854
11.65,full+plan,table,0.10027728942821461,0.09976538983557806,0,0,free,0,0.16263448078101705,0.04177429385054637,4,1,835,0,0,0,0.0,0.24055324729652566,nan,0.05075270815403288
11.700000000000001,full+plan,table,0.10033991272613213,0.10014853782784693,0,0,free,0,0.1630455403200899,0.042606912315735476,4,1,835,0,0,0,0.0,0.24003028935727388,nan,0.05047150641390685
11.75,full+plan,table,0.10012861272909367,0.1003266709154108,0,0,free,0,0.16284852324289334,0.043102802388819014,4,1,835,0,0,0,0.0,0.24081601895447083,nan,0.05068919569635855
11.8,full+plan,table,0.10028768052363518,0.10034469680272293,0,0,free,0,0.16430884918074085,0.04364437036327053,4,1,835,0,0,0,0.0,0.24013122631266134,nan,0.05040961146042178
11.850000000000001,full+plan,table,0.10012646091993338,0.1003016184536638,0,0,free,0,0.16323127591057796,0.04348098067335926,4,1,835,0,0,0,0.0,0.2412614488526292,nan,0.050494922265823194
11.9,full+plan,table,0.10016276154257493,0.10005985353752862,0,0,free,0,0.16432127143291425,0.04263940944163963,4,1,835,0,0,0,0.0,0.241884073686978,nan,0.05031292085143768
11.950000000000001,full+plan,table,0.09991332120906679,0.10024314145264315,0,0,free,0,0.164118864531888,0.04326086047401338,4,1,835,0,0,0,0.0,0.24124380728835332,nan,0.05021230435381219
12.0,full+plan,table,0.09991166321169076,0.10023157245548879,0,0,free,0,0.16306582860635632,0.043007277418946846,4,1,835,0,0,0,0.0,0.2420858748920628,nan,0.05043511184524885
12.05,full+plan,table,0.10009540933039918,0.09983081389701863,0,0,free,0,0.1640950112729475,0.04183256106437691,4,1,835,0,0,0,0.0,0.24278444592473658,nan,0.05012782748531164
12.100000000000001,full+plan,table,0.09976597013461104,0.10022349860078605,0,0,free,0,0.163772991332014,0.04276357005277211,4,1,835,0,0,0,0.0,0.2391881421390708,nan,0.050145158184178085
12.15,full+plan,table,0.09987795804875267,0.10033927214348407,0,0,free,0,0.16270808941223736,0.04256996833872735,4,1,835,0,0,0,0.0,0.24245232086690124,nan,0.050483526789201205
12.200000000000001,full+plan,table,0.10016575748543209,0.10034686093209103,0,0,free,0,0.16407942749032778,0.04364230320059147,4,1,835,0,0,0,0.0,0.24377632011159914,nan,0.05053195165417368
12.25,full+plan,table,0.10017340589545412,0.1000001473691332,0,0,free,0,0.1644068546489556,0.04226549213868634,4,1,835,0,0,0,0.0,0.2403534367619027,nan,0.050176489322638185
12.3,full+plan,table,0.09990740036455732,0.10029872050930667,0,0,free,0,0.16280350812809247,0.04253822510457035,4,1,835,0,0,0,0.0,0.24119302864121628,nan,0.05051936393614509
12.350000000000001,full+plan,table,0.10019019394018025,0.10032340950852607,0,0,free,0,0.16426883956299615,0.043460929748557545,4,1,835,0,0,0,0.0,0.24226956770803706,nan,0.050632733703631305
12.4,full+plan,table,0.10026488209659705,0.09998315733261524,0,0,free,0,0.16321177892297412,0.04222205708008571,4,1,835,0,0,0,0.0,0.23866668810020672,nan,0.05048402755104553
12.450000000000001,full+plan,table,0.10017969014676222,0.1002750593440853,0,0,free,0,0.16361586504595116,0.04293036600089076,4,1,835,0,0,0,0.0,0.24227388726392698,nan,0.05018813924825283
12.5,full+plan,table,0.09984778601130687,0.1003773665624618,0,0,free,0,0.16405862163766594,0.04283665677743821,4,1,835,0,0,0,0.0,0.24163591501112439,nan,0.05019113828865629
12.55,full+plan,table,0.0999460624680288,0.10032250674469961,0,0,free,0,0.16298908108212434,0.04256975192227576,4,1,835,0,0,0,0.0,0.24241685317570857,nan,0.05054603464306817
12.600000000000001,full+plan,table,0.10024461829260509,0.10018667540182387,0,0,free,0,0.16438667066812024,0.0432245402074809,4,1,835,0,0,0,0.0,0.24357767845059036,nan,0.05062731741981985
12.65,full+plan,table,0.10028803466845818,0.10001548014982792,0,0,free,0,0.1650499676797486,0.04291297049708016,4,1,835,0,0,0,0.0,0.24017769701175248,nan,0.050270845149409826
12.700000000000001,full+plan,table,0.10001423106848374,0.10012828164213852,0,0,free,0,0.1630581042171943,0.04230722565685496,4,1,835,0,0,0,0.0,0.24086301979502098,nan,0.050753075453839114
12.75,full+plan,table,0.10044542514193269,0.09974838701483776,0,0,free,0,0.16337995118275161,0.0417783640021822,4,1,835,0,0,0,0.0,0.2412406355798543,nan,0.05097793854683952
12.8,full+plan,table,0.10063157512805332,0.10014200365252772,0,0,free,0,0.16384842379960313,0.042940421872992976,4,1,835,0,0,0,0.0,0.241615059559084,nan,0.05094902714735172
12.850000000000001,full+plan,table,0.10058041073245279,0.10024685231247396,0,0,free,0,0.1642001756097231,0.043241407649210375,4,1,835,0,0,0,0.0,0.24115589481544517,nan,0.05079719678527517
12.9,full+plan,table,0.10044006847523454,0.10026255182359516,0,0,free,0,0.16429205419798104,0.04334610443848702,4,1,835,0,0,0,0.0,0.24190472913180597,nan,0.05097449967337109
12.950000000000001,full+plan,table,0.10063548952344362,0.0999548403839669,0,0,free,0,0.16356546574715042,0.042266488535221344,4,1,835,0,0,0,0.0,0.23828860614657402,nan,0.050834348702051835
13.0,full+plan,table,0.10051446367395032,0.1002211246770199,0,0,free,0,0.16395983313477897,0.043067648279333196,4,1,835,0,0,0,0.0,0.2417535593130636,nan,0.05090053050419263
13.05,full+plan,table,0.10055191443173012,0.10024791358373285,0,0,free,0,0.16547353325228015,0.04361200433861079,4,1,835,0,0,0,0.0,0.2381703577219508,nan,0.050529308671469875
13.100000000000001,full+plan,table,0.10025893211641664,0.10017496360590802,0,0,free,0,0.16313691474030229,0.04329589248443824,4,1,835,0,0,0,0.0,0.2390724698974587,nan,0.05047440674684678
13.15,full+plan,table,0.10015779856193224,0.09995603374959731,0,0,free,0,0.1637431688702231,0.042537062834996864,4,1,835,0,0,0,0.0,0.23842673305996726,nan,0.04983541316779949
13.200000000000001,full+plan,table,0.09969102364490445,0.10011804282659278,0,0,free,0,0.16179845040023244,0.04233528175214628,4,1,835,0,0,0,0.0,0.2389944520355798,nan,0.05012474810960155
13.25,full+plan,table,0.09991373618341365,0.10021470386764163,0,0,free,0,0.1633273473567623,0.04341643414296917,4,1,835,0,0,0,0.0,0.24256136673590156,nan,0.05011495802571242
13.3,full+plan,table,0.09986401000030622,0.10013905693742431,0,0,free,0,0.16479643771838803,0.04349086644710155,4,1,835,0,0,0,0.0,0.24369985015437695,nan,0.04964001836135923
13.350000000000001,full+plan,table,0.09936999529472025,0.09984528324672809,0,0,free,0,0.16408068100351386,0.042199523188303736,4,1,835,0,0,0,0.0,0.2400914404213361,nan,0.049670753223058695
13.4,full+plan,table,0.09949968741298779,0.10012786423664381,0,0,free,0,0.1629624315565602,0.042506766923892214,4,1,835,0,0,0,0.0,0.24079419607801766,nan,0.04985303018736975
13.450000000000001,full+plan,table,0.09963137767795088,0.10013397726868117,0,0,free,0,0.16449237086846852,0.04346012969875335,4,1,835,0,0,0,0.0,0.2418897696059334,nan,0.04972688411641679
13.5,full+plan,table,0.09948431439091208,0.09985644593465046,0,0,free,0,0.16389676435291384,0.04223213785403758,4,1,835,0,0,0,0.0,0.23815245790610948,nan,0.049435453664147366
13.55,full+plan,table,0.09926127524534241,0.1001193710813967,0,0,free,0,0.1632477039251088,0.04235946482990134,4,1,835,0,0,0,0.0,0.24181022672052713,nan,0.04961329588432295
13.600000000000001,full+plan,table,0.09939298355201515,0.10018224340074391,0,0,free,0,0.16478709070998154,0.043232233272396,4,1,835,0,0,0,0.0,0.23807746760958065,nan,0.04932041532318354
13.65,full+plan,table,0.09923115953190903,0.1000780171572883,0,0,free,0,0.1636054505566209,0.04299729147631352,4,1,835,0,0,0,0.0,0.23891650366034348,nan,0.049298094443169904
13.700000000000001,full+plan,table,0.09918728010805991,0.0999094630638327,0,0,free,0,0.16411783495959187,0.04268058144057485,4,1,835,0,0,0,0.0,0.24233269021044562,nan,0.0490255824133321
13.75,full+plan,table,0.09882791315889355,0.10002555691876484,0,0,free,0,0.16422061760795803,0.04226282817530759,4,1,835,0,0,0,0.0,0.24276347073544483,nan,0.04916033116759322
13.8,full+plan,table,0.09894037531927942,0.10008107300359427,0,0,free,0,0.1656416874738844,0.04270011424431208,4,1,835,0,0,0,0.0,0.23944566108054133,nan,0.048988255191210195
13.850000000000001,full+plan,table,0.09885779998354953,0.09976952925809449,0,0,free,0,0.16392040997478524,0.04197801211262664,4,1,835,0,0,0,0.0,0.23972896872644658,nan,0.04859228973049401
13.9,full+plan,table,0.09842813604440365,0.10008872067339444,0,0,free,0,0.16362756039253684,0.04150454060922211,4,1,835,0,0,0,0.0,0.2436445455815274,nan,0.04886468830006552
13.950000000000001,full+plan,table,0.0986601020897776,0.10010709257364538,0,0,free,0,0.16522378007943256,0.04187661722979699,4,1,835,0,0,0,0.0,0.2399361936838004,nan,0.0488933338669868
14.0,full+plan,table,0.09876547632492853,0.10008800955832872,0,0,free,0,0.16412743269801294,0.04245564649274487,4,1,835,0,0,0,0.0,0.24090313240586125,nan,0.048941357620299164
14.05,full+plan,table,0.09879158169394593,0.09984467310994569,0,0,free,0,0.16415326505542704,0.04229089501055215,4,1,835,0,0,0,0.0,0.24010366706652317,nan,0.04858643468275914
14.100000000000001,full+plan,table,0.09852608765518885,0.1000955215937596,0,0,free,0,0.16282835156950604,0.04134568474027296,4,1,835,0,0,0,0.0,0.24071335900653776,nan,0.04893686814419784
14.15,full+plan,table,0.09882985557423746,0.10026103167217756,0,0,free,0,0.16435379621263269,0.04187147882468341,4,1,835,0,0,0,0.0,0.2413563825600822,nan,0.0492651076842574
14.200000000000001,full+plan,table,0.0991205867745949,0.10015234257305601,0,0,free,0,0.1657635570328757,0.04296530210164422,4,1,835,0,0,0,0.0,0.23787554553148835,nan,0.048853598079609095
14.25,full+plan,table,0.09880272998102967,0.09997291153250938,0,0,free,0,0.1629538989444172,0.04094608260279191,4,1,835,0,0,0,0.0,0.24137581006295572,nan,0.0494784062602186
14.3,full+plan,table,0.09936948467794346,0.10018670772530869,0,0,free,0,0.1643882915529038,0.042197161626105456,4,1,835,0,0,0,0.0,0.24205521605996175,nan,0.049807799790757445
14.350000000000001,full+plan,table,0.09965771742832741,0.10024323778891901,0,0,free,0,0.16578867200252512,0.04328999715453953,4,1,835,0,0,0,0.0,0.2431759319367439,nan,0.04984655055797471
14.4,full+plan,table,0.0996768168885727,0.09989358009492769,0,0,free,0,0.1640831349140685,0.0420194924121724,4,1,835,0,0,0,0.0,0.23938999437256908,nan,0.04966863560202106
14.450000000000001,full+plan,table,0.09950810621114173,0.10022246211396511,0,0,free,0,0.1644695629379525,0.042340861935101615,4,1,835,0,0,0,0.0,0.24307631806886856,nan,0.04998244414051056
14.5,full+plan,table,0.0997795927517102,0.10030276861430239,0,0,free,0,0.16589156195052263,0.04341569992013021,4,1,835,0,0,0,0.0,0.24388481887492175,nan,0.05000484439869035
14.55,full+plan,table,0.09978159581976419,0.10027285934217924,0,0,free,0,0.16638690693819191,0.04308146454042737,4,1,835,0,0,0,0.0,0.24061052463776333,nan,0.049826097252449575
14.600000000000001,full+plan,table,0.09962216928598036,0.0999972363001998,0,0,free,0,0.16426732703426639,0.04240728596287374,4,1,835,0,0,0,0.0,0.24126887351883328,nan,0.050119978081846095
14.65,full+plan,table,0.0998739585705512,0.10022072726364843,0,0,free,0,0.16465032270307106,0.04299706301980516,4,1,835,0,0,0,0.0,0.24054460402984512,nan,0.05001765467517438
14.700000000000001,full+plan,table,0.09983762888541925,0.10030018758501888,0,0,free,0,0.16495354709824467,0.04309559723250911,4,1,835,0,0,0,0.0,0.24117167033457002,nan,0.05016550827179189
14.75,full+plan,table,0.09994792477089844,0.10015415479358741,0,0,free,0,0.1663331912356154,0.04310839497269903,4,1,835,0,0,0,0.0,0.2376966324321839,nan,0.04974464604257822
14.8,full+plan,table,0.09961276762161511,0.09999964116219327,0,0,free,0,0.16355068437276038,0.04196868887219832,4,1,835,0,0,0,0.0,0.24085457304179073,nan,0.05021662811482508
14.850000000000001,full+plan,table,0.1000409442420458,0.10014995153228078,0,0,free,0,0.16484888377099044,0.04308153216419544,4,1,835,0,0,0,0.0,0.24107949538404927,nan,0.05041811253714912
14.9,full+plan,table,0.1002137782896325,0.1001506331335895,0,0,free,0,0.16610597077769024,0.04004023267367054,5,1,836,0,0,0,0.0,0.24186464971450858,nan,0.050148457633221066
14.950000000000001,full+plan,table,0.09991187709313501,0.09986928878124887,0,0,free,0,0.16408667342457645,0.04220868461787011,5,1,836,0,0,0,0.0,0.24247490681656764,nan,0.05039221280159112
15.0,full+plan,table,0.1001228391752969,0.10005280958433715,0,0,free,0,0.1622388272636786,0.04263879698743307,5,1,836,0,0,0,0.0,0.2420658360318604,nan,0.05042512933424248
