t,mode,scenario,e_left,e_right,step_left,step_right,coord_state,plan_active,d_self_model,d_env_model,n_constraints,qp_ok,n_obstacle_pts,n_arm_arm,n_arm_env,n_arm_torso,pen,d_arms,d_obst,d_belt
0.05,off,circles,9.87693132314243e-06,9.877366799227375e-06,-1,-1,,0,0.05676101943747254,inf,0,1,0,0,0,0,0.0,0.25,nan,0.21129248126365463
0.1,off,circles,0.00013839137335893464,0.00013838125815041237,-1,-1,,0,0.06182729236001873,inf,0,1,0,0,0,0,0.0,0.25,nan,0.21115276817652406
0.15000000000000002,off,circles,0.00024314055989624485,0.00024312307303581222,-1,-1,,0,0.06663865856154032,inf,0,1,0,0,0,0,0.0,0.25,nan,0.2110450942362373
0.2,off,circles,0.0003216153972083818,0.0003215921574050403,-1,-1,,0,0.07119161730030883,inf,0,1,0,0,0,0,0.0,0.25,nan,0.21096405121241368
0.25,off,circles,0.0003785667925765411,0.00037853915744058124,-1,-1,,0,0.07548824077576892,inf,0,1,0,0,0,0,0.0,0.25,nan,0.21090497496849558
0.30000000000000004,off,circles,0.00041805994121946313,0.00041802905946468246,-1,-1,,0,0.07953461439748687,inf,0,1,0,0,0,0,0.0,0.25,nan,0.2108638812216398
0.35000000000000003,off,circles,0.0004435154500005765,0.0004434822764273605,-1,-1,,0,0.08333959468746686,inf,0,1,0,0,0,0,0.0,0.25,nan,0.21083739414110758
0.4,off,circles,0.0004577892478070713,0.00045775458195258106,-1,-1,,0,0.0869138430094366,inf,0,1,0,0,0,0,0.0,0.25,nan,0.21082267371570718
0.45,off,circles,0.0004632510644861972,0.0004632155605685023,-1,-1,,0,0.09026908951026723,inf,0,1,0,0,0,0,0.0,0.25,nan,0.21081734573789424
0.5,off,circles,0.0004618560457878852,0.00046182024210070856,-1,-1,,0,0.09341758382636732,inf,0,1,0,0,0,0,0.0,0.25,nan,0.21081943672695014
0.55,off,circles,0.00045520837135463966,0.0004551727029637057,-1,-1,,0,0.096371694000128,inf,0,1,0,0,0,0,0.0,0.25,nan,0.21082731501237062
0.6000000000000001,off,circles,0.000444616873114188,0.0004445816867882,-1,-1,,0,0.09914362092762745,inf,0,1,0,0,0,0,0.0,0.25,nan,0.21083963840022169
0.65,off,circles,0.00043114309832855677,0.0004311086703466863,-1,-1,,0,0.10174520146274212,inf,0,1,0,0,0,0,0.0,0.25,nan,0.2108553083820609
0.7000000000000001,off,circles,0.00041564250962939156,0.0004156090479271161,-1,-1,,0,0.1041877786066424,inf,0,1,0,0,0,0,0.0,0.25,nan,0.21087343053056784
0.75,off,circles,0.00039879953222137654,0.0003987672008859488,-1,-1,,0,0.10648212175551484,inf,0,1,0,0,0,0,0.0,0.25,nan,0.2108932805562066
0.8,off,circles,0.00038115723853476304,0.00038112615342006677,-1,-1,,0,0.10863838375055627,inf,0,1,0,0,0,0,0.0,0.25,nan,0.2109142754307779
0.8500000000000001,off,circles,0.000363142338425579,0.0003631125767377669,-1,-1,,0,0.11066608452546593,inf,0,1,0,0,0,0,0.0,0.25,nan,0.21093594897993329
0.9,off,circles,0.0003450861448459367,0.0003450577583957111,-1,-1,,0,0.11257411358864976,inf,0,1,0,0,0,0,0.0,0.25,nan,0.21095793134207186
0.9500000000000001,off,circles,0.00032724211065974834,0.0003272151256751575,-1,-1,,0,0.11437074548989988,inf,0,1,0,0,0,0,0.0,0.25,nan,0.21097993177356622
1.0,off,circles,0.00030980043165291995,0.000309774853412273,-1,-1,,0,0.11606366391070665,inf,0,1,0,0,0,0,0.0,0.25,nan,0.2110017242908765
1.05,off,circles,0.09512380902113554,0.0951237958299855,-1,-1,,0,0.11765998487498462,inf,0,1,0,0,0,0,0.0,0.25,nan,0.2112166885333907
1.1,off,circles,0.08346790134415832,0.08347332487521135,-1,-1,,0,0.11491898307756225,inf,0,1,0,0,0,0,0.0,0.25,nan,0.21110770910320797
1.1500000000000001,off,circles,0.07351346676530372,0.07355324850086614,-1,-1,,0,0.11286458675465476,inf,0,1,0,0,0,0,0.0,0.25,nan,0.21049128861642397
1.2000000000000002,off,circles,0.06505835383930038,0.065158124912507,-1,-1,,0,0.11135225221068105,inf,0,1,0,0,0,0,0.0,0.25,nan,0.2095496441431387
1.25,off,circles,0.05792481347972756,0.058105472257174995,-1,-1,,0,0.11025487841443087,inf,0,1,0,0,0,0,0.0,0.24747479006495685,nan,0.20833095664004053
1.3,off,circles,0.05195441242702223,0.052231489777440014,-1,-1,,0,0.10946262714603665,inf,0,1,0,0,0,0,0.0,0.23576374039181192,nan,0.20687683921371136
1.35,off,circles,0.04700355450317589,0.04738718178275124,-1,-1,,0,0.10888133801294451,inf,0,1,0,0,0,0,0.0,0.22545774473086863,nan,0.2052235151407259
1.4000000000000001,off,circles,0.042939916725559676,0.04343528601202149,-1,-1,,0,0.10843030426659038,inf,0,1,0,0,0,0,0.0,0.2161882042017617,nan,0.20340275910599603
1.4500000000000002,off,circles,0.03964010786612492,0.04024835378001565,-1,-1,,0,0.1080426062989263,inf,0,1,0,0,0,0,0.0,0.2077859700265898,nan,0.2014426563054118
1.5,off,circles,0.036988718242967,0.03770812860584589,-1,-1,,0,0.10766235322230282,inf,0,1,0,0,0,0,0.0,0.20027577825758222,nan,0.1993713692024558
1.55,off,circles,0.03487864425862115,0.03569717401138257,-1,-1,,0,0.10674217514039462,inf,0,1,0,0,0,0,0.0,0.19356105820224348,nan,0.19681349865784814
1.6,off,circles,0.0332122483881539,0.03426226913091346,-1,-1,,0,0.09829080637666442,inf,0,1,0,0,0,0,0.0,0.18761431594591468,nan,0.19416269199413871
1.6500000000000001,off,circles,0.03190272553736064,0.03328456356325811,-1,-1,,0,0.08946775065668976,inf,0,1,0,0,0,0,0.0,0.1818735020941059,nan,0.1914852830382291
1.7000000000000002,off,circles,0.03087509367582517,0.03273514787579233,-1,-1,,0,0.080462034152237,inf,0,1,0,0,0,0,0.0,0.1761172127214825,nan,0.1888887659060251
1.75,off,circles,0.03006646819240894,0.0326196392115558,-1,-1,,0,0.07169278173180839,inf,0,1,0,0,0,0,0.0,0.1705336607190149,nan,0.1865103754641949
1.8,off,circles,0.02942557213236594,0.03295906127881686,-1,-1,,0,0.06386454595021175,inf,0,1,0,0,0,0,0.0,0.16536194749734856,nan,0.18442812806540265
1.85,off,circles,0.028911648229644007,0.03373276729164559,-1,-1,,0,0.057739687752255034,inf,0,1,0,0,0,0,0.0,0.16052367188824052,nan,0.18256930447534103
1.9000000000000001,off,circles,0.028493025315280373,0.03483414148508499,-1,-1,,0,0.05359153233653828,inf,0,1,0,0,0,0,0.0,0.15594793399266932,nan,0.18079384687485323
1.9500000000000002,off,circles,0.02814557669169582,0.03612185385000345,-1,-1,,0,0.05102037675410119,inf,0,1,0,0,0,0,0.0,0.1515787863160201,nan,0.1790189178580045
2.0,off,circles,0.027851242851990216,0.0374927000854704,-1,-1,,0,0.049403634453971904,inf,0,1,0,0,0,0,0.0,0.14737403174761882,nan,0.17722255030852552
2.0500000000000003,off,circles,0.027596718054870066,0.0388898288183659,-1,-1,,0,0.048273751159841685,inf,0,1,0,0,0,0,0.0,0.14330219488025922,nan,0.1754083920400924
2.1,off,circles,0.027372341781607704,0.04028346947032427,-1,-1,,0,0.04736942687976679,inf,0,1,0,0,0,0,0.0,0.13933945592458588,nan,0.17358725116874651
2.15,off,circles,0.02717119759858243,0.04165712127336908,-1,-1,,0,0.046565027154406705,inf,0,1,0,0,0,0,0.0,0.13546728879001124,nan,0.17177119143850406
2.2,off,circles,0.02698840085459827,0.043000897080960616,-1,-1,,0,0.045804750815984965,inf,0,1,0,0,0,0,0.0,0.1317068553803433,nan,0.1699733618241709
2.25,off,circles,0.02682054774857357,0.04434612930981944,-1,-1,,0,0.046269857475091145,inf,0,1,0,0,0,0,0.0,0.12798769424797832,nan,0.16821015721517052
2.3000000000000003,off,circles,0.026665296590688357,0.045662942793030216,-1,-1,,0,0.04687048922700991,inf,0,1,0,0,0,0,0.0,0.12433846595783192,nan,0.16649541817281333
2.35,off,circles,0.02652105429949672,0.04694683483030543,-1,-1,,0,0.04748446044852016,inf,0,1,0,0,0,0,0.0,0.12075260297325692,nan,0.16483901298342607
2.4000000000000004,off,circles,0.026386744922772765,0.04819652756323371,-1,-1,,0,0.048113551011126646,inf,0,1,0,0,0,0,0.0,0.11722530819723455,nan,0.1632500114130876
2.45,off,circles,0.026261641065436027,0.04941119970765537,-1,-1,,0,0.04875918798128427,inf,0,1,0,0,0,0,0.0,0.11375339888327293,nan,0.16173084766645462
2.5,off,circles,0.026145242897840346,0.0505903177134052,-1,-1,,0,0.0494224693279179,inf,0,1,0,0,0,0,0.0,0.1103351781767514,nan,0.16029227089172549
2.5500000000000003,off,circles,0.02603719280515745,0.05173351677130962,-1,-1,,0,0.0501041867275895,inf,0,1,0,0,0,0,0.0,0.10697033198764667,nan,0.15894396665949395
2.6,off,circles,0.025937216375197802,0.05284051618175571,-1,-1,,0,0.05080484793502919,inf,0,1,0,0,0,0,0.0,0.10365984955562038,nan,0.1576920719476047
2.6500000000000004,off,circles,0.025845082682265555,0.05391105856069969,-1,-1,,0,0.05152469928810367,inf,0,1,0,0,0,0,0.0,0.10040596633232872,nan,0.15654202503111114
2.7,off,circles,0.025760578500571188,0.054944865759607726,-1,-1,,0,0.05226374899315463,inf,0,1,0,0,0,0,0.0,0.09719592494555014,nan,0.15549857956554913
2.75,off,circles,0.025683492444657473,0.055941606856773386,-1,-1,,0,0.05302179163174202,inf,0,1,0,0,0,0,0.0,0.09391597157936366,nan,0.15456581897890886
2.8000000000000003,off,circles,0.02561360606479165,0.05690087510896826,-1,-1,,0,0.053798434272582116,inf,0,1,0,0,0,0,0.0,0.09070735689700497,nan,0.15374717224543422
2.85,off,circles,0.025550689692253256,0.05782217193126563,-1,-1,,0,0.054593124256087214,inf,0,1,0,0,0,0,0.0,0.08757795666950753,nan,0.1530454320244229
2.9000000000000004,off,circles,0.025494501448577074,0.05870489668047473,-1,-1,,0,0.05540517835661056,inf,0,1,0,0,0,0,0.0,0.08453704620821395,nan,0.15246277586953672
2.95,off,circles,0.025444788265744724,0.05954834138304233,-1,-1,,0,0.05623381274881635,inf,0,1,0,0,0,0,0.0,0.08159535546130374,nan,0.15200079102377484
3.0,off,circles,0.025401288105676486,0.060351689818883184,-1,-1,,0,0.05707817282906115,inf,0,1,0,0,0,0,0.0,0.07876512139924564,nan,0.15166050291608069
3.0500000000000003,off,circles,0.025363732812220423,0.061114020424551115,-1,-1,,0,0.05793736173293469,inf,0,1,0,0,0,0,0.0,0.07606012422741941,nan,0.15144240710489765
3.1,off,circles,0.02533185120020855,0.061834312441303003,-1,-1,,0,0.055829976375566526,inf,0,1,0,0,0,0,0.0,0.07309794002099837,nan,0.15134650405871486
3.1500000000000004,off,circles,0.025305372130093557,0.06251145469474424,-1,-1,,0,0.05224855070220763,inf,0,1,0,0,0,0,0.0,0.07008574044599378,nan,0.15137233583656262
3.2,off,circles,0.025284027389693417,0.06314425626803796,-1,-1,,0,0.04860249635445593,inf,0,1,0,0,0,0,0.0,0.06699903654497494,nan,0.15151902360980085
3.25,off,circles,0.025267554282388253,0.06373145839242622,-1,-1,,0,0.04489281116879179,inf,0,1,0,0,0,0,0.0,0.06388271274898337,nan,0.15178530487492048
3.3000000000000003,off,circles,0.025255697854993767,0.06427174677226524,-1,-1,,0,0.04112070585199806,inf,0,1,0,0,0,0,0.0,0.060919149494930755,nan,0.1521695693250732
3.35,off,circles,0.025248212743817815,0.064763763710547,-1,-1,,0,0.037287585317893474,inf,0,1,0,0,0,0,0.0,0.05813614000683017,nan,0.15266989250839136
3.4000000000000004,off,circles,0.025244864609856466,0.06520611945074169,-1,-1,,0,0.03339503377569081,inf,0,1,0,0,0,0,0.0,0.05556525085872684,nan,0.15328406676264728
3.45,off,circles,0.025245431205770722,0.06559740237494033,-1,-1,,0,0.02944480343801925,inf,0,1,0,0,0,0,0.0,0.05324159640296054,nan,0.15400962908093008
3.5,off,circles,0.025249703081335027,0.06593618780283168,-1,-1,,0,0.025438806686008952,inf,0,1,0,0,0,0,0.0,0.051203110163795,nan,0.1548438859565212
3.5500000000000003,off,circles,0.02525748397006658,0.0662210453374926,-1,-1,,0,0.021379111655202093,inf,0,1,0,0,0,0,0.0,0.04935702758516658,nan,0.15578393544591806
3.6,off,circles,0.0252685909448898,0.06645054486968244,-1,-1,,0,0.017267941323022673,inf,0,1,0,0,0,0,0.0,0.04764862301354179,nan,0.15682668683727463
3.6500000000000004,off,circles,0.025282854386025906,0.06662326147369327,-1,-1,,0,0.01310767630344195,inf,0,1,0,0,0,0,0.0,0.04505152294105012,nan,0.15796887842097107
3.7,off,circles,0.025300117889625343,0.0667377794796204,-1,-1,,0,0.008900861673416721,inf,0,1,0,0,0,0,0.0,0.042343899910030104,nan,0.1592070938690705
3.75,off,circles,0.025320238197395026,0.06679269611854911,-1,-1,,0,0.004650218415858207,inf,0,1,0,0,0,0,0.0,0.0394426154372077,nan,0.16053777766967559
3.8000000000000003,off,circles,0.02534308528478908,0.06678662504728895,-1,-1,,0,0.0003586601366057929,inf,0,1,0,0,0,0,0.0,0.036634269547992905,nan,0.1619572500101386
3.85,off,circles,0.025368542718035705,0.06671820013123142,-1,-1,,0,-0.003974912315592938,inf,0,1,0,0,0,0,0.0,0.033873943063307,nan,0.1634617213850439
3.9000000000000004,off,circles,0.025396508445205787,0.06658607973255634,-1,-1,,0,-0.008354731665914564,inf,0,1,0,0,0,0,0.0,0.030944427750310123,nan,0.16504730703293014
3.95,off,circles,0.025426896113471677,0.06638895170808974,-1,-1,,0,-0.012777374725081836,inf,0,1,0,0,0,0,0.0,0.027861422679372225,nan,0.16671004130580502
4.0,off,circles,0.025459637119528575,0.0661255392618688,-1,-1,,0,-0.01723887880204085,inf,0,1,0,0,0,0,0.0,0.024937817937978203,nan,0.16844589184254888
4.05,off,circles,0.025494683497448094,0.06579460769272896,-1,-1,,0,-0.02173483082141406,inf,0,1,0,0,0,0,0.0,0.022055054819498994,nan,0.17025077345542927
4.1000000000000005,off,circles,0.02553201186534262,0.06539497202128286,-1,-1,,0,-0.026260294000662043,inf,0,1,0,0,0,0,0.0,0.01758260980904888,nan,0.17212056154742095
4.15,off,circles,0.02557162862012139,0.06492550546290851,-1,-1,,0,-0.030809713311697295,inf,0,1,0,0,0,0,0.0,0.013043724410682078,nan,0.17405110482646724
4.2,off,circles,0.025613576685806532,0.0643851486309571,-1,-1,,0,-0.03537679212607375,inf,0,1,0,0,0,0,0.0,0.008214704743265007,nan,0.17603823716715084
4.25,off,circles,0.025657944161792116,0.06377291936596696,-1,-1,,0,-0.039954329424046614,inf,0,1,0,0,0,0,0.0,0.003959306803563052,nan,0.17807778840715904
4.3,off,circles,0.025704875448926655,0.06308792310171674,-1,-1,,0,-0.044534002394694405,inf,0,1,0,2,0,0,-0.0032717985343349403,0.0,nan,0.1801655939577439
4.3500000000000005,off,circles,0.025754585579928616,0.06232936365896214,-1,-1,,0,-0.04910607292977172,inf,0,1,0,3,0,0,-0.008030872110716817,0.0,nan,0.18229750313491666
4.4,off,circles,0.025807378941590287,0.06149655442682573,-1,-1,,0,-0.05365898679923778,inf,0,1,0,3,0,0,-0.012714792296805737,0.0,nan,0.1844693861530392
4.45,off,circles,0.02586367408709012,0.06058892989963945,-1,-1,,0,-0.058178820471352685,inf,0,1,0,3,0,0,-0.016643348649893044,0.0,nan,0.18667713980056055
4.5,off,circles,0.02692266249652654,0.05960605762932547,-1,-1,,0,-0.06182278933213407,inf,0,1,0,3,0,0,-0.019924806759233818,0.0,nan,0.18891669182545356
4.55,off,circles,0.0293067645187752,0.058547650666152924,-1,-1,,0,-0.0650138125572717,inf,0,1,0,3,0,0,-0.023155931281244015,0.0,nan,0.1911840041321592
4.6000000000000005,off,circles,0.0316763874687058,0.05741358068480405,-1,-1,,0,-0.068259695157412,inf,0,1,0,5,0,0,-0.026335244679941798,0.0,nan,0.19347507486122983
4.65,off,circles,0.03401752368485322,0.056203892052362585,-1,-1,,0,-0.07155756863354891,inf,0,1,0,6,0,0,-0.029491984937677868,0.0,nan,0.1957859395343292
4.7,off,circles,0.03631925369041453,0.05491881718805343,-1,-1,,0,-0.07490425958961844,inf,0,1,0,5,0,0,-0.03259210675709666,0.0,nan,0.1981126713594118
4.75,off,circles,0.03857289345043026,0.053558793740490766,-1,-1,,0,-0.0782962928825451,inf,0,1,0,5,0,0,-0.0356347294968932,0.0,nan,0.2004513808816547
4.800000000000001,off,circles,0.04077142685281238,0.0521244842331298,-1,-1,,0,-0.08172989540336328,inf,0,1,0,5,0,0,-0.03861908191972536,0.0,nan,0.20279821511255147
4.8500000000000005,off,circles,0.042909117541284576,0.050616799079359884,-1,-1,,0,-0.08520099821541163,inf,0,1,0,5,0,0,-0.041544432932417386,0.0,nan,0.20514935629089115
4.9,off,circles,0.04498123555811074,0.04903692419000394,-1,-1,,0,-0.08870523298894524,inf,0,1,0,7,0,0,-0.04441003165640012,0.0,nan,0.20750102043732677
4.95,off,circles,0.046983859036178875,0.047386354822470264,-1,-1,,0,-0.09223791489987455,inf,0,1,0,6,0,0,-0.04642166075788093,0.0,nan,0.20984945581517056
5.0,off,circles,0.04891372613128867,0.04566693793811162,-1,-1,,0,-0.09579399531287555,inf,0,1,0,5,0,0,-0.047566767708062646,0.0,nan,0.2121909414344042
5.050000000000001,off,circles,0.050768121486879626,0.04388092626459585,-1,-1,,0,-0.0993679446928646,inf,0,1,0,6,0,0,-0.04876693553432574,0.0,nan,0.21452178574022562
5.1000000000000005,off,circles,0.05254478712651379,0.04203104856171191,-1,-1,,0,-0.1029534604207949,inf,0,1,0,6,0,0,-0.05001848041789346,0.0,nan,0.21683832556425997
5.15,off,circles,0.054241851167823256,0.040120602570342626,-1,-1,,0,-0.10654267087814062,inf,0,1,0,7,0,0,-0.051317826294743796,0.0,nan,0.2191369254664709
5.2,off,circles,0.05585776993411085,0.03815358009299038,-1,-1,,0,-0.11012356199460861,inf,0,1,0,5,0,0,-0.051775919909072994,0.0,nan,0.2214139775557561
5.25,off,circles,0.057391280446278836,0.03613483820533402,-1,-1,,0,-0.11366869533123342,inf,0,1,0,5,0,0,-0.04894660229811977,0.0,nan,0.22366197855614833
5.300000000000001,off,circles,0.05884136115041405,0.03407033759343749,-1,-1,,0,-0.11711883469390873,inf,0,1,0,6,0,0,-0.049765402994200465,0.0,nan,0.22588013173238297
5.3500000000000005,off,circles,0.06020719933420976,0.031967479951720536,-1,-1,,0,-0.11944524962968055,inf,0,1,0,5,0,0,-0.04858040983346429,0.0,nan,0.2280661316590501
5.4,off,circles,0.06148816403686325,0.029835593528731982,-1,-1,,0,-0.11601049963978483,inf,0,1,0,5,0,0,-0.0518784894746827,0.0,nan,0.23012101404954832
5.45,off,circles,0.06268378353455833,0.027686642699949877,-1,-1,,0,-0.11252676390149577,inf,0,1,0,5,0,0,-0.05054383425473898,0.0,nan,0.22795954151758002
5.5,off,circles,0.06379372664247757,0.0255362785118272,-1,-1,,0,-0.10890670129820451,inf,0,1,0,5,0,0,-0.04925199821576734,0.0,nan,0.2257774510834355
5.550000000000001,off,circles,0.0648177872090504,0.023405406590194782,-1,-1,,0,-0.10524365924909329,inf,0,1,0,6,0,0,-0.0480064150841854,0.0,nan,0.2235782624035617
5.6000000000000005,off,circles,0.0657558712703922,0.02132252244235346,-1,-1,,0,-0.10157037727180507,inf,0,1,0,6,0,0,-0.0468106355128754,0.0,nan,0.2213654128721413
5.65,off,circles,0.06660798641322604,0.01932711229032187,-1,-1,,0,-0.09790184996257323,inf,0,1,0,5,0,0,-0.045318683628874104,0.0,nan,0.21914226028095307
5.7,off,circles,0.06737423295952309,0.017474285048805473,-1,-1,,0,-0.09424777934794185,inf,0,1,0,5,0,0,-0.042288659350546216,0.0,nan,0.21691208641281345
5.75,off,circles,0.06805479663989154,0.01584003808995268,-1,-1,,0,-0.09061575628522953,inf,0,1,0,5,0,0,-0.03921646137603113,0.0,nan,0.21467810134001797
5.800000000000001,off,circles,0.06864994247546423,0.014524246766300902,-1,-1,,0,-0.08701231670142112,inf,0,1,0,6,0,0,-0.0361095360560814,0.0,nan,0.21244344824014239
5.8500000000000005,off,circles,0.06916000964064087,0.013644066089459762,-1,-1,,0,-0.08344335352046305,inf,0,1,0,5,0,0,-0.03297074436123522,0.0,nan,0.21021120852927144
5.9,off,circles,0.06958540709830216,0.01330084896448493,-1,-1,,0,-0.07991365576771856,inf,0,1,0,6,0,0,-0.029612481082048777,0.0,nan,0.20798440719884226
5.95,off,circles,0.06992660987270516,0.013449846745447625,-1,-1,,0,-0.0762792464298388,inf,0,1,0,6,0,0,-0.02604160789700753,0.0,nan,0.20576601818715912
6.0,off,circles,0.07018415581346085,0.01392719602642437,-1,-1,,0,-0.07252901348006363,inf,0,1,0,5,0,0,-0.022290909474904367,0.0,nan,0.2035589697225323
6.050000000000001,off,circles,0.07035864277432075,0.014592886567350246,-1,-1,,0,-0.06867443705962556,inf,0,1,0,4,0,0,-0.018389809802409767,0.0,nan,0.2013661495271205
6.1000000000000005,off,circles,0.07045072612164871,0.015346771810443794,-1,-1,,0,-0.06472592003382305,inf,0,1,0,4,0,0,-0.014364839220180139,0.0,nan,0.19919040984064107
6.15,off,circles,0.0704611165343996,0.01612402172786241,-1,-1,,0,-0.06069350214256594,inf,0,1,0,3,0,0,-0.01024004084334216,0.0,nan,0.19703457219901932
6.2,off,circles,0.07039057805878571,0.01688551443467431,-1,-1,,0,-0.05658710983499163,inf,0,1,0,3,0,0,-0.00912341481033192,0.0,nan,0.19490143194764376
6.25,off,circles,0.07023992640213457,0.017609163992047868,-1,-1,,0,-0.05241658447414568,inf,0,1,0,2,0,0,-0.007503369236254407,0.0,nan,0.19279376243651292
6.300000000000001,off,circles,0.07001002745950746,0.018283651987534483,-1,-1,,0,-0.04819161839092749,inf,0,1,0,1,0,0,-0.004816801899129634,0.0,nan,0.19071431891638035
6.3500000000000005,off,circles,0.06970179608859323,0.018904283446839205,-1,-1,,0,-0.04392166495781415,inf,0,1,0,1,0,0,-0.0012272140933591595,0.0,nan,0.18866584208141435
6.4,off,circles,0.06931619513746859,0.019470348332348165,-1,-1,,0,-0.03961585420408184,inf,0,1,0,0,0,0,0.0,0.004504717349166695,nan,0.1866510612689255
6.45,off,circles,0.0688542347505375,0.019983466590831882,-1,-1,,0,-0.03528292656150454,inf,0,1,0,0,0,0,0.0,0.006611356122946444,nan,0.1846726972907239
6.5,off,circles,0.06831697198170535,0.020446555922791636,-1,-1,,0,-0.030931187921854106,inf,0,1,0,0,0,0,0.0,0.010055485183670746,nan,0.1827334649005138
6.550000000000001,off,circles,0.06770551074352797,0.020863190166684125,-1,-1,,0,-0.02656848447035448,inf,0,1,0,0,0,0,0.0,0.014060833957697914,nan,0.18083607486444853
6.6000000000000005,off,circles,0.06702100213724892,0.02123720277279402,-1,-1,,0,-0.022202194157805402,inf,0,1,0,0,0,0,0.0,0.018161182952411467,nan,0.17898323563723972
6.65,off,circles,0.0662646451910707,0.021572444759696913,-1,-1,,0,-0.017839231034662173,inf,0,1,0,0,0,0,0.0,0.021657483001847794,nan,0.17717765462272828
6.7,off,circles,0.0654376880666522,0.021872640472437564,-1,-1,,0,-0.013484243695069592,inf,0,1,0,0,0,0,0.0,0.025667729639822702,nan,0.17542203899567066
6.75,off,circles,0.06454142977169987,0.022141305508857376,-1,-1,,0,-0.00913787047932546,inf,0,1,0,0,0,0,0.0,0.029570502247861594,nan,0.1737190960808518
6.800000000000001,off,circles,0.06357722244812225,0.022381704159757054,-1,-1,,0,-0.004805585521885869,inf,0,1,0,0,0,0,0.0,0.03360667252277956,nan,0.1720715332407391
6.8500000000000005,off,circles,0.06254647428610591,0.022596831899778385,-1,-1,,0,-0.0004928937911435477,inf,0,1,0,0,0,0,0.0,0.037835173521967955,nan,0.17048178509813572
6.9,off,circles,0.06145065315083276,0.022789413542668405,-1,-1,,0,0.0037950243754142216,inf,0,1,0,0,0,0,0.0,0.042232275090101655,nan,0.16894456306563155
6.95,off,circles,0.060291291002656115,0.022961911051293776,-1,-1,,0,0.008053288998290137,inf,0,1,0,0,0,0,0.0,0.04588687649643633,nan,0.16747217038129958
7.0,off,circles,0.059069989217667,0.023116537030489385,-1,-1,,0,0.012277295652937392,inf,0,1,0,0,0,0,0.0,0.048563319570306934,nan,0.1660673377276929
7.050000000000001,off,circles,0.05778842494968023,0.02325527136210607,-1,-1,,0,0.016462690953488845,inf,0,1,0,0,0,0,0.0,0.05135235350952958,nan,0.1647327828031635
7.1000000000000005,off,circles,0.05644835868935341,0.023379879328171847,-1,-1,,0,0.020605348718988697,inf,0,1,0,0,0,0,0.0,0.053314241432464486,nan,0.16347120657674175
7.15,off,circles,0.05505164324455318,0.0234919301335283,-1,-1,,0,0.024701347232068238,inf,0,1,0,0,0,0,0.0,0.05546892490811273,nan,0.1622852888580123
7.2,off,circles,0.053600234413731726,0.02359281517911562,-1,-1,,0,0.028746947671418388,inf,0,1,0,0,0,0,0.0,0.0575456631730675,nan,0.16117768319427073
7.25,off,circles,0.05209620371324152,0.023683765668403106,-1,-1,,0,0.032738573834808354,inf,0,1,0,0,0,0,0.0,0.05985836655052858,nan,0.1601510110562172
7.300000000000001,off,circles,0.05054175364885609,0.0237658692861707,-1,-1,,0,0.03667279313581778,inf,0,1,0,0,0,0,0.0,0.062375645320394045,nan,0.159207855326159
7.3500000000000005,off,circles,0.04893923615058293,0.02384008583678795,-1,-1,,0,0.04054629888328126,inf,0,1,0,0,0,0,0.0,0.06506809487486949,nan,0.1583507530830296
7.4,off,circles,0.047291175030643104,0.023907261774737197,-1,-1,,0,0.04435589371027862,inf,0,1,0,0,0,0,0.0,0.06790876959168508,nan,0.1575821877087582
7.45,off,circles,0.045600293593378,0.02396814360772175,-1,-1,,0,0.04809847414881585,inf,0,1,0,0,0,0,0.0,0.07086490044489285,nan,0.15690458036689037
7.5,off,circles,0.04386954893223475,0.024023390200028714,-1,-1,,0,0.05177101623662703,inf,0,1,0,0,0,0,0.0,0.07382711746565253,nan,0.15632028093462258
7.550000000000001,off,circles,0.04210217498390531,0.024073584003174813,-1,-1,,0,0.05537056215954789,inf,0,1,0,0,0,0,0.0,0.07688243797242948,nan,0.15582195333783067
7.6000000000000005,off,circles,0.04030173718190864,0.024119241255187513,-1,-1,,0,0.05769498598297339,inf,0,1,0,0,0,0,0.0,0.08001314823954271,nan,0.15541943322374563
7.65,off,circles,0.03847220259923635,0.02416082120654949,-1,-1,,0,0.05715512891173559,inf,0,1,0,0,0,0,0.0,0.08320339084602497,nan,0.15511537664178576
7.7,off,circles,0.03661803095887249,0.02419873440463265,-1,-1,,0,0.056631786867281916,inf,0,1,0,0,0,0,0.0,0.08643894711570833,nan,0.15491178661391647
7.75,off,circles,0.03474429400506173,0.024233350113998683,-1,-1,,0,0.05612509468513109,inf,0,1,0,0,0,0,0.0,0.08970702422984284,nan,0.15481054981334097
7.800000000000001,off,circles,0.03285683367662224,0.02426500290077768,-1,-1,,0,0.05563518232219121,inf,0,1,0,0,0,0,0.0,0.09284783751261758,nan,0.15481342642443052
7.8500000000000005,off,circles,0.03096247368183705,0.02429399845096741,-1,-1,,0,0.05516217014748008,inf,0,1,0,0,0,0,0.0,0.09592233100061079,nan,0.15492204032801538
7.9,off,circles,0.02906930476281621,0.02432061865685733,-1,-1,,0,0.05470616370362098,inf,0,1,0,0,0,0,0.0,0.09890208724476275,nan,0.15513786968606458
7.95,off,circles,0.02718707146688055,0.02434512603628284,-1,-1,,0,0.05426724817699767,inf,0,1,0,0,0,0,0.0,0.10170942160110437,nan,0.15546223802918324
8.0,off,circles,0.02532769733638305,0.024367767528476025,-1,-1,,0,0.05384548281408337,inf,0,1,0,0,0,0,0.0,0.1045288863151148,nan,0.15589630589117953
8.05,off,circles,0.02350599425287264,0.024388777716865186,-1,-1,,0,0.05344089550951815,inf,0,1,0,0,0,0,0.0,0.10719088489610239,nan,0.15644106298107252
8.1,off,circles,0.02174060404317039,0.024408381531677282,-1,-1,,0,0.05305347789975222,inf,0,1,0,0,0,0,0.0,0.10980255416760129,nan,0.1571278921809547
8.15,off,circles,0.02006806321260424,0.024426796488493326,-1,-1,,0,0.05316164384912443,inf,0,1,0,0,0,0,0.0,0.11241937988792501,nan,0.157942896574217
8.200000000000001,off,circles,0.018507167140351707,0.024444234505457667,-1,-1,,0,0.053701537929694856,inf,0,1,0,0,0,0,0.0,0.11503269405960588,nan,0.15887544601977577
8.25,off,circles,0.01708668969144375,0.024460903361742174,-1,-1,,0,0.054547557988650894,inf,0,1,0,0,0,0,0.0,0.11763314921727486,nan,0.15992129318712378
8.3,off,circles,0.015847561973604842,0.02447700784962244,-1,-1,,0,0.05563570829187721,inf,0,1,0,0,0,0,0.0,0.12021201429072795,nan,0.1610785951592969
8.35,off,circles,0.014839065232132154,0.024492750663729232,-1,-1,,0,0.056940285293850104,inf,0,1,0,0,0,0,0.0,0.12278743714498742,nan,0.16234637287604414
8.4,off,circles,0.014112669012169893,0.024507362808340715,-1,-1,,0,0.058461484840824654,inf,0,1,0,0,0,0,0.0,0.12541743443482042,nan,0.16372386097001568
8.450000000000001,off,circles,0.01371161959467327,0.024506909465045693,-1,-1,,0,0.06021900923541097,inf,0,1,0,0,0,0,0.0,0.1279613031339945,nan,0.16521019147826144
8.5,off,circles,0.013657957612181368,0.024507861611577846,-1,-1,,0,0.06224875179642096,inf,0,1,0,0,0,0,0.0,0.1299644257753679,nan,0.16680421763080955
8.55,off,circles,0.013942908937608248,0.024510317441891034,-1,-1,,0,0.06460052520893546,inf,0,1,0,0,0,0,0.0,0.1319138781868717,nan,0.1685044511421997
8.6,off,circles,0.014526624303455752,0.024514421486639595,-1,-1,,0,0.06733494766017982,inf,0,1,0,0,0,0,0.0,0.13380528200967734,nan,0.17033896753761435
8.65,off,circles,0.01532139585154155,0.02452036651484942,-1,-1,,0,0.07037696758899804,inf,0,1,0,0,0,0,0.0,0.13563412385364093,nan,0.1723725292097994
8.700000000000001,off,circles,0.016182649073478314,0.024528397006649924,-1,-1,,0,0.0734178456690593,inf,0,1,0,0,0,0,0.0,0.13742168293168602,nan,0.17458313781817303
8.75,off,circles,0.017046236017391355,0.024538814793336715,-1,-1,,0,0.07648691093071751,inf,0,1,0,0,0,0,0.0,0.13918580771713365,nan,0.17695098754094152
8.8,off,circles,0.017875029330278,0.024551987603541502,-1,-1,,0,0.07959922603800333,inf,0,1,0,0,0,0,0.0,0.14094121478106303,nan,0.17945811349102947
8.85,off,circles,0.018649250816934134,0.02456836170985814,-1,-1,,0,0.08275856548316922,inf,0,1,0,0,0,0,0.0,0.14269981045585223,nan,0.1820881176198953
8.9,off,circles,0.01935982475210485,0.024588480364905893,-1,-1,,0,0.08596030408531473,inf,0,1,0,0,0,0,0.0,0.14447102847770724,nan,0.18482594502444527
8.950000000000001,off,circles,0.020004111761282205,0.02461301066410962,-1,-1,,0,0.08919399488787098,inf,0,1,0,0,0,0,0.0,0.14626217145319118,nan,0.1876576977049197
9.0,off,circles,0.02058324340445656,0.02464278280687751,-1,-1,,0,0.09244553115497099,inf,0,1,0,0,0,0,0.0,0.14807874259489967,nan,0.19057047951539985
9.05,off,circles,0.021100472688229652,0.02467884810440563,-1,-1,,0,0.09569886918066577,inf,0,1,0,0,0,0,0.0,0.14988740382208077,nan,0.19355226818861515
9.1,off,circles,0.021560156973351403,0.024722565811157896,-1,-1,,0,0.09893733822387311,inf,0,1,0,0,0,0,0.0,0.14989653806252645,nan,0.1965918106657204
9.15,off,circles,0.021967133416365737,0.024775735303723876,-1,-1,,0,0.10214458917657014,inf,0,1,0,0,0,0,0.0,0.14984323376827324,nan,0.1996785378278595
9.200000000000001,off,circles,0.022326339113222248,0.024840801201059,-1,-1,,0,0.10530524303749343,inf,0,1,0,0,0,0,0.0,0.14982160629680688,nan,0.20280249479128087
9.25,off,circles,0.02264258475767202,0.024921178420950037,-1,-1,,0,0.10836776716665407,inf,0,1,0,0,0,0,0.0,0.14966427404298926,nan,0.2059542833200042
9.3,off,circles,0.022920425183713494,0.02502177854273791,-1,-1,,0,0.1112763655056798,inf,0,1,0,0,0,0,0.0,0.14946408950903603,nan,0.20645419091877082
9.35,off,circles,0.023164091199979288,0.025149879673559666,-1,-1,,0,0.11402629803569157,inf,0,1,0,0,0,0,0.0,0.14903111967796615,nan,0.20317812702450044
9.4,off,circles,0.023377460168313585,0.025316586201933864,-1,-1,,0,0.11022485264902064,inf,0,1,0,0,0,0,0.0,0.14856937784933433,nan,0.19988819056404783
9.450000000000001,off,circles,0.023564050817616526,0.025539285105446854,-1,-1,,0,0.10266675979758326,inf,0,1,0,0,0,0,0.0,0.14816644772703824,nan,0.19659887986731273
9.5,off,circles,0.02372703293805144,0.025845666702382593,-1,-1,,0,0.09459436704579026,inf,0,1,0,0,0,0,0.0,0.14781865411066328,nan,0.19334202574149628
9.55,off,circles,0.023869245845345295,0.026279646687212135,-1,-1,,0,0.08610566535451596,inf,0,1,0,0,0,0,0.0,0.14664252589341034,nan,0.19018265398101775
9.600000000000001,off,circles,0.02399322165272754,0.026907319129640183,-1,-1,,0,0.07742472599055018,inf,0,1,0,0,0,0,0.0,0.14479290400884498,nan,0.18723301554781135
9.65,off,circles,0.024101210757756775,0.027813017319461442,-1,-1,,0,0.06901922806270232,inf,0,1,0,0,0,0,0.0,0.14297274761849868,nan,0.18462576206408177
9.700000000000001,off,circles,0.02419520787619113,0.02906250355390259,-1,-1,,0,0.06162148434241914,inf,0,1,0,0,0,0,0.0,0.1411441338942824,nan,0.18240571852042609
9.75,off,circles,0.02427697757840582,0.030631565688582885,-1,-1,,0,0.05594062035069343,inf,0,1,0,0,0,0,0.0,0.13913687823188867,nan,0.1804587685925333
9.8,off,circles,0.02434807864090216,0.03239163881670794,-1,-1,,0,0.05214613313342971,inf,0,1,0,0,0,0,0.0,0.1368297107564594,nan,0.1786269218597375
9.850000000000001,off,circles,0.024409886880179255,0.03420558677836866,-1,-1,,0,0.0498043786295098,inf,0,1,0,0,0,0,0.0,0.13444557439290566,nan,0.1768224969241864
9.9,off,circles,0.02446361622927573,0.035995556507014914,-1,-1,,0,0.048330194358053066,inf,0,1,0,0,0,0,0.0,0.13197677507439093,nan,0.17501971545096162
9.950000000000001,off,circles,0.024510337982814635,0.037730428084186786,-1,-1,,0,0.04729714744154072,inf,0,1,0,0,0,0,0.0,0.1294464088838606,nan,0.17322794537009012
10.0,off,circles,0.024550998218300854,0.039417268671302415,-1,-1,,0,0.047001903011463494,inf,0,1,0,0,0,0,0.0,0.1268666018006119,nan,0.17144673101627517
10.05,off,circles,0.024586433410243868,0.04105418907883788,-1,-1,,0,0.04736572087309364,inf,0,1,0,0,0,0,0.0,0.12421747724324284,nan,0.16969008481047576
10.100000000000001,off,circles,0.024617384344064377,0.04262935050666348,-1,-1,,0,0.047761362140737576,inf,0,1,0,0,0,0,0.0,0.1215066225387213,nan,0.1679689512130751
10.15,off,circles,0.024644508405109553,0.04414523958654224,-1,-1,,0,0.048188964669010084,inf,0,1,0,0,0,0,0.0,0.1187416994331165,nan,0.16629357170491954
10.200000000000001,off,circles,0.0246683903539148,0.045604140486981165,-1,-1,,0,0.048648503007882246,inf,0,1,0,0,0,0,0.0,0.11593047181266364,nan,0.16467349716938362
10.25,off,circles,0.02468955169679506,0.04700814128045335,-1,-1,,0,0.04913979623577987,inf,0,1,0,0,0,0,0.0,0.1130808351900575,nan,0.16311521759223946
10.3,off,circles,0.024708458789037647,0.04835913839536518,-1,-1,,0,0.04966251409693266,inf,0,1,0,0,0,0,0.0,0.11020084911337596,nan,0.16162351594349278
10.350000000000001,off,circles,0.024725529772436722,0.049658839161577824,-1,-1,,0,0.05021618217693739,inf,0,1,0,0,0,0,0.0,0.10729877371555847,nan,0.1602118400052298
10.4,off,circles,0.024741140467978144,0.050908762671825376,-1,-1,,0,0.05080018686458056,inf,0,1,0,0,0,0,0.0,0.10438311169435155,nan,0.158887086026255
10.450000000000001,off,circles,0.024755629357676313,0.05211023930209309,-1,-1,,0,0.051413780826585556,inf,0,1,0,0,0,0,0.0,0.10146265690598934,nan,0.15765548854129163
10.5,off,circles,0.024769301757151443,0.05326440931816148,-1,-1,,0,0.052056089763935484,inf,0,1,0,0,0,0,0.0,0.09854655071528544,nan,0.15652262376563564
10.55,off,circles,0.024782433292693622,0.0543722211411173,-1,-1,,0,0.05272612110488496,inf,0,1,0,0,0,0,0.0,0.09564434689034453,nan,0.15549341376405956
10.600000000000001,off,circles,0.02479527281359646,0.05543442979839918,-1,-1,,0,0.05342277515893977,inf,0,1,0,0,0,0,0.0,0.09268538666415077,nan,0.1545721323255259
10.65,off,circles,0.024808044811015614,0.05645159616317471,-1,-1,,0,0.0541448590732619,inf,0,1,0,0,0,0,0.0,0.08969767563356086,nan,0.15376241341733943
10.700000000000001,off,circles,0.024820951459202892,0.05742408754561095,-1,-1,,0,0.05489110362790915,inf,0,1,0,0,0,0,0.0,0.08675642011001289,nan,0.15306726300568674
10.75,off,circles,0.024834174360556294,0.05835208010972681,-1,-1,,0,0.05566018261459234,inf,0,1,0,0,0,0,0.0,0.08387468182636773,nan,0.1524890749030302
10.8,off,circles,0.024847876067437998,0.059235563521546485,-1,-1,,0,0.056450734129428484,inf,0,1,0,0,0,0,0.0,0.08106652655632854,nan,0.15202965104641708
10.850000000000001,off,circles,0.02486220144128041,0.060074348036578275,-1,-1,,0,0.057261382835669575,inf,0,1,0,0,0,0,0.0,0.07834713127832847,nan,0.1516902262462585
10.9,off,circles,0.02487727891001859,0.06086807405107888,-1,-1,,0,0.05809076198845385,inf,0,1,0,0,0,0,0.0,0.07573287101545013,nan,0.15147149710861452
10.950000000000001,off,circles,0.024893221646795357,0.06161622398463204,-1,-1,,0,0.05591077555833329,inf,0,1,0,0,0,0,0.0,0.07266981978737767,nan,0.151373654503428
11.0,off,circles,0.0249101287079077,0.06231813611992614,-1,-1,,0,0.05239632143880085,inf,0,1,0,0,0,0,0.0,0.06973049507835391,nan,0.1513964186122816
11.05,off,circles,0.024928086139820647,0.06297301988561417,-1,-1,,0,0.04880647082512157,inf,0,1,0,0,0,0,0.0,0.06694674507761061,nan,0.1515390753954946
11.100000000000001,off,circles,0.024947168051299054,0.06357997199080204,-1,-1,,0,0.04514375717892541,inf,0,1,0,0,0,0,0.0,0.06409156365955951,nan,0.1518005133321112
11.15,off,circles,0.024967437659948716,0.0641379927391994,-1,-1,,0,0.04141072116509942,inf,0,1,0,0,0,0,0.0,0.06113551095946361,nan,0.15217925924993592
11.200000000000001,off,circles,0.02498894829943886,0.06464600189807207,-1,-1,,0,0.03760991778273262,inf,0,1,0,0,0,0,0.0,0.05834990933812034,nan,0.1526735123919899
11.25,off,circles,0.02501174438641889,0.06510285362691764,-1,-1,,0,0.033743924170770156,inf,0,1,0,0,0,0,0.0,0.055767147562916335,nan,0.15328117596080615
11.3,off,circles,0.025035862335445674,0.06550735001959808,-1,-1,,0,0.029815348191779695,inf,0,1,0,0,0,0,0.0,0.05342312045251046,nan,0.1539998858485344
11.350000000000001,off,circles,0.025061331435032103,0.06585825303890501,-1,-1,,0,0.025826838020774318,inf,0,1,0,0,0,0,0.0,0.05135658397041379,nan,0.15482703643263074
11.4,off,circles,0.02508817468866078,0.06615429481845152,-1,-1,,0,0.021781093033731158,inf,0,1,0,0,0,0,0.0,0.04956237223482347,nan,0.15575980365573394
11.450000000000001,off,circles,0.02511640965391905,0.06639418638527411,-1,-1,,0,0.017680876264702272,inf,0,1,0,0,0,0,0.0,0.04780954039186884,nan,0.15679516566277496
11.5,off,circles,0.025146049310554218,0.06657662501589745,-1,-1,,0,0.01352902884452642,inf,0,1,0,0,0,0,0.0,0.045293861144338594,nan,0.15792992151620144
11.55,off,circles,0.025177103015669854,0.0667003005807503,-1,-1,,0,0.009328487021976445,inf,0,1,0,0,0,0,0.0,0.04258957061566206,nan,0.15916070842885588
11.600000000000001,off,circles,0.02520957760651011,0.06676390117660233,-1,-1,,0,0.005082302364726066,inf,0,1,0,0,0,0,0.0,0.03964968138743289,nan,0.16048401799007628
11.65,off,circles,0.02524347872321626,0.06676611848014712,-1,-1,,0,0.0007936661052544008,inf,0,1,0,0,0,0,0.0,0.036865477082604244,nan,0.1618962117437237
11.700000000000001,off,circles,0.025278812441962995,0.06670565310100131,-1,-1,,0,-0.0035373878297550038,inf,0,1,0,0,0,0,0.0,0.03412186191872693,nan,0.16339353637911735
11.75,off,circles,0.025315587307022457,0.06658122025813369,-1,-1,,0,-0.007915627987879592,inf,0,1,0,0,0,0,0.0,0.031195623274139127,nan,0.16497213875502315
11.8,off,circles,0.025353816869567187,0.06639155601305938,-1,-1,,0,-0.012337713834422254,inf,0,1,0,0,0,0,0.0,0.02812858264698397,nan,0.16662808070239032
11.850000000000001,off,circles,0.02539352285154006,0.06613542416706883,-1,-1,,0,-0.016799556808261895,inf,0,1,0,0,0,0,0.0,0.025134810973956208,nan,0.16835735364407334
11.9,off,circles,0.02543473905936003,0.0658116239215048,-1,-1,,0,-0.021296648130521498,inf,0,1,0,0,0,0,0.0,0.022374455626493137,nan,0.17015589285865607
11.950000000000001,off,circles,0.025477516211072485,0.0654189983145945,-1,-1,,0,-0.0258239836193757,inf,0,1,0,0,0,0,0.0,0.017853462861142165,nan,0.1720195912372935
12.0,off,circles,0.02552192788986303,0.0649564433692706,-1,-1,,0,-0.03037596833080529,inf,0,1,0,0,0,0,0.0,0.013248177662924925,nan,0.1739443123381198
12.05,off,circles,0.02556807786816896,0.06442291790014934,-1,-1,,0,-0.034946293517873886,inf,0,1,0,0,0,0,0.0,0.008525045865874246,nan,0.17592590251024365
12.100000000000001,off,circles,0.025616109208787947,0.06381745385097534,-1,-1,,0,-0.03952777550686026,inf,0,1,0,0,0,0,0.0,0.004090548628847464,nan,0.1779602019896841
12.15,off,circles,0.025666215631510687,0.06313916710677568,-1,-1,,0,-0.04411214177619585,inf,0,1,0,1,0,0,-0.0029327742311528932,0.0,nan,0.1800430547443238
12.200000000000001,off,circles,0.025718655949190337,0.0623872686583727,-1,-1,,0,-0.04868974323447106,inf,0,1,0,1,0,0,-0.007719372654590143,0.0,nan,0.1821703170440111
12.25,off,circles,0.02577377265468373,0.06156107611325949,-1,-1,,0,-0.053249162437987205,inf,0,1,0,3,0,0,-0.012399420370138551,0.0,nan,0.184337864670589
12.3,off,circles,0.025832016371795177,0.06066002549614512,-1,-1,,0,-0.05777667397686694,inf,0,1,0,4,0,0,-0.016482480835255556,0.0,nan,0.18654159877971732
12.350000000000001,off,circles,0.026656880492965773,0.059683683411535675,-1,-1,,0,-0.061581639628174416,inf,0,1,0,3,0,0,-0.019754432170166668,0.0,nan,0.1887774504733578
12.4,off,circles,0.029049861147337968,0.05863175966932836,-1,-1,,0,-0.06476671385562102,inf,0,1,0,3,0,0,-0.02297773447966199,0.0,nan,0.19104138414327887
12.450000000000001,off,circles,0.03142814536645617,0.05750412051987898,-1,-1,,0,-0.06800727926269481,inf,0,1,0,5,0,0,-0.026152984776450124,0.0,nan,0.19332939970417817
12.5,off,circles,0.03377775456495073,0.05630080279062919,-1,-1,,0,-0.07130040175052486,inf,0,1,0,5,0,0,-0.029304489930444842,0.0,nan,0.19563753384594673
12.55,off,circles,0.03608781176113843,0.055022029258868295,-1,-1,,0,-0.07464285546217814,inf,0,1,0,5,0,0,-0.03240062448119069,0.0,nan,0.1979618604496588
12.600000000000001,off,circles,0.03834967518586478,0.0536682257709734,-1,-1,,0,-0.0780311245396707,inf,0,1,0,5,0,0,-0.0354403755199419,0.0,nan,0.20029849032392966
12.65,off,circles,0.04055636508505355,0.05224004075859268,-1,-1,,0,-0.08146140561421385,inf,0,1,0,5,0,0,-0.03842285360558597,0.0,nan,0.20264357040365966
12.700000000000001,off,circles,0.04270217371077088,0.05073836802240105,-1,-1,,0,-0.08492960883653909,inf,0,1,0,6,0,0,-0.04134722263204912,0.0,nan,0.2049932825798878
12.75,off,circles,0.04478239193299558,0.0491643739960108,-1,-1,,0,-0.08843135356634209,inf,0,1,0,7,0,0,-0.044212639354407474,0.0,nan,0.2073438422815238
12.8,off,circles,0.04679311170799895,0.047519531080694975,-1,-1,,0,-0.09196195129268651,inf,0,1,0,5,0,0,-0.04632012797433832,0.0,nan,0.20969149697556622
12.850000000000001,off,circles,0.04873107909848832,0.04580565927852401,-1,-1,,0,-0.09551635989938984,inf,0,1,0,5,0,0,-0.047462434795748396,0.0,nan,0.2120325246970206
12.9,off,circles,0.05059358187953281,0.044024979224169376,-1,-1,,0,-0.09908907217896812,inf,0,1,0,5,0,0,-0.048659946142290494,0.0,nan,0.21436323273186042
12.950000000000001,off,circles,0.05237836150859914,0.04218018099223812,-1,-1,,0,-0.10267384045335022,inf,0,1,0,6,0,0,-0.049908983353893044,0.0,nan,0.21667995657876638
13.0,off,circles,0.054083542794298015,0.04027451498240416,-1,-1,,0,-0.10626293566788757,inf,0,1,0,6,0,0,-0.05120597334029636,0.0,nan,0.21897905927193084
13.05,off,circles,0.05570757682365343,0.0383119140356988,-1,-1,,0,-0.10984479506225148,inf,0,1,0,5,0,0,-0.05202600373114411,0.0,nan,0.2212569311856999
13.100000000000001,off,circles,0.05724919412068819,0.036297160351261265,-1,-1,,0,-0.11339403086369843,inf,0,1,0,6,0,0,-0.04875712445299159,0.0,nan,0.22350642697191014
13.15,off,circles,0.058707365912766124,0.034236117514405494,-1,-1,,0,-0.11684928416771193,inf,0,1,0,5,0,0,-0.04996636773865337,0.0,nan,0.22572602533528874
13.200000000000001,off,circles,0.0600812719573138,0.03213605851755716,-1,-1,,0,-0.11971509076456294,inf,0,1,0,5,0,0,-0.04832213809040507,0.0,nan,0.22791378048955757
13.25,off,circles,0.06137027376489334,0.030006137197323778,-1,-1,,0,-0.11628023113656086,inf,0,1,0,5,0,0,-0.05170088009607413,0.0,nan,0.23006620671340083
13.3,off,circles,0.06257389230234191,0.0278580763699621,-1,-1,,0,-0.11280571084326485,inf,0,1,0,5,0,0,-0.05066068482737116,0.0,nan,0.22801245230573663
13.350000000000001,off,circles,0.06369178944583767,0.02570718570219802,-1,-1,,0,-0.10919055283079912,inf,0,1,0,6,0,0,-0.04936617397750852,0.0,nan,0.2258389837692406
13.4,off,circles,0.06472375256526433,0.02357388028111211,-1,-1,,0,-0.1055287157841745,inf,0,1,0,6,0,0,-0.04811752514416741,0.0,nan,0.2236477264465514
13.450000000000001,off,circles,0.06566968172810012,0.021485944029971806,-1,-1,,0,-0.10185531661793787,inf,0,1,0,6,0,0,-0.0469182918461782,0.0,nan,0.22144214323204137
13.5,off,circles,0.06652957907419085,0.019481835546356147,-1,-1,,0,-0.0981859171430376,inf,0,1,0,5,0,0,-0.04554372057172194,0.0,nan,0.21922561707479227
13.55,off,circles,0.0673035399893533,0.01761522679304942,-1,-1,,0,-0.09453040799807738,inf,0,1,0,5,0,0,-0.042517321614575394,0.0,nan,0.21700145442556684
13.600000000000001,off,circles,0.06799174575382116,0.015960279831549132,-1,-1,,0,-0.09089646007186218,inf,0,1,0,5,0,0,-0.03944856975263224,0.0,nan,0.21477288939935313
13.65,off,circles,0.06859445738869982,0.014615017252625402,-1,-1,,0,-0.08729065195629812,inf,0,1,0,6,0,0,-0.03634385618717417,0.0,nan,0.21254308846888292
13.700000000000001,off,circles,0.06911201047048299,0.013695860454819058,-1,-1,,0,-0.0837189050308745,inf,0,1,0,5,0,0,-0.03321005229264465,0.0,nan,0.21031515550541824
13.75,off,circles,0.0695448107256908,0.013307529169930074,-1,-1,,0,-0.08018620557854166,inf,0,1,0,6,0,0,-0.029871253409931586,0.0,nan,0.20809213702800455
13.8,off,circles,0.06989333025548009,0.0134221131691951,-1,-1,,0,-0.0765621411920108,inf,0,1,0,6,0,0,-0.026317085796813855,0.0,nan,0.20587702752109138
13.850000000000001,off,circles,0.07015810425451746,0.01387823587451084,-1,-1,,0,-0.07282117049566698,inf,0,1,0,4,0,0,-0.022580614448901744,0.0,nan,0.20367277473120227
13.9,off,circles,0.07033972814933326,0.014532794183621172,-1,-1,,0,-0.06897495066257203,inf,0,1,0,4,0,0,-0.018691505415262388,0.0,nan,0.20148228484593422
13.950000000000001,off,circles,0.07043885506656364,0.01528236448490656,-1,-1,,0,-0.06503395728241232,inf,0,1,0,4,0,0,-0.014676497498175194,0.0,nan,0.1993084274962892
14.0,off,circles,0.0704561935928049,0.016059542557821705,-1,-1,,0,-0.061008257079136326,inf,0,1,0,3,0,0,-0.010559813241509291,0.0,nan,0.19715404054533858
14.05,off,circles,0.07039250579684228,0.016823438488439608,-1,-1,,0,-0.056907787839601084,inf,0,1,0,3,0,0,-0.009145334601314234,0.0,nan,0.19502193460671846
14.100000000000001,off,circles,0.07024860549143928,0.017550828802291474,-1,-1,,0,-0.052742400996761474,inf,0,1,0,2,0,0,-0.007613414979000041,0.0,nan,0.19291489726495226
14.15,off,circles,0.07002535672815298,0.018229687866049803,-1,-1,,0,-0.04852180359143661,inf,0,1,0,1,0,0,-0.005015864099659298,0.0,nan,0.19083569700330683
14.200000000000001,off,circles,0.06972367254301307,0.01885489094276325,-1,-1,,0,-0.04425546998390291,inf,0,1,0,1,0,0,-0.0014702546605474265,0.0,nan,0.18878708677748868
14.25,off,circles,0.06934451395158067,0.019425473013437743,-1,-1,,0,-0.03995255697489819,inf,0,1,0,0,0,0,0.0,0.004457273227718279,nan,0.1867718072631036
14.3,off,circles,0.06888888923006428,0.01994290818286889,-1,-1,,0,-0.03562183628495591,inf,0,1,0,0,0,0,0.0,0.00642620798282479,nan,0.18479258974108193
14.350000000000001,off,circles,0.0683578534959447,0.02041003620775952,-1,-1,,0,-0.03127164810862308,inf,0,1,0,0,0,0,0.0,0.00982914728636668,nan,0.18285215860971127
14.4,off,circles,0.06775250862774751,0.020830395050816942,-1,-1,,0,-0.026909874600336087,inf,0,1,0,0,0,0,0.0,0.013745146794200361,nan,0.18095323351782022
14.450000000000001,off,circles,0.06707400356057708,0.021207808136717732,-1,-1,,0,-0.02254393014112903,inf,0,1,0,0,0,0,0.0,0.01795053582808039,nan,0.17909853109695784
14.5,off,circles,0.06632353499019021,0.02154613205673208,-1,-1,,0,-0.018180764782950512,inf,0,1,0,0,0,0,0.0,0.021383941526727072,nan,0.17729076628820317
14.55,off,circles,0.06550234854201983,0.021849105838901026,-1,-1,,0,-0.013825476335135756,inf,0,1,0,0,0,0,0.0,0.025372437310076365,nan,0.1755326532325312
14.600000000000001,off,circles,0.06461174044477137,0.022120264739125695,-1,-1,,0,-0.009478533601801203,inf,0,1,0,0,0,0,0.0,0.029289380378521485,nan,0.17382690570470805
14.65,off,circles,0.06365305977053302,0.022362895074648947,-1,-1,,0,-0.005145209100388307,inf,0,1,0,0,0,0,0.0,0.03329997600797192,nan,0.17217623707846563
14.700000000000001,off,circles,0.06262771130109478,0.022580015050166026,-1,-1,,0,-0.0008310352448197972,inf,0,1,0,0,0,0,0.0,0.0375134440648354,nan,0.17058335979547745
14.75,off,circles,0.061537159096899254,0.022774371897922686,-1,-1,,0,0.003458781974744779,inf,0,1,0,0,0,0,0.0,0.04189758208071904,nan,0.16904340635952586
14.8,off,circles,0.06038293085457767,0.02294844906264415,-1,-1,,0,0.007719338790628083,inf,0,1,0,0,0,0,0.0,0.04567959353146661,nan,0.16756691458639783
14.850000000000001,off,circles,0.05916662315894964,0.02310447935054638,-1,-1,,0,0.011946008909286432,inf,0,1,0,0,0,0,0.0,0.04835505787015918,nan,0.16615769998534025
14.9,off,circles,0.05788990775309788,0.023244461371195263,-1,-1,,0,0.016134419003228068,inf,0,1,0,0,0,0,0.0,0.05112352913534394,nan,0.1648184855640752
14.950000000000001,off,circles,0.05655453900781243,0.02337017759214524,-1,-1,,0,0.020280424790829893,inf,0,1,0,0,0,0,0.0,0.05314957460934901,nan,0.16355197761419027
15.0,off,circles,0.05516236277785784,0.023483212860738897,-1,-1,,0,0.024380088258910332,inf,0,1,0,0,0,0,0.0,0.055314768983500816,nan,0.16236086135661765
0.05,self,circles,9.87693132314243e-06,9.877366799227375e-06,-1,-1,,0,0.05676101943747254,inf,2,1,0,0,0,0,0.0,0.25,nan,0.21129248126365463
0.1,self,circles,0.00013839137335893464,0.00013838125815041237,-1,-1,,0,0.06182729236001873,inf,2,1,0,0,0,0,0.0,0.25,nan,0.21115276817652406
0.15000000000000002,self,circles,0.00024314055989624485,0.00024312307303581222,-1,-1,,0,0.06663865856154032,inf,2,1,0,0,0,0,0.0,0.25,nan,0.2110450942362373
0.2,self,circles,0.0003216153972083818,0.0003215921574050403,-1,-1,,0,0.07119161730030883,inf,2,1,0,0,0,0,0.0,0.25,nan,0.21096405121241368
0.25,self,circles,0.0003785667925765411,0.00037853915744058124,-1,-1,,0,0.07548824077576892,inf,2,1,0,0,0,0,0.0,0.25,nan,0.21090497496849558
0.30000000000000004,self,circles,0.00041805994121946313,0.00041802905946468246,-1,-1,,0,0.07953461439748687,inf,2,1,0,0,0,0,0.0,0.25,nan,0.2108638812216398
0.35000000000000003,self,circles,0.0004435154500005765,0.0004434822764273605,-1,-1,,0,0.08333959468746686,inf,2,1,0,0,0,0,0.0,0.25,nan,0.21083739414110758
0.4,self,circles,0.0004577892478070713,0.00045775458195258106,-1,-1,,0,0.0869138430094366,inf,2,1,0,0,0,0,0.0,0.25,nan,0.21082267371570718
0.45,self,circles,0.0004632510644861972,0.0004632155605685023,-1,-1,,0,0.09026908951026723,inf,2,1,0,0,0,0,0.0,0.25,nan,0.21081734573789424
0.5,self,circles,0.0004618560457878852,0.00046182024210070856,-1,-1,,0,0.09341758382636732,inf,2,1,0,0,0,0,0.0,0.25,nan,0.21081943672695014
0.55,self,circles,0.00045520837135463966,0.0004551727029637057,-1,-1,,0,0.096371694000128,inf,2,1,0,0,0,0,0.0,0.25,nan,0.21082731501237062
0.6000000000000001,self,circles,0.000444616873114188,0.0004445816867882,-1,-1,,0,0.09914362092762745,inf,2,1,0,0,0,0,0.0,0.25,nan,0.21083963840022169
0.65,self,circles,0.00043114309832855677,0.0004311086703466863,-1,-1,,0,0.10174520146274212,inf,2,1,0,0,0,0,0.0,0.25,nan,0.2108553083820609
0.7000000000000001,self,circles,0.00041564250962939156,0.0004156090479271161,-1,-1,,0,0.1041877786066424,inf,2,1,0,0,0,0,0.0,0.25,nan,0.21087343053056784
0.75,self,circles,0.00039879953222137654,0.0003987672008859488,-1,-1,,0,0.10648212175551484,inf,2,1,0,0,0,0,0.0,0.25,nan,0.2108932805562066
0.8,self,circles,0.00038115723853476304,0.00038112615342006677,-1,-1,,0,0.10863838375055627,inf,2,1,0,0,0,0,0.0,0.25,nan,0.2109142754307779
0.8500000000000001,self,circles,0.000363142338425579,0.0003631125767377669,-1,-1,,0,0.11066608452546593,inf,2,1,0,0,0,0,0.0,0.25,nan,0.21093594897993329
0.9,self,circles,0.0003450861448459367,0.0003450577583957111,-1,-1,,0,0.11257411358864976,inf,2,1,0,0,0,0,0.0,0.25,nan,0.21095793134207186
0.9500000000000001,self,circles,0.00032724211065974834,0.0003272151256751575,-1,-1,,0,0.11437074548989988,inf,2,1,0,0,0,0,0.0,0.25,nan,0.21097993177356622
1.0,self,circles,0.00030980043165291995,0.000309774853412273,-1,-1,,0,0.11606366391070665,inf,2,1,0,0,0,0,0.0,0.25,nan,0.2110017242908765
1.05,self,circles,0.09512380902113554,0.0951237958299855,-1,-1,,0,0.11765998487498462,inf,2,1,0,0,0,0,0.0,0.25,nan,0.2112166885333907
1.1,self,circles,0.08346790134415832,0.08347332487521135,-1,-1,,0,0.11491898307756225,inf,2,1,0,0,0,0,0.0,0.25,nan,0.21110770910320797
1.1500000000000001,self,circles,0.07351346676530372,0.07355324850086614,-1,-1,,0,0.11286458675465476,inf,2,1,0,0,0,0,0.0,0.25,nan,0.21049128861642397
1.2000000000000002,self,circles,0.06505835383930038,0.065158124912507,-1,-1,,0,0.11135225221068105,inf,2,1,0,0,0,0,0.0,0.25,nan,0.2095496441431387
1.25,self,circles,0.05792481347972756,0.058105472257174995,-1,-1,,0,0.11025487841443087,inf,2,1,0,0,0,0,0.0,0.24747479006495685,nan,0.20833095664004053
1.3,self,circles,0.05195441242702223,0.052231489777440014,-1,-1,,0,0.10946262714603665,inf,2,1,0,0,0,0,0.0,0.23576374039181192,nan,0.20687683921371136
1.35,self,circles,0.04700355450317589,0.04738718178275124,-1,-1,,0,0.10888133801294451,inf,2,1,0,0,0,0,0.0,0.22545774473086863,nan,0.2052235151407259
1.4000000000000001,self,circles,0.042939916725559676,0.04343528601202149,-1,-1,,0,0.10843030426659038,inf,2,1,0,0,0,0,0.0,0.2161882042017617,nan,0.20340275910599603
1.4500000000000002,self,circles,0.03964010786612492,0.04024835378001565,-1,-1,,0,0.1080426062989263,inf,2,1,0,0,0,0,0.0,0.2077859700265898,nan,0.2014426563054118
1.5,self,circles,0.036988718242967,0.03770812860584589,-1,-1,,0,0.10766235322230282,inf,2,1,0,0,0,0,0.0,0.20027577825758222,nan,0.1993713692024558
1.55,self,circles,0.03487864425862115,0.03569717401138257,-1,-1,,0,0.10674217514039462,inf,2,1,0,0,0,0,0.0,0.19356105820224348,nan,0.19681349865784814
1.6,self,circles,0.0332122483881539,0.03426226913091346,-1,-1,,0,0.09829080637666442,inf,2,1,0,0,0,0,0.0,0.18761431594591468,nan,0.19416269199413871
1.6500000000000001,self,circles,0.03190272553736064,0.03328456356325811,-1,-1,,0,0.08946775065668976,inf,2,1,0,0,0,0,0.0,0.1818735020941059,nan,0.1914852830382291
1.7000000000000002,self,circles,0.03087509367582517,0.03273514787579233,-1,-1,,0,0.080462034152237,inf,3,1,0,0,0,0,0.0,0.17613014587602716,nan,0.18896054511661087
1.75,self,circles,0.03006646819240894,0.03266230925550154,-1,-1,,0,0.07204082921115136,inf,3,1,0,0,0,0,0.0,0.17056795182892076,nan,0.1867189499207652
1.8,self,circles,0.029425572132365924,0.033082269548681736,-1,-1,,0,0.06503244630950276,inf,6,1,0,0,0,0,0.0,0.16539445083126036,nan,0.18465241863264203
1.85,self,circles,0.028911648229585578,0.03386265882652,-1,-1,,0,0.05919675077191257,inf,6,1,0,0,0,0,0.0,0.16053301492906946,nan,0.18269329665028688
1.9000000000000001,self,circles,0.028493025314582286,0.03489679612797671,-1,-1,,0,0.05435929296612001,inf,6,1,0,0,0,0,0.0,0.15594521765493644,nan,0.18087804265487095
1.9500000000000002,self,circles,0.028145576691219233,0.03615553607745868,-1,-1,,0,0.05137287282107357,inf,6,1,0,0,0,0,0.0,0.15157059337281903,nan,0.1790878093660354
2.0,self,circles,0.02785124285245835,0.037515292329860304,-1,-1,,0,0.04955649042441444,inf,6,1,0,0,0,0,0.0,0.1473637874277239,nan,0.177283438493815
2.0500000000000003,self,circles,0.027596718056614015,0.038907807377968714,-1,-1,,0,0.048342984484018844,inf,6,1,0,0,0,0,0.0,0.1432914524321153,nan,0.17546347847936616
2.1,self,circles,0.02737234178527417,0.04029901041478935,-1,-1,,0,0.04740636759669055,inf,6,1,0,0,0,0,0.0,0.13932883915465763,nan,0.17363743863949788
2.15,self,circles,0.02717119759868714,0.0416709635419025,-1,-1,,0,0.046589818902412164,inf,6,1,0,0,0,0,0.0,0.13545702398462695,nan,0.17181702885243133
2.2,self,circles,0.026988400854233926,0.043013318428443206,-1,-1,,0,0.045824649490789335,inf,6,1,0,0,0,0,0.0,0.13169586832494615,nan,0.17001551894135358
2.25,self,circles,0.026820547748345393,0.04435684450772697,-1,-1,,0,0.046272723468825924,inf,6,1,0,0,0,0,0.0,0.12797723123204416,nan,0.1682486304784484
2.3000000000000003,self,circles,0.0266652965891366,0.04567237803861235,-1,-1,,0,0.04687268060276066,inf,6,1,0,0,0,0,0.0,0.12432853369110275,nan,0.1665305476428055
2.35,self,circles,0.02652105429594652,0.046955090796654636,-1,-1,,0,0.04748611095993195,inf,6,1,0,0,0,0,0.0,0.12074320768993901,nan,0.16487110737826238
2.4000000000000004,self,circles,0.026386744919744017,0.048203706054612425,-1,-1,,0,0.048114774554719006,inf,6,1,0,0,0,0,0.0,0.11721645532455408,nan,0.16327935121510728
2.45,self,circles,0.026261641062784075,0.04941740036699359,-1,-1,,0,0.04876008100566796,inf,6,1,0,0,0,0,0.0,0.11374509279696877,nan,0.1617577287432539
2.5,self,circles,0.026145242895197915,0.05059563602685479,-1,-1,,0,0.04942311298639622,inf,6,1,0,0,0,0,0.0,0.11032742202821513,nan,0.1603168797314175
2.5500000000000003,self,circles,0.026037192804247968,0.051738042935220184,-1,-1,,0,0.0501046487954719,inf,6,1,0,0,0,0,0.0,0.10696312758138088,nan,0.15896651468135703
2.6,self,circles,0.02593721637426249,0.052844334532457626,-1,-1,,0,0.05080518450293976,inf,6,1,0,0,0,0,0.0,0.10365319725710796,nan,0.1577127515619029
2.6500000000000004,self,circles,0.025845082680587127,0.05391424736425468,-1,-1,,0,0.05152495628108435,inf,6,1,0,0,0,0,0.0,0.10039986502331233,nan,0.1565610113492797
2.7,self,circles,0.025760578498852885,0.05494749723817404,-1,-1,,0,0.05226396348757452,inf,6,1,0,0,0,0,0.0,0.09718941820263051,nan,0.15551603190345986
2.75,self,circles,0.025683492443323915,0.05594374732390673,-1,-1,,0,0.05302199305224829,inf,6,1,0,0,0,0,0.0,0.09391000482303684,nan,0.1545818822186642
2.8000000000000003,self,circles,0.025613606064329653,0.056902585213616824,-1,-1,,0,0.05379864543749001,inf,6,1,0,0,0,0,0.0,0.09070193169927711,nan,0.15376197805452152
2.85,self,circles,0.025550689692579055,0.05782350693392597,-1,-1,,0,0.05459336230203364,inf,6,1,0,0,0,0,0.0,0.08757307239228601,nan,0.15305909993445876
2.9000000000000004,self,circles,0.025494501449069385,0.058705906737692236,-1,-1,,0,0.05540545558445874,inf,6,1,0,0,0,0,0.0,0.08453270000452101,nan,0.15247541426498568
2.95,self,circles,0.025444788265356108,0.059549071843681946,-1,-1,,0,0.056234137366006506,inf,6,1,0,0,0,0,0.0,0.08159154225214733,nan,0.1520124980584565
3.0,self,circles,0.025401288104352472,0.06035218153596561,-1,-1,,0,0.05707854961667784,inf,6,1,0,0,0,0,0.0,0.07876183378769382,nan,0.15167136732972708
3.0500000000000003,self,circles,0.025363732812030096,0.06111431003228649,-1,-1,,0,0.05793779265679043,inf,6,1,0,0,0,0,0.0,0.07605735238080168,nan,0.1514525089965585
3.1,self,circles,0.02533185120070214,0.061834432647454536,-1,-1,,0,0.05582747510411873,inf,6,1,0,0,0,0,0.0,0.07309556737548918,nan,0.15135591560525974
3.1500000000000004,self,circles,0.02530537213059334,0.06251143455706211,-1,-1,,0,0.0522462656588257,inf,6,1,0,0,0,0,0.0,0.07011329815732321,nan,0.15137351349485217
3.2,self,circles,0.02529705299809989,0.06314811410496149,-1,-1,,0,0.04863583258449389,inf,6,1,0,0,0,0,0.0,0.06769610471897944,nan,0.1513645834446944
3.25,self,circles,0.025551428122819665,0.06381524070253697,-1,-1,,0,0.04563072680655855,inf,6,1,0,0,0,0,0.0,0.06574289594564797,nan,0.15133646599714112
3.3000000000000003,self,circles,0.026061001832416403,0.06450194029803534,-1,-1,,0,0.04313628032286085,inf,6,1,0,0,0,0,0.0,0.06431733009483877,nan,0.15129575966823972
3.35,self,circles,0.026816020431612048,0.06520197611106379,-1,-1,,0,0.041071660955993794,inf,6,1,0,0,0,0,0.0,0.06333398227869674,nan,0.15124831068102418
3.4000000000000004,self,circles,0.027803035444533705,0.06591194881976992,-1,-1,,0,0.039367910687650526,inf,7,1,0,0,0,0,0.0,0.06272026911081727,nan,0.1511992514781605
3.45,self,circles,0.02900485968453343,0.0666301468339275,-1,-1,,0,0.03796609787227828,inf,7,1,0,0,0,0,0.0,0.06241569674828763,nan,0.15115306873942835
3.5,self,circles,0.030401399497192737,0.06735582164713497,-1,-1,,0,0.036815687888373805,inf,7,1,0,0,0,0,0.0,0.06237084863730566,nan,0.1511136851896422
3.5500000000000003,self,circles,0.031970884074261095,0.0680887380521426,-1,-1,,0,0.03587320076627504,inf,7,1,0,0,0,0,0.0,0.06254618271092596,nan,0.15108454339031951
3.6,self,circles,0.033691134670986736,0.0688289019995782,-1,-1,,0,0.03510117899839704,inf,7,1,0,0,0,0,0.0,0.06291073171596019,nan,0.15106868352173763
3.6500000000000004,self,circles,0.03554065716942268,0.06957640411823732,-1,-1,,0,0.03446744121261361,inf,7,1,0,0,0,0,0.0,0.06344079835407809,nan,0.15106881120221916
3.7,self,circles,0.0374994557588954,0.07033133914488783,-1,-1,,0,0.03394455738880636,inf,6,1,0,0,0,0,0.0,0.06411871766643025,nan,0.15108735450016264
3.75,self,circles,0.039549541486592996,0.07109377462046368,-1,-1,,0,0.03350945867224825,inf,6,1,0,0,0,0,0.0,0.06496361414148248,nan,0.15108516580155507
3.8000000000000003,self,circles,0.04153054679229216,0.07189812417587489,-1,-1,,0,0.032985252331991566,inf,6,1,0,0,0,0,0.0,0.06580565002195042,nan,0.15109601428855313
3.85,self,circles,0.043609131998674895,0.07271842577553703,-1,-1,,0,0.03253519536439564,inf,6,1,0,0,0,0,0.0,0.0662215260019963,nan,0.15113418136242351
3.9000000000000004,self,circles,0.04577422851918926,0.07354420345429892,-1,-1,,0,0.0321622919414834,inf,6,1,0,0,0,0,0.0,0.06664457047977988,nan,0.1512093327398487
3.95,self,circles,0.04802252307665596,0.07436809068419419,-1,-1,,0,0.03185021556936965,inf,6,1,0,0,0,0,0.0,0.06717419869884678,nan,0.1513252642843842
4.0,self,circles,0.05034831936168111,0.0751874687864378,-1,-1,,0,0.03158802656698875,inf,6,1,0,0,0,0,0.0,0.06773159810703015,nan,0.1514732647217274
4.05,self,circles,0.0527228828009061,0.07601206438831802,-1,-1,,0,0.031370272479293804,inf,6,1,0,0,0,0,0.0,0.06827182020144265,nan,0.1516552931249885
4.1000000000000005,self,circles,0.05513407789438865,0.07684150202609524,-1,-1,,0,0.031189754642777096,inf,6,1,0,0,0,0,0.0,0.06879213490596553,nan,0.1518732346405154
4.15,self,circles,0.05757090815656799,0.07767548951205806,-1,-1,,0,0.031039670699710614,inf,6,1,0,0,0,0,0.0,0.06933143726060932,nan,0.15213909112828317
4.2,self,circles,0.06002393748376509,0.07851924345979333,-1,-1,,0,0.03091491171641164,inf,6,1,0,0,0,0,0.0,0.06997470201220234,nan,0.15245781498583766
4.25,self,circles,0.06248263047885927,0.07937419088504412,-1,-1,,0,0.0308121689424683,inf,6,1,0,0,0,0,0.0,0.07010700072214608,nan,0.15282875557361397
4.3,self,circles,0.06493702362290775,0.080238728430173,-1,-1,,0,0.030727888425797628,inf,6,1,0,0,0,0,0.0,0.0702497338543087,nan,0.15321487972898573
4.3500000000000005,self,circles,0.06739011136588531,0.08110316894947708,-1,-1,,0,0.03065830938996439,inf,6,1,0,0,0,0,0.0,0.07040917486575558,nan,0.15346897199759135
4.4,self,circles,0.06988719041219768,0.08193592783351915,-1,-1,,0,0.030597611764609067,inf,6,1,0,0,0,0,0.0,0.07072995241590484,nan,0.15362156981318598
4.45,self,circles,0.072421198447029,0.08275214831938012,-1,-1,,0,0.03054420526571172,inf,6,1,0,0,0,0,0.0,0.07087772057829791,nan,0.15369373176902756
4.5,self,circles,0.07498589020325713,0.08356286695327096,-1,-1,,0,0.030497031345399023,inf,6,1,0,0,0,0,0.0,0.07098283154964179,nan,0.15370009144414742
4.55,self,circles,0.07757557916692512,0.08437597739234878,-1,-1,,0,0.030455301105150517,inf,6,1,0,0,0,0,0.0,0.07105415446649774,nan,0.15365086561261065
4.6000000000000005,self,circles,0.0801850189777649,0.08519701006772883,-1,-1,,0,0.030418372664344967,inf,6,1,0,0,0,0,0.0,0.0712167370694882,nan,0.15355319657530198
4.65,self,circles,0.08280933827325729,0.08602973904642863,-1,-1,,0,0.030385692970978567,inf,6,1,0,0,0,0,0.0,0.07148320741916059,nan,0.15341206655301753
4.7,self,circles,0.08544399474898678,0.08687664603362605,-1,-1,,0,0.030356769890739016,inf,6,1,0,0,0,0,0.0,0.07184066434159582,nan,0.1532309313547705
4.75,self,circles,0.08808473599873036,0.08773927191809006,-1,-1,,0,0.030331158577844186,inf,6,1,0,0,0,0,0.0,0.07227758928588186,nan,0.1530121659628706
4.800000000000001,self,circles,0.09072756351397235,0.08861848176602681,-1,-1,,0,0.030308454486648206,inf,6,1,0,0,0,0,0.0,0.07274927010538015,nan,0.15275738129957406
4.8500000000000005,self,circles,0.09336869927251654,0.08951466400926189,-1,-1,,0,0.03028828935440253,inf,6,1,0,0,0,0,0.0,0.07277362554420502,nan,0.15246765116353223
4.9,self,circles,0.09600455527598731,0.09042787986805119,-1,-1,,0,0.030270328415131387,inf,6,1,0,0,0,0,0.0,0.07286992830857754,nan,0.15214367526695338
4.95,self,circles,0.09863170638354454,0.09135797518093167,-1,-1,,0,0.03025426806133133,inf,6,1,0,0,0,0,0.0,0.07303354922680586,nan,0.15178589593887382
5.0,self,circles,0.10124686650677563,0.09230466392234978,-1,-1,,0,0.030239833626118623,inf,7,1,0,0,0,0,0.0,0.07325959976830862,nan,0.15139458074986056
5.050000000000001,self,circles,0.10384686805919267,0.09326759028590138,-1,-1,,0,0.030226777189518744,inf,8,1,0,0,0,0,0.0,0.07327907403373701,nan,0.15096987930251426
5.1000000000000005,self,circles,0.10642864430504581,0.09424637442953292,-1,-1,,0,0.03021487541913695,inf,8,1,0,0,0,0,0.0,0.07324014860809201,nan,0.15051186034012254
5.15,self,circles,0.10898921417198704,0.09524064569480349,-1,-1,,0,0.03020392749222192,inf,8,1,0,0,0,0,0.0,0.07308977233993216,nan,0.15002053315321595
5.2,self,circles,0.11152566887440012,0.09625006620589444,-1,-1,,0,0.03019375315651665,inf,8,1,0,0,0,0,0.0,0.07277678255253253,nan,0.14949585656588116
5.25,self,circles,0.11403515987092833,0.09727434674671993,-1,-1,,0,0.030184191002620375,inf,8,1,0,0,0,0,0.0,0.07252855376007467,nan,0.148937737525068
5.300000000000001,self,circles,0.11651488741434454,0.09831325648582395,-1,-1,,0,0.030175097002506757,inf,8,1,0,0,0,0,0.0,0.07234188093115668,nan,0.14834602093666083
5.3500000000000005,self,circles,0.11896208897992042,0.09936662761093831,-1,-1,,0,0.030166343366908238,inf,8,1,0,0,0,0,0.0,0.0722132804649058,nan,0.147720472124225
5.4,self,circles,0.12137402687380267,0.10043435551948096,-1,-1,,0,0.030157817770916112,inf,8,1,0,0,0,0,0.0,0.07213898753519427,nan,0.14706075271992902
5.45,self,circles,0.12374797410007203,0.10151639493973247,-1,-1,,0,0.030149422995757097,inf,8,1,0,0,0,0,0.0,0.07211495426157698,nan,0.1463663909182732
5.5,self,circles,0.12608119743167723,0.10261275228859239,-1,-1,,0,0.03014107700511448,inf,8,1,0,0,0,0,0.0,0.07213685047881066,nan,0.14563674695842288
5.550000000000001,self,circles,0.12837093652676118,0.10372347404464315,-1,-1,,0,0.030132713485119395,inf,8,1,0,0,0,0,0.0,0.07220007006771302,nan,0.1448709747398731
5.6000000000000005,self,circles,0.1306143774853068,0.10484863095586694,-1,-1,,0,0.030124282835694266,inf,8,1,0,0,0,0,0.0,0.07229974704384273,nan,0.14406798078405336
5.65,self,circles,0.1328086189088177,0.10598829753327842,-1,-1,,0,0.030115753577535015,inf,8,1,0,0,0,0,0.0,0.07243078759980914,nan,0.14322638216649097
5.7,self,circles,0.1349506279557553,0.10714252603941077,-1,-1,,0,0.030107114092884912,inf,8,1,0,0,0,0,0.0,0.0725782558665048,nan,0.14236250422867536
5.75,self,circles,0.1370537686495569,0.10829995050935802,-1,-1,,0,0.0300980747355592,inf,8,1,0,0,0,0,0.0,0.0726679071098065,nan,0.14158293248431908
5.800000000000001,self,circles,0.13921189102574613,0.10939392453243467,-1,-1,,0,0.030086718327647366,inf,8,1,0,0,0,0,0.0,0.07278421535730023,nan,0.14070727580539755
5.8500000000000005,self,circles,0.14126481697539936,0.1105353556372912,-1,-1,,0,0.030076111690432256,inf,8,1,0,0,0,0,0.0,0.07292815138316988,nan,0.1397359625540815
5.9,self,circles,0.14320942174820983,0.11171927977478875,-1,-1,,0,0.03006631916864072,inf,8,1,0,0,0,0,0.0,0.0731015565991174,nan,0.13866936173847244
5.95,self,circles,0.14504224808492264,0.11294092028958579,-1,-1,,0,0.030057356284431236,inf,8,1,0,0,0,0,0.0,0.07330717432373186,nan,0.13750774769981267
6.0,self,circles,0.14675946933804757,0.11419557464344951,-1,-1,,0,0.03004921166768304,inf,8,1,0,0,0,0,0.0,0.07354872093313677,nan,0.13625128866459102
6.050000000000001,self,circles,0.14835683024794655,0.11547852413089144,-1,-1,,0,0.030041863186439643,inf,8,1,0,0,0,0,0.0,0.07383099916212134,nan,0.13490005572869646
6.1000000000000005,self,circles,0.1498295624655847,0.11678496129136409,-1,-1,,0,0.03003529024694432,inf,8,1,0,0,0,0,0.0,0.07415232189109974,nan,0.13348175593293676
6.15,self,circles,0.15118770397287173,0.11809385153091843,-1,-1,,0,0.030030254044409815,inf,8,1,0,0,0,0,0.0,0.07452643298465829,nan,0.13201014663573518
6.2,self,circles,0.15242517424453395,0.1193923405040603,-1,-1,,0,0.030027687431312095,inf,8,1,0,0,0,0,0.0,0.07459994799384183,nan,0.13048486521905933
6.25,self,circles,0.1535215878136719,0.12067541546827328,-1,-1,,0,0.030028504904166448,inf,8,1,0,0,0,0,0.0,0.07400111742208199,nan,0.12890898618332736
6.300000000000001,self,circles,0.15445220591497227,0.12193594247370394,-1,-1,,0,0.03003412423992252,inf,8,1,0,0,0,0,0.0,0.07339532049944247,nan,0.12729052778191763
6.3500000000000005,self,circles,0.1551867042831032,0.12316427545808245,-1,-1,,0,0.030046667116730402,inf,8,1,0,0,0,0,0.0,0.07292102995613631,nan,0.12569608153860823
6.4,self,circles,0.15565327659665049,0.12441611290457998,-1,-1,,0,0.03011944636896137,inf,8,1,0,0,0,0,0.0,0.07267654832758491,nan,0.12416000503212554
6.45,self,circles,0.15578828030511627,0.12568274603245133,-1,-1,,0,0.030194334719786234,inf,8,1,0,0,0,0,0.0,0.07203122273657458,nan,0.12270255299029353
6.5,self,circles,0.15553760461233465,0.12691197828452097,-1,-1,,0,0.03030537041788693,inf,8,1,0,0,0,0,0.0,0.07097498921785284,nan,0.12136348684736165
6.550000000000001,self,circles,0.15484124996830242,0.12804621513184,-1,-1,,0,0.03045962315999841,inf,8,1,0,0,0,0,0.0,0.070122048476373,nan,0.12020371806564634
6.6000000000000005,self,circles,0.15363353872219435,0.12902046535674838,-1,-1,,0,0.030664487600882015,inf,8,1,0,0,0,0,0.0,0.0685339622098212,nan,0.11937214799573714
6.65,self,circles,0.15186575945348083,0.12972172232015233,-1,-1,,0,0.030919130297585515,inf,6,1,0,0,0,0,0.0,0.06595428897341782,nan,0.11952982010738622
6.7,self,circles,0.14961378521802357,0.1297129676854259,-1,-1,,0,0.031196543493394804,inf,5,1,0,0,0,0,0.0,0.06315632756706406,nan,0.12077006369814647
6.75,self,circles,0.1466786789096845,0.12885936436616444,-1,-1,,0,0.03158494339478114,inf,5,1,0,0,0,0,0.0,0.059745838085500796,nan,0.12334126445362181
6.800000000000001,self,circles,0.14285691421027574,0.12692495911949186,-1,-1,,0,0.03210153110177098,inf,5,1,0,0,0,0,0.0,0.05793122607272165,nan,0.12741019222752348
6.8500000000000005,self,circles,0.1379426354640172,0.12372008954784827,-1,-1,,0,0.03274319047358633,inf,5,1,0,0,0,0,0.0,0.05687350084826911,nan,0.13226118017804056
6.9,self,circles,0.1319083913280532,0.11939929957343809,-1,-1,,0,0.03338222727247957,inf,5,1,0,0,0,0,0.0,0.05697383778143029,nan,0.13820668627226196
6.95,self,circles,0.12464186869264925,0.11388616281850107,-1,-1,,0,0.03409314482961663,inf,5,1,0,0,0,0,0.0,0.06011258198041578,nan,0.14556470722028958
7.0,self,circles,0.11602875507108995,0.10708175731156536,-1,-1,,0,0.03495163383540835,inf,6,1,0,0,0,0,0.0,0.06565018748587532,nan,0.1547084182137336
7.050000000000001,self,circles,0.10605804298072752,0.09885007608677705,-1,-1,,0,0.03608700643225905,inf,6,1,0,0,0,0,0.0,0.0690820197194993,nan,0.16524380960081375
7.1000000000000005,self,circles,0.09572449549008799,0.08929686667043564,-1,-1,,0,0.03709966813252134,inf,6,1,0,0,0,0,0.0,0.06855041388568323,nan,0.17629598909379973
7.15,self,circles,0.08571097755935303,0.07898007004206997,-1,-1,,0,0.03773359046237164,inf,6,1,0,0,0,0,0.0,0.07006504707150092,nan,0.18702318105139681
7.2,self,circles,0.0764907847036314,0.06856274246532561,-1,-1,,0,0.03797205619703063,inf,6,1,0,0,0,0,0.0,0.06422091803322519,nan,0.19083297247645092
7.25,self,circles,0.06846863542591572,0.05872468797937302,-1,-1,,0,0.03789687113699909,inf,6,1,0,0,0,0,0.0,0.06106576482973483,nan,0.18472457400650788
7.300000000000001,self,circles,0.061996789441597686,0.050013169951085124,-1,-1,,0,0.03866192951644927,inf,6,1,0,0,0,0,0.0,0.059985987181075694,nan,0.1798799829118819
7.3500000000000005,self,circles,0.056810263691712284,0.042456451972726475,-1,-1,,0,0.04098583341824753,inf,6,1,0,0,0,0,0.0,0.060743313351283766,nan,0.1762080633745985
7.4,self,circles,0.05265302202743342,0.03594866159324216,-1,-1,,0,0.04438412052876799,inf,6,1,0,0,0,0,0.0,0.06298350161852087,nan,0.1736529182445674
7.45,self,circles,0.049555165210414955,0.0304071202593248,-1,-1,,0,0.04782357578189389,inf,6,1,0,0,0,0,0.0,0.06610545914270291,nan,0.1713973080754546
7.5,self,circles,0.04674560099375358,0.025772008943206807,-1,-1,,0,0.05109616553039881,inf,6,1,0,0,0,0,0.0,0.06969227960924715,nan,0.16941515167878196
7.550000000000001,self,circles,0.04415290983331799,0.02200451565339651,-1,-1,,0,0.05455863771561495,inf,6,1,0,0,0,0,0.0,0.07347837893307256,nan,0.16768487621687278
7.6000000000000005,self,circles,0.041721746264694964,0.019080397302867105,-1,-1,,0,0.05810482136145664,inf,6,1,0,0,0,0,0.0,0.07730554289210695,nan,0.16618018552386593
7.65,self,circles,0.03940995503657678,0.016974946462617102,-1,-1,,0,0.059283725993338185,inf,6,1,0,0,0,0,0.0,0.08108524603488461,nan,0.16489008943764083
7.7,self,circles,0.03718610527352908,0.015639288190108104,-1,-1,,0,0.058379609721836714,inf,6,1,0,0,0,0,0.0,0.08477201207341188,nan,0.163804956132943
7.75,self,circles,0.03502745846518476,0.014979650776710086,-1,-1,,0,0.05754970630784138,inf,6,1,0,0,0,0,0.0,0.08834605391961503,nan,0.16291406011596632
7.800000000000001,self,circles,0.03291835782106317,0.014858671282281771,-1,-1,,0,0.056785788523145794,inf,5,1,0,0,0,0,0.0,0.09180237007440331,nan,0.16220828916598995
7.8500000000000005,self,circles,0.03084901239701947,0.015121924815172973,-1,-1,,0,0.056080828943680924,inf,5,1,0,0,0,0,0.0,0.09514401913446326,nan,0.16167985747207825
7.9,self,circles,0.02881464830887155,0.015629267903523293,-1,-1,,0,0.05542881330027048,inf,5,1,0,0,0,0,0.0,0.09837802270220371,nan,0.1613220703417808
7.95,self,circles,0.026815008603460994,0.01627193280068792,-1,-1,,0,0.05482458380786366,inf,5,1,0,0,0,0,0.0,0.10151290702171742,nan,0.16112912962988346
8.0,self,circles,0.024854200531202846,0.01697405582569563,-1,-1,,0,0.054263706696142736,inf,5,1,0,0,0,0,0.0,0.10455726525874946,nan,0.16109597165699574
8.05,self,circles,0.02294091143522409,0.017686468850450065,-1,-1,,0,0.053742359595389796,inf,5,1,0,0,0,0,0.0,0.10752083887555222,nan,0.16122531593071854
8.1,self,circles,0.021093097798911952,0.01837911775323315,-1,-1,,0,0.053372126663588135,inf,5,1,0,0,0,0,0.0,0.11041928660123143,nan,0.16153147332833862
8.15,self,circles,0.01933990866823852,0.01903477144849803,-1,-1,,0,0.053558390731224884,inf,5,1,0,0,0,0,0.0,0.11325780839275204,nan,0.1619944853978591
8.200000000000001,self,circles,0.017695094917197528,0.01964450012044302,-1,-1,,0,0.054110198299272674,inf,5,1,0,0,0,0,0.0,0.11603823850252554,nan,0.1626048712552619
8.25,self,circles,0.01618942143457471,0.02020462731878634,-1,-1,,0,0.05492751321446464,inf,5,1,0,0,0,0,0.0,0.11876104622549248,nan,0.16335700407769382
8.3,self,circles,0.014867246477890648,0.020714734640078145,-1,-1,,0,0.05596232384733009,inf,5,1,0,0,0,0,0.0,0.12142607032640096,nan,0.16424681433642996
8.35,self,circles,0.01378412158727013,0.021176371933960856,-1,-1,,0,0.057198525916000734,inf,5,1,0,0,0,0,0.0,0.12403291668029182,nan,0.16527091469117206
8.4,self,circles,0.013000886334539469,0.02159222811002965,-1,-1,,0,0.05864179636988344,inf,5,1,0,0,0,0,0.0,0.12657745517295338,nan,0.16642620828556542
8.450000000000001,self,circles,0.012571199701934016,0.021965599962330103,-1,-1,,0,0.06031472763567651,inf,5,1,0,0,0,0,0.0,0.12864606789926156,nan,0.16770966441225466
8.5,self,circles,0.012524055668570802,0.022300053732784438,-1,-1,,0,0.062254573808409694,inf,5,1,0,0,0,0,0.0,0.13064499572517774,nan,0.1691181608817477
8.55,self,circles,0.01285011966156732,0.02259921170998794,-1,-1,,0,0.06451181360772505,inf,5,1,0,0,0,0,0.0,0.13257553273153933,nan,0.17064839827247802
8.6,self,circles,0.013501756252843573,0.022866620299774806,-1,-1,,0,0.06714783171822815,inf,5,1,0,0,0,0,0.0,0.13443862395734282,nan,0.17230715450809808
8.65,self,circles,0.014397497033759478,0.02310567137026286,-1,-1,,0,0.07018180662098276,inf,5,1,0,0,0,0,0.0,0.13622225330761448,nan,0.17418224611555877
8.700000000000001,self,circles,0.015365409443088214,0.023315285930172878,-1,-1,,0,0.07320779229303455,inf,5,1,0,0,0,0,0.0,0.13798269965143659,nan,0.1762496892896187
8.75,self,circles,0.016330992709551562,0.02347888161100343,-1,-1,,0,0.07625785475541012,inf,5,1,0,0,0,0,0.0,0.13971405481293184,nan,0.17848796545572243
8.8,self,circles,0.017252868270472045,0.02362621744487318,-1,-1,,0,0.07934933226058284,inf,5,1,0,0,0,0,0.0,0.14143229572409513,nan,0.18087761987338025
8.85,self,circles,0.018110054788571972,0.023759703569628116,-1,-1,,0,0.08248776661808198,inf,5,1,0,0,0,0,0.0,0.14315039796802287,nan,0.18340095081240027
8.9,self,circles,0.01889365976215975,0.02388164100535713,-1,-1,,0,0.08566981143514256,inf,5,1,0,0,0,0,0.0,0.14487868030174764,nan,0.18604175798711065
8.950000000000001,self,circles,0.019601795150895256,0.023994250097965523,-1,-1,,0,0.08888586995337704,inf,5,1,0,0,0,0,0.0,0.14662515783951838,nan,0.18878513415971543
9.0,self,circles,0.020236529022811867,0.02409970968692919,-1,-1,,0,0.0921223346441362,inf,5,1,0,0,0,0,0.0,0.14839588972105916,nan,0.1916172917701734
9.05,self,circles,0.020802064297298428,0.024200210392407374,-1,-1,,0,0.09536338969070078,inf,6,1,0,0,0,0,0.0,0.15019530817283247,nan,0.1945254195229157
9.1,self,circles,0.021303649521281238,0.024298028295463205,-1,-1,,0,0.09859239367211507,inf,6,1,0,0,0,0,0.0,0.15028002440662808,nan,0.19749756453806533
9.15,self,circles,0.02174692842022927,0.024395629741148256,-1,-1,,0,0.10179288987860939,inf,6,1,0,0,0,0,0.0,0.15019188360186445,nan,0.2005225358305961
9.200000000000001,self,circles,0.02213755506620582,0.024495825503014646,-1,-1,,0,0.10494930420969854,inf,6,1,0,0,0,0,0.0,0.15013340551671406,nan,0.20358982496253308
9.25,self,circles,0.022480971596396632,0.024602005313524872,-1,-1,,0,0.10801870130452489,inf,6,1,0,0,0,0,0.0,0.15003934480772962,nan,0.20480611300494755
9.3,self,circles,0.022782286248497288,0.024718506517821325,-1,-1,,0,0.11093655089805914,inf,6,1,0,0,0,0,0.0,0.1498003563038932,nan,0.2018216414980979
9.35,self,circles,0.023046213611879057,0.0248512109501113,-1,-1,,0,0.11369659635127492,inf,6,1,0,0,0,0,0.0,0.14926917397414086,nan,0.19880078898002262
9.4,self,circles,0.023277053382992824,0.02500853645309477,-1,-1,,0,0.11629611648760206,inf,6,1,0,0,0,0,0.0,0.1487639963216204,nan,0.19574786996494187
9.450000000000001,self,circles,0.023478692710284375,0.025203113377902608,-1,-1,,0,0.11013119908426171,inf,6,1,0,0,0,0,0.0,0.14831795085598437,nan,0.19267106975034187
9.5,self,circles,0.023654622611935974,0.025454624510304395,-1,-1,,0,0.10233514948793514,inf,6,1,0,0,0,0,0.0,0.14793246795292345,nan,0.1895881918012946
9.55,self,circles,0.02380796238141419,0.0257944550573633,-1,-1,,0,0.09403140335706366,inf,6,1,0,0,0,0,0.0,0.1467461094154814,nan,0.18653814855001005
9.600000000000001,self,circles,0.023941488066634382,0.026272402024535395,-1,-1,,0,0.08531897460706526,inf,6,1,0,0,0,0,0.0,0.14496295375837306,nan,0.18359940456543822
9.65,self,circles,0.02405766249831527,0.026962643145585302,-1,-1,,0,0.07645479907622042,inf,6,1,0,0,0,0,0.0,0.143134797174139,nan,0.18107763978353242
9.700000000000001,self,circles,0.02415866531560051,0.02808289161310421,-1,-1,,0,0.06869549642347118,inf,6,1,0,0,0,0,0.0,0.14131076855202937,nan,0.17892022019609077
9.75,self,circles,0.02424642196163897,0.02953882121887732,-1,-1,,0,0.06223878545610072,inf,6,1,0,0,0,0,0.0,0.1392165771116288,nan,0.1769953069762703
9.8,self,circles,0.024322631080957193,0.03118812034259598,-1,-1,,0,0.05686326917102448,inf,6,1,0,0,0,0,0.0,0.13690012179708083,nan,0.1752156347315883
9.850000000000001,self,circles,0.024388790013034324,0.03293545282509823,-1,-1,,0,0.05238625886132135,inf,6,1,0,0,0,0,0.0,0.13452498921860107,nan,0.17360722195449452
9.9,self,circles,0.024446218174933736,0.034773212451985384,-1,-1,,0,0.0495917102078557,inf,6,1,0,0,0,0,0.0,0.13207525570162162,nan,0.1720453162141653
9.950000000000001,self,circles,0.024496078363230287,0.03659921342527293,-1,-1,,0,0.047889307378348636,inf,6,1,0,0,0,0,0.0,0.12958203464394438,nan,0.1705033699413675
10.0,self,circles,0.02453939594025167,0.038400986439667065,-1,-1,,0,0.047660005350361426,inf,6,1,0,0,0,0,0.0,0.12702778464503997,nan,0.168952934809938
10.05,self,circles,0.024577076019053748,0.04014169691370586,-1,-1,,0,0.04797236682936222,inf,6,1,0,0,0,0,0.0,0.12439934751618265,nan,0.1674089242641532
10.100000000000001,self,circles,0.024609918737525372,0.041811945851926616,-1,-1,,0,0.04831954946731849,inf,6,1,0,0,0,0,0.0,0.12170472580669646,nan,0.16588350541763686
10.15,self,circles,0.02463863274834779,0.04341481228981463,-1,-1,,0,0.04870157786670777,inf,6,1,0,0,0,0,0.0,0.11895197725204289,nan,0.16438807577586823
10.200000000000001,self,circles,0.024663847034504475,0.04495313586277051,-1,-1,,0,0.04911830999647114,inf,6,1,0,0,0,0,0.0,0.1161492415330391,nan,0.1629321122824443
10.25,self,circles,0.02468612120527324,0.04642952663438706,-1,-1,,0,0.04956944740362974,inf,6,1,0,0,0,0,0.0,0.11330476938860924,nan,0.16152021450070708
10.3,self,circles,0.02470595440230927,0.047846372389343826,-1,-1,,0,0.05005454325271501,inf,6,1,0,0,0,0,0.0,0.11042695506914771,nan,0.1601680586416625
10.350000000000001,self,circles,0.024723792931823654,0.04920584355516986,-1,-1,,0,0.050573008969147584,inf,6,1,0,0,0,0,0.0,0.10752437326456991,nan,0.15888412340098912
10.4,self,circles,0.024740036780599366,0.050509896103079856,-1,-1,,0,0.051124120286545185,inf,6,1,0,0,0,0,0.0,0.10460582165904474,nan,0.15767616852470412
10.450000000000001,self,circles,0.02475504512219751,0.05176027285191791,-1,-1,,0,0.05170702350282115,inf,6,1,0,0,0,0,0.0,0.10168037032142901,nan,0.15655124098181428
10.5,self,circles,0.024769140967072834,0.0529585036842148,-1,-1,,0,0.0523207426924273,inf,6,1,0,0,0,0,0.0,0.09875741892532237,nan,0.15551568108071734
10.55,self,circles,0.02478261504711846,0.054105905227837925,-1,-1,,0,0.052964188588944625,inf,6,1,0,0,0,0,0.0,0.09584676259906742,nan,0.15457512929329842
10.600000000000001,self,circles,0.024795729078979124,0.05520358058964211,-1,-1,,0,0.05363616966717481,inf,6,1,0,0,0,0,0.0,0.0929206659214968,nan,0.15373453462571807
10.65,self,circles,0.024808718495182784,0.05625241972834282,-1,-1,,0,0.054335405791529914,inf,6,1,0,0,0,0,0.0,0.08992050672392046,nan,0.15299816540207034
10.700000000000001,self,circles,0.02482179475672778,0.057253101052729065,-1,-1,,0,0.0550605444910081,inf,6,1,0,0,0,0,0.0,0.08696576300147914,nan,0.15236962317062297
10.75,self,circles,0.024835147335577012,0.05820609467121055,-1,-1,,0,0.0558101796595369,inf,6,1,0,0,0,0,0.0,0.08406967846262817,nan,0.15185186047473553
10.8,self,circles,0.024848945434459733,0.05911166776698576,-1,-1,,0,0.05658287203428343,inf,6,1,0,0,0,0,0.0,0.08124648948453779,nan,0.1514472027611694
10.850000000000001,self,circles,0.024863339531677353,0.059969892250147934,-1,-1,,0,0.0573771706399709,inf,6,1,0,0,0,0,0.0,0.07851153436535407,nan,0.15115737455418388
10.9,self,circles,0.024878462782319758,0.0607806547612964,-1,-1,,0,0.05819163401304102,inf,6,1,0,0,0,0,0.0,0.07588134259007635,nan,0.15098352965693962
10.950000000000001,self,circles,0.02489443234272447,0.06154366891027428,-1,-1,,0,0.056011808871651525,inf,6,1,0,0,0,0,0.0,0.07280172190343992,nan,0.15092628471732328
11.0,self,circles,0.024911350617304522,0.062258489383018936,-1,-1,,0,0.05249041628104156,inf,6,1,0,0,0,0,0.0,0.0698481321529486,nan,0.1509857553082793
11.05,self,circles,0.02492930646651867,0.06292452747915678,-1,-1,,0,0.048893893083086976,inf,6,1,0,0,0,0,0.0,0.06755915788167619,nan,0.15102556522205923
11.100000000000001,self,circles,0.02517929025262605,0.06361082911941837,-1,-1,,0,0.04583756476786813,inf,6,1,0,0,0,0,0.0,0.06587612534458508,nan,0.15103908730247206
11.15,self,circles,0.025680747908668054,0.06431493342613961,-1,-1,,0,0.043298498435236976,inf,6,1,0,0,0,0,0.0,0.06440887887479368,nan,0.15103388142920438
11.200000000000001,self,circles,0.026425850362699736,0.06503063170208169,-1,-1,,0,0.04119499803951676,inf,6,1,0,0,0,0,0.0,0.06339293495603063,nan,0.15101665387333985
11.25,self,circles,0.027402816229804637,0.06575462714390036,-1,-1,,0,0.03945729307278398,inf,7,1,0,0,0,0,0.0,0.06275434952364937,nan,0.15099329748976076
11.3,self,circles,0.028595728055802228,0.06648533445340049,-1,-1,,0,0.03802576006335501,inf,7,1,0,0,0,0,0.0,0.062431253789212604,nan,0.1509689647197251
11.350000000000001,self,circles,0.029985362971485668,0.0672221307793188,-1,-1,,0,0.036849341241251415,inf,7,1,0,0,0,0,0.0,0.06237293382971817,nan,0.15094815592325006
11.4,self,circles,0.03155048784716221,0.06796489677318623,-1,-1,,0,0.03588421710975914,inf,7,1,0,0,0,0,0.0,0.06253868303436896,nan,0.15093481040702383
11.450000000000001,self,circles,0.03326920624273236,0.06871374310334667,-1,-1,,0,0.03509275403322751,inf,7,1,0,0,0,0,0.0,0.06289652647420843,nan,0.15093239205072995
11.5,self,circles,0.03512011163439199,0.06946885574684648,-1,-1,,0,0.03444270885905429,inf,6,1,0,0,0,0,0.0,0.0634219170565828,nan,0.15094396533185583
11.55,self,circles,0.03708313947116446,0.07023041760945907,-1,-1,,0,0.033906639079850504,inf,6,1,0,0,0,0,0.0,0.06409648433817108,nan,0.15097226072672332
11.600000000000001,self,circles,0.039140100873794215,0.07099857853018698,-1,-1,,0,0.03346144812243135,inf,6,1,0,0,0,0,0.0,0.06496171407454022,nan,0.15097832035821568
11.65,self,circles,0.04114142262747802,0.07180770439349715,-1,-1,,0,0.03293932500915439,inf,6,1,0,0,0,0,0.0,0.06579353087081605,nan,0.15099876355868536
11.700000000000001,self,circles,0.043240734064223164,0.07262988023477493,-1,-1,,0,0.03249604858287164,inf,6,1,0,0,0,0,0.0,0.06621286000479082,nan,0.15104518675517864
11.75,self,circles,0.0454240376060399,0.07345716422722363,-1,-1,,0,0.032128774401091686,inf,6,1,0,0,0,0,0.0,0.06663151127876203,nan,0.151128230673494
11.8,self,circles,0.0476902257408563,0.07428147993404943,-1,-1,,0,0.031820981930523795,inf,6,1,0,0,0,0,0.0,0.06716249741540574,nan,0.15124953528098284
11.850000000000001,self,circles,0.05002984790891172,0.07510240414957212,-1,-1,,0,0.03156303421766701,inf,6,1,0,0,0,0,0.0,0.06772564986098942,nan,0.15140199083131356
11.9,self,circles,0.052416637014912386,0.07592825929232197,-1,-1,,0,0.031348851712748926,inf,6,1,0,0,0,0,0.0,0.06825610100011645,nan,0.15158764163975436
11.950000000000001,self,circles,0.054838748546729627,0.0767587107839912,-1,-1,,0,0.031171341029628763,inf,6,1,0,0,0,0,0.0,0.06879083202077207,nan,0.15180844732168386
12.0,self,circles,0.05728543384209878,0.07759350142021894,-1,-1,,0,0.031023399278747532,inf,6,1,0,0,0,0,0.0,0.06931768324252255,nan,0.1520786703512177
12.05,self,circles,0.05974760222352779,0.07843904548757485,-1,-1,,0,0.030900796763150495,inf,6,1,0,0,0,0,0.0,0.06994793099424701,nan,0.1524006231124705
12.100000000000001,self,circles,0.062214613449599186,0.07929532137659777,-1,-1,,0,0.030799875177031005,inf,6,1,0,0,0,0,0.0,0.07009681310477976,nan,0.15277380028784326
12.15,self,circles,0.06467672108569951,0.08016081678204635,-1,-1,,0,0.03071713464493772,inf,6,1,0,0,0,0,0.0,0.07024556981502751,nan,0.15317528548969228
12.200000000000001,self,circles,0.06713252853424423,0.08102904146653456,-1,-1,,0,0.030649166746156586,inf,6,1,0,0,0,0,0.0,0.07039162035183562,nan,0.15344122448096154
12.25,self,circles,0.06963221981759578,0.08186399724168208,-1,-1,,0,0.03058989619390448,inf,6,1,0,0,0,0,0.0,0.0707021555451837,nan,0.15360315036566607
12.3,self,circles,0.07216869802414022,0.08268123526624593,-1,-1,,0,0.0305377152516553,inf,6,1,0,0,0,0,0.0,0.07086941458752591,nan,0.153682825124542
12.350000000000001,self,circles,0.07473573185713771,0.08349211666808289,-1,-1,,0,0.030491576179345947,inf,6,1,0,0,0,0,0.0,0.07096540239120824,nan,0.1536953824443018
12.4,self,circles,0.07732766528223606,0.08430478487546586,-1,-1,,0,0.030450711548877407,inf,6,1,0,0,0,0,0.0,0.07104674118865395,nan,0.1536513982166915
12.450000000000001,self,circles,0.07993928561538884,0.08512495862538766,-1,-1,,0,0.030414503570117685,inf,6,1,0,0,0,0,0.0,0.07120206369919124,nan,0.1535582751068144
12.5,self,circles,0.08256575330387847,0.0859565517055829,-1,-1,,0,0.030382422343820492,inf,6,1,0,0,0,0,0.0,0.07146234516591345,nan,0.15342118560843077
12.55,self,circles,0.08520255439760072,0.08680214795595555,-1,-1,,0,0.030353996517226478,inf,6,1,0,0,0,0,0.0,0.07181455907357573,nan,0.1532437255117136
12.600000000000001,self,circles,0.08784546124396875,0.0876633616738982,-1,-1,,0,0.030328799231584852,inf,6,1,0,0,0,0,0.0,0.07224709179238381,nan,0.1530283732647275
12.65,self,circles,0.09049049680892893,0.08854110959349558,-1,-1,,0,0.030306441177879895,inf,6,1,0,0,0,0,0.0,0.0727325821101827,nan,0.15277681661272735
12.700000000000001,self,circles,0.093133901741898,0.0894358154508303,-1,-1,,0,0.03028656682680081,inf,6,1,0,0,0,0,0.0,0.07275357903249938,nan,0.15249018657039215
12.75,self,circles,0.09577210434587845,0.09034756353019262,-1,-1,,0,0.030268851959482534,inf,6,1,0,0,0,0,0.0,0.07284677612400202,nan,0.15216922565916446
12.8,self,circles,0.09840169378099829,0.09127621366919805,-1,-1,,0,0.030253001648068018,inf,6,1,0,0,0,0,0.0,0.07300758760961887,nan,0.15181440850087247
12.850000000000001,self,circles,0.10101939659661324,0.09222148714891794,-1,-1,,0,0.030238748336064908,inf,7,1,0,0,0,0,0.0,0.07323116160505712,nan,0.15142602730118793
12.9,self,circles,0.10362205644617774,0.09318303059348365,-1,-1,,0,0.030225849905714364,inf,8,1,0,0,0,0,0.0,0.07328448272655314,nan,0.15100425095424597
12.950000000000001,self,circles,0.1062066166925521,0.09416046310122399,-1,-1,,0,0.03021408774003323,inf,8,1,0,0,0,0,0.0,0.0732425415925511,nan,0.15054916381419703
13.0,self,circles,0.10877010542083836,0.09515341054667018,-1,-1,,0,0.030203264828655818,inf,8,1,0,0,0,0,0.0,0.07310201663534611,nan,0.15006078858890282
13.05,self,circles,0.11130962233662337,0.09616152996436925,-1,-1,,0,0.030193203979446442,inf,8,1,0,0,0,0,0.0,0.07278512938641267,nan,0.14953909642212615
13.100000000000001,self,circles,0.11382232694335302,0.09718452608508368,-1,-1,,0,0.030183746211696838,inf,8,1,0,0,0,0,0.0,0.07253322590596943,nan,0.14898400642444443
13.15,self,circles,0.11630542736067884,0.09822216158813481,-1,-1,,0,0.030174749386962435,inf,8,1,0,0,0,0,0.0,0.07234313111903042,nan,0.14839537633168753
13.200000000000001,self,circles,0.11875616907471039,0.09927426216633432,-1,-1,,0,0.030166087137830533,inf,8,1,0,0,0,0,0.0,0.07221139019907698,nan,0.14777298559687257
13.25,self,circles,0.12117182291175296,0.10034071705670185,-1,-1,,0,0.03015764815002997,inf,8,1,0,0,0,0,0.0,0.07213426585109238,nan,0.14711651184020036
13.3,self,circles,0.12354967130841621,0.10142147559525283,-1,-1,,0,0.030149335835048502,inf,8,1,0,0,0,0,0.0,0.0721077360685059,nan,0.14642550156914635
13.350000000000001,self,circles,0.12588699195537764,0.10251653985404964,-1,-1,,0,0.03014106843649722,inf,8,1,0,0,0,0,0.0,0.07212749423641482,nan,0.14569933601952323
13.4,self,circles,0.12818103756191496,0.103625953426444,-1,-1,,0,0.030132779585441943,inf,8,1,0,0,0,0,0.0,0.07218895428440962,nan,0.14493719294145369
13.450000000000001,self,circles,0.1304290102425282,0.10474978604800536,-1,-1,,0,0.030124419305809697,inf,8,1,0,0,0,0,0.0,0.07228726498206386,nan,0.14413800562676815
13.5,self,circles,0.13262802865673246,0.10588811356141214,-1,-1,,0,0.03011595543700532,inf,8,1,0,0,0,0,0.0,0.07241733929686034,nan,0.14330042059160697
13.55,self,circles,0.13477508539607588,0.10704099251779649,-1,-1,,0,0.0301073753942063,inf,8,1,0,0,0,0,0.0,0.07256469396717496,nan,0.1424399240695492
13.600000000000001,self,circles,0.13688284277964138,0.10819760762967175,-1,-1,,0,0.030098397329626658,inf,8,1,0,0,0,0,0.0,0.07265289308427861,nan,0.14166665340951912
13.65,self,circles,0.13904889245751215,0.109289093758302,-1,-1,,0,0.03008702210985864,inf,8,1,0,0,0,0,0.0,0.0727675880867618,nan,0.14079737926959923
13.700000000000001,self,circles,0.14111003517868734,0.11042825774790886,-1,-1,,0,0.030076393665000006,inf,8,1,0,0,0,0,0.0,0.07290969670711982,nan,0.1398325309937133
13.75,self,circles,0.14306316616770381,0.11161014395736377,-1,-1,,0,0.030066578091115764,inf,8,1,0,0,0,0,0.0,0.07308100273163001,nan,0.13877247974143547
13.8,self,circles,0.14490485175339668,0.1128299887382567,-1,-1,,0,0.030057591776267767,inf,8,1,0,0,0,0,0.0,0.07328418481273698,nan,0.1376175021478543
13.850000000000001,self,circles,0.14663129392477625,0.11408310620850504,-1,-1,,0,0.030049423533623554,inf,8,1,0,0,0,0,0.0,0.07352288491642227,nan,0.13636776788715232
13.9,self,circles,0.14823827279485127,0.11536479727243319,-1,-1,,0,0.030042050854789726,inf,8,1,0,0,0,0,0.0,0.07380181845454695,nan,0.13502334758464019
13.950000000000001,self,circles,0.14972106416788059,0.11667027650930316,-1,-1,,0,0.030035452268805274,inf,8,1,0,0,0,0,0.0,0.07412022302973494,nan,0.13360770781043085
14.0,self,circles,0.15108756278840801,0.11798097931356924,-1,-1,,0,0.030030263290651088,inf,8,1,0,0,0,0,0.0,0.07448917336488543,nan,0.13213911605318518
14.05,self,circles,0.1523351442566891,0.11928144748217057,-1,-1,,0,0.030027492161141978,inf,8,1,0,0,0,0,0.0,0.07465178695762847,nan,0.13061692951029436
14.100000000000001,self,circles,0.15344371156576736,0.12056685798694187,-1,-1,,0,0.030028016906194444,inf,8,1,0,0,0,0,0.0,0.0740557124129133,nan,0.129043839100621
14.15,self,circles,0.1543889123146675,0.12183029154019594,-1,-1,,0,0.03003320372595647,inf,8,1,0,0,0,0,0.0,0.07344815345374714,nan,0.1274273362097489
14.200000000000001,self,circles,0.1551409258579123,0.12306234800811554,-1,-1,,0,0.03004510403897026,inf,8,1,0,0,0,0,0.0,0.0729569148323983,nan,0.12582713402067436
14.25,self,circles,0.15563273917620432,0.12431115253742975,-1,-1,,0,0.03011449792780753,inf,8,1,0,0,0,0,0.0,0.07268943447320982,nan,0.1242844567388629
14.3,self,circles,0.15579734453236127,0.12557893077263182,-1,-1,,0,0.03018665955471829,inf,8,1,0,0,0,0,0.0,0.07213865444626892,nan,0.12281797547517981
14.350000000000001,self,circles,0.15558108337011423,0.126813826009852,-1,-1,,0,0.03029442031003711,inf,8,1,0,0,0,0,0.0,0.07105576805794178,nan,0.12146572367964847
14.4,self,circles,0.15492443716896578,0.12795878827001367,-1,-1,,0,0.030444781983268568,inf,8,1,0,0,0,0,0.0,0.07027948789239952,nan,0.12028677337340177
14.450000000000001,self,circles,0.15376214649871836,0.12894950152405224,-1,-1,,0,0.030645157062276843,inf,8,1,0,0,0,0,0.0,0.06871443026354376,nan,0.11937679800553258
14.5,self,circles,0.1520292122671696,0.12970453872878607,-1,-1,,0,0.030900539196735147,inf,7,1,0,0,0,0,0.0,0.06623679952247585,nan,0.1194486476432225
14.55,self,circles,0.14982797489384717,0.12976070798697353,-1,-1,,0,0.031172067037257126,inf,6,1,0,0,0,0,0.0,0.06344246132339389,nan,0.12058854840136146
14.600000000000001,self,circles,0.14696000518325839,0.12898781853885313,-1,-1,,0,0.03154896154117755,inf,5,1,0,0,0,0,0.0,0.05998206082870044,nan,0.12303634540583286
14.65,self,circles,0.1432242642508239,0.12715356972662728,-1,-1,,0,0.03205392511773324,inf,5,1,0,0,0,0,0.0,0.058042150232071675,nan,0.12704279709493116
14.700000000000001,self,circles,0.13839941666279695,0.12404042063836572,-1,-1,,0,0.03269619775857256,inf,5,1,0,0,0,0,0.0,0.05694266855592528,nan,0.13181247688554676
14.75,self,circles,0.13246307925893078,0.11981525168331728,-1,-1,,0,0.033331425606018886,inf,5,1,0,0,0,0,0.0,0.056820012400491705,nan,0.13765069748607917
14.8,self,circles,0.1253045189604396,0.11440518594924688,-1,-1,,0,0.03403243007730296,inf,5,1,0,0,0,0,0.0,0.0598403044651695,nan,0.14487394146067956
14.850000000000001,self,circles,0.11680758997590802,0.10771328595937638,-1,-1,,0,0.03487354925178436,inf,6,1,0,0,0,0,0.0,0.06503874270918449,nan,0.15388013320981997
14.9,self,circles,0.10694998291607277,0.09959664702705166,-1,-1,,0,0.03599708286662308,inf,6,1,0,0,0,0,0.0,0.06924464331965845,nan,0.164325665175599
14.950000000000001,self,circles,0.09660473189671925,0.09013966821606446,-1,-1,,0,0.03703509192262815,inf,6,1,0,0,0,0,0.0,0.0685128710689822,nan,0.17537006734913696
15.0,self,circles,0.08653683757991952,0.07986073290419615,-1,-1,,0,0.03770698876149765,inf,6,1,0,0,0,0,0.0,0.0698803480284507,nan,0.18615031825273476
0.05,self+frame,circles,9.87693132314243e-06,9.877366799227375e-06,-1,-1,,0,0.05676101943747254,0.16504642260436408,5,1,752,0,0,0,0.0,0.25,nan,0.21129248126365463
0.1,self+frame,circles,0.00013839137335893464,0.00013838125815041237,-1,-1,,0,0.06182729236001873,0.1653943777197371,5,1,752,0,0,0,0.0,0.25,nan,0.21115276817652406
0.15000000000000002,self+frame,circles,0.00024314055989624485,0.00024312307303581222,-1,-1,,0,0.06663865856154032,0.1657236815881891,5,1,752,0,0,0,0.0,0.25,nan,0.2110450942362373
0.2,self+frame,circles,0.0003216153972083818,0.0003215921574050403,-1,-1,,0,0.07119161730030883,0.1660334753024706,5,1,754,0,0,0,0.0,0.25,nan,0.21096405121241368
0.25,self+frame,circles,0.0003785667925765411,0.00037853915744058124,-1,-1,,0,0.07548824077576892,0.16632354276704142,5,1,754,0,0,0,0.0,0.25,nan,0.21090497496849558
0.30000000000000004,self+frame,circles,0.00041805994121946313,0.00041802905946468246,-1,-1,,0,0.07953461439748687,0.16659414379498833,5,1,754,0,0,0,0.0,0.25,nan,0.2108638812216398
0.35000000000000003,self+frame,circles,0.0004435154500005765,0.0004434822764273605,-1,-1,,0,0.08333959468746686,0.1668458768897136,5,1,751,0,0,0,0.0,0.25,nan,0.21083739414110758
0.4,self+frame,circles,0.0004577892478070713,0.00045775458195258106,-1,-1,,0,0.0869138430094366,0.16707956969094054,5,1,751,0,0,0,0.0,0.25,nan,0.21082267371570718
0.45,self+frame,circles,0.0004632510644861972,0.0004632155605685023,-1,-1,,0,0.09026908951026723,0.1672961936516835,5,1,751,0,0,0,0.0,0.25,nan,0.21081734573789424
0.5,self+frame,circles,0.0004618560457878852,0.00046182024210070856,-1,-1,,0,0.09341758382636732,0.16749679920383098,5,1,750,0,0,0,0.0,0.25,nan,0.21081943672695014
0.55,self+frame,circles,0.00045520837135463966,0.0004551727029637057,-1,-1,,0,0.096371694000128,0.1676824676534613,5,1,750,0,0,0,0.0,0.25,nan,0.21082731501237062
0.6000000000000001,self+frame,circles,0.000444616873114188,0.0004445816867882,-1,-1,,0,0.09914362092762745,0.16785427644734296,5,1,750,0,0,0,0.0,0.25,nan,0.21083963840022169
0.65,self+frame,circles,0.00043114309832855677,0.0004311086703466863,-1,-1,,0,0.10174520146274212,0.16801327489828366,5,1,751,0,0,0,0.0,0.25,nan,0.2108553083820609
0.7000000000000001,self+frame,circles,0.00041564250962939156,0.0004156090479271161,-1,-1,,0,0.1041877786066424,0.16816046793283362,5,1,751,0,0,0,0.0,0.25,nan,0.21087343053056784
0.75,self+frame,circles,0.00039879953222137654,0.0003987672008859488,-1,-1,,0,0.10648212175551484,0.16829680591995363,5,1,751,0,0,0,0.0,0.25,nan,0.2108932805562066
0.8,self+frame,circles,0.00038115723853476304,0.00038112615342006677,-1,-1,,0,0.10863838375055627,0.16842317896868111,5,1,749,0,0,0,0.0,0.25,nan,0.2109142754307779
0.8500000000000001,self+frame,circles,0.000363142338425579,0.0003631125767377669,-1,-1,,0,0.11066608452546593,0.16854041452172977,5,1,749,0,0,0,0.0,0.25,nan,0.21093594897993329
0.9,self+frame,circles,0.0003450861448459367,0.0003450577583957111,-1,-1,,0,0.11257411358864976,0.1686492772543882,5,1,749,0,0,0,0.0,0.25,nan,0.21095793134207186
0.9500000000000001,self+frame,circles,0.00032724211065974834,0.0003272151256751575,-1,-1,,0,0.11437074548989988,0.16875047059032566,5,1,748,0,0,0,0.0,0.25,nan,0.21097993177356622
1.0,self+frame,circles,0.00030980043165291995,0.000309774853412273,-1,-1,,0,0.11606366391070665,0.16884463927165216,5,1,748,0,0,0,0.0,0.25,nan,0.2110017242908765
1.05,self+frame,circles,0.09512380902113554,0.0951237958299855,-1,-1,,0,0.11765998487498462,0.1689323726012466,5,1,748,0,0,0,0.0,0.25,nan,0.2112166885333907
1.1,self+frame,circles,0.08346790134415832,0.08347332487521135,-1,-1,,0,0.11491898307756225,0.16036479463927966,5,1,754,0,0,0,0.0,0.25,nan,0.21110770910320797
1.1500000000000001,self+frame,circles,0.07351346676530372,0.07355324850086614,-1,-1,,0,0.11286458675465476,0.15280213565790515,5,1,754,0,0,0,0.0,0.25,nan,0.21049128861642397
1.2000000000000002,self+frame,circles,0.06505835383930038,0.065158124912507,-1,-1,,0,0.11135225221068105,0.14605598542799844,6,1,754,0,0,0,0.0,0.25,nan,0.2095496441431387
1.25,self+frame,circles,0.05792481347972756,0.058105472257174995,-1,-1,,0,0.11025487841443087,0.13997132854774372,6,1,746,0,0,0,0.0,0.24747479006495685,nan,0.20833095664004053
1.3,self+frame,circles,0.05195441242702223,0.052231489777440014,-1,-1,,0,0.10946262714603665,0.13442167467084995,6,1,746,0,0,0,0.0,0.23576374039181192,nan,0.20687683921371136
1.35,self+frame,circles,0.04700355450317589,0.04738718178275124,-1,-1,,0,0.10888133801294451,0.12930444606101277,6,1,746,0,0,0,0.0,0.22545774473086863,nan,0.2052235151407259
1.4000000000000001,self+frame,circles,0.042939916725559676,0.04343528601202149,-1,-1,,0,0.10843030426659038,0.12453683374789373,6,1,742,0,0,0,0.0,0.2161882042017617,nan,0.20340275910599603
1.4500000000000002,self+frame,circles,0.03964010786612492,0.04024835378001565,-1,-1,,0,0.1080426062989263,0.12005220611761841,6,1,742,0,0,0,0.0,0.2077859700265898,nan,0.2014426563054118
1.5,self+frame,circles,0.036988718242967,0.03770812860584589,-1,-1,,0,0.10766235322230282,0.11579707671244499,6,1,742,0,0,0,0.0,0.20027577825758222,nan,0.1993713692024558
1.55,self+frame,circles,0.03487864425862115,0.03569717401138257,-1,-1,,0,0.10674217514039462,0.11171393372675009,6,1,740,0,0,0,0.0,0.19356105820224348,nan,0.19681349865784814
1.6,self+frame,circles,0.0332122483881539,0.03426226913091346,-1,-1,,0,0.09829080637666442,0.10770935100361603,6,1,740,0,0,0,0.0,0.18761431594591468,nan,0.19416269199413871
1.6500000000000001,self+frame,circles,0.03190272553736064,0.03328456356325811,-1,-1,,0,0.08946775065668976,0.10393335770018897,6,1,740,0,0,0,0.0,0.1818735020941059,nan,0.1914852830382291
1.7000000000000002,self+frame,circles,0.03087509367582517,0.03273514787579233,-1,-1,,0,0.080462034152237,0.10042387965621438,7,1,740,0,0,0,0.0,0.17613014587602716,nan,0.18896054511661087
1.75,self+frame,circles,0.03006646819240894,0.03266230925550154,-1,-1,,0,0.07204082921115136,0.09731387674538036,7,1,740,0,0,0,0.0,0.17056795182892076,nan,0.1867189499207652
1.8,self+frame,circles,0.029425572132365924,0.033082269548681736,-1,-1,,0,0.06503244630950276,0.09467436587099856,10,1,740,0,0,0,0.0,0.16539445083126036,nan,0.18465241863264203
1.85,self+frame,circles,0.028911648229585578,0.03386265882652,-1,-1,,0,0.05919675077191257,0.0923278225079614,10,1,741,0,0,0,0.0,0.16053301492906946,nan,0.18269329665028688
1.9000000000000001,self+frame,circles,0.028493025314582286,0.03489679612797671,-1,-1,,0,0.05435929296612001,0.09023962439922975,10,1,741,0,0,0,0.0,0.15594521765493644,nan,0.18087804265487095
1.9500000000000002,self+frame,circles,0.028145576691219233,0.03615553607745868,-1,-1,,0,0.05137287282107357,0.08844026730795215,10,1,741,0,0,0,0.0,0.15157059337281903,nan,0.1790878093660354
2.0,self+frame,circles,0.02785124285245835,0.037515292329860304,-1,-1,,0,0.04955649042441444,0.08679939884961871,10,1,740,0,0,0,0.0,0.1473637874277239,nan,0.177283438493815
2.0500000000000003,self+frame,circles,0.027596718056614015,0.038907807377968714,-1,-1,,0,0.048342984484018844,0.08524223724978264,10,1,740,0,0,0,0.0,0.1432914524321153,nan,0.17546347847936616
2.1,self+frame,circles,0.02737234178527417,0.04029901041478935,-1,-1,,0,0.04740636759669055,0.08373378000366369,10,1,740,0,0,0,0.0,0.13932883915465763,nan,0.17363743863949788
2.15,self+frame,circles,0.02717119759868714,0.0416709635419025,-1,-1,,0,0.046589818902412164,0.08225924430895898,10,1,737,0,0,0,0.0,0.13545702398462695,nan,0.17181702885243133
2.2,self+frame,circles,0.026988400854233926,0.043013318428443206,-1,-1,,0,0.045824649490789335,0.08081318466558335,10,1,737,0,0,0,0.0,0.13169586832494615,nan,0.17001551894135358
2.25,self+frame,circles,0.026820547748345393,0.04435684450772697,-1,-1,,0,0.046272723468825924,0.07947929662617828,10,1,737,0,0,0,0.0,0.12797723123204416,nan,0.1682486304784484
2.3000000000000003,self+frame,circles,0.0266652965891366,0.04567237803861235,-1,-1,,0,0.04687268060276066,0.07818751785526656,10,1,732,0,0,0,0.0,0.12432853369110275,nan,0.1665305476428055
2.35,self+frame,circles,0.02652105429594652,0.046955090796654636,-1,-1,,0,0.04748611095993195,0.07693153984922116,10,1,732,0,0,0,0.0,0.12074320768993901,nan,0.16487110737826238
2.4000000000000004,self+frame,circles,0.026386744919744017,0.048203706054612425,-1,-1,,0,0.048114774554719006,0.07517404621213124,10,1,732,0,0,0,0.0,0.11721645532455408,nan,0.16327935121510728
2.45,self+frame,circles,0.026261641062784075,0.04941740036699359,-1,-1,,0,0.04876008100566796,0.07341281626698548,10,1,723,0,0,0,0.0,0.11374509279696877,nan,0.1617577287432539
2.5,self+frame,circles,0.026145242895197915,0.05059563602685479,-1,-1,,0,0.04942311298639622,0.07169259087693187,10,1,723,0,0,0,0.0,0.11032742202821513,nan,0.1603168797314175
2.5500000000000003,self+frame,circles,0.026037192804247968,0.051738042935220184,-1,-1,,0,0.0501046487954719,0.07002021447748345,10,1,723,0,0,0,0.0,0.10696312758138088,nan,0.15896651468135703
2.6,self+frame,circles,0.02593721637426249,0.052844334532457626,-1,-1,,0,0.05080518450293976,0.06840275933679112,10,1,724,0,0,0,0.0,0.10365319725710796,nan,0.1577127515619029
2.6500000000000004,self+frame,circles,0.025845082680587127,0.05391424736425468,-1,-1,,0,0.05152495628108435,0.06684745207324988,10,1,724,0,0,0,0.0,0.10039986502331233,nan,0.1565610113492797
2.7,self+frame,circles,0.025760578498852885,0.05494749723817404,-1,-1,,0,0.05226396348757452,0.06536160040941483,10,1,724,0,0,0,0.0,0.09718941820263051,nan,0.15551603190345986
2.75,self+frame,circles,0.025683492443323915,0.05594374732390673,-1,-1,,0,0.05302199305224829,0.06395251941125529,10,1,715,0,0,0,0.0,0.09391000482303684,nan,0.1545818822186642
2.8000000000000003,self+frame,circles,0.025613606064329653,0.056902585213616824,-1,-1,,0,0.05379864543749001,0.06262745677140355,10,1,715,0,0,0,0.0,0.09070193169927711,nan,0.15376197805452152
2.85,self+frame,circles,0.025550689692579055,0.05782350693392597,-1,-1,,0,0.05459336230203364,0.061393516884406224,10,1,715,0,0,0,0.0,0.08757307239228601,nan,0.15305909993445876
2.9000000000000004,self+frame,circles,0.025494501449069385,0.058705906737692236,-1,-1,,0,0.05540545558445874,0.06025758387400992,10,1,707,0,0,0,0.0,0.08453270000452101,nan,0.15247541426498568
2.95,self+frame,circles,0.025444788265356108,0.059549071843681946,-1,-1,,0,0.056234137366006506,0.05922624388393369,10,1,707,0,0,0,0.0,0.08159154225214733,nan,0.1520124980584565
3.0,self+frame,circles,0.025401288104352472,0.06035218153596561,-1,-1,,0,0.05707854961667784,0.058305707307035645,10,1,707,0,0,0,0.0,0.07876183378769382,nan,0.15167136732972708
3.0500000000000003,self+frame,circles,0.025363732812030096,0.06111431003228649,-1,-1,,0,0.05793779265679043,0.05750173178636006,10,1,703,0,0,0,0.0,0.07605735238080168,nan,0.1514525089965585
3.1,self+frame,circles,0.02533185120070214,0.061834432647454536,-1,-1,,0,0.05582747510411873,0.05681954733755576,10,1,703,0,0,0,0.0,0.07309556737548918,nan,0.15135591560525974
3.1500000000000004,self+frame,circles,0.02530537213059334,0.06251143455706211,-1,-1,,0,0.0522462656588257,0.05626378507129645,10,1,703,0,0,0,0.0,0.07011329815732321,nan,0.15137351349485217
3.2,self+frame,circles,0.02529705299809989,0.06314811410496149,-1,-1,,0,0.04863583258449389,0.05780617724056529,10,1,699,0,0,0,0.0,0.06769610471897944,nan,0.1513645834446944
3.25,self+frame,circles,0.025551428122819665,0.06381524070253697,-1,-1,,0,0.04563072680655855,0.0572736747728089,10,1,699,0,0,0,0.0,0.06574289594564797,nan,0.15133646599714112
3.3000000000000003,self+frame,circles,0.026061001832416403,0.06450194029803534,-1,-1,,0,0.04313628032286085,0.056775052870674414,10,1,699,0,0,0,0.0,0.06431733009483877,nan,0.15129575966823972
3.35,self+frame,circles,0.026816020431612048,0.06520197611106379,-1,-1,,0,0.041071660955993794,0.06366743362059508,10,1,690,0,0,0,0.0,0.06333398227869674,nan,0.15124831068102418
3.4000000000000004,self+frame,circles,0.027803035444533705,0.06591194881976992,-1,-1,,0,0.039367910687650526,0.0631400073086681,11,1,690,0,0,0,0.0,0.06272026911081727,nan,0.1511992514781605
3.45,self+frame,circles,0.02900485968453343,0.0666301468339275,-1,-1,,0,0.03796609787227828,0.06263202369412157,11,1,690,0,0,0,0.0,0.06241569674828763,nan,0.15115306873942835
3.5,self+frame,circles,0.030401399497192737,0.06735582164713497,-1,-1,,0,0.036815687888373805,0.06078709472471035,11,1,674,0,0,0,0.0,0.06237084863730566,nan,0.1511136851896422
3.5500000000000003,self+frame,circles,0.031970884074261095,0.0680887380521426,-1,-1,,0,0.03587320076627504,0.06030621200022512,11,1,674,0,0,0,0.0,0.06254618271092596,nan,0.15108454339031951
3.6,self+frame,circles,0.033691134670986736,0.0688289019995782,-1,-1,,0,0.03510117899839704,0.059839861125217816,11,1,674,0,0,0,0.0,0.06291073171596019,nan,0.15106868352173763
3.6500000000000004,self+frame,circles,0.03554065716942268,0.06957640411823732,-1,-1,,0,0.03446744121261361,0.09687626803108522,9,1,664,0,0,0,0.0,0.06344079835407809,nan,0.15106881120221916
3.7,self+frame,circles,0.0374994557588954,0.07033133914488783,-1,-1,,0,0.03394455738880636,0.09643240775791616,8,1,664,0,0,0,0.0,0.06411871766643025,nan,0.15108735450016264
3.75,self+frame,circles,0.039549541486592996,0.07109377462046368,-1,-1,,0,0.03350945867224825,0.09600279849599276,8,1,664,0,0,0,0.0,0.06496361414148248,nan,0.15108516580155507
3.8000000000000003,self+frame,circles,0.04153054679229216,0.07189812417587489,-1,-1,,0,0.032985252331991566,0.09870527132326117,8,1,635,0,0,0,0.0,0.06580565002195042,nan,0.15109601428855313
3.85,self+frame,circles,0.043609131998674895,0.07271842577553703,-1,-1,,0,0.03253519536439564,0.0982459106687333,8,1,635,0,0,0,0.0,0.0662215260019963,nan,0.15113418136242351
3.9000000000000004,self+frame,circles,0.04577422851918926,0.07354420345429892,-1,-1,,0,0.0321622919414834,0.0978058957896883,8,1,635,0,0,0,0.0,0.06664457047977988,nan,0.1512093327398487
3.95,self+frame,circles,0.04802252307665596,0.07436809068419419,-1,-1,,0,0.03185021556936965,0.09739310033800948,8,1,625,0,0,0,0.0,0.06717419869884678,nan,0.1513252642843842
4.0,self+frame,circles,0.05034831936168111,0.0751874687864378,-1,-1,,0,0.03158802656698875,0.09701173645159782,8,1,625,0,0,0,0.0,0.06773159810703015,nan,0.1514732647217274
4.05,self+frame,circles,0.0527228828009061,0.07601206438831802,-1,-1,,0,0.031370272479293804,0.0966557571224584,8,1,625,0,0,0,0.0,0.06827182020144265,nan,0.1516552931249885
4.1000000000000005,self+frame,circles,0.05513407789438865,0.07684150202609524,-1,-1,,0,0.031189754642777096,0.10560487899695294,8,1,625,0,0,0,0.0,0.06879213490596553,nan,0.1518732346405154
4.15,self+frame,circles,0.05757090815656799,0.07767548951205806,-1,-1,,0,0.031039670699710614,0.1052592758962576,8,1,625,0,0,0,0.0,0.06933143726060932,nan,0.15213909112828317
4.2,self+frame,circles,0.06002393748376509,0.07851924345979333,-1,-1,,0,0.03091491171641164,0.10494870241412517,8,1,625,0,0,0,0.0,0.06997470201220234,nan,0.15245781498583766
4.25,self+frame,circles,0.06248263047885927,0.07937419088504412,-1,-1,,0,0.0308121689424683,0.10467747563642797,8,1,630,0,0,0,0.0,0.07010700072214608,nan,0.15282875557361397
4.3,self+frame,circles,0.06493702362290775,0.080238728430173,-1,-1,,0,0.030727888425797628,0.10444713476846153,8,1,630,0,0,0,0.0,0.0702497338543087,nan,0.15321487972898573
4.3500000000000005,self+frame,circles,0.06739011136588531,0.08110316894947708,-1,-1,,0,0.03065830938996439,0.10424700749935052,8,1,630,0,0,0,0.0,0.07040917486575558,nan,0.15346897199759135
4.4,self+frame,circles,0.06988719041219768,0.08193592783351915,-1,-1,,0,0.030597611764609067,0.12219355785726947,8,1,623,0,0,0,0.0,0.07072995241590484,nan,0.15362156981318598
4.45,self+frame,circles,0.072421198447029,0.08275214831938012,-1,-1,,0,0.03054420526571172,0.12193184359398758,8,1,623,0,0,0,0.0,0.07087772057829791,nan,0.15369373176902756
4.5,self+frame,circles,0.07498589020325713,0.08356286695327096,-1,-1,,0,0.030497031345399023,0.12165995843778458,8,1,623,0,0,0,0.0,0.07098283154964179,nan,0.15370009144414742
4.55,self+frame,circles,0.07757557916692512,0.08437597739234878,-1,-1,,0,0.030455301105150517,0.15839027811424689,8,1,621,0,0,0,0.0,0.07105415446649774,nan,0.15365086561261065
4.6000000000000005,self+frame,circles,0.0801850189777649,0.08519701006772883,-1,-1,,0,0.030418372664344967,0.1581020645424448,8,1,621,0,0,0,0.0,0.0712167370694882,nan,0.15355319657530198
4.65,self+frame,circles,0.08280933827325729,0.08602973904642863,-1,-1,,0,0.030385692970978567,0.15772836405520252,8,1,621,0,0,0,0.0,0.07148320741916059,nan,0.15341206655301753
4.7,self+frame,circles,0.08544399474898678,0.08687664603362605,-1,-1,,0,0.030356769890739016,0.1573843529707442,8,1,617,0,0,0,0.0,0.07184066434159582,nan,0.1532309313547705
4.75,self+frame,circles,0.08808473599873036,0.08773927191809006,-1,-1,,0,0.030331158577844186,0.15694877008830915,8,1,617,0,0,0,0.0,0.07227758928588186,nan,0.1530121659628706
4.800000000000001,self+frame,circles,0.09072756351397235,0.08861848176602681,-1,-1,,0,0.030308454486648206,0.156484751019827,8,1,617,0,0,0,0.0,0.07274927010538015,nan,0.15275738129957406
4.8500000000000005,self+frame,circles,0.09336869927251654,0.08951466400926189,-1,-1,,0,0.03028828935440253,0.15599157292519739,8,1,615,0,0,0,0.0,0.07277362554420502,nan,0.15246765116353223
4.9,self+frame,circles,0.09600455527598731,0.09042787986805119,-1,-1,,0,0.030270328415131387,0.15546823973098456,8,1,615,0,0,0,0.0,0.07286992830857754,nan,0.15214367526695338
4.95,self+frame,circles,0.09863170638354454,0.09135797518093167,-1,-1,,0,0.03025426806133133,0.1549135874344842,8,1,615,0,0,0,0.0,0.07303354922680586,nan,0.15178589593887382
5.0,self+frame,circles,0.10124686650677563,0.09230466392234978,-1,-1,,0,0.030239833626118623,0.10186055610764151,9,1,618,0,0,0,0.0,0.07325959976830862,nan,0.15139458074986056
5.050000000000001,self+frame,circles,0.10384686805919267,0.09326759028590138,-1,-1,,0,0.030226777189518744,0.10180364153271786,10,1,618,0,0,0,0.0,0.07327907403373701,nan,0.15096987930251426
5.1000000000000005,self+frame,circles,0.10642864430504581,0.09424637442953292,-1,-1,,0,0.03021487541913695,0.10172678614841933,10,1,618,0,0,0,0.0,0.07324014860809201,nan,0.15051186034012254
5.15,self+frame,circles,0.10898921417198704,0.09524064569480349,-1,-1,,0,0.03020392749222192,0.10162945004363864,10,1,618,0,0,0,0.0,0.07308977233993216,nan,0.15002053315321595
5.2,self+frame,circles,0.11152566887440012,0.09625006620589444,-1,-1,,0,0.03019375315651665,0.10151100486773852,10,1,618,0,0,0,0.0,0.07277678255253253,nan,0.14949585656588116
5.25,self+frame,circles,0.11403515987092833,0.09727434674671993,-1,-1,,0,0.030184191002620375,0.10137072598272186,10,1,618,0,0,0,0.0,0.07252855376007467,nan,0.148937737525068
5.300000000000001,self+frame,circles,0.11651488741434454,0.09831325648582395,-1,-1,,0,0.030175097002506757,0.09717838220067736,10,1,625,0,0,0,0.0,0.07234188093115668,nan,0.14834602093666083
5.3500000000000005,self+frame,circles,0.11896208897992042,0.09936662761093831,-1,-1,,0,0.030166343366908238,0.09696688123709397,10,1,625,0,0,0,0.0,0.0722132804649058,nan,0.147720472124225
5.4,self+frame,circles,0.12137402687380267,0.10043435551948096,-1,-1,,0,0.030157817770916112,0.09673040067129036,10,1,625,0,0,0,0.0,0.07213898753519427,nan,0.14706075271992902
5.45,self+frame,circles,0.12374797410007203,0.10151639493973247,-1,-1,,0,0.030149422995757097,0.09539497101637247,10,1,622,0,0,0,0.0,0.07211495426157698,nan,0.1463663909182732
5.5,self+frame,circles,0.12608119743167723,0.10261275228859239,-1,-1,,0,0.03014107700511448,0.09510979533714779,10,1,622,0,0,0,0.0,0.07213685047881066,nan,0.14563674695842288
5.550000000000001,self+frame,circles,0.12837093652676118,0.10372347404464315,-1,-1,,0,0.030132713485119395,0.09479526495171454,10,1,622,0,0,0,0.0,0.07220007006771302,nan,0.1448709747398731
5.6000000000000005,self+frame,circles,0.1306143774853068,0.10484863095586694,-1,-1,,0,0.030124282835694266,0.09398830581739666,10,1,618,0,0,0,0.0,0.07229974704384273,nan,0.14406798078405336
5.65,self+frame,circles,0.1328086189088177,0.10598829753327842,-1,-1,,0,0.030115753577535015,0.09361694687044607,10,1,618,0,0,0,0.0,0.07243078759980914,nan,0.14322638216649097
5.7,self+frame,circles,0.1349506279557553,0.10714252603941077,-1,-1,,0,0.030107114092884912,0.09320881262888979,10,1,618,0,0,0,0.0,0.0725782558665048,nan,0.14236250422867536
5.75,self+frame,circles,0.1370537686495569,0.10829995050935802,-1,-1,,0,0.0300980747355592,0.08892704084637455,10,1,618,0,0,0,0.0,0.0726679071098065,nan,0.14158293248431908
5.800000000000001,self+frame,circles,0.13921189102574613,0.10939392453243467,-1,-1,,0,0.030086718327647366,0.08842950866042144,10,1,618,0,0,0,0.0,0.07278421535730023,nan,0.14070727580539755
5.8500000000000005,self+frame,circles,0.14126481697539936,0.1105353556372912,-1,-1,,0,0.030076111690432256,0.08782255893383305,10,1,618,0,0,0,0.0,0.07292815138316988,nan,0.1397359625540815
5.9,self+frame,circles,0.14320942174820983,0.11171927977478875,-1,-1,,0,0.03006631916864072,0.05395730150110013,12,1,618,0,0,0,0.0,0.07309162786188994,nan,0.13873872208191318
5.95,self+frame,circles,0.14509253631563812,0.11288844079867334,-1,-1,,0,0.0300577300414481,0.05342802503088462,12,1,618,0,0,0,0.0,0.07326155925604479,nan,0.1378105113575191
6.0,self+frame,circles,0.14697941988768154,0.11396948880760578,-1,-1,,0,0.030050696059065685,0.0529698267631534,12,1,618,0,0,0,0.0,0.07343854072460144,nan,0.13694277671597843
6.050000000000001,self+frame,circles,0.14885995909036143,0.11497027648948913,-1,-1,,0,0.03004490618565875,0.05257324950089376,12,1,618,0,0,0,0.0,0.07362264212052788,nan,0.13612860112408398
6.1000000000000005,self+frame,circles,0.15072549277309308,0.11589703148489416,-1,-1,,0,0.030040091157299276,0.05223010356487881,12,1,618,0,0,0,0.0,0.07380551813247896,nan,0.13536865066505366
6.15,self+frame,circles,0.15256634198780694,0.11675481524577852,-1,-1,,0,0.030035726133722462,0.05193340513636355,12,1,618,0,0,0,0.0,0.07399579843231377,nan,0.13466105626403613
6.2,self+frame,circles,0.15437220684352623,0.11754216035297471,-1,-1,,0,0.03003174156014246,0.05167708783996082,12,1,615,0,0,0,0.0,0.07420754366071919,nan,0.1340053175514111
6.25,self+frame,circles,0.15613194985061102,0.11825575736229792,-1,-1,,0,0.030028267422243876,0.051455881183978786,12,1,615,0,0,0,0.0,0.07446226369566601,nan,0.13340236076288825
6.300000000000001,self+frame,circles,0.15783281860281265,0.11889043582607339,-1,-1,,0,0.030025730138506873,0.05126519673460789,12,1,615,0,0,0,0.0,0.07426271781565662,nan,0.1328546162218246
6.3500000000000005,self+frame,circles,0.15945936851731646,0.11943916169835726,-1,-1,,0,0.03002499082635743,0.051101019525277416,12,1,619,0,0,0,0.0,0.07367744382814226,nan,0.1323661072208725
6.4,self+frame,circles,0.1609919011826722,0.11989309997156761,-1,-1,,0,0.03002753659996052,0.05095979481444618,12,1,619,0,0,0,0.0,0.07317629214959898,nan,0.131997664142404
6.45,self+frame,circles,0.1623664571329788,0.12032067242240492,-1,-1,,0,0.03006620118096827,0.050835783670033524,12,1,619,0,0,0,0.0,0.07281214487024452,nan,0.13175701262811523
6.5,self+frame,circles,0.1635360036866982,0.12070753860034511,-1,-1,,0,0.03011116116808961,0.08774638557006255,10,1,613,0,0,0,0.0,0.07266234563254333,nan,0.12926248792763073
6.550000000000001,self+frame,circles,0.16257354125948015,0.12266109660993348,-1,-1,,0,0.030253061878231166,0.08492898612318021,10,1,613,0,0,0,0.0,0.0716056771597884,nan,0.12699727254796944
6.6000000000000005,self+frame,circles,0.1612309648121469,0.12442364331497278,-1,-1,,0,0.030438988674633613,0.08226750883241192,9,1,613,0,0,0,0.0,0.0707008763664535,nan,0.1250091578838639
6.65,self+frame,circles,0.15942119121721327,0.1259368752542617,-1,-1,,0,0.030677435217559737,0.08507584767293074,9,1,618,0,0,0,0.0,0.0691699069867036,nan,0.12337332118787359
6.7,self+frame,circles,0.15705534935577853,0.1271322997442393,-1,-1,,0,0.030975940492739065,0.08289480720792654,8,1,618,0,0,0,0.0,0.06678809827242493,nan,0.12279541050946363
6.75,self+frame,circles,0.1542280121339125,0.12752897795069068,-1,-1,,0,0.03128371264503467,0.08144432104532258,8,1,618,0,0,0,0.0,0.06374240470822569,nan,0.1234241083300831
6.800000000000001,self+frame,circles,0.15074308330196332,0.12696261392527436,-1,-1,,0,0.03168556304446045,0.08476913938324031,7,1,626,0,0,0,0.0,0.060186033080437296,nan,0.12547074841081118
6.8500000000000005,self+frame,circles,0.14637577081176423,0.12522681779385528,-1,-1,,0,0.03222851026514463,0.08867792622973554,8,1,626,0,0,0,0.0,0.058073411087746656,nan,0.1288848761046394
6.9,self+frame,circles,0.14095688623054198,0.12220237612508324,-1,-1,,0,0.03286116299739884,0.09422523149408553,8,1,626,0,0,0,0.0,0.05684063249246918,nan,0.1331518976813254
6.95,self+frame,circles,0.1344561096200924,0.11802106592665795,-1,-1,,0,0.03348884952471608,0.053204330386269164,9,1,647,0,0,0,0.0,0.056496530180807525,nan,0.13856870818258682
7.0,self+frame,circles,0.12675938996983926,0.11261946441794521,-1,-1,,0,0.034187233870275155,0.060673609421671534,9,1,647,0,0,0,0.0,0.05994877054488093,nan,0.14571319523497628
7.050000000000001,self+frame,circles,0.11776295699219841,0.10582295285577462,-1,-1,,0,0.035214134908615455,0.06961171149372981,10,1,647,0,0,0,0.0,0.065273465726633,nan,0.1547135299784913
7.1000000000000005,self+frame,circles,0.10741843807247022,0.09755864244552508,-1,-1,,0,0.03650563226400254,0.06980757497364232,10,1,670,0,0,0,0.0,0.06976430573449216,nan,0.1651458874234264
7.15,self+frame,circles,0.09654246915316006,0.08798016687526392,-1,-1,,0,0.037659740149346296,0.08052622793657709,10,1,670,0,0,0,0.0,0.06910034846066107,nan,0.1761403860102949
7.2,self+frame,circles,0.08604374071457496,0.0776409843437463,-1,-1,,0,0.03837265824036108,0.09109129160947448,10,1,670,0,0,0,0.0,0.07043477359815968,nan,0.18676939784200652
7.25,self+frame,circles,0.07645186271730542,0.06728220001367385,-1,-1,,0,0.03857312332151956,0.10076678035797558,10,1,696,0,0,0,0.0,0.06512402302216477,nan,0.19220584376184113
7.300000000000001,self+frame,circles,0.06815489714705927,0.05755532880651399,-1,-1,,0,0.038414870466996,0.1078015909662938,10,1,696,0,0,0,0.0,0.062112921140253734,nan,0.1857100843270728
7.3500000000000005,self+frame,circles,0.06133626096409313,0.04901230546190384,-1,-1,,0,0.03946981517836816,0.10382466354862935,10,1,696,0,0,0,0.0,0.0617045199709491,nan,0.18063174546502914
7.4,self+frame,circles,0.05590609048103439,0.04160831518634101,-1,-1,,0,0.04225068595366864,0.1011417318210075,10,1,703,0,0,0,0.0,0.06265752136252893,nan,0.17655385628075015
7.45,self+frame,circles,0.051451053835354414,0.0352405861360089,-1,-1,,0,0.04579095563060119,0.09926874985363546,10,1,703,0,0,0,0.0,0.06513689679748366,nan,0.17390438769021188
7.5,self+frame,circles,0.048163629186656017,0.029829425512386883,-1,-1,,0,0.04969922030775284,0.09866107277685773,10,1,703,0,0,0,0.0,0.06841568939837586,nan,0.171666495938823
7.550000000000001,self+frame,circles,0.04527378273947771,0.025317697890038952,-1,-1,,0,0.053181893229321736,0.09845224649891321,10,1,701,0,0,0,0.0,0.0721035590888219,nan,0.16971162151462205
7.6000000000000005,self+frame,circles,0.04260635693218511,0.021668462238518142,-1,-1,,0,0.05679991462308767,0.09845392614419163,10,1,701,0,0,0,0.0,0.07595605039443618,nan,0.16801739435244822
7.65,self+frame,circles,0.04010704778007174,0.018857556417192577,-1,-1,,0,0.059966574520566626,0.09856968362251146,10,1,701,0,0,0,0.0,0.07982847057587705,nan,0.16655773477123337
7.7,self+frame,circles,0.037734385164326874,0.016857425839576386,-1,-1,,0,0.05894846995066834,0.09866597051889335,10,1,702,0,0,0,0.0,0.08364038394074912,nan,0.16531715469084673
7.75,self+frame,circles,0.03545744688453448,0.015613424848136628,-1,-1,,0,0.058022541783483886,0.09897902893206352,10,1,702,0,0,0,0.0,0.08735092849178593,nan,0.16428813694570576
7.800000000000001,self+frame,circles,0.03325397379969422,0.015025640637399716,-1,-1,,0,0.05717771544666049,0.09947801278157546,10,1,702,0,0,0,0.0,0.09094281845165929,nan,0.16345931841726535
7.8500000000000005,self+frame,circles,0.031108886619524868,0.014953959374893409,-1,-1,,0,0.056404573656235316,0.10013939767886419,9,1,701,0,0,0,0.0,0.09441230481972024,nan,0.16282099616836565
7.9,self+frame,circles,0.029013192913708803,0.015245932726848639,-1,-1,,0,0.055695096552351234,0.10094377981094597,9,1,701,0,0,0,0.0,0.09776297798585666,nan,0.16236483677920233
7.95,self+frame,circles,0.02696327374048404,0.015766244074283797,-1,-1,,0,0.05504244288176284,0.10182811783772262,9,1,701,0,0,0,0.0,0.10100198917857173,nan,0.1620836364902455
8.0,self+frame,circles,0.02496055101442215,0.016411282967919587,-1,-1,,0,0.05444076513230674,0.10280189893406712,9,1,696,0,0,0,0.0,0.10413778352009818,nan,0.1619711219284664
8.05,self+frame,circles,0.02301155671941116,0.01710932944607578,-1,-1,,0,0.053885052962448596,0.10384524277976107,9,1,696,0,0,0,0.0,0.10718161544006038,nan,0.16203196807895315
8.1,self+frame,circles,0.021134387458578437,0.01781410323086756,-1,-1,,0,0.05353896933921458,0.10480375490151506,9,1,696,0,0,0,0.0,0.11014932146730066,nan,0.1622741461277727
8.15,self+frame,circles,0.019353493876691264,0.0184974135237695,-1,-1,,0,0.05373199761160109,0.10584891606795441,9,1,696,0,0,0,0.0,0.11304684332121381,nan,0.1626784566555729
8.200000000000001,self+frame,circles,0.01768239291757799,0.01914317766378443,-1,-1,,0,0.05428061215714623,0.10695679070966022,9,1,696,0,0,0,0.0,0.1158770948942267,nan,0.1632353226133244
8.25,self+frame,circles,0.016151493215177042,0.019743149665100785,-1,-1,,0,0.05508911794551245,0.10811327487989739,9,1,696,0,0,0,0.0,0.11864168349112664,nan,0.16393874665385322
8.3,self+frame,circles,0.01480505340223689,0.020294045011484022,-1,-1,,0,0.05611198990716677,0.10930945136673614,9,1,697,0,0,0,0.0,0.12134153685172869,nan,0.16478422179335517
8.35,self+frame,circles,0.013699075171492485,0.020795656900851032,-1,-1,,0,0.057334513367006665,0.11053966692677059,9,1,697,0,0,0,0.0,0.1239772577442557,nan,0.16576792998766976
8.4,self+frame,circles,0.012895583167805355,0.0212496365479129,-1,-1,,0,0.058763103143907494,0.11180077276999809,9,1,697,0,0,0,0.0,0.12648672910511038,nan,0.16688637533925899
8.450000000000001,self+frame,circles,0.012449991861950838,0.021658707608967615,-1,-1,,0,0.060420701736559265,0.11309193341057133,9,1,704,0,0,0,0.0,0.1285774506744638,nan,0.16813616629187755
8.5,self+frame,circles,0.012392898916404195,0.02202616210002523,-1,-1,,0,0.06234469135250438,0.11441475654809255,9,1,704,0,0,0,0.0,0.1305947594374576,nan,0.16951385698175359
8.55,self+frame,circles,0.01271549770271962,0.02235553882471158,-1,-1,,0,0.06458557625861559,0.11577361252109575,9,1,704,0,0,0,0.0,0.13254054425382036,nan,0.17101585610382075
8.6,self+frame,circles,0.01336931673972426,0.02265042050019142,-1,-1,,0,0.06720477260935208,0.11717601221340423,9,1,702,0,0,0,0.0,0.13441697936798847,nan,0.17264560440513177
8.65,self+frame,circles,0.014273926424290382,0.022914308411851894,-1,-1,,0,0.07023608724528253,0.11863892364582615,9,1,702,0,0,0,0.0,0.13621062017025007,nan,0.17449445459936475
8.700000000000001,self+frame,circles,0.015253192451768186,0.02314961815384472,-1,-1,,0,0.07325869494112776,0.12024727099568497,9,1,702,0,0,0,0.0,0.13797897561571928,nan,0.1765381172670869
8.75,self+frame,circles,0.016230621652180654,0.023332846000810804,-1,-1,,0,0.07630490712581041,0.1219790905330492,9,1,703,0,0,0,0.0,0.13971630783640926,nan,0.17875480728455273
8.8,self+frame,circles,0.017163878338070915,0.02349769251893998,-1,-1,,0,0.07939227734347386,0.1238139731789969,9,1,703,0,0,0,0.0,0.1414388891888621,nan,0.18112483577950356
8.85,self+frame,circles,0.01803157543557603,0.023646748086212383,-1,-1,,0,0.08252652425502909,0.1257330113922862,9,1,703,0,0,0,0.0,0.14315995797518238,nan,0.18363029441229617
8.9,self+frame,circles,0.018824687735878545,0.02378248720133277,-1,-1,,0,0.08570443815090066,0.12624142068484878,9,1,715,0,0,0,0.0,0.14489006397817522,nan,0.1862548001332328
8.950000000000001,self+frame,circles,0.019541323841771752,0.02390729365920186,-1,-1,,0,0.08891652154981637,0.12409294823074846,9,1,715,0,0,0,0.0,0.1466374232390464,nan,0.18898328379048956
9.0,self+frame,circles,0.020183606569225188,0.02402349760687558,-1,-1,,0,0.09214923392856843,0.12187271774833489,9,1,715,0,0,0,0.0,0.14840826776443272,nan,0.19180181428628862
9.05,self+frame,circles,0.02075581682099106,0.024133427418606333,-1,-1,,0,0.09538680021253908,0.11958341427318875,10,1,717,0,0,0,0.0,0.15020717694397187,nan,0.1946974529721407
9.1,self+frame,circles,0.021263287536783176,0.02423948222403948,-1,-1,,0,0.09861259932036835,0.1172278279823086,10,1,717,0,0,0,0.0,0.15030097630978886,nan,0.19765813390742448
9.15,self+frame,circles,0.021711745259247316,0.024344235449025555,-1,-1,,0,0.1018101797324407,0.1148089617715908,10,1,717,0,0,0,0.0,0.1502130055644752,nan,0.2006725656241336
9.200000000000001,self+frame,circles,0.02210692174468405,0.024450587106703225,-1,-1,,0,0.10496396178187399,0.11233018377551598,10,1,720,0,0,0,0.0,0.15015410014796066,nan,0.20373015031511488
9.25,self+frame,circles,0.022454330284334228,0.024561995236322926,-1,-1,,0,0.10803119273070248,0.10979545567986673,10,1,720,0,0,0,0.0,0.15006050856880615,nan,0.20453219857039395
9.3,self+frame,circles,0.022759143435691905,0.02468283908042122,-1,-1,,0,0.11094716270127357,0.10720969007688513,10,1,720,0,0,0,0.0,0.14982062395731352,nan,0.2015644508930824
9.35,self+frame,circles,0.023026133468525316,0.024819006404291268,-1,-1,,0,0.11370554690638733,0.1045793307480335,10,1,728,0,0,0,0.0,0.1492890016495068,nan,0.19855920436293995
9.4,self+frame,circles,0.023259651559611547,0.024978868157896912,-1,-1,,0,0.11630360081295237,0.1019133233288681,10,1,728,0,0,0,0.0,0.14878210424979058,nan,0.19552076837987087
9.450000000000001,self+frame,circles,0.023463630655245413,0.025174925874411076,-1,-1,,0,0.1104448123706561,0.09922477430474,10,1,728,0,0,0,0.0,0.14833409071254483,nan,0.19245718264692535
9.5,self+frame,circles,0.023641602434516722,0.02542660387616753,-1,-1,,0,0.10266703828972733,0.09653380839312664,10,1,729,0,0,0,0.0,0.1479465909124375,nan,0.18938582653516456
9.55,self+frame,circles,0.023796722225239084,0.025764832768530206,-1,-1,,0,0.09437738956347445,0.09387238571826212,10,1,729,0,0,0,0.0,0.14674331645066244,nan,0.18634468733871634
9.600000000000001,self+frame,circles,0.023931797974064688,0.026238716359399263,-1,-1,,0,0.08567256061187649,0.09129170812957954,10,1,729,0,0,0,0.0,0.14497488937265332,nan,0.18341067929526977
9.65,self+frame,circles,0.02404932071965263,0.026921684633038456,-1,-1,,0,0.07680149459398071,0.08887048760826485,10,1,730,0,0,0,0.0,0.14314510483886356,nan,0.1808834780411145
9.700000000000001,self+frame,circles,0.024151495019294957,0.028028323847104485,-1,-1,,0,0.06898390194161612,0.08684374027867933,10,1,730,0,0,0,0.0,0.1413212643908928,nan,0.17872758207774264
9.75,self+frame,circles,0.024240268307926,0.029477687448804822,-1,-1,,0,0.06247884809819708,0.08516498607096396,10,1,730,0,0,0,0.0,0.13922557660991136,nan,0.17680864505864446
9.8,self+frame,circles,0.024317358625149933,0.031124955899313817,-1,-1,,0,0.0570631794588141,0.08371336871417687,10,1,733,0,0,0,0.0,0.1369102774144381,nan,0.1750376649666644
9.850000000000001,self+frame,circles,0.0243842803916924,0.032873121594173,-1,-1,,0,0.052552782433639186,0.08240708277825073,10,1,733,0,0,0,0.0,0.1345351214448372,nan,0.1734362184446795
9.9,self+frame,circles,0.024442368070297857,0.03471105343308018,-1,-1,,0,0.049675933333819436,0.08127283669132268,10,1,733,0,0,0,0.0,0.1320858348029911,nan,0.1718858259183481
9.950000000000001,self+frame,circles,0.02449279768037042,0.03654092657798831,-1,-1,,0,0.04792817946123028,0.08021210811473675,10,1,730,0,0,0,0.0,0.1295938403425571,nan,0.17035684223372982
10.0,self+frame,circles,0.024536606212130604,0.038348419692100705,-1,-1,,0,0.047694138374986275,0.0792361647583423,10,1,730,0,0,0,0.0,0.12704056139046088,nan,0.16881841823971644
10.05,self+frame,circles,0.024574708978152764,0.04009451067383732,-1,-1,,0,0.04800382099145721,0.07827133910425843,10,1,730,0,0,0,0.0,0.12441284887235124,nan,0.1672854760513356
10.100000000000001,self+frame,circles,0.024607915065006224,0.04176969603817734,-1,-1,,0,0.048348475449107295,0.07728993469619311,10,1,727,0,0,0,0.0,0.12171872672946102,nan,0.16577024614252045
10.15,self+frame,circles,0.02463694096325352,0.043377083941951215,-1,-1,,0,0.04872812142122469,0.0762994836910805,10,1,727,0,0,0,0.0,0.11896627308323174,nan,0.1642841860539651
10.200000000000001,self+frame,circles,0.024662422517707727,0.04491954145780412,-1,-1,,0,0.04914261160709764,0.0750891133238518,10,1,727,0,0,0,0.0,0.11616364695015868,nan,0.16283648849190202
10.25,self+frame,circles,0.024684925339561393,0.04639970455395628,-1,-1,,0,0.049591642099734226,0.0735390866714216,10,1,720,0,0,0,0.0,0.11331911732799972,nan,0.16143252161732458
10.3,self+frame,circles,0.024704953804248534,0.047819985492092695,-1,-1,,0,0.0500747605556776,0.0719933171400521,10,1,720,0,0,0,0.0,0.11044109566488072,nan,0.16008763569845297
10.350000000000001,self+frame,circles,0.024722958788494356,0.04918257785331196,-1,-1,,0,0.05059137293882125,0.07046170339364648,10,1,720,0,0,0,0.0,0.10753817282974039,nan,0.15881035736793203
10.4,self+frame,circles,0.02473934425622327,0.05048945953872456,-1,-1,,0,0.05114074963797034,0.0689540711299213,10,1,722,0,0,0,0.0,0.10461916168908066,nan,0.15760849152699496
10.450000000000001,self+frame,circles,0.02475447285050348,0.0517423941292169,-1,-1,,0,0.0517220317929281,0.06748014565843614,10,1,722,0,0,0,0.0,0.10169314657034556,nan,0.15648912766951273
10.5,self+frame,circles,0.024768670588035346,0.05294293119159007,-1,-1,,0,0.05233423852369225,0.0660495189011849,10,1,722,0,0,0,0.0,0.09876954052343963,nan,0.15545864611514526
10.55,self+frame,circles,0.024782230815577195,0.0540924060069088,-1,-1,,0,0.05297627584691807,0.06467161082608239,10,1,712,0,0,0,0.0,0.09585815125197714,nan,0.15452272497007602
10.600000000000001,self+frame,circles,0.024795417512569213,0.055191939374582326,-1,-1,,0,0.053646947745390375,0.0633556255399298,10,1,712,0,0,0,0.0,0.09293359912430013,nan,0.1536863486180413
10.65,self+frame,circles,0.02480846807193197,0.056242438033746955,-1,-1,,0,0.054344969818518454,0.06211050230163623,10,1,712,0,0,0,0.0,0.08993250845785418,nan,0.1529538186075431
10.700000000000001,self+frame,circles,0.024821595649197607,0.05724459629461399,-1,-1,,0,0.055068985523864786,0.060944861893857435,10,1,704,0,0,0,0.0,0.08697678326356344,nan,0.15232876769154036
10.75,self+frame,circles,0.02483499117143379,0.05819889934785102,-1,-1,,0,0.05581758484123474,0.05986694894933178,10,1,704,0,0,0,0.0,0.08407967713306672,nan,0.15181417766077876
10.8,self+frame,circles,0.0248488250984109,0.05910562865531278,-1,-1,,0,0.05658932471366669,0.0588845710087412,10,1,704,0,0,0,0.0,0.08125543592636289,nan,0.1514124013482383
10.850000000000001,self+frame,circles,0.02486324898749255,0.05996486962968256,-1,-1,,0,0.057382750443303585,0.05800503531181919,10,1,701,0,0,0,0.0,0.07851940717358605,nan,0.1511251888835774
10.9,self+frame,circles,0.02487839692112134,0.060776521664784894,-1,-1,,0,0.05819641686696518,0.057235084552240925,10,1,701,0,0,0,0.0,0.07588812950223861,nan,0.15095371794032397
10.950000000000001,self+frame,circles,0.0248943868481615,0.06154031037486246,-1,-1,,0,0.05601792938908498,0.05658083312431035,10,1,701,0,0,0,0.0,0.07280922600832583,nan,0.15089862738205073
11.0,self+frame,circles,0.02491132184942398,0.06225580172891575,-1,-1,,0,0.052496131586510425,0.05559277451720329,10,1,698,0,0,0,0.0,0.06985461817897058,nan,0.15096005337718255
11.05,self+frame,circles,0.024929291362205785,0.0629224175789351,-1,-1,,0,0.04889921918931009,0.05518093075626189,10,1,698,0,0,0,0.0,0.06756414236619238,nan,0.15100176312373892
11.100000000000001,self+frame,circles,0.025179066862114508,0.06360916282742915,-1,-1,,0,0.04584196155514217,0.05480716351006554,10,1,698,0,0,0,0.0,0.06587961823683726,nan,0.15101700090330683
11.15,self+frame,circles,0.025680348886709208,0.06431366105533382,-1,-1,,0,0.043302131333969235,0.05614114249965099,10,1,693,0,0,0,0.0,0.06441124550053383,nan,0.15101334760122986
11.200000000000001,self+frame,circles,0.02642530933803865,0.06502970318918563,-1,-1,,0,0.04119800629241979,0.05568385525329034,10,1,693,0,0,0,0.0,0.06339431942911425,nan,0.15099752775688324
11.25,self+frame,circles,0.027402166473375587,0.06575399427673904,-1,-1,,0,0.03945979342299469,0.055243699034015034,11,1,693,0,0,0,0.0,0.06275487920448494,nan,0.15097545014235858
11.3,self+frame,circles,0.028595000818618568,0.06648495214471803,-1,-1,,0,0.03802784990102523,0.0625496253165037,11,1,676,0,0,0,0.0,0.06243104071856693,nan,0.15095228109596082
11.350000000000001,self+frame,circles,0.029984585974915025,0.06722195772251299,-1,-1,,0,0.03685110116207205,0.062069677885311036,11,1,676,0,0,0,0.0,0.062372076252410105,nan,0.15093253316947175
11.4,self+frame,circles,0.031549684207895674,0.06796489571858835,-1,-1,,0,0.03588571298854537,0.061602940813775736,11,1,676,0,0,0,0.0,0.06253726704301805,nan,0.15092015640716316
11.450000000000001,self+frame,circles,0.03326839398808473,0.06871388086607651,-1,-1,,0,0.03509403878587131,0.09727322257045763,9,1,667,0,0,0,0.0,0.06289462767264378,nan,0.15091862422060165
11.5,self+frame,circles,0.03511930375656073,0.0694691030922091,-1,-1,,0,0.034443824036201914,0.09682314534833407,8,1,667,0,0,0,0.0,0.06341960221963754,nan,0.15093100955737815
11.55,self+frame,circles,0.03708234447145388,0.07023074900486523,-1,-1,,0,0.033907616475964436,0.0963854809938967,8,1,667,0,0,0,0.0,0.06409381292557821,nan,0.15096005048184702
11.600000000000001,self+frame,circles,0.03913932362596485,0.07099897186837763,-1,-1,,0,0.03346231143366882,0.09709065395548287,8,1,638,0,0,0,0.0,0.0649592519690216,nan,0.15096660819317198
11.65,self+frame,circles,0.041140522994368454,0.0718082957744832,-1,-1,,0,0.03293977803364337,0.09663890970737209,8,1,638,0,0,0,0.0,0.06579090409397562,nan,0.15098766835905042
11.700000000000001,self+frame,circles,0.04323988213856549,0.07263050820971712,-1,-1,,0,0.032496426558580066,0.09619668901840277,8,1,638,0,0,0,0.0,0.06621190872822122,nan,0.15103466275783706
11.75,self+frame,circles,0.04542323758247781,0.07345781405510184,-1,-1,,0,0.03212909089538912,0.09778074269965896,8,1,629,0,0,0,0.0,0.06662951070453875,nan,0.1511179202712798
11.8,self+frame,circles,0.047688859288695054,0.07428243691437676,-1,-1,,0,0.031821411802306965,0.09737261685828481,8,1,629,0,0,0,0.0,0.06716054353512976,nan,0.15123977122402166
11.850000000000001,self+frame,circles,0.05002853081008033,0.07510331381521351,-1,-1,,0,0.0315633893655185,0.09699440416344855,8,1,629,0,0,0,0.0,0.06772386889128737,nan,0.15139273615618332
11.9,self+frame,circles,0.05241537746275145,0.07592911825535147,-1,-1,,0,0.031349144567226206,0.09705030452738787,8,1,625,0,0,0,0.0,0.06825429620120312,nan,0.1515788628898157
11.950000000000001,self+frame,circles,0.05483755122084089,0.0767595166013741,-1,-1,,0,0.031171582003963,0.09670966939616228,8,1,625,0,0,0,0.0,0.06878903111256095,nan,0.15180011421270523
12.0,self+frame,circles,0.057284300855595285,0.07759425248741403,-1,-1,,0,0.031023609379821515,0.09639679410960354,8,1,625,0,0,0,0.0,0.0693159739552606,nan,0.1520706914836656
12.05,self+frame,circles,0.059746531239012565,0.07843970580762913,-1,-1,,0,0.03090097048999288,0.10494384331530175,8,1,635,0,0,0,0.0,0.06994628790730859,nan,0.15239298576924054
12.100000000000001,self+frame,circles,0.06221360894821597,0.07929589740151755,-1,-1,,0,0.03080001864085058,0.10467392331881652,8,1,635,0,0,0,0.0,0.07009648571005925,nan,0.1527664925680975
12.15,self+frame,circles,0.06467578460219624,0.0801613147226263,-1,-1,,0,0.030717252948102514,0.1044442436813486,8,1,635,0,0,0,0.0,0.07024518616468786,nan,0.15316838738354144
12.200000000000001,self+frame,circles,0.06713162851721735,0.0810294879384489,-1,-1,,0,0.030649266104668338,0.11077377358036535,8,1,625,0,0,0,0.0,0.07039118500456046,nan,0.15343470984970775
12.25,self+frame,circles,0.06963134518835655,0.0818643912362056,-1,-1,,0,0.03058998043589467,0.1105479137951323,8,1,625,0,0,0,0.0,0.07070169000859772,nan,0.15359699679065875
12.3,self+frame,circles,0.07216784196866259,0.08268157527016688,-1,-1,,0,0.030537787358338647,0.11031517080472665,8,1,625,0,0,0,0.0,0.07086945864403418,nan,0.1536770132186518
12.350000000000001,self+frame,circles,0.07473489018246905,0.08349240141518066,-1,-1,,0,0.030491638489064776,0.1216723453673109,8,1,622,0,0,0,0.0,0.07096537976750185,nan,0.15368989529344435
12.4,self+frame,circles,0.07732683541537912,0.08430501372699177,-1,-1,,0,0.030450765905377736,0.1213941883031359,8,1,622,0,0,0,0.0,0.07104662425077717,nan,0.15364622091694102
12.450000000000001,self+frame,circles,0.0799384660205713,0.0851251316723754,-1,-1,,0,0.030414551436939885,0.12110867767356352,8,1,622,0,0,0,0.0,0.07120191132401796,nan,0.15355339438791438
12.5,self+frame,circles,0.08256494312161512,0.08595666977222403,-1,-1,,0,0.030382464887659638,0.15767167938373466,8,1,618,0,0,0,0.0,0.07146217946025143,nan,0.15341658952977044
12.55,self+frame,circles,0.0852017532368118,0.08680221251110377,-1,-1,,0,0.030354034673144903,0.15734950264049047,8,1,618,0,0,0,0.0,0.07181440182740802,nan,0.15323940320766238
12.600000000000001,self+frame,circles,0.08784466905184203,0.08766337472871476,-1,-1,,0,0.030328833751159245,0.1569222646470365,8,1,618,0,0,0,0.0,0.07224696409599957,nan,0.15302431474822542
12.65,self+frame,circles,0.0904897138042854,0.08854107355302467,-1,-1,,0,0.030306472669554302,0.15651378008892447,8,1,615,0,0,0,0.0,0.07273338573614635,nan,0.15277301259249554
12.700000000000001,self+frame,circles,0.09313312836420798,0.08943573299282821,-1,-1,,0,0.03028659578496601,0.15602328122344256,8,1,615,0,0,0,0.0,0.0727543495229552,nan,0.15248662835932636
12.75,self+frame,circles,0.09577134122548318,0.09034743749312182,-1,-1,,0,0.030268878787482217,0.1555026385834936,8,1,615,0,0,0,0.0,0.07284753028879558,nan,0.15216590508273653
12.8,self+frame,circles,0.09840094173121411,0.09127604692015086,-1,-1,,0,0.030253026678637912,0.10190121394985051,8,1,613,0,0,0,0.0,0.07300834193544091,nan,0.151811317828473
12.850000000000001,self+frame,circles,0.10101865657976362,0.09222128252462214,-1,-1,,0,0.03023877184330767,0.10186591721724682,9,1,613,0,0,0,0.0,0.07323193212143896,nan,0.1514231592245393
12.9,self+frame,circles,0.10362132957152576,0.09318279081116154,-1,-1,,0,0.03022587211765096,0.10181116683419346,10,1,613,0,0,0,0.0,0.07328451162173498,nan,0.15100159856490092
12.950000000000001,self+frame,circles,0.10620590420941366,0.09416019069291726,-1,-1,,0,0.03021410884797357,0.10173652899078102,10,1,618,0,0,0,0.0,0.07324259771355103,nan,0.15054672060750862
13.0,self+frame,circles,0.1087694087167636,0.09515310781298489,-1,-1,,0,0.030203284993478297,0.1016414815806339,10,1,618,0,0,0,0.0,0.07310202991366249,nan,0.15005854847290312
13.05,self+frame,circles,0.11130894292691326,0.09616119894967168,-1,-1,,0,0.03019322333739516,0.10152541401318059,10,1,618,0,0,0,0.0,0.0727851132603206,nan,0.14953705373664927
13.100000000000001,self+frame,circles,0.11382166648264375,0.09718416855112678,-1,-1,,0,0.03018376487774782,0.10138762006285691,10,1,621,0,0,0,0.0,0.0725331932324369,nan,0.14898215596846176
13.15,self+frame,circles,0.11630478764517797,0.0982217790150531,-1,-1,,0,0.030174767457680135,0.10122728392794737,10,1,621,0,0,0,0.0,0.0723430942964989,nan,0.14839371340806007
13.200000000000001,self+frame,circles,0.11875555207061482,0.0992738557358558,-1,-1,,0,0.0301661046945898,0.10104345960046181,10,1,621,0,0,0,0.0,0.07221136107729494,nan,0.1477715060169914
13.25,self+frame,circles,0.12117123076332527,0.10034028768762404,-1,-1,,0,0.030157665258722766,0.09567891282695674,10,1,624,0,0,0,0.0,0.07213425562637353,nan,0.14711521197725663
13.3,self+frame,circles,0.12354910639070803,0.10142102394144675,-1,-1,,0,0.03014935254820167,0.09542438512977021,10,1,624,0,0,0,0.0,0.0721077551832751,nan,0.1464243783854402
13.350000000000001,self+frame,circles,0.1258864569169812,0.10251606634559828,-1,-1,,0,0.03014108479319444,0.09514253838019983,10,1,624,0,0,0,0.0,0.0721275522448006,nan,0.14569838706483218
13.4,self+frame,circles,0.1281805353899429,0.10362545830064679,-1,-1,,0,0.03013279561137186,0.0948315992334914,10,1,616,0,0,0,0.0,0.07218905968536792,nan,0.14493641640449317
13.450000000000001,self+frame,circles,0.1304285443637113,0.10474926938182433,-1,-1,,0,0.03012443501481704,0.09448947043555676,10,1,616,0,0,0,0.0,0.07228742500160765,nan,0.1441374002864293
13.5,self+frame,circles,0.13262760302542093,0.10588757534987371,-1,-1,,0,0.03011597083008352,0.09411367098770955,10,1,616,0,0,0,0.0,0.07241755957810787,nan,0.14329998580973524
13.55,self+frame,circles,0.13477470465638855,0.10704043271262817,-1,-1,,0,0.0301073904610987,0.09325719593452915,10,1,617,0,0,0,0.0,0.0725645895358077,nan,0.1424403690747308
13.600000000000001,self+frame,circles,0.13688317026948238,0.10819657964628161,-1,-1,,0,0.03009839977423906,0.09283076393818186,10,1,617,0,0,0,0.0,0.07265278483528881,nan,0.14166714257007718
13.65,self+frame,circles,0.1390492248623513,0.10928813143799546,-1,-1,,0,0.030087022530776386,0.09248026713853046,10,1,617,0,0,0,0.0,0.07276747184658472,nan,0.14079790886714627
13.700000000000001,self+frame,circles,0.1411103765075788,0.11042735353456952,-1,-1,,0,0.03007639285047478,0.05451491122152238,12,1,618,0,0,0,0.0,0.07290956851479359,nan,0.13983309778000774
13.75,self+frame,circles,0.14306352002850609,0.11160929150179422,-1,-1,,0,0.030066576588767407,0.05402583386239211,12,1,618,0,0,0,0.0,0.07307312367641318,nan,0.13882738242374548
13.8,self+frame,circles,0.14494455636673526,0.11278809427728466,-1,-1,,0,0.030057882591138063,0.05348740638237623,12,1,618,0,0,0,0.0,0.07324302451265066,nan,0.13789177871503877
13.850000000000001,self+frame,circles,0.146830417279762,0.11387777630831886,-1,-1,,0,0.03005076980306645,0.05302127163725766,12,1,617,0,0,0,0.0,0.07341986037918531,nan,0.1370175849590337
13.9,self+frame,circles,0.14871084165372725,0.11488637387308447,-1,-1,,0,0.030044921790278928,0.052617811106420484,12,1,617,0,0,0,0.0,0.07360436185579268,nan,0.13619734814555295
13.950000000000001,self+frame,circles,0.150577021195886,0.11582024260575202,-1,-1,,0,0.030040085799069,0.05226868744303709,12,1,617,0,0,0,0.0,0.07378754168673744,nan,0.13543154098850518
14.0,self+frame,circles,0.1524195822324599,0.11668485392062221,-1,-1,,0,0.03003573369458354,0.051966792742792145,12,1,615,0,0,0,0.0,0.07397703301182518,nan,0.13471833593113247
14.05,self+frame,circles,0.15422818678630354,0.11747913102281138,-1,-1,,0,0.030031766080222094,0.05170595792678265,12,1,615,0,0,0,0.0,0.0741863278161364,nan,0.13405709418242384
14.100000000000001,self+frame,circles,0.15599178892856952,0.1181999311180381,-1,-1,,0,0.030028290338105945,0.05148082412870493,12,1,615,0,0,0,0.0,0.07443616609718576,nan,0.13344859961484135
14.15,self+frame,circles,0.157697809761255,0.11884224953781906,-1,-1,,0,0.030025700068677108,0.051286727286571424,12,1,616,0,0,0,0.0,0.0743167772519847,nan,0.1328951348201678
14.200000000000001,self+frame,circles,0.1593310929516992,0.11939921373248794,-1,-1,,0,0.030024809351294868,0.05111958906358234,12,1,616,0,0,0,0.0,0.07373324954394667,nan,0.13240056959313162
14.25,self+frame,circles,0.16087239611605336,0.11986213641733987,-1,-1,,0,0.03002703881500532,0.050975804268123676,12,1,616,0,0,0,0.0,0.07322133369405873,nan,0.13201995852162662
14.3,self+frame,circles,0.162262532492474,0.12029151163513063,-1,-1,,0,0.030063459553438213,0.08788204952998595,10,1,613,0,0,0,0.0,0.07278834449164114,nan,0.1296245154070922
14.350000000000001,self+frame,circles,0.1617862297015955,0.12217458009005197,-1,-1,,0,0.030158937845937164,0.0852847404886387,10,1,613,0,0,0,0.0,0.07269396054596372,nan,0.12739865072857048
14.4,self+frame,circles,0.1609839479656387,0.12393926881517477,-1,-1,,0,0.030291803842699624,0.08276827923227646,10,1,613,0,0,0,0.0,0.07149108815339832,nan,0.12537037364869308
14.450000000000001,self+frame,circles,0.15977758229034425,0.1255338340947044,-1,-1,,0,0.03046984238792537,0.08567061491031895,10,1,617,0,0,0,0.0,0.07064287790471058,nan,0.12359302184895304
14.5,self+frame,circles,0.15808531667734413,0.12689770710953388,-1,-1,,0,0.03070128138583171,0.08341952392547304,9,1,617,0,0,0,0.0,0.06905770047600654,nan,0.12214640911153096
14.55,self+frame,circles,0.15582320927545332,0.12795965567500198,-1,-1,,0,0.030993193070726996,0.08146562866886124,8,1,617,0,0,0,0.0,0.0666047051045371,nan,0.12178826548816712
14.600000000000001,self+frame,circles,0.15310161634150873,0.12820965189200342,-1,-1,,0,0.03129521350737095,0.09981876000333144,8,1,622,0,0,0,0.0,0.06364158889413662,nan,0.12260888210474674
14.65,self+frame,circles,0.14970270184780304,0.12751706655518646,-1,-1,,0,0.031701512549932184,0.10236904659372521,7,1,622,0,0,0,0.0,0.06008817017947487,nan,0.12484174757342259
14.700000000000001,self+frame,circles,0.1454067170844239,0.12565957044169315,-1,-1,,0,0.03224572920218631,0.10660016806740648,7,1,622,0,0,0,0.0,0.05808602236507331,nan,0.1284345512817574
14.75,self+frame,circles,0.14004458696708147,0.12252150340530622,-1,-1,,0,0.03288046148774741,0.08021103459656707,9,1,646,0,0,0,0.0,0.05691257902112454,nan,0.13287491964024956
14.8,self+frame,circles,0.13358482940782965,0.11823279932751415,-1,-1,,0,0.03351242130540526,0.08662991591998516,9,1,646,0,0,0,0.0,0.05676200276729045,nan,0.1384634784498765
14.850000000000001,self+frame,circles,0.125913797126027,0.11272747271968324,-1,-1,,0,0.03421751052459386,0.0942993981079696,9,1,646,0,0,0,0.0,0.06017832751257971,nan,0.14574729727615066
14.9,self+frame,circles,0.11693089152189472,0.1058394727807039,-1,-1,,0,0.03523132192227231,0.06003405952633356,10,1,661,0,0,0,0.0,0.06569208500596925,nan,0.15486034322983122
14.950000000000001,self+frame,circles,0.1065970635749223,0.0974967288665696,-1,-1,,0,0.03650082208009657,0.07008522196185701,10,1,661,0,0,0,0.0,0.06962551140735754,nan,0.1653718964427694
15.0,self+frame,circles,0.0958302453929811,0.08785250137764164,-1,-1,,0,0.03761300647879347,0.08084167805430716,10,1,661,0,0,0,0.0,0.06906991788001664,nan,0.17639292617533464
0.05,self+cam,circles,9.87693132314243e-06,9.877366799227375e-06,-1,-1,,0,0.05676101943747254,0.16504642260436408,5,1,752,0,0,0,0.0,0.25,nan,0.21129248126365463
0.1,self+cam,circles,0.00013839137335893464,0.00013838125815041237,-1,-1,,0,0.06182729236001873,0.1653943777197371,5,1,752,0,0,0,0.0,0.25,nan,0.21115276817652406
0.15000000000000002,self+cam,circles,0.00024314055989624485,0.00024312307303581222,-1,-1,,0,0.06663865856154032,0.1657236815881891,5,1,752,0,0,0,0.0,0.25,nan,0.2110450942362373
0.2,self+cam,circles,0.0003216153972083818,0.0003215921574050403,-1,-1,,0,0.07119161730030883,0.1660334753024706,5,1,755,0,0,0,0.0,0.25,nan,0.21096405121241368
0.25,self+cam,circles,0.0003785667925765411,0.00037853915744058124,-1,-1,,0,0.07548824077576892,0.16632354276704142,5,1,755,0,0,0,0.0,0.25,nan,0.21090497496849558
0.30000000000000004,self+cam,circles,0.00041805994121946313,0.00041802905946468246,-1,-1,,0,0.07953461439748687,0.16659414379498833,5,1,755,0,0,0,0.0,0.25,nan,0.2108638812216398
0.35000000000000003,self+cam,circles,0.0004435154500005765,0.0004434822764273605,-1,-1,,0,0.08333959468746686,0.1668458768897136,5,1,756,0,0,0,0.0,0.25,nan,0.21083739414110758
0.4,self+cam,circles,0.0004577892478070713,0.00045775458195258106,-1,-1,,0,0.0869138430094366,0.16707956969094054,5,1,756,0,0,0,0.0,0.25,nan,0.21082267371570718
0.45,self+cam,circles,0.0004632510644861972,0.0004632155605685023,-1,-1,,0,0.09026908951026723,0.1672961936516835,5,1,756,0,0,0,0.0,0.25,nan,0.21081734573789424
0.5,self+cam,circles,0.0004618560457878852,0.00046182024210070856,-1,-1,,0,0.09341758382636732,0.16749679920383098,5,1,759,0,0,0,0.0,0.25,nan,0.21081943672695014
0.55,self+cam,circles,0.00045520837135463966,0.0004551727029637057,-1,-1,,0,0.096371694000128,0.1676824676534613,5,1,759,0,0,0,0.0,0.25,nan,0.21082731501237062
0.6000000000000001,self+cam,circles,0.000444616873114188,0.0004445816867882,-1,-1,,0,0.09914362092762745,0.16785427644734296,5,1,759,0,0,0,0.0,0.25,nan,0.21083963840022169
0.65,self+cam,circles,0.00043114309832855677,0.0004311086703466863,-1,-1,,0,0.10174520146274212,0.16801327489828366,5,1,761,0,0,0,0.0,0.25,nan,0.2108553083820609
0.7000000000000001,self+cam,circles,0.00041564250962939156,0.0004156090479271161,-1,-1,,0,0.1041877786066424,0.16816046793283362,5,1,761,0,0,0,0.0,0.25,nan,0.21087343053056784
0.75,self+cam,circles,0.00039879953222137654,0.0003987672008859488,-1,-1,,0,0.10648212175551484,0.16829680591995363,5,1,761,0,0,0,0.0,0.25,nan,0.2108932805562066
0.8,self+cam,circles,0.00038115723853476304,0.00038112615342006677,-1,-1,,0,0.10863838375055627,0.16842317896868111,5,1,761,0,0,0,0.0,0.25,nan,0.2109142754307779
0.8500000000000001,self+cam,circles,0.000363142338425579,0.0003631125767377669,-1,-1,,0,0.11066608452546593,0.16854041452172977,5,1,761,0,0,0,0.0,0.25,nan,0.21093594897993329
0.9,self+cam,circles,0.0003450861448459367,0.0003450577583957111,-1,-1,,0,0.11257411358864976,0.1686492772543882,5,1,761,0,0,0,0.0,0.25,nan,0.21095793134207186
0.9500000000000001,self+cam,circles,0.00032724211065974834,0.0003272151256751575,-1,-1,,0,0.11437074548989988,0.16875047059032566,5,1,761,0,0,0,0.0,0.25,nan,0.21097993177356622
1.0,self+cam,circles,0.00030980043165291995,0.000309774853412273,-1,-1,,0,0.11606366391070665,0.16884463927165216,5,1,761,0,0,0,0.0,0.25,nan,0.2110017242908765
1.05,self+cam,circles,0.09512380902113554,0.0951237958299855,-1,-1,,0,0.11765998487498462,0.1689323726012466,5,1,761,0,0,0,0.0,0.25,nan,0.2112166885333907
1.1,self+cam,circles,0.08346790134415832,0.08347332487521135,-1,-1,,0,0.11491898307756225,0.16036479463927966,5,1,782,0,0,0,0.0,0.25,nan,0.21110770910320797
1.1500000000000001,self+cam,circles,0.07351346676530372,0.07355324850086614,-1,-1,,0,0.11286458675465476,0.15280213565790515,5,1,782,0,0,0,0.0,0.25,nan,0.21049128861642397
1.2000000000000002,self+cam,circles,0.06505835383930038,0.065158124912507,-1,-1,,0,0.11135225221068105,0.14605598542799844,6,1,782,0,0,0,0.0,0.25,nan,0.2095496441431387
1.25,self+cam,circles,0.05792481347972756,0.058105472257174995,-1,-1,,0,0.11025487841443087,0.13997132854774372,6,1,807,0,0,0,0.0,0.24747479006495685,nan,0.20833095664004053
1.3,self+cam,circles,0.05195441242702223,0.052231489777440014,-1,-1,,0,0.10946262714603665,0.13442167467084995,6,1,807,0,0,0,0.0,0.23576374039181192,nan,0.20687683921371136
1.35,self+cam,circles,0.04700355450317589,0.04738718178275124,-1,-1,,0,0.10888133801294451,0.12930444606101277,6,1,807,0,0,0,0.0,0.22545774473086863,nan,0.2052235151407259
1.4000000000000001,self+cam,circles,0.042939916725559676,0.04343528601202149,-1,-1,,0,0.10843030426659038,0.12453683374789373,6,1,811,0,0,0,0.0,0.2161882042017617,nan,0.20340275910599603
1.4500000000000002,self+cam,circles,0.03964010786612492,0.04024835378001565,-1,-1,,0,0.1080426062989263,0.12005220611761841,6,1,811,0,0,0,0.0,0.2077859700265898,nan,0.2014426563054118
1.5,self+cam,circles,0.036988718242967,0.03770812860584589,-1,-1,,0,0.10766235322230282,0.11579707671244499,6,1,811,0,0,0,0.0,0.20027577825758222,nan,0.1993713692024558
1.55,self+cam,circles,0.03487864425862115,0.03569717401138257,-1,-1,,0,0.10674217514039462,0.11171393372675009,6,1,813,0,0,0,0.0,0.19356105820224348,nan,0.19681349865784814
1.6,self+cam,circles,0.0332122483881539,0.03426226913091346,-1,-1,,0,0.09829080637666442,0.10770935100361603,6,1,813,0,0,0,0.0,0.18761431594591468,nan,0.19416269199413871
1.6500000000000001,self+cam,circles,0.03190272553736064,0.03328456356325811,-1,-1,,0,0.08946775065668976,0.10393335770018897,6,1,813,0,0,0,0.0,0.1818735020941059,nan,0.1914852830382291
1.7000000000000002,self+cam,circles,0.03087509367582517,0.03273514787579233,-1,-1,,0,0.080462034152237,0.10042387965621438,7,1,819,0,0,0,0.0,0.17613014587602716,nan,0.18896054511661087
1.75,self+cam,circles,0.03006646819240894,0.03266230925550154,-1,-1,,0,0.07204082921115136,0.09731387674538036,7,1,819,0,0,0,0.0,0.17056795182892076,nan,0.1867189499207652
1.8,self+cam,circles,0.029425572132365924,0.033082269548681736,-1,-1,,0,0.06503244630950276,0.09467436587099856,10,1,819,0,0,0,0.0,0.16539445083126036,nan,0.18465241863264203
1.85,self+cam,circles,0.028911648229585578,0.03386265882652,-1,-1,,0,0.05919675077191257,0.0923278225079614,10,1,824,0,0,0,0.0,0.16053301492906946,nan,0.18269329665028688
1.9000000000000001,self+cam,circles,0.028493025314582286,0.03489679612797671,-1,-1,,0,0.05435929296612001,0.09023962439922975,10,1,824,0,0,0,0.0,0.15594521765493644,nan,0.18087804265487095
1.9500000000000002,self+cam,circles,0.028145576691219233,0.03615553607745868,-1,-1,,0,0.05137287282107357,0.08844026730795215,10,1,824,0,0,0,0.0,0.15157059337281903,nan,0.1790878093660354
2.0,self+cam,circles,0.02785124285245835,0.037515292329860304,-1,-1,,0,0.04955649042441444,0.08679939884961871,10,1,827,0,0,0,0.0,0.1473637874277239,nan,0.177283438493815
2.0500000000000003,self+cam,circles,0.027596718056614015,0.038907807377968714,-1,-1,,0,0.048342984484018844,0.08524223724978264,10,1,827,0,0,0,0.0,0.1432914524321153,nan,0.17546347847936616
2.1,self+cam,circles,0.02737234178527417,0.04029901041478935,-1,-1,,0,0.04740636759669055,0.08373378000366369,10,1,827,0,0,0,0.0,0.13932883915465763,nan,0.17363743863949788
2.15,self+cam,circles,0.02717119759868714,0.0416709635419025,-1,-1,,0,0.046589818902412164,0.08225924430895898,10,1,827,0,0,0,0.0,0.13545702398462695,nan,0.17181702885243133
2.2,self+cam,circles,0.026988400854233926,0.043013318428443206,-1,-1,,0,0.045824649490789335,0.08081318466558335,10,1,827,0,0,0,0.0,0.13169586832494615,nan,0.17001551894135358
2.25,self+cam,circles,0.026820547748345393,0.04435684450772697,-1,-1,,0,0.046272723468825924,0.07947929662617828,10,1,827,0,0,0,0.0,0.12797723123204416,nan,0.1682486304784484
2.3000000000000003,self+cam,circles,0.0266652965891366,0.04567237803861235,-1,-1,,0,0.04687268060276066,0.07818751785526656,10,1,827,0,0,0,0.0,0.12432853369110275,nan,0.1665305476428055
2.35,self+cam,circles,0.02652105429594652,0.046955090796654636,-1,-1,,0,0.04748611095993195,0.07693153984922116,10,1,827,0,0,0,0.0,0.12074320768993901,nan,0.16487110737826238
2.4000000000000004,self+cam,circles,0.026386744919744017,0.048203706054612425,-1,-1,,0,0.048114774554719006,0.07517404621213124,10,1,827,0,0,0,0.0,0.11721645532455408,nan,0.16327935121510728
2.45,self+cam,circles,0.026261641062784075,0.04941740036699359,-1,-1,,0,0.04876008100566796,0.07341281626698548,10,1,827,0,0,0,0.0,0.11374509279696877,nan,0.1617577287432539
2.5,self+cam,circles,0.026145242895197915,0.05059563602685479,-1,-1,,0,0.04942311298639622,0.07169259087693187,10,1,827,0,0,0,0.0,0.11032742202821513,nan,0.1603168797314175
2.5500000000000003,self+cam,circles,0.026037192804247968,0.051738042935220184,-1,-1,,0,0.0501046487954719,0.07002021447748345,10,1,827,0,0,0,0.0,0.10696312758138088,nan,0.15896651468135703
2.6,self+cam,circles,0.02593721637426249,0.052844334532457626,-1,-1,,0,0.05080518450293976,0.06840275933679112,10,1,828,0,0,0,0.0,0.10365319725710796,nan,0.1577127515619029
2.6500000000000004,self+cam,circles,0.025845082680587127,0.05391424736425468,-1,-1,,0,0.05152495628108435,0.06684745207324988,10,1,828,0,0,0,0.0,0.10039986502331233,nan,0.1565610113492797
2.7,self+cam,circles,0.025760578498852885,0.05494749723817404,-1,-1,,0,0.05226396348757452,0.06536160040941483,10,1,828,0,0,0,0.0,0.09718941820263051,nan,0.15551603190345986
2.75,self+cam,circles,0.025683492443323915,0.05594374732390673,-1,-1,,0,0.05302199305224829,0.06395251941125529,10,1,829,0,0,0,0.0,0.09391000482303684,nan,0.1545818822186642
2.8000000000000003,self+cam,circles,0.025613606064329653,0.056902585213616824,-1,-1,,0,0.05379864543749001,0.06262745677140355,10,1,829,0,0,0,0.0,0.09070193169927711,nan,0.15376197805452152
2.85,self+cam,circles,0.025550689692579055,0.05782350693392597,-1,-1,,0,0.05459336230203364,0.061393516884406224,10,1,829,0,0,0,0.0,0.08757307239228601,nan,0.15305909993445876
2.9000000000000004,self+cam,circles,0.025494501449069385,0.058705906737692236,-1,-1,,0,0.05540545558445874,0.06025758387400992,10,1,833,0,0,0,0.0,0.08453270000452101,nan,0.15247541426498568
2.95,self+cam,circles,0.025444788265356108,0.059549071843681946,-1,-1,,0,0.056234137366006506,0.05922624388393369,10,1,833,0,0,0,0.0,0.08159154225214733,nan,0.1520124980584565
3.0,self+cam,circles,0.025401288104352472,0.06035218153596561,-1,-1,,0,0.05707854961667784,0.058305707307035645,10,1,833,0,0,0,0.0,0.07876183378769382,nan,0.15167136732972708
3.0500000000000003,self+cam,circles,0.025363732812030096,0.06111431003228649,-1,-1,,0,0.05793779265679043,0.05750173178636006,10,1,834,0,0,0,0.0,0.07605735238080168,nan,0.1514525089965585
3.1,self+cam,circles,0.02533185120070214,0.061834432647454536,-1,-1,,0,0.05582747510411873,0.05681954733755576,10,1,834,0,0,0,0.0,0.07309556737548918,nan,0.15135591560525974
3.1500000000000004,self+cam,circles,0.02530537213059334,0.06251143455706211,-1,-1,,0,0.0522462656588257,0.05626378507129645,10,1,834,0,0,0,0.0,0.07011329815732321,nan,0.15137351349485217
3.2,self+cam,circles,0.02529705299809989,0.06314811410496149,-1,-1,,0,0.04863583258449389,0.05583365909253703,10,1,834,0,0,0,0.0,0.06769610471897944,nan,0.1513645834446944
3.25,self+cam,circles,0.025551428122819665,0.06381524070253697,-1,-1,,0,0.04563072680655855,0.05543614146988239,10,1,834,0,0,0,0.0,0.06574289594564797,nan,0.15133646599714112
3.3000000000000003,self+cam,circles,0.026061001832416403,0.06450194029803534,-1,-1,,0,0.04313628032286085,0.055060251520288137,10,1,834,0,0,0,0.0,0.06431733009483877,nan,0.15129575966823972
3.35,self+cam,circles,0.026816020431612048,0.06520197611106379,-1,-1,,0,0.041071660955993794,0.054699316203818626,10,1,836,0,0,0,0.0,0.06333398227869674,nan,0.15124831068102418
3.4000000000000004,self+cam,circles,0.027803035444533705,0.06591194881976992,-1,-1,,0,0.039367910687650526,0.05434952537899897,11,1,836,0,0,0,0.0,0.06272026911081727,nan,0.1511992514781605
3.45,self+cam,circles,0.02900485968453343,0.0666301468339275,-1,-1,,0,0.03796609787227828,0.05400896145857005,11,1,836,0,0,0,0.0,0.06241569674828763,nan,0.15115306873942835
3.5,self+cam,circles,0.030401399497192737,0.06735582164713497,-1,-1,,0,0.036815687888373805,0.053676960138083096,11,1,838,0,0,0,0.0,0.06237084863730566,nan,0.1511136851896422
3.5500000000000003,self+cam,circles,0.031970884074261095,0.0680887380521426,-1,-1,,0,0.03587320076627504,0.053353697581991516,11,1,838,0,0,0,0.0,0.06254618271092596,nan,0.15108454339031951
3.6,self+cam,circles,0.033691134670986736,0.0688289019995782,-1,-1,,0,0.03510117899839704,0.05303992846791866,11,1,838,0,0,0,0.0,0.06291073171596019,nan,0.15106868352173763
3.6500000000000004,self+cam,circles,0.03554065716942268,0.06957640411823732,-1,-1,,0,0.03446744121261361,0.05273682103330696,11,1,839,0,0,0,0.0,0.06344079835407809,nan,0.15106881120221916
3.7,self+cam,circles,0.0374994557588954,0.07033133914488783,-1,-1,,0,0.03394455738880636,0.05244585211528453,10,1,839,0,0,0,0.0,0.06411871766643025,nan,0.15108735450016264
3.75,self+cam,circles,0.039549541486592996,0.07109377462046368,-1,-1,,0,0.03350945867224825,0.05216873794249202,10,1,839,0,0,0,0.0,0.06496026655030486,nan,0.15110177867026198
3.8000000000000003,self+cam,circles,0.04153773587374268,0.07189785966695414,-1,-1,,0,0.032984921541138246,0.051878533180334294,10,1,839,0,0,0,0.0,0.06579021626248938,nan,0.1511704583257656
3.85,self+cam,circles,0.0436425649713025,0.07271528985806469,-1,-1,,0,0.032533945698597494,0.05162773350660012,10,1,839,0,0,0,0.0,0.06620109738132068,nan,0.15128126806050168
3.9000000000000004,self+cam,circles,0.04584214535451919,0.07353442098656084,-1,-1,,0,0.0321600331356906,0.05141085730715521,10,1,839,0,0,0,0.0,0.06660965745796267,nan,0.1514242691777491
3.95,self+cam,circles,0.04812272069353392,0.07434958638047309,-1,-1,,0,0.03184777726256263,0.051223233992529246,10,1,839,0,0,0,0.0,0.06713050303236201,nan,0.15159012919769854
4.0,self+cam,circles,0.0504739877785255,0.07515855626058605,-1,-1,,0,0.03158537349105536,0.05106083354635921,10,1,839,0,0,0,0.0,0.06768316730649654,nan,0.15177642745553355
4.05,self+cam,circles,0.05286917255553057,0.0759719106226067,-1,-1,,0,0.031367617604403125,0.05092044363144707,10,1,839,0,0,0,0.0,0.06821754749260593,nan,0.15197754634797267
4.1000000000000005,self+cam,circles,0.05529146479820763,0.07679204927164085,-1,-1,,0,0.03118734449702007,0.050799093702308326,10,1,839,0,0,0,0.0,0.06874350738133593,nan,0.1521880559476969
4.15,self+cam,circles,0.05772558886511614,0.07762172908246909,-1,-1,,0,0.031038123936500434,0.050694196929427324,10,1,839,0,0,0,0.0,0.06928713821643143,nan,0.15242008729528378
4.2,self+cam,circles,0.06016307781003676,0.07846583441307473,-1,-1,,0,0.03091396393934706,0.05061399667417664,10,1,839,0,0,0,0.0,0.06993398285793541,nan,0.15270881745671594
4.25,self+cam,circles,0.06260788480230804,0.0793218858229815,-1,-1,,0,0.030811694410176643,0.05058466323197071,10,1,839,0,0,0,0.0,0.07008204520479637,nan,0.15305316851989337
4.3,self+cam,circles,0.06504985924509311,0.08018811785958052,-1,-1,,0,0.030727783952155335,0.05060815677540467,10,1,839,0,0,0,0.0,0.07023160886499714,nan,0.1534147673976466
4.3500000000000005,self+cam,circles,0.06749212591104653,0.08105448551456035,-1,-1,,0,0.030658455913098015,0.05059824303182141,10,1,839,0,0,0,0.0,0.07039140840879209,nan,0.15364750930779614
4.4,self+cam,circles,0.06997936304942788,0.08188963393353979,-1,-1,,0,0.030597895613411807,0.05055645095585587,10,1,839,0,0,0,0.0,0.07071235892987654,nan,0.15378146773694512
4.45,self+cam,circles,0.072504457784009,0.08270856568118891,-1,-1,,0,0.03054455759132077,0.05050180419830637,10,1,839,0,0,0,0.0,0.07086437480998843,nan,0.1538373024933617
4.5,self+cam,circles,0.07506109960899897,0.08352219700505328,-1,-1,,0,0.030497410226989735,0.05043742562231006,10,1,839,0,0,0,0.0,0.07096890328123157,nan,0.15384044397541607
4.55,self+cam,circles,0.0776512235610284,0.08433284635270309,-1,-1,,0,0.030455649265353657,0.05037412224873354,10,1,839,0,0,0,0.0,0.07104462830241329,nan,0.15380770039840508
4.6000000000000005,self+cam,circles,0.08027457544078968,0.0851416587435211,-1,-1,,0,0.03041866067521573,0.05031849594722501,10,1,839,0,0,0,0.0,0.07120650454002339,nan,0.15374442274332933
4.65,self+cam,circles,0.08292536891426878,0.08595217117253431,-1,-1,,0,0.030385934268425147,0.050269727449520824,10,1,839,0,0,0,0.0,0.07147229253579158,nan,0.15365439703906925
4.7,self+cam,circles,0.0855984223477423,0.08676659802396085,-1,-1,,0,0.030357006005277992,0.050227047643591025,10,1,839,0,0,0,0.0,0.07182933735461915,nan,0.15354032334690793
4.75,self+cam,circles,0.08828904880683831,0.087586194986002,-1,-1,,0,0.03033145033260018,0.05018975168118575,10,1,839,0,0,0,0.0,0.0722664857947224,nan,0.15340414507286748
4.800000000000001,self+cam,circles,0.09099296407455248,0.08841153807170866,-1,-1,,0,0.030308876856398242,0.05015720291821264,10,1,839,0,0,0,0.0,0.0727004638356574,nan,0.1532472784385761
4.8500000000000005,self+cam,circles,0.09370620906847868,0.08924273700018297,-1,-1,,0,0.030288928579085744,0.05012883173930109,10,1,839,0,0,0,0.0,0.07271040316807344,nan,0.15307077390266766
4.9,self+cam,circles,0.09642508474673668,0.09007959787770924,-1,-1,,0,0.030271280501422915,0.05010413187352089,10,1,839,0,0,0,0.0,0.0727909264094302,nan,0.15287543038866702
4.95,self+cam,circles,0.09914609806345992,0.09092174671557121,-1,-1,,0,0.030255638128690726,0.05008265557420341,10,1,839,0,0,0,0.0,0.07293784020517086,nan,0.15266187630019268
5.0,self+cam,circles,0.10186591779760111,0.09176872255347142,-1,-1,,0,0.030241735747240456,0.050064008398113036,11,1,839,0,0,0,0.0,0.07314680811296363,nan,0.15243062689223763
5.050000000000001,self+cam,circles,0.10458133918989054,0.09262004672647337,-1,-1,,0,0.030229334495882748,0.050047843975146694,11,1,839,0,0,0,0.0,0.07325107819771898,nan,0.15218212473050274
5.1000000000000005,self+cam,circles,0.10728925638475036,0.09347527326553841,-1,-1,,0,0.03021822029727253,0.050033858983002374,12,1,839,0,0,0,0.0,0.0732051327532179,nan,0.15191676796452758
5.15,self+cam,circles,0.10998664180711974,0.09433402401574094,-1,-1,,0,0.030208201743511243,0.0500217884293475,12,1,839,0,0,0,0.0,0.07292628672160215,nan,0.151634929903809
5.2,self+cam,circles,0.1126705316524292,0.0951960112734913,-1,-1,,0,0.03019910800733011,0.05001140129552811,12,1,839,0,0,0,0.0,0.07257727826510225,nan,0.15133697236689414
5.25,self+cam,circles,0.11533801681788493,0.09606104989184609,-1,-1,,0,0.03019078685067811,0.050002496551773495,12,1,839,0,0,0,0.0,0.07229051036651213,nan,0.151023254724458
5.300000000000001,self+cam,circles,0.11798623858464508,0.09692906044394566,-1,-1,,0,0.03018310278334943,0.04999489954403767,12,1,839,0,0,0,0.0,0.07206331654691858,nan,0.1506941399918753
5.3500000000000005,self+cam,circles,0.12061238853160568,0.09780006452944721,-1,-1,,0,0.030175935413241456,0.04998845873135957,12,1,839,0,0,0,0.0,0.07189285816684313,nan,0.15034999908538105
5.4,self+cam,circles,0.12321371212592258,0.09867417316546793,-1,-1,,0,0.030169178016730747,0.04998304275676077,12,1,839,0,0,0,0.0,0.07177611723847924,nan,0.14999121398737092
5.45,self+cam,circles,0.12578751554425804,0.0995515688677714,-1,-1,,0,0.030162736354656106,0.04997853781938939,12,1,839,0,0,0,0.0,0.07170988630639726,nan,0.149618180531073
5.5,self+cam,circles,0.12833117522010373,0.10043248206098818,-1,-1,,0,0.030156527742942973,0.049974845328793316,12,1,839,0,0,0,0.0,0.0716907554995017,nan,0.14923131125343048
5.550000000000001,self+cam,circles,0.13084214968160907,0.10131716220304049,-1,-1,,0,0.030150480382895473,0.049971879812054004,12,1,839,0,0,0,0.0,0.07171509697625932,nan,0.14883103872541725
5.6000000000000005,self+cam,circles,0.13331799317385024,0.10220584402797962,-1,-1,,0,0.030144532942818547,0.04996956705053354,12,1,839,0,0,0,0.0,0.07177904716078824,nan,0.14841781967564138
5.65,self+cam,circles,0.1357563705256684,0.10309870920852515,-1,-1,,0,0.03013863436651326,0.049967842425535425,12,1,839,0,0,0,0.0,0.07187848735853927,nan,0.14799214020036033
5.7,self+cam,circles,0.13815507262935228,0.10399584374925323,-1,-1,,0,0.03013274386026296,0.0499666494551433,12,1,839,0,0,0,0.0,0.07200902369742371,nan,0.14755452232125632
5.75,self+cam,circles,0.14051203179060545,0.10489719133128245,-1,-1,,0,0.030126830982829644,0.049965938511055005,12,1,839,0,0,0,0.0,0.07210206687445146,nan,0.1471148274791293
5.800000000000001,self+cam,circles,0.14285322157357117,0.10580434218845662,-1,-1,,0,0.03011650528821283,0.04996611917706838,12,1,839,0,0,0,0.0,0.07215042051726807,nan,0.1466761820190713
5.8500000000000005,self+cam,circles,0.14517702895537116,0.10670772472541525,-1,-1,,0,0.030103700976583297,0.04996720365449335,12,1,839,0,0,0,0.0,0.07220938588843184,nan,0.1462336132692501
5.9,self+cam,circles,0.14746015150077196,0.10759658971601571,-1,-1,,0,0.030092467170009435,0.04996881183621618,12,1,839,0,0,0,0.0,0.0722779643813043,nan,0.1457876241512842
5.95,self+cam,circles,0.14969929401711063,0.10846965094256755,-1,-1,,0,0.030082630202953875,0.04997080590139648,12,1,839,0,0,0,0.0,0.07235540099408884,nan,0.1453387363272819
6.0,self+cam,circles,0.15189149007325597,0.10932558652012667,-1,-1,,0,0.030074025292492035,0.04997308192490328,12,1,839,0,0,0,0.0,0.0724411491243829,nan,0.1448874977144332
6.050000000000001,self+cam,circles,0.1540340953005979,0.1101629462633783,-1,-1,,0,0.030066500653328165,0.0499755620762084,12,1,839,0,0,0,0.0,0.07253484528148794,nan,0.14443448952598636
6.1000000000000005,self+cam,circles,0.15612477679167538,0.1109800834489485,-1,-1,,0,0.030059919576455235,0.049978188808412385,12,1,839,0,0,0,0.0,0.07263629180380232,nan,0.143980332967811
6.15,self+cam,circles,0.15816150059059733,0.1117751038868919,-1,-1,,0,0.030054161213529273,0.049980920558184205,12,1,839,0,0,0,0.0,0.07274544633245139,nan,0.14352569560356754
6.2,self+cam,circles,0.16014251840976915,0.11254582720854442,-1,-1,,0,0.030049120572525817,0.049983728605664385,12,1,839,0,0,0,0.0,0.07285392317622111,nan,0.14307275653826368
6.25,self+cam,circles,0.16206629885152463,0.11328967455852673,-1,-1,,0,0.030044381972981482,0.049986624681563604,12,1,839,0,0,0,0.0,0.07294796682142275,nan,0.14262586831577773
6.300000000000001,self+cam,circles,0.1639296787385227,0.11400168216252624,-1,-1,,0,0.030039403920761265,0.0499896714355515,12,1,839,0,0,0,0.0,0.07303278956801687,nan,0.14218858319578898
6.3500000000000005,self+cam,circles,0.16572917240953433,0.11467261250820428,-1,-1,,0,0.030034385767314653,0.04999292981201012,12,1,839,0,0,0,0.0,0.07311910859375163,nan,0.14176507700201035
6.4,self+cam,circles,0.16745979468944933,0.11529169137740508,-1,-1,,0,0.030029694303374765,0.049996452860096824,12,1,839,0,0,0,0.0,0.07322550335930757,nan,0.14136025455353163
6.45,self+cam,circles,0.1691143200461765,0.1158463738523016,-1,-1,,0,0.0300259783541664,0.05000028215984301,12,1,839,0,0,0,0.0,0.07338164203325549,nan,0.1409798467696114
6.5,self+cam,circles,0.170682169359171,0.11632209850711045,-1,-1,,0,0.030024337805598683,0.05000443606706145,12,1,839,0,0,0,0.0,0.07363266694075361,nan,0.14063047614526936
6.550000000000001,self+cam,circles,0.17214769527206297,0.11670207038172115,-1,-1,,0,0.03002656900503281,0.05000888193260111,12,1,839,0,0,0,0.0,0.07409168075234705,nan,0.14037309092688244
6.6000000000000005,self+cam,circles,0.1734551479704676,0.11704171015886786,-1,-1,,0,0.030060126655663058,0.050010893555021044,12,1,839,0,0,0,0.0,0.07348777988130457,nan,0.14022579195506069
6.65,self+cam,circles,0.17455268993809603,0.11732927600423529,-1,-1,,0,0.03010983222231152,0.05000801096608212,11,1,839,0,0,0,0.0,0.07305761112141194,nan,0.14018381860467544
6.7,self+cam,circles,0.1753834024886982,0.11751652311326297,-1,-1,,0,0.03019450075959594,0.04999830254458504,11,1,839,0,0,0,0.0,0.07292492481087479,nan,0.14024375096258834
6.75,self+cam,circles,0.17586107402687556,0.11755778033841366,-1,-1,,0,0.03032909735911378,0.049978998512264505,11,1,839,0,0,0,0.0,0.07211720219965342,nan,0.14039879615227813
6.800000000000001,self+cam,circles,0.17585329960881277,0.11741301357039081,-1,-1,,0,0.030535659246813132,0.049946162216025505,10,1,839,0,0,0,0.0,0.07123465988434374,nan,0.14072409573201916
6.8500000000000005,self+cam,circles,0.17518854781882048,0.11697689808659849,-1,-1,,0,0.030831658178926732,0.049927899396538536,10,1,839,0,0,0,0.0,0.06850094418316446,nan,0.1415022387101197
6.9,self+cam,circles,0.1735759560868608,0.11593132425454553,-1,-1,,0,0.031223119697865356,0.05006396648272862,10,1,839,0,0,0,0.0,0.06531587481321605,nan,0.1423840001838974
6.95,self+cam,circles,0.17019293818775394,0.11446735941528986,-1,-1,,0,0.03179634944249944,0.05033213121096515,9,1,841,0,0,0,0.0,0.06153089972471272,nan,0.14270222108347042
7.0,self+cam,circles,0.16435974750968638,0.11303248367591208,-1,-1,,0,0.032458239434904154,0.05064653669579812,9,1,841,0,0,0,0.0,0.05840057586662302,nan,0.1427762524907621
7.050000000000001,self+cam,circles,0.15661561393303872,0.1113908084875471,-1,-1,,0,0.03304655623135659,0.05140720731192114,9,1,841,0,0,0,0.0,0.05647967303129529,nan,0.14407983799455593
7.1000000000000005,self+cam,circles,0.1480542964382573,0.10843209496322025,-1,-1,,0,0.033626992907656986,0.053640568977254235,9,1,840,0,0,0,0.0,0.05466642759044381,nan,0.1474196999517723
7.15,self+cam,circles,0.1384907586026536,0.10392679488161657,-1,-1,,0,0.03472155018861463,0.05821654626307715,9,1,840,0,0,0,0.0,0.05755559556459069,nan,0.15313161234655437
7.2,self+cam,circles,0.12771406189032616,0.0977048671745365,-1,-1,,0,0.03630550616104951,0.06522243244899228,9,1,840,0,0,0,0.0,0.06428587337947897,nan,0.16103986033111495
7.25,self+cam,circles,0.11568736507402015,0.08983199990113457,-1,-1,,0,0.038079073815726824,0.07416421696933585,9,1,840,0,0,0,0.0,0.0714353108825146,nan,0.17057760259039634
7.300000000000001,self+cam,circles,0.10263144964188399,0.08063644925517312,-1,-1,,0,0.039712708317989884,0.0841632114964856,10,1,840,0,0,0,0.0,0.07067361956365233,nan,0.18087701948640478
7.3500000000000005,self+cam,circles,0.08994597001533748,0.07068357959736558,-1,-1,,0,0.04073672616264297,0.09420144537692036,10,1,840,0,0,0,0.0,0.07186348311982545,nan,0.19087784726000334
7.4,self+cam,circles,0.07854503011373568,0.06083612509273618,-1,-1,,0,0.04101540712668007,0.10336675974086391,10,1,840,0,0,0,0.0,0.06854505158845497,nan,0.1985531654313596
7.45,self+cam,circles,0.06891467517831057,0.05189875691276483,-1,-1,,0,0.04133671542961513,0.11125115731265627,10,1,840,0,0,0,0.0,0.0667654604669752,nan,0.19107509809396783
7.5,self+cam,circles,0.061012764813125946,0.044139558932778836,-1,-1,,0,0.04371079064637608,0.10882840322993492,10,1,840,0,0,0,0.0,0.06772422124290436,nan,0.1849964149002855
7.550000000000001,self+cam,circles,0.05447536773451964,0.03744759181402376,-1,-1,,0,0.04731659961740935,0.10552670660252625,10,1,840,0,0,0,0.0,0.0694070994286412,nan,0.18003938085619164
7.6000000000000005,self+cam,circles,0.04900667139509638,0.03173506161200481,-1,-1,,0,0.0515860234330487,0.10314351602169997,10,1,840,0,0,0,0.0,0.07252528293535834,nan,0.1761100714596221
7.65,self+cam,circles,0.04444260257966539,0.02693676062095707,-1,-1,,0,0.056215937707205024,0.10167219162306507,10,1,840,0,0,0,0.0,0.07621232429110153,nan,0.1730414839124288
7.7,self+cam,circles,0.040626315444990305,0.023008374212969186,-1,-1,,0,0.060159738799514445,0.10084551651000209,10,1,840,0,0,0,0.0,0.08011911811615587,nan,0.1711459590964003
7.75,self+cam,circles,0.037697911483345566,0.01992108978567562,-1,-1,,0,0.05994013024870966,0.1009381947003504,10,1,840,0,0,0,0.0,0.08408282720494532,nan,0.1695908724849967
7.800000000000001,self+cam,circles,0.03501699119629791,0.017648919745374997,-1,-1,,0,0.05877051990909794,0.10127113998374382,10,1,840,0,0,0,0.0,0.08800208299525034,nan,0.1682899036122385
7.8500000000000005,self+cam,circles,0.032488083564336204,0.016147705456013538,-1,-1,,0,0.05772363983007471,0.10173813592817957,10,1,840,0,0,0,0.0,0.09182312152397117,nan,0.1672212694554852
7.9,self+cam,circles,0.030082124599528567,0.015334197918279774,-1,-1,,0,0.056783426592967465,0.10231681132647447,9,1,840,0,0,0,0.0,0.09552037964891827,nan,0.1663807332602919
7.95,self+cam,circles,0.02777920580433629,0.015082270075266335,-1,-1,,0,0.055936277249844776,0.10298915008586695,9,1,840,0,0,0,0.0,0.09908491846815681,nan,0.16575534410284087
8.0,self+cam,circles,0.02556756033673079,0.015243501423241275,-1,-1,,0,0.05517066301476213,0.10374042957043281,9,1,840,0,0,0,0.0,0.1025171789596828,nan,0.16533391154129318
8.05,self+cam,circles,0.02344303173883875,0.015677116950749633,-1,-1,,0,0.05447680008302942,0.1045584222532557,9,1,840,0,0,0,0.0,0.10582967650058828,nan,0.1651271573718327
8.1,self+cam,circles,0.021422408794039685,0.01626969567863591,-1,-1,,0,0.054231564138134444,0.1054705950512092,9,1,840,0,0,0,0.0,0.10903410936770755,nan,0.16512059354195552
8.15,self+cam,circles,0.019509900405974567,0.016939710656463842,-1,-1,,0,0.05445077058816648,0.10646922507121775,9,1,840,0,0,0,0.0,0.11213684430014514,nan,0.16529740690515637
8.200000000000001,self+cam,circles,0.017717067789497717,0.017632975954988913,-1,-1,,0,0.054984168771383166,0.10753300577275893,9,1,840,0,0,0,0.0,0.11514304650439049,nan,0.16564732058255738
8.25,self+cam,circles,0.016071798561529606,0.01831555451849394,-1,-1,,0,0.05575484901570059,0.10864858405220088,9,1,840,0,0,0,0.0,0.11805724245479647,nan,0.16616271722926257
8.3,self+cam,circles,0.014616928087245342,0.018967401520165367,-1,-1,,0,0.05672776611152437,0.10980705467885224,9,1,840,0,0,0,0.0,0.1208834372029134,nan,0.1668372879297706
8.35,self+cam,circles,0.013409407756123303,0.019577613498603735,-1,-1,,0,0.05789393348605508,0.11100248591516493,9,1,840,0,0,0,0.0,0.12362522135135132,nan,0.1676654805308252
8.4,self+cam,circles,0.012515535445706005,0.020141151803965116,-1,-1,,0,0.05926274524957227,0.11223133965927315,9,1,840,0,0,0,0.0,0.12608151489157818,nan,0.16864221102303767
8.450000000000001,self+cam,circles,0.011997891501177922,0.02065666585796386,-1,-1,,0,0.06085852238726601,0.11349235095356563,9,1,840,0,0,0,0.0,0.1282577071642633,nan,0.1697626616244351
8.5,self+cam,circles,0.011894115751825486,0.02112507149188328,-1,-1,,0,0.06271912115377452,0.11478668378623633,9,1,840,0,0,0,0.0,0.1303466955121683,nan,0.1710221133372446
8.55,self+cam,circles,0.012197991280100403,0.021548629471457192,-1,-1,,0,0.06489509862939973,0.11611826109955567,9,1,840,0,0,0,0.0,0.1323524017830685,nan,0.1724158317173936
8.6,self+cam,circles,0.012857526748399054,0.021930350761431114,-1,-1,,0,0.06744792505536486,0.11749415582394154,9,1,840,0,0,0,0.0,0.13428038297575223,nan,0.17393911092102132
8.65,self+cam,circles,0.013791290048126901,0.02227361453158794,-1,-1,,0,0.07044534324099956,0.11892483922185682,9,1,840,0,0,0,0.0,0.13611747175809666,nan,0.1756869118294362
8.700000000000001,self+cam,circles,0.01481412672675134,0.02258132267596794,-1,-1,,0,0.07345373449253041,0.12050040390911201,9,1,840,0,0,0,0.0,0.13792032198266138,nan,0.17763906876855418
8.75,self+cam,circles,0.015837638475489465,0.022830726498809916,-1,-1,,0,0.07648403088276261,0.12220298712889988,9,1,840,0,0,0,0.0,0.13968471696872928,nan,0.17977275624573819
8.8,self+cam,circles,0.016815391878931666,0.023054971750735617,-1,-1,,0,0.07955459681767264,0.1240118240550428,9,1,840,0,0,0,0.0,0.14142803566670673,nan,0.18206737250249405
8.85,self+cam,circles,0.017724262911269346,0.023257147306138943,-1,-1,,0,0.08267182064848337,0.12590768852454104,9,1,840,0,0,0,0.0,0.14316451074505787,nan,0.18450420448140836
8.9,self+cam,circles,0.018554646369447085,0.0234402379342749,-1,-1,,0,0.08583301192825675,0.1260091872572841,9,1,840,0,0,0,0.0,0.14490557500901313,nan,0.18706615783319036
8.950000000000001,self+cam,circles,0.019304614203522013,0.023607129443585787,-1,-1,,0,0.08902905064688775,0.1238945531595737,9,1,840,0,0,0,0.0,0.1466602200067163,nan,0.18973753380566827
9.0,self+cam,circles,0.019976495182571996,0.023760632857711975,-1,-1,,0,0.09224665052936414,0.12170365457716914,9,1,840,0,0,0,0.0,0.14843535160317659,nan,0.19250384348995608
9.05,self+cam,circles,0.020574873359770485,0.023903528126548442,-1,-1,,0,0.09547018986666121,0.11943976343676976,10,1,840,0,0,0,0.0,0.15023612869710043,nan,0.19535165367684482
9.1,self+cam,circles,0.021105412278131525,0.024038631436077058,-1,-1,,0,0.09868312232644898,0.11710617654169236,10,1,840,0,0,0,0.0,0.15033732545616288,nan,0.19826845958016903
9.15,self+cam,circles,0.021574163794754596,0.024168895104645552,-1,-1,,0,0.10186901256542118,0.1147063312501061,10,1,840,0,0,0,0.0,0.15025791245391795,nan,0.20124257998038508
9.200000000000001,self+cam,circles,0.021987165065859092,0.024297556666877964,-1,-1,,0,0.10501225547256181,0.11224396384483443,10,1,840,0,0,0,0.0,0.15020119532855827,nan,0.20426307055274162
9.25,self+cam,circles,0.022350209190349246,0.024428366185404223,-1,-1,,0,0.10807096849670177,0.10972334081546392,10,1,840,0,0,0,0.0,0.15010496403877507,nan,0.20402278886926617
9.3,self+cam,circles,0.022668721625115903,0.024565942774712603,-1,-1,,0,0.11097961638894092,0.10714961511991897,10,1,840,0,0,0,0.0,0.14986545517499067,nan,0.20109053496005502
9.35,self+cam,circles,0.022947701398639078,0.024716350039142503,-1,-1,,0,0.11373155812053586,0.10452939899028393,10,1,840,0,0,0,0.0,0.14934103394117734,nan,0.1981179481888019
9.4,self+cam,circles,0.023191702012657585,0.024888049353378884,-1,-1,,0,0.116323955052526,0.10187171653906671,10,1,840,0,0,0,0.0,0.148831877060353,nan,0.1951095003685389
9.450000000000001,self+cam,circles,0.02340483637669669,0.025093509280620298,-1,-1,,0,0.11078640358554086,0.0991896266940758,10,1,840,0,0,0,0.0,0.14838066375485381,nan,0.19207319394614963
9.5,self+cam,circles,0.023590795869850835,0.025351933652549518,-1,-1,,0,0.10304244723246984,0.09650301525591323,10,1,840,0,0,0,0.0,0.1479894095279979,nan,0.18902598920029112
9.55,self+cam,circles,0.023752877337759527,0.025693751598301184,-1,-1,,0,0.09478124580936191,0.09384330865668292,10,1,840,0,0,0,0.0,0.14676018722109568,nan,0.18600476331794769
9.600000000000001,self+cam,circles,0.023894013952125332,0.026167210206297094,-1,-1,,0,0.08609651981707643,0.09126077073294062,10,1,840,0,0,0,0.0,0.1450073323219244,nan,0.18308439991199388
9.65,self+cam,circles,0.024016807456595377,0.026844726430631898,-1,-1,,0,0.07722666550104641,0.0888328725519108,10,1,840,0,0,0,0.0,0.1431752782568995,nan,0.18055518713538843
9.700000000000001,self+cam,circles,0.024123560168764335,0.027935718975179016,-1,-1,,0,0.0693375797642382,0.08678832161933356,10,1,840,0,0,0,0.0,0.14135142141949134,nan,0.1784059839339457
9.75,self+cam,circles,0.024216305787875484,0.029378420345497376,-1,-1,,0,0.06277323892398619,0.08509987806808861,10,1,840,0,0,0,0.0,0.13925959558865272,nan,0.17649924415632634
9.8,self+cam,circles,0.024296838399993997,0.031024794159300623,-1,-1,,0,0.05730833057240324,0.08364398146971805,10,1,840,0,0,0,0.0,0.13694530230111154,nan,0.17474373402034893
9.850000000000001,self+cam,circles,0.02436673940719535,0.03277568005156561,-1,-1,,0,0.05275699125315973,0.0823369728438619,10,1,840,0,0,0,0.0,0.13456940321525554,nan,0.17315446989033034
9.9,self+cam,circles,0.024427402215227444,0.034614886439873,-1,-1,,0,0.04976883989419141,0.0811979849273109,10,1,840,0,0,0,0.0,0.1321198421800646,nan,0.17162249240766203
9.950000000000001,self+cam,circles,0.02448005467249186,0.03645112999765616,-1,-1,,0,0.04795856186672452,0.08013905305818492,10,1,840,0,0,0,0.0,0.1296297467967778,nan,0.17011410631763846
10.0,self+cam,circles,0.024525779287001507,0.038268461866911664,-1,-1,,0,0.04774564282793127,0.07917179664384455,10,1,840,0,0,0,0.0,0.1270768124164651,nan,0.16859466567060422
10.05,self+cam,circles,0.024565531326018485,0.0400230683256256,-1,-1,,0,0.04805110311906953,0.07821342057717645,10,1,840,0,0,0,0.0,0.12444905164068513,nan,0.16707921086657884
10.100000000000001,self+cam,circles,0.02460015490528549,0.04170606461870022,-1,-1,,0,0.04839176303320829,0.0772379503886429,10,1,840,0,0,0,0.0,0.12175452694889481,nan,0.16558007386725992
10.15,self+cam,circles,0.024630397193445383,0.04332060369369809,-1,-1,,0,0.048767636202645945,0.07625294666547891,10,1,840,0,0,0,0.0,0.11900135280514722,nan,0.16410880836157238
10.200000000000001,self+cam,circles,0.02465692087669076,0.04486959499610515,-1,-1,,0,0.049178568582628104,0.07499992727173883,10,1,840,0,0,0,0.0,0.11619772237507467,nan,0.16267428375096826
10.25,self+cam,circles,0.024680315026824617,0.04635571464198353,-1,-1,,0,0.04962424911060791,0.07345622224755961,10,1,840,0,0,0,0.0,0.113351936677002,nan,0.16128282956446716
10.3,self+cam,circles,0.02470110450275364,0.04778141298152192,-1,-1,,0,0.05010421808495989,0.07191633223062975,10,1,840,0,0,0,0.0,0.1104724371658237,nan,0.15994941191146228
10.350000000000001,self+cam,circles,0.024719758045594377,0.049148919772979166,-1,-1,,0,0.05061787408099312,0.07039018630744803,10,1,840,0,0,0,0.0,0.10756784276672696,nan,0.1586826342495692
10.4,self+cam,circles,0.024736695175132224,0.05046024727610104,-1,-1,,0,0.051164480217732164,0.06888763850966659,10,1,840,0,0,0,0.0,0.10464699262866096,nan,0.1574903739184509
10.450000000000001,self+cam,circles,0.024752292064056373,0.05171719175303641,-1,-1,,0,0.05174317055299417,0.06741844064739402,10,1,840,0,0,0,0.0,0.10171899570489336,nan,0.1563797886351992
10.5,self+cam,circles,0.024766886487980977,0.05292133384775526,-1,-1,,0,0.0523529573993924,0.06599220946072948,10,1,840,0,0,0,0.0,0.09879328819401582,nan,0.15535732296167426
10.55,self+cam,circles,0.02478078199281958,0.054074038428098395,-1,-1,,0,0.05299274024822494,0.06461838822231661,10,1,840,0,0,0,0.0,0.09587969957923775,nan,0.15442871543625603
10.600000000000001,self+cam,circles,0.024794251392580995,0.055176454439881055,-1,-1,,0,0.05366131686681021,0.06330620291087065,10,1,840,0,0,0,0.0,0.09295698600861119,nan,0.1535990072720499
10.65,self+cam,circles,0.02480753972196535,0.05622951543151351,-1,-1,,0,0.05435739689544565,0.06206461333873542,10,1,840,0,0,0,0.0,0.08995340902392804,nan,0.15287255340627848
10.700000000000001,self+cam,circles,0.024820866732125406,0.057233941229815094,-1,-1,,0,0.05507961806157831,0.060902259570794204,10,1,840,0,0,0,0.0,0.08699514471661872,nan,0.1522530367045123
10.75,self+cam,circles,0.024834429041896408,0.05819024131025681,-1,-1,,0,0.05582656476800742,0.05982740429971249,10,1,840,0,0,0,0.0,0.08409546465107585,nan,0.15174348591418374
10.8,self+cam,circles,0.02484840200605597,0.059098720210986694,-1,-1,,0,0.056596788474485085,0.058847871912475716,10,1,840,0,0,0,0.0,0.0812686323749636,nan,0.15134629780418318
10.850000000000001,self+cam,circles,0.024862941383025847,0.05995948525596796,-1,-1,,0,0.057388828996094696,0.057970985309653805,10,1,840,0,0,0,0.0,0.0785300131558935,nan,0.15106326352320787
10.9,self+cam,circles,0.02487818485930319,0.06077245659223557,-1,-1,,0,0.058201235625810574,0.05720350167106382,10,1,840,0,0,0,0.0,0.0758961638072245,nan,0.15089559893676519
10.950000000000001,self+cam,circles,0.024894253464371012,0.06153737944649994,-1,-1,,0,0.05602883693529109,0.05655154871908742,10,1,840,0,0,0,0.0,0.07282347413372997,nan,0.150843978350078
11.0,self+cam,circles,0.024911252910539878,0.062253838248848725,-1,-1,,0,0.052506321409914486,0.05556417547281978,10,1,840,0,0,0,0.0,0.06986631909690734,nan,0.15090857070926644
11.05,self+cam,circles,0.024929274877433565,0.06292127216278008,-1,-1,,0,0.048908721010833406,0.055154434915347814,10,1,840,0,0,0,0.0,0.06757241411678493,nan,0.1509534001502697
11.100000000000001,self+cam,circles,0.02517871142234833,0.06360860378539206,-1,-1,,0,0.04584982916158395,0.05478271432943295,10,1,840,0,0,0,0.0,0.06588237066052922,nan,0.15097148086832568
11.15,self+cam,circles,0.025679718481605367,0.06431360647868413,-1,-1,,0,0.043308669353942064,0.05442923494704953,10,1,840,0,0,0,0.0,0.06441152478890351,nan,0.15097042687267903
11.200000000000001,self+cam,circles,0.02642446928634974,0.06503007111755671,-1,-1,,0,0.041203473297848736,0.05408763877660609,10,1,840,0,0,0,0.0,0.06339243803718833,nan,0.15095699066604806
11.25,self+cam,circles,0.02740117847426672,0.065754706328342,-1,-1,,0,0.0394644072971016,0.0537544991947634,11,1,840,0,0,0,0.0,0.06275111750802742,nan,0.1509371047175757
11.3,self+cam,circles,0.02859391893446069,0.06648593567283077,-1,-1,,0,0.03803179236121873,0.05342830293236871,11,1,840,0,0,0,0.0,0.06242564831343254,nan,0.15091595563181437
11.350000000000001,self+cam,circles,0.029983453727681124,0.06722314703183777,-1,-1,,0,0.03685452125122218,0.053108780814233356,11,1,840,0,0,0,0.0,0.06236527411415471,nan,0.15089807348866036
11.4,self+cam,circles,0.03154853303350978,0.0679662325974399,-1,-1,,0,0.035888729836546396,0.05279647641388423,11,1,840,0,0,0,0.0,0.06252925042718091,nan,0.15088742368914865
11.450000000000001,self+cam,circles,0.03326724305821184,0.06871531465056734,-1,-1,,0,0.035096744111915656,0.05249247319219458,11,1,840,0,0,0,0.0,0.06288556949964874,nan,0.15088749323323447
11.5,self+cam,circles,0.035118161076447614,0.06947059038963449,-1,-1,,0,0.03444628488414872,0.05219822419478232,10,1,840,0,0,0,0.0,0.0634096565884048,nan,0.1509013672265873
11.55,self+cam,circles,0.037081209053410634,0.07023225321099136,-1,-1,,0,0.03390987853825736,0.051915445898260026,10,1,840,0,0,0,0.0,0.0640792780526432,nan,0.1509478758478947
11.600000000000001,self+cam,circles,0.03914541099938786,0.07100061860658624,-1,-1,,0,0.033464743800770885,0.05165838417307839,10,1,840,0,0,0,0.0,0.06492688418465359,nan,0.15105328563150122
11.65,self+cam,circles,0.04118788381260457,0.07180925035544464,-1,-1,,0,0.03293885169390731,0.0514368133662063,10,1,840,0,0,0,0.0,0.06573191319220187,nan,0.15119911596220714
11.700000000000001,self+cam,circles,0.0433430908991255,0.07262466445293574,-1,-1,,0,0.03249360391916642,0.051245390289269124,10,1,840,0,0,0,0.0,0.06615593374720957,nan,0.15137620874729452
11.75,self+cam,circles,0.045587525022384744,0.07343910931738568,-1,-1,,0,0.032124603731489926,0.05107993228979835,10,1,840,0,0,0,0.0,0.06654237109679645,nan,0.15157673514133763
11.8,self+cam,circles,0.04790597361704856,0.07424888995371347,-1,-1,,0,0.03181763091161599,0.050936862578898096,10,1,840,0,0,0,0.0,0.06705695042363545,nan,0.15179138789114222
11.850000000000001,self+cam,circles,0.050291982747427154,0.07504954045631416,-1,-1,,0,0.031559121530596757,0.05081300848578886,10,1,840,0,0,0,0.0,0.0676118828950828,nan,0.15201887175061146
11.9,self+cam,circles,0.05271810496129484,0.0758528154451109,-1,-1,,0,0.03134475890029198,0.050705971295960564,10,1,840,0,0,0,0.0,0.06812926867327329,nan,0.1522546839202119
11.950000000000001,self+cam,circles,0.05516767102607636,0.07666190243717606,-1,-1,,0,0.031167449994059515,0.050613483444712726,10,1,840,0,0,0,0.0,0.0686724077733282,nan,0.15249419063766767
12.0,self+cam,circles,0.05762586887217721,0.07747981161164902,-1,-1,,0,0.031020990650509478,0.05053355658538744,10,1,840,0,0,0,0.0,0.06920434085186468,nan,0.15273563018115566
12.05,self+cam,circles,0.060077777311724444,0.07831388968792269,-1,-1,,0,0.030899278763078936,0.05046461211461366,10,1,840,0,0,0,0.0,0.06984420060944185,nan,0.1529858029559188
12.100000000000001,self+cam,circles,0.06251154748480953,0.07917209219844973,-1,-1,,0,0.03079935611224624,0.05041095249359549,10,1,840,0,0,0,0.0,0.07003430663732542,nan,0.15329545523170662
12.15,self+cam,circles,0.06494396967190014,0.08004105141983164,-1,-1,,0,0.030717389773613213,0.05038471776124874,10,1,840,0,0,0,0.0,0.07019957714844755,nan,0.1536381323399142
12.200000000000001,self+cam,circles,0.0673740500254222,0.08091333099792951,-1,-1,,0,0.030649934333709078,0.05034756976857159,10,1,840,0,0,0,0.0,0.07034652915996813,nan,0.15386512746283976
12.25,self+cam,circles,0.06985792515708264,0.08174897058687543,-1,-1,,0,0.030590820570986194,0.05030143857174077,10,1,840,0,0,0,0.0,0.07065636378799722,nan,0.1540155104809846
12.3,self+cam,circles,0.07239447976716877,0.08255858547518143,-1,-1,,0,0.03053854849489049,0.05025908225984657,10,1,840,0,0,0,0.0,0.07083490751860368,nan,0.1541060602684703
12.350000000000001,self+cam,circles,0.07497527306667023,0.08335349534205397,-1,-1,,0,0.030492222732137253,0.05022078059100685,10,1,840,0,0,0,0.0,0.0709281837567701,nan,0.15414849051886537
12.4,self+cam,circles,0.07759309055196344,0.08414174175182089,-1,-1,,0,0.030451160764334212,0.05018647385176195,10,1,840,0,0,0,0.0,0.07102191548859871,nan,0.15415108880245199
12.450000000000001,self+cam,circles,0.080241652414383,0.08492887905438223,-1,-1,,0,0.03041479185712076,0.05015594160497425,10,1,840,0,0,0,0.0,0.07117445573921423,nan,0.15411978771463408
12.5,self+cam,circles,0.08291542104384794,0.08571859835690253,-1,-1,,0,0.0303826122431457,0.050128893706773314,10,1,840,0,0,0,0.0,0.07143192121988871,nan,0.1540588788939521
12.55,self+cam,circles,0.08560945727906868,0.08651321325827993,-1,-1,,0,0.03035416546769898,0.05010501744992145,10,1,840,0,0,0,0.0,0.07178169445324191,nan,0.15397149862886927
12.600000000000001,self+cam,circles,0.08831930483704203,0.08731403552003893,-1,-1,,0,0.030329033860672455,0.05008400215856801,10,1,840,0,0,0,0.0,0.07221264900679647,nan,0.15385996398616797
12.65,self+cam,circles,0.0910408944187812,0.08812166435633954,-1,-1,,0,0.030306834727302556,0.05006555186437871,10,1,840,0,0,0,0.0,0.0726369865827637,nan,0.15372600885829624
12.700000000000001,self+cam,circles,0.09377046347078417,0.08893620865207698,-1,-1,,0,0.030287218323121978,0.050049391518580885,10,1,840,0,0,0,0.0,0.07263678830522491,nan,0.1535709515472209
12.75,self+cam,circles,0.09650448936520056,0.08975745716713292,-1,-1,,0,0.03026986632617995,0.050035269613530386,10,1,840,0,0,0,0.0,0.07270788058019907,nan,0.15339581460871943
12.8,self+cam,circles,0.0992396344318163,0.0905850083158146,-1,-1,,0,0.03025449028805438,0.05002295877344916,10,1,840,0,0,0,0.0,0.07284616170777186,nan,0.15320141095534434
12.850000000000001,self+cam,circles,0.10197270142185992,0.09141836847168514,-1,-1,,0,0.03024082990331589,0.05001225519206605,10,1,840,0,0,0,0.0,0.0730473739142666,nan,0.15298840577964312
12.9,self+cam,circles,0.10470059824689516,0.09225702546186297,-1,-1,,0,0.030228651093445524,0.050002977421915396,11,1,840,0,0,0,0.0,0.07324223223415133,nan,0.15275736104653725
12.950000000000001,self+cam,circles,0.10742031087411272,0.09310050232238729,-1,-1,,0,0.030217743966416244,0.04999496481734114,11,1,840,0,0,0,0.0,0.07318930485616441,nan,0.15250876736650687
13.0,self+cam,circles,0.11012888339311334,0.09394839510938963,-1,-1,,0,0.030207920728098137,0.049988075815821695,12,1,840,0,0,0,0.0,0.07289872472723269,nan,0.15224306672920684
13.05,self+cam,circles,0.11282340438472631,0.0948003975858393,-1,-1,,0,0.030199013621573234,0.04998218617089266,12,1,840,0,0,0,0.0,0.072538911666681,nan,0.15196066866051694
13.100000000000001,self+cam,circles,0.11550099884614136,0.09565631490789267,-1,-1,,0,0.030190872954849457,0.0499771872069851,12,1,840,0,0,0,0.0,0.07224184786859912,nan,0.15166196174752777
13.15,self+cam,circles,0.11815882494972803,0.09651606795833091,-1,-1,,0,0.030183365272802326,0.04997298414068929,12,1,840,0,0,0,0.0,0.07200496190871707,nan,0.15134732193370348
13.200000000000001,self+cam,circles,0.12079407510933833,0.09737968949618515,-1,-1,,0,0.030176371708360378,0.049969494491288374,12,1,840,0,0,0,0.0,0.07182551355349327,nan,0.15101711872473988
13.25,self+cam,circles,0.12340398075664544,0.09824731311949471,-1,-1,,0,0.0301697865512513,0.04996664659536813,12,1,840,0,0,0,0.0,0.07170058780316899,nan,0.15067172014004615
13.3,self+cam,circles,0.12598582040997824,0.09911915576270161,-1,-1,,0,0.030163516048076516,0.049964378230462125,12,1,840,0,0,0,0.0,0.07162708568029548,nan,0.15031149704862645
13.350000000000001,self+cam,circles,0.12853693054785495,0.09999549430248574,-1,-1,,0,0.030157477459923143,0.04996263534528218,12,1,840,0,0,0,0.0,0.07160171189878389,nan,0.1499368274566394
13.4,self+cam,circles,0.13105471885543776,0.10087663682017387,-1,-1,,0,0.030151598376631755,0.04996137089749464,12,1,840,0,0,0,0.0,0.07162095954545933,nan,0.14954810113395145
13.450000000000001,self+cam,circles,0.13353667937778196,0.1017628889006035,-1,-1,,0,0.03014581629365004,0.04996054379279889,12,1,840,0,0,0,0.0,0.0716810920670331,nan,0.14914572491202138
13.5,self+cam,circles,0.13598040910023276,0.10265451533033795,-1,-1,,0,0.030140078432289663,0.049960117919630134,12,1,840,0,0,0,0.0,0.07177812303803723,nan,0.14873012897091487
13.55,self+cam,circles,0.1383836253490256,0.10355169755314493,-1,-1,,0,0.030134341775398255,0.04996006127868105,12,1,840,0,0,0,0.0,0.07190779446733307,nan,0.14830177432297575
13.600000000000001,self+cam,circles,0.14074418335848457,0.1044544871226581,-1,-1,,0,0.030128573258707686,0.049960345201687156,12,1,840,0,0,0,0.0,0.0720206638577443,nan,0.1478672328366205
13.65,self+cam,circles,0.14307991815023555,0.10536352313090631,-1,-1,,0,0.03011960491203458,0.04996124773722817,12,1,840,0,0,0,0.0,0.07206612860044212,nan,0.1474346770755921
13.700000000000001,self+cam,circles,0.14540674276748924,0.10627293551450602,-1,-1,,0,0.03010641437341402,0.04996304295212704,12,1,840,0,0,0,0.0,0.07212203326465617,nan,0.1469978812300735
13.75,self+cam,circles,0.14769277082612825,0.10716929961011296,-1,-1,,0,0.03009483154264414,0.049965287756034385,12,1,840,0,0,0,0.0,0.0721873243704914,nan,0.14655731686988582
13.8,self+cam,circles,0.1499346434886113,0.10805132507583991,-1,-1,,0,0.030084682959905185,0.04996784521420236,12,1,840,0,0,0,0.0,0.07226119481761943,nan,0.14611347980531242
13.850000000000001,self+cam,circles,0.1521293323962142,0.10891770618722513,-1,-1,,0,0.03007580241109345,0.049970613328327806,12,1,840,0,0,0,0.0,0.07234304599165352,nan,0.1456668979034349
13.9,self+cam,circles,0.15427413457898334,0.10976702403887202,-1,-1,,0,0.030068035677403182,0.049973516705783205,12,1,840,0,0,0,0.0,0.07243246004951226,nan,0.14521813844607068
13.950000000000001,self+cam,circles,0.15636666301190444,0.11059767502636735,-1,-1,,0,0.030061243033760815,0.0499765003653051,12,1,840,0,0,0,0.0,0.07252918026572537,nan,0.1447678152324151
14.0,self+cam,circles,0.15840483501900485,0.11140781811294839,-1,-1,,0,0.03005530029892256,0.04997952515800176,12,1,840,0,0,0,0.0,0.07263309802653296,nan,0.1443165955006569
14.05,self+cam,circles,0.16038685985997886,0.11219533543217511,-1,-1,,0,0.030050098985123702,0.04998256442236701,12,1,840,0,0,0,0.0,0.07274424554757432,nan,0.14386520654658197
14.100000000000001,self+cam,circles,0.16231122616816904,0.11295780221247696,-1,-1,,0,0.030045545927487288,0.049985601587402964,12,1,840,0,0,0,0.0,0.07283864803689696,nan,0.14341842253493398
14.15,self+cam,circles,0.16417554802857703,0.11369187017544068,-1,-1,,0,0.030040709436944674,0.049988702259361625,12,1,840,0,0,0,0.0,0.07291934618992334,nan,0.14297977279968221
14.200000000000001,self+cam,circles,0.16597699016917278,0.11438864941132353,-1,-1,,0,0.030035740352503004,0.04999192799823553,12,1,840,0,0,0,0.0,0.07299433506809404,nan,0.14255339909222386
14.25,self+cam,circles,0.1677115215754865,0.11503770469365973,-1,-1,,0,0.030030931560229956,0.049995331620975136,12,1,840,0,0,0,0.0,0.07307837562215992,nan,0.14214419236751596
14.3,self+cam,circles,0.16937328402759635,0.11562685875231879,-1,-1,,0,0.03002680441805189,0.04999895578156151,12,1,840,0,0,0,0.0,0.07319582298004394,nan,0.14175791205802024
14.350000000000001,self+cam,circles,0.17095368330537128,0.1161419200445127,-1,-1,,0,0.03002425226448116,0.05000282571264636,12,1,840,0,0,0,0.0,0.07338448643730569,nan,0.1414012903950722
14.4,self+cam,circles,0.17244000114826108,0.11656640220308405,-1,-1,,0,0.030024749614523172,0.050006930325552215,12,1,840,0,0,0,0.0,0.07384437995535571,nan,0.14111344413880034
14.450000000000001,self+cam,circles,0.17379377850828467,0.11692684867289065,-1,-1,,0,0.03004762980825247,0.05000983131367363,12,1,840,0,0,0,0.0,0.07380511788760756,nan,0.14093863846173338
14.5,self+cam,circles,0.17495618992404505,0.11725084916951754,-1,-1,,0,0.03008685725479389,0.050008367987879915,11,1,840,0,0,0,0.0,0.07328551116811988,nan,0.140872532451901
14.55,self+cam,circles,0.17588024950901127,0.1174877970588598,-1,-1,,0,0.030156565291241652,0.050000799795286724,11,1,840,0,0,0,0.0,0.0730015988541327,nan,0.14091365509808995
14.600000000000001,self+cam,circles,0.1764950927819778,0.11758865800155473,-1,-1,,0,0.03026950074723163,0.049984671937237365,11,1,840,0,0,0,0.0,0.07278175613961486,nan,0.14105966967643602
14.65,self+cam,circles,0.17669160937307132,0.11750716614496981,-1,-1,,0,0.03044494716064465,0.04995648243128474,10,1,840,0,0,0,0.0,0.07165647617386198,nan,0.14130078935215706
14.700000000000001,self+cam,circles,0.17630076379048554,0.11720561401690908,-1,-1,,0,0.030710473762327398,0.04991139450980844,10,1,840,0,0,0,0.0,0.06981237548508806,nan,0.14196342651771
14.75,self+cam,circles,0.17516555402306552,0.1163464158902593,-1,-1,,0,0.031056281708861974,0.04997969108080086,10,1,840,0,0,0,0.0,0.06715703429814252,nan,0.14294748399475998
14.8,self+cam,circles,0.17266602374094053,0.11488391626136672,-1,-1,,0,0.031555847511052545,0.05020233219922428,9,1,840,0,0,0,0.0,0.06358961372737577,nan,0.14369365615214558
14.850000000000001,self+cam,circles,0.16790886191812315,0.11318771187966178,-1,-1,,0,0.0322293144845535,0.05052284678742451,9,1,840,0,0,0,0.0,0.059658691454394626,nan,0.14351677859986245
14.9,self+cam,circles,0.1607158946097384,0.1116983897082527,-1,-1,,0,0.032838555720321363,0.050829039444722626,9,1,840,0,0,0,0.0,0.057269840347994296,nan,0.14407338396233116
14.950000000000001,self+cam,circles,0.1523570476829251,0.10929403195533302,-1,-1,,0,0.03340766362510876,0.052594584429890706,9,1,840,0,0,0,0.0,0.055018683967245435,nan,0.1463658487983459
15.0,self+cam,circles,0.14308889393094684,0.10544283337548267,-1,-1,,0,0.03430079847416147,0.05647948988018507,9,1,840,0,0,0,0.0,0.05578023476666156,nan,0.15104085455252425
0.05,full,circles,9.87693132314243e-06,9.877366799227375e-06,-1,-1,free,0,0.05676101943747254,0.16504642260436408,5,1,752,0,0,0,0.0,0.25,nan,0.21129248126365463
0.1,full,circles,0.00013839137335893464,0.00013838125815041237,-1,-1,free,0,0.06182729236001873,0.1653943777197371,5,1,752,0,0,0,0.0,0.25,nan,0.21115276817652406
0.15000000000000002,full,circles,0.00024314055989624485,0.00024312307303581222,-1,-1,free,0,0.06663865856154032,0.1657236815881891,5,1,752,0,0,0,0.0,0.25,nan,0.2110450942362373
0.2,full,circles,0.0003216153972083818,0.0003215921574050403,-1,-1,free,0,0.07119161730030883,0.1660334753024706,5,1,755,0,0,0,0.0,0.25,nan,0.21096405121241368
0.25,full,circles,0.0003785667925765411,0.00037853915744058124,-1,-1,free,0,0.07548824077576892,0.16632354276704142,5,1,755,0,0,0,0.0,0.25,nan,0.21090497496849558
0.30000000000000004,full,circles,0.00041805994121946313,0.00041802905946468246,-1,-1,free,0,0.07953461439748687,0.16659414379498833,5,1,755,0,0,0,0.0,0.25,nan,0.2108638812216398
0.35000000000000003,full,circles,0.0004435154500005765,0.0004434822764273605,-1,-1,free,0,0.08333959468746686,0.1668458768897136,5,1,756,0,0,0,0.0,0.25,nan,0.21083739414110758
0.4,full,circles,0.0004577892478070713,0.00045775458195258106,-1,-1,free,0,0.0869138430094366,0.16707956969094054,5,1,756,0,0,0,0.0,0.25,nan,0.21082267371570718
0.45,full,circles,0.0004632510644861972,0.0004632155605685023,-1,-1,free,0,0.09026908951026723,0.1672961936516835,5,1,756,0,0,0,0.0,0.25,nan,0.21081734573789424
0.5,full,circles,0.0004618560457878852,0.00046182024210070856,-1,-1,free,0,0.09341758382636732,0.16749679920383098,5,1,759,0,0,0,0.0,0.25,nan,0.21081943672695014
0.55,full,circles,0.00045520837135463966,0.0004551727029637057,-1,-1,free,0,0.096371694000128,0.1676824676534613,5,1,759,0,0,0,0.0,0.25,nan,0.21082731501237062
0.6000000000000001,full,circles,0.000444616873114188,0.0004445816867882,-1,-1,free,0,0.09914362092762745,0.16785427644734296,5,1,759,0,0,0,0.0,0.25,nan,0.21083963840022169
0.65,full,circles,0.00043114309832855677,0.0004311086703466863,-1,-1,free,0,0.10174520146274212,0.16801327489828366,5,1,761,0,0,0,0.0,0.25,nan,0.2108553083820609
0.7000000000000001,full,circles,0.00041564250962939156,0.0004156090479271161,-1,-1,free,0,0.1041877786066424,0.16816046793283362,5,1,761,0,0,0,0.0,0.25,nan,0.21087343053056784
0.75,full,circles,0.00039879953222137654,0.0003987672008859488,-1,-1,free,0,0.10648212175551484,0.16829680591995363,5,1,761,0,0,0,0.0,0.25,nan,0.2108932805562066
0.8,full,circles,0.00038115723853476304,0.00038112615342006677,-1,-1,free,0,0.10863838375055627,0.16842317896868111,5,1,761,0,0,0,0.0,0.25,nan,0.2109142754307779
0.8500000000000001,full,circles,0.000363142338425579,0.0003631125767377669,-1,-1,free,0,0.11066608452546593,0.16854041452172977,5,1,761,0,0,0,0.0,0.25,nan,0.21093594897993329
0.9,full,circles,0.0003450861448459367,0.0003450577583957111,-1,-1,free,0,0.11257411358864976,0.1686492772543882,5,1,761,0,0,0,0.0,0.25,nan,0.21095793134207186
0.9500000000000001,full,circles,0.00032724211065974834,0.0003272151256751575,-1,-1,free,0,0.11437074548989988,0.16875047059032566,5,1,761,0,0,0,0.0,0.25,nan,0.21097993177356622
1.0,full,circles,0.00030980043165291995,0.000309774853412273,-1,-1,free,0,0.11606366391070665,0.16884463927165216,5,1,761,0,0,0,0.0,0.25,nan,0.2110017242908765
1.05,full,circles,0.09512380902113554,0.0951237958299855,-1,-1,free,0,0.11765998487498462,0.1689323726012466,5,1,761,0,0,0,0.0,0.25,nan,0.2112166885333907
1.1,full,circles,0.08346790134415832,0.08347332487521135,-1,-1,free,0,0.11491898307756225,0.16036479463927966,5,1,782,0,0,0,0.0,0.25,nan,0.21110770910320797
1.1500000000000001,full,circles,0.07351346676530372,0.07355324850086614,-1,-1,free,0,0.11286458675465476,0.15280213565790515,5,1,782,0,0,0,0.0,0.25,nan,0.21049128861642397
1.2000000000000002,full,circles,0.06505835383930038,0.065158124912507,-1,-1,free,0,0.11135225221068105,0.14605598542799844,6,1,782,0,0,0,0.0,0.25,nan,0.2095496441431387
1.25,full,circles,0.05792481347972756,0.058105472257174995,-1,-1,free,0,0.11025487841443087,0.13997132854774372,6,1,807,0,0,0,0.0,0.24747479006495685,nan,0.20833095664004053
1.3,full,circles,0.05195441242702223,0.052231489777440014,-1,-1,free,0,0.10946262714603665,0.13442167467084995,6,1,807,0,0,0,0.0,0.23576374039181192,nan,0.20687683921371136
1.35,full,circles,0.04700355450317589,0.04738718178275124,-1,-1,free,0,0.10888133801294451,0.12930444606101277,6,1,807,0,0,0,0.0,0.22545774473086863,nan,0.2052235151407259
1.4000000000000001,full,circles,0.042939916725559676,0.04343528601202149,-1,-1,free,0,0.10843030426659038,0.12453683374789373,6,1,811,0,0,0,0.0,0.2161882042017617,nan,0.20340275910599603
1.4500000000000002,full,circles,0.03964010786612492,0.04024835378001565,-1,-1,free,0,0.1080426062989263,0.12005220611761841,6,1,811,0,0,0,0.0,0.2077859700265898,nan,0.2014426563054118
1.5,full,circles,0.036988718242967,0.03770812860584589,-1,-1,free,0,0.10766235322230282,0.11579707671244499,6,1,811,0,0,0,0.0,0.20027577825758222,nan,0.1993713692024558
1.55,full,circles,0.03487864425862115,0.03569717401138257,-1,-1,free,0,0.10674217514039462,0.11171393372675009,6,1,813,0,0,0,0.0,0.19356105820224348,nan,0.19681349865784814
1.6,full,circles,0.0332122483881539,0.03426226913091346,-1,-1,free,0,0.09829080637666442,0.10770935100361603,6,1,813,0,0,0,0.0,0.18761431594591468,nan,0.19416269199413871
1.6500000000000001,full,circles,0.03190272553736064,0.03328456356325811,-1,-1,free,0,0.08946775065668976,0.10393335770018897,6,1,813,0,0,0,0.0,0.1818735020941059,nan,0.1914852830382291
1.7000000000000002,full,circles,0.03087509367582517,0.03273514787579233,-1,-1,free,0,0.080462034152237,0.10042387965621438,7,1,819,0,0,0,0.0,0.17613014587602716,nan,0.18896054511661087
1.75,full,circles,0.03006646819240894,0.03266230925550154,-1,-1,free,0,0.07204082921115136,0.09731387674538036,7,1,819,0,0,0,0.0,0.17056795182892076,nan,0.1867189499207652
1.8,full,circles,0.029425572132365924,0.033082269548681736,-1,-1,free,0,0.06503244630950276,0.09467436587099856,10,1,819,0,0,0,0.0,0.16539445083126036,nan,0.18465241863264203
1.85,full,circles,0.028911648229585578,0.03386265882652,-1,-1,free,0,0.05919675077191257,0.0923278225079614,10,1,824,0,0,0,0.0,0.16053301492906946,nan,0.18269329665028688
1.9000000000000001,full,circles,0.028493025314582286,0.03489679612797671,-1,-1,free,0,0.05435929296612001,0.09023962439922975,10,1,824,0,0,0,0.0,0.15594521765493644,nan,0.18087804265487095
1.9500000000000002,full,circles,0.028145576691219233,0.03615553607745868,-1,-1,free,0,0.05137287282107357,0.08844026730795215,10,1,824,0,0,0,0.0,0.15157059337281903,nan,0.1790878093660354
2.0,full,circles,0.02785124285245835,0.037515292329860304,-1,-1,free,0,0.04955649042441444,0.08679939884961871,10,1,827,0,0,0,0.0,0.1473637874277239,nan,0.177283438493815
2.0500000000000003,full,circles,0.027596718056614015,0.038907807377968714,-1,-1,free,0,0.048342984484018844,0.08524223724978264,10,1,827,0,0,0,0.0,0.1432914524321153,nan,0.17546347847936616
2.1,full,circles,0.02737234178527417,0.04029901041478935,-1,-1,free,0,0.04740636759669055,0.08373378000366369,10,1,827,0,0,0,0.0,0.13932883915465763,nan,0.17363743863949788
2.15,full,circles,0.02717119759868714,0.0416709635419025,-1,-1,free,0,0.046589818902412164,0.08225924430895898,10,1,827,0,0,0,0.0,0.13545702398462695,nan,0.17181702885243133
2.2,full,circles,0.026988400854233926,0.043013318428443206,-1,-1,free,0,0.045824649490789335,0.08081318466558335,10,1,827,0,0,0,0.0,0.13169586832494615,nan,0.17001551894135358
2.25,full,circles,0.026820547748345393,0.04435684450772697,-1,-1,free,0,0.046272723468825924,0.07947929662617828,10,1,827,0,0,0,0.0,0.12797723123204416,nan,0.1682486304784484
2.3000000000000003,full,circles,0.0266652965891366,0.04567237803861235,-1,-1,free,0,0.04687268060276066,0.07818751785526656,10,1,827,0,0,0,0.0,0.12432853369110275,nan,0.1665305476428055
2.35,full,circles,0.02652105429594652,0.046955090796654636,-1,-1,free,0,0.04748611095993195,0.07693153984922116,10,1,827,0,0,0,0.0,0.12074320768993901,nan,0.16487110737826238
2.4000000000000004,full,circles,0.026386744919744017,0.048203706054612425,-1,-1,free,0,0.048114774554719006,0.07517404621213124,10,1,827,0,0,0,0.0,0.11721645532455408,nan,0.16327935121510728
2.45,full,circles,0.026261641062784075,0.04941740036699359,-1,-1,free,0,0.04876008100566796,0.07341281626698548,10,1,827,0,0,0,0.0,0.11374509279696877,nan,0.1617577287432539
2.5,full,circles,0.026145242895197915,0.05059563602685479,-1,-1,free,0,0.04942311298639622,0.07169259087693187,10,1,827,0,0,0,0.0,0.11032742202821513,nan,0.1603168797314175
2.5500000000000003,full,circles,0.026037192804247968,0.051738042935220184,-1,-1,free,0,0.0501046487954719,0.07002021447748345,10,1,827,0,0,0,0.0,0.10696312758138088,nan,0.15896651468135703
2.6,full,circles,0.02593721637426249,0.052844334532457626,-1,-1,free,0,0.05080518450293976,0.06840275933679112,10,1,828,0,0,0,0.0,0.10365319725710796,nan,0.1577127515619029
2.6500000000000004,full,circles,0.025845082680587127,0.05391424736425468,-1,-1,free,0,0.05152495628108435,0.06684745207324988,10,1,828,0,0,0,0.0,0.10039986502331233,nan,0.1565610113492797
2.7,full,circles,0.025760578498852885,0.05494749723817404,-1,-1,free,0,0.05226396348757452,0.06536160040941483,10,1,828,0,0,0,0.0,0.09718941820263051,nan,0.15551603190345986
2.75,full,circles,0.025683492443323915,0.05594374732390673,-1,-1,free,0,0.05302199305224829,0.06395251941125529,10,1,829,0,0,0,0.0,0.09391000482303684,nan,0.1545818822186642
2.8000000000000003,full,circles,0.025613606064329653,0.056902585213616824,-1,-1,free,0,0.05379864543749001,0.06262745677140355,10,1,829,0,0,0,0.0,0.09070193169927711,nan,0.15376197805452152
2.85,full,circles,0.025550689692579055,0.05782350693392597,-1,-1,free,0,0.05459336230203364,0.061393516884406224,10,1,829,0,0,0,0.0,0.08757307239228601,nan,0.15305909993445876
2.9000000000000004,full,circles,0.025494501449069385,0.058705906737692236,-1,-1,free,0,0.05540545558445874,0.06025758387400992,10,1,833,0,0,0,0.0,0.08453270000452101,nan,0.15247541426498568
2.95,full,circles,0.025444788265356108,0.059549071843681946,-1,-1,free,0,0.056234137366006506,0.05922624388393369,10,1,833,0,0,0,0.0,0.08159154225214733,nan,0.1520124980584565
3.0,full,circles,0.025401288104352472,0.06035218153596561,-1,-1,free,0,0.05707854961667784,0.058305707307035645,10,1,833,0,0,0,0.0,0.07876183378769382,nan,0.15167136732972708
3.0500000000000003,full,circles,0.025363732812030096,0.06111431003228649,-1,-1,free,0,0.05793779265679043,0.05750173178636006,10,1,834,0,0,0,0.0,0.07605735238080168,nan,0.1514525089965585
3.1,full,circles,0.02533185120070214,0.061834432647454536,-1,-1,free,0,0.05582747510411873,0.05681954733755576,10,1,834,0,0,0,0.0,0.07309556737548918,nan,0.15135591560525974
3.1500000000000004,full,circles,0.02530537213059334,0.06251143455706211,-1,-1,free,0,0.0522462656588257,0.05626378507129645,10,1,834,0,0,0,0.0,0.07011329815732321,nan,0.15137351349485217
3.2,full,circles,0.02529705299809989,0.06314811410496149,-1,-1,free,0,0.04863583258449389,0.05583365909253703,10,1,834,0,0,0,0.0,0.06769610471897944,nan,0.1513645834446944
3.25,full,circles,0.025551428122819665,0.06381524070253697,-1,-1,free,0,0.04563072680655855,0.05543614146988239,10,1,834,0,0,0,0.0,0.06574289594564797,nan,0.15133646599714112
3.3000000000000003,full,circles,0.026061001832416403,0.06450194029803534,-1,-1,free,0,0.04313628032286085,0.055060251520288137,10,1,834,0,0,0,0.0,0.06431733009483877,nan,0.15129575966823972
3.35,full,circles,0.026816020431612048,0.06520197611106379,-1,-1,free,0,0.041071660955993794,0.054699316203818626,10,1,836,0,0,0,0.0,0.06333398227869674,nan,0.15124831068102418
3.4000000000000004,full,circles,0.027803035444533705,0.06591194881976992,-1,-1,free,0,0.039367910687650526,0.05434952537899897,11,1,836,0,0,0,0.0,0.06272026911081727,nan,0.1511992514781605
3.45,full,circles,0.02900485968453343,0.0666301468339275,-1,-1,free,0,0.03796609787227828,0.05400896145857005,11,1,836,0,0,0,0.0,0.06241569674828763,nan,0.15115306873942835
3.5,full,circles,0.030401399497192737,0.06735582164713497,-1,-1,free,0,0.036815687888373805,0.053676960138083096,11,1,838,0,0,0,0.0,0.06237084863730566,nan,0.1511136851896422
3.5500000000000003,full,circles,0.031970884074261095,0.0680887380521426,-1,-1,free,0,0.03587320076627504,0.053353697581991516,11,1,838,0,0,0,0.0,0.06254618271092596,nan,0.15108454339031951
3.6,full,circles,0.033691134670986736,0.0688289019995782,-1,-1,free,0,0.03510117899839704,0.05303992846791866,11,1,838,0,0,0,0.0,0.06291073171596019,nan,0.15106868352173763
3.6500000000000004,full,circles,0.03554065716942268,0.06957640411823732,-1,-1,free,0,0.03446744121261361,0.05273682103330696,11,1,839,0,0,0,0.0,0.06344079835407809,nan,0.15106881120221916
3.7,full,circles,0.0374994557588954,0.07033133914488783,-1,-1,free,0,0.03394455738880636,0.05244585211528453,10,1,839,0,0,0,0.0,0.06411871766643025,nan,0.15108735450016264
3.75,full,circles,0.039549541486592996,0.07109377462046368,-1,-1,free,0,0.03350945867224825,0.05216873794249202,10,1,839,0,0,0,0.0,0.06496026655030486,nan,0.15110177867026198
3.8000000000000003,full,circles,0.04153773587374268,0.07189785966695414,-1,-1,free,0,0.032984921541138246,0.051878533180334294,10,1,839,0,0,0,0.0,0.06579021626248938,nan,0.1511704583257656
3.85,full,circles,0.0436425649713025,0.07271528985806469,-1,-1,free,0,0.032533945698597494,0.05162773350660012,10,1,839,0,0,0,0.0,0.06620109738132068,nan,0.15128126806050168
3.9000000000000004,full,circles,0.04584214535451919,0.07353442098656084,-1,-1,free,0,0.0321600331356906,0.05141085730715521,10,1,839,0,0,0,0.0,0.06660965745796267,nan,0.1514242691777491
3.95,full,circles,0.04812272069353392,0.07434958638047309,-1,-1,free,0,0.03184777726256263,0.051223233992529246,10,1,839,0,0,0,0.0,0.06713050303236201,nan,0.15159012919769854
4.0,full,circles,0.0504739877785255,0.07515855626058605,-1,-1,free,0,0.03158537349105536,0.05106083354635921,10,1,839,0,0,0,0.0,0.06768316730649654,nan,0.15177642745553355
4.05,full,circles,0.05286917255553057,0.0759719106226067,-1,-1,free,0,0.031367617604403125,0.05092044363144707,10,1,839,0,0,0,0.0,0.06821754749260593,nan,0.15197754634797267
4.1000000000000005,full,circles,0.05529146479820763,0.07679204927164085,-1,-1,free,0,0.03118734449702007,0.050799093702308326,10,1,839,0,0,0,0.0,0.06874350738133593,nan,0.1521880559476969
4.15,full,circles,0.05772558886511614,0.07762172908246909,-1,-1,free,0,0.031038123936500434,0.050694196929427324,10,1,839,0,0,0,0.0,0.06928713821643143,nan,0.15242008729528378
4.2,full,circles,0.06016307781003676,0.07846583441307473,-1,-1,free,0,0.03091396393934706,0.05061399667417664,10,1,839,0,0,0,0.0,0.06993398285793541,nan,0.15270881745671594
4.25,full,circles,0.06260788480230804,0.0793218858229815,-1,-1,free,0,0.030811694410176643,0.05058466323197071,10,1,839,0,0,0,0.0,0.07008204520479637,nan,0.15305316851989337
4.3,full,circles,0.06504985924509311,0.08018811785958052,-1,-1,free,0,0.030727783952155335,0.05060815677540467,10,1,839,0,0,0,0.0,0.07023160886499714,nan,0.1534147673976466
4.3500000000000005,full,circles,0.06749212591104653,0.08105448551456035,-1,-1,free,0,0.030658455913098015,0.05059824303182141,10,1,839,0,0,0,0.0,0.07039140840879209,nan,0.15364750930779614
4.4,full,circles,0.06997936304942788,0.08188963393353979,-1,-1,free,0,0.030597895613411807,0.05055645095585587,10,1,839,0,0,0,0.0,0.07071235892987654,nan,0.15378146773694512
4.45,full,circles,0.072504457784009,0.08270856568118891,-1,-1,free,0,0.03054455759132077,0.05050180419830637,10,1,839,0,0,0,0.0,0.07086437480998843,nan,0.1538373024933617
4.5,full,circles,0.07506109960899897,0.08352219700505328,-1,-1,free,0,0.030497410226989735,0.05043742562231006,10,1,839,0,0,0,0.0,0.07096890328123157,nan,0.15384044397541607
4.55,full,circles,0.0776512235610284,0.08433284635270309,-1,-1,free,0,0.030455649265353657,0.05037412224873354,10,1,839,0,0,0,0.0,0.07104462830241329,nan,0.15380770039840508
4.6000000000000005,full,circles,0.08027457544078968,0.0851416587435211,-1,-1,free,0,0.03041866067521573,0.05031849594722501,10,1,839,0,0,0,0.0,0.07120650454002339,nan,0.15374442274332933
4.65,full,circles,0.08292536891426878,0.08595217117253431,-1,-1,free,0,0.030385934268425147,0.050269727449520824,10,1,839,0,0,0,0.0,0.07147229253579158,nan,0.15365439703906925
4.7,full,circles,0.0855984223477423,0.08676659802396085,-1,-1,free,0,0.030357006005277992,0.050227047643591025,10,1,839,0,0,0,0.0,0.07182933735461915,nan,0.15354032334690793
4.75,full,circles,0.08828904880683831,0.087586194986002,-1,-1,free,0,0.03033145033260018,0.05018975168118575,10,1,839,0,0,0,0.0,0.0722664857947224,nan,0.15340414507286748
4.800000000000001,full,circles,0.09099296407455248,0.08841153807170866,-1,-1,free,0,0.030308876856398242,0.05015720291821264,10,1,839,0,0,0,0.0,0.0727004638356574,nan,0.1532472784385761
4.8500000000000005,full,circles,0.09370620906847868,0.08924273700018297,-1,-1,free,0,0.030288928579085744,0.05012883173930109,10,1,839,0,0,0,0.0,0.07271040316807344,nan,0.15307077390266766
4.9,full,circles,0.09642508474673668,0.09007959787770924,-1,-1,free,0,0.030271280501422915,0.05010413187352089,10,1,839,0,0,0,0.0,0.0727909264094302,nan,0.15287543038866702
4.95,full,circles,0.09914609806345992,0.09092174671557121,-1,-1,free,0,0.030255638128690726,0.05008265557420341,10,1,839,0,0,0,0.0,0.07293784020517086,nan,0.15266187630019268
5.0,full,circles,0.10186591779760111,0.09176872255347142,-1,-1,free,0,0.030241735747240456,0.050064008398113036,11,1,839,0,0,0,0.0,0.07314680811296363,nan,0.15243062689223763
5.050000000000001,full,circles,0.10458133918989054,0.09262004672647337,-1,-1,free,0,0.030229334495882748,0.050047843975146694,11,1,839,0,0,0,0.0,0.07325107819771898,nan,0.15218212473050274
5.1000000000000005,full,circles,0.10728925638475036,0.09347527326553841,-1,-1,free,0,0.03021822029727253,0.050033858983002374,12,1,839,0,0,0,0.0,0.0732051327532179,nan,0.15191676796452758
5.15,full,circles,0.10998664180711974,0.09433402401574094,-1,-1,free,0,0.030208201743511243,0.0500217884293475,12,1,839,0,0,0,0.0,0.07292628672160215,nan,0.151634929903809
5.2,full,circles,0.1126705316524292,0.0951960112734913,-1,-1,free,0,0.03019910800733011,0.05001140129552811,12,1,839,0,0,0,0.0,0.07257727826510225,nan,0.15133697236689414
5.25,full,circles,0.11533801681788493,0.09606104989184609,-1,-1,free,0,0.03019078685067811,0.050002496551773495,12,1,839,0,0,0,0.0,0.07229051036651213,nan,0.151023254724458
5.300000000000001,full,circles,0.11798623858464508,0.09692906044394566,-1,-1,free,0,0.03018310278334943,0.04999489954403767,12,1,839,0,0,0,0.0,0.07206331654691858,nan,0.1506941399918753
5.3500000000000005,full,circles,0.12061238853160568,0.09780006452944721,-1,-1,free,0,0.030175935413241456,0.04998845873135957,12,1,839,0,0,0,0.0,0.07189285816684313,nan,0.15034999908538105
5.4,full,circles,0.12321371212592258,0.09867417316546793,-1,-1,free,0,0.030169178016730747,0.04998304275676077,12,1,839,0,0,0,0.0,0.07177611723847924,nan,0.14999121398737092
5.45,full,circles,0.12578751554425804,0.0995515688677714,-1,-1,free,0,0.030162736354656106,0.04997853781938939,12,1,839,0,0,0,0.0,0.07170988630639726,nan,0.149618180531073
5.5,full,circles,0.12833117522010373,0.10043248206098818,-1,-1,free,0,0.030156527742942973,0.049974845328793316,12,1,839,0,0,0,0.0,0.0716907554995017,nan,0.14923131125343048
5.550000000000001,full,circles,0.13084214968160907,0.10131716220304049,-1,-1,free,0,0.030150480382895473,0.049971879812054004,12,1,839,0,0,0,0.0,0.07171509697625932,nan,0.14883103872541725
5.6000000000000005,full,circles,0.13331799317385024,0.10220584402797962,-1,-1,free,0,0.030144532942818547,0.04996956705053354,12,1,839,0,0,0,0.0,0.07177904716078824,nan,0.14841781967564138
5.65,full,circles,0.1357563705256684,0.10309870920852515,-1,-1,free,0,0.03013863436651326,0.049967842425535425,12,1,839,0,0,0,0.0,0.07187848735853927,nan,0.14799214020036033
5.7,full,circles,0.13815507262935228,0.10399584374925323,-1,-1,free,0,0.03013274386026296,0.0499666494551433,12,1,839,0,0,0,0.0,0.07200902369742371,nan,0.14755452232125632
5.75,full,circles,0.14051203179060545,0.10489719133128245,-1,-1,free,0,0.030126830982829644,0.049965938511055005,12,1,839,0,0,0,0.0,0.07210206687445146,nan,0.1471148274791293
5.800000000000001,full,circles,0.14285322157357117,0.10580434218845662,-1,-1,free,0,0.03011650528821283,0.04996611917706838,12,1,839,0,0,0,0.0,0.07215042051726807,nan,0.1466761820190713
5.8500000000000005,full,circles,0.14517702895537116,0.10670772472541525,-1,-1,free,0,0.030103700976583297,0.04996720365449335,12,1,839,0,0,0,0.0,0.07220938588843184,nan,0.1462336132692501
5.9,full,circles,0.14746015150077196,0.10759658971601571,-1,-1,free,0,0.030092467170009435,0.04996881183621618,12,1,839,0,0,0,0.0,0.0722779643813043,nan,0.1457876241512842
5.95,full,circles,0.14969929401711063,0.10846965094256755,-1,-1,free,0,0.030082630202953875,0.04997080590139648,12,1,839,0,0,0,0.0,0.07235540099408884,nan,0.1453387363272819
6.0,full,circles,0.15189149007325597,0.10932558652012667,-1,-1,free,0,0.030074025292492035,0.04997308192490328,12,1,839,0,0,0,0.0,0.0724411491243829,nan,0.1448874977144332
6.050000000000001,full,circles,0.1540340953005979,0.1101629462633783,-1,-1,free,0,0.030066500653328165,0.0499755620762084,12,1,839,0,0,0,0.0,0.07253484528148794,nan,0.14443448952598636
6.1000000000000005,full,circles,0.15612477679167538,0.1109800834489485,-1,-1,free,0,0.030059919576455235,0.049978188808412385,12,1,839,0,0,0,0.0,0.07263629180380232,nan,0.143980332967811
6.15,full,circles,0.15816150059059733,0.1117751038868919,-1,-1,free,0,0.030054161213529273,0.049980920558184205,12,1,839,0,0,0,0.0,0.07274544633245139,nan,0.14352569560356754
6.2,full,circles,0.16014251840976915,0.11254582720854442,-1,-1,free,0,0.030049120572525817,0.049983728605664385,12,1,839,0,0,0,0.0,0.07285392317622111,nan,0.14307275653826368
6.25,full,circles,0.16206629885152463,0.11328967455852673,-1,-1,free,0,0.030044381972981482,0.049986624681563604,12,1,839,0,0,0,0.0,0.07294796682142275,nan,0.14262586831577773
6.300000000000001,full,circles,0.1639296787385227,0.11400168216252624,-1,-1,free,0,0.030039403920761265,0.0499896714355515,12,1,839,0,0,0,0.0,0.07303278956801687,nan,0.14218858319578898
6.3500000000000005,full,circles,0.16572917240953433,0.11467261250820428,-1,-1,free,0,0.030034385767314653,0.04999292981201012,12,1,839,0,0,0,0.0,0.07311910859375163,nan,0.14176507700201035
6.4,full,circles,0.16745979468944933,0.11529169137740508,-1,-1,free,0,0.030029694303374765,0.049996452860096824,12,1,839,0,0,0,0.0,0.07322550335930757,nan,0.14136025455353163
6.45,full,circles,0.1691143200461765,0.1158463738523016,-1,-1,free,0,0.0300259783541664,0.05000028215984301,12,1,839,0,0,0,0.0,0.07338164203325549,nan,0.1409798467696114
6.5,full,circles,0.170682169359171,0.11632209850711045,-1,-1,free,0,0.030024337805598683,0.05000443606706145,12,1,839,0,0,0,0.0,0.07363266694075361,nan,0.14063047614526936
6.550000000000001,full,circles,0.17214769527206297,0.11670207038172115,-1,-1,free,0,0.03002656900503281,0.05000888193260111,12,1,839,0,0,0,0.0,0.07409168075234705,nan,0.14037309092688244
6.6000000000000005,full,circles,0.1734551479704676,0.11704171015886786,-1,-1,free,0,0.030060126655663058,0.050010893555021044,12,1,839,0,0,0,0.0,0.07348777988130457,nan,0.14022579195506069
6.65,full,circles,0.17455268993809603,0.11732927600423529,-1,-1,free,0,0.03010983222231152,0.05000801096608212,11,1,839,0,0,0,0.0,0.07305761112141194,nan,0.14018381860467544
6.7,full,circles,0.1753834024886982,0.11751652311326297,-1,-1,free,0,0.03019450075959594,0.04999830254458504,11,1,839,0,0,0,0.0,0.07292492481087479,nan,0.14024375096258834
6.75,full,circles,0.17586107402687556,0.11755778033841366,-1,-1,free,0,0.03032909735911378,0.049978998512264505,11,1,839,0,0,0,0.0,0.07211720219965342,nan,0.14039879615227813
6.800000000000001,full,circles,0.17585329960881277,0.11741301357039081,-1,-1,free,0,0.030535659246813132,0.049946162216025505,10,1,839,0,0,0,0.0,0.07123465988434374,nan,0.14072409573201916
6.8500000000000005,full,circles,0.17518854781882048,0.11697689808659849,-1,-1,free,0,0.030831658178926732,0.049927899396538536,10,1,839,0,0,0,0.0,0.06850094418316446,nan,0.1415022387101197
6.9,full,circles,0.1735759560868608,0.11593132425454553,-1,-1,free,0,0.031223119697865356,0.05006396648272862,10,1,839,0,0,0,0.0,0.06531587481321605,nan,0.1423840001838974
6.95,full,circles,0.17019293818775394,0.11446735941528986,-1,-1,free,0,0.03179634944249944,0.05033213121096515,9,1,841,0,0,0,0.0,0.06153089972471272,nan,0.14270222108347042
7.0,full,circles,0.16435974750968638,0.11303248367591208,-1,-1,free,0,0.032458239434904154,0.05064653669579812,9,1,841,0,0,0,0.0,0.05840057586662302,nan,0.1427762524907621
7.050000000000001,full,circles,0.15661561393303872,0.1113908084875471,-1,-1,free,0,0.03304655623135659,0.05140720731192114,9,1,841,0,0,0,0.0,0.05647967303129529,nan,0.14407983799455593
7.1000000000000005,full,circles,0.1480542964382573,0.10843209496322025,-1,-1,free,0,0.033626992907656986,0.053640568977254235,9,1,840,0,0,0,0.0,0.05466642759044381,nan,0.1474196999517723
7.15,full,circles,0.1384907586026536,0.10392679488161657,-1,-1,free,0,0.03472155018861463,0.05821654626307715,9,1,840,0,0,0,0.0,0.05755559556459069,nan,0.15313161234655437
7.2,full,circles,0.12771406189032616,0.0977048671745365,-1,-1,free,0,0.03630550616104951,0.06522243244899228,9,1,840,0,0,0,0.0,0.06428587337947897,nan,0.16103986033111495
7.25,full,circles,0.11568736507402015,0.08983199990113457,-1,-1,free,0,0.038079073815726824,0.07416421696933585,9,1,840,0,0,0,0.0,0.0714353108825146,nan,0.17057760259039634
7.300000000000001,full,circles,0.10263144964188399,0.08063644925517312,-1,-1,free,0,0.039712708317989884,0.0841632114964856,10,1,840,0,0,0,0.0,0.07067361956365233,nan,0.18087701948640478
7.3500000000000005,full,circles,0.08994597001533748,0.07068357959736558,-1,-1,free,0,0.04073672616264297,0.09420144537692036,10,1,840,0,0,0,0.0,0.07186348311982545,nan,0.19087784726000334
7.4,full,circles,0.07854503011373568,0.06083612509273618,-1,-1,free,0,0.04101540712668007,0.10336675974086391,10,1,840,0,0,0,0.0,0.06854505158845497,nan,0.1985531654313596
7.45,full,circles,0.06891467517831057,0.05189875691276483,-1,-1,free,0,0.04133671542961513,0.11125115731265627,10,1,840,0,0,0,0.0,0.0667654604669752,nan,0.19107509809396783
7.5,full,circles,0.061012764813125946,0.044139558932778836,-1,-1,free,0,0.04371079064637608,0.10882840322993492,10,1,840,0,0,0,0.0,0.06772422124290436,nan,0.1849964149002855
7.550000000000001,full,circles,0.05447536773451964,0.03744759181402376,-1,-1,free,0,0.04731659961740935,0.10552670660252625,10,1,840,0,0,0,0.0,0.0694070994286412,nan,0.18003938085619164
7.6000000000000005,full,circles,0.04900667139509638,0.03173506161200481,-1,-1,free,0,0.0515860234330487,0.10314351602169997,10,1,840,0,0,0,0.0,0.07252528293535834,nan,0.1761100714596221
7.65,full,circles,0.04444260257966539,0.02693676062095707,-1,-1,free,0,0.056215937707205024,0.10167219162306507,10,1,840,0,0,0,0.0,0.07621232429110153,nan,0.1730414839124288
7.7,full,circles,0.040626315444990305,0.023008374212969186,-1,-1,free,0,0.060159738799514445,0.10084551651000209,10,1,840,0,0,0,0.0,0.08011911811615587,nan,0.1711459590964003
7.75,full,circles,0.037697911483345566,0.01992108978567562,-1,-1,free,0,0.05994013024870966,0.1009381947003504,10,1,840,0,0,0,0.0,0.08408282720494532,nan,0.1695908724849967
7.800000000000001,full,circles,0.03501699119629791,0.017648919745374997,-1,-1,free,0,0.05877051990909794,0.10127113998374382,10,1,840,0,0,0,0.0,0.08800208299525034,nan,0.1682899036122385
7.8500000000000005,full,circles,0.032488083564336204,0.016147705456013538,-1,-1,free,0,0.05772363983007471,0.10173813592817957,10,1,840,0,0,0,0.0,0.09182312152397117,nan,0.1672212694554852
7.9,full,circles,0.030082124599528567,0.015334197918279774,-1,-1,free,0,0.056783426592967465,0.10231681132647447,9,1,840,0,0,0,0.0,0.09552037964891827,nan,0.1663807332602919
7.95,full,circles,0.02777920580433629,0.015082270075266335,-1,-1,free,0,0.055936277249844776,0.10298915008586695,9,1,840,0,0,0,0.0,0.09908491846815681,nan,0.16575534410284087
8.0,full,circles,0.02556756033673079,0.015243501423241275,-1,-1,free,0,0.05517066301476213,0.10374042957043281,9,1,840,0,0,0,0.0,0.1025171789596828,nan,0.16533391154129318
8.05,full,circles,0.02344303173883875,0.015677116950749633,-1,-1,free,0,0.05447680008302942,0.1045584222532557,9,1,840,0,0,0,0.0,0.10582967650058828,nan,0.1651271573718327
8.1,full,circles,0.021422408794039685,0.01626969567863591,-1,-1,free,0,0.054231564138134444,0.1054705950512092,9,1,840,0,0,0,0.0,0.10903410936770755,nan,0.16512059354195552
8.15,full,circles,0.019509900405974567,0.016939710656463842,-1,-1,free,0,0.05445077058816648,0.10646922507121775,9,1,840,0,0,0,0.0,0.11213684430014514,nan,0.16529740690515637
8.200000000000001,full,circles,0.017717067789497717,0.017632975954988913,-1,-1,free,0,0.054984168771383166,0.10753300577275893,9,1,840,0,0,0,0.0,0.11514304650439049,nan,0.16564732058255738
8.25,full,circles,0.016071798561529606,0.01831555451849394,-1,-1,free,0,0.05575484901570059,0.10864858405220088,9,1,840,0,0,0,0.0,0.11805724245479647,nan,0.16616271722926257
8.3,full,circles,0.014616928087245342,0.018967401520165367,-1,-1,free,0,0.05672776611152437,0.10980705467885224,9,1,840,0,0,0,0.0,0.1208834372029134,nan,0.1668372879297706
8.35,full,circles,0.013409407756123303,0.019577613498603735,-1,-1,free,0,0.05789393348605508,0.11100248591516493,9,1,840,0,0,0,0.0,0.12362522135135132,nan,0.1676654805308252
8.4,full,circles,0.012515535445706005,0.020141151803965116,-1,-1,free,0,0.05926274524957227,0.11223133965927315,9,1,840,0,0,0,0.0,0.12608151489157818,nan,0.16864221102303767
8.450000000000001,full,circles,0.011997891501177922,0.02065666585796386,-1,-1,free,0,0.06085852238726601,0.11349235095356563,9,1,840,0,0,0,0.0,0.1282577071642633,nan,0.1697626616244351
8.5,full,circles,0.011894115751825486,0.02112507149188328,-1,-1,free,0,0.06271912115377452,0.11478668378623633,9,1,840,0,0,0,0.0,0.1303466955121683,nan,0.1710221133372446
8.55,full,circles,0.012197991280100403,0.021548629471457192,-1,-1,free,0,0.06489509862939973,0.11611826109955567,9,1,840,0,0,0,0.0,0.1323524017830685,nan,0.1724158317173936
8.6,full,circles,0.012857526748399054,0.021930350761431114,-1,-1,free,0,0.06744792505536486,0.11749415582394154,9,1,840,0,0,0,0.0,0.13428038297575223,nan,0.17393911092102132
8.65,full,circles,0.013791290048126901,0.02227361453158794,-1,-1,free,0,0.07044534324099956,0.11892483922185682,9,1,840,0,0,0,0.0,0.13611747175809666,nan,0.1756869118294362
8.700000000000001,full,circles,0.01481412672675134,0.02258132267596794,-1,-1,free,0,0.07345373449253041,0.12050040390911201,9,1,840,0,0,0,0.0,0.13792032198266138,nan,0.17763906876855418
8.75,full,circles,0.015837638475489465,0.022830726498809916,-1,-1,free,0,0.07648403088276261,0.12220298712889988,9,1,840,0,0,0,0.0,0.13968471696872928,nan,0.17977275624573819
8.8,full,circles,0.016815391878931666,0.023054971750735617,-1,-1,free,0,0.07955459681767264,0.1240118240550428,9,1,840,0,0,0,0.0,0.14142803566670673,nan,0.18206737250249405
8.85,full,circles,0.017724262911269346,0.023257147306138943,-1,-1,free,0,0.08267182064848337,0.12590768852454104,9,1,840,0,0,0,0.0,0.14316451074505787,nan,0.18450420448140836
8.9,full,circles,0.018554646369447085,0.0234402379342749,-1,-1,free,0,0.08583301192825675,0.1260091872572841,9,1,840,0,0,0,0.0,0.14490557500901313,nan,0.18706615783319036
8.950000000000001,full,circles,0.019304614203522013,0.023607129443585787,-1,-1,free,0,0.08902905064688775,0.1238945531595737,9,1,840,0,0,0,0.0,0.1466602200067163,nan,0.18973753380566827
9.0,full,circles,0.019976495182571996,0.023760632857711975,-1,-1,free,0,0.09224665052936414,0.12170365457716914,9,1,840,0,0,0,0.0,0.14843535160317659,nan,0.19250384348995608
9.05,full,circles,0.020574873359770485,0.023903528126548442,-1,-1,free,0,0.09547018986666121,0.11943976343676976,10,1,840,0,0,0,0.0,0.15023612869710043,nan,0.19535165367684482
9.1,full,circles,0.021105412278131525,0.024038631436077058,-1,-1,free,0,0.09868312232644898,0.11710617654169236,10,1,840,0,0,0,0.0,0.15033732545616288,nan,0.19826845958016903
9.15,full,circles,0.021574163794754596,0.024168895104645552,-1,-1,free,0,0.10186901256542118,0.1147063312501061,10,1,840,0,0,0,0.0,0.15025791245391795,nan,0.20124257998038508
9.200000000000001,full,circles,0.021987165065859092,0.024297556666877964,-1,-1,free,0,0.10501225547256181,0.11224396384483443,10,1,840,0,0,0,0.0,0.15020119532855827,nan,0.20426307055274162
9.25,full,circles,0.022350209190349246,0.024428366185404223,-1,-1,free,0,0.10807096849670177,0.10972334081546392,10,1,840,0,0,0,0.0,0.15010496403877507,nan,0.20402278886926617
9.3,full,circles,0.022668721625115903,0.024565942774712603,-1,-1,free,0,0.11097961638894092,0.10714961511991897,10,1,840,0,0,0,0.0,0.14986545517499067,nan,0.20109053496005502
9.35,full,circles,0.022947701398639078,0.024716350039142503,-1,-1,free,0,0.11373155812053586,0.10452939899028393,10,1,840,0,0,0,0.0,0.14934103394117734,nan,0.1981179481888019
9.4,full,circles,0.023191702012657585,0.024888049353378884,-1,-1,free,0,0.116323955052526,0.10187171653906671,10,1,840,0,0,0,0.0,0.148831877060353,nan,0.1951095003685389
9.450000000000001,full,circles,0.02340483637669669,0.025093509280620298,-1,-1,free,0,0.11078640358554086,0.0991896266940758,10,1,840,0,0,0,0.0,0.14838066375485381,nan,0.19207319394614963
9.5,full,circles,0.023590795869850835,0.025351933652549518,-1,-1,free,0,0.10304244723246984,0.09650301525591323,10,1,840,0,0,0,0.0,0.1479894095279979,nan,0.18902598920029112
9.55,full,circles,0.023752877337759527,0.025693751598301184,-1,-1,free,0,0.09478124580936191,0.09384330865668292,10,1,840,0,0,0,0.0,0.14676018722109568,nan,0.18600476331794769
9.600000000000001,full,circles,0.023894013952125332,0.026167210206297094,-1,-1,free,0,0.08609651981707643,0.09126077073294062,10,1,840,0,0,0,0.0,0.1450073323219244,nan,0.18308439991199388
9.65,full,circles,0.024016807456595377,0.026844726430631898,-1,-1,free,0,0.07722666550104641,0.0888328725519108,10,1,840,0,0,0,0.0,0.1431752782568995,nan,0.18055518713538843
9.700000000000001,full,circles,0.024123560168764335,0.027935718975179016,-1,-1,free,0,0.0693375797642382,0.08678832161933356,10,1,840,0,0,0,0.0,0.14135142141949134,nan,0.1784059839339457
9.75,full,circles,0.024216305787875484,0.029378420345497376,-1,-1,free,0,0.06277323892398619,0.08509987806808861,10,1,840,0,0,0,0.0,0.13925959558865272,nan,0.17649924415632634
9.8,full,circles,0.024296838399993997,0.031024794159300623,-1,-1,free,0,0.05730833057240324,0.08364398146971805,10,1,840,0,0,0,0.0,0.13694530230111154,nan,0.17474373402034893
9.850000000000001,full,circles,0.02436673940719535,0.03277568005156561,-1,-1,free,0,0.05275699125315973,0.0823369728438619,10,1,840,0,0,0,0.0,0.13456940321525554,nan,0.17315446989033034
9.9,full,circles,0.024427402215227444,0.034614886439873,-1,-1,free,0,0.04976883989419141,0.0811979849273109,10,1,840,0,0,0,0.0,0.1321198421800646,nan,0.17162249240766203
9.950000000000001,full,circles,0.02448005467249186,0.03645112999765616,-1,-1,free,0,0.04795856186672452,0.08013905305818492,10,1,840,0,0,0,0.0,0.1296297467967778,nan,0.17011410631763846
10.0,full,circles,0.024525779287001507,0.038268461866911664,-1,-1,free,0,0.04774564282793127,0.07917179664384455,10,1,840,0,0,0,0.0,0.1270768124164651,nan,0.16859466567060422
10.05,full,circles,0.024565531326018485,0.0400230683256256,-1,-1,free,0,0.04805110311906953,0.07821342057717645,10,1,840,0,0,0,0.0,0.12444905164068513,nan,0.16707921086657884
10.100000000000001,full,circles,0.02460015490528549,0.04170606461870022,-1,-1,free,0,0.04839176303320829,0.0772379503886429,10,1,840,0,0,0,0.0,0.12175452694889481,nan,0.16558007386725992
10.15,full,circles,0.024630397193445383,0.04332060369369809,-1,-1,free,0,0.048767636202645945,0.07625294666547891,10,1,840,0,0,0,0.0,0.11900135280514722,nan,0.16410880836157238
10.200000000000001,full,circles,0.02465692087669076,0.04486959499610515,-1,-1,free,0,0.049178568582628104,0.07499992727173883,10,1,840,0,0,0,0.0,0.11619772237507467,nan,0.16267428375096826
10.25,full,circles,0.024680315026824617,0.04635571464198353,-1,-1,free,0,0.04962424911060791,0.07345622224755961,10,1,840,0,0,0,0.0,0.113351936677002,nan,0.16128282956446716
10.3,full,circles,0.02470110450275364,0.04778141298152192,-1,-1,free,0,0.05010421808495989,0.07191633223062975,10,1,840,0,0,0,0.0,0.1104724371658237,nan,0.15994941191146228
10.350000000000001,full,circles,0.024719758045594377,0.049148919772979166,-1,-1,free,0,0.05061787408099312,0.07039018630744803,10,1,840,0,0,0,0.0,0.10756784276672696,nan,0.1586826342495692
10.4,full,circles,0.024736695175132224,0.05046024727610104,-1,-1,free,0,0.051164480217732164,0.06888763850966659,10,1,840,0,0,0,0.0,0.10464699262866096,nan,0.1574903739184509
10.450000000000001,full,circles,0.024752292064056373,0.05171719175303641,-1,-1,free,0,0.05174317055299417,0.06741844064739402,10,1,840,0,0,0,0.0,0.10171899570489336,nan,0.1563797886351992
10.5,full,circles,0.024766886487980977,0.05292133384775526,-1,-1,free,0,0.0523529573993924,0.06599220946072948,10,1,840,0,0,0,0.0,0.09879328819401582,nan,0.15535732296167426
10.55,full,circles,0.02478078199281958,0.054074038428098395,-1,-1,free,0,0.05299274024822494,0.06461838822231661,10,1,840,0,0,0,0.0,0.09587969957923775,nan,0.15442871543625603
10.600000000000001,full,circles,0.024794251392580995,0.055176454439881055,-1,-1,free,0,0.05366131686681021,0.06330620291087065,10,1,840,0,0,0,0.0,0.09295698600861119,nan,0.1535990072720499
10.65,full,circles,0.02480753972196535,0.05622951543151351,-1,-1,free,0,0.05435739689544565,0.06206461333873542,10,1,840,0,0,0,0.0,0.08995340902392804,nan,0.15287255340627848
10.700000000000001,full,circles,0.024820866732125406,0.057233941229815094,-1,-1,free,0,0.05507961806157831,0.060902259570794204,10,1,840,0,0,0,0.0,0.08699514471661872,nan,0.1522530367045123
10.75,full,circles,0.024834429041896408,0.05819024131025681,-1,-1,free,0,0.05582656476800742,0.05982740429971249,10,1,840,0,0,0,0.0,0.08409546465107585,nan,0.15174348591418374
10.8,full,circles,0.02484840200605597,0.059098720210986694,-1,-1,free,0,0.056596788474485085,0.058847871912475716,10,1,840,0,0,0,0.0,0.0812686323749636,nan,0.15134629780418318
10.850000000000001,full,circles,0.024862941383025847,0.05995948525596796,-1,-1,free,0,0.057388828996094696,0.057970985309653805,10,1,840,0,0,0,0.0,0.0785300131558935,nan,0.15106326352320787
10.9,full,circles,0.02487818485930319,0.06077245659223557,-1,-1,free,0,0.058201235625810574,0.05720350167106382,10,1,840,0,0,0,0.0,0.0758961638072245,nan,0.15089559893676519
10.950000000000001,full,circles,0.024894253464371012,0.06153737944649994,-1,-1,free,0,0.05602883693529109,0.05655154871908742,10,1,840,0,0,0,0.0,0.07282347413372997,nan,0.150843978350078
11.0,full,circles,0.024911252910539878,0.062253838248848725,-1,-1,free,0,0.052506321409914486,0.05556417547281978,10,1,840,0,0,0,0.0,0.06986631909690734,nan,0.15090857070926644
11.05,full,circles,0.024929274877433565,0.06292127216278008,-1,-1,free,0,0.048908721010833406,0.055154434915347814,10,1,840,0,0,0,0.0,0.06757241411678493,nan,0.1509534001502697
11.100000000000001,full,circles,0.02517871142234833,0.06360860378539206,-1,-1,free,0,0.04584982916158395,0.05478271432943295,10,1,840,0,0,0,0.0,0.06588237066052922,nan,0.15097148086832568
11.15,full,circles,0.025679718481605367,0.06431360647868413,-1,-1,free,0,0.043308669353942064,0.05442923494704953,10,1,840,0,0,0,0.0,0.06441152478890351,nan,0.15097042687267903
11.200000000000001,full,circles,0.02642446928634974,0.06503007111755671,-1,-1,free,0,0.041203473297848736,0.05408763877660609,10,1,840,0,0,0,0.0,0.06339243803718833,nan,0.15095699066604806
11.25,full,circles,0.02740117847426672,0.065754706328342,-1,-1,free,0,0.0394644072971016,0.0537544991947634,11,1,840,0,0,0,0.0,0.06275111750802742,nan,0.1509371047175757
11.3,full,circles,0.02859391893446069,0.06648593567283077,-1,-1,free,0,0.03803179236121873,0.05342830293236871,11,1,840,0,0,0,0.0,0.06242564831343254,nan,0.15091595563181437
11.350000000000001,full,circles,0.029983453727681124,0.06722314703183777,-1,-1,free,0,0.03685452125122218,0.053108780814233356,11,1,840,0,0,0,0.0,0.06236527411415471,nan,0.15089807348866036
11.4,full,circles,0.03154853303350978,0.0679662325974399,-1,-1,free,0,0.035888729836546396,0.05279647641388423,11,1,840,0,0,0,0.0,0.06252925042718091,nan,0.15088742368914865
11.450000000000001,full,circles,0.03326724305821184,0.06871531465056734,-1,-1,free,0,0.035096744111915656,0.05249247319219458,11,1,840,0,0,0,0.0,0.06288556949964874,nan,0.15088749323323447
11.5,full,circles,0.035118161076447614,0.06947059038963449,-1,-1,free,0,0.03444628488414872,0.05219822419478232,10,1,840,0,0,0,0.0,0.0634096565884048,nan,0.1509013672265873
11.55,full,circles,0.037081209053410634,0.07023225321099136,-1,-1,free,0,0.03390987853825736,0.051915445898260026,10,1,840,0,0,0,0.0,0.0640792780526432,nan,0.1509478758478947
11.600000000000001,full,circles,0.03914541099938786,0.07100061860658624,-1,-1,free,0,0.033464743800770885,0.05165838417307839,10,1,840,0,0,0,0.0,0.06492688418465359,nan,0.15105328563150122
11.65,full,circles,0.04118788381260457,0.07180925035544464,-1,-1,free,0,0.03293885169390731,0.0514368133662063,10,1,840,0,0,0,0.0,0.06573191319220187,nan,0.15119911596220714
11.700000000000001,full,circles,0.0433430908991255,0.07262466445293574,-1,-1,free,0,0.03249360391916642,0.051245390289269124,10,1,840,0,0,0,0.0,0.06615593374720957,nan,0.15137620874729452
11.75,full,circles,0.045587525022384744,0.07343910931738568,-1,-1,free,0,0.032124603731489926,0.05107993228979835,10,1,840,0,0,0,0.0,0.06654237109679645,nan,0.15157673514133763
11.8,full,circles,0.04790597361704856,0.07424888995371347,-1,-1,free,0,0.03181763091161599,0.050936862578898096,10,1,840,0,0,0,0.0,0.06705695042363545,nan,0.15179138789114222
11.850000000000001,full,circles,0.050291982747427154,0.07504954045631416,-1,-1,free,0,0.031559121530596757,0.05081300848578886,10,1,840,0,0,0,0.0,0.0676118828950828,nan,0.15201887175061146
11.9,full,circles,0.05271810496129484,0.0758528154451109,-1,-1,free,0,0.03134475890029198,0.050705971295960564,10,1,840,0,0,0,0.0,0.06812926867327329,nan,0.1522546839202119
11.950000000000001,full,circles,0.05516767102607636,0.07666190243717606,-1,-1,free,0,0.031167449994059515,0.050613483444712726,10,1,840,0,0,0,0.0,0.0686724077733282,nan,0.15249419063766767
12.0,full,circles,0.05762586887217721,0.07747981161164902,-1,-1,free,0,0.031020990650509478,0.05053355658538744,10,1,840,0,0,0,0.0,0.06920434085186468,nan,0.15273563018115566
12.05,full,circles,0.060077777311724444,0.07831388968792269,-1,-1,free,0,0.030899278763078936,0.05046461211461366,10,1,840,0,0,0,0.0,0.06984420060944185,nan,0.1529858029559188
12.100000000000001,full,circles,0.06251154748480953,0.07917209219844973,-1,-1,free,0,0.03079935611224624,0.05041095249359549,10,1,840,0,0,0,0.0,0.07003430663732542,nan,0.15329545523170662
12.15,full,circles,0.06494396967190014,0.08004105141983164,-1,-1,free,0,0.030717389773613213,0.05038471776124874,10,1,840,0,0,0,0.0,0.07019957714844755,nan,0.1536381323399142
12.200000000000001,full,circles,0.0673740500254222,0.08091333099792951,-1,-1,free,0,0.030649934333709078,0.05034756976857159,10,1,840,0,0,0,0.0,0.07034652915996813,nan,0.15386512746283976
12.25,full,circles,0.06985792515708264,0.08174897058687543,-1,-1,free,0,0.030590820570986194,0.05030143857174077,10,1,840,0,0,0,0.0,0.07065636378799722,nan,0.1540155104809846
12.3,full,circles,0.07239447976716877,0.08255858547518143,-1,-1,free,0,0.03053854849489049,0.05025908225984657,10,1,840,0,0,0,0.0,0.07083490751860368,nan,0.1541060602684703
12.350000000000001,full,circles,0.07497527306667023,0.08335349534205397,-1,-1,free,0,0.030492222732137253,0.05022078059100685,10,1,840,0,0,0,0.0,0.0709281837567701,nan,0.15414849051886537
12.4,full,circles,0.07759309055196344,0.08414174175182089,-1,-1,free,0,0.030451160764334212,0.05018647385176195,10,1,840,0,0,0,0.0,0.07102191548859871,nan,0.15415108880245199
12.450000000000001,full,circles,0.080241652414383,0.08492887905438223,-1,-1,free,0,0.03041479185712076,0.05015594160497425,10,1,840,0,0,0,0.0,0.07117445573921423,nan,0.15411978771463408
12.5,full,circles,0.08291542104384794,0.08571859835690253,-1,-1,free,0,0.0303826122431457,0.050128893706773314,10,1,840,0,0,0,0.0,0.07143192121988871,nan,0.1540588788939521
12.55,full,circles,0.08560945727906868,0.08651321325827993,-1,-1,free,0,0.03035416546769898,0.05010501744992145,10,1,840,0,0,0,0.0,0.07178169445324191,nan,0.15397149862886927
12.600000000000001,full,circles,0.08831930483704203,0.08731403552003893,-1,-1,free,0,0.030329033860672455,0.05008400215856801,10,1,840,0,0,0,0.0,0.07221264900679647,nan,0.15385996398616797
12.65,full,circles,0.0910408944187812,0.08812166435633954,-1,-1,free,0,0.030306834727302556,0.05006555186437871,10,1,840,0,0,0,0.0,0.0726369865827637,nan,0.15372600885829624
12.700000000000001,full,circles,0.09377046347078417,0.08893620865207698,-1,-1,free,0,0.030287218323121978,0.050049391518580885,10,1,840,0,0,0,0.0,0.07263678830522491,nan,0.1535709515472209
12.75,full,circles,0.09650448936520056,0.08975745716713292,-1,-1,free,0,0.03026986632617995,0.050035269613530386,10,1,840,0,0,0,0.0,0.07270788058019907,nan,0.15339581460871943
12.8,full,circles,0.0992396344318163,0.0905850083158146,-1,-1,free,0,0.03025449028805438,0.05002295877344916,10,1,840,0,0,0,0.0,0.07284616170777186,nan,0.15320141095534434
12.850000000000001,full,circles,0.10197270142185992,0.09141836847168514,-1,-1,free,0,0.03024082990331589,0.05001225519206605,10,1,840,0,0,0,0.0,0.0730473739142666,nan,0.15298840577964312
12.9,full,circles,0.10470059824689516,0.09225702546186297,-1,-1,free,0,0.030228651093445524,0.050002977421915396,11,1,840,0,0,0,0.0,0.07324223223415133,nan,0.15275736104653725
12.950000000000001,full,circles,0.10742031087411272,0.09310050232238729,-1,-1,free,0,0.030217743966416244,0.04999496481734114,11,1,840,0,0,0,0.0,0.07318930485616441,nan,0.15250876736650687
13.0,full,circles,0.11012888339311334,0.09394839510938963,-1,-1,free,0,0.030207920728098137,0.049988075815821695,12,1,840,0,0,0,0.0,0.07289872472723269,nan,0.15224306672920684
13.05,full,circles,0.11282340438472631,0.0948003975858393,-1,-1,free,0,0.030199013621573234,0.04998218617089266,12,1,840,0,0,0,0.0,0.072538911666681,nan,0.15196066866051694
13.100000000000001,full,circles,0.11550099884614136,0.09565631490789267,-1,-1,free,0,0.030190872954849457,0.0499771872069851,12,1,840,0,0,0,0.0,0.07224184786859912,nan,0.15166196174752777
13.15,full,circles,0.11815882494972803,0.09651606795833091,-1,-1,free,0,0.030183365272802326,0.04997298414068929,12,1,840,0,0,0,0.0,0.07200496190871707,nan,0.15134732193370348
13.200000000000001,full,circles,0.12079407510933833,0.09737968949618515,-1,-1,free,0,0.030176371708360378,0.049969494491288374,12,1,840,0,0,0,0.0,0.07182551355349327,nan,0.15101711872473988
13.25,full,circles,0.12340398075664544,0.09824731311949471,-1,-1,free,0,0.0301697865512513,0.04996664659536813,12,1,840,0,0,0,0.0,0.07170058780316899,nan,0.15067172014004615
13.3,full,circles,0.12598582040997824,0.09911915576270161,-1,-1,free,0,0.030163516048076516,0.049964378230462125,12,1,840,0,0,0,0.0,0.07162708568029548,nan,0.15031149704862645
13.350000000000001,full,circles,0.12853693054785495,0.09999549430248574,-1,-1,free,0,0.030157477459923143,0.04996263534528218,12,1,840,0,0,0,0.0,0.07160171189878389,nan,0.1499368274566394
13.4,full,circles,0.13105471885543776,0.10087663682017387,-1,-1,free,0,0.030151598376631755,0.04996137089749464,12,1,840,0,0,0,0.0,0.07162095954545933,nan,0.14954810113395145
13.450000000000001,full,circles,0.13353667937778196,0.1017628889006035,-1,-1,free,0,0.03014581629365004,0.04996054379279889,12,1,840,0,0,0,0.0,0.0716810920670331,nan,0.14914572491202138
13.5,full,circles,0.13598040910023276,0.10265451533033795,-1,-1,free,0,0.030140078432289663,0.049960117919630134,12,1,840,0,0,0,0.0,0.07177812303803723,nan,0.14873012897091487
13.55,full,circles,0.1383836253490256,0.10355169755314493,-1,-1,free,0,0.030134341775398255,0.04996006127868105,12,1,840,0,0,0,0.0,0.07190779446733307,nan,0.14830177432297575
13.600000000000001,full,circles,0.14074418335848457,0.1044544871226581,-1,-1,free,0,0.030128573258707686,0.049960345201687156,12,1,840,0,0,0,0.0,0.0720206638577443,nan,0.1478672328366205
13.65,full,circles,0.14307991815023555,0.10536352313090631,-1,-1,free,0,0.03011960491203458,0.04996124773722817,12,1,840,0,0,0,0.0,0.07206612860044212,nan,0.1474346770755921
13.700000000000001,full,circles,0.14540674276748924,0.10627293551450602,-1,-1,free,0,0.03010641437341402,0.04996304295212704,12,1,840,0,0,0,0.0,0.07212203326465617,nan,0.1469978812300735
13.75,full,circles,0.14769277082612825,0.10716929961011296,-1,-1,free,0,0.03009483154264414,0.049965287756034385,12,1,840,0,0,0,0.0,0.0721873243704914,nan,0.14655731686988582
13.8,full,circles,0.1499346434886113,0.10805132507583991,-1,-1,free,0,0.030084682959905185,0.04996784521420236,12,1,840,0,0,0,0.0,0.07226119481761943,nan,0.14611347980531242
13.850000000000001,full,circles,0.1521293323962142,0.10891770618722513,-1,-1,free,0,0.03007580241109345,0.049970613328327806,12,1,840,0,0,0,0.0,0.07234304599165352,nan,0.1456668979034349
13.9,full,circles,0.15427413457898334,0.10976702403887202,-1,-1,free,0,0.030068035677403182,0.049973516705783205,12,1,840,0,0,0,0.0,0.07243246004951226,nan,0.14521813844607068
13.950000000000001,full,circles,0.15636666301190444,0.11059767502636735,-1,-1,free,0,0.030061243033760815,0.0499765003653051,12,1,840,0,0,0,0.0,0.07252918026572537,nan,0.1447678152324151
14.0,full,circles,0.15840483501900485,0.11140781811294839,-1,-1,free,0,0.03005530029892256,0.04997952515800176,12,1,840,0,0,0,0.0,0.07263309802653296,nan,0.1443165955006569
14.05,full,circles,0.16038685985997886,0.11219533543217511,-1,-1,free,0,0.030050098985123702,0.04998256442236701,12,1,840,0,0,0,0.0,0.07274424554757432,nan,0.14386520654658197
14.100000000000001,full,circles,0.16231122616816904,0.11295780221247696,-1,-1,free,0,0.030045545927487288,0.049985601587402964,12,1,840,0,0,0,0.0,0.07283864803689696,nan,0.14341842253493398
14.15,full,circles,0.16417554802857703,0.11369187017544068,-1,-1,free,0,0.030040709436944674,0.049988702259361625,12,1,840,0,0,0,0.0,0.07291934618992334,nan,0.14297977279968221
14.200000000000001,full,circles,0.16597699016917278,0.11438864941132353,-1,-1,free,0,0.030035740352503004,0.04999192799823553,12,1,840,0,0,0,0.0,0.07299433506809404,nan,0.14255339909222386
14.25,full,circles,0.1677115215754865,0.11503770469365973,-1,-1,free,0,0.030030931560229956,0.049995331620975136,12,1,840,0,0,0,0.0,0.07307837562215992,nan,0.14214419236751596
14.3,full,circles,0.16937328402759635,0.11562685875231879,-1,-1,free,0,0.03002680441805189,0.04999895578156151,12,1,840,0,0,0,0.0,0.07319582298004394,nan,0.14175791205802024
14.350000000000001,full,circles,0.17095368330537128,0.1161419200445127,-1,-1,free,0,0.03002425226448116,0.05000282571264636,12,1,840,0,0,0,0.0,0.07338448643730569,nan,0.1414012903950722
14.4,full,circles,0.17244000114826108,0.11656640220308405,-1,-1,free,0,0.030024749614523172,0.050006930325552215,12,1,840,0,0,0,0.0,0.07384437995535571,nan,0.14111344413880034
14.450000000000001,full,circles,0.17379377850828467,0.11692684867289065,-1,-1,free,0,0.03004762980825247,0.05000983131367363,12,1,840,0,0,0,0.0,0.07380511788760756,nan,0.14093863846173338
14.5,full,circles,0.17495618992404505,0.11725084916951754,-1,-1,free,0,0.03008685725479389,0.050008367987879915,11,1,840,0,0,0,0.0,0.07328551116811988,nan,0.140872532451901
14.55,full,circles,0.17588024950901127,0.1174877970588598,-1,-1,free,0,0.030156565291241652,0.050000799795286724,11,1,840,0,0,0,0.0,0.0730015988541327,nan,0.14091365509808995
14.600000000000001,full,circles,0.1764950927819778,0.11758865800155473,-1,-1,free,0,0.03026950074723163,0.049984671937237365,11,1,840,0,0,0,0.0,0.07278175613961486,nan,0.14105966967643602
14.65,full,circles,0.17669160937307132,0.11750716614496981,-1,-1,free,0,0.03044494716064465,0.04995648243128474,10,1,840,0,0,0,0.0,0.07165647617386198,nan,0.14130078935215706
14.700000000000001,full,circles,0.17630076379048554,0.11720561401690908,-1,-1,free,0,0.030710473762327398,0.04991139450980844,10,1,840,0,0,0,0.0,0.06981237548508806,nan,0.14196342651771
14.75,full,circles,0.17516555402306552,0.1163464158902593,-1,-1,free,0,0.031056281708861974,0.04997969108080086,10,1,840,0,0,0,0.0,0.06715703429814252,nan,0.14294748399475998
14.8,full,circles,0.17266602374094053,0.11488391626136672,-1,-1,free,0,0.031555847511052545,0.05020233219922428,9,1,840,0,0,0,0.0,0.06358961372737577,nan,0.14369365615214558
14.850000000000001,full,circles,0.16790886191812315,0.11318771187966178,-1,-1,free,0,0.0322293144845535,0.05052284678742451,9,1,840,0,0,0,0.0,0.059658691454394626,nan,0.14351677859986245
14.9,full,circles,0.1607158946097384,0.1116983897082527,-1,-1,free,0,0.032838555720321363,0.050829039444722626,9,1,840,0,0,0,0.0,0.057269840347994296,nan,0.14407338396233116
14.950000000000001,full,circles,0.1523570476829251,0.10929403195533302,-1,-1,free,0,0.03340766362510876,0.052594584429890706,9,1,840,0,0,0,0.0,0.055018683967245435,nan,0.1463658487983459
15.0,full,circles,0.14308889393094684,0.10544283337548267,-1,-1,free,0,0.03430079847416147,0.05647948988018507,9,1,840,0,0,0,0.0,0.05578023476666156,nan,0.15104085455252425
0.05,full+plan,circles,9.87693132314243e-06,9.877366799227375e-06,-1,-1,free,0,0.05676101943747254,0.16504642260436408,5,1,752,0,0,0,0.0,0.25,nan,0.21129248126365463
0.1,full+plan,circles,0.00013839137335893464,0.00013838125815041237,-1,-1,free,0,0.06182729236001873,0.1653943777197371,5,1,752,0,0,0,0.0,0.25,nan,0.21115276817652406
0.15000000000000002,full+plan,circles,0.00024314055989624485,0.00024312307303581222,-1,-1,free,0,0.06663865856154032,0.1657236815881891,5,1,752,0,0,0,0.0,0.25,nan,0.2110450942362373
0.2,full+plan,circles,0.0003216153972083818,0.0003215921574050403,-1,-1,free,0,0.07119161730030883,0.1660334753024706,5,1,755,0,0,0,0.0,0.25,nan,0.21096405121241368
0.25,full+plan,circles,0.0003785667925765411,0.00037853915744058124,-1,-1,free,0,0.07548824077576892,0.16632354276704142,5,1,755,0,0,0,0.0,0.25,nan,0.21090497496849558
0.30000000000000004,full+plan,circles,0.00041805994121946313,0.00041802905946468246,-1,-1,free,0,0.07953461439748687,0.16659414379498833,5,1,755,0,0,0,0.0,0.25,nan,0.2108638812216398
0.35000000000000003,full+plan,circles,0.0004435154500005765,0.0004434822764273605,-1,-1,free,0,0.08333959468746686,0.1668458768897136,5,1,756,0,0,0,0.0,0.25,nan,0.21083739414110758
0.4,full+plan,circles,0.0004577892478070713,0.00045775458195258106,-1,-1,free,0,0.0869138430094366,0.16707956969094054,5,1,756,0,0,0,0.0,0.25,nan,0.21082267371570718
0.45,full+plan,circles,0.0004632510644861972,0.0004632155605685023,-1,-1,free,0,0.09026908951026723,0.1672961936516835,5,1,756,0,0,0,0.0,0.25,nan,0.21081734573789424
0.5,full+plan,circles,0.0004618560457878852,0.00046182024210070856,-1,-1,free,0,0.09341758382636732,0.16749679920383098,5,1,759,0,0,0,0.0,0.25,nan,0.21081943672695014
0.55,full+plan,circles,0.00045520837135463966,0.0004551727029637057,-1,-1,free,0,0.096371694000128,0.1676824676534613,5,1,759,0,0,0,0.0,0.25,nan,0.21082731501237062
0.6000000000000001,full+plan,circles,0.000444616873114188,0.0004445816867882,-1,-1,free,0,0.09914362092762745,0.16785427644734296,5,1,759,0,0,0,0.0,0.25,nan,0.21083963840022169
0.65,full+plan,circles,0.00043114309832855677,0.0004311086703466863,-1,-1,free,0,0.10174520146274212,0.16801327489828366,5,1,761,0,0,0,0.0,0.25,nan,0.2108553083820609
0.7000000000000001,full+plan,circles,0.00041564250962939156,0.0004156090479271161,-1,-1,free,0,0.1041877786066424,0.16816046793283362,5,1,761,0,0,0,0.0,0.25,nan,0.21087343053056784
0.75,full+plan,circles,0.00039879953222137654,0.0003987672008859488,-1,-1,free,0,0.10648212175551484,0.16829680591995363,5,1,761,0,0,0,0.0,0.25,nan,0.2108932805562066
0.8,full+plan,circles,0.00038115723853476304,0.00038112615342006677,-1,-1,free,0,0.10863838375055627,0.16842317896868111,5,1,761,0,0,0,0.0,0.25,nan,0.2109142754307779
0.8500000000000001,full+plan,circles,0.000363142338425579,0.0003631125767377669,-1,-1,free,0,0.11066608452546593,0.16854041452172977,5,1,761,0,0,0,0.0,0.25,nan,0.21093594897993329
0.9,full+plan,circles,0.0003450861448459367,0.0003450577583957111,-1,-1,free,0,0.11257411358864976,0.1686492772543882,5,1,761,0,0,0,0.0,0.25,nan,0.21095793134207186
0.9500000000000001,full+plan,circles,0.00032724211065974834,0.0003272151256751575,-1,-1,free,0,0.11437074548989988,0.16875047059032566,5,1,761,0,0,0,0.0,0.25,nan,0.21097993177356622
1.0,full+plan,circles,0.00030980043165291995,0.000309774853412273,-1,-1,free,0,0.11606366391070665,0.16884463927165216,5,1,761,0,0,0,0.0,0.25,nan,0.2110017242908765
1.05,full+plan,circles,0.09512380902113554,0.0951237958299855,-1,-1,free,0,0.11765998487498462,0.1689323726012466,5,1,761,0,0,0,0.0,0.25,nan,0.2112166885333907
1.1,full+plan,circles,0.08346790134415832,0.08347332487521135,-1,-1,free,0,0.11491898307756225,0.16036479463927966,5,1,782,0,0,0,0.0,0.25,nan,0.21110770910320797
1.1500000000000001,full+plan,circles,0.07351346676530372,0.07355324850086614,-1,-1,free,0,0.11286458675465476,0.15280213565790515,5,1,782,0,0,0,0.0,0.25,nan,0.21049128861642397
1.2000000000000002,full+plan,circles,0.06505835383930038,0.065158124912507,-1,-1,free,0,0.11135225221068105,0.14605598542799844,6,1,782,0,0,0,0.0,0.25,nan,0.2095496441431387
1.25,full+plan,circles,0.05792481347972756,0.058105472257174995,-1,-1,free,0,0.11025487841443087,0.13997132854774372,6,1,807,0,0,0,0.0,0.24747479006495685,nan,0.20833095664004053
1.3,full+plan,circles,0.05195441242702223,0.052231489777440014,-1,-1,free,0,0.10946262714603665,0.13442167467084995,6,1,807,0,0,0,0.0,0.23576374039181192,nan,0.20687683921371136
1.35,full+plan,circles,0.04700355450317589,0.04738718178275124,-1,-1,free,0,0.10888133801294451,0.12930444606101277,6,1,807,0,0,0,0.0,0.22545774473086863,nan,0.2052235151407259
1.4000000000000001,full+plan,circles,0.042939916725559676,0.04343528601202149,-1,-1,free,0,0.10843030426659038,0.12453683374789373,6,1,811,0,0,0,0.0,0.2161882042017617,nan,0.20340275910599603
1.4500000000000002,full+plan,circles,0.03964010786612492,0.04024835378001565,-1,-1,free,0,0.1080426062989263,0.12005220611761841,6,1,811,0,0,0,0.0,0.2077859700265898,nan,0.2014426563054118
1.5,full+plan,circles,0.036988718242967,0.03770812860584589,-1,-1,free,0,0.10766235322230282,0.11579707671244499,6,1,811,0,0,0,0.0,0.20027577825758222,nan,0.1993713692024558
1.55,full+plan,circles,0.03487864425862115,0.03569717401138257,-1,-1,free,0,0.10674217514039462,0.11171393372675009,6,1,813,0,0,0,0.0,0.19356105820224348,nan,0.19681349865784814
1.6,full+plan,circles,0.0332122483881539,0.03426226913091346,-1,-1,free,0,0.09829080637666442,0.10770935100361603,6,1,813,0,0,0,0.0,0.18761431594591468,nan,0.19416269199413871
1.6500000000000001,full+plan,circles,0.03190272553736064,0.03328456356325811,-1,-1,free,0,0.08946775065668976,0.10393335770018897,6,1,813,0,0,0,0.0,0.1818735020941059,nan,0.1914852830382291
1.7000000000000002,full+plan,circles,0.03087509367582517,0.03273514787579233,-1,-1,free,0,0.080462034152237,0.10042387965621438,7,1,819,0,0,0,0.0,0.17613014587602716,nan,0.18896054511661087
1.75,full+plan,circles,0.03006646819240894,0.03266230925550154,-1,-1,free,0,0.07204082921115136,0.09731387674538036,7,1,819,0,0,0,0.0,0.17056795182892076,nan,0.1867189499207652
1.8,full+plan,circles,0.029425572132365924,0.033082269548681736,-1,-1,free,0,0.06503244630950276,0.09467436587099856,10,1,819,0,0,0,0.0,0.16539445083126036,nan,0.18465241863264203
1.85,full+plan,circles,0.028911648229585578,0.03386265882652,-1,-1,free,0,0.05919675077191257,0.0923278225079614,10,1,824,0,0,0,0.0,0.16053301492906946,nan,0.18269329665028688
1.9000000000000001,full+plan,circles,0.028493025314582286,0.03489679612797671,-1,-1,free,0,0.05435929296612001,0.09023962439922975,10,1,824,0,0,0,0.0,0.15594521765493644,nan,0.18087804265487095
1.9500000000000002,full+plan,circles,0.028145576691219233,0.03615553607745868,-1,-1,free,0,0.05137287282107357,0.08844026730795215,10,1,824,0,0,0,0.0,0.15157059337281903,nan,0.1790878093660354
2.0,full+plan,circles,0.02785124285245835,0.037515292329860304,-1,-1,free,0,0.04955649042441444,0.08679939884961871,10,1,827,0,0,0,0.0,0.1473637874277239,nan,0.177283438493815
2.0500000000000003,full+plan,circles,0.027596718056614015,0.038907807377968714,-1,-1,free,0,0.048342984484018844,0.08524223724978264,10,1,827,0,0,0,0.0,0.1432914524321153,nan,0.17546347847936616
2.1,full+plan,circles,0.02737234178527417,0.04029901041478935,-1,-1,free,0,0.04740636759669055,0.08373378000366369,10,1,827,0,0,0,0.0,0.13932883915465763,nan,0.17363743863949788
2.15,full+plan,circles,0.02717119759868714,0.0416709635419025,-1,-1,free,0,0.046589818902412164,0.08225924430895898,10,1,827,0,0,0,0.0,0.13545702398462695,nan,0.17181702885243133
2.2,full+plan,circles,0.026988400854233926,0.043013318428443206,-1,-1,free,0,0.045824649490789335,0.08081318466558335,10,1,827,0,0,0,0.0,0.13169586832494615,nan,0.17001551894135358
2.25,full+plan,circles,0.026820547748345393,0.04435684450772697,-1,-1,free,0,0.046272723468825924,0.07947929662617828,10,1,827,0,0,0,0.0,0.12797723123204416,nan,0.1682486304784484
2.3000000000000003,full+plan,circles,0.0266652965891366,0.04567237803861235,-1,-1,free,0,0.04687268060276066,0.07818751785526656,10,1,827,0,0,0,0.0,0.12432853369110275,nan,0.1665305476428055
2.35,full+plan,circles,0.02652105429594652,0.046955090796654636,-1,-1,free,0,0.04748611095993195,0.07693153984922116,10,1,827,0,0,0,0.0,0.12074320768993901,nan,0.16487110737826238
2.4000000000000004,full+plan,circles,0.026386744919744017,0.048203706054612425,-1,-1,free,0,0.048114774554719006,0.07517404621213124,10,1,827,0,0,0,0.0,0.11721645532455408,nan,0.16327935121510728
2.45,full+plan,circles,0.026261641062784075,0.04941740036699359,-1,-1,free,0,0.04876008100566796,0.07341281626698548,10,1,827,0,0,0,0.0,0.11374509279696877,nan,0.1617577287432539
2.5,full+plan,circles,0.026145242895197915,0.05059563602685479,-1,-1,free,0,0.04942311298639622,0.07169259087693187,10,1,827,0,0,0,0.0,0.11032742202821513,nan,0.1603168797314175
2.5500000000000003,full+plan,circles,0.026037192804247968,0.051738042935220184,-1,-1,free,0,0.0501046487954719,0.07002021447748345,10,1,827,0,0,0,0.0,0.10696312758138088,nan,0.15896651468135703
2.6,full+plan,circles,0.02593721637426249,0.052844334532457626,-1,-1,free,0,0.05080518450293976,0.06840275933679112,10,1,828,0,0,0,0.0,0.10365319725710796,nan,0.1577127515619029
2.6500000000000004,full+plan,circles,0.025845082680587127,0.05391424736425468,-1,-1,free,0,0.05152495628108435,0.06684745207324988,10,1,828,0,0,0,0.0,0.10039986502331233,nan,0.1565610113492797
2.7,full+plan,circles,0.025760578498852885,0.05494749723817404,-1,-1,free,0,0.05226396348757452,0.06536160040941483,10,1,828,0,0,0,0.0,0.09718941820263051,nan,0.15551603190345986
2.75,full+plan,circles,0.025683492443323915,0.05594374732390673,-1,-1,free,0,0.05302199305224829,0.06395251941125529,10,1,829,0,0,0,0.0,0.09391000482303684,nan,0.1545818822186642
2.8000000000000003,full+plan,circles,0.025613606064329653,0.056902585213616824,-1,-1,free,0,0.05379864543749001,0.06262745677140355,10,1,829,0,0,0,0.0,0.09070193169927711,nan,0.15376197805452152
2.85,full+plan,circles,0.025550689692579055,0.05782350693392597,-1,-1,free,0,0.05459336230203364,0.061393516884406224,10,1,829,0,0,0,0.0,0.08757307239228601,nan,0.15305909993445876
2.9000000000000004,full+plan,circles,0.025494501449069385,0.058705906737692236,-1,-1,free,0,0.05540545558445874,0.06025758387400992,10,1,833,0,0,0,0.0,0.08453270000452101,nan,0.15247541426498568
2.95,full+plan,circles,0.025444788265356108,0.059549071843681946,-1,-1,free,0,0.056234137366006506,0.05922624388393369,10,1,833,0,0,0,0.0,0.08159154225214733,nan,0.1520124980584565
3.0,full+plan,circles,0.025401288104352472,0.06035218153596561,-1,-1,free,0,0.05707854961667784,0.058305707307035645,10,1,833,0,0,0,0.0,0.07876183378769382,nan,0.15167136732972708
3.0500000000000003,full+plan,circles,0.025363732812030096,0.06111431003228649,-1,-1,free,0,0.05793779265679043,0.05750173178636006,10,1,834,0,0,0,0.0,0.07605735238080168,nan,0.1514525089965585
3.1,full+plan,circles,0.02533185120070214,0.061834432647454536,-1,-1,free,0,0.05582747510411873,0.05681954733755576,10,1,834,0,0,0,0.0,0.07309556737548918,nan,0.15135591560525974
3.1500000000000004,full+plan,circles,0.02530537213059334,0.06251143455706211,-1,-1,free,0,0.0522462656588257,0.05626378507129645,10,1,834,0,0,0,0.0,0.07011329815732321,nan,0.15137351349485217
3.2,full+plan,circles,0.02529705299809989,0.06314811410496149,-1,-1,free,0,0.04863583258449389,0.05583365909253703,10,1,834,0,0,0,0.0,0.06769610471897944,nan,0.1513645834446944
3.25,full+plan,circles,0.025551428122819665,0.06381524070253697,-1,-1,free,0,0.04563072680655855,0.05543614146988239,10,1,834,0,0,0,0.0,0.06574289594564797,nan,0.15133646599714112
3.3000000000000003,full+plan,circles,0.026061001832416403,0.06450194029803534,-1,-1,free,0,0.04313628032286085,0.055060251520288137,10,1,834,0,0,0,0.0,0.06431733009483877,nan,0.15129575966823972
3.35,full+plan,circles,0.026816020431612048,0.06520197611106379,-1,-1,free,0,0.041071660955993794,0.054699316203818626,10,1,836,0,0,0,0.0,0.06333398227869674,nan,0.15124831068102418
3.4000000000000004,full+plan,circles,0.027803035444533705,0.06591194881976992,-1,-1,free,0,0.039367910687650526,0.05434952537899897,11,1,836,0,0,0,0.0,0.06272026911081727,nan,0.1511992514781605
3.45,full+plan,circles,0.02900485968453343,0.0666301468339275,-1,-1,free,0,0.03796609787227828,0.05400896145857005,11,1,836,0,0,0,0.0,0.06241569674828763,nan,0.15115306873942835
3.5,full+plan,circles,0.030401399497192737,0.06735582164713497,-1,-1,free,0,0.036815687888373805,0.053676960138083096,11,1,838,0,0,0,0.0,0.06237084863730566,nan,0.1511136851896422
3.5500000000000003,full+plan,circles,0.031970884074261095,0.0680887380521426,-1,-1,free,0,0.03587320076627504,0.053353697581991516,11,1,838,0,0,0,0.0,0.06254618271092596,nan,0.15108454339031951
3.6,full+plan,circles,0.033691134670986736,0.0688289019995782,-1,-1,free,0,0.03510117899839704,0.05303992846791866,11,1,838,0,0,0,0.0,0.06291073171596019,nan,0.15106868352173763
3.6500000000000004,full+plan,circles,0.03554065716942268,0.06957640411823732,-1,-1,free,0,0.03446744121261361,0.05273682103330696,11,1,839,0,0,0,0.0,0.06344079835407809,nan,0.15106881120221916
3.7,full+plan,circles,0.0374994557588954,0.07033133914488783,-1,-1,free,0,0.03394455738880636,0.05244585211528453,10,1,839,0,0,0,0.0,0.06411871766643025,nan,0.15108735450016264
3.75,full+plan,circles,0.039549541486592996,0.07109377462046368,-1,-1,free,0,0.03350945867224825,0.05216873794249202,10,1,839,0,0,0,0.0,0.06496026655030486,nan,0.15110177867026198
3.8000000000000003,full+plan,circles,0.04153773587374268,0.07189785966695414,-1,-1,free,0,0.032984921541138246,0.051878533180334294,10,1,839,0,0,0,0.0,0.06579021626248938,nan,0.1511704583257656
3.85,full+plan,circles,0.0436425649713025,0.07271528985806469,-1,-1,free,0,0.032533945698597494,0.05162773350660012,10,1,839,0,0,0,0.0,0.06620109738132068,nan,0.15128126806050168
3.9000000000000004,full+plan,circles,0.04584214535451919,0.07353442098656084,-1,-1,free,0,0.0321600331356906,0.05141085730715521,10,1,839,0,0,0,0.0,0.06660965745796267,nan,0.1514242691777491
3.95,full+plan,circles,0.04812272069353392,0.07434958638047309,-1,-1,free,0,0.03184777726256263,0.051223233992529246,10,1,839,0,0,0,0.0,0.06713050303236201,nan,0.15159012919769854
4.0,full+plan,circles,0.0504739877785255,0.07515855626058605,-1,-1,free,0,0.03158537349105536,0.05106083354635921,10,1,839,0,0,0,0.0,0.06768316730649654,nan,0.15177642745553355
4.05,full+plan,circles,0.05286917255553057,0.0759719106226067,-1,-1,free,0,0.031367617604403125,0.05092044363144707,10,1,839,0,0,0,0.0,0.06821754749260593,nan,0.15197754634797267
4.1000000000000005,full+plan,circles,0.05529146479820763,0.07679204927164085,-1,-1,free,0,0.03118734449702007,0.050799093702308326,10,1,839,0,0,0,0.0,0.06874350738133593,nan,0.1521880559476969
4.15,full+plan,circles,0.05772558886511614,0.07762172908246909,-1,-1,free,0,0.031038123936500434,0.050694196929427324,10,1,839,0,0,0,0.0,0.06928713821643143,nan,0.15242008729528378
4.2,full+plan,circles,0.06016307781003676,0.07846583441307473,-1,-1,free,0,0.03091396393934706,0.05061399667417664,10,1,839,0,0,0,0.0,0.06993398285793541,nan,0.15270881745671594
4.25,full+plan,circles,0.06260788480230804,0.0793218858229815,-1,-1,free,0,0.030811694410176643,0.05058466323197071,10,1,839,0,0,0,0.0,0.07008204520479637,nan,0.15305316851989337
4.3,full+plan,circles,0.06504985924509311,0.08018811785958052,-1,-1,free,0,0.030727783952155335,0.05060815677540467,10,1,839,0,0,0,0.0,0.07023160886499714,nan,0.1534147673976466
4.3500000000000005,full+plan,circles,0.06749212591104653,0.08105448551456035,-1,-1,free,0,0.030658455913098015,0.05059824303182141,10,1,839,0,0,0,0.0,0.07039140840879209,nan,0.15364750930779614
4.4,full+plan,circles,0.06997936304942788,0.08188963393353979,-1,-1,free,0,0.030597895613411807,0.05055645095585587,10,1,839,0,0,0,0.0,0.07071235892987654,nan,0.15378146773694512
4.45,full+plan,circles,0.072504457784009,0.08270856568118891,-1,-1,free,0,0.03054455759132077,0.05050180419830637,10,1,839,0,0,0,0.0,0.07086437480998843,nan,0.1538373024933617
4.5,full+plan,circles,0.07506109960899897,0.08352219700505328,-1,-1,free,0,0.030497410226989735,0.05043742562231006,10,1,839,0,0,0,0.0,0.07096890328123157,nan,0.15384044397541607
4.55,full+plan,circles,0.0776512235610284,0.08433284635270309,-1,-1,free,0,0.030455649265353657,0.05037412224873354,10,1,839,0,0,0,0.0,0.07104462830241329,nan,0.15380770039840508
4.6000000000000005,full+plan,circles,0.08027457544078968,0.0851416587435211,-1,-1,free,0,0.03041866067521573,0.05031849594722501,10,1,839,0,0,0,0.0,0.07120650454002339,nan,0.15374442274332933
4.65,full+plan,circles,0.08292536891426878,0.08595217117253431,-1,-1,free,0,0.030385934268425147,0.050269727449520824,10,1,839,0,0,0,0.0,0.07147229253579158,nan,0.15365439703906925
4.7,full+plan,circles,0.0855984223477423,0.08676659802396085,-1,-1,free,0,0.030357006005277992,0.050227047643591025,10,1,839,0,0,0,0.0,0.07182933735461915,nan,0.15354032334690793
4.75,full+plan,circles,0.08828904880683831,0.087586194986002,-1,-1,free,0,0.03033145033260018,0.05018975168118575,10,1,839,0,0,0,0.0,0.0722664857947224,nan,0.15340414507286748
4.800000000000001,full+plan,circles,0.09099296407455248,0.08841153807170866,-1,-1,free,0,0.030308876856398242,0.05015720291821264,10,1,839,0,0,0,0.0,0.0727004638356574,nan,0.1532472784385761
4.8500000000000005,full+plan,circles,0.09370620906847868,0.08924273700018297,-1,-1,free,0,0.030288928579085744,0.05012883173930109,10,1,839,0,0,0,0.0,0.07271040316807344,nan,0.15307077390266766
4.9,full+plan,circles,0.09642508474673668,0.09007959787770924,-1,-1,free,0,0.030271280501422915,0.05010413187352089,10,1,839,0,0,0,0.0,0.0727909264094302,nan,0.15287543038866702
4.95,full+plan,circles,0.09914609806345992,0.09092174671557121,-1,-1,free,0,0.030255638128690726,0.05008265557420341,10,1,839,0,0,0,0.0,0.07293784020517086,nan,0.15266187630019268
5.0,full+plan,circles,0.10186591779760111,0.09176872255347142,-1,-1,free,0,0.030241735747240456,0.050064008398113036,11,1,839,0,0,0,0.0,0.07314680811296363,nan,0.15243062689223763
5.050000000000001,full+plan,circles,0.10458133918989054,0.09262004672647337,-1,-1,free,0,0.030229334495882748,0.050047843975146694,11,1,839,0,0,0,0.0,0.07325107819771898,nan,0.15218212473050274
5.1000000000000005,full+plan,circles,0.10728925638475036,0.09347527326553841,-1,-1,free,0,0.03021822029727253,0.050033858983002374,12,1,839,0,0,0,0.0,0.0732051327532179,nan,0.15191676796452758
5.15,full+plan,circles,0.10998664180711974,0.09433402401574094,-1,-1,free,0,0.030208201743511243,0.0500217884293475,12,1,839,0,0,0,0.0,0.07292628672160215,nan,0.151634929903809
5.2,full+plan,circles,0.1126705316524292,0.0951960112734913,-1,-1,free,0,0.03019910800733011,0.05001140129552811,12,1,839,0,0,0,0.0,0.07257727826510225,nan,0.15133697236689414
5.25,full+plan,circles,0.11533801681788493,0.09606104989184609,-1,-1,free,0,0.03019078685067811,0.050002496551773495,12,1,839,0,0,0,0.0,0.07229051036651213,nan,0.151023254724458
5.300000000000001,full+plan,circles,0.11798623858464508,0.09692906044394566,-1,-1,free,0,0.03018310278334943,0.04999489954403767,12,1,839,0,0,0,0.0,0.07206331654691858,nan,0.1506941399918753
5.3500000000000005,full+plan,circles,0.12061238853160568,0.09780006452944721,-1,-1,free,0,0.030175935413241456,0.04998845873135957,12,1,839,0,0,0,0.0,0.07189285816684313,nan,0.15034999908538105
5.4,full+plan,circles,0.12321371212592258,0.09867417316546793,-1,-1,free,0,0.030169178016730747,0.04998304275676077,12,1,839,0,0,0,0.0,0.07177611723847924,nan,0.14999121398737092
5.45,full+plan,circles,0.12578751554425804,0.0995515688677714,-1,-1,free,0,0.030162736354656106,0.04997853781938939,12,1,839,0,0,0,0.0,0.07170988630639726,nan,0.149618180531073
5.5,full+plan,circles,0.12833117522010373,0.10043248206098818,-1,-1,free,0,0.030156527742942973,0.049974845328793316,12,1,839,0,0,0,0.0,0.0716907554995017,nan,0.14923131125343048
5.550000000000001,full+plan,circles,0.13084214968160907,0.10131716220304049,-1,-1,free,0,0.030150480382895473,0.049971879812054004,12,1,839,0,0,0,0.0,0.07171509697625932,nan,0.14883103872541725
5.6000000000000005,full+plan,circles,0.13331799317385024,0.10220584402797962,-1,-1,free,0,0.030144532942818547,0.04996956705053354,12,1,839,0,0,0,0.0,0.07177904716078824,nan,0.14841781967564138
5.65,full+plan,circles,0.1357563705256684,0.10309870920852515,-1,-1,free,0,0.03013863436651326,0.049967842425535425,12,1,839,0,0,0,0.0,0.07187848735853927,nan,0.14799214020036033
5.7,full+plan,circles,0.13815507262935228,0.10399584374925323,-1,-1,free,0,0.03013274386026296,0.0499666494551433,12,1,839,0,0,0,0.0,0.07200902369742371,nan,0.14755452232125632
5.75,full+plan,circles,0.14051203179060545,0.10489719133128245,-1,-1,free,0,0.030126830982829644,0.049965938511055005,12,1,839,0,0,0,0.0,0.07210206687445146,nan,0.1471148274791293
5.800000000000001,full+plan,circles,0.14285322157357117,0.10580434218845662,-1,-1,free,0,0.03011650528821283,0.04996611917706838,12,1,839,0,0,0,0.0,0.07215042051726807,nan,0.1466761820190713
5.8500000000000005,full+plan,circles,0.14517702895537116,0.10670772472541525,-1,-1,free,0,0.030103700976583297,0.04996720365449335,12,1,839,0,0,0,0.0,0.07220938588843184,nan,0.1462336132692501
5.9,full+plan,circles,0.14746015150077196,0.10759658971601571,-1,-1,free,0,0.030092467170009435,0.04996881183621618,12,1,839,0,0,0,0.0,0.0722779643813043,nan,0.1457876241512842
5.95,full+plan,circles,0.14969929401711063,0.10846965094256755,-1,-1,free,0,0.030082630202953875,0.04997080590139648,12,1,839,0,0,0,0.0,0.07235540099408884,nan,0.1453387363272819
6.0,full+plan,circles,0.15189149007325597,0.10932558652012667,-1,-1,free,0,0.030074025292492035,0.04997308192490328,12,1,839,0,0,0,0.0,0.0724411491243829,nan,0.1448874977144332
6.050000000000001,full+plan,circles,0.1540340953005979,0.1101629462633783,-1,-1,free,0,0.030066500653328165,0.0499755620762084,12,1,839,0,0,0,0.0,0.07253484528148794,nan,0.14443448952598636
6.1000000000000005,full+plan,circles,0.15612477679167538,0.1109800834489485,-1,-1,free,0,0.030059919576455235,0.049978188808412385,12,1,839,0,0,0,0.0,0.07263629180380232,nan,0.143980332967811
6.15,full+plan,circles,0.15816150059059733,0.1117751038868919,-1,-1,free,0,0.030054161213529273,0.049980920558184205,12,1,839,0,0,0,0.0,0.07274544633245139,nan,0.14352569560356754
6.2,full+plan,circles,0.16014251840976915,0.11254582720854442,-1,-1,free,0,0.030049120572525817,0.049983728605664385,12,1,839,0,0,0,0.0,0.07285392317622111,nan,0.14307275653826368
6.25,full+plan,circles,0.16206629885152463,0.11328967455852673,-1,-1,free,0,0.030044381972981482,0.049986624681563604,12,1,839,0,0,0,0.0,0.07294796682142275,nan,0.14262586831577773
6.300000000000001,full+plan,circles,0.1639296787385227,0.11400168216252624,-1,-1,free,0,0.030039403920761265,0.0499896714355515,12,1,839,0,0,0,0.0,0.07303278956801687,nan,0.14218858319578898
6.3500000000000005,full+plan,circles,0.16572917240953433,0.11467261250820428,-1,-1,free,0,0.030034385767314653,0.04999292981201012,12,1,839,0,0,0,0.0,0.07311910859375163,nan,0.14176507700201035
6.4,full+plan,circles,0.16745979468944933,0.11529169137740508,-1,-1,free,0,0.030029694303374765,0.049996452860096824,12,1,839,0,0,0,0.0,0.07322550335930757,nan,0.14136025455353163
6.45,full+plan,circles,0.1691143200461765,0.1158463738523016,-1,-1,free,0,0.0300259783541664,0.05000028215984301,12,1,839,0,0,0,0.0,0.07338164203325549,nan,0.1409798467696114
6.5,full+plan,circles,0.170682169359171,0.11632209850711045,-1,-1,free,0,0.030024337805598683,0.05000443606706145,12,1,839,0,0,0,0.0,0.07363266694075361,nan,0.14063047614526936
6.550000000000001,full+plan,circles,0.17214769527206297,0.11670207038172115,-1,-1,free,0,0.03002656900503281,0.05000888193260111,12,1,839,0,0,0,0.0,0.07409168075234705,nan,0.14037309092688244
6.6000000000000005,full+plan,circles,0.1734551479704676,0.11704171015886786,-1,-1,free,0,0.030060126655663058,0.050010893555021044,12,1,839,0,0,0,0.0,0.07348777988130457,nan,0.14022579195506069
6.65,full+plan,circles,0.17455268993809603,0.11732927600423529,-1,-1,free,0,0.03010983222231152,0.05000801096608212,11,1,839,0,0,0,0.0,0.07305761112141194,nan,0.14018381860467544
6.7,full+plan,circles,0.1753834024886982,0.11751652311326297,-1,-1,free,0,0.03019450075959594,0.04999830254458504,11,1,839,0,0,0,0.0,0.07292492481087479,nan,0.14024375096258834
6.75,full+plan,circles,0.17586107402687556,0.11755778033841366,-1,-1,free,0,0.03032909735911378,0.049978998512264505,11,1,839,0,0,0,0.0,0.07211720219965342,nan,0.14039879615227813
6.800000000000001,full+plan,circles,0.17585329960881277,0.11741301357039081,-1,-1,free,0,0.030535659246813132,0.049946162216025505,10,1,839,0,0,0,0.0,0.07123465988434374,nan,0.14072409573201916
6.8500000000000005,full+plan,circles,0.17518854781882048,0.11697689808659849,-1,-1,free,0,0.030831658178926732,0.049927899396538536,10,1,839,0,0,0,0.0,0.06850094418316446,nan,0.1415022387101197
6.9,full+plan,circles,0.1735759560868608,0.11593132425454553,-1,-1,free,0,0.031223119697865356,0.05006396648272862,10,1,839,0,0,0,0.0,0.06531587481321605,nan,0.1423840001838974
6.95,full+plan,circles,0.17019293818775394,0.11446735941528986,-1,-1,free,0,0.03179634944249944,0.05033213121096515,9,1,841,0,0,0,0.0,0.06153089972471272,nan,0.14270222108347042
7.0,full+plan,circles,0.16435974750968638,0.11303248367591208,-1,-1,free,0,0.032458239434904154,0.05064653669579812,9,1,841,0,0,0,0.0,0.05840057586662302,nan,0.1427762524907621
7.050000000000001,full+plan,circles,0.15661561393303872,0.1113908084875471,-1,-1,free,0,0.03304655623135659,0.05140720731192114,9,1,841,0,0,0,0.0,0.05647967303129529,nan,0.14407983799455593
7.1000000000000005,full+plan,circles,0.1480542964382573,0.10843209496322025,-1,-1,free,0,0.033626992907656986,0.053640568977254235,9,1,840,0,0,0,0.0,0.05466642759044381,nan,0.1474196999517723
7.15,full+plan,circles,0.1384907586026536,0.10392679488161657,-1,-1,free,0,0.03472155018861463,0.05821654626307715,9,1,840,0,0,0,0.0,0.05755559556459069,nan,0.15313161234655437
7.2,full+plan,circles,0.12771406189032616,0.0977048671745365,-1,-1,free,0,0.03630550616104951,0.06522243244899228,9,1,840,0,0,0,0.0,0.06428587337947897,nan,0.16103986033111495
7.25,full+plan,circles,0.11568736507402015,0.08983199990113457,-1,-1,free,0,0.038079073815726824,0.07416421696933585,9,1,840,0,0,0,0.0,0.0714353108825146,nan,0.17057760259039634
7.300000000000001,full+plan,circles,0.10263144964188399,0.08063644925517312,-1,-1,free,0,0.039712708317989884,0.0841632114964856,10,1,840,0,0,0,0.0,0.07067361956365233,nan,0.18087701948640478
7.3500000000000005,full+plan,circles,0.08994597001533748,0.07068357959736558,-1,-1,free,0,0.04073672616264297,0.09420144537692036,10,1,840,0,0,0,0.0,0.07186348311982545,nan,0.19087784726000334
7.4,full+plan,circles,0.07854503011373568,0.06083612509273618,-1,-1,free,0,0.04101540712668007,0.10336675974086391,10,1,840,0,0,0,0.0,0.06854505158845497,nan,0.1985531654313596
7.45,full+plan,circles,0.06891467517831057,0.05189875691276483,-1,-1,free,0,0.04133671542961513,0.11125115731265627,10,1,840,0,0,0,0.0,0.0667654604669752,nan,0.19107509809396783
7.5,full+plan,circles,0.061012764813125946,0.044139558932778836,-1,-1,free,0,0.04371079064637608,0.10882840322993492,10,1,840,0,0,0,0.0,0.06772422124290436,nan,0.1849964149002855
7.550000000000001,full+plan,circles,0.05447536773451964,0.03744759181402376,-1,-1,free,0,0.04731659961740935,0.10552670660252625,10,1,840,0,0,0,0.0,0.0694070994286412,nan,0.18003938085619164
7.6000000000000005,full+plan,circles,0.04900667139509638,0.03173506161200481,-1,-1,free,0,0.0515860234330487,0.10314351602169997,10,1,840,0,0,0,0.0,0.07252528293535834,nan,0.1761100714596221
7.65,full+plan,circles,0.04444260257966539,0.02693676062095707,-1,-1,free,0,0.056215937707205024,0.10167219162306507,10,1,840,0,0,0,0.0,0.07621232429110153,nan,0.1730414839124288
7.7,full+plan,circles,0.040626315444990305,0.023008374212969186,-1,-1,free,0,0.060159738799514445,0.10084551651000209,10,1,840,0,0,0,0.0,0.08011911811615587,nan,0.1711459590964003
7.75,full+plan,circles,0.037697911483345566,0.01992108978567562,-1,-1,free,0,0.05994013024870966,0.1009381947003504,10,1,840,0,0,0,0.0,0.08408282720494532,nan,0.1695908724849967
7.800000000000001,full+plan,circles,0.03501699119629791,0.017648919745374997,-1,-1,free,0,0.05877051990909794,0.10127113998374382,10,1,840,0,0,0,0.0,0.08800208299525034,nan,0.1682899036122385
7.8500000000000005,full+plan,circles,0.032488083564336204,0.016147705456013538,-1,-1,free,0,0.05772363983007471,0.10173813592817957,10,1,840,0,0,0,0.0,0.09182312152397117,nan,0.1672212694554852
7.9,full+plan,circles,0.030082124599528567,0.015334197918279774,-1,-1,free,0,0.056783426592967465,0.10231681132647447,9,1,840,0,0,0,0.0,0.09552037964891827,nan,0.1663807332602919
7.95,full+plan,circles,0.02777920580433629,0.015082270075266335,-1,-1,free,0,0.055936277249844776,0.10298915008586695,9,1,840,0,0,0,0.0,0.09908491846815681,nan,0.16575534410284087
8.0,full+plan,circles,0.02556756033673079,0.015243501423241275,-1,-1,free,0,0.05517066301476213,0.10374042957043281,9,1,840,0,0,0,0.0,0.1025171789596828,nan,0.16533391154129318
8.05,full+plan,circles,0.02344303173883875,0.015677116950749633,-1,-1,free,0,0.05447680008302942,0.1045584222532557,9,1,840,0,0,0,0.0,0.10582967650058828,nan,0.1651271573718327
8.1,full+plan,circles,0.021422408794039685,0.01626969567863591,-1,-1,free,0,0.054231564138134444,0.1054705950512092,9,1,840,0,0,0,0.0,0.10903410936770755,nan,0.16512059354195552
8.15,full+plan,circles,0.019509900405974567,0.016939710656463842,-1,-1,free,0,0.05445077058816648,0.10646922507121775,9,1,840,0,0,0,0.0,0.11213684430014514,nan,0.16529740690515637
8.200000000000001,full+plan,circles,0.017717067789497717,0.017632975954988913,-1,-1,free,0,0.054984168771383166,0.10753300577275893,9,1,840,0,0,0,0.0,0.11514304650439049,nan,0.16564732058255738
8.25,full+plan,circles,0.016071798561529606,0.01831555451849394,-1,-1,free,0,0.05575484901570059,0.10864858405220088,9,1,840,0,0,0,0.0,0.11805724245479647,nan,0.16616271722926257
8.3,full+plan,circles,0.014616928087245342,0.018967401520165367,-1,-1,free,0,0.05672776611152437,0.10980705467885224,9,1,840,0,0,0,0.0,0.1208834372029134,nan,0.1668372879297706
8.35,full+plan,circles,0.013409407756123303,0.019577613498603735,-1,-1,free,0,0.05789393348605508,0.11100248591516493,9,1,840,0,0,0,0.0,0.12362522135135132,nan,0.1676654805308252
8.4,full+plan,circles,0.012515535445706005,0.020141151803965116,-1,-1,free,0,0.05926274524957227,0.11223133965927315,9,1,840,0,0,0,0.0,0.12608151489157818,nan,0.16864221102303767
8.450000000000001,full+plan,circles,0.011997891501177922,0.02065666585796386,-1,-1,free,0,0.06085852238726601,0.11349235095356563,9,1,840,0,0,0,0.0,0.1282577071642633,nan,0.1697626616244351
8.5,full+plan,circles,0.011894115751825486,0.02112507149188328,-1,-1,free,0,0.06271912115377452,0.11478668378623633,9,1,840,0,0,0,0.0,0.1303466955121683,nan,0.1710221133372446
8.55,full+plan,circles,0.012197991280100403,0.021548629471457192,-1,-1,free,0,0.06489509862939973,0.11611826109955567,9,1,840,0,0,0,0.0,0.1323524017830685,nan,0.1724158317173936
8.6,full+plan,circles,0.012857526748399054,0.021930350761431114,-1,-1,free,0,0.06744792505536486,0.11749415582394154,9,1,840,0,0,0,0.0,0.13428038297575223,nan,0.17393911092102132
8.65,full+plan,circles,0.013791290048126901,0.02227361453158794,-1,-1,free,0,0.07044534324099956,0.11892483922185682,9,1,840,0,0,0,0.0,0.13611747175809666,nan,0.1756869118294362
8.700000000000001,full+plan,circles,0.01481412672675134,0.02258132267596794,-1,-1,free,0,0.07345373449253041,0.12050040390911201,9,1,840,0,0,0,0.0,0.13792032198266138,nan,0.17763906876855418
8.75,full+plan,circles,0.015837638475489465,0.022830726498809916,-1,-1,free,0,0.07648403088276261,0.12220298712889988,9,1,840,0,0,0,0.0,0.13968471696872928,nan,0.17977275624573819
8.8,full+plan,circles,0.016815391878931666,0.023054971750735617,-1,-1,free,0,0.07955459681767264,0.1240118240550428,9,1,840,0,0,0,0.0,0.14142803566670673,nan,0.18206737250249405
8.85,full+plan,circles,0.017724262911269346,0.023257147306138943,-1,-1,free,0,0.08267182064848337,0.12590768852454104,9,1,840,0,0,0,0.0,0.14316451074505787,nan,0.18450420448140836
8.9,full+plan,circles,0.018554646369447085,0.0234402379342749,-1,-1,free,0,0.08583301192825675,0.1260091872572841,9,1,840,0,0,0,0.0,0.14490557500901313,nan,0.18706615783319036
8.950000000000001,full+plan,circles,0.019304614203522013,0.023607129443585787,-1,-1,free,0,0.08902905064688775,0.1238945531595737,9,1,840,0,0,0,0.0,0.1466602200067163,nan,0.18973753380566827
9.0,full+plan,circles,0.019976495182571996,0.023760632857711975,-1,-1,free,0,0.09224665052936414,0.12170365457716914,9,1,840,0,0,0,0.0,0.14843535160317659,nan,0.19250384348995608
9.05,full+plan,circles,0.020574873359770485,0.023903528126548442,-1,-1,free,0,0.09547018986666121,0.11943976343676976,10,1,840,0,0,0,0.0,0.15023612869710043,nan,0.19535165367684482
9.1,full+plan,circles,0.021105412278131525,0.024038631436077058,-1,-1,free,0,0.09868312232644898,0.11710617654169236,10,1,840,0,0,0,0.0,0.15033732545616288,nan,0.19826845958016903
9.15,full+plan,circles,0.021574163794754596,0.024168895104645552,-1,-1,free,0,0.10186901256542118,0.1147063312501061,10,1,840,0,0,0,0.0,0.15025791245391795,nan,0.20124257998038508
9.200000000000001,full+plan,circles,0.021987165065859092,0.024297556666877964,-1,-1,free,0,0.10501225547256181,0.11224396384483443,10,1,840,0,0,0,0.0,0.15020119532855827,nan,0.20426307055274162
9.25,full+plan,circles,0.022350209190349246,0.024428366185404223,-1,-1,free,0,0.10807096849670177,0.10972334081546392,10,1,840,0,0,0,0.0,0.15010496403877507,nan,0.20402278886926617
9.3,full+plan,circles,0.022668721625115903,0.024565942774712603,-1,-1,free,0,0.11097961638894092,0.10714961511991897,10,1,840,0,0,0,0.0,0.14986545517499067,nan,0.20109053496005502
9.35,full+plan,circles,0.022947701398639078,0.024716350039142503,-1,-1,free,0,0.11373155812053586,0.10452939899028393,10,1,840,0,0,0,0.0,0.14934103394117734,nan,0.1981179481888019
9.4,full+plan,circles,0.023191702012657585,0.024888049353378884,-1,-1,free,0,0.116323955052526,0.10187171653906671,10,1,840,0,0,0,0.0,0.148831877060353,nan,0.1951095003685389
9.450000000000001,full+plan,circles,0.02340483637669669,0.025093509280620298,-1,-1,free,0,0.11078640358554086,0.0991896266940758,10,1,840,0,0,0,0.0,0.14838066375485381,nan,0.19207319394614963
9.5,full+plan,circles,0.023590795869850835,0.025351933652549518,-1,-1,free,0,0.10304244723246984,0.09650301525591323,10,1,840,0,0,0,0.0,0.1479894095279979,nan,0.18902598920029112
9.55,full+plan,circles,0.023752877337759527,0.025693751598301184,-1,-1,free,0,0.09478124580936191,0.09384330865668292,10,1,840,0,0,0,0.0,0.14676018722109568,nan,0.18600476331794769
9.600000000000001,full+plan,circles,0.023894013952125332,0.026167210206297094,-1,-1,free,0,0.08609651981707643,0.09126077073294062,10,1,840,0,0,0,0.0,0.1450073323219244,nan,0.18308439991199388
9.65,full+plan,circles,0.024016807456595377,0.026844726430631898,-1,-1,free,0,0.07722666550104641,0.0888328725519108,10,1,840,0,0,0,0.0,0.1431752782568995,nan,0.18055518713538843
9.700000000000001,full+plan,circles,0.024123560168764335,0.027935718975179016,-1,-1,free,0,0.0693375797642382,0.08678832161933356,10,1,840,0,0,0,0.0,0.14135142141949134,nan,0.1784059839339457
9.75,full+plan,circles,0.024216305787875484,0.029378420345497376,-1,-1,free,0,0.06277323892398619,0.08509987806808861,10,1,840,0,0,0,0.0,0.13925959558865272,nan,0.17649924415632634
9.8,full+plan,circles,0.024296838399993997,0.031024794159300623,-1,-1,free,0,0.05730833057240324,0.08364398146971805,10,1,840,0,0,0,0.0,0.13694530230111154,nan,0.17474373402034893
9.850000000000001,full+plan,circles,0.02436673940719535,0.03277568005156561,-1,-1,free,0,0.05275699125315973,0.0823369728438619,10,1,840,0,0,0,0.0,0.13456940321525554,nan,0.17315446989033034
9.9,full+plan,circles,0.024427402215227444,0.034614886439873,-1,-1,free,0,0.04976883989419141,0.0811979849273109,10,1,840,0,0,0,0.0,0.1321198421800646,nan,0.17162249240766203
9.950000000000001,full+plan,circles,0.02448005467249186,0.03645112999765616,-1,-1,free,0,0.04795856186672452,0.08013905305818492,10,1,840,0,0,0,0.0,0.1296297467967778,nan,0.17011410631763846
10.0,full+plan,circles,0.024525779287001507,0.038268461866911664,-1,-1,free,0,0.04774564282793127,0.07917179664384455,10,1,840,0,0,0,0.0,0.1270768124164651,nan,0.16859466567060422
10.05,full+plan,circles,0.024565531326018485,0.0400230683256256,-1,-1,free,0,0.04805110311906953,0.07821342057717645,10,1,840,0,0,0,0.0,0.12444905164068513,nan,0.16707921086657884
10.100000000000001,full+plan,circles,0.02460015490528549,0.04170606461870022,-1,-1,free,0,0.04839176303320829,0.0772379503886429,10,1,840,0,0,0,0.0,0.12175452694889481,nan,0.16558007386725992
10.15,full+plan,circles,0.024630397193445383,0.04332060369369809,-1,-1,free,0,0.048767636202645945,0.07625294666547891,10,1,840,0,0,0,0.0,0.11900135280514722,nan,0.16410880836157238
10.200000000000001,full+plan,circles,0.02465692087669076,0.04486959499610515,-1,-1,free,0,0.049178568582628104,0.07499992727173883,10,1,840,0,0,0,0.0,0.11619772237507467,nan,0.16267428375096826
10.25,full+plan,circles,0.024680315026824617,0.04635571464198353,-1,-1,free,0,0.04962424911060791,0.07345622224755961,10,1,840,0,0,0,0.0,0.113351936677002,nan,0.16128282956446716
10.3,full+plan,circles,0.02470110450275364,0.04778141298152192,-1,-1,free,0,0.05010421808495989,0.07191633223062975,10,1,840,0,0,0,0.0,0.1104724371658237,nan,0.15994941191146228
10.350000000000001,full+plan,circles,0.024719758045594377,0.049148919772979166,-1,-1,free,0,0.05061787408099312,0.07039018630744803,10,1,840,0,0,0,0.0,0.10756784276672696,nan,0.1586826342495692
10.4,full+plan,circles,0.024736695175132224,0.05046024727610104,-1,-1,free,0,0.051164480217732164,0.06888763850966659,10,1,840,0,0,0,0.0,0.10464699262866096,nan,0.1574903739184509
10.450000000000001,full+plan,circles,0.024752292064056373,0.05171719175303641,-1,-1,free,0,0.05174317055299417,0.06741844064739402,10,1,840,0,0,0,0.0,0.10171899570489336,nan,0.1563797886351992
10.5,full+plan,circles,0.024766886487980977,0.05292133384775526,-1,-1,free,0,0.0523529573993924,0.06599220946072948,10,1,840,0,0,0,0.0,0.09879328819401582,nan,0.15535732296167426
10.55,full+plan,circles,0.02478078199281958,0.054074038428098395,-1,-1,free,0,0.05299274024822494,0.06461838822231661,10,1,840,0,0,0,0.0,0.09587969957923775,nan,0.15442871543625603
10.600000000000001,full+plan,circles,0.024794251392580995,0.055176454439881055,-1,-1,free,0,0.05366131686681021,0.06330620291087065,10,1,840,0,0,0,0.0,0.09295698600861119,nan,0.1535990072720499
10.65,full+plan,circles,0.02480753972196535,0.05622951543151351,-1,-1,free,0,0.05435739689544565,0.06206461333873542,10,1,840,0,0,0,0.0,0.08995340902392804,nan,0.15287255340627848
10.700000000000001,full+plan,circles,0.024820866732125406,0.057233941229815094,-1,-1,free,0,0.05507961806157831,0.060902259570794204,10,1,840,0,0,0,0.0,0.08699514471661872,nan,0.1522530367045123
10.75,full+plan,circles,0.024834429041896408,0.05819024131025681,-1,-1,free,0,0.05582656476800742,0.05982740429971249,10,1,840,0,0,0,0.0,0.08409546465107585,nan,0.15174348591418374
10.8,full+plan,circles,0.02484840200605597,0.059098720210986694,-1,-1,free,0,0.056596788474485085,0.058847871912475716,10,1,840,0,0,0,0.0,0.0812686323749636,nan,0.15134629780418318
10.850000000000001,full+plan,circles,0.024862941383025847,0.05995948525596796,-1,-1,free,0,0.057388828996094696,0.057970985309653805,10,1,840,0,0,0,0.0,0.0785300131558935,nan,0.15106326352320787
10.9,full+plan,circles,0.02487818485930319,0.06077245659223557,-1,-1,free,0,0.058201235625810574,0.05720350167106382,10,1,840,0,0,0,0.0,0.0758961638072245,nan,0.15089559893676519
10.950000000000001,full+plan,circles,0.024894253464371012,0.06153737944649994,-1,-1,free,0,0.05602883693529109,0.05655154871908742,10,1,840,0,0,0,0.0,0.07282347413372997,nan,0.150843978350078
11.0,full+plan,circles,0.024911252910539878,0.062253838248848725,-1,-1,free,0,0.052506321409914486,0.05556417547281978,10,1,840,0,0,0,0.0,0.06986631909690734,nan,0.15090857070926644
11.05,full+plan,circles,0.024929274877433565,0.06292127216278008,-1,-1,free,0,0.048908721010833406,0.055154434915347814,10,1,840,0,0,0,0.0,0.06757241411678493,nan,0.1509534001502697
11.100000000000001,full+plan,circles,0.02517871142234833,0.06360860378539206,-1,-1,free,0,0.04584982916158395,0.05478271432943295,10,1,840,0,0,0,0.0,0.06588237066052922,nan,0.15097148086832568
11.15,full+plan,circles,0.025679718481605367,0.06431360647868413,-1,-1,free,0,0.043308669353942064,0.05442923494704953,10,1,840,0,0,0,0.0,0.06441152478890351,nan,0.15097042687267903
11.200000000000001,full+plan,circles,0.02642446928634974,0.06503007111755671,-1,-1,free,0,0.041203473297848736,0.05408763877660609,10,1,840,0,0,0,0.0,0.06339243803718833,nan,0.15095699066604806
11.25,full+plan,circles,0.02740117847426672,0.065754706328342,-1,-1,free,0,0.0394644072971016,0.0537544991947634,11,1,840,0,0,0,0.0,0.06275111750802742,nan,0.1509371047175757
11.3,full+plan,circles,0.02859391893446069,0.06648593567283077,-1,-1,free,0,0.03803179236121873,0.05342830293236871,11,1,840,0,0,0,0.0,0.06242564831343254,nan,0.15091595563181437
11.350000000000001,full+plan,circles,0.029983453727681124,0.06722314703183777,-1,-1,free,0,0.03685452125122218,0.053108780814233356,11,1,840,0,0,0,0.0,0.06236527411415471,nan,0.15089807348866036
11.4,full+plan,circles,0.03154853303350978,0.0679662325974399,-1,-1,free,0,0.035888729836546396,0.05279647641388423,11,1,840,0,0,0,0.0,0.06252925042718091,nan,0.15088742368914865
11.450000000000001,full+plan,circles,0.03326724305821184,0.06871531465056734,-1,-1,free,0,0.035096744111915656,0.05249247319219458,11,1,840,0,0,0,0.0,0.06288556949964874,nan,0.15088749323323447
11.5,full+plan,circles,0.035118161076447614,0.06947059038963449,-1,-1,free,0,0.03444628488414872,0.05219822419478232,10,1,840,0,0,0,0.0,0.0634096565884048,nan,0.1509013672265873
11.55,full+plan,circles,0.037081209053410634,0.07023225321099136,-1,-1,free,0,0.03390987853825736,0.051915445898260026,10,1,840,0,0,0,0.0,0.0640792780526432,nan,0.1509478758478947
11.600000000000001,full+plan,circles,0.03914541099938786,0.07100061860658624,-1,-1,free,0,0.033464743800770885,0.05165838417307839,10,1,840,0,0,0,0.0,0.06492688418465359,nan,0.15105328563150122
11.65,full+plan,circles,0.04118788381260457,0.07180925035544464,-1,-1,free,0,0.03293885169390731,0.0514368133662063,10,1,840,0,0,0,0.0,0.06573191319220187,nan,0.15119911596220714
11.700000000000001,full+plan,circles,0.0433430908991255,0.07262466445293574,-1,-1,free,0,0.03249360391916642,0.051245390289269124,10,1,840,0,0,0,0.0,0.06615593374720957,nan,0.15137620874729452
11.75,full+plan,circles,0.045587525022384744,0.07343910931738568,-1,-1,free,0,0.032124603731489926,0.05107993228979835,10,1,840,0,0,0,0.0,0.06654237109679645,nan,0.15157673514133763
11.8,full+plan,circles,0.04790597361704856,0.07424888995371347,-1,-1,free,0,0.03181763091161599,0.050936862578898096,10,1,840,0,0,0,0.0,0.06705695042363545,nan,0.15179138789114222
11.850000000000001,full+plan,circles,0.050291982747427154,0.07504954045631416,-1,-1,free,0,0.031559121530596757,0.05081300848578886,10,1,840,0,0,0,0.0,0.0676118828950828,nan,0.15201887175061146
11.9,full+plan,circles,0.05271810496129484,0.0758528154451109,-1,-1,free,0,0.03134475890029198,0.050705971295960564,10,1,840,0,0,0,0.0,0.06812926867327329,nan,0.1522546839202119
11.950000000000001,full+plan,circles,0.05516767102607636,0.07666190243717606,-1,-1,free,0,0.031167449994059515,0.050613483444712726,10,1,840,0,0,0,0.0,0.0686724077733282,nan,0.15249419063766767
12.0,full+plan,circles,0.05762586887217721,0.07747981161164902,-1,-1,free,0,0.031020990650509478,0.05053355658538744,10,1,840,0,0,0,0.0,0.06920434085186468,nan,0.15273563018115566
12.05,full+plan,circles,0.060077777311724444,0.07831388968792269,-1,-1,free,0,0.030899278763078936,0.05046461211461366,10,1,840,0,0,0,0.0,0.06984420060944185,nan,0.1529858029559188
12.100000000000001,full+plan,circles,0.06251154748480953,0.07917209219844973,-1,-1,free,0,0.03079935611224624,0.05041095249359549,10,1,840,0,0,0,0.0,0.07003430663732542,nan,0.15329545523170662
12.15,full+plan,circles,0.06494396967190014,0.08004105141983164,-1,-1,free,0,0.030717389773613213,0.05038471776124874,10,1,840,0,0,0,0.0,0.07019957714844755,nan,0.1536381323399142
12.200000000000001,full+plan,circles,0.0673740500254222,0.08091333099792951,-1,-1,free,0,0.030649934333709078,0.05034756976857159,10,1,840,0,0,0,0.0,0.07034652915996813,nan,0.15386512746283976
12.25,full+plan,circles,0.06985792515708264,0.08174897058687543,-1,-1,free,0,0.030590820570986194,0.05030143857174077,10,1,840,0,0,0,0.0,0.07065636378799722,nan,0.1540155104809846
12.3,full+plan,circles,0.07239447976716877,0.08255858547518143,-1,-1,free,0,0.03053854849489049,0.05025908225984657,10,1,840,0,0,0,0.0,0.07083490751860368,nan,0.1541060602684703
12.350000000000001,full+plan,circles,0.07497527306667023,0.08335349534205397,-1,-1,free,0,0.030492222732137253,0.05022078059100685,10,1,840,0,0,0,0.0,0.0709281837567701,nan,0.15414849051886537
12.4,full+plan,circles,0.07759309055196344,0.08414174175182089,-1,-1,free,0,0.030451160764334212,0.05018647385176195,10,1,840,0,0,0,0.0,0.07102191548859871,nan,0.15415108880245199
12.450000000000001,full+plan,circles,0.080241652414383,0.08492887905438223,-1,-1,free,0,0.03041479185712076,0.05015594160497425,10,1,840,0,0,0,0.0,0.07117445573921423,nan,0.15411978771463408
12.5,full+plan,circles,0.08291542104384794,0.08571859835690253,-1,-1,free,0,0.0303826122431457,0.050128893706773314,10,1,840,0,0,0,0.0,0.07143192121988871,nan,0.1540588788939521
12.55,full+plan,circles,0.08560945727906868,0.08651321325827993,-1,-1,free,0,0.03035416546769898,0.05010501744992145,10,1,840,0,0,0,0.0,0.07178169445324191,nan,0.15397149862886927
12.600000000000001,full+plan,circles,0.08831930483704203,0.08731403552003893,-1,-1,free,0,0.030329033860672455,0.05008400215856801,10,1,840,0,0,0,0.0,0.07221264900679647,nan,0.15385996398616797
12.65,full+plan,circles,0.0910408944187812,0.08812166435633954,-1,-1,free,0,0.030306834727302556,0.05006555186437871,10,1,840,0,0,0,0.0,0.0726369865827637,nan,0.15372600885829624
12.700000000000001,full+plan,circles,0.09377046347078417,0.08893620865207698,-1,-1,free,0,0.030287218323121978,0.050049391518580885,10,1,840,0,0,0,0.0,0.07263678830522491,nan,0.1535709515472209
12.75,full+plan,circles,0.09650448936520056,0.08975745716713292,-1,-1,free,0,0.03026986632617995,0.050035269613530386,10,1,840,0,0,0,0.0,0.07270788058019907,nan,0.15339581460871943
12.8,full+plan,circles,0.0992396344318163,0.0905850083158146,-1,-1,free,0,0.03025449028805438,0.05002295877344916,10,1,840,0,0,0,0.0,0.07284616170777186,nan,0.15320141095534434
12.850000000000001,full+plan,circles,0.10197270142185992,0.09141836847168514,-1,-1,free,0,0.03024082990331589,0.05001225519206605,10,1,840,0,0,0,0.0,0.0730473739142666,nan,0.15298840577964312
12.9,full+plan,circles,0.10470059824689516,0.09225702546186297,-1,-1,free,0,0.030228651093445524,0.050002977421915396,11,1,840,0,0,0,0.0,0.07324223223415133,nan,0.15275736104653725
12.950000000000001,full+plan,circles,0.10742031087411272,0.09310050232238729,-1,-1,free,0,0.030217743966416244,0.04999496481734114,11,1,840,0,0,0,0.0,0.07318930485616441,nan,0.15250876736650687
13.0,full+plan,circles,0.11012888339311334,0.09394839510938963,-1,-1,free,0,0.030207920728098137,0.049988075815821695,12,1,840,0,0,0,0.0,0.07289872472723269,nan,0.15224306672920684
13.05,full+plan,circles,0.11282340438472631,0.0948003975858393,-1,-1,free,0,0.030199013621573234,0.04998218617089266,12,1,840,0,0,0,0.0,0.072538911666681,nan,0.15196066866051694
13.100000000000001,full+plan,circles,0.11550099884614136,0.09565631490789267,-1,-1,free,0,0.030190872954849457,0.0499771872069851,12,1,840,0,0,0,0.0,0.07224184786859912,nan,0.15166196174752777
13.15,full+plan,circles,0.11815882494972803,0.09651606795833091,-1,-1,free,0,0.030183365272802326,0.04997298414068929,12,1,840,0,0,0,0.0,0.07200496190871707,nan,0.15134732193370348
13.200000000000001,full+plan,circles,0.12079407510933833,0.09737968949618515,-1,-1,free,0,0.030176371708360378,0.049969494491288374,12,1,840,0,0,0,0.0,0.07182551355349327,nan,0.15101711872473988
13.25,full+plan,circles,0.12340398075664544,0.09824731311949471,-1,-1,free,0,0.0301697865512513,0.04996664659536813,12,1,840,0,0,0,0.0,0.07170058780316899,nan,0.15067172014004615
13.3,full+plan,circles,0.12598582040997824,0.09911915576270161,-1,-1,free,0,0.030163516048076516,0.049964378230462125,12,1,840,0,0,0,0.0,0.07162708568029548,nan,0.15031149704862645
13.350000000000001,full+plan,circles,0.12853693054785495,0.09999549430248574,-1,-1,free,0,0.030157477459923143,0.04996263534528218,12,1,840,0,0,0,0.0,0.07160171189878389,nan,0.1499368274566394
13.4,full+plan,circles,0.13105471885543776,0.10087663682017387,-1,-1,free,0,0.030151598376631755,0.04996137089749464,12,1,840,0,0,0,0.0,0.07162095954545933,nan,0.14954810113395145
13.450000000000001,full+plan,circles,0.13353667937778196,0.1017628889006035,-1,-1,free,0,0.03014581629365004,0.04996054379279889,12,1,840,0,0,0,0.0,0.0716810920670331,nan,0.14914572491202138
13.5,full+plan,circles,0.13598040910023276,0.10265451533033795,-1,-1,free,0,0.030140078432289663,0.049960117919630134,12,1,840,0,0,0,0.0,0.07177812303803723,nan,0.14873012897091487
13.55,full+plan,circles,0.1383836253490256,0.10355169755314493,-1,-1,free,0,0.030134341775398255,0.04996006127868105,12,1,840,0,0,0,0.0,0.07190779446733307,nan,0.14830177432297575
13.600000000000001,full+plan,circles,0.14074418335848457,0.1044544871226581,-1,-1,free,0,0.030128573258707686,0.049960345201687156,12,1,840,0,0,0,0.0,0.0720206638577443,nan,0.1478672328366205
13.65,full+plan,circles,0.14307991815023555,0.10536352313090631,-1,-1,free,0,0.03011960491203458,0.04996124773722817,12,1,840,0,0,0,0.0,0.07206612860044212,nan,0.1474346770755921
13.700000000000001,full+plan,circles,0.14540674276748924,0.10627293551450602,-1,-1,free,0,0.03010641437341402,0.04996304295212704,12,1,840,0,0,0,0.0,0.07212203326465617,nan,0.1469978812300735
13.75,full+plan,circles,0.14769277082612825,0.10716929961011296,-1,-1,free,0,0.03009483154264414,0.049965287756034385,12,1,840,0,0,0,0.0,0.0721873243704914,nan,0.14655731686988582
13.8,full+plan,circles,0.1499346434886113,0.10805132507583991,-1,-1,free,0,0.030084682959905185,0.04996784521420236,12,1,840,0,0,0,0.0,0.07226119481761943,nan,0.14611347980531242
13.850000000000001,full+plan,circles,0.1521293323962142,0.10891770618722513,-1,-1,free,0,0.03007580241109345,0.049970613328327806,12,1,840,0,0,0,0.0,0.07234304599165352,nan,0.1456668979034349
13.9,full+plan,circles,0.15427413457898334,0.10976702403887202,-1,-1,free,0,0.030068035677403182,0.049973516705783205,12,1,840,0,0,0,0.0,0.07243246004951226,nan,0.14521813844607068
13.950000000000001,full+plan,circles,0.15636666301190444,0.11059767502636735,-1,-1,free,0,0.030061243033760815,0.0499765003653051,12,1,840,0,0,0,0.0,0.07252918026572537,nan,0.1447678152324151
14.0,full+plan,circles,0.15840483501900485,0.11140781811294839,-1,-1,free,0,0.03005530029892256,0.04997952515800176,12,1,840,0,0,0,0.0,0.07263309802653296,nan,0.1443165955006569
14.05,full+plan,circles,0.16038685985997886,0.11219533543217511,-1,-1,free,0,0.030050098985123702,0.04998256442236701,12,1,840,0,0,0,0.0,0.07274424554757432,nan,0.14386520654658197
14.100000000000001,full+plan,circles,0.16231122616816904,0.11295780221247696,-1,-1,free,0,0.030045545927487288,0.049985601587402964,12,1,840,0,0,0,0.0,0.07283864803689696,nan,0.14341842253493398
14.15,full+plan,circles,0.16417554802857703,0.11369187017544068,-1,-1,free,0,0.030040709436944674,0.049988702259361625,12,1,840,0,0,0,0.0,0.07291934618992334,nan,0.14297977279968221
14.200000000000001,full+plan,circles,0.16597699016917278,0.11438864941132353,-1,-1,free,0,0.030035740352503004,0.04999192799823553,12,1,840,0,0,0,0.0,0.07299433506809404,nan,0.14255339909222386
14.25,full+plan,circles,0.1677115215754865,0.11503770469365973,-1,-1,free,0,0.030030931560229956,0.049995331620975136,12,1,840,0,0,0,0.0,0.07307837562215992,nan,0.14214419236751596
14.3,full+plan,circles,0.16937328402759635,0.11562685875231879,-1,-1,free,0,0.03002680441805189,0.04999895578156151,12,1,840,0,0,0,0.0,0.07319582298004394,nan,0.14175791205802024
14.350000000000001,full+plan,circles,0.17095368330537128,0.1161419200445127,-1,-1,free,0,0.03002425226448116,0.05000282571264636,12,1,840,0,0,0,0.0,0.07338448643730569,nan,0.1414012903950722
14.4,full+plan,circles,0.17244000114826108,0.11656640220308405,-1,-1,free,0,0.030024749614523172,0.050006930325552215,12,1,840,0,0,0,0.0,0.07384437995535571,nan,0.14111344413880034
14.450000000000001,full+plan,circles,0.17379377850828467,0.11692684867289065,-1,-1,free,0,0.03004762980825247,0.05000983131367363,12,1,840,0,0,0,0.0,0.07380511788760756,nan,0.14093863846173338
14.5,full+plan,circles,0.17495618992404505,0.11725084916951754,-1,-1,free,0,0.03008685725479389,0.050008367987879915,11,1,840,0,0,0,0.0,0.07328551116811988,nan,0.140872532451901
14.55,full+plan,circles,0.17588024950901127,0.1174877970588598,-1,-1,free,0,0.030156565291241652,0.050000799795286724,11,1,840,0,0,0,0.0,0.0730015988541327,nan,0.14091365509808995
14.600000000000001,full+plan,circles,0.1764950927819778,0.11758865800155473,-1,-1,free,0,0.03026950074723163,0.049984671937237365,11,1,840,0,0,0,0.0,0.07278175613961486,nan,0.14105966967643602
14.65,full+plan,circles,0.17669160937307132,0.11750716614496981,-1,-1,free,0,0.03044494716064465,0.04995648243128474,10,1,840,0,0,0,0.0,0.07165647617386198,nan,0.14130078935215706
14.700000000000001,full+plan,circles,0.17630076379048554,0.11720561401690908,-1,-1,free,0,0.030710473762327398,0.04991139450980844,10,1,840,0,0,0,0.0,0.06981237548508806,nan,0.14196342651771
14.75,full+plan,circles,0.17516555402306552,0.1163464158902593,-1,-1,free,0,0.031056281708861974,0.04997969108080086,10,1,840,0,0,0,0.0,0.06715703429814252,nan,0.14294748399475998
14.8,full+plan,circles,0.17266602374094053,0.11488391626136672,-1,-1,free,0,0.031555847511052545,0.05020233219922428,9,1,840,0,0,0,0.0,0.06358961372737577,nan,0.14369365615214558
14.850000000000001,full+plan,circles,0.16790886191812315,0.11318771187966178,-1,-1,free,0,0.0322293144845535,0.05052284678742451,9,1,840,0,0,0,0.0,0.059658691454394626,nan,0.14351677859986245
14.9,full+plan,circles,0.1607158946097384,0.1116983897082527,-1,-1,free,0,0.032838555720321363,0.050829039444722626,9,1,840,0,0,0,0.0,0.057269840347994296,nan,0.14407338396233116
14.950000000000001,full+plan,circles,0.1523570476829251,0.10929403195533302,-1,-1,free,0,0.03340766362510876,0.052594584429890706,9,1,840,0,0,0,0.0,0.055018683967245435,nan,0.1463658487983459
15.0,full+plan,circles,0.14308889393094684,0.10544283337548267,-1,-1,free,0,0.03430079847416147,0.05647948988018507,9,1,840,0,0,0,0.0,0.05578023476666156,nan,0.15104085455252425
