t,mode,scenario,e_left,e_right,step_left,step_right,coord_state,plan_active,d_self_model,d_env_model,n_constraints,qp_ok,n_obstacle_pts,n_arm_arm,n_arm_env,n_arm_torso,pen,d_arms,d_obst,d_belt
0.05,off,swap,0.32140300669555155,0.3214030065374729,0,0,,0,0.05676101943747254,inf,0,1,0,0,0,0,0.0,0.25,nan,0.21712322462340394
0.1,off,swap,0.28135647179423073,0.28135647213250065,0,0,,0,0.04028589251113156,inf,0,1,0,0,0,0,0.0,0.18570748393070996,nan,0.22136582430029328
0.15000000000000002,off,swap,0.24648561199758157,0.24648560954687682,0,0,,0,0.029685972038670724,inf,0,1,0,0,0,0,0.0,0.12533694348931002,nan,0.22451576922694294
0.2,off,swap,0.21623359913378473,0.21623359177204704,0,0,,0,0.02405430842142199,inf,0,1,0,0,0,0,0.0,0.08582207961624833,nan,0.22647453512490145
0.25,off,swap,0.1962049555409487,0.19620489968200075,0,0,,0,0.0276102282357331,inf,0,1,0,0,0,0,0.0,0.04926207347438988,nan,0.22855177583809738
0.30000000000000004,off,swap,0.17777177441512182,0.17777172479709802,0,0,,0,0.015060311771987495,inf,0,1,0,0,0,0,0.0,0.016780147000584354,nan,0.23064022492466585
0.35000000000000003,off,swap,0.16095846382791087,0.16095842027521343,0,0,,0,-0.015417420905264906,inf,0,1,0,2,0,0,-0.014402511747268898,0.0,nan,0.23272354883227486
0.4,off,swap,0.14591647236887392,0.14591643360929313,0,0,,0,-0.04268584113007429,inf,0,1,0,5,0,0,-0.04057172738226,0.0,nan,0.2348358135636871
0.45,off,swap,0.1326789867003996,0.13267895085326017,0,0,,0,-0.06672445763056334,inf,0,1,0,5,0,0,-0.06108878332823921,0.0,nan,0.23698585781011816
0.5,off,swap,0.12117616124153975,0.12117612653639961,0,0,,0,-0.0894719647130589,inf,0,1,0,5,0,0,-0.057195408531387916,0.0,nan,0.23919520329678845
0.55,off,swap,0.11128827040815789,0.1112882356578765,0,0,,0,-0.10556422933236524,inf,0,1,0,5,0,0,-0.04867331024364079,0.0,nan,0.2414513197552911
0.6000000000000001,off,swap,0.10289031828954374,0.10289028302386832,0,0,,0,-0.11999992065656323,inf,0,1,0,5,0,0,-0.056541161766560856,0.0,nan,0.243733965810622
0.65,off,swap,0.09587406013487716,0.09587402450514917,0,0,,0,-0.1199999194530588,inf,0,1,0,6,0,0,-0.06363521136208014,0.0,nan,0.24602772000090944
0.7000000000000001,off,swap,0.09015491908387456,0.09015488372483853,0,0,,0,-0.11999992182921604,inf,0,1,0,4,0,0,-0.06939135898700007,0.0,nan,0.24832656153011634
0.75,off,swap,0.08567293494996729,0.08567290083627457,0,0,,0,-0.1199999274995158,inf,0,1,0,6,0,0,-0.07283534455774955,0.0,nan,0.25063543289523105
0.8,off,swap,0.08239271080183586,0.08239267913554643,0,0,,0,-0.1199999361055263,inf,0,1,0,5,0,0,-0.07501167766363864,0.0,nan,0.2529932080781202
0.8500000000000001,off,swap,0.08037481600773534,0.08037478648075826,0,0,,0,-0.11999996407936404,inf,0,1,0,5,0,0,-0.0755111828221491,0.0,nan,0.255807530434201
0.9,off,swap,0.07905696688810679,0.07905694601498264,0,0,,0,-0.11999997325829559,inf,0,1,0,5,0,0,-0.07585154131329025,0.0,nan,0.2580209088326103
0.9500000000000001,off,swap,0.07814780228926478,0.07814778783700292,0,0,,0,-0.1199999818332782,inf,0,1,0,5,0,0,-0.07614647149831705,0.0,nan,0.2597829021648409
1.0,off,swap,0.07749703913691582,0.07749702951512788,0,0,,0,-0.11999998956410536,inf,0,1,0,5,0,0,-0.07641655870505734,0.0,nan,0.2612024532914644
1.05,off,swap,0.07701581308904781,0.07701580711790791,0,0,,0,-0.11999999641014931,inf,0,1,0,5,0,0,-0.07667087344756637,0.0,nan,0.2623590651719111
1.1,off,swap,0.076650244298142,0.07665024108923148,0,0,,0,-0.11999999758550467,inf,0,1,0,8,0,0,-0.0769137518129939,0.0,nan,0.26331132078631836
1.1500000000000001,off,swap,0.07636654167166246,0.0763665405487144,0,0,,0,-0.11999999235936706,inf,0,1,0,5,0,0,-0.07714513067192,0.0,nan,0.26410285768903285
1.2000000000000002,off,swap,0.07614269755077917,0.07614269800059004,0,0,,0,-0.11999998782564976,inf,0,1,0,5,0,0,-0.07736362466701532,0.0,nan,0.26476652394428013
1.25,off,swap,0.07596381732662352,0.07596381895759557,0,0,,0,-0.11999998392315128,inf,0,1,0,5,0,0,-0.07756783591546192,0.0,nan,0.26532729942248257
1.3,off,swap,0.07581944767583089,0.07581945019089582,0,0,,0,-0.11999998056948315,inf,0,1,0,5,0,0,-0.07775283409736672,0.0,nan,0.2658043762242529
1.35,off,swap,0.07570201267591527,0.075702015850297,0,0,,0,-0.11999997769415957,inf,0,1,0,5,0,0,-0.07788004033202033,0.0,nan,0.2662126565618613
1.4000000000000001,off,swap,0.07560587224907567,0.07560587591278252,0,0,,0,-0.11999997523175059,inf,0,1,0,5,0,0,-0.07797402547908432,0.0,nan,0.2665638398572633
1.4500000000000002,off,swap,0.07552673631926245,0.07552674034490175,0,0,,0,-0.11999997312468304,inf,0,1,0,6,0,0,-0.07806119320778006,0.0,nan,0.26686721625904697
1.5,off,swap,0.07546128682118765,0.0754612911111923,0,0,,0,-0.11999997134188638,inf,0,1,0,6,0,0,-0.07813438012122047,0.0,nan,0.26713024826546794
1.55,off,swap,0.07540692451657427,0.07540692899877213,0,0,,0,-0.11999996982381317,inf,0,1,0,6,0,0,-0.07820654727884198,0.0,nan,0.2673589987735928
1.6,off,swap,0.07536159323930368,0.07536159786053788,0,0,,0,-0.1199999685192388,inf,0,1,0,7,0,0,-0.07826688025419193,0.0,nan,0.26755844746774604
1.6500000000000001,off,swap,0.07532365393725005,0.07532365865684243,0,0,,0,-0.1199999674095337,inf,0,1,0,7,0,0,-0.07832761465193828,0.0,nan,0.2677327259133978
1.7000000000000002,off,swap,0.0752917919563639,0.07529179674394199,0,0,,0,-0.1199999664723056,inf,0,1,0,7,0,0,-0.07838206547712434,0.0,nan,0.26788529351886414
1.75,off,swap,0.07526494734034962,0.07526495217420683,0,0,,0,-0.11999996566809143,inf,0,1,0,7,0,0,-0.07843105128923153,0.0,nan,0.26801907026676564
1.8,off,swap,0.07524226156654402,0.07524226643120535,0,0,,0,-0.11999996497085919,inf,0,1,0,7,0,0,-0.07847419590020571,0.0,nan,0.2681365379678745
1.85,off,swap,0.07522303634692543,0.07522304122954052,0,0,,0,-0.11999996438760412,inf,0,1,0,7,0,0,-0.07851101728309001,0.0,nan,0.2682398183380691
1.9000000000000001,off,swap,0.07520670145507988,0.075206706346868,0,0,,0,-0.11999996389416065,inf,0,1,0,7,0,0,-0.07854217143771854,0.0,nan,0.2683307340249158
1.9500000000000002,off,swap,0.07519278944307667,0.07519279433820308,0,0,,0,-0.11999996346630817,inf,0,1,0,7,0,0,-0.07857202801294164,0.0,nan,0.26841085693990474
2.0,off,swap,0.075180915657611,0.07518092055171227,0,0,,0,-0.11999996310207989,inf,0,1,0,7,0,0,-0.07859730933627618,0.0,nan,0.26848154703268035
2.0500000000000003,off,swap,0.07517076237349907,0.07517076726338902,0,0,,0,-0.11999996279202448,inf,0,1,0,7,0,0,-0.07860790919901402,0.0,nan,0.26854398386293854
2.1,off,swap,0.07516206615690493,0.07516207104084603,0,0,,0,-0.11999996252612015,inf,0,1,0,7,0,0,-0.07862932490338333,0.0,nan,0.2685991925667387
2.15,off,swap,0.07515460776509675,0.07515461264215771,0,0,,0,-0.11999996229318252,inf,0,1,0,7,0,0,-0.0786483417761982,0.0,nan,0.26864806549469467
2.2,off,swap,0.07514820405045884,0.07514820891999344,0,0,,0,-0.11999996209538846,inf,0,1,0,7,0,0,-0.07866492598107631,0.0,nan,0.2686913803733534
2.25,off,swap,0.07514270144973967,0.07514270631146493,0,0,,0,-0.11999996192553883,inf,0,1,0,7,0,0,-0.07867698155304712,0.0,nan,0.26872981571424026
2.3000000000000003,off,swap,0.07513797073656503,0.07513797559008692,0,0,,0,-0.11999996178562185,inf,0,1,0,7,0,0,-0.07868771012291109,0.0,nan,0.2687639639424645
2.35,off,swap,0.07513390277645951,0.07513390762163515,0,0,,0,-0.11999996166998293,inf,0,1,0,7,0,0,-0.07869725726872837,0.0,nan,0.26879434267960634
2.4000000000000004,off,swap,0.07513040508424408,0.0751304099222388,0,0,,0,-0.1199999615597531,inf,0,1,0,7,0,0,-0.07870575297667957,0.0,nan,0.2688214044295857
2.45,off,swap,0.07512739902561354,0.07512740385615055,0,0,,0,-0.11999996147274702,inf,0,1,0,7,0,0,-0.07871331316102159,0.0,nan,0.26884554499463087
2.5,off,swap,0.07512481752741941,0.07512482235155725,0,0,,0,-0.11999996139137606,inf,0,1,0,7,0,0,-0.07872004106504721,0.0,nan,0.26886711072029723
2.5500000000000003,off,swap,0.07512260320775313,0.07512260802531102,0,0,,0,-0.11999996133109692,inf,0,1,0,7,0,0,-0.07872602858469974,0.0,nan,0.2688864048426879
2.6,off,swap,0.075120706834372,0.07512071164598512,0,0,,0,-0.11999996127504506,inf,0,1,0,7,0,0,-0.07873135747848148,0.0,nan,0.26890369295629235
2.6500000000000004,off,swap,0.075119086056146,0.07511909086304291,0,0,,0,-0.11999996121829846,inf,0,1,0,7,0,0,-0.07873610043748797,0.0,nan,0.26891920780647405
2.7,off,swap,0.07511770435416297,0.07511770915593767,0,0,,0,-0.11999996118106199,inf,0,1,0,7,0,0,-0.07874032211923228,0.0,nan,0.2689331534481513
2.75,off,swap,0.07511653016347915,0.07511653496073192,0,0,,0,-0.11999996114816941,inf,0,1,0,7,0,0,-0.07874407999582739,0.0,nan,0.2689457088890407
2.8000000000000003,off,swap,0.07511553614822886,0.07511554094122654,0,0,,0,-0.11999996111927497,inf,0,1,0,7,0,0,-0.07874742516482973,0.0,nan,0.26895703124941706
2.85,off,swap,0.0751146985902974,0.07511470337970405,0,0,,0,-0.11999996109200944,inf,0,1,0,7,0,0,-0.07875040305303224,0.0,nan,0.26896725852275594
2.9000000000000004,off,swap,0.07511399687725213,0.07511400166304642,0,0,,0,-0.11999996107191799,inf,0,1,0,7,0,0,-0.07875305406037084,0.0,nan,0.26897651198932426
2.95,off,swap,0.07511341306815202,0.07511341785112581,0,0,,0,-0.11999996104998595,inf,0,1,0,7,0,0,-0.07875541409772123,0.0,nan,0.2689848983164943
3.0,off,swap,0.07511293153075212,0.07511293631058061,0,0,,0,-0.11999996104194652,inf,0,1,0,7,0,0,-0.0787575151196155,0.0,nan,0.26899251139075864
3.0500000000000003,off,swap,0.07511253862615105,0.07511254340324627,0,0,,0,-0.11999996103103654,inf,0,1,0,7,0,0,-0.07875938553788986,0.0,nan,0.26899943392966763
3.1,off,swap,0.07511222244671108,0.07511222722182274,0,0,,0,-0.11999996101337213,inf,0,1,0,7,0,0,-0.07876105061804452,0.0,nan,0.2690057388648278
3.1500000000000004,off,swap,0.0751119725898276,0.07511197736251718,0,0,,0,-0.1199999610083978,inf,0,1,0,7,0,0,-0.07876253285941943,0.0,nan,0.26901149056576934
3.2,off,swap,0.07511177995939865,0.07511178473017822,0,0,,0,-0.11999996100133895,inf,0,1,0,7,0,0,-0.0787638522749756,0.0,nan,0.26901674590524094
3.25,off,swap,0.07511163660194962,0.07511164137146342,0,0,,0,-0.119999960987006,inf,0,1,0,7,0,0,-0.07876502666921245,0.0,nan,0.26902155518585646
3.3000000000000003,off,swap,0.07511153556141623,0.07511154032972146,0,0,,0,-0.1199999609759157,inf,0,1,0,7,0,0,-0.07876607189128416,0.0,nan,0.2690259629526196
3.35,off,swap,0.07511147075396367,0.07511147552071658,0,0,,0,-0.1199999609755042,inf,0,1,0,7,0,0,-0.07876700205771507,0.0,nan,0.26903000869858007
3.4000000000000004,off,swap,0.07511143685802123,0.07511144162367119,0,0,,0,-0.11999996096906743,inf,0,1,0,7,0,0,-0.07876782973716903,0.0,nan,0.26903372747551424
3.45,off,swap,0.07511142922202653,0.07511143398660904,0,0,,0,-0.11999996096479024,inf,0,1,0,7,0,0,-0.07876856611391218,0.0,nan,0.26903715045212995
3.5,off,swap,0.07511144378167706,0.07511144854549112,0,0,,0,-0.11999996095719248,inf,0,1,0,7,0,0,-0.07876922114087292,0.0,nan,0.26904030536956125
3.5500000000000003,off,swap,0.07511147698947025,0.07511148175177801,0,0,,0,-0.11999996096490043,inf,0,1,0,7,0,0,-0.07876980371454548,0.0,nan,0.2690432169537412
3.6,off,swap,0.07511152574709665,0.07511153050922215,0,0,,0,-0.11999996095360654,inf,0,1,0,7,0,0,-0.07877032172382346,0.0,nan,0.26904590727940836
3.6500000000000004,off,swap,0.0751115873582163,0.07511159211965375,0,0,,0,-0.11999996095169292,inf,0,1,0,7,0,0,-0.07877078221313598,0.0,nan,0.2690483960867128
3.7,off,swap,0.07511165947466902,0.07511166423503332,0,0,,0,-0.11999996095824783,inf,0,1,0,7,0,0,-0.07877119146985723,0.0,nan,0.26905070105277284
3.75,off,swap,0.07511174005467555,0.07511174481506694,0,0,,0,-0.11999996094584511,inf,0,1,0,7,0,0,-0.07877155507181835,0.0,nan,0.26905283803464564
3.8000000000000003,off,swap,0.07511182732986935,0.0751118320899879,0,0,,0,-0.11999996094203538,inf,0,1,0,7,0,0,-0.07877187800807707,0.0,nan,0.2690548212721252
3.85,off,swap,0.07511191976782665,0.07511192452709407,0,0,,0,-0.1199999609469245,inf,0,1,0,7,0,0,-0.07877216471838046,0.0,nan,0.26905666359360614
3.9000000000000004,off,swap,0.07511201604544081,0.07511202080417136,0,0,,0,-0.11999996094970708,inf,0,1,0,7,0,0,-0.07877241915903184,0.0,nan,0.26905837655584974
3.95,off,swap,0.07511211502391,0.07511211978204921,0,0,,0,-0.11999996095235727,inf,0,1,0,7,0,0,-0.07877264485975051,0.0,nan,0.269059970597913
4.0,off,swap,0.07511221572550465,0.07511222048336534,0,0,,0,-0.11999996095027032,inf,0,1,0,7,0,0,-0.0787728449603376,0.0,nan,0.26906145516046476
4.05,off,swap,0.07511231731487558,0.07511232207211725,0,0,,0,-0.11999996095578276,inf,0,1,0,7,0,0,-0.07877302226826884,0.0,nan,0.2690628388024593
4.1000000000000005,off,swap,0.07511241907985305,0.07511242383676692,0,0,,0,-0.11999996095623053,inf,0,1,0,7,0,0,-0.07877317928231493,0.0,nan,0.2690641292910786
4.15,off,swap,0.0751125204180306,0.07511252517539459,0,0,,0,-0.11999996094379019,inf,0,1,0,7,0,0,-0.0787733182297693,0.0,nan,0.2690653336772889
4.2,off,swap,0.07511262082324663,0.07511262558028216,0,0,,0,-0.11999996094536039,inf,0,1,0,7,0,0,-0.07877344108701144,0.0,nan,0.26906645840626464
4.25,off,swap,0.07511271987229923,0.07511272462888763,0,0,,0,-0.11999996095083396,inf,0,1,0,7,0,0,-0.07877354963701011,0.0,nan,0.2690675093336715
4.3,off,swap,0.07511281721406309,0.07511282197027337,0,0,,0,-0.11999996095245757,inf,0,1,0,7,0,0,-0.07877364545156962,0.0,nan,0.26906849182861203
4.3500000000000005,off,swap,0.07511291256206798,0.0751129173180236,0,0,,0,-0.11999996095248801,inf,0,1,0,7,0,0,-0.07877372994028577,0.0,nan,0.2690694107952759
4.4,off,swap,0.0751130056847765,0.0751130104407329,0,0,,0,-0.11999996094998652,inf,0,1,0,7,0,0,-0.07877380435816286,0.0,nan,0.2690702707290732
4.45,off,swap,0.07511309639903675,0.07511310115498337,0,0,,0,-0.11999996094981435,inf,0,1,0,7,0,0,-0.07877386982093083,0.0,nan,0.2690710757628504
4.5,off,swap,0.0751131845635826,0.07511318931958655,0,0,,0,-0.11999996094681828,inf,0,1,0,7,0,0,-0.07877392732384311,0.0,nan,0.269071829691265
4.55,off,swap,0.07511327007339523,0.07511327482911874,0,0,,0,-0.11999996095118771,inf,0,1,0,7,0,0,-0.07877397776085449,0.0,nan,0.2690725360077094
4.6000000000000005,off,swap,0.07511335285386271,0.07511335760946558,0,0,,0,-0.11999996095070684,inf,0,1,0,7,0,0,-0.07877402192061222,0.0,nan,0.26907319793823425
4.65,off,swap,0.0751134328576023,0.0751134376132112,0,0,,0,-0.119999960946928,inf,0,1,0,7,0,0,-0.0787740605098138,0.0,nan,0.26907381845527933
4.7,off,swap,0.07511351006018648,0.0751135148157117,0,0,,0,-0.11999996094802395,inf,0,1,0,7,0,0,-0.07877409415262214,0.0,nan,0.26907440031403296
4.75,off,swap,0.07511358445701612,0.0751135892124091,0,0,,0,-0.11999996094768338,inf,0,1,0,7,0,0,-0.07877412340959819,0.0,nan,0.26907494605934146
4.800000000000001,off,swap,0.07511365605962947,0.0751136608149875,0,0,,0,-0.11999996094756477,inf,0,1,0,7,0,0,-0.07877414878775536,0.0,nan,0.26907545804090083
4.8500000000000005,off,swap,0.07511372489331733,0.07511372964844377,0,0,,0,-0.11999996094949342,inf,0,1,0,7,0,0,-0.07877417072890211,0.0,nan,0.26907593845122635
4.9,off,swap,0.07511379099491244,0.07511379575012786,0,0,,0,-0.11999996094834632,inf,0,1,0,7,0,0,-0.07877418962790024,0.0,nan,0.2690763893172873
4.95,off,swap,0.07511385441181029,0.07511385916662354,0,0,,0,-0.11999996095453488,inf,0,1,0,7,0,0,-0.0787742058350362,0.0,nan,0.26907681252989424
5.0,off,swap,0.07511391519886394,0.07511391995315728,0,0,,0,-0.11999996096261498,inf,0,1,0,7,0,0,-0.07877421966579704,0.0,nan,0.2690772098513107
5.050000000000001,off,swap,0.0751139734167649,0.07511397817121389,0,0,,0,-0.11999996095843318,inf,0,1,0,7,0,0,-0.07877423140416645,0.0,nan,0.2690775829042661
5.1000000000000005,off,swap,0.07511402913183775,0.07511403388627956,0,0,,0,-0.11999996095666216,inf,0,1,0,7,0,0,-0.07877424129635213,0.0,nan,0.2690779332182548
5.15,off,swap,0.07511408241405457,0.0751140871686001,0,0,,0,-0.11999996095438963,inf,0,1,0,7,0,0,-0.0787742495609427,0.0,nan,0.2690782622140143
5.2,off,swap,0.07511413333692842,0.0751141380915591,0,0,,0,-0.11999996095235717,inf,0,1,0,7,0,0,-0.07877425639311533,0.0,nan,0.2690785712196456
5.25,off,swap,0.07511418197565117,0.07511418673037482,0,0,,0,-0.11999996095106466,inf,0,1,0,7,0,0,-0.07877426197396681,0.0,nan,0.269078861467979
5.300000000000001,off,swap,0.07511422840596249,0.07511423316089906,0,0,,0,-0.11999996094861455,inf,0,1,0,7,0,0,-0.078774266454328,0.0,nan,0.2690791341158473
5.3500000000000005,off,swap,0.07511427270581095,0.07511427746060853,0,0,,0,-0.11999996094970289,inf,0,1,0,7,0,0,-0.07877426997331641,0.0,nan,0.26907939024790506
5.4,off,swap,0.0751143149520494,0.07511431970687901,0,0,,0,-0.11999996094901025,inf,0,1,0,7,0,0,-0.07877427265890405,0.0,nan,0.26907963087418907
5.45,off,swap,0.07511435522132065,0.07511435997664549,0,0,,0,-0.1199999609407782,inf,0,1,0,7,0,0,-0.07877427460486533,0.0,nan,0.26907985694671777
5.5,off,swap,0.07511439359122966,0.07511439834655889,0,0,,0,-0.11999996094179374,inf,0,1,0,7,0,0,-0.07877427592260762,0.0,nan,0.2690800693474672
5.550000000000001,off,swap,0.07511443013559926,0.07511443489143058,0,0,,0,-0.1199999609331581,inf,0,1,0,7,0,0,-0.07877427668449884,0.0,nan,0.26908026890686
5.6000000000000005,off,swap,0.07511446493003238,0.07511446968543073,0,0,,0,-0.11999996093977021,inf,0,1,0,7,0,0,-0.07877427697349075,0.0,nan,0.26908045640917033
5.65,off,swap,0.07511449804603697,0.0751145028016422,0,0,,0,-0.11999996093621434,inf,0,1,0,7,0,0,-0.07877427685482132,0.0,nan,0.2690806325786187
5.7,off,swap,0.07511452955469575,0.07511453431007598,0,0,,0,-0.11999996093933678,inf,0,1,0,7,0,0,-0.07877427639254148,0.0,nan,0.26908079810013164
5.75,off,swap,0.07511455952451315,0.07511456427985234,0,0,,0,-0.11999996093949349,inf,0,1,0,7,0,0,-0.0787742756314035,0.0,nan,0.26908095361967466
5.800000000000001,off,swap,0.07511458802332394,0.07511459277855702,0,0,,0,-0.11999996094264437,inf,0,1,0,7,0,0,-0.07877427462491614,0.0,nan,0.2690810997346659
5.8500000000000005,off,swap,0.07511461511572506,0.0751146198709251,0,0,,0,-0.11999996094346732,inf,0,1,0,7,0,0,-0.07877427340954525,0.0,nan,0.2690812370152361
5.9,off,swap,0.07511464086466176,0.07511464561999502,0,0,,0,-0.11999996094340167,inf,0,1,0,7,0,0,-0.07877427201939435,0.0,nan,0.26908136599166366
5.95,off,swap,0.07511466533175905,0.07511467008693337,0,0,,0,-0.11999996094560256,inf,0,1,0,7,0,0,-0.07877427048781586,0.0,nan,0.26908148716044555
6.0,off,swap,0.07511468857548714,0.07511469333042632,0,0,,0,-0.1199999609492165,inf,0,1,0,7,0,0,-0.07877426883951857,0.0,nan,0.2690816009956517
6.050000000000001,off,swap,0.07511471065263495,0.07511471540752872,0,0,,0,-0.11999996094895718,inf,0,1,0,7,0,0,-0.07877426710247493,0.0,nan,0.2690817079315545
6.1000000000000005,off,swap,0.07511473161742205,0.07511473637202469,0,0,,0,-0.11999996095212379,inf,0,1,0,7,0,0,-0.07877426529840943,0.0,nan,0.2690818083822274
6.15,off,swap,0.07511475152231378,0.07511475627676091,0,0,,0,-0.11999996095384663,inf,0,1,0,7,0,0,-0.0787742634354718,0.0,nan,0.26908190274268107
6.2,off,swap,0.07511477041847035,0.07511477517234795,0,0,,0,-0.11999996096173643,inf,0,1,0,7,0,0,-0.07877426154163457,0.0,nan,0.2690819913725985
6.25,off,swap,0.07511478835327388,0.07511479310708244,0,0,,0,-0.1199999609634938,inf,0,1,0,7,0,0,-0.07877425962773671,0.0,nan,0.269082074617664
6.300000000000001,off,swap,0.07511480537322002,0.07511481012719826,0,0,,0,-0.1199999609593198,inf,0,1,0,7,0,0,-0.07877425770334173,0.0,nan,0.2690821528039299
6.3500000000000005,off,swap,0.07511482152262398,0.07511482627727578,0,0,,0,-0.11999996094952656,inf,0,1,0,7,0,0,-0.07877425577938962,0.0,nan,0.2690822262246263
6.4,off,swap,0.07511483684454393,0.07511484159914858,0,0,,0,-0.11999996094943396,inf,0,1,0,7,0,0,-0.07877425386680717,0.0,nan,0.26908229516955473
6.45,off,swap,0.07511485137923675,0.07511485613377357,0,0,,0,-0.11999996094917935,inf,0,1,0,7,0,0,-0.07877425196999978,0.0,nan,0.2690823599101172
6.5,off,swap,0.07511486516551684,0.07511486992014496,0,0,,0,-0.11999996094968657,inf,0,1,0,7,0,0,-0.07877425009829281,0.0,nan,0.26908242069920274
6.550000000000001,off,swap,0.0751148782402901,0.07511488299549716,0,0,,0,-0.11999996094195634,inf,0,1,0,7,0,0,-0.07877424825379176,0.0,nan,0.26908247776589744
6.6000000000000005,off,swap,0.07511489063965056,0.07511489539462927,0,0,,0,-0.11999996094824093,inf,0,1,0,7,0,0,-0.07877424644249947,0.0,nan,0.2690825313410835
6.65,off,swap,0.07511490239689086,0.0751149071518758,0,0,,0,-0.11999996094800403,inf,0,1,0,7,0,0,-0.07877424466859241,0.0,nan,0.26908258163053655
6.7,off,swap,0.07511491354426118,0.07511491829912373,0,0,,0,-0.11999996094901512,inf,0,1,0,7,0,0,-0.0787742429335908,0.0,nan,0.269082628834043
6.75,off,swap,0.07511492411259091,0.07511492886742129,0,0,,0,-0.11999996094955455,inf,0,1,0,7,0,0,-0.07877424123662868,0.0,nan,0.2690826731391799
6.800000000000001,off,swap,0.07511493413127562,0.07511493888594362,0,0,,0,-0.11999996095203876,inf,0,1,0,7,0,0,-0.07877423959012293,0.0,nan,0.26908271471447665
6.8500000000000005,off,swap,0.07511494362754821,0.07511494838246041,0,0,,0,-0.11999996094594004,inf,0,1,0,7,0,0,-0.07877423798423212,0.0,nan,0.2690827537288102
6.9,off,swap,0.07511495262881089,0.07511495738350127,0,0,,0,-0.11999996094917864,inf,0,1,0,7,0,0,-0.07877423642551093,0.0,nan,0.2690827903335534
6.95,off,swap,0.07511496115989395,0.0751149659143549,0,0,,0,-0.11999996095206647,inf,0,1,0,7,0,0,-0.07877423491099751,0.0,nan,0.26908282467744715
7.0,off,swap,0.07511496924502958,0.07511497399926327,0,0,,0,-0.11999996095731578,inf,0,1,0,7,0,0,-0.07877423344427605,0.0,nan,0.2690828568957703
7.050000000000001,off,swap,0.07511497690665124,0.07511498166092409,0,0,,0,-0.11999996095563256,inf,0,1,0,7,0,0,-0.07877423202959775,0.0,nan,0.2690828871123693
7.1000000000000005,off,swap,0.07511498416642118,0.07511498892081431,0,0,,0,-0.11999996095321716,inf,0,1,0,7,0,0,-0.07877423066249825,0.0,nan,0.2690829154542179
7.15,off,swap,0.07511499104522422,0.07511499580003132,0,0,,0,-0.11999996094778652,inf,0,1,0,7,0,0,-0.07877422934017042,0.0,nan,0.2690829420323445
7.2,off,swap,0.0751149975630265,0.07511500231809672,0,0,,0,-0.11999996094333729,inf,0,1,0,7,0,0,-0.07877422805850784,0.0,nan,0.269082966955391
7.25,off,swap,0.07511500373885144,0.07511500849357967,0,0,,0,-0.11999996094869637,inf,0,1,0,7,0,0,-0.07877422682421244,0.0,nan,0.2690829903228279
7.300000000000001,off,swap,0.07511500958966151,0.07511501434444265,0,0,,0,-0.11999996094842852,inf,0,1,0,7,0,0,-0.07877422563536518,0.0,nan,0.26908301222464714
7.3500000000000005,off,swap,0.07511501513257776,0.07511501988715634,0,0,,0,-0.11999996095235932,inf,0,1,0,7,0,0,-0.07877422448807483,0.0,nan,0.2690830327582109
7.4,off,swap,0.07511502038364322,0.07511502513822009,0,0,,0,-0.11999996095259993,inf,0,1,0,7,0,0,-0.07877422338252467,0.0,nan,0.26908305200409266
7.45,off,swap,0.07511502535795368,0.07511503011262621,0,0,,0,-0.11999996095275084,inf,0,1,0,7,0,0,-0.07877422232691914,0.0,nan,0.2690830700353092
7.5,off,swap,0.07511503006925703,0.07511503482451685,0,0,,0,-0.11999996094389459,inf,0,1,0,7,0,0,-0.07877422130723499,0.0,nan,0.26908308693087324
7.550000000000001,off,swap,0.07511503453253451,0.07511503928786109,0,0,,0,-0.11999996094244778,inf,0,1,0,7,0,0,-0.0787742203308564,0.0,nan,0.26908310275305725
7.6000000000000005,off,swap,0.07511503876004226,0.07511504351500449,0,0,,0,-0.11999996094621719,inf,0,1,0,7,0,0,-0.07877421938996838,0.0,nan,0.26908311757824943
7.65,off,swap,0.07511504276412045,0.07511504751922946,0,0,,0,-0.11999996094341425,inf,0,1,0,7,0,0,-0.07877421848122325,0.0,nan,0.26908313146583784
7.7,off,swap,0.07511504655712832,0.0751150513119457,0,0,,0,-0.11999996094722291,inf,0,1,0,7,0,0,-0.07877421761392031,0.0,nan,0.26908314446713477
7.75,off,swap,0.07511505014914355,0.07511505490385208,0,0,,0,-0.11999996094894297,inf,0,1,0,7,0,0,-0.07877421677954227,0.0,nan,0.2690831566412809
7.800000000000001,off,swap,0.07511505355127891,0.07511505830590519,0,0,,0,-0.11999996095070717,inf,0,1,0,7,0,0,-0.07877421598377897,0.0,nan,0.26908316803794585
7.8500000000000005,off,swap,0.07511505677286538,0.07511506152797547,0,0,,0,-0.11999996094420326,inf,0,1,0,7,0,0,-0.07877421521514015,0.0,nan,0.2690831787072713
7.9,off,swap,0.0751150598243549,0.07511506457965306,0,0,,0,-0.11999996094123873,inf,0,1,0,7,0,0,-0.07877421447789798,0.0,nan,0.26908318869038494
7.95,off,swap,0.07511506271442574,0.07511506746949896,0,0,,0,-0.1199999609459447,inf,0,1,0,7,0,0,-0.07877421377102747,0.0,nan,0.26908319803250735
8.0,off,swap,0.07511506545133508,0.07511507020648661,0,0,,0,-0.11999996094415671,inf,0,1,0,7,0,0,-0.07877421309996153,0.0,nan,0.2690832067704617
8.05,off,swap,0.07511506804260301,0.07511507279821984,0,0,,0,-0.119999960938167,inf,0,1,0,7,0,0,-0.07877421244978307,0.0,nan,0.2690832149409562
8.1,off,swap,0.07511507049735786,0.07511507525239837,0,0,,0,-0.11999996094684423,inf,0,1,0,7,0,0,-0.07877421182766778,0.0,nan,0.2690832225847758
8.15,off,swap,0.07511507282173482,0.07511507757663434,0,0,,0,-0.11999996094954084,inf,0,1,0,7,0,0,-0.07877421123430477,0.0,nan,0.2690832297292066
8.200000000000001,off,swap,0.07511507502267908,0.07511507977747986,0,0,,0,-0.11999996095070574,inf,0,1,0,7,0,0,-0.07877421066717188,0.0,nan,0.26908323640941834
8.25,off,swap,0.07511507710663098,0.07511508186164413,0,0,,0,-0.11999996094782639,inf,0,1,0,7,0,0,-0.07877421012441345,0.0,nan,0.26908324265131645
8.3,off,swap,0.075115079080119,0.07511508383515096,0,0,,0,-0.11999996094787074,inf,0,1,0,7,0,0,-0.0787742096066673,0.0,nan,0.26908324848448284
8.35,off,swap,0.07511508094866647,0.07511508570400431,0,0,,0,-0.11999996094264412,inf,0,1,0,7,0,0,-0.07877420910656455,0.0,nan,0.269083253933872
8.4,off,swap,0.07511508271847721,0.0751150874736683,0,0,,0,-0.11999996094494528,inf,0,1,0,7,0,0,-0.07877420863470298,0.0,nan,0.26908325902025554
8.450000000000001,off,swap,0.07511508439378616,0.0751150891491407,0,0,,0,-0.11999996094132084,inf,0,1,0,7,0,0,-0.07877420818026727,0.0,nan,0.2690832637705908
8.5,off,swap,0.07511508598050812,0.07511509073569951,0,0,,0,-0.11999996094310243,inf,0,1,0,7,0,0,-0.07877420774522836,0.0,nan,0.26908326820727424
8.55,off,swap,0.07511508748270085,0.07511509223815878,0,0,,0,-0.11999996094096105,inf,0,1,0,7,0,0,-0.07877420732472129,0.0,nan,0.26908327234944374
8.6,off,swap,0.0751150889056753,0.07511509366085446,0,0,,0,-0.11999996094514813,inf,0,1,0,7,0,0,-0.07877420692672873,0.0,nan,0.2690832762083354
8.65,off,swap,0.07511509025283984,0.07511509500743084,0,0,,0,-0.11999996095361361,inf,0,1,0,7,0,0,-0.07877420654520545,0.0,nan,0.2690832798077979
8.700000000000001,off,swap,0.07511509152856835,0.07511509628256406,0,0,,0,-0.11999996096102192,inf,0,1,0,7,0,0,-0.07877420618162533,0.0,nan,0.2690832831688915
8.75,off,swap,0.07511509273608687,0.07511509749019497,0,0,,0,-0.11999996095929347,inf,0,1,0,7,0,0,-0.07877420583625092,0.0,nan,0.26908328630317657
8.8,off,swap,0.07511509387919352,0.07511509863391308,0,0,,0,-0.11999996095069604,inf,0,1,0,7,0,0,-0.07877420550503836,0.0,nan,0.2690832892229401
8.85,off,swap,0.07511509496181251,0.07511509971666004,0,0,,0,-0.11999996094796304,inf,0,1,0,7,0,0,-0.07877420518778908,0.0,nan,0.26908329194241565
8.9,off,swap,0.0751150959870517,0.07511510074169503,0,0,,0,-0.1199999609497954,inf,0,1,0,7,0,0,-0.07877420488474368,0.0,nan,0.269083294478094
8.950000000000001,off,swap,0.07511509695749588,0.0751151017123904,0,0,,0,-0.11999996094660485,inf,0,1,0,7,0,0,-0.07877420459620764,0.0,nan,0.2690832968356457
9.0,off,swap,0.075115097876486,0.0751151026312486,0,0,,0,-0.11999996094885712,inf,0,1,0,7,0,0,-0.07877420432227311,0.0,nan,0.2690832990334172
9.05,off,swap,0.07511509874616659,0.07511510350151251,0,0,,0,-0.11999996094208806,inf,0,1,0,7,0,0,-0.07877420405625743,0.0,nan,0.2690833010747061
9.1,off,swap,0.0751150995702952,0.07511510432506231,0,0,,0,-0.11999996095032124,inf,0,1,0,7,0,0,-0.07877420380501951,0.0,nan,0.2690833029741261
9.15,off,swap,0.07511510035042687,0.075115105105001,0,0,,0,-0.11999996095200668,inf,0,1,0,7,0,0,-0.07877420356434015,0.0,nan,0.26908330474342457
9.200000000000001,off,swap,0.0751151010888571,0.07511510584363773,0,0,,0,-0.11999996094937826,inf,0,1,0,7,0,0,-0.07877420333240219,0.0,nan,0.2690833063843806
9.25,off,swap,0.07511510178842533,0.07511510654279506,0,0,,0,-0.11999996095416432,inf,0,1,0,7,0,0,-0.07877420311322963,0.0,nan,0.2690833079109832
9.3,off,swap,0.07511510245049081,0.07511510720487173,0,0,,0,-0.11999996095483775,inf,0,1,0,7,0,0,-0.07877420290383563,0.0,nan,0.26908330933172697
9.35,off,swap,0.07511510307713588,0.07511510783201729,0,0,,0,-0.11999996094743542,inf,0,1,0,7,0,0,-0.07877420269980293,0.0,nan,0.2690833106494147
9.4,off,swap,0.0751151036709247,0.07511510842560185,0,0,,0,-0.11999996095110509,inf,0,1,0,7,0,0,-0.07877420251127276,0.0,nan,0.2690833118703232
9.450000000000001,off,swap,0.0751151042325315,0.0751151089876242,0,0,,0,-0.11999996094651078,inf,0,1,0,7,0,0,-0.07877420232741987,0.0,nan,0.269083313006493
9.5,off,swap,0.07511510476465663,0.07511510952007011,0,0,,0,-0.11999996094116258,inf,0,1,0,7,0,0,-0.07877420215473943,0.0,nan,0.2690833140548018
9.55,off,swap,0.07511510526842877,0.0751151100238231,0,0,,0,-0.11999996094254724,inf,0,1,0,7,0,0,-0.07877420198677512,0.0,nan,0.26908331502438687
9.600000000000001,off,swap,0.0751151057458047,0.07511511050053898,0,0,,0,-0.11999996095266949,inf,0,1,0,7,0,0,-0.07877420182915738,0.0,nan,0.26908331592659585
9.65,off,swap,0.07511510619704524,0.07511511095218193,0,0,,0,-0.1199999609467643,inf,0,1,0,7,0,0,-0.07877420167380406,0.0,nan,0.26908331675894337
9.700000000000001,off,swap,0.0751151066250423,0.0751151113797773,0,0,,0,-0.1199999609533356,inf,0,1,0,7,0,0,-0.07877420152808984,0.0,nan,0.26908331753284964
9.75,off,swap,0.0751151070298292,0.07511511178488901,0,0,,0,-0.11999996094715557,inf,0,1,0,7,0,0,-0.07877420139068289,0.0,nan,0.2690833182424218
9.8,off,swap,0.07511510741304858,0.07511511216785074,0,0,,0,-0.11999996095078255,inf,0,1,0,7,0,0,-0.0787742012569222,0.0,nan,0.26908331890505244
9.850000000000001,off,swap,0.07511510777584744,0.07511511253113845,0,0,,0,-0.11999996094384616,inf,0,1,0,7,0,0,-0.07877420113296799,0.0,nan,0.2690833195122698
9.9,off,swap,0.07511510811928951,0.07511511287474477,0,0,,0,-0.11999996094105868,inf,0,1,0,7,0,0,-0.07877420101435291,0.0,nan,0.269083320067261
9.950000000000001,off,swap,0.07511510844471761,0.07511511319958784,0,0,,0,-0.11999996094951537,inf,0,1,0,7,0,0,-0.07877420090061284,0.0,nan,0.2690833205871689
10.0,off,swap,0.07511510875240349,0.07511511350792997,0,0,,0,-0.11999996094037993,inf,0,1,0,7,0,0,-0.07877420078978624,0.0,nan,0.2690833210604199
10.05,off,swap,0.07511510904437842,0.07511511379951517,0,0,,0,-0.11999996094639964,inf,0,1,0,7,0,0,-0.07877420068592114,0.0,nan,0.26908332149701797
10.100000000000001,off,swap,0.07511510932040039,0.07511511407563184,0,0,,0,-0.11999996094662299,inf,0,1,0,7,0,0,-0.07877420058692798,0.0,nan,0.2690833218973486
10.15,off,swap,0.07511510958184839,0.07511511433694112,0,0,,0,-0.11999996094806531,inf,0,1,0,7,0,0,-0.07877420049275946,0.0,nan,0.26908332226554743
10.200000000000001,off,swap,0.07511510982936295,0.07511511458449568,0,0,,0,-0.11999996094701407,inf,0,1,0,7,0,0,-0.07877420040182266,0.0,nan,0.2690833226026116
10.25,off,swap,0.07511511006388233,0.07511511481886383,0,0,,0,-0.11999996094729397,inf,0,1,0,7,0,0,-0.07877420031559283,0.0,nan,0.26908332291421766
10.3,off,swap,0.0751151102857506,0.07511511504090918,0,0,,0,-0.11999996094429932,inf,0,1,0,7,0,0,-0.0787742002335723,0.0,nan,0.2690833232013493
10.350000000000001,off,swap,0.07511511049573673,0.0751151152512951,0,0,,0,-0.11999996093509137,inf,0,1,0,7,0,0,-0.07877420015595384,0.0,nan,0.2690833234549247
10.4,off,swap,0.07511511069483398,0.07511511544982302,0,0,,0,-0.11999996094215064,inf,0,1,0,7,0,0,-0.07877420008166651,0.0,nan,0.2690833236893867
10.450000000000001,off,swap,0.0751151108832225,0.07511511563813392,0,0,,0,-0.11999996094422911,inf,0,1,0,7,0,0,-0.07877420000939515,0.0,nan,0.26908332390739254
10.5,off,swap,0.07511511106144383,0.07511511581665993,0,0,,0,-0.11999996094041046,inf,0,1,0,7,0,0,-0.07877419994698005,0.0,nan,0.26908332409986946
10.55,off,swap,0.07511511122973841,0.07511511598518016,0,0,,0,-0.1199999609384673,inf,0,1,0,7,0,0,-0.07877419987834733,0.0,nan,0.2690833242782139
10.600000000000001,off,swap,0.07511511139010417,0.07511511614505344,0,0,,0,-0.11999996094459656,inf,0,1,0,7,0,0,-0.07877419981649367,0.0,nan,0.26908332444043304
10.65,off,swap,0.07511511154135123,0.07511511629646722,0,0,,0,-0.11999996094238612,inf,0,1,0,7,0,0,-0.07877419975802068,0.0,nan,0.2690833245873444
10.700000000000001,off,swap,0.07511511168452788,0.07511511644002797,0,0,,0,-0.11999996093889564,inf,0,1,0,7,0,0,-0.07877419969802871,0.0,nan,0.26908332472212415
10.75,off,swap,0.07511511182037822,0.0751151165760657,0,0,,0,-0.11999996093747331,inf,0,1,0,7,0,0,-0.0787741996451827,0.0,nan,0.26908332483604835
10.8,off,swap,0.07511511194894219,0.07511511670422723,0,0,,0,-0.11999996094162327,inf,0,1,0,7,0,0,-0.07877419959347591,0.0,nan,0.2690833249410619
10.850000000000001,off,swap,0.07511511207054092,0.07511511682574429,0,0,,0,-0.11999996094280235,inf,0,1,0,7,0,0,-0.07877419954343369,0.0,nan,0.2690833250337664
10.9,off,swap,0.07511511218582927,0.07511511694068976,0,0,,0,-0.11999996094767376,inf,0,1,0,7,0,0,-0.07877419949494541,0.0,nan,0.2690833251160988
10.950000000000001,off,swap,0.07511511229515004,0.075115117049709,0,0,,0,-0.119999960953071,inf,0,1,0,7,0,0,-0.0787741994506988,0.0,nan,0.2690833251889183
11.0,off,swap,0.07511511239852951,0.07511511715284304,0,0,,0,-0.11999996095562585,inf,0,1,0,7,0,0,-0.07877419940673357,0.0,nan,0.26908332525362655
11.05,off,swap,0.07511511249643311,0.07511511725044284,0,0,,0,-0.11999996096082814,inf,0,1,0,7,0,0,-0.07877419936626162,0.0,nan,0.2690833253137467
11.100000000000001,off,swap,0.07511511258907773,0.07511511734330142,0,0,,0,-0.11999996095519226,inf,0,1,0,7,0,0,-0.07877419932415115,0.0,nan,0.2690833253674808
11.15,off,swap,0.07511511267695097,0.0751151174312239,0,0,,0,-0.11999996095412924,inf,0,1,0,7,0,0,-0.078774199284407,0.0,nan,0.2690833254127597
11.200000000000001,off,swap,0.0751151127599993,0.07511511751425197,0,0,,0,-0.11999996095611454,inf,0,1,0,7,0,0,-0.07877419925238034,0.0,nan,0.26908332544975566
11.25,off,swap,0.07511511283830992,0.07511511759286783,0,0,,0,-0.11999996095127548,inf,0,1,0,7,0,0,-0.07877419921780399,0.0,nan,0.2690833254806456
11.3,off,swap,0.07511511291281932,0.07511511766719751,0,0,,0,-0.11999996095357328,inf,0,1,0,7,0,0,-0.07877419918920738,0.0,nan,0.26908332550255853
11.350000000000001,off,swap,0.07511511298317339,0.07511511773728244,0,0,,0,-0.11999996095738835,inf,0,1,0,7,0,0,-0.07877419916134466,0.0,nan,0.26908332552098047
11.4,off,swap,0.07511511304971723,0.07511511780378549,0,0,,0,-0.11999996095755217,inf,0,1,0,7,0,0,-0.07877419913356963,0.0,nan,0.2690833255400523
11.450000000000001,off,swap,0.07511511311258941,0.07511511786706686,0,0,,0,-0.11999996095143528,inf,0,1,0,7,0,0,-0.07877419910781379,0.0,nan,0.2690833255516999
11.5,off,swap,0.07511511317226412,0.07511511792672727,0,0,,0,-0.11999996095169577,inf,0,1,0,7,0,0,-0.07877419907754839,0.0,nan,0.26908332556205716
11.55,off,swap,0.0751151132293575,0.07511511798322074,0,0,,0,-0.11999996095965076,inf,0,1,0,7,0,0,-0.07877419905486997,0.0,nan,0.26908332556963577
11.600000000000001,off,swap,0.07511511328261279,0.07511511803690601,0,0,,0,-0.11999996095189258,inf,0,1,0,7,0,0,-0.0787741990287086,0.0,nan,0.2690833255770303
11.65,off,swap,0.07511511333333207,0.0751151180879944,0,0,,0,-0.11999996094606244,inf,0,1,0,7,0,0,-0.07877419900534362,0.0,nan,0.2690833255770927
11.700000000000001,off,swap,0.07511511338146878,0.07511511813604904,0,0,,0,-0.11999996094927227,inf,0,1,0,7,0,0,-0.0787741989788574,0.0,nan,0.26908332558009407
11.75,off,swap,0.07511511342727326,0.0751151181818631,0,0,,0,-0.11999996094834076,inf,0,1,0,7,0,0,-0.0787741989611921,0.0,nan,0.26908332557430514
11.8,off,swap,0.07511511347014874,0.07511511822475019,0,0,,0,-0.11999996094996487,inf,0,1,0,7,0,0,-0.07877419894149493,0.0,nan,0.2690833255669348
11.850000000000001,off,swap,0.07511511351104495,0.07511511826539648,0,0,,0,-0.1199999609542626,inf,0,1,0,7,0,0,-0.07877419892513775,0.0,nan,0.2690833255620363
11.9,off,swap,0.07511511354925991,0.07511511830426171,0,0,,0,-0.11999996094407896,inf,0,1,0,7,0,0,-0.07877419890564506,0.0,nan,0.2690833255551922
11.950000000000001,off,swap,0.07511511358604535,0.07511511834111205,0,0,,0,-0.11999996094212823,inf,0,1,0,7,0,0,-0.07877419888760365,0.0,nan,0.26908332554277214
12.0,off,swap,0.07511511362097975,0.07511511837557065,0,0,,0,-0.11999996094964148,inf,0,1,0,7,0,0,-0.07877419887136722,0.0,nan,0.2690833255336972
12.05,off,swap,0.07511511365365332,0.07511511840858194,0,0,,0,-0.11999996094457463,inf,0,1,0,7,0,0,-0.07877419885776732,0.0,nan,0.26908332552234826
12.100000000000001,off,swap,0.07511511368441592,0.0751151184396582,0,0,,0,-0.11999996093941434,inf,0,1,0,7,0,0,-0.07877419884394958,0.0,nan,0.269083325508903
12.15,off,swap,0.07511511371384214,0.07511511846903934,0,0,,0,-0.11999996094125003,inf,0,1,0,7,0,0,-0.07877419883236314,0.0,nan,0.26908332549410197
12.200000000000001,off,swap,0.0751151137414743,0.07511511849690126,0,0,,0,-0.11999996093858341,inf,0,1,0,7,0,0,-0.07877419881746134,0.0,nan,0.26908332547791336
12.25,off,swap,0.07511511376808969,0.07511511852303136,0,0,,0,-0.11999996094580417,inf,0,1,0,7,0,0,-0.07877419880314637,0.0,nan,0.2690833254656705
12.3,off,swap,0.07511511379308214,0.07511511854822786,0,0,,0,-0.11999996094426546,inf,0,1,0,7,0,0,-0.07877419879398327,0.0,nan,0.26908332544764557
12.350000000000001,off,swap,0.07511511381638977,0.07511511857154292,0,0,,0,-0.1199999609440408,inf,0,1,0,7,0,0,-0.07877419878401426,0.0,nan,0.26908332543119184
12.4,off,swap,0.07511511383855637,0.07511511859393132,0,0,,0,-0.1199999609395982,inf,0,1,0,7,0,0,-0.07877419876993487,0.0,nan,0.2690833254161834
12.450000000000001,off,swap,0.07511511386016174,0.07511511861530167,0,0,,0,-0.11999996094313989,inf,0,1,0,7,0,0,-0.0787741987588693,0.0,nan,0.26908332539768975
12.5,off,swap,0.07511511388037162,0.07511511863518996,0,0,,0,-0.11999996094943352,inf,0,1,0,7,0,0,-0.0787741987482816,0.0,nan,0.2690833253843673
12.55,off,swap,0.07511511389919136,0.07511511865448363,0,0,,0,-0.11999996094239879,inf,0,1,0,7,0,0,-0.07877419874274964,0.0,nan,0.2690833253645625
12.600000000000001,off,swap,0.07511511391676934,0.07511511867206928,0,0,,0,-0.11999996094216353,inf,0,1,0,7,0,0,-0.07877419873186851,0.0,nan,0.2690833253486983
12.65,off,swap,0.07511511393402048,0.07511511868927875,0,0,,0,-0.11999996094263818,inf,0,1,0,7,0,0,-0.07877419872279687,0.0,nan,0.2690833253315167
12.700000000000001,off,swap,0.07511511395020633,0.07511511870535442,0,0,,0,-0.1199999609449313,inf,0,1,0,7,0,0,-0.07877419871930014,0.0,nan,0.2690833253140058
12.75,off,swap,0.07511511396498531,0.0751151187206483,0,0,,0,-0.11999996093619127,inf,0,1,0,7,0,0,-0.07877419871171862,0.0,nan,0.2690833252936692
12.8,off,swap,0.07511511397971211,0.07511511873491904,0,0,,0,-0.11999996094280746,inf,0,1,0,7,0,0,-0.07877419870212264,0.0,nan,0.26908332527516465
12.850000000000001,off,swap,0.07511511399391589,0.07511511874853996,0,0,,0,-0.11999996095131008,inf,0,1,0,7,0,0,-0.07877419869475848,0.0,nan,0.26908332525847645
12.9,off,swap,0.07511511400672799,0.07511511876139948,0,0,,0,-0.11999996095225773,inf,0,1,0,7,0,0,-0.07877419868267517,0.0,nan,0.26908332524403267
12.950000000000001,off,swap,0.07511511401949032,0.07511511877368324,0,0,,0,-0.11999996095926024,inf,0,1,0,7,0,0,-0.07877419867758352,0.0,nan,0.2690833252279531
13.0,off,swap,0.07511511403095275,0.07511511878528172,0,0,,0,-0.11999996095708047,inf,0,1,0,7,0,0,-0.07877419867189275,0.0,nan,0.26908332521475475
13.05,off,swap,0.07511511404174619,0.07511511879658833,0,0,,0,-0.11999996094965631,inf,0,1,0,7,0,0,-0.07877419866304779,0.0,nan,0.26908332520226363
13.100000000000001,off,swap,0.07511511405233337,0.07511511880718905,0,0,,0,-0.1199999609487905,inf,0,1,0,7,0,0,-0.07877419865655756,0.0,nan,0.26908332518663236
13.15,off,swap,0.07511511406224815,0.0751151188170097,0,0,,0,-0.11999996095040107,inf,0,1,0,7,0,0,-0.07877419865499423,0.0,nan,0.2690833251707928
13.200000000000001,off,swap,0.07511511407124134,0.07511511882627216,0,0,,0,-0.11999996094608124,inf,0,1,0,7,0,0,-0.0787741986477553,0.0,nan,0.269083325156814
13.25,off,swap,0.07511511408023934,0.0751151188351129,0,0,,0,-0.11999996095002571,inf,0,1,0,7,0,0,-0.07877419864284177,0.0,nan,0.2690833251457613
13.3,off,swap,0.07511511408854597,0.07511511884386791,0,0,,0,-0.11999996094262269,inf,0,1,0,7,0,0,-0.0787741986393821,0.0,nan,0.26908332512946675
13.350000000000001,off,swap,0.07511511409636383,0.07511511885151947,0,0,,0,-0.1199999609437531,inf,0,1,0,7,0,0,-0.07877419863551194,0.0,nan,0.2690833251174297
13.4,off,swap,0.0751151141037187,0.07511511885920964,0,0,,0,-0.11999996093895013,inf,0,1,0,7,0,0,-0.07877419863464183,0.0,nan,0.26908332509819133
13.450000000000001,off,swap,0.07511511411076396,0.07511511886579207,0,0,,0,-0.11999996094635088,inf,0,1,0,7,0,0,-0.07877419862620692,0.0,nan,0.26908332508576727
13.5,off,swap,0.07511511411797764,0.07511511887252989,0,0,,0,-0.1199999609552613,inf,0,1,0,7,0,0,-0.07877419862392546,0.0,nan,0.269083325070273
13.55,off,swap,0.07511511412439532,0.07511511887881017,0,0,,0,-0.11999996095516546,inf,0,1,0,7,0,0,-0.07877419861786729,0.0,nan,0.26908332506166344
13.600000000000001,off,swap,0.07511511413062755,0.07511511888521161,0,0,,0,-0.11999996095241452,inf,0,1,0,7,0,0,-0.07877419861410204,0.0,nan,0.26908332504906995
13.65,off,swap,0.07511511413637821,0.07511511889085995,0,0,,0,-0.11999996095385825,inf,0,1,0,7,0,0,-0.07877419861272321,0.0,nan,0.2690833250336865
13.700000000000001,off,swap,0.07511511414174914,0.07511511889604923,0,0,,0,-0.11999996095648523,inf,0,1,0,7,0,0,-0.07877419860716448,0.0,nan,0.26908332502497945
13.75,off,swap,0.07511511414694313,0.07511511890138571,0,0,,0,-0.1199999609537718,inf,0,1,0,7,0,0,-0.07877419860285344,0.0,nan,0.26908332501784293
13.8,off,swap,0.07511511415176383,0.07511511890669509,0,0,,0,-0.11999996094639896,inf,0,1,0,7,0,0,-0.0787741986025873,0.0,nan,0.2690833250057293
13.850000000000001,off,swap,0.07511511415613661,0.07511511891110034,0,0,,0,-0.11999996094638898,inf,0,1,0,7,0,0,-0.0787741986025586,0.0,nan,0.26908332499228094
13.9,off,swap,0.07511511416037539,0.07511511891529982,0,0,,0,-0.11999996094655507,inf,0,1,0,7,0,0,-0.07877419859899358,0.0,nan,0.26908332498542353
13.950000000000001,off,swap,0.07511511416445625,0.07511511891962058,0,0,,0,-0.1199999609432128,inf,0,1,0,7,0,0,-0.07877419859502291,0.0,nan,0.2690833249767749
14.0,off,swap,0.0751151141685161,0.07511511892376593,0,0,,0,-0.11999996094140972,inf,0,1,0,7,0,0,-0.07877419859716711,0.0,nan,0.26908332496128284
14.05,off,swap,0.07511511417197224,0.0751151189270459,0,0,,0,-0.11999996094341417,inf,0,1,0,7,0,0,-0.07877419859291085,0.0,nan,0.2690833249501824
14.100000000000001,off,swap,0.07511511417578555,0.07511511893045468,0,0,,0,-0.11999996094935451,inf,0,1,0,7,0,0,-0.07877419858870689,0.0,nan,0.2690833249428711
14.15,off,swap,0.07511511417929376,0.07511511893401157,0,0,,0,-0.11999996094833598,inf,0,1,0,7,0,0,-0.07877419858315268,0.0,nan,0.26908332493798637
14.200000000000001,off,swap,0.0751151141826725,0.07511511893741074,0,0,,0,-0.11999996094672405,inf,0,1,0,7,0,0,-0.07877419857784372,0.0,nan,0.269083324933063
14.25,off,swap,0.07511511418583712,0.07511511894064701,0,0,,0,-0.11999996094599005,inf,0,1,0,7,0,0,-0.07877419857976299,0.0,nan,0.2690833249239851
14.3,off,swap,0.0751151141882366,0.07511511894329029,0,0,,0,-0.11999996094176495,inf,0,1,0,7,0,0,-0.07877419857676432,0.0,nan,0.26908332491838494
14.350000000000001,off,swap,0.07511511419100163,0.0751151189461495,0,0,,0,-0.11999996094065567,inf,0,1,0,7,0,0,-0.07877419857831217,0.0,nan,0.2690833249039247
14.4,off,swap,0.0751151141935152,0.07511511894811322,0,0,,0,-0.11999996095003616,inf,0,1,0,7,0,0,-0.07877419857700084,0.0,nan,0.26908332489381703
14.450000000000001,off,swap,0.07511511419595211,0.07511511895024438,0,0,,0,-0.1199999609557682,inf,0,1,0,7,0,0,-0.07877419857626632,0.0,nan,0.26908332488530007
14.5,off,swap,0.07511511419817055,0.07511511895239341,0,0,,0,-0.11999996095736701,inf,0,1,0,7,0,0,-0.07877419857669223,0.0,nan,0.269083324879417
14.55,off,swap,0.0751151141999777,0.07511511895450491,0,0,,0,-0.11999996095298095,inf,0,1,0,7,0,0,-0.07877419857600151,0.0,nan,0.26908332487222963
14.600000000000001,off,swap,0.0751151142019066,0.0751151189563929,0,0,,0,-0.11999996095473002,inf,0,1,0,7,0,0,-0.07877419857026922,0.0,nan,0.26908332486950226
14.65,off,swap,0.07511511420416075,0.07511511895859814,0,0,,0,-0.11999996095483662,inf,0,1,0,7,0,0,-0.07877419857011242,0.0,nan,0.2690833248628889
14.700000000000001,off,swap,0.0751151142059265,0.07511511896035333,0,0,,0,-0.11999996095533098,inf,0,1,0,7,0,0,-0.07877419856995248,0.0,nan,0.26908332485738595
14.75,off,swap,0.07511511420748683,0.0751151189621671,0,0,,0,-0.11999996095073545,inf,0,1,0,7,0,0,-0.07877419857190837,0.0,nan,0.2690833248505192
14.8,off,swap,0.07511511420902908,0.07511511896390023,0,0,,0,-0.1199999609472549,inf,0,1,0,7,0,0,-0.07877419857056295,0.0,nan,0.2690833248478276
14.850000000000001,off,swap,0.07511511421054902,0.07511511896577647,0,0,,0,-0.11999996094085241,inf,0,1,0,7,0,0,-0.07877419857291847,0.0,nan,0.26908332484233755
14.9,off,swap,0.07511511421166822,0.07511511896728836,0,0,,0,-0.11999996093522472,inf,0,1,0,7,0,0,-0.07877419857434126,0.0,nan,0.26908332483557185
14.950000000000001,off,swap,0.07511511421279335,0.07511511896844572,0,0,,0,-0.11999996093542657,inf,0,1,0,7,0,0,-0.07877419857339076,0.0,nan,0.26908332483152664
15.0,off,swap,0.07511511421411071,0.07511511896998099,0,0,,0,-0.11999996093282204,inf,0,1,0,7,0,0,-0.07877419857315754,0.0,nan,0.2690833248236558
0.05,self,swap,0.32140300669555155,0.3214030065374729,0,0,,0,0.05676101943747254,inf,2,1,0,0,0,0,0.0,0.25,nan,0.21438105844945532
0.1,self,swap,0.29074526774421366,0.29074525018339853,0,0,,0,0.052456098285380406,inf,2,1,0,0,0,0,0.0,0.2143467391951982,nan,0.21738944249414727
0.15000000000000002,self,swap,0.26110905265827494,0.26110901877957365,0,0,,0,0.04888178404436112,inf,2,1,0,0,0,0,0.0,0.15733531650541133,nan,0.2203591543971185
0.2,self,swap,0.23255798307869716,0.23255793415430676,0,0,,0,0.04591628981847713,inf,6,1,0,0,0,0,0.0,0.14068157793980293,nan,0.22203623679033002
0.25,self,swap,0.22390308476209908,0.22390303890005905,0,0,,0,0.05470321692073839,inf,6,1,0,0,0,0,0.0,0.12637361792596427,nan,0.22352817728439434
0.30000000000000004,self,swap,0.21664152634222097,0.21664148180904563,0,0,,0,0.06466410205679989,inf,6,1,0,0,0,0,0.0,0.11474885257301856,nan,0.22488820989787472
0.35000000000000003,self,swap,0.21055630104102957,0.21055625637047215,0,0,,0,0.07469494260436137,inf,6,1,0,0,0,0,0.0,0.10477748840116008,nan,0.22646969000688888
0.4,self,swap,0.2054928357694624,0.20549273432690718,0,0,,0,0.074147446395742,inf,6,1,0,0,0,0,0.0,0.09638074451753288,nan,0.2279031814099456
0.45,self,swap,0.20122597036582635,0.2012258106647683,0,0,,0,0.06723580039545898,inf,6,1,0,0,0,0,0.0,0.0893997838205022,nan,0.22920051699841093
0.5,self,swap,0.19762297569464854,0.19762275790127087,0,0,,0,0.06146532480694328,inf,6,1,0,0,0,0,0.0,0.08359691917840419,nan,0.2303734204443445
0.55,self,swap,0.19457437979670744,0.19457410545418305,0,0,,0,0.05664394903869244,inf,6,1,0,0,0,0,0.0,0.07846773056682196,nan,0.23143323166607754
0.6000000000000001,self,swap,0.19198956101639525,0.1919892324762281,0,0,,0,0.05261295307860192,inf,6,1,0,0,0,0,0.0,0.07407581574517,nan,0.23239073352210238
0.65,self,swap,0.18979330063658298,0.18979292091484418,0,0,,0,0.04924079624601882,inf,6,1,0,0,0,0,0.0,0.07039509353704133,nan,0.23325604873646133
0.7000000000000001,self,swap,0.18792303897583076,0.1879226114346432,0,0,,0,0.04641822547685778,inf,6,1,0,0,0,0,0.0,0.06731252621330197,nan,0.23403858718537973
0.75,self,swap,0.18632666272053092,0.18632619121085836,0,0,,0,0.044054346735717786,inf,6,1,0,0,0,0,0.0,0.06473401951408154,nan,0.23474702771733835
0.8,self,swap,0.18496070455845431,0.184960193248692,0,0,,0,0.04207343877339728,inf,6,1,0,0,0,0,0.0,0.062482508357978694,nan,0.23538932434381377
0.8500000000000001,self,swap,0.18378886781703413,0.18378832125835817,0,0,,0,0.04041234977206956,inf,6,1,0,0,0,0,0.0,0.06038659839658721,nan,0.23597272811834336
0.9,self,swap,0.18278081188147224,0.182780234831627,0,0,,0,0.03901835820268959,inf,6,1,0,0,0,0,0.0,0.058609336824801135,nan,0.23650381908287998
0.9500000000000001,self,swap,0.1819111481382971,0.18191054589036795,0,0,,0,0.03784740761516556,inf,6,1,0,0,0,0,0.0,0.057103611459782766,nan,0.23698854309687734
1.0,self,swap,0.1811586085242867,0.1811579865730423,0,0,,0,0.03686264517913354,inf,6,1,0,0,0,0,0.0,0.055829749469611924,nan,0.237432250602157
1.05,self,swap,0.18050535450420177,0.18050471897045703,0,0,,0,0.0360332087393857,inf,6,1,0,0,0,0,0.0,0.05475424119769955,nan,0.23783973422610127
1.1,self,swap,0.17993640311140838,0.1799357604939483,0,0,,0,0.03533321858021754,inf,6,1,0,0,0,0,0.0,0.053848677139312406,nan,0.23821526370031287
1.1500000000000001,self,swap,0.17943914875289796,0.17943850614170337,0,0,,0,0.03474093875266962,inf,6,1,0,0,0,0,0.0,0.05298746473948566,nan,0.23856784733994496
1.2000000000000002,self,swap,0.1789782073880291,0.17897810872557457,0,0,,0,0.03404362881248374,inf,6,1,0,0,0,0,0.0,0.052289757759064186,nan,0.23886314693735178
1.25,self,swap,0.1786295090313354,0.17862941146130928,0,0,,0,0.0333699270344594,inf,6,1,0,0,0,0,0.0,0.05170673724300269,nan,0.239124826936152
1.3,self,swap,0.1783390857701026,0.17833898792572334,0,0,,0,0.032808440541482714,inf,6,1,0,0,0,0,0.0,0.05121934693678549,nan,0.23935690405928922
1.35,self,swap,0.17809719035330387,0.178097090865002,0,0,,0,0.03234048741492726,inf,6,1,0,0,0,0,0.0,0.05081170827983731,nan,0.23956288465521813
1.4000000000000001,self,swap,0.17789570737308794,0.17789560479823374,0,0,,0,0.031950492976261125,inf,6,1,0,0,0,0,0.0,0.050470588968967875,nan,0.2397458260973534
1.4500000000000002,self,swap,0.1777278798561209,0.17772777272187967,0,0,,0,0.03162547393983278,inf,6,1,0,0,0,0,0.0,0.050184960468964084,nan,0.2399083901689959
1.5,self,swap,0.17758808174622506,0.1775879684671899,0,0,,0,0.0313546078993078,inf,6,1,0,0,0,0,0.0,0.04994562957203074,nan,0.24005288898153598
1.55,self,swap,0.17747162841661598,0.17747150728809782,0,0,,0,0.031128874126385264,inf,6,1,0,0,0,0,0.0,0.049744931572238575,nan,0.24018132445764617
1.6,self,swap,0.17737461899009827,0.17737448814421472,0,0,,0,0.030940753935993937,inf,6,1,0,0,0,0,0.0,0.04957647471504319,nan,0.24029542188012487
1.6500000000000001,self,swap,0.17729380508259326,0.17729366242904965,0,0,,0,0.030783980786294213,inf,6,1,0,0,0,0,0.0,0.049434927318427344,nan,0.24039665818216427
1.7000000000000002,self,swap,0.17722648153500803,0.17722632471536784,0,0,,0,0.0306533318903853,inf,6,1,0,0,0,0,0.0,0.04931584039917181,nan,0.24048628516437642
1.75,self,swap,0.17717039548040378,0.17717022178833666,0,0,,0,0.030544454466143012,inf,6,1,0,0,0,0,0.0,0.049215499844980685,nan,0.24056534836438448
1.8,self,swap,0.17712367060908335,0.17712347695603253,0,0,,0,0.030453720882480856,inf,6,1,0,0,0,0,0.0,0.04913080316907635,nan,0.24063470141983456
1.85,self,swap,0.17708474419476228,0.17708452695528537,0,0,,0,0.03037810790728887,inf,6,1,0,0,0,0,0.0,0.04905915674322236,nan,0.24069501623315037
1.9000000000000001,self,swap,0.17705231456178339,0.17705206950957345,0,0,,0,0.030315096055646445,inf,6,1,0,0,0,0,0.0,0.048998390070214226,nan,0.24074678893985701
1.9500000000000002,self,swap,0.17702529742703976,0.17702501955406463,0,0,,0,0.030262585699735306,inf,6,1,0,0,0,0,0.0,0.048946684272826946,nan,0.24079034160978952
2.0,self,swap,0.17700278944780692,0.17700247283516354,0,0,,0,0.030218827156374528,inf,6,1,0,0,0,0,0.0,0.04890251245995351,nan,0.2408258193345988
2.0500000000000003,self,swap,0.17698403788230752,0.17698367550463961,0,0,,0,0.030182362431415838,inf,6,1,0,0,0,0,0.0,0.04886459005053617,nan,0.24085318254758914
2.1,self,swap,0.17696841525666995,0.1769679987437103,0,0,,0,0.03015197668791203,inf,6,1,0,0,0,0,0.0,0.04883183354462643,nan,0.24087219394248238
2.15,self,swap,0.1769553981815941,0.17695491753077766,0,0,,0,0.03012665782940588,inf,6,1,0,0,0,0,0.0,0.048803326528099475,nan,0.24088239936016775
2.2,self,swap,0.17694454958605293,0.17694399280606382,0,0,,0,0.03010556286165056,inf,6,1,0,0,0,0,0.0,0.048778292094993396,nan,0.2408831017892915
2.25,self,swap,0.176935503709709,0.17693485641820994,0,0,,0,0.030087989925691977,inf,6,1,0,0,0,0,0.0,0.04875607114445386,nan,0.2408733274052618
2.3000000000000003,self,swap,0.1769279533431054,0.17692719824101602,0,0,,0,0.030073355088955783,inf,6,1,0,0,0,0,0.0,0.04873610648992368,nan,0.24085178223265935
2.35,self,swap,0.17692163873580813,0.17692075501396798,0,0,,0,0.030061173148482973,inf,6,1,0,0,0,0,0.0,0.048717933161740536,nan,0.24081679775964526
2.4000000000000004,self,swap,0.17691633776376114,0.17691530032574332,0,0,,0,0.03005104184599905,inf,6,1,0,0,0,0,0.0,0.04870117593206733,nan,0.24076626355731967
2.45,self,swap,0.17691185675953014,0.17691063531363088,0,0,,0,0.03004262902632507,inf,6,1,0,0,0,0,0.0,0.04868555601175523,nan,0.24069754432698331
2.5,self,swap,0.17690802151217197,0.17690657942787563,0,0,,0,0.030035662395905466,inf,6,1,0,0,0,0,0.0,0.04867091011923687,nan,0.2406073785090267
2.5500000000000003,self,swap,0.17690466769825985,0.17690296061608193,0,0,,0,0.03002992166377269,inf,6,1,0,0,0,0,0.0,0.04865722690195653,nan,0.24049175499414
2.6,self,swap,0.17690162990290248,0.17689960398559687,0,0,,0,0.030025232983214384,inf,6,1,0,0,0,0,0.0,0.048644708385067126,nan,0.24034576404483265
2.6500000000000004,self,swap,0.17689872805115076,0.17689631771398642,0,0,,0,0.030021465773458933,inf,6,1,0,0,0,0,0.0,0.04863386786144377,nan,0.2401634180668183
2.7,self,swap,0.1768957495275923,0.17689287457005684,0,0,,0,0.030018532197689907,inf,6,1,0,0,0,0,0.0,0.048625681177678334,nan,0.23993743759974706
2.75,self,swap,0.17689242472598576,0.17688898653558793,0,0,,0,0.030016389835129192,inf,6,1,0,0,0,0,0.0,0.04862181617004257,nan,0.23965899840882965
2.8000000000000003,self,swap,0.1768883926904527,0.17688426903996418,0,0,,0,0.030015048430024643,inf,6,1,0,0,0,0,0.0,0.0486196263179128,nan,0.23940044766744129
2.85,self,swap,0.1768786556874984,0.17688329314470305,0,0,,0,0.03001408439465547,inf,6,1,0,0,0,0,0.0,0.04862211667224244,nan,0.23911650484914537
2.9000000000000004,self,swap,0.17686534304417467,0.17688283258570361,0,0,,0,0.030013821768715032,inf,6,1,0,0,0,0,0.0,0.04863397026804667,nan,0.2387733426253994
2.95,self,swap,0.17684905181902924,0.17688043430685868,0,0,,0,0.030014450416774585,inf,6,1,0,0,0,0,0.0,0.048661234089028796,nan,0.2383609001556365
3.0,self,swap,0.17682847599841373,0.17687504758876663,0,0,,0,0.03001619133548103,inf,6,1,0,0,0,0,0.0,0.04871317929060439,nan,0.2378676112621717
3.0500000000000003,self,swap,0.17680178132357655,0.17686514015848503,0,0,,0,0.030019389829402138,inf,6,1,0,0,0,0,0.0,0.048803742990833454,nan,0.2372804209532532
3.1,self,swap,0.17676638098113312,0.17684848783166227,0,0,,0,0.030024562875961502,inf,6,1,0,0,0,0,0.0,0.04895348185379142,nan,0.23658498199570255
3.1500000000000004,self,swap,0.17671862634375146,0.17682188397749307,0,0,,0,0.03003246470975149,inf,6,1,0,0,0,0,0.0,0.04919209333542325,nan,0.23576616004689488
3.2,self,swap,0.1766533899983815,0.17678074876366337,0,0,,0,0.030044175107433096,inf,6,1,0,0,0,0,0.0,0.04956142013763808,nan,0.2348090381080853
3.25,self,swap,0.17656352304544318,0.17671862467775445,0,0,,0,0.03006121397532871,inf,6,1,0,0,0,0,0.0,0.05009398330983306,nan,0.23374216209098886
3.3000000000000003,self,swap,0.17644389430548704,0.17663751345160747,0,0,,0,0.030079966826920462,inf,6,1,0,0,0,0,0.0,0.05082012939862563,nan,0.23247743030094703
3.35,self,swap,0.17630117656793431,0.17653678848019658,0,0,,0,0.030101180668642702,inf,6,1,0,0,0,0,0.0,0.051220252029605416,nan,0.23096199769080894
3.4000000000000004,self,swap,0.1761320044251994,0.17640944253739269,0,0,,0,0.03012969334952939,inf,6,1,0,0,0,0,0.0,0.05015082903099784,nan,0.2291915215402235
3.45,self,swap,0.17592592213263888,0.17624741992364093,0,0,,0,0.030169054134265433,inf,6,1,0,0,0,0,0.0,0.048441183154241875,nan,0.22717280251430794
3.5,self,swap,0.1756697153814536,0.17604034361228038,0,0,,0,0.030222316936242888,inf,6,1,0,0,0,0,0.0,0.04674942334687968,nan,0.2249202865263381
3.5500000000000003,self,swap,0.175347741368774,0.17577556910776979,0,0,,0,0.03029215789072856,inf,6,1,0,0,0,0,0.0,0.04520035376131414,nan,0.2224413762344265
3.6,self,swap,0.17494213527390273,0.1754369753964531,0,0,,0,0.030382017778776083,inf,6,1,0,0,0,0,0.0,0.043964083920365056,nan,0.21961481088068957
3.6500000000000004,self,swap,0.17442900041981263,0.17499270669908715,0,0,,0,0.030506316130039235,inf,6,1,0,0,0,0,0.0,0.04333283763895521,nan,0.21627360779800997
3.7,self,swap,0.17376857103141402,0.1743927866459306,0,0,,0,0.030689947187246436,inf,6,1,0,0,0,0,0.0,0.043733382566263274,nan,0.21237200664351163
3.75,self,swap,0.1729059965684933,0.17357850146398915,0,0,,0,0.030955272251275673,inf,6,1,0,0,0,0,0.0,0.0436761765259409,nan,0.20787253770416358
3.8000000000000003,self,swap,0.17177078966660225,0.17247128941126913,0,0,,0,0.03133232009739281,inf,6,1,0,0,0,0,0.0,0.043854214400235236,nan,0.2027552054559011
3.85,self,swap,0.1702747974574034,0.17096845282006673,0,0,,0,0.03186141878916035,inf,6,1,0,0,0,0,0.0,0.04541077513573747,nan,0.19702912192871957
3.9000000000000004,self,swap,0.1683124563041959,0.16894054219087837,0,0,,0,0.03259672458648952,inf,6,1,0,0,0,0,0.0,0.048778737651777586,nan,0.19195356438482236
3.95,self,swap,0.16569412072257567,0.16634623080942337,0,0,,0,0.03310929834159376,inf,6,1,0,0,0,0,0.0,0.05394381229418055,nan,0.18770417490729818
4.0,self,swap,0.16234018891703478,0.16323076334050077,0,0,,0,0.03340122120414937,inf,6,1,0,0,0,0,0.0,0.06067928565393105,nan,0.18409974392382
4.05,self,swap,0.15822876465399865,0.15955871740604843,0,0,,0,0.03365096967213105,inf,6,1,0,0,0,0,0.0,0.06364642769053251,nan,0.1812306500681241
4.1000000000000005,self,swap,0.15332388481032544,0.15525560359665339,0,0,,0,0.03394963301725612,inf,8,1,0,0,0,0,0.0,0.0640540376424929,nan,0.17917833142527118
4.15,self,swap,0.14760749230582257,0.1502752011464913,0,0,,0,0.03433700079154045,inf,8,1,0,0,0,0,0.0,0.06561637879448604,nan,0.1780427289492318
4.2,self,swap,0.14265111204430866,0.14429337365974756,0,0,,0,0.034547986503792316,inf,8,1,0,0,0,0,0.0,0.06832964367514545,nan,0.17827767720212007
4.25,self,swap,0.13826863031752248,0.13834961667732518,0,0,,0,0.03464062267196902,inf,8,1,0,0,0,0,0.0,0.0713214072693948,nan,0.17963831313435452
4.3,self,swap,0.13440828853011683,0.1325839320113198,0,0,,0,0.03468745078595481,inf,9,1,0,0,0,0,0.0,0.07286568407483211,nan,0.1817869377895568
4.3500000000000005,self,swap,0.1309944842119787,0.12701127015673308,0,0,,0,0.03469216781637122,inf,9,1,0,0,0,0,0.0,0.07398664663040083,nan,0.18478018832335497
4.4,self,swap,0.12771655608233182,0.12144619349612615,0,0,,0,0.03458401019931712,inf,10,1,0,0,0,0,0.0,0.0711054082252696,nan,0.18819923916787273
4.45,self,swap,0.12453838398140418,0.11611057574127544,0,0,,0,0.03457952656963653,inf,11,1,0,0,0,0,0.0,0.06793795131216498,nan,0.1919630616343545
4.5,self,swap,0.12147910469967715,0.1112344319002812,0,0,,0,0.034792765145822774,inf,11,1,0,0,0,0,0.0,0.06547540575014225,nan,0.1958612468975448
4.55,self,swap,0.11852111189562475,0.1093045845904314,0,0,,0,0.03423317302705711,inf,11,1,0,0,0,0,0.0,0.06359710308987594,nan,0.19923128000978874
4.6000000000000005,self,swap,0.11612122387065851,0.1093379284021833,0,0,,0,0.03354076079258711,inf,11,1,0,0,0,0,0.0,0.06251742724094567,nan,0.20193066809752358
4.65,self,swap,0.11423722034843897,0.10946292147214456,0,0,,0,0.03299200733888688,inf,11,1,0,0,0,0,0.0,0.06165769144453438,nan,0.20422027780542484
4.7,self,swap,0.11277918177873199,0.10955210256141522,0,0,,0,0.032518943962654395,inf,11,1,0,0,0,0,0.0,0.06096384517104372,nan,0.2061625999524902
4.75,self,swap,0.11164777341403263,0.10961112139799238,0,0,,0,0.032114650312901505,inf,11,1,0,0,0,0,0.0,0.06039864497256759,nan,0.20781024354851418
4.800000000000001,self,swap,0.11076808412971474,0.10964620793052103,0,0,,0,0.03177163262238386,inf,11,1,0,0,0,0,0.0,0.05993357993362904,nan,0.20920815634714074
4.8500000000000005,self,swap,0.11008328224638077,0.10966240320638312,0,0,,0,0.03148211637004511,inf,11,1,0,0,0,0,0.0,0.05954843002735271,nan,0.21039455776089888
4.9,self,swap,0.10954982504198817,0.10966372808866186,0,0,,0,0.03123865136026263,inf,11,1,0,0,0,0,0.0,0.05922807776689114,nan,0.21140189767427697
4.95,self,swap,0.10913415671170144,0.10965342107710443,0,0,,0,0.03103443561400293,inf,11,1,0,0,0,0,0.0,0.05896077330273448,nan,0.21225771545321204
5.0,self,swap,0.10881033374211496,0.10963412332946813,0,0,,0,0.03086344634248339,inf,11,1,0,0,0,0,0.0,0.05873715388571371,nan,0.21298537331072664
5.050000000000001,self,swap,0.10855825357200699,0.10960800803110825,0,0,,0,0.03072045550264421,inf,11,1,0,0,0,0,0.0,0.05854964776221094,nan,0.21360467716682263
5.1000000000000005,self,swap,0.10836230776870434,0.10957686958570527,0,0,,0,0.030600983439280055,inf,11,1,0,0,0,0,0.0,0.05839207849626251,nan,0.21413240397070565
5.15,self,swap,0.10821035073560913,0.10954218740611134,0,0,,0,0.030501224411616124,inf,11,1,0,0,0,0,0.0,0.058259381618517216,nan,0.21458275169641972
5.2,self,swap,0.10809290862981674,0.10950517465373207,0,0,,0,0.030417963541937043,inf,11,1,0,0,0,0,0.0,0.058147389987214804,nan,0.2149677245330125
5.25,self,swap,0.10800257279255208,0.10946681772476564,0,0,,0,0.03034849547709295,inf,11,1,0,0,0,0,0.0,0.05805266594215118,nan,0.215297462926198
5.300000000000001,self,swap,0.10793353461596457,0.10942790977828515,0,0,,0,0.030290549620500595,inf,11,1,0,0,0,0,0.0,0.057972367482031745,nan,0.2155805262498106
5.3500000000000005,self,swap,0.10788122867850422,0.10938907987123259,0,0,,0,0.03024222376973379,inf,11,1,0,0,0,0,0.0,0.05790414053375078,nan,0.2158241344861248
5.4,self,swap,0.10784205850233228,0.10935081852677453,0,0,,0,0.030201926432107312,inf,11,1,0,0,0,0,0.0,0.05784603175741451,nan,0.2160343744998302
5.45,self,swap,0.10781318527123866,0.10931350020783005,0,0,,0,0.030168327334723466,inf,11,1,0,0,0,0,0.0,0.05779641765639488,nan,0.21621637565362428
5.5,self,swap,0.10779236459888346,0.10927740293537853,0,0,,0,0.03014031532300218,inf,11,1,0,0,0,0,0.0,0.05775394676542423,nan,0.21637445906461117
5.550000000000001,self,swap,0.10777781997298362,0.10924272530231263,0,0,,0,0.03011696274825601,inf,11,1,0,0,0,0,0.0,0.05771749245634874,nan,0.2165122641868108
5.6000000000000005,self,swap,0.10776814421971516,0.10920960114696397,0,0,,0,0.030097495462932583,inf,11,1,0,0,0,0,0.0,0.05768611422037596,nan,0.21663285598628257
5.65,self,swap,0.10776222254955203,0.10917811204601094,0,0,,0,0.03008126760993446,inf,11,1,0,0,0,0,0.0,0.05765902590848605,nan,0.21673881559187735
5.7,self,swap,0.10775917216651014,0.10914829792227036,0,0,,0,0.030067740483231353,inf,11,1,0,0,0,0,0.0,0.05763556955980284,nan,0.21683231681616977
5.75,self,swap,0.10775829473272791,0.10912016593246637,0,0,,0,0.030056464827459467,inf,11,1,0,0,0,0,0.0,0.057615193810062866,nan,0.2169151907389334
5.800000000000001,self,swap,0.10775903882458793,0.10909369786883735,0,0,,0,0.030047066033916575,inf,11,1,0,0,0,0,0.0,0.05759743607407066,nan,0.21698898014035828
5.8500000000000005,self,swap,0.10776097013953337,0.1090688562982491,0,0,,0,0.03003923176889653,inf,11,1,0,0,0,0,0.0,0.0575819077994773,nan,0.2170549853662641
5.9,self,swap,0.10776374781446614,0.10904558959561084,0,0,,0,0.03003270164122221,inf,11,1,0,0,0,0,0.0,0.057568282179896374,nan,0.21711430292530498
5.95,self,swap,0.10776710557071244,0.10902383601114092,0,0,,0,0.030027258576552418,inf,11,1,0,0,0,0,0.0,0.05755628402712679,nan,0.21716785800179317
6.0,self,swap,0.10777083661870225,0.10900352698407258,0,0,,0,0.03002272161984415,inf,11,1,0,0,0,0,0.0,0.057545681333107404,nan,0.21721643178056216
6.050000000000001,self,swap,0.10777478157009776,0.10898458978496203,0,0,,0,0.030018939930592625,inf,11,1,0,0,0,0,0.0,0.057536278205508884,nan,0.21726068442058966
6.1000000000000005,self,swap,0.10777881878506228,0.10896694957272499,0,0,,0,0.03001578038359619,inf,11,1,0,0,0,0,0.0,0.057527909001218736,nan,0.21730117437666274
6.15,self,swap,0.10778285660535812,0.10895053101618835,0,0,,0,0.03001312083515499,inf,11,1,0,0,0,0,0.0,0.05752043346680657,nan,0.2173383746360512
6.2,self,swap,0.10778682711242299,0.10893525954348456,0,0,,0,0.030010907593189126,inf,11,1,0,0,0,0,0.0,0.057513732647575665,nan,0.21737268637359441
6.25,self,swap,0.10779068112343543,0.10892106227368487,0,0,,0,0.030009065942789334,inf,11,1,0,0,0,0,0.0,0.05750770548562321,nan,0.21740445039672818
6.300000000000001,self,swap,0.10779438416779487,0.1089078687038342,0,0,,0,0.03000753366482821,inf,11,1,0,0,0,0,0.0,0.057502265958204714,nan,0.21743395675911625
6.3500000000000005,self,swap,0.10779791327622205,0.1088956111795344,0,0,,0,0.030006258945181122,inf,11,1,0,0,0,0,0.0,0.05749734072303214,nan,0.21746145287579755
6.4,self,swap,0.10780125438009086,0.10888422523453392,0,0,,0,0.030005198634648497,inf,11,1,0,0,0,0,0.0,0.05749286705960997,nan,0.2174871502446697
6.45,self,swap,0.10780440028427918,0.10887364974638532,0,0,,0,0.03000431679993941,inf,11,1,0,0,0,0,0.0,0.0574887913032427,nan,0.21751123021324503
6.5,self,swap,0.10780734895908688,0.10886382708736603,0,0,,0,0.0300035835179409,inf,11,1,0,0,0,0,0.0,0.05748506736193434,nan,0.21753384870348602
6.550000000000001,self,swap,0.10781010227853188,0.10885470309477939,0,0,,0,0.03000297387090202,inf,11,1,0,0,0,0,0.0,0.05748165554523646,nan,0.2175551402142467
6.6000000000000005,self,swap,0.10781266498378628,0.10884622702777896,0,0,,0,0.030002467110011657,inf,11,1,0,0,0,0,0.0,0.057478521632510514,nan,0.21757522122576944
6.65,self,swap,0.10781504382132986,0.10883835152002516,0,0,,0,0.030002045958942666,inf,11,1,0,0,0,0,0.0,0.05747563599804322,nan,0.21759419298476657
6.7,self,swap,0.10781724694307913,0.10883103242358405,0,0,,0,0.030001696033404204,inf,11,1,0,0,0,0,0.0,0.05747297293971507,nan,0.2176121438903581
6.75,self,swap,0.10781928338127593,0.10882422869310876,0,0,,0,0.030001405357914693,inf,11,1,0,0,0,0,0.0,0.05747051008308709,nan,0.21762915145445472
6.800000000000001,self,swap,0.10782116267018366,0.1088179022201755,0,0,,0,0.030001163963160174,inf,11,1,0,0,0,0,0.0,0.05746822787797004,nan,0.2176452839869748
6.8500000000000005,self,swap,0.1078228945593481,0.10881201767106798,0,0,,0,0.030000963550612977,inf,11,1,0,0,0,0,0.0,0.05746610924182141,nan,0.21766060199809478
6.9,self,swap,0.1078244887539125,0.10880654235025655,0,0,,0,0.030000797213321148,inf,11,1,0,0,0,0,0.0,0.0574641391036451,nan,0.21767515932670312
6.95,self,swap,0.10782595481726494,0.1088014459759564,0,0,,0,0.030000659202921262,inf,11,1,0,0,0,0,0.0,0.05746230423245688,nan,0.2176890041735441
7.0,self,swap,0.10782730196902258,0.10879670059237674,0,0,,0,0.030000544736115534,inf,11,1,0,0,0,0,0.0,0.057460592861299974,nan,0.21770201461305627
7.050000000000001,self,swap,0.10782853908849807,0.10879228033515022,0,0,,0,0.030000449832892337,inf,11,1,0,0,0,0,0.0,0.05745899459829646,nan,0.21771419425394967
7.1000000000000005,self,swap,0.10782967458159239,0.10878816135001691,0,0,,0,0.03000037118231573,inf,11,1,0,0,0,0,0.0,0.05745750014852524,nan,0.2177258010917461
7.15,self,swap,0.10783071641053575,0.10878432159260439,0,0,,0,0.030000306030270638,inf,11,1,0,0,0,0,0.0,0.05745610123123422,nan,0.21773686642779844
7.2,self,swap,0.10783167202954011,0.10878074073356193,0,0,,0,0.030000252086305704,inf,11,1,0,0,0,0,0.0,0.05745479040661313,nan,0.2177474189638472
7.25,self,swap,0.10783254841411653,0.10877740000310165,0,0,,0,0.030000207445828306,inf,11,1,0,0,0,0,0.0,0.0574535609753536,nan,0.21775748513409365
7.300000000000001,self,swap,0.10783335206121283,0.10877428207414476,0,0,,0,0.03000017052540889,inf,11,1,0,0,0,0,0.0,0.05745240692132139,nan,0.21776708942008083
7.3500000000000005,self,swap,0.10783408897520909,0.10877137097260238,0,0,,0,0.03000014000894323,inf,11,1,0,0,0,0,0.0,0.057451322753587136,nan,0.2177762545495724
7.4,self,swap,0.10783476474061222,0.10876865192625407,0,0,,0,0.030000114802645875,inf,11,1,0,0,0,0,0.0,0.05745030352002308,nan,0.21778500174202942
7.45,self,swap,0.10783538449276646,0.10876611131176656,0,0,,0,0.03000009399781435,inf,11,1,0,0,0,0,0.0,0.05744934471190306,nan,0.21779335086022023
7.5,self,swap,0.10783595295105253,0.10876373655356486,0,0,,0,0.03000007683965615,inf,11,1,0,0,0,0,0.0,0.05744844218811166,nan,0.21780132055013868
7.550000000000001,self,swap,0.10783647447461726,0.10876151601652809,0,0,,0,0.03000006270135676,inf,11,1,0,0,0,0,0.0,0.057447592170915614,nan,0.2178089283682222
7.6000000000000005,self,swap,0.10783695305724933,0.108759438952488,0,0,,0,0.03000005106257643,inf,11,1,0,0,0,0,0.0,0.057446791204065775,nan,0.21781619089664173
7.65,self,swap,0.10783739234985656,0.10875749543189843,0,0,,0,0.030000041491494975,inf,11,1,0,0,0,0,0.0,0.05744603611197093,nan,0.21782312383481928
7.7,self,swap,0.1078377956959151,0.10875567627142739,0,0,,0,0.030000033629864573,inf,11,1,0,0,0,0,0.0,0.057445323948969104,nan,0.21782974206141603
7.75,self,swap,0.10783816616162875,0.10875397296558854,0,0,,0,0.03000002718056309,inf,11,1,0,0,0,0,0.0,0.05744465198599899,nan,0.21783605968042552
7.800000000000001,self,swap,0.10783850656179018,0.10875237762803804,0,0,,0,0.03000002189727001,inf,11,1,0,0,0,0,0.0,0.05744401773963151,nan,0.21784209014752942
7.8500000000000005,self,swap,0.10783881944058556,0.10875088297976596,0,0,,0,0.030000017575911905,inf,11,1,0,0,0,0,0.0,0.05744341888338232,nan,0.21784784625206444
7.9,self,swap,0.10783910713537682,0.10874948226090701,0,0,,0,0.030000014047437587,inf,11,1,0,0,0,0,0.0,0.057442853253047814,nan,0.2178533401835362
7.95,self,swap,0.10783937178220748,0.108748169200501,0,0,,0,0.03000001117189484,inf,11,1,0,0,0,0,0.0,0.05744231884564439,nan,0.21785858358301546
8.0,self,swap,0.10783961532774927,0.1087469379851327,0,0,,0,0.03000000883349359,inf,11,1,0,0,0,0,0.0,0.05744181380011391,nan,0.21786358756453328
8.05,self,swap,0.10783983954525073,0.10874578322055566,0,0,,0,0.030000006936486343,inf,11,1,0,0,0,0,0.0,0.05744133638662929,nan,0.21786836275000876
8.1,self,swap,0.10784004604879253,0.10874469990014102,0,0,,0,0.030000005401750504,inf,11,1,0,0,0,0,0.0,0.0574408849504181,nan,0.21787291926396002
8.15,self,swap,0.1078402363346143,0.10874368334892928,0,0,,0,0.030000004163918834,inf,11,1,0,0,0,0,0.0,0.057440458000714754,nan,0.21787726682338848
8.200000000000001,self,swap,0.10784041173876466,0.10874272924945931,0,0,,0,0.030000003169085174,inf,11,1,0,0,0,0,0.0,0.05744005411972919,nan,0.2178814147074818
8.25,self,swap,0.10784057349407213,0.10874183357099104,0,0,,0,0.030000002372787535,inf,11,1,0,0,0,0,0.0,0.05743967197594189,nan,0.21788537179208267
8.3,self,swap,0.10784072272768108,0.10874099256177272,0,0,,0,0.03000000173839605,inf,11,1,0,0,0,0,0.0,0.057439310329018944,nan,0.21788914658037706
8.35,self,swap,0.10784086046307793,0.10874020273350354,0,0,,0,0.030000001235770082,inf,11,1,0,0,0,0,0.0,0.057438968011180806,nan,0.21789274719439577
8.4,self,swap,0.1078409876425669,0.10873946082915942,0,0,,0,0.030000000840128174,inf,11,1,0,0,0,0,0.0,0.0574386439331695,nan,0.2178961814200756
8.450000000000001,self,swap,0.10784110511928732,0.1087387638184477,0,0,,0,0.030000000531126073,inf,11,1,0,0,0,0,0.0,0.05743833708353216,nan,0.21789945671692268
8.5,self,swap,0.10784121366831971,0.10873810888203389,0,0,,0,0.030000000292084758,inf,11,1,0,0,0,0,0.0,0.05743804647617362,nan,0.21790258020547892
8.55,self,swap,0.10784131401981494,0.10873749336930826,0,0,,0,0.030000000109331723,inf,11,1,0,0,0,0,0.0,0.05743777122083359,nan,0.21790555871220108
8.6,self,swap,0.10784140682010322,0.10873691482514447,0,0,,0,0.029999999971704286,inf,11,1,0,0,0,0,0.0,0.05743751046988035,nan,0.21790839876658674
8.65,self,swap,0.10784149266542381,0.10873637095167388,0,0,,0,0.029999999870088792,inf,11,1,0,0,0,0,0.0,0.05743726340531318,nan,0.21791110660849944
8.700000000000001,self,swap,0.10784157211732506,0.10873585958979977,0,0,,0,0.029999999797054852,inf,11,1,0,0,0,0,0.0,0.05743702929938992,nan,0.21791368823307178
8.75,self,swap,0.10784164566238771,0.10873537874623676,0,0,,0,0.029999999746579145,inf,11,1,0,0,0,0,0.0,0.05743680743533192,nan,0.21791614935766812
8.8,self,swap,0.1078417137676814,0.10873492653902853,0,0,,0,0.029999999713768336,inf,11,1,0,0,0,0,0.0,0.05743659713801663,nan,0.21791849545050657
8.85,self,swap,0.10784177685793322,0.10873450120848095,0,0,,0,0.029999999694667365,inf,11,1,0,0,0,0,0.0,0.05743639779065475,nan,0.2179207317546742
8.9,self,swap,0.10784183531224481,0.10873410111973311,0,0,,0,0.029999999686095694,inf,11,1,0,0,0,0,0.0,0.05743620878141971,nan,0.2179228632633029
8.950000000000001,self,swap,0.10784188950205349,0.10873372472145526,0,0,,0,0.029999999685491233,inf,11,1,0,0,0,0,0.0,0.05743602957576058,nan,0.21792489478397925
9.0,self,swap,0.10784193973602628,0.10873337058994641,0,0,,0,0.029999999690817472,inf,11,1,0,0,0,0,0.0,0.0574358596348469,nan,0.2179268308885004
9.05,self,swap,0.10784198632086338,0.10873303737090628,0,0,,0,0.029999999700445992,inf,11,1,0,0,0,0,0.0,0.05743569846158446,nan,0.21792867595080423
9.1,self,swap,0.10784202953594546,0.108732723797953,0,0,,0,0.029999999713091655,inf,11,1,0,0,0,0,0.0,0.057435545581658004,nan,0.21793043415199465
9.15,self,swap,0.10784206963562867,0.10873242868620714,0,0,,0,0.02999999972774449,inf,11,1,0,0,0,0,0.0,0.05743540056912282,nan,0.21793210950564756
9.200000000000001,self,swap,0.10784210684519102,0.10873215093373742,0,0,,0,0.029999999743621816,inf,11,1,0,0,0,0,0.0,0.05743526299225909,nan,0.21793370582295835
9.25,self,swap,0.1078421413845636,0.10873188949414875,0,0,,0,0.029999999760115484,inf,11,1,0,0,0,0,0.0,0.05743513245467936,nan,0.21793522675734323
9.3,self,swap,0.10784217345802072,0.10873164338732878,0,0,,0,0.029999999776763778,inf,11,1,0,0,0,0,0.0,0.05743500860120397,nan,0.21793667580472775
9.35,self,swap,0.107842203233047,0.10873141170977198,0,0,,0,0.02999999979322511,inf,11,1,0,0,0,0,0.0,0.05743489105906519,nan,0.21793805628495833
9.4,self,swap,0.10784223089474097,0.10873119358722683,0,0,,0,0.029999999809242853,inf,11,1,0,0,0,0,0.0,0.057434779512732334,nan,0.21793937139940167
9.450000000000001,self,swap,0.1078422565856726,0.1087309882253687,0,0,,0,0.029999999824640147,inf,11,1,0,0,0,0,0.0,0.05743467363355455,nan,0.2179406241762526
9.5,self,swap,0.10784228045653056,0.10873079485935266,0,0,,0,0.02999999983929315,inf,11,1,0,0,0,0,0.0,0.05743457313374189,nan,0.21794181752488628
9.55,self,swap,0.10784230263611848,0.10873061278235362,0,0,,0,0.02999999985312589,inf,11,1,0,0,0,0,0.0,0.05743447772902538,nan,0.21794295421107346
9.600000000000001,self,swap,0.1078423232490372,0.10873044132312824,0,0,,0,0.02999999986609607,inf,11,1,0,0,0,0,0.0,0.05743438715798131,nan,0.2179440368945097
9.65,self,swap,0.10784234240440162,0.10873027985941502,0,0,,0,0.029999999878188424,inf,11,1,0,0,0,0,0.0,0.057434301154491725,nan,0.2179450680813254
9.700000000000001,self,swap,0.1078423602178084,0.10873012779083359,0,0,,0,0.02999999988940573,inf,11,1,0,0,0,0,0.0,0.057434219497149934,nan,0.21794605020077296
9.75,self,swap,0.10784237677491014,0.10872998457428625,0,0,,0,0.02999999989976944,inf,11,1,0,0,0,0,0.0,0.05743414196416911,nan,0.2179469855554369
9.8,self,swap,0.1078423921602578,0.10872984969298469,0,0,,0,0.029999999909309752,inf,11,1,0,0,0,0,0.0,0.05743406832228765,nan,0.21794787632770996
9.850000000000001,self,swap,0.10784240647363968,0.10872972264291295,0,0,,0,0.029999999918061362,inf,11,1,0,0,0,0,0.0,0.057433998385161784,nan,0.21794872462117942
9.9,self,swap,0.10784241978198378,0.10872960297253864,0,0,,0,0.02999999992606868,inf,11,1,0,0,0,0,0.0,0.0574339319594025,nan,0.21794953243724902
9.950000000000001,self,swap,0.10784243215732829,0.10872949024964425,0,0,,0,0.029999999933375918,inf,11,1,0,0,0,0,0.0,0.05743386886024839,nan,0.21795030167254448
10.0,self,swap,0.10784244366903213,0.10872938406286821,0,0,,0,0.02999999994002904,inf,11,1,0,0,0,0,0.0,0.05743380892715458,nan,0.21795103416055317
10.05,self,swap,0.10784245437022943,0.10872928403764641,0,0,,0,0.029999999946074954,inf,11,1,0,0,0,0,0.0,0.057433751983111105,nan,0.21795173162896353
10.100000000000001,self,swap,0.10784246432801013,0.10872918980578278,0,0,,0,0.029999999951557846,inf,11,1,0,0,0,0,0.0,0.057433697892178864,nan,0.2179523957379742
10.15,self,swap,0.10784247358539922,0.10872910103619671,0,0,,0,0.029999999956523263,inf,11,1,0,0,0,0,0.0,0.057433646491181434,nan,0.21795302805769123
10.200000000000001,self,swap,0.10784248220156163,0.10872901740200057,0,0,,0,0.029999999961012006,inf,11,1,0,0,0,0,0.0,0.05743359765792305,nan,0.21795363010084834
10.25,self,swap,0.10784249021004191,0.10872893861300352,0,0,,0,0.029999999965065263,inf,11,1,0,0,0,0,0.0,0.05743355125191942,nan,0.21795420330046256
10.3,self,swap,0.1078424976607526,0.10872886438186567,0,0,,0,0.02999999996872009,inf,11,1,0,0,0,0,0.0,0.05743350715997624,nan,0.21795474902896383
10.350000000000001,self,swap,0.10784250458708657,0.1087287944479462,0,0,,0,0.029999999972012317,inf,11,1,0,0,0,0,0.0,0.05743346525216682,nan,0.21795526858343772
10.4,self,swap,0.10784251103140827,0.10872872855527423,0,0,,0,0.02999999997497406,inf,11,1,0,0,0,0,0.0,0.057433425423973464,nan,0.21795576320813892
10.450000000000001,self,swap,0.10784251702621425,0.10872866647057011,0,0,,0,0.029999999977636263,inf,11,1,0,0,0,0,0.0,0.05743338757031471,nan,0.21795623409032816
10.5,self,swap,0.10784252260132651,0.10872860797346849,0,0,,0,0.029999999980027017,inf,11,1,0,0,0,0,0.0,0.05743335159244235,nan,0.21795668236187804
10.55,self,swap,0.10784252778488354,0.10872855285762607,0,0,,0,0.029999999982172024,inf,11,1,0,0,0,0,0.0,0.0574333173909947,nan,0.2179571090990705
10.600000000000001,self,swap,0.1078425326075874,0.10872850092314099,0,0,,0,0.029999999984095096,inf,11,1,0,0,0,0,0.0,0.0574332848829706,nan,0.2179575153297707
10.65,self,swap,0.10784253709137212,0.10872845198916804,0,0,,0,0.029999999985817996,inf,11,1,0,0,0,0,0.0,0.05743325398370146,nan,0.2179579020340071
10.700000000000001,self,swap,0.10784254125672779,0.10872840588414007,0,0,,0,0.029999999987360623,inf,11,1,0,0,0,0,0.0,0.05743322460516616,nan,0.21795827013759983
10.75,self,swap,0.10784254513232845,0.10872836243760571,0,0,,0,0.029999999988740658,inf,11,1,0,0,0,0,0.0,0.05743319667172823,nan,0.21795862052762616
10.8,self,swap,0.10784254873811734,0.1087283214963025,0,0,,0,0.029999999989974394,inf,11,1,0,0,0,0,0.0,0.05743317012048463,nan,0.21795895405588606
10.850000000000001,self,swap,0.10784255208421151,0.10872828292234356,0,0,,0,0.029999999991077067,inf,11,1,0,0,0,0,0.0,0.05743314486185932,nan,0.21795927151790628
10.9,self,swap,0.1078425552051558,0.10872824656493046,0,0,,0,0.02999999999206142,inf,11,1,0,0,0,0,0.0,0.05743312086080394,nan,0.21795957369933439
10.950000000000001,self,swap,0.10784255809569251,0.10872821231371393,0,0,,0,0.02999999999294052,inf,11,1,0,0,0,0,0.0,0.0574330980350625,nan,0.21795986132272482
11.0,self,swap,0.1078425607853987,0.1087281800358506,0,0,,0,0.029999999993724644,inf,11,1,0,0,0,0,0.0,0.057433076323162684,nan,0.217960135083903
11.05,self,swap,0.10784256328868279,0.10872814961676296,0,0,,0,0.029999999994423696,inf,11,1,0,0,0,0,0.0,0.05743305568719147,nan,0.2179603956535664
11.100000000000001,self,swap,0.10784256560728248,0.10872812095823091,0,0,,0,0.02999999999504714,inf,11,1,0,0,0,0,0.0,0.057433036056883185,nan,0.21796064365390555
11.15,self,swap,0.10784256776547348,0.10872809394842917,0,0,,0,0.02999999999560242,inf,11,1,0,0,0,0,0.0,0.057433017388614276,nan,0.21796087969689093
11.200000000000001,self,swap,0.10784256976910055,0.10872806849772572,0,0,,0,0.029999999996096885,inf,11,1,0,0,0,0,0.0,0.05743299963301817,nan,0.21796110435102956
11.25,self,swap,0.10784257163151267,0.10872804451309734,0,0,,0,0.029999999996537005,inf,11,1,0,0,0,0,0.0,0.05743298275216531,nan,0.21796131816683995
11.3,self,swap,0.10784257335577836,0.10872802191590669,0,0,,0,0.029999999996929025,inf,11,1,0,0,0,0,0.0,0.05743296668733792,nan,0.21796152166125637
11.350000000000001,self,swap,0.10784257496255699,0.10872800061695301,0,0,,0,0.02999999999727719,inf,11,1,0,0,0,0,0.0,0.05743295141547621,nan,0.21796171533305497
11.4,self,swap,0.10784257644890836,0.10872798055039604,0,0,,0,0.029999999997587137,inf,11,1,0,0,0,0,0.0,0.05743293688233991,nan,0.21796189964753043
11.450000000000001,self,swap,0.10784257783402597,0.10872796163565791,0,0,,0,0.029999999997862306,inf,11,1,0,0,0,0,0.0,0.05743292306554572,nan,0.21796207507119914
11.5,self,swap,0.10784257911201012,0.10872794381852442,0,0,,0,0.029999999998107027,inf,11,1,0,0,0,0,0.0,0.05743290992052944,nan,0.2179622420154691
11.55,self,swap,0.10784258029955439,0.10872792702649252,0,0,,0,0.029999999998324353,inf,11,1,0,0,0,0,0.0,0.057432897410088536,nan,0.21796240089433694
11.600000000000001,self,swap,0.10784258140435037,0.10872791120063563,0,0,,0,0.029999999998517005,inf,11,1,0,0,0,0,0.0,0.05743288551410075,nan,0.21796255209802606
11.65,self,swap,0.10784258242619373,0.10872789628979061,0,0,,0,0.029999999998688395,inf,11,1,0,0,0,0,0.0,0.057432874204741004,nan,0.2179626959989479
11.700000000000001,self,swap,0.10784258336828956,0.10872788224364224,0,0,,0,0.029999999998840246,inf,11,1,0,0,0,0,0.0,0.05743286343370198,nan,0.21796283293579333
11.75,self,swap,0.10784258424695678,0.10872786900184112,0,0,,0,0.029999999998974944,inf,11,1,0,0,0,0,0.0,0.05743285318603758,nan,0.21796296325047193
11.8,self,swap,0.10784258506325013,0.10872785652239124,0,0,,0,0.029999999999094293,inf,11,1,0,0,0,0,0.0,0.05743284343977291,nan,0.21796308726804303
11.850000000000001,self,swap,0.10784258581599478,0.10872784476628965,0,0,,0,0.02999999999920018,inf,11,1,0,0,0,0,0.0,0.05743283417676467,nan,0.21796320528821578
11.9,self,swap,0.10784258650737322,0.10872783369277175,0,0,,0,0.029999999999294105,inf,11,1,0,0,0,0,0.0,0.05743282535186355,nan,0.21796331760027765
11.950000000000001,self,swap,0.1078425871533842,0.10872782325348186,0,0,,0,0.029999999999377067,inf,11,1,0,0,0,0,0.0,0.057432816961860506,nan,0.21796342447835448
12.0,self,swap,0.10784258774817529,0.10872781341943234,0,0,,0,0.029999999999450702,inf,11,1,0,0,0,0,0.0,0.05743280897517072,nan,0.21796352618390935
12.05,self,swap,0.10784258830051635,0.10872780415070632,0,0,,0,0.02999999999951576,inf,11,1,0,0,0,0,0.0,0.057432801372322255,nan,0.21796362296588023
12.100000000000001,self,swap,0.1078425888133019,0.10872779541556499,0,0,,0,0.029999999999573354,inf,11,1,0,0,0,0,0.0,0.05743279414601359,nan,0.21796371507123335
12.15,self,swap,0.10784258928152032,0.10872778719017513,0,0,,0,0.02999999999962423,inf,11,1,0,0,0,0,0.0,0.057432787266297795,nan,0.21796380271593507
12.200000000000001,self,swap,0.10784258971571822,0.10872777943812065,0,0,,0,0.02999999999966911,inf,11,1,0,0,0,0,0.0,0.05743278071874226,nan,0.21796388611726003
12.25,self,swap,0.10784259011750895,0.1087277721331162,0,0,,0,0.02999999999970883,inf,11,1,0,0,0,0,0.0,0.05743277448946931,nan,0.2179639654810871
12.3,self,swap,0.10784259048692425,0.10872776525126915,0,0,,0,0.02999999999974405,inf,11,1,0,0,0,0,0.0,0.0574327685586217,nan,0.21796404100068012
12.350000000000001,self,swap,0.10784259082916105,0.10872775876593443,0,0,,0,0.029999999999775137,inf,11,1,0,0,0,0,0.0,0.057432762914392275,nan,0.21796411286415773
12.4,self,swap,0.10784259114618822,0.10872775265414504,0,0,,0,0.02999999999980242,inf,11,1,0,0,0,0,0.0,0.057432757550540545,nan,0.21796418125230865
12.450000000000001,self,swap,0.1078425914336394,0.10872774690047805,0,0,,0,0.029999999999826707,inf,11,1,0,0,0,0,0.0,0.05743275244083155,nan,0.2179642463246484
12.5,self,swap,0.10784259170125444,0.10872774147620635,0,0,,0,0.02999999999984794,inf,11,1,0,0,0,0,0.0,0.05743274757729155,nan,0.2179643082450683
12.55,self,swap,0.10784259194900213,0.1087277363648508,0,0,,0,0.02999999999986662,inf,11,1,0,0,0,0,0.0,0.05743274294893498,nan,0.217964367167376
12.600000000000001,self,swap,0.1078425921749238,0.10872773155058332,0,0,,0,0.029999999999883217,inf,11,1,0,0,0,0,0.0,0.057432738539065296,nan,0.2179644232318968
12.65,self,swap,0.10784259238698378,0.10872772701138082,0,0,,0,0.029999999999897733,inf,11,1,0,0,0,0,0.0,0.057432734359263916,nan,0.2179644765907377
12.700000000000001,self,swap,0.10784259257016454,0.10872772274537412,0,0,,0,0.029999999999910695,inf,11,1,0,0,0,0,0.0,0.05743273036875909,nan,0.21796452735881633
12.75,self,swap,0.10784259274519115,0.10872771872000284,0,0,,0,0.02999999999992191,inf,11,1,0,0,0,0,0.0,0.057432726574962865,nan,0.21796457567056582
12.8,self,swap,0.10784259290215857,0.10872771493063944,0,0,,0,0.029999999999931845,inf,11,1,0,0,0,0,0.0,0.057432722963880266,nan,0.21796462164188435
12.850000000000001,self,swap,0.10784259304712625,0.10872771136030283,0,0,,0,0.029999999999940505,inf,11,1,0,0,0,0,0.0,0.05743271952045658,nan,0.21796466537933756
12.9,self,swap,0.10784259318263864,0.1087277079933581,0,0,,0,0.029999999999948165,inf,11,1,0,0,0,0,0.0,0.057432716245736766,nan,0.2179647069997669
12.950000000000001,self,swap,0.10784259330621024,0.10872770482259259,0,0,,0,0.02999999999995491,inf,11,1,0,0,0,0,0.0,0.05743271313398499,nan,0.21796474660777332
13.0,self,swap,0.10784259341511118,0.10872770183938885,0,0,,0,0.029999999999960794,inf,11,1,0,0,0,0,0.0,0.057432710163188884,nan,0.21796478428806332
13.05,self,swap,0.10784259351954584,0.1087276990239035,0,0,,0,0.029999999999965957,inf,11,1,0,0,0,0,0.0,0.05743270735302093,nan,0.21796482015638385
13.100000000000001,self,swap,0.10784259360422593,0.10872769638201266,0,0,,0,0.029999999999970453,inf,11,1,0,0,0,0,0.0,0.0574327046539904,nan,0.217964854270999
13.15,self,swap,0.10784259369612557,0.1087276938794717,0,0,,0,0.029999999999974478,inf,11,1,0,0,0,0,0.0,0.057432702108201755,nan,0.21796488674591952
13.200000000000001,self,swap,0.10784259376364355,0.10872769153710485,0,0,,0,0.029999999999978003,inf,11,1,0,0,0,0,0.0,0.057432699672243834,nan,0.21796491763961867
13.25,self,swap,0.10784259383405297,0.10872768932216297,0,0,,0,0.029999999999981028,inf,11,1,0,0,0,0,0.0,0.05743269735730864,nan,0.21796494704009273
13.3,self,swap,0.10784259389490278,0.10872768723896946,0,0,,0,0.02999999999998372,inf,11,1,0,0,0,0,0.0,0.057432695155994154,nan,0.21796497501362644
13.350000000000001,self,swap,0.10784259394696193,0.10872768527886406,0,0,,0,0.029999999999985913,inf,11,1,0,0,0,0,0.0,0.05743269304841738,nan,0.21796500162466492
13.4,self,swap,0.10784259400188417,0.1087276834253104,0,0,,0,0.029999999999987856,inf,11,1,0,0,0,0,0.0,0.05743269105260733,nan,0.21796502695370512
13.450000000000001,self,swap,0.107842594045484,0.10872768168585113,0,0,,0,0.029999999999989577,inf,11,1,0,0,0,0,0.0,0.05743268914974633,nan,0.21796505105280206
13.5,self,swap,0.10784259408559195,0.10872768004608051,0,0,,0,0.029999999999991214,inf,11,1,0,0,0,0,0.0,0.05743268733521447,nan,0.21796507398006237
13.55,self,swap,0.10784259412500678,0.10872767849890223,0,0,,0,0.029999999999992574,inf,11,1,0,0,0,0,0.0,0.057432685608917455,nan,0.21796509579744738
13.600000000000001,self,swap,0.10784259415899072,0.10872767704279872,0,0,,0,0.029999999999993657,inf,11,1,0,0,0,0,0.0,0.05743268397954938,nan,0.217965116567291
13.65,self,swap,0.10784259418039892,0.10872767567996257,0,0,,0,0.02999999999999471,inf,11,1,0,0,0,0,0.0,0.05743268241604898,nan,0.21796513632183812
13.700000000000001,self,swap,0.10784259420645238,0.10872767438941647,0,0,,0,0.029999999999995572,inf,11,1,0,0,0,0,0.0,0.05743268092958946,nan,0.2179651551201861
13.75,self,swap,0.1078425942265108,0.10872767317645655,0,0,,0,0.02999999999999621,inf,11,1,0,0,0,0,0.0,0.057432679510079375,nan,0.21796517300377694
13.8,self,swap,0.10784259424735769,0.10872767203094229,0,0,,0,0.02999999999999685,inf,11,1,0,0,0,0,0.0,0.05743267815876918,nan,0.2179651900182168
13.850000000000001,self,swap,0.10784259426723612,0.10872767095124646,0,0,,0,0.029999999999997376,inf,11,1,0,0,0,0,0.0,0.05743267688422514,nan,0.21796520621781734
13.9,self,swap,0.10784259427597385,0.10872766994274068,0,0,,0,0.029999999999997792,inf,11,1,0,0,0,0,0.0,0.057432675655896735,nan,0.21796522162548382
13.950000000000001,self,swap,0.1078425942927432,0.1087276689844041,0,0,,0,0.02999999999999832,inf,11,1,0,0,0,0,0.0,0.057432674496564036,nan,0.21796523628623465
14.0,self,swap,0.10784259430075645,0.10872766808718308,0,0,,0,0.029999999999998597,inf,11,1,0,0,0,0,0.0,0.05743267339350061,nan,0.21796525024223412
14.05,self,swap,0.10784259430684441,0.10872766724376387,0,0,,0,0.029999999999998875,inf,11,1,0,0,0,0,0.0,0.05743267233923831,nan,0.21796526351744416
14.100000000000001,self,swap,0.10784259431386467,0.10872766644692033,0,0,,0,0.029999999999999152,inf,11,1,0,0,0,0,0.0,0.05743267133649274,nan,0.21796527614871863
14.15,self,swap,0.10784259431913983,0.10872766569732771,0,0,,0,0.029999999999999374,inf,11,1,0,0,0,0,0.0,0.057432670383703435,nan,0.2179652881699644
14.200000000000001,self,swap,0.10784259432107242,0.10872766499363377,0,0,,0,0.02999999999999943,inf,11,1,0,0,0,0,0.0,0.057432669472335364,nan,0.21796529960521205
14.25,self,swap,0.10784259432459431,0.10872766432854632,0,0,,0,0.02999999999999968,inf,11,1,0,0,0,0,0.0,0.05743266861260579,nan,0.2179653104920386
14.3,self,swap,0.10784259432242492,0.10872766370706252,0,0,,0,0.029999999999999763,inf,11,1,0,0,0,0,0.0,0.05743266778508311,nan,0.21796532084281373
14.350000000000001,self,swap,0.1078425943246401,0.10872766311709735,0,0,,0,0.02999999999999982,inf,11,1,0,0,0,0,0.0,0.057432666998522584,nan,0.21796533069710222
14.4,self,swap,0.10784259432528791,0.10872766256265333,0,0,,0,0.029999999999999707,inf,11,1,0,0,0,0,0.0,0.057432666250484044,nan,0.217965340075022
14.450000000000001,self,swap,0.10784259432368226,0.10872766204227262,0,0,,0,0.029999999999999985,inf,11,1,0,0,0,0,0.0,0.05743266553972413,nan,0.2179653489972292
14.5,self,swap,0.10784259432065768,0.10872766155282522,0,0,,0,0.03000000000000015,inf,11,1,0,0,0,0,0.0,0.057432664870871376,nan,0.21796535748871004
14.55,self,swap,0.10784259431315191,0.10872766109565535,0,0,,0,0.03000000000000015,inf,11,1,0,0,0,0,0.0,0.05743266422385797,nan,0.21796536556970414
14.600000000000001,self,swap,0.10784259431128097,0.1087276606610548,0,0,,0,0.03000000000000018,inf,11,1,0,0,0,0,0.0,0.0574326636099461,nan,0.2179653732545267
14.65,self,swap,0.1078425943080626,0.10872766025202309,0,0,,0,0.030000000000000193,inf,11,1,0,0,0,0,0.0,0.05743266302089355,nan,0.21796538056433123
14.700000000000001,self,swap,0.10784259430658295,0.10872765986499805,0,0,,0,0.030000000000000082,inf,11,1,0,0,0,0,0.0,0.05743266246895496,nan,0.21796538752771044
14.75,self,swap,0.10784259429949339,0.10872765950601346,0,0,,0,0.030000000000000138,inf,11,1,0,0,0,0,0.0,0.05743266193916451,nan,0.2179653941459584
14.8,self,swap,0.10784259429486516,0.10872765916504148,0,0,,0,0.030000000000000082,inf,11,1,0,0,0,0,0.0,0.057432661432828616,nan,0.21796540044488977
14.850000000000001,self,swap,0.10784259429103558,0.10872765884371553,0,0,,0,0.03,inf,11,1,0,0,0,0,0.0,0.05743266095523507,nan,0.21796540644316276
14.9,self,swap,0.10784259428436907,0.10872765854419036,0,0,,0,0.03,inf,11,1,0,0,0,0,0.0,0.05743266049703824,nan,0.2179654121491129
14.950000000000001,self,swap,0.10784259428057433,0.10872765825996861,0,0,,0,0.030000000000000054,inf,11,1,0,0,0,0,0.0,0.05743266006200076,nan,0.21796541757499066
15.0,self,swap,0.10784259427408037,0.10872765799363286,0,0,,0,0.030000000000000027,inf,11,1,0,0,0,0,0.0,0.057432659648906474,nan,0.2179654227404776
0.05,self+frame,swap,0.32140300669555155,0.3214030065374729,0,0,,0,0.05676101943747254,0.16504642260436408,5,1,752,0,0,0,0.0,0.25,nan,0.21438105844945532
0.1,self+frame,swap,0.29074526774421366,0.2922191434633715,0,0,,0,0.052311275350432576,0.15145276215285405,6,1,752,0,0,0,0.0,0.21889488958989592,nan,0.22044100470028483
0.15000000000000002,self+frame,swap,0.2620280968730823,0.2636032644757923,0,0,,0,0.04862979789496015,0.1409684734263479,6,1,752,0,0,0,0.0,0.16310599550504667,nan,0.22595378652142994
0.2,self+frame,swap,0.2340599926332828,0.23528608926653302,0,0,,0,0.04563646412326196,0.13131350009131199,10,1,753,0,0,0,0.0,0.14558875989189812,nan,0.22642397352383548
0.25,self+frame,swap,0.22526703490478595,0.22631456304570627,0,0,,0,0.05515418406287968,0.12919978421074105,10,1,753,0,0,0,0.0,0.13064879139290583,nan,0.226821689828555
0.30000000000000004,self+frame,swap,0.21788249745952812,0.21877212475976154,0,0,,0,0.06539821699277636,0.12783164443568382,10,1,753,0,0,0,0.0,0.1184627422456531,nan,0.22722265872729686
0.35000000000000003,self+frame,swap,0.21173176768969884,0.21244118379932284,0,0,,0,0.07213401017231567,0.12694047427003516,10,1,749,0,0,0,0.0,0.108398965710444,nan,0.22755300056574213
0.4,self+frame,swap,0.2065630349380303,0.2070833320285517,0,0,,0,0.07720734615747984,0.12653805083166855,10,1,749,0,0,0,0.0,0.09968010562606285,nan,0.2277332707846932
0.45,self+frame,swap,0.20220174060074217,0.20254197779896277,0,0,,0,0.06996036398533884,0.1264752381595597,10,1,749,0,0,0,0.0,0.09247925683990307,nan,0.22774113095202442
0.5,self+frame,swap,0.1985134485622078,0.19868072467103146,0,0,,0,0.06390227919661343,0.12670252379534613,10,1,739,0,0,0,0.0,0.08597522117385462,nan,0.22755235845266342
0.55,self+frame,swap,0.19538652526836495,0.19538589963828176,0,0,,0,0.05884044195051946,0.12719237420099977,10,1,739,0,0,0,0.0,0.0806097056230385,nan,0.2271398857464887
0.6000000000000001,self+frame,swap,0.19272763594042838,0.19256194766407572,0,0,,0,0.05461787515822755,0.12793458752011827,10,1,739,0,0,0,0.0,0.07626149915050533,nan,0.22647346414714298
0.65,self+frame,swap,0.19045828825321137,0.1901277986252683,0,0,,0,0.051108247079711455,0.1289328651371339,10,1,724,0,0,0,0.0,0.07285195533773844,nan,0.22552042128521255
0.7000000000000001,self+frame,swap,0.1885123427373307,0.18801405330645182,0,0,,0,0.04821288675308025,0.13020193954991366,10,1,724,0,0,0,0.0,0.07035838371925973,nan,0.22424855698097523
0.75,self+frame,swap,0.18683476334016508,0.186161112989803,0,0,,0,0.04586016783816785,0.13176450896860292,10,1,724,0,0,0,0.0,0.06670662927089503,nan,0.22263338272822064
0.8,self+frame,swap,0.18538254765243764,0.18451885531388293,0,0,,0,0.04400827415963157,0.1325485478308029,10,1,691,0,0,0,0.0,0.06334469814802014,nan,0.22065409787963175
0.8500000000000001,self+frame,swap,0.1842106787751152,0.1829777948174379,0,0,,0,0.04265048934736365,0.1302312594589162,10,1,691,0,0,0,0.0,0.06009726846281286,nan,0.2187339759864525
0.9,self+frame,swap,0.18254309301582497,0.1823364345269641,0,0,,0,0.041623117049694736,0.1278559013831762,10,1,691,0,0,0,0.0,0.05670238129334046,nan,0.21782197870537645
0.9500000000000001,self+frame,swap,0.1810346541944715,0.18134802836238947,0,0,,0,0.040002000150929,0.12633302917753186,10,1,672,0,0,0,0.0,0.053906348758852224,nan,0.21723016909152137
1.0,self+frame,swap,0.1797424697639554,0.18035036681028302,0,0,,0,0.03841618477865821,0.12504616768591786,10,1,672,0,0,0,0.0,0.05152482028117881,nan,0.21641933935191504
1.05,self+frame,swap,0.17853179251897883,0.17945608235496097,0,0,,0,0.037101959157012726,0.12354843151942642,10,1,672,0,0,0,0.0,0.04903829726586574,nan,0.21511554500869268
1.1,self+frame,swap,0.17737185820354046,0.178612477979986,0,0,,0,0.03603412155250968,0.12161646281427323,10,1,674,0,0,0,0.0,0.046436704793444035,nan,0.21328847110950389
1.1500000000000001,self+frame,swap,0.17621354418725346,0.17777112277116208,0,0,,0,0.03519015885986354,0.11920421428403692,10,1,674,0,0,0,0.0,0.044506826798138034,nan,0.2109134644900904
1.2000000000000002,self+frame,swap,0.17500262025229135,0.17687939471733627,0,0,,0,0.03455470395729027,0.11626488339943285,10,1,674,0,0,0,0.0,0.04366628931785808,nan,0.20796300941583945
1.25,self+frame,swap,0.17367815446990642,0.1758767626865898,0,0,,0,0.034120896686318763,0.11274547155835137,10,1,682,0,0,0,0.0,0.04443905551230367,nan,0.20441094034372587
1.3,self+frame,swap,0.17217024544343512,0.174691431980684,0,0,,0,0.03389135320885525,0.10859129831985444,10,1,682,0,0,0,0.0,0.04682594170657352,nan,0.20024006908465253
1.35,self+frame,swap,0.17039791852480862,0.17323755215698458,0,0,,0,0.03387892521940472,0.10375467173931972,10,1,682,0,0,0,0.0,0.049223757673018745,nan,0.195458272316133
1.4000000000000001,self+frame,swap,0.16826690657790594,0.1714143777467022,0,0,,0,0.03410560179042424,0.09984050740267807,10,1,687,0,0,0,0.0,0.05348978974276095,nan,0.1913528335072633
1.4500000000000002,self+frame,swap,0.16555884650069622,0.16917793265276468,0,0,,0,0.03419337201735076,0.09482642468027173,10,1,687,0,0,0,0.0,0.0596405402982736,nan,0.18786244483236236
1.5,self+frame,swap,0.1622353694788769,0.16651586356276565,0,0,,0,0.03420909425424709,0.09021259353928256,11,1,687,0,0,0,0.0,0.06679436168785864,nan,0.18479502396176029
1.55,self+frame,swap,0.15827981886192355,0.16337172406649678,0,0,,0,0.03426025413112427,0.08681553191337475,11,1,691,0,0,0,0.0,0.06796860965910119,nan,0.18213752195433253
1.6,self+frame,swap,0.1536504307355991,0.15966948265063724,0,0,,0,0.034311837074104096,0.08261351209463051,10,1,691,0,0,0,0.0,0.06817450807297802,nan,0.18078785101377892
1.6500000000000001,self+frame,swap,0.1495977628129374,0.15537564377237267,0,0,,0,0.034477846779558924,0.07976025914995212,10,1,691,0,0,0,0.0,0.06934837579038751,nan,0.18037209519852826
1.7000000000000002,self+frame,swap,0.14559640908915386,0.15074939792508749,0,0,,0,0.034672532488651125,0.07378113846414784,11,1,681,0,0,0,0.0,0.07011364406760243,nan,0.18088500139996133
1.75,self+frame,swap,0.14171181197644328,0.14576294108824636,0,0,,0,0.0348600815693722,0.07233958282235203,11,1,681,0,0,0,0.0,0.0709908229936059,nan,0.1822630437203162
1.8,self+frame,swap,0.13802278632119597,0.14047262120558401,0,0,,0,0.03503281896907906,0.0718620622534898,11,1,681,0,0,0,0.0,0.07316136325031561,nan,0.18430487293767828
1.85,self+frame,swap,0.1345626308095899,0.13500213075691045,0,0,,0,0.03516247854431648,0.12330633393639805,11,1,659,0,0,0,0.0,0.07324614124820955,nan,0.1867602720737308
1.9000000000000001,self+frame,swap,0.13124034665500045,0.12948651329256414,0,0,,0,0.03515342839800287,0.12409101066181026,12,1,659,0,0,0,0.0,0.07376353328621918,nan,0.18961398855150835
1.9500000000000002,self+frame,swap,0.12803363452783592,0.12400218514502485,0,0,,0,0.03510510180057316,0.12560036006214176,13,1,659,0,0,0,0.0,0.07139219030728959,nan,0.19281043588955915
2.0,self+frame,swap,0.1249454930544187,0.11864978448467035,0,0,,0,0.03510239520027278,0.13362316656261825,13,1,637,0,0,0,0.0,0.06798501775700184,nan,0.1959862896660859
2.0500000000000003,self+frame,swap,0.12204421234379233,0.11366024622294342,0,0,,0,0.03524320542816739,0.13574887702005567,13,1,637,0,0,0,0.0,0.06608992292234789,nan,0.1992554325547976
2.1,self+frame,swap,0.11923942560996541,0.1100093961038763,0,0,,0,0.03530980838550404,0.13813652226886514,13,1,637,0,0,0,0.0,0.06486485574011848,nan,0.2021486184140603
2.15,self+frame,swap,0.11661756625762952,0.11013493216089751,0,0,,0,0.03455814534417598,0.1403303328761738,13,1,614,0,0,0,0.0,0.06366877198234305,nan,0.20470725045178828
2.2,self+frame,swap,0.11458881484113331,0.11017382155895063,0,0,,0,0.033853990934928024,0.14336062408321765,13,1,614,0,0,0,0.0,0.06264729744632223,nan,0.20689786440093283
2.25,self+frame,swap,0.1130159618039204,0.11017742634270025,0,0,,0,0.033242479442480904,0.1459759441213791,13,1,614,0,0,0,0.0,0.06179825649082755,nan,0.208754482337962
2.3000000000000003,self+frame,swap,0.11179626781031607,0.11016110418699541,0,0,,0,0.03272119055781436,0.1396878726216726,13,1,612,0,0,0,0.0,0.06109468090710526,nan,0.2103199214950574
2.35,self+frame,swap,0.1108507692137336,0.11013064216048019,0,0,,0,0.032279936998017206,0.1415305558106575,13,1,612,0,0,0,0.0,0.06051115828677642,nan,0.21163486153343614
2.4000000000000004,self+frame,swap,0.11011796786517129,0.11008968496254609,0,0,,0,0.03190797505342516,0.14309273119543092,13,1,612,0,0,0,0.0,0.06002644943678566,nan,0.2127359978441471
2.45,self+frame,swap,0.1095500681557064,0.11004102676511313,0,0,,0,0.03159530448725828,0.14144545823386795,13,1,607,0,0,0,0.0,0.05962309171328554,nan,0.21365569273533846
2.5,self+frame,swap,0.10911006858499815,0.109986914935624,0,0,,0,0.0313329988368615,0.1425455831403717,13,1,607,0,0,0,0.0,0.05928678305622362,nan,0.21442207999512297
2.5500000000000003,self+frame,swap,0.10876938455213447,0.10992918115698422,0,0,,0,0.031113265715720567,0.14347319165300593,13,1,607,0,0,0,0.0,0.05900582402303069,nan,0.21505937293886357
2.6,self+frame,swap,0.10850593988093947,0.10986931998448841,0,0,,0,0.030929395007074006,0.14425472027065056,13,1,605,0,0,0,0.0,0.058770641847067324,nan,0.215588259468111
2.6500000000000004,self+frame,swap,0.10830266650086584,0.10980854371071708,0,0,,0,0.030775659769643582,0.14491288316690282,13,1,605,0,0,0,0.0,0.05857339407870802,nan,0.21602631980465337
2.7,self+frame,swap,0.10814634214750414,0.10974782484837664,0,0,,0,0.03064720170588206,0.14546706848823504,13,1,605,0,0,0,0.0,0.05840764396602732,nan,0.2163884319936712
2.75,self+frame,swap,0.1080266978629785,0.10968793158143918,0,0,,0,0.030539916961535518,0.11164650253935075,13,1,607,0,0,0,0.0,0.05826809710403195,nan,0.21668714720014648
2.8000000000000003,self+frame,swap,0.10793573602225001,0.10962945851073533,0,0,,0,0.03045034965869084,0.11203685265451967,13,1,607,0,0,0,0.0,0.058150388942710345,nan,0.21693302704979056
2.85,self+frame,swap,0.1078672101877573,0.10957285379006262,0,0,,0,0.030375596222718848,0.1123656571924669,13,1,607,0,0,0,0.0,0.05805091351449832,nan,0.21713494093798558
2.9000000000000004,self+frame,swap,0.10781622836330707,0.10951844308954668,0,0,,0,0.030313221299257842,0.11017334148230203,13,1,607,0,0,0,0.0,0.057966685377639236,nan,0.21730032460763427
2.95,self+frame,swap,0.1077789498025743,0.10946645070250421,0,0,,0,0.03026118492017235,0.11040518043362109,13,1,607,0,0,0,0.0,0.057895228066663966,nan,0.21743540286149965
3.0,self+frame,swap,0.10775235268299059,0.1094170179636696,0,0,,0,0.030217780030545704,0.110600868579781,13,1,607,0,0,0,0.0,0.05783448360231676,nan,0.21754538005598978
3.0500000000000003,self+frame,swap,0.10773405550008754,0.10937021913495842,0,0,,0,0.03018157927378534,0.11076623602183298,13,1,607,0,0,0,0.0,0.05778273904195506,nan,0.21763460224702869
3.1,self+frame,swap,0.10772217911535824,0.10932607506759576,0,0,,0,0.030151389893416508,0.11090617816525535,13,1,607,0,0,0,0.0,0.057738566467350344,nan,0.21770669461483638
3.1500000000000004,self+frame,swap,0.10771523986094148,0.10928456472905555,0,0,,0,0.030126215653210553,0.11102480249045497,13,1,607,0,0,0,0.0,0.05770077393903936,nan,0.21776467766023433
3.2,self+frame,swap,0.10771206626082847,0.10924563492696165,0,0,,0,0.03010522477529315,0.11112555322507318,13,1,608,0,0,0,0.0,0.05766836515887809,nan,0.21781106518253168
3.25,self+frame,swap,0.1077117339717569,0.1092092083452727,0,0,,0,0.030087723001497563,0.11121131688066759,13,1,608,0,0,0,0.0,0.05764050640538179,nan,0.21784794681357178
3.3000000000000003,self+frame,swap,0.10771351463274349,0.10917519022743988,0,0,,0,0.03007313099800063,0.11128451145148575,13,1,608,0,0,0,0.0,0.05761649915858135,nan,0.21787705741287378
3.35,self+frame,swap,0.10771683559734677,0.1091434737863173,0,0,,0,0.030060965425213637,0.11134716164128013,13,1,608,0,0,0,0.0,0.05759575748711277,nan,0.2178998353142082
3.4000000000000004,self+frame,swap,0.10772124809402157,0.1091139445621202,0,0,,0,0.0300508230950966,0.11140096217944322,13,1,608,0,0,0,0.0,0.05757778938377263,nan,0.21791747126575156
3.45,self+frame,swap,0.1077264019209599,0.10908648393917736,0,0,,0,0.03004236772291413,0.11144733115461948,13,1,608,0,0,0,0.0,0.05756218119590964,nan,0.21793094942968871
3.5,self+frame,swap,0.10773202536561279,0.1090609718670705,0,0,,0,0.030035318854445936,0.11148745480925616,13,1,608,0,0,0,0.0,0.05754858480317433,nan,0.2179410817636681
3.5500000000000003,self+frame,swap,0.10773790913442623,0.10903728901985847,0,0,,0,0.03002944261709195,0.11152232519468698,13,1,608,0,0,0,0.0,0.057536706833564835,nan,0.21794853679173276
3.6,self+frame,swap,0.10774389357576805,0.10901531838599529,0,0,,0,0.03002454399628879,0.11155277176001273,13,1,608,0,0,0,0.0,0.0575262997742737,nan,0.2179538636857049
3.6500000000000004,self+frame,swap,0.10774985841699268,0.10899494647640517,0,0,,0,0.030020460388692327,0.11157948786237586,13,1,607,0,0,0,0.0,0.05751715452316493,nan,0.21795751243027273
3.7,self+frame,swap,0.1077557145533477,0.10897606418934336,0,0,,0,0.030017056221874144,0.11160305302135302,13,1,607,0,0,0,0.0,0.05750909421234928,nan,0.21795985066015688
3.75,self+frame,swap,0.10776139746363465,0.10895856739795148,0,0,,0,0.030014218465272635,0.11162395155816356,13,1,607,0,0,0,0.0,0.057501968994442036,nan,0.21796117773394663
3.8000000000000003,self+frame,swap,0.10776686194694671,0.10894235731316716,0,0,,0,0.03001185288509911,0.11164258822046284,13,1,607,0,0,0,0.0,0.05749565173902535,nan,0.21796173646745698
3.85,self+frame,swap,0.10777207790097036,0.10892734067641571,0,0,,0,0.030009880920677773,0.11165930125466146,13,1,607,0,0,0,0.0,0.05749003440251198,nan,0.21796172294627925
3.9000000000000004,self+frame,swap,0.10777702693758036,0.10891342982499283,0,0,,0,0.030008237079126865,0.11167437337549575,13,1,607,0,0,0,0.0,0.05748502502165941,nan,0.2179612946957562
3.95,self+frame,swap,0.10778169967575868,0.10890054265509289,0,0,,0,0.03000686676275094,0.11168804093878333,13,1,606,0,0,0,0.0,0.05748054516502112,nan,0.21796057748480713
4.0,self+frame,swap,0.10778609359154626,0.10888860249890245,0,0,,0,0.030005724457239286,0.11170050161175403,13,1,606,0,0,0,0.0,0.05747652782111194,nan,0.21795967098788738
4.05,self+frame,swap,0.10779021130585248,0.10887753794804268,0,0,,0,0.030004772220994597,0.11171192078754523,13,1,606,0,0,0,0.0,0.05747291560501623,nan,0.21795865348558963
4.1000000000000005,self+frame,swap,0.10779405922364314,0.10886728263724524,0,0,,0,0.03000397842549843,0.11172243694529789,13,1,607,0,0,0,0.0,0.057469659290210515,nan,0.21795758579747637
4.15,self+frame,swap,0.10779764645150183,0.10885777501341203,0,0,,0,0.0300033167051669,0.11173216615212951,13,1,607,0,0,0,0.0,0.05746671654865328,nan,0.2179565145032597
4.2,self+frame,swap,0.10780098396038887,0.10884895806887945,0,0,,0,0.030002765081753424,0.11174120578716558,13,1,607,0,0,0,0.0,0.05746405087921286,nan,0.21795547462838083
4.25,self+frame,swap,0.10780408393575298,0.10884077907044751,0,0,,0,0.030002305234358817,0.11174963766579336,13,1,607,0,0,0,0.0,0.05746163074867044,nan,0.21795449188756988
4.3,self+frame,swap,0.10780695925964348,0.1088331893006469,0,0,,0,0.03000192189092618,0.11175753066491902,13,1,607,0,0,0,0.0,0.05745942884290439,nan,0.21795358449573865
4.3500000000000005,self+frame,swap,0.10780962311173445,0.10882614379432298,0,0,,0,0.030001602320912008,0.11176494288087634,13,1,607,0,0,0,0.0,0.05745742144042202,nan,0.2179527646898397
4.4,self+frame,swap,0.10781208868187424,0.10881960107854778,0,0,,0,0.030001335912361288,0.11177192344872179,13,1,608,0,0,0,0.0,0.05745558786646569,nan,0.21795203997453327
4.45,self+frame,swap,0.1078143689602872,0.10881352291541611,0,0,,0,0.03000111381932663,0.11177851405239685,13,1,608,0,0,0,0.0,0.057453910084239744,nan,0.21795141412892083
4.5,self+frame,swap,0.1078164765520953,0.1088078740805869,0,0,,0,0.0300009286680194,0.11178475017452587,13,1,608,0,0,0,0.0,0.057452372274000865,nan,0.21795088805036278
4.55,self+frame,swap,0.10781842359628255,0.10880262211718661,0,0,,0,0.030000774311758543,0.1117906621451218,13,1,608,0,0,0,0.0,0.05745096056166653,nan,0.21795046043832966
4.6000000000000005,self+frame,swap,0.10782022165738614,0.10879773714783045,0,0,,0,0.030000645626801714,0.111796276018425,13,1,608,0,0,0,0.0,0.05744966270627005,nan,0.2179501283189459
4.65,self+frame,swap,0.1078218817097224,0.10879319164664077,0,0,,0,0.0300005383420561,0.11180161426755071,13,1,608,0,0,0,0.0,0.057448467914822304,nan,0.21794988752907207
4.7,self+frame,swap,0.10782341407792656,0.10878896028484614,0,0,,0,0.030000448897215842,0.11180669642169595,13,1,608,0,0,0,0.0,0.057447366616551115,nan,0.21794973304567178
4.75,self+frame,swap,0.10782482846064859,0.10878501972922956,0,0,,0,0.030000374324432477,0.1118115395304395,13,1,608,0,0,0,0.0,0.05744635030864321,nan,0.21794965928886956
4.800000000000001,self+frame,swap,0.107826133917077,0.10878134849685643,0,0,,0,0.030000312149726788,0.11181615859539458,13,1,608,0,0,0,0.0,0.057445411405835624,nan,0.21794966033685614
4.8500000000000005,self+frame,swap,0.10782733890041601,0.10877792678981513,0,0,,0,0.030000260310782567,0.11182056689366811,13,1,608,0,0,0,0.0,0.05744454313979589,nan,0.21794947098838968
4.9,self+frame,swap,0.10782845125453057,0.10877473637603445,0,0,,0,0.030000217088453046,0.11182477627029165,13,1,608,0,0,0,0.0,0.05744373945112022,nan,0.21794926932634795
4.95,self+frame,swap,0.10782947825541223,0.10877176045186233,0,0,,0,0.03000018104964003,0.1118287973694977,13,1,608,0,0,0,0.0,0.0574429948933856,nan,0.2179491427041843
5.0,self+frame,swap,0.10783042663347941,0.10876898352593438,0,0,,0,0.03000015099968545,0.11183263982414672,13,1,608,0,0,0,0.0,0.05744230456778006,nan,0.2179490842729087
5.050000000000001,self+frame,swap,0.10783130260431802,0.10876639131684782,0,0,,0,0.030000125942694494,0.11183631242437646,13,1,608,0,0,0,0.0,0.0574416640336533,nan,0.21794908744600405
5.1000000000000005,self+frame,swap,0.10783211191758556,0.10876397063293321,0,0,,0,0.03000010504844569,0.11183982322028287,13,1,608,0,0,0,0.0,0.05744106930970265,nan,0.21794914598104753
5.15,self+frame,swap,0.10783285984923466,0.10876170932030145,0,0,,0,0.030000087624849764,0.11184317967090142,13,1,608,0,0,0,0.0,0.057440516753645816,nan,0.21794925396554643
5.2,self+frame,swap,0.10783355127545328,0.10875959613915714,0,0,,0,0.030000072326451396,0.11184638869422671,13,1,608,0,0,0,0.0,0.05744000307448714,nan,0.21794940585520417
5.25,self+frame,swap,0.10783419067352298,0.10875762071380485,0,0,,0,0.030000059383753733,0.11184945676444148,13,1,608,0,0,0,0.0,0.05743952526989929,nan,0.2179495964619601
5.300000000000001,self+frame,swap,0.10783478216122758,0.1087557734522661,0,0,,0,0.03000004869011795,0.11185238995569259,13,1,608,0,0,0,0.0,0.05743908059504374,nan,0.21794982096912496
5.3500000000000005,self+frame,swap,0.10783532953098712,0.10875404547956558,0,0,,0,0.03000003986127385,0.11185519400358866,13,1,608,0,0,0,0.0,0.05743866656590634,nan,0.21795007492101515
5.4,self+frame,swap,0.10783583625001024,0.10875242859677865,0,0,,0,0.030000032577959454,0.11185787434682688,13,1,608,0,0,0,0.0,0.05743828088712938,nan,0.2179503541954343
5.45,self+frame,swap,0.10783630551831665,0.10875091520126877,0,0,,0,0.030000026574964325,0.11186043613966591,13,1,608,0,0,0,0.0,0.057437921459848336,nan,0.21795065501121436
5.5,self+frame,swap,0.10783674027121337,0.10874949825550452,0,0,,0,0.03000002163205641,0.11186288429994996,13,1,608,0,0,0,0.0,0.057437586368677594,nan,0.2179509739126818
5.550000000000001,self+frame,swap,0.10783714319920681,0.10874817124161959,0,0,,0,0.030000017566409562,0.11186522353098201,13,1,608,0,0,0,0.0,0.05743727384245223,nan,0.2179513077454821
5.6000000000000005,self+frame,swap,0.1078375167751936,0.10874692811535441,0,0,,0,0.030000014226290825,0.11186745833372207,13,1,608,0,0,0,0.0,0.05743698225454466,nan,0.21795165363479574
5.65,self+frame,swap,0.10783786327271265,0.10874576326672694,0,0,,0,0.030000011485820557,0.11186959301573494,13,1,608,0,0,0,0.0,0.057436710113928875,nan,0.21795200898034073
5.7,self+frame,swap,0.10783818477506199,0.10874467149332709,0,0,,0,0.030000009240610262,0.11187163171694871,13,1,608,0,0,0,0.0,0.05743645603090471,nan,0.21795237142611013
5.75,self+frame,swap,0.10783848320285737,0.10874364795775142,0,0,,0,0.030000007404119303,0.1118735784079904,13,1,608,0,0,0,0.0,0.05743621874187042,nan,0.2179527388753254
5.800000000000001,self+frame,swap,0.1078387603126347,0.10874268817563101,0,0,,0,0.03000000590464995,0.11187543692855371,13,1,608,0,0,0,0.0,0.057435997061664995,nan,0.21795310941874824
5.8500000000000005,self+frame,swap,0.10783901772774754,0.10874178796809347,0,0,,0,0.030000004682814566,0.11187721094549495,13,1,608,0,0,0,0.0,0.05743578990965205,nan,0.21795348136781667
5.9,self+frame,swap,0.10783925693107828,0.10874094345797618,0,0,,0,0.030000003689461027,0.11187890400413227,13,1,608,0,0,0,0.0,0.057435596264475974,nan,0.2179538532073998
5.95,self+frame,swap,0.10783947930045577,0.10874015102557501,0,0,,0,0.030000002883918866,0.11188051950409951,13,1,608,0,0,0,0.0,0.05743541521241712,nan,0.21795422361397587
6.0,self+frame,swap,0.10783968608559595,0.10873940731839811,0,0,,0,0.030000002232575193,0.11188206073711836,13,1,608,0,0,0,0.0,0.05743524588485469,nan,0.21795459140453588
6.050000000000001,self+frame,swap,0.10783987844670903,0.10873870920327486,0,0,,0,0.03000000170765031,0.11188353085693976,13,1,608,0,0,0,0.0,0.05743508747816429,nan,0.2179549555507444
6.1000000000000005,self+frame,swap,0.10784005745378913,0.10873805376168563,0,0,,0,0.030000001286211483,0.11188493290634242,13,1,608,0,0,0,0.0,0.057434939262901316,nan,0.21795531515960576
6.15,self+frame,swap,0.10784022408169942,0.10873743828150714,0,0,,0,0.030000000949345032,0.11188626981885806,13,1,608,0,0,0,0.0,0.05743480053159949,nan,0.21795566944137257
6.2,self+frame,swap,0.10784037924722861,0.10873686021764589,0,0,,0,0.030000000681454933,0.11188754439864544,13,1,608,0,0,0,0.0,0.05743467065311694,nan,0.21795601773132767
6.25,self+frame,swap,0.10784052378166487,0.10873631720864192,0,0,,0,0.030000000469706536,0.11188875935782423,13,1,608,0,0,0,0.0,0.05743454903733003,nan,0.2179563594677344
6.300000000000001,self+frame,swap,0.10784065845115866,0.10873580705077472,0,0,,0,0.03000000030354298,0.111889917308145,13,1,608,0,0,0,0.0,0.05743443512620634,nan,0.2179566941673997
6.3500000000000005,self+frame,swap,0.1078407839715687,0.10873532767906686,0,0,,0,0.030000000174289235,0.1118910207483076,13,1,608,0,0,0,0.0,0.057434328407094004,nan,0.21795702143166562
6.4,self+frame,swap,0.10784090099893179,0.1087348771684885,0,0,,0,0.03000000007482996,0.11189207208334172,13,1,608,0,0,0,0.0,0.05743422840721435,nan,0.21795734094693475
6.45,self+frame,swap,0.10784101013556932,0.10873445372499532,0,0,,0,0.02999999999933632,0.11189307363273736,13,1,608,0,0,0,0.0,0.05743413467718709,nan,0.2179576524542043
6.5,self+frame,swap,0.10784111194540952,0.10873405566416638,0,0,,0,0.02999999994303988,0.11189402761498209,13,1,608,0,0,0,0.0,0.05743404680348234,nan,0.21795795575498855
6.550000000000001,self+frame,swap,0.10784120694757965,0.10873368141369563,0,0,,0,0.029999999902048394,0.11189493615859729,13,1,608,0,0,0,0.0,0.0574339644165586,nan,0.21795825071954977
6.6000000000000005,self+frame,swap,0.10784129561113587,0.10873332951345752,0,0,,0,0.02999999987319281,0.11189580132284145,13,1,608,0,0,0,0.0,0.057433887137352646,nan,0.2179585372392655
6.65,self+frame,swap,0.10784137839231248,0.10873299857730188,0,0,,0,0.029999999853891637,0.11189662505684018,13,1,608,0,0,0,0.0,0.05743381465500068,nan,0.21795881527787786
6.7,self+frame,swap,0.107841455684086,0.10873268733341883,0,0,,0,0.029999999842058075,0.11189740926023937,13,1,608,0,0,0,0.0,0.05743374662646445,nan,0.2179590848033205
6.75,self+frame,swap,0.10784152789072053,0.10873239455691945,0,0,,0,0.0299999998359977,0.11189815571913193,13,1,608,0,0,0,0.0,0.05743368279001565,nan,0.21795934584782273
6.800000000000001,self+frame,swap,0.1078415953455588,0.108732119136696,0,0,,0,0.0299999998343531,0.11189886617774099,13,1,608,0,0,0,0.0,0.05743362287380025,nan,0.21795959846119228
6.8500000000000005,self+frame,swap,0.10784165837490506,0.1087318600165665,0,0,,0,0.029999999836030647,0.11189954229587067,13,1,608,0,0,0,0.0,0.057433566607254974,nan,0.21795984270491153
6.9,self+frame,swap,0.10784171729299187,0.1087316161965754,0,0,,0,0.029999999840154626,0.11190018564875799,13,1,608,0,0,0,0.0,0.057433513778757814,nan,0.21796007868771727
6.95,self+frame,swap,0.10784177236939936,0.10873138676086452,0,0,,0,0.02999999984603334,0.1119007977677771,13,1,608,0,0,0,0.0,0.05743346414887164,nan,0.21796030651723386
7.0,self+frame,swap,0.10784182387322822,0.10873117083241456,0,0,,0,0.02999999985311609,0.11190138010169944,13,1,608,0,0,0,0.0,0.057433417516753155,nan,0.2179605263253407
7.050000000000001,self+frame,swap,0.10784187204606156,0.10873096759714987,0,0,,0,0.029999999860973223,0.11190193404128922,13,1,608,0,0,0,0.0,0.05743337370956805,nan,0.21796073826970808
7.1000000000000005,self+frame,swap,0.10784191710167493,0.10873077630150649,0,0,,0,0.029999999869271723,0.11190246093037202,13,1,608,0,0,0,0.0,0.05743333252801601,nan,0.2179609424930341
7.15,self+frame,swap,0.10784195926217083,0.10873059621694194,0,0,,0,0.0299999998777523,0.11190296202728146,13,1,608,0,0,0,0.0,0.05743329381745836,nan,0.21796113917263826
7.2,self+frame,swap,0.10784199871240244,0.10873042667975553,0,0,,0,0.029999999886221,0.11190343855951589,13,1,608,0,0,0,0.0,0.05743325741480394,nan,0.21796132848157124
7.25,self+frame,swap,0.10784203563921559,0.10873026705411835,0,0,,0,0.029999999894531906,0.11190389168718841,13,1,608,0,0,0,0.0,0.057433223174985594,nan,0.21796151059536373
7.300000000000001,self+frame,swap,0.10784207021070745,0.10873011674751515,0,0,,0,0.029999999902579497,0.11190432251607445,13,1,608,0,0,0,0.0,0.05743319097834424,nan,0.21796168571375418
7.3500000000000005,self+frame,swap,0.10784210257288081,0.10872997521456679,0,0,,0,0.02999999991029058,0.11190473212048611,13,1,608,0,0,0,0.0,0.057433160684565415,nan,0.21796185401867263
7.4,self+frame,swap,0.10784213287957009,0.10872984192552916,0,0,,0,0.02999999991761461,0.11190512150679145,13,1,608,0,0,0,0.0,0.057433132166699444,nan,0.2179620157002894
7.45,self+frame,swap,0.10784216127243215,0.10872971638596424,0,0,,0,0.02999999992452136,0.11190549163945553,13,1,608,0,0,0,0.0,0.0574331053414629,nan,0.21796217096783976
7.5,self+frame,swap,0.10784218785712613,0.10872959815438725,0,0,,0,0.029999999930997154,0.11190584345830033,13,1,608,0,0,0,0.0,0.05743308007206316,nan,0.2179623199952786
7.550000000000001,self+frame,swap,0.10784221277407238,0.10872948677793369,0,0,,0,0.02999999993703635,0.11190617782432512,13,1,608,0,0,0,0.0,0.05743305628619229,nan,0.21796246299806954
7.6000000000000005,self+frame,swap,0.10784223611804211,0.10872938186522352,0,0,,0,0.02999999994264542,0.11190649559842884,13,1,608,0,0,0,0.0,0.05743303388384936,nan,0.21796260015746605
7.65,self+frame,swap,0.107842257994522,0.10872928303062518,0,0,,0,0.02999999994783452,0.1119067975728439,13,1,608,0,0,0,0.0,0.0574330127882917,nan,0.2179627316761651
7.7,self+frame,swap,0.1078422784934002,0.10872918992155632,0,0,,0,0.02999999995261997,0.11190708452323721,13,1,608,0,0,0,0.0,0.05743299290246663,nan,0.21796285773116775
7.75,self+frame,swap,0.10784229771759486,0.10872910218930099,0,0,,0,0.029999999957019616,0.11190735716582682,13,1,608,0,0,0,0.0,0.057432974164599034,nan,0.21796297851457858
7.800000000000001,self+frame,swap,0.10784231574190449,0.10872901952391446,0,0,,0,0.02999999996105522,0.11190761620129706,13,1,608,0,0,0,0.0,0.057432956512571624,nan,0.21796309422361693
7.8500000000000005,self+frame,swap,0.10784233263778022,0.10872894163473878,0,0,,0,0.02999999996474846,0.11190786230531934,13,1,608,0,0,0,0.0,0.057432939858548394,nan,0.21796320501995436
7.9,self+frame,swap,0.10784234849178159,0.10872886822810696,0,0,,0,0.029999999968120958,0.11190809609122292,13,1,608,0,0,0,0.0,0.05743292417446673,nan,0.2179633111031939
7.95,self+frame,swap,0.10784236334820452,0.10872879906161714,0,0,,0,0.02999999997119608,0.11190831818383691,13,1,608,0,0,0,0.0,0.05743290937184046,nan,0.21796341262866792
8.0,self+frame,swap,0.10784237729136123,0.1087287338695565,0,0,,0,0.029999999973994704,0.11190852913842524,13,1,608,0,0,0,0.0,0.057432895406191176,nan,0.2179635097706888
8.05,self+frame,swap,0.1078423903762269,0.1087286724231433,0,0,,0,0.029999999976537947,0.11190872950504234,13,1,608,0,0,0,0.0,0.057432882236810194,nan,0.21796360270237825
8.1,self+frame,swap,0.10784240264951807,0.10872861451063745,0,0,,0,0.029999999978846767,0.11190891981280919,13,1,608,0,0,0,0.0,0.05743286981713222,nan,0.2179636915824944
8.15,self+frame,swap,0.10784241416088595,0.10872855992749726,0,0,,0,0.029999999980939843,0.11190910055565138,13,1,608,0,0,0,0.0,0.05743285808897732,nan,0.21796377656651644
8.200000000000001,self+frame,swap,0.10784242496910082,0.10872850847156933,0,0,,0,0.02999999998283516,0.11190927220346743,13,1,608,0,0,0,0.0,0.05743284702161666,nan,0.21796385780615946
8.25,self+frame,swap,0.10784243511130334,0.10872845996658623,0,0,,0,0.029999999984550205,0.11190943520491627,13,1,608,0,0,0,0.0,0.057432836566479725,nan,0.2179639354506545
8.3,self+frame,swap,0.10784244463623605,0.10872841423572494,0,0,,0,0.029999999986100187,0.11190958998903026,13,1,608,0,0,0,0.0,0.05743282669252758,nan,0.21796400964164298
8.35,self+frame,swap,0.10784245358029193,0.1087283711201723,0,0,,0,0.02999999998750004,0.11190973696040347,13,1,608,0,0,0,0.0,0.05743281737644096,nan,0.217964080529912
8.4,self+frame,swap,0.10784246197290139,0.1087283304756174,0,0,,0,0.02999999998876364,0.11190987651815663,13,1,608,0,0,0,0.0,0.05743280857111694,nan,0.2179641482391318
8.450000000000001,self+frame,swap,0.10784246985786118,0.1087282921502604,0,0,,0,0.029999999989903173,0.11191000902039487,13,1,608,0,0,0,0.0,0.057432800263067074,nan,0.2179642129107714
8.5,self+frame,swap,0.10784247725427297,0.1087282560209368,0,0,,0,0.029999999990930545,0.11191013483022093,13,1,608,0,0,0,0.0,0.057432792403412675,nan,0.21796427465548895
8.55,self+frame,swap,0.1078424842063936,0.10872822194811813,0,0,,0,0.029999999991855777,0.1119102542661921,13,1,608,0,0,0,0.0,0.05743278498464022,nan,0.21796433361044476
8.6,self+frame,swap,0.10784249073048084,0.10872818982431022,0,0,,0,0.02999999999268889,0.11191036766083147,13,1,608,0,0,0,0.0,0.05743277795177001,nan,0.21796438987430433
8.65,self+frame,swap,0.10784249687284549,0.10872815951879763,0,0,,0,0.02999999999343818,0.11191047529713309,13,1,608,0,0,0,0.0,0.05743277132457776,nan,0.21796444358557532
8.700000000000001,self+frame,swap,0.10784250263057664,0.10872813095173317,0,0,,0,0.02999999999411264,0.11191057748740361,13,1,608,0,0,0,0.0,0.05743276505294531,nan,0.2179644948372329
8.75,self+frame,swap,0.10784250804428853,0.10872810400712027,0,0,,0,0.02999999999471882,0.11191067448962379,13,1,608,0,0,0,0.0,0.05743275912082649,nan,0.21796454373642649
8.8,self+frame,swap,0.10784251313078651,0.10872807859556874,0,0,,0,0.029999999995263663,0.11191076656581513,13,1,608,0,0,0,0.0,0.05743275350624552,nan,0.21796459038447857
8.85,self+frame,swap,0.10784251791419935,0.1087280546261223,0,0,,0,0.029999999995753132,0.1119108539620458,13,1,608,0,0,0,0.0,0.05743274819816129,nan,0.21796463487948137
8.9,self+frame,swap,0.10784252240901511,0.10872803201921322,0,0,,0,0.029999999996192697,0.11191093691504227,13,1,608,0,0,0,0.0,0.057432743186052564,nan,0.217964677323376
8.950000000000001,self+frame,swap,0.10784252662555906,0.10872801070309211,0,0,,0,0.029999999996587742,0.11191101565635954,13,1,608,0,0,0,0.0,0.05743273843179135,nan,0.2179647177923546
9.0,self+frame,swap,0.10784253059644995,0.10872799059031384,0,0,,0,0.02999999999694193,0.11191109038451914,13,1,608,0,0,0,0.0,0.05743273392903909,nan,0.21796475637811008
9.05,self+frame,swap,0.1078425343338396,0.108727971615195,0,0,,0,0.02999999999725976,0.11191116130500949,13,1,608,0,0,0,0.0,0.05743272968282522,nan,0.2179647931766847
9.1,self+frame,swap,0.10784253783656361,0.108727953725379,0,0,,0,0.02999999999754506,0.11191122862404153,13,1,608,0,0,0,0.0,0.05743272565404774,nan,0.21796482824948915
9.15,self+frame,swap,0.10784254113492187,0.10872793684453352,0,0,,0,0.029999999997800855,0.11191129250591385,13,1,608,0,0,0,0.0,0.05743272184120755,nan,0.21796486167990314
9.200000000000001,self+frame,swap,0.10784254423572202,0.10872792092041476,0,0,,0,0.029999999998030394,0.11191135312989346,13,1,608,0,0,0,0.0,0.05743271823235544,nan,0.21796489354602955
9.25,self+frame,swap,0.10784254714836852,0.10872790590063304,0,0,,0,0.029999999998236063,0.1119114106656854,13,1,608,0,0,0,0.0,0.057432714808250934,nan,0.21796492390918332
9.3,self+frame,swap,0.10784254989337781,0.10872789172521595,0,0,,0,0.029999999998420387,0.1119114652596792,13,1,608,0,0,0,0.0,0.057432711567523685,nan,0.21796495284512163
9.35,self+frame,swap,0.10784255247474094,0.10872787835270473,0,0,,0,0.029999999998585644,0.11191151706855341,13,1,608,0,0,0,0.0,0.057432708499240336,nan,0.21796498041779422
9.4,self+frame,swap,0.10784255490152204,0.10872786573770485,0,0,,0,0.029999999998733803,0.11191156623307723,13,1,608,0,0,0,0.0,0.05743270559381255,nan,0.21796500668435093
9.450000000000001,self+frame,swap,0.10784255718232567,0.10872785383608953,0,0,,0,0.029999999998866475,0.11191161288384445,13,1,608,0,0,0,0.0,0.05743270283541479,nan,0.21796503170666093
9.5,self+frame,swap,0.10784255933270069,0.10872784260313018,0,0,,0,0.029999999998985324,0.11191165714919014,13,1,608,0,0,0,0.0,0.057432700225333255,nan,0.21796505554045453
9.55,self+frame,swap,0.1078425613527215,0.1087278320064652,0,0,,0,0.029999999999091767,0.11191169914986308,13,1,608,0,0,0,0.0,0.05743269775173842,nan,0.21796507824188327
9.600000000000001,self+frame,swap,0.10784256325445336,0.10872782200687099,0,0,,0,0.02999999999918708,0.11191173900183816,13,1,608,0,0,0,0.0,0.0574326954124852,nan,0.21796509986979717
9.65,self+frame,swap,0.10784256503954608,0.10872781257537587,0,0,,0,0.02999999999927254,0.11191177682171773,13,1,608,0,0,0,0.0,0.05743269319387611,nan,0.2179651204650629
9.700000000000001,self+frame,swap,0.1078425667199118,0.10872780367496104,0,0,,0,0.029999999999348867,0.11191181270454707,13,1,608,0,0,0,0.0,0.05743269107789434,nan,0.2179651400719983
9.75,self+frame,swap,0.10784256830860295,0.10872779526974659,0,0,,0,0.02999999999941745,0.11191184674462744,13,1,608,0,0,0,0.0,0.057432689087162744,nan,0.21796515874706135
9.8,self+frame,swap,0.10784256979649853,0.10872778734509775,0,0,,0,0.029999999999478902,0.11191187904604995,13,1,608,0,0,0,0.0,0.05743268718833511,nan,0.21796517652383207
9.850000000000001,self+frame,swap,0.10784257120151286,0.10872777986169978,0,0,,0,0.029999999999533747,0.11191190968914279,13,1,608,0,0,0,0.0,0.05743268539355639,nan,0.21796519345117427
9.9,self+frame,swap,0.10784257252130795,0.10872777280246271,0,0,,0,0.029999999999582846,0.11191193876402415,13,1,608,0,0,0,0.0,0.057432683687048736,nan,0.21796520956165943
9.950000000000001,self+frame,swap,0.10784257376747566,0.10872776613669065,0,0,,0,0.029999999999626756,0.11191196634442345,13,1,608,0,0,0,0.0,0.05743268207454795,nan,0.21796522490450643
10.0,self+frame,swap,0.1078425749349597,0.10872775985107605,0,0,,0,0.029999999999666252,0.11191199251709709,13,1,608,0,0,0,0.0,0.05743268054584895,nan,0.21796523950765756
10.05,self+frame,swap,0.10784257603406619,0.10872775391875493,0,0,,0,0.029999999999701363,0.11191201734652857,13,1,608,0,0,0,0.0,0.05743267908727872,nan,0.21796525340665396
10.100000000000001,self+frame,swap,0.10784257707336639,0.10872774831669899,0,0,,0,0.02999999999973281,0.11191204090132374,13,1,608,0,0,0,0.0,0.0574326777021294,nan,0.21796526663251703
10.15,self+frame,swap,0.10784257805375198,0.10872774302726881,0,0,,0,0.029999999999760982,0.11191206324485913,13,1,608,0,0,0,0.0,0.05743267639945993,nan,0.21796527922678044
10.200000000000001,self+frame,swap,0.1078425789676732,0.1087277380432916,0,0,,0,0.02999999999978621,0.11191208444850655,13,1,608,0,0,0,0.0,0.05743267516294564,nan,0.21796529121524133
10.25,self+frame,swap,0.10784257982771009,0.10872773333977184,0,0,,0,0.029999999999808832,0.11191210456711208,13,1,608,0,0,0,0.0,0.057432673977322865,nan,0.2179653026167091
10.3,self+frame,swap,0.10784258064596117,0.10872772889306849,0,0,,0,0.02999999999982901,0.11191212364541618,13,1,608,0,0,0,0.0,0.057432672850454496,nan,0.21796531346314352
10.350000000000001,self+frame,swap,0.10784258141814312,0.10872772469431158,0,0,,0,0.029999999999847024,0.1119121417410953,13,1,608,0,0,0,0.0,0.057432671795110066,nan,0.21796532379055178
10.4,self+frame,swap,0.10784258213639235,0.10872772073872007,0,0,,0,0.029999999999863317,0.11191215891433733,13,1,608,0,0,0,0.0,0.057432670779920265,nan,0.21796533361370785
10.450000000000001,self+frame,swap,0.10784258282195627,0.1087277169980481,0,0,,0,0.02999999999987775,0.11191217520144302,13,1,608,0,0,0,0.0,0.05743266982451237,nan,0.21796534296087178
10.5,self+frame,swap,0.10784258346262222,0.10872771347118007,0,0,,0,0.02999999999989074,0.11191219065287679,13,1,608,0,0,0,0.0,0.057432668913439545,nan,0.2179653518511383
10.55,self+frame,swap,0.10784258406818774,0.10872771013956506,0,0,,0,0.029999999999902147,0.1119122053085536,13,1,608,0,0,0,0.0,0.057432668043657445,nan,0.21796536030747415
10.600000000000001,self+frame,swap,0.10784258464261756,0.10872770699165721,0,0,,0,0.02999999999991247,0.11191221920858403,13,1,608,0,0,0,0.0,0.05743266723025776,nan,0.217965368364612
10.65,self+frame,swap,0.10784258517447988,0.10872770402918575,0,0,,0,0.029999999999921798,0.11191223240625979,13,1,608,0,0,0,0.0,0.057432666449273924,nan,0.21796537601877575
10.700000000000001,self+frame,swap,0.10784258568079291,0.10872770122688812,0,0,,0,0.029999999999929958,0.11191224491622682,13,1,608,0,0,0,0.0,0.057432665708093675,nan,0.217965383300467
10.75,self+frame,swap,0.10784258615902088,0.10872769858054589,0,0,,0,0.02999999999993737,0.11191225678309415,13,1,608,0,0,0,0.0,0.05743266500192507,nan,0.2179653902280373
10.8,self+frame,swap,0.1078425866101103,0.10872769608235207,0,0,,0,0.029999999999944252,0.11191226804084,13,1,608,0,0,0,0.0,0.05743266434038526,nan,0.21796539682151528
10.850000000000001,self+frame,swap,0.10784258703051464,0.10872769372813469,0,0,,0,0.02999999999994994,0.11191227872366487,13,1,608,0,0,0,0.0,0.05743266370142115,nan,0.21796540308805346
10.9,self+frame,swap,0.10784258743199082,0.10872769150070521,0,0,,0,0.0299999999999553,0.11191228885242203,13,1,608,0,0,0,0.0,0.05743266310290261,nan,0.21796540905573336
10.950000000000001,self+frame,swap,0.10784258780386967,0.10872768940389588,0,0,,0,0.029999999999960128,0.11191229846800053,13,1,608,0,0,0,0.0,0.05743266252432998,nan,0.2179654147227631
11.0,self+frame,swap,0.10784258816072247,0.10872768741806232,0,0,,0,0.02999999999996429,0.11191230758035474,13,1,608,0,0,0,0.0,0.057432661983722925,nan,0.21796542011898945
11.05,self+frame,swap,0.10784258849132729,0.10872768554912601,0,0,,0,0.029999999999968094,0.1119123162303516,13,1,608,0,0,0,0.0,0.057432661468278245,nan,0.21796542524991913
11.100000000000001,self+frame,swap,0.10784258880429809,0.10872768378326994,0,0,,0,0.029999999999971563,0.1119123244343624,13,1,608,0,0,0,0.0,0.05743266097470458,nan,0.2179654301253574
11.15,self+frame,swap,0.10784258910172158,0.10872768211385146,0,0,,0,0.029999999999974505,0.11191233221226075,13,1,608,0,0,0,0.0,0.057432660511136255,nan,0.21796543476748897
11.200000000000001,self+frame,swap,0.10784258937794926,0.10872768054121806,0,0,,0,0.029999999999977253,0.11191233959589054,13,1,608,0,0,0,0.0,0.05743266006280397,nan,0.21796543917869815
11.25,self+frame,swap,0.10784258964327303,0.108727679052403,0,0,,0,0.029999999999979557,0.11191234659585829,13,1,608,0,0,0,0.0,0.05743265964401341,nan,0.21796544337283963
11.3,self+frame,swap,0.10784258988994172,0.10872767764924994,0,0,,0,0.029999999999981777,0.11191235323542988,13,1,608,0,0,0,0.0,0.05743265924133176,nan,0.21796544736342593
11.350000000000001,self+frame,swap,0.10784259012595585,0.10872767632251674,0,0,,0,0.029999999999983692,0.11191235953526775,13,1,608,0,0,0,0.0,0.05743265885994734,nan,0.21796545115585364
11.4,self+frame,swap,0.1078425903466993,0.10872767507060678,0,0,,0,0.029999999999985386,0.1119123655090775,13,1,608,0,0,0,0.0,0.05743265849376089,nan,0.21796545476341078
11.450000000000001,self+frame,swap,0.10784259055580263,0.10872767388794212,0,0,,0,0.02999999999998694,0.1119123711768601,13,1,608,0,0,0,0.0,0.0574326581511608,nan,0.21796545819495605
11.5,self+frame,swap,0.10784259075078165,0.10872767277332977,0,0,,0,0.029999999999988328,0.1119123765544114,13,1,608,0,0,0,0.0,0.05743265782163136,nan,0.21796546145549922
11.55,self+frame,swap,0.10784259093657804,0.10872767171902536,0,0,,0,0.029999999999989632,0.1119123816528556,13,1,608,0,0,0,0.0,0.057432657516496975,nan,0.21796546456100818
11.600000000000001,self+frame,swap,0.10784259110615033,0.10872767072840606,0,0,,0,0.02999999999999063,0.11191238649441514,13,1,608,0,0,0,0.0,0.05743265721484308,nan,0.21796546750628754
11.65,self+frame,swap,0.10784259127369195,0.10872766978605235,0,0,,0,0.02999999999999174,0.11191239107957969,13,1,608,0,0,0,0.0,0.05743265693450011,nan,0.21796547031177005
11.700000000000001,self+frame,swap,0.10784259142733026,0.1087276689004875,0,0,,0,0.029999999999992547,0.11191239543371083,13,1,608,0,0,0,0.0,0.057432656667049956,nan,0.21796547297998814
11.75,self+frame,swap,0.10784259157354142,0.10872766806342654,0,0,,0,0.02999999999999338,0.11191239956421443,13,1,608,0,0,0,0.0,0.05743265641948795,nan,0.21796547551966172
11.8,self+frame,swap,0.1078425917069662,0.10872766727722395,0,0,,0,0.029999999999994045,0.1119124034855127,13,1,608,0,0,0,0.0,0.05743265617182929,nan,0.21796547792333476
11.850000000000001,self+frame,swap,0.10784259184080155,0.10872766652704564,0,0,,0,0.029999999999994628,0.11191240719421532,13,1,608,0,0,0,0.0,0.0574326559421934,nan,0.21796548021492168
11.9,self+frame,swap,0.10784259196435979,0.10872766582178771,0,0,,0,0.02999999999999524,0.1119124107179348,13,1,608,0,0,0,0.0,0.0574326557213244,nan,0.2179654823923901
11.950000000000001,self+frame,swap,0.10784259208008162,0.10872766515641424,0,0,,0,0.029999999999995766,0.11191241405960035,13,1,608,0,0,0,0.0,0.057432655514159214,nan,0.21796548446133734
12.0,self+frame,swap,0.10784259218875915,0.10872766452779398,0,0,,0,0.029999999999996266,0.11191241722842714,13,1,608,0,0,0,0.0,0.05743265531381108,nan,0.21796548642604263
12.05,self+frame,swap,0.10784259229409875,0.10872766393220565,0,0,,0,0.029999999999996543,0.11191242023157684,13,1,608,0,0,0,0.0,0.05743265512615088,nan,0.21796548829893048
12.100000000000001,self+frame,swap,0.1078425923900187,0.10872766337311453,0,0,,0,0.029999999999996987,0.11191242308580722,13,1,608,0,0,0,0.0,0.057432654947920284,nan,0.21796549008137778
12.15,self+frame,swap,0.10784259247995522,0.10872766284571445,0,0,,0,0.029999999999997293,0.11191242579491677,13,1,608,0,0,0,0.0,0.057432654781132596,nan,0.2179654917762356
12.200000000000001,self+frame,swap,0.10784259256229538,0.10872766234930176,0,0,,0,0.029999999999997487,0.111912428365688,13,1,608,0,0,0,0.0,0.05743265461649276,nan,0.21796549338191984
12.25,self+frame,swap,0.10784259264463347,0.10872766187646131,0,0,,0,0.02999999999999771,0.11191243079880807,13,1,608,0,0,0,0.0,0.057432654456104834,nan,0.21796549490838613
12.3,self+frame,swap,0.1078425927241414,0.10872766142850075,0,0,,0,0.02999999999999796,0.11191243310653808,13,1,608,0,0,0,0.0,0.05743265431482896,nan,0.21796549636754514
12.350000000000001,self+frame,swap,0.1078425927922971,0.10872766101188408,0,0,,0,0.02999999999999818,0.11191243530339014,13,1,608,0,0,0,0.0,0.057432654174563565,nan,0.2179654977469173
12.4,self+frame,swap,0.10784259286057538,0.10872766061394523,0,0,,0,0.029999999999998403,0.11191243738028077,13,1,608,0,0,0,0.0,0.057432654040706715,nan,0.2179654990604888
12.450000000000001,self+frame,swap,0.10784259292587912,0.10872766023833168,0,0,,0,0.029999999999998736,0.11191243935171623,13,1,608,0,0,0,0.0,0.057432653915817165,nan,0.2179655003071973
12.5,self+frame,swap,0.10784259298692896,0.10872765988393508,0,0,,0,0.029999999999998708,0.1119124412201364,13,1,608,0,0,0,0.0,0.0574326537927693,nan,0.21796550149153082
12.55,self+frame,swap,0.10784259304594855,0.10872765954775605,0,0,,0,0.029999999999998958,0.11191244299216434,13,1,608,0,0,0,0.0,0.057432653679647686,nan,0.21796550262126668
12.600000000000001,self+frame,swap,0.10784259310041126,0.10872765923200078,0,0,,0,0.029999999999998986,0.11191244467614257,13,1,608,0,0,0,0.0,0.057432653571314524,nan,0.21796550369538814
12.65,self+frame,swap,0.1078425931506484,0.10872765893485595,0,0,,0,0.029999999999999125,0.11191244627410911,13,1,608,0,0,0,0.0,0.05743265347139314,nan,0.2179655047130612
12.700000000000001,self+frame,swap,0.1078425931965074,0.10872765865479735,0,0,,0,0.029999999999999236,0.11191244778723371,13,1,608,0,0,0,0.0,0.057432653362780264,nan,0.21796550567747242
12.75,self+frame,swap,0.10784259324922255,0.10872765838262197,0,0,,0,0.029999999999999263,0.11191244921856865,13,1,608,0,0,0,0.0,0.057432653273716744,nan,0.21796550660294567
12.8,self+frame,swap,0.10784259328864677,0.10872765813484761,0,0,,0,0.029999999999999347,0.11191245058529976,13,1,608,0,0,0,0.0,0.05743265318272235,nan,0.21796550747821353
12.850000000000001,self+frame,swap,0.1078425933300171,0.10872765789705738,0,0,,0,0.029999999999999402,0.11191245187757547,13,1,608,0,0,0,0.0,0.05743265310611146,nan,0.2179655083169666
12.9,self+frame,swap,0.10784259336103279,0.10872765767957236,0,0,,0,0.02999999999999943,0.1119124531108628,13,1,608,0,0,0,0.0,0.05743265302261584,nan,0.21796550910580315
12.950000000000001,self+frame,swap,0.10784259339881373,0.10872765746642972,0,0,,0,0.029999999999999513,0.11191245427249526,13,1,608,0,0,0,0.0,0.05743265294306926,nan,0.2179655098554344
13.0,self+frame,swap,0.10784259343353364,0.10872765726601158,0,0,,0,0.02999999999999957,0.11191245537403686,13,1,608,0,0,0,0.0,0.057432652870804,nan,0.21796551056977786
13.05,self+frame,swap,0.1078425934646046,0.10872765707796547,0,0,,0,0.029999999999999707,0.11191245642080984,13,1,608,0,0,0,0.0,0.057432652803190716,nan,0.2179655112494151
13.100000000000001,self+frame,swap,0.10784259349345801,0.10872765690083637,0,0,,0,0.029999999999999596,0.11191245741452642,13,1,608,0,0,0,0.0,0.05743265273544479,nan,0.2179655118950582
13.15,self+frame,swap,0.10784259352281499,0.10872765673171107,0,0,,0,0.029999999999999846,0.11191245835671389,13,1,608,0,0,0,0.0,0.057432652672712935,nan,0.2179655125094423
13.200000000000001,self+frame,swap,0.10784259355074662,0.10872765657249141,0,0,,0,0.02999999999999982,0.11191245925066264,13,1,608,0,0,0,0.0,0.057432652607445726,nan,0.21796551308750034
13.25,self+frame,swap,0.10784259357960477,0.10872765641931073,0,0,,0,0.029999999999999874,0.11191246009320437,13,1,608,0,0,0,0.0,0.05743265255165597,nan,0.21796551364413908
13.3,self+frame,swap,0.10784259360372125,0.10872765627821047,0,0,,0,0.029999999999999763,0.11191246089892466,13,1,608,0,0,0,0.0,0.05743265249503665,nan,0.21796551417240717
13.350000000000001,self+frame,swap,0.1078425936280653,0.10872765614353279,0,0,,0,0.029999999999999735,0.1119124616626148,13,1,608,0,0,0,0.0,0.05743265245085669,nan,0.21796551467736036
13.4,self+frame,swap,0.10784259364387827,0.10872765602216768,0,0,,0,0.029999999999999874,0.1119124623908599,13,1,608,0,0,0,0.0,0.05743265239464305,nan,0.21796551514887763
13.450000000000001,self+frame,swap,0.1078425936685661,0.10872765589858467,0,0,,0,0.02999999999999979,0.11191246307287096,13,1,608,0,0,0,0.0,0.0574326523487987,nan,0.21796551560330257
13.5,self+frame,swap,0.107842593687116,0.10872765578688216,0,0,,0,0.029999999999999902,0.11191246372586729,13,1,608,0,0,0,0.0,0.05743265230636901,nan,0.21796551603002456
13.55,self+frame,swap,0.10784259370440495,0.10872765568083828,0,0,,0,0.030000000000000013,0.11191246434066397,13,1,608,0,0,0,0.0,0.057432652265494114,nan,0.2179655164395894
13.600000000000001,self+frame,swap,0.10784259372059327,0.10872765558098241,0,0,,0,0.02999999999999993,0.11191246492783578,13,1,608,0,0,0,0.0,0.05743265222949029,nan,0.2179655168301523
13.65,self+frame,swap,0.10784259373255387,0.10872765548924643,0,0,,0,0.029999999999999874,0.11191246548665638,13,1,608,0,0,0,0.0,0.05743265218443742,nan,0.2179655171977103
13.700000000000001,self+frame,swap,0.1078425937501942,0.10872765539728343,0,0,,0,0.029999999999999846,0.111912466012952,13,1,608,0,0,0,0.0,0.05743265214765701,nan,0.21796551754905613
13.75,self+frame,swap,0.10784259376445902,0.10872765531282207,0,0,,0,0.029999999999999846,0.11191246651386459,13,1,608,0,0,0,0.0,0.05743265211457231,nan,0.2179655178843939
13.8,self+frame,swap,0.10784259377652172,0.10872765523416453,0,0,,0,0.029999999999999957,0.11191246699047076,13,1,608,0,0,0,0.0,0.05743265207730995,nan,0.21796551819722854
13.850000000000001,self+frame,swap,0.10784259379310553,0.10872765515494551,0,0,,0,0.029999999999999902,0.11191246743671159,13,1,608,0,0,0,0.0,0.0574326520491389,nan,0.21796551850029988
13.9,self+frame,swap,0.10784259380293433,0.10872765508561678,0,0,,0,0.029999999999999902,0.11191246786575619,13,1,608,0,0,0,0.0,0.057432652025241844,nan,0.2179655187924695
13.950000000000001,self+frame,swap,0.10784259381040388,0.10872765502220848,0,0,,0,0.029999999999999916,0.11191246827675809,13,1,608,0,0,0,0.0,0.05743265199082967,nan,0.21796551906349826
14.0,self+frame,swap,0.10784259382482887,0.10872765495551169,0,0,,0,0.029999999999999957,0.11191246866006689,13,1,608,0,0,0,0.0,0.057432651954099044,nan,0.21796551931478347
14.05,self+frame,swap,0.10784259383943298,0.1087276548910683,0,0,,0,0.02999999999999993,0.11191246901790085,13,1,608,0,0,0,0.0,0.05743265192900206,nan,0.21796551956207877
14.100000000000001,self+frame,swap,0.10784259384861378,0.10872765483477148,0,0,,0,0.029999999999999888,0.11191246936520034,13,1,608,0,0,0,0.0,0.05743265190950041,nan,0.2179655198006415
14.15,self+frame,swap,0.10784259385528393,0.10872765478410129,0,0,,0,0.02999999999999993,0.11191246969769571,13,1,608,0,0,0,0.0,0.0574326518868309,nan,0.21796552002173575
14.200000000000001,self+frame,swap,0.10784259386421192,0.10872765473321469,0,0,,0,0.029999999999999985,0.11191247000814895,13,1,608,0,0,0,0.0,0.05743265186200953,nan,0.21796552022831162
14.25,self+frame,swap,0.10784259387601913,0.10872765468230869,0,0,,0,0.029999999999999916,0.11191247029879454,13,1,608,0,0,0,0.0,0.05743265184581139,nan,0.21796552043387074
14.3,self+frame,swap,0.10784259387966379,0.10872765464091162,0,0,,0,0.030000000000000027,0.11191247058397356,13,1,608,0,0,0,0.0,0.05743265182577511,nan,0.21796552062658925
14.350000000000001,self+frame,swap,0.10784259388691574,0.10872765459854765,0,0,,0,0.03,0.11191247085182864,13,1,608,0,0,0,0.0,0.05743265180434975,nan,0.2179655208054404
14.4,self+frame,swap,0.1078425938947684,0.10872765455723159,0,0,,0,0.029999999999999985,0.11191247110197304,13,1,608,0,0,0,0.0,0.057432651789890925,nan,0.21796552097820687
14.450000000000001,self+frame,swap,0.10784259389761414,0.10872765452216816,0,0,,0,0.029999999999999985,0.11191247134241987,13,1,608,0,0,0,0.0,0.057432651767365846,nan,0.21796552113730538
14.5,self+frame,swap,0.1078425939075663,0.10872765448250815,0,0,,0,0.029999999999999985,0.11191247156528115,13,1,608,0,0,0,0.0,0.05743265175187065,nan,0.21796552129701297
14.55,self+frame,swap,0.10784259391176503,0.10872765445021086,0,0,,0,0.03,0.11191247178492723,13,1,608,0,0,0,0.0,0.057432651730809595,nan,0.21796552144210424
14.600000000000001,self+frame,swap,0.10784259392046851,0.10872765441536383,0,0,,0,0.029999999999999888,0.11191247198659819,13,1,608,0,0,0,0.0,0.057432651719058044,nan,0.21796552158471705
14.65,self+frame,swap,0.10784259392240107,0.10872765438775234,0,0,,0,0.029999999999999957,0.11191247218292201,13,1,608,0,0,0,0.0,0.05743265170401817,nan,0.21796552171746642
14.700000000000001,self+frame,swap,0.10784259392835496,0.10872765435794633,0,0,,0,0.02999999999999982,0.11191247236622191,13,1,608,0,0,0,0.0,0.05743265168973524,nan,0.21796552184430296
14.75,self+frame,swap,0.10784259393330042,0.10872765433069523,0,0,,0,0.029999999999999874,0.11191247254069057,13,1,608,0,0,0,0.0,0.05743265168076509,nan,0.21796552196753438
14.8,self+frame,swap,0.10784259393512213,0.10872765430783153,0,0,,0,0.029999999999999943,0.11191247270892891,13,1,608,0,0,0,0.0,0.05743265166903395,nan,0.21796552208100872
14.850000000000001,self+frame,swap,0.10784259393857835,0.10872765428422253,0,0,,0,0.03,0.11191247286501706,13,1,608,0,0,0,0.0,0.057432651652368,nan,0.21796552218915732
14.9,self+frame,swap,0.10784259394517957,0.10872765425870487,0,0,,0,0.03,0.111912473013606,13,1,608,0,0,0,0.0,0.05743265164601395,nan,0.21796552229754818
14.950000000000001,self+frame,swap,0.10784259394649597,0.10872765423982302,0,0,,0,0.029999999999999957,0.11191247315963253,13,1,608,0,0,0,0.0,0.05743265163252237,nan,0.2179655223952922
15.0,self+frame,swap,0.10784259395065364,0.10872765421873813,0,0,,0,0.029999999999999888,0.11191247329340966,13,1,608,0,0,0,0.0,0.057432651620270544,nan,0.21796552248816148
0.05,self+cam,swap,0.32140300669555155,0.3214030065374729,0,0,,0,0.05676101943747254,0.16504642260436408,5,1,752,0,0,0,0.0,0.25,nan,0.21438105844945532
0.1,self+cam,swap,0.29074526774421366,0.2922191434633715,0,0,,0,0.052311275350432576,0.15145276215285405,6,1,752,0,0,0,0.0,0.21889488958989592,nan,0.22044100470028483
0.15000000000000002,self+cam,swap,0.2620280968730823,0.2636032644757923,0,0,,0,0.04862979789496015,0.1409684734263479,6,1,752,0,0,0,0.0,0.16310599550504667,nan,0.22595378652142994
0.2,self+cam,swap,0.2340599926332828,0.23528608926653302,0,0,,0,0.04563646412326196,0.13131350009131199,10,1,832,0,0,0,0.0,0.14558875989189812,nan,0.22642397352383548
0.25,self+cam,swap,0.22526703490478595,0.22631456304570627,0,0,,0,0.05515418406287968,0.12919978421074105,10,1,832,0,0,0,0.0,0.13064879139290583,nan,0.226821689828555
0.30000000000000004,self+cam,swap,0.21788249745952812,0.21877212475976154,0,0,,0,0.06539821699277636,0.12783164443568382,10,1,832,0,0,0,0.0,0.1184627422456531,nan,0.22722265872729686
0.35000000000000003,self+cam,swap,0.21173176768969884,0.21244118379932284,0,0,,0,0.07213401017231567,0.12694047427003516,10,1,833,0,0,0,0.0,0.108398965710444,nan,0.22755300056574213
0.4,self+cam,swap,0.2065630349380303,0.2070833320285517,0,0,,0,0.07720734615747984,0.12653805083166855,10,1,833,0,0,0,0.0,0.09968010562606285,nan,0.2277332707846932
0.45,self+cam,swap,0.20220174060074217,0.20254197779896277,0,0,,0,0.06996036398533884,0.1264752381595597,10,1,833,0,0,0,0.0,0.09247925683990307,nan,0.22774113095202442
0.5,self+cam,swap,0.1985134485622078,0.19868072467103146,0,0,,0,0.06390227919661343,0.12670252379534613,10,1,833,0,0,0,0.0,0.08597522117385462,nan,0.22755235845266342
0.55,self+cam,swap,0.19538652526836495,0.19538589963828176,0,0,,0,0.05884044195051946,0.12719237420099977,10,1,833,0,0,0,0.0,0.0806097056230385,nan,0.2271398857464887
0.6000000000000001,self+cam,swap,0.19272763594042838,0.19256194766407572,0,0,,0,0.05461787515822755,0.12793458752011827,10,1,833,0,0,0,0.0,0.07626149915050533,nan,0.22647346414714298
0.65,self+cam,swap,0.19045828825321137,0.1901277986252683,0,0,,0,0.051108247079711455,0.1289328651371339,10,1,833,0,0,0,0.0,0.07285195533773844,nan,0.22552042128521255
0.7000000000000001,self+cam,swap,0.1885123427373307,0.18801405330645182,0,0,,0,0.04821288675308025,0.13020193954991366,10,1,833,0,0,0,0.0,0.07035838371925973,nan,0.22424855698097523
0.75,self+cam,swap,0.18683476334016508,0.186161112989803,0,0,,0,0.04586016783816785,0.13176450896860292,10,1,833,0,0,0,0.0,0.06670662927089503,nan,0.22263338272822064
0.8,self+cam,swap,0.18538254765243764,0.18451885531388293,0,0,,0,0.04400827415963157,0.1325485478308029,10,1,833,0,0,0,0.0,0.06334469814802014,nan,0.22065409787963175
0.8500000000000001,self+cam,swap,0.1842106787751152,0.1829777948174379,0,0,,0,0.04265048934736365,0.1302312594589162,10,1,833,0,0,0,0.0,0.06009726846281286,nan,0.2187339759864525
0.9,self+cam,swap,0.18254309301582497,0.1823364345269641,0,0,,0,0.041623117049694736,0.1278559013831762,10,1,833,0,0,0,0.0,0.05670238129334046,nan,0.21782197870537645
0.9500000000000001,self+cam,swap,0.1810346541944715,0.18134802836238947,0,0,,0,0.040002000150929,0.12633302917753186,10,1,836,0,0,0,0.0,0.053906348758852224,nan,0.21723016909152137
1.0,self+cam,swap,0.1797424697639554,0.18035036681028302,0,0,,0,0.03841618477865821,0.12504616768591786,10,1,836,0,0,0,0.0,0.05152482028117881,nan,0.21641933935191504
1.05,self+cam,swap,0.17853179251897883,0.17945608235496097,0,0,,0,0.037101959157012726,0.12354843151942642,10,1,836,0,0,0,0.0,0.04903829726586574,nan,0.21511554500869268
1.1,self+cam,swap,0.17737185820354046,0.178612477979986,0,0,,0,0.03603412155250968,0.12161646281427323,10,1,836,0,0,0,0.0,0.046436704793444035,nan,0.21328847110950389
1.1500000000000001,self+cam,swap,0.17621354418725346,0.17777112277116208,0,0,,0,0.03519015885986354,0.11920421428403692,10,1,836,0,0,0,0.0,0.044506826798138034,nan,0.2109134644900904
1.2000000000000002,self+cam,swap,0.17500262025229135,0.17687939471733627,0,0,,0,0.03455470395729027,0.11626488339943285,10,1,836,0,0,0,0.0,0.04366628931785808,nan,0.20796300941583945
1.25,self+cam,swap,0.17367815446990642,0.1758767626865898,0,0,,0,0.034120896686318763,0.11274547155835137,10,1,837,0,0,0,0.0,0.04443905551230367,nan,0.20441094034372587
1.3,self+cam,swap,0.17217024544343512,0.174691431980684,0,0,,0,0.03389135320885525,0.10859129831985444,10,1,837,0,0,0,0.0,0.04682594170657352,nan,0.20024006908465253
1.35,self+cam,swap,0.17039791852480862,0.17323755215698458,0,0,,0,0.03387892521940472,0.10375467173931972,10,1,837,0,0,0,0.0,0.049223757673018745,nan,0.195458272316133
1.4000000000000001,self+cam,swap,0.16826690657790594,0.1714143777467022,0,0,,0,0.03410560179042424,0.09821227462641012,10,1,837,0,0,0,0.0,0.05348978974276095,nan,0.1913528335072633
1.4500000000000002,self+cam,swap,0.16555884650069622,0.16917793265276468,0,0,,0,0.03419337201735076,0.09309587703651644,10,1,837,0,0,0,0.0,0.0596405402982736,nan,0.18786244483236236
1.5,self+cam,swap,0.1622353694788769,0.16651586356276565,0,0,,0,0.03420909425424709,0.08832774087966817,11,1,837,0,0,0,0.0,0.06679436168785864,nan,0.18479502396176029
1.55,self+cam,swap,0.15827981886192355,0.16337172406649678,0,0,,0,0.03426025413112427,0.08371485849710993,11,1,840,0,0,0,0.0,0.06791420345245672,nan,0.18223952562655155
1.6,self+cam,swap,0.1536744901679517,0.15967782323602592,0,0,,0,0.03430840317822559,0.07932921512094569,10,1,840,0,0,0,0.0,0.06811739044927079,nan,0.1808737635752965
1.6500000000000001,self+cam,swap,0.14961180566470061,0.15538568499731725,0,0,,0,0.03447274010078824,0.0762106944224704,10,1,840,0,0,0,0.0,0.06929823078087388,nan,0.18044333771822318
1.7000000000000002,self+cam,swap,0.1456055736249591,0.1507624435162865,0,0,,0,0.03466898512927727,0.07383618359544862,11,1,840,0,0,0,0.0,0.070069621490368,nan,0.18094408412354868
1.75,self+cam,swap,0.14171698298474922,0.14577862283529502,0,0,,0,0.03485765373485558,0.07238547748236018,11,1,840,0,0,0,0.0,0.07095345644178873,nan,0.1823122289033935
1.8,self+cam,swap,0.1380249950925751,0.14049030812868174,0,0,,0,0.035031157948206215,0.07190007828358626,11,1,840,0,0,0,0.0,0.07315623411479155,nan,0.18434561651874326
1.85,self+cam,swap,0.13456405321889167,0.13502106851699733,0,0,,0,0.035162229309791404,0.07234065093667555,11,1,840,0,0,0,0.0,0.07324492967578544,nan,0.1867949848327396
1.9000000000000001,self+cam,swap,0.13124188093792863,0.1295064335844468,0,0,,0,0.035153536072803165,0.07371328672336241,12,1,840,0,0,0,0.0,0.07375904484448785,nan,0.18964386705176672
1.9500000000000002,self+cam,swap,0.12803560934114613,0.12402254706980108,0,0,,0,0.035105059034306774,0.07584200111248886,13,1,840,0,0,0,0.0,0.07140152474931198,nan,0.19283663843420318
2.0,self+cam,swap,0.12494784708835235,0.1186698669380724,0,0,,0,0.03510192198091497,0.07855203297858065,13,1,840,0,0,0,0.0,0.06799178708387019,nan,0.19600866528808492
2.0500000000000003,self+cam,swap,0.12204693379278093,0.11367960790996999,0,0,,0,0.03524210289164842,0.08143459944316168,13,1,840,0,0,0,0.0,0.06609317428517987,nan,0.1992753482234727
2.1,self+cam,swap,0.11924336910980564,0.11001557742848397,0,0,,0,0.03531094792729264,0.0845659118633887,13,1,840,0,0,0,0.0,0.06486995283820778,nan,0.20216606642520463
2.15,self+cam,swap,0.11662002622072919,0.11014104603615228,0,0,,0,0.03455978599014689,0.08745000234832163,13,1,840,0,0,0,0.0,0.06367397362752927,nan,0.20472330310032427
2.2,self+cam,swap,0.11459017507957459,0.11017956451592,0,0,,0,0.03385551884302018,0.09006663497365812,13,1,840,0,0,0,0.0,0.06265207462306155,nan,0.2069128529876142
2.25,self+cam,swap,0.11301650970491765,0.11018273279323863,0,0,,0,0.03324380472059671,0.09224938705530734,13,1,840,0,0,0,0.0,0.06180255312308932,nan,0.2087685432681886
2.3000000000000003,self+cam,swap,0.11179621810437174,0.11016599819842968,0,0,,0,0.032722323569277095,0.09413627179369131,13,1,840,0,0,0,0.0,0.06109852667239098,nan,0.21033313733941938
2.35,self+cam,swap,0.1108502896936897,0.11013515722130422,0,0,,0,0.03228090054171817,0.09575251577800188,13,1,840,0,0,0,0.0,0.06051459825288953,nan,0.21164729053404618
2.4000000000000004,self+cam,swap,0.11011718895017752,0.1100938517753463,0,0,,0,0.03190879193116872,0.09712845523762535,13,1,840,0,0,0,0.0,0.0600295295525665,nan,0.21274768509589947
2.45,self+cam,swap,0.10954908936068604,0.11004487267966907,0,0,,0,0.03159599547953601,0.09829459686268453,13,1,840,0,0,0,0.0,0.05962585451959672,nan,0.21366667619086088
2.5,self+cam,swap,0.10910896460708222,0.10999046456824017,0,0,,0,0.031333582329435034,0.09927962597707983,13,1,840,0,0,0,0.0,0.0592892663443037,nan,0.21443239379806867
2.5500000000000003,self+cam,swap,0.10876821072489516,0.10993245690025233,0,0,,0,0.031113757737057685,0.10010954193791803,13,1,840,0,0,0,0.0,0.0590080608647502,nan,0.21506904927756387
2.6,self+cam,swap,0.10850473663784352,0.1098723424308275,0,0,,0,0.03092980941404125,0.10080737737011995,13,1,840,0,0,0,0.0,0.05877266092593586,nan,0.21559732947104437
2.6500000000000004,self+cam,swap,0.1083014629906641,0.10981133188684776,0,0,,0,0.03077600846588202,0.10139322965466534,13,1,840,0,0,0,0.0,0.058575220245980573,nan,0.21603481393598545
2.7,self+cam,swap,0.10814515902001072,0.10975039639890062,0,0,,0,0.03064749487092605,0.10188445151618479,13,1,840,0,0,0,0.0,0.058409298770422245,nan,0.21639638016449136
2.75,self+cam,swap,0.10802554940780228,0.1096903028970751,0,0,,0,0.03054016326882067,0.10229591328717429,13,1,840,0,0,0,0.0,0.0582695992901278,nan,0.21669457874630915
2.8000000000000003,self+cam,swap,0.10793463177843328,0.1096316448342679,0,0,,0,0.03045055647688788,0.1026402874513924,13,1,840,0,0,0,0.0,0.058151754847161646,nan,0.21693997062951775
2.85,self+cam,swap,0.10786615617905018,0.10957486928840948,0,0,,0,0.030375769796613855,0.10292832840917888,13,1,840,0,0,0,0.0,0.05805215742421613,nan,0.21714142442290874
2.9000000000000004,self+cam,swap,0.10781522802089984,0.1095203009217252,0,0,,0,0.03031336691085132,0.10316913348751562,13,1,840,0,0,0,0.0,0.05796781981491906,nan,0.217306374967268
2.95,self+cam,swap,0.10777800466665381,0.10946816307471445,0,0,,0,0.030261307029571194,0.10337037887422006,13,1,840,0,0,0,0.0,0.05789626402813916,nan,0.2174410460730486
3.0,self+cam,swap,0.10775146293191865,0.10941859618137892,0,0,,0,0.03021788239873141,0.10353852854750308,13,1,840,0,0,0,0.0,0.05783543081910593,nan,0.2175506410614293
3.0500000000000003,self+cam,swap,0.10773322031188025,0.10937167368646428,0,0,,0,0.030181665069230812,0.10367901671325959,13,1,840,0,0,0,0.0,0.05778360611419326,nan,0.2176395048818781
3.1,self+cam,swap,0.10772139698956976,0.10932741564993229,0,0,,0,0.030151461782422284,0.10379640549452405,13,1,840,0,0,0,0.0,0.05773936102259688,nan,0.21771126158360554
3.1500000000000004,self+cam,swap,0.10771450882658946,0.10928580030865638,0,0,,0,0.030126275877687042,0.10389452031294481,13,1,840,0,0,0,0.0,0.05770150272815265,nan,0.21776893051482082
3.2,self+cam,swap,0.10771138407229014,0.10924677376402342,0,0,,0,0.030105275218882344,0.10397656545307006,13,1,840,0,0,0,0.0,0.05766903424684239,nan,0.21781502436059708
3.25,self+cam,swap,0.10771109817680041,0.1092102580876587,0,0,,0,0.03008776524650364,0.10404522237117166,13,1,840,0,0,0,0.0,0.05764112117669548,nan,0.21785163161755705
3.3000000000000003,self+cam,swap,0.10771292271297857,0.10917615790989488,0,0,,0,0.030073166372292043,0.10410273295105531,13,1,840,0,0,0,0.0,0.05761706446344838,nan,0.21788048605816013
3.35,self+cam,swap,0.10771628500128856,0.10914436590418698,0,0,,0,0.030060995043095284,0.1041509700167539,13,1,841,0,0,0,0.0,0.05759627767102488,nan,0.2179030249481978
3.4000000000000004,self+cam,swap,0.10772073630092573,0.1091147670960351,0,0,,0,0.030050847891065297,0.10419149673506158,13,1,841,0,0,0,0.0,0.05757826833502755,nan,0.2179204379994154
3.45,self+cam,swap,0.10772592648442551,0.10908724238481753,0,0,,0,0.030042388480345322,0.10422561675804558,13,1,841,0,0,0,0.0,0.057562622459906926,nan,0.21793370839909698
3.5,self+cam,swap,0.10773158390319969,0.10906167130156066,0,0,,0,0.030035336230158444,0.10425441641420792,13,1,841,0,0,0,0.0,0.057548991553911355,nan,0.21794364715347292
3.5500000000000003,self+cam,swap,0.10773749938027516,0.10903793410325552,0,0,,0,0.030029457161328266,0.10427880014847997,13,1,841,0,0,0,0.0,0.057537081958457956,nan,0.21795092188980358
3.6,self+cam,swap,0.10774351336792803,0.10901591341117912,0,0,,0,0.030024556170086036,0.1042995203283139,13,1,841,0,0,0,0.0,0.05752664588452623,nan,0.21795608092151653
3.6500000000000004,self+cam,swap,0.10774950571084224,0.10899549539069471,0,0,,0,0.030020470578183994,0.1043172022291937,13,1,841,0,0,0,0.0,0.05751747400517952,nan,0.2179595734313554
3.7,self+cam,swap,0.10775538741243247,0.10897657063175867,0,0,,0,0.030017064750479522,0.1043323650347016,13,1,841,0,0,0,0.0,0.057509389220414486,nan,0.21796176628398534
3.75,self+cam,swap,0.10776109407699823,0.10895903470930604,0,0,,0,0.030014225603735234,0.10434543938883072,13,1,841,0,0,0,0.0,0.05750224149773806,nan,0.21796295811479516
3.8000000000000003,self+cam,swap,0.10776658061824211,0.10894278856647821,0,0,,0,0.030011858860108792,0.10435678213768286,13,1,841,0,0,0,0.0,0.05749590352517368,nan,0.21796339105576645
3.85,self+cam,swap,0.10777181704637354,0.10892773869593358,0,0,,0,0.030009885921970708,0.10436668863826627,13,1,841,0,0,0,0.0,0.05749026712247296,nan,0.21796326056303206
3.9000000000000004,self+cam,swap,0.1077767850689006,0.10891379721832867,0,0,,0,0.03000824126556703,0.10437540309410244,13,1,841,0,0,0,0.0,0.05748524017486238,nan,0.21796272356259216
3.95,self+cam,swap,0.10778147541193711,0.10890088181791746,0,0,,0,0.0300068702672672,0.10438312715564761,13,1,841,0,0,0,0.0,0.057480744126434766,nan,0.21796190525210657
4.0,self+cam,swap,0.10778588564800093,0.10888891563334462,0,0,,0,0.03000572739108298,0.1043900271269853,13,1,841,0,0,0,0.0,0.0574767118510313,nan,0.21796090478947627
4.05,self+cam,swap,0.10779001848412108,0.1088778270856007,0,0,,0,0.03000477467726473,0.10439623999816448,13,1,841,0,0,0,0.0,0.05747308584794853,nan,0.21795979995454717
4.1000000000000005,self+cam,swap,0.10779388042082365,0.10886754963935814,0,0,,0,0.030003980482076142,0.1044018784270088,13,1,841,0,0,0,0.0,0.05746981682005845,nan,0.21795865111175916
4.15,self+cam,swap,0.1077974806309973,0.10885802160409432,0,0,,0,0.030003318427264253,0.1044070349755865,13,1,841,0,0,0,0.0,0.05746686232098554,nan,0.21795750439716433
4.2,self+cam,swap,0.10780083018036687,0.10884918581960584,0,0,,0,0.030002766523880287,0.10441178554233886,13,1,841,0,0,0,0.0,0.05746418579708417,nan,0.2179563944504267
4.25,self+cam,swap,0.10780394131038512,0.10884098943992394,0,0,,0,0.030002306442167948,0.10441619231225115,13,1,840,0,0,0,0.0,0.05746175564945131,nan,0.2179553466125116
4.3,self+cam,swap,0.10780682695673716,0.10883338364031081,0,0,,0,0.030001922902625766,0.10442030614990079,13,1,840,0,0,0,0.0,0.05745954448364892,nan,0.2179543787418169
4.3500000000000005,self+cam,swap,0.10780950037434282,0.1088263233387714,0,0,,0,0.03000160316844863,0.10442416858609276,13,1,840,0,0,0,0.0,0.05745752851070157,nan,0.21795350275244318
4.4,self+cam,swap,0.10781197481191396,0.10881976696319161,0,0,,0,0.030001336622457186,0.1044278135134243,13,1,840,0,0,0,0.0,0.057455687023645285,nan,0.2179527258417263
4.45,self+cam,swap,0.10781426329983207,0.10881367619403652,0,0,,0,0.030001114414370533,0.1044312685530011,13,1,840,0,0,0,0.0,0.057454001909954235,nan,0.21795205150914254
4.5,self+cam,swap,0.10781637850627246,0.10880801571502241,0,0,,0,0.030000929166715984,0.1044345561958716,13,1,840,0,0,0,0.0,0.05745245732282002,nan,0.2179514803921675
4.55,self+cam,swap,0.10781833260303175,0.10880275300279711,0,0,,0,0.030000774729781993,0.10443769475410873,13,1,840,0,0,0,0.0,0.057451039341862686,nan,0.21795101094141545
4.6000000000000005,self+cam,swap,0.10782013719771748,0.10879785810869427,0,0,,0,0.030000645977265677,0.1044406991374016,13,1,840,0,0,0,0.0,0.05744973568738419,nan,0.2179506399562886
4.65,self+cam,swap,0.10782180330319523,0.10879330344243812,0,0,,0,0.030000538635935936,0.10444358148183013,13,1,840,0,0,0,0.0,0.057448535527536974,nan,0.21795036306922422
4.7,self+cam,swap,0.10782334128349007,0.10878906361453376,0,0,,0,0.03000044914369407,0.10444635171519902,13,1,840,0,0,0,0.0,0.057447429257562216,nan,0.21795017505725667
4.75,self+cam,swap,0.107824760870178,0.10878511523741015,0,0,,0,0.03000037453119564,0.10444901794946022,13,1,840,0,0,0,0.0,0.057446408346657325,nan,0.2179500701536795
4.800000000000001,self+cam,swap,0.10782607115141786,0.10878143677906452,0,0,,0,0.03000031232321093,0.10445158686211,13,1,840,0,0,0,0.0,0.05744546518403882,nan,0.21795004226751524
4.8500000000000005,self+cam,swap,0.10782728060519371,0.10877800839776434,0,0,,0,0.03000026045637888,0.1044540639762117,13,1,840,0,0,0,0.0,0.057444592971406076,nan,0.2179498284704936
4.9,self+cam,swap,0.10782839710813431,0.1087748118142152,0,0,,0,0.03000021721067167,0.1044564538991294,13,1,840,0,0,0,0.0,0.05744378562925226,nan,0.21794960170624422
4.95,self+cam,swap,0.10782942795304987,0.10877183019106473,0,0,,0,0.0300001811522613,0.10445876052210844,13,1,840,0,0,0,0.0,0.057443037684646175,nan,0.21794945176524638
5.0,self+cam,swap,0.10783037989885216,0.10876904799720716,0,0,,0,0.03000015108587184,0.10446098716383954,13,1,840,0,0,0,0.0,0.05744234422409554,nan,0.21794937166916928
5.050000000000001,self+cam,swap,0.10783125917867951,0.10876645091948531,0,0,,0,0.03000012601509891,0.1044631367082164,13,1,840,0,0,0,0.0,0.05744170079086168,nan,0.21794935471534027
5.1000000000000005,self+cam,swap,0.10783207155952822,0.10876402573795708,0,0,,0,0.030000105109291186,0.10446521168147026,13,1,840,0,0,0,0.0,0.05744110337956908,nan,0.21794939455182705
5.15,self+cam,swap,0.10783282233750167,0.10876176026839396,0,0,,0,0.030000087675995657,0.10446721436774171,13,1,840,0,0,0,0.0,0.05744054833235805,nan,0.21794948515774315
5.2,self+cam,swap,0.10783351640544199,0.10875964324353136,0,0,,0,0.030000072355448618,0.10446914683295434,13,1,840,0,0,0,0.0,0.05744003234279528,nan,0.21794962089693282
5.25,self+cam,swap,0.10783415825798794,0.10875766426310667,0,0,,0,0.030000059407978688,0.10447101100734409,13,1,840,0,0,0,0.0,0.05743955239401509,nan,0.2179497964953715
5.300000000000001,self+cam,swap,0.1078347520261928,0.10875581371283126,0,0,,0,0.030000048710343993,0.10447280870660332,13,1,840,0,0,0,0.0,0.057439105743468465,nan,0.2179500070555015
5.3500000000000005,self+cam,swap,0.10783530150772053,0.10875408270306464,0,0,,0,0.03000003987815837,0.10447454166860352,13,1,840,0,0,0,0.0,0.05743868987006424,nan,0.2179502480444936
5.4,self+cam,swap,0.10783581019406287,0.10875246300743947,0,0,,0,0.030000032592038137,0.10447621157571459,13,1,840,0,0,0,0.0,0.05743830248967555,nan,0.217950515274974
5.45,self+cam,swap,0.10783628128630797,0.10875094701438065,0,0,,0,0.030000026586699882,0.10447782006297081,13,1,840,0,0,0,0.0,0.05743794149043486,nan,0.21795080489875296
5.5,self+cam,swap,0.10783671773009972,0.1087495276689423,0,0,,0,0.03000002164183367,0.10447936873734213,13,1,840,0,0,0,0.0,0.057437604926986296,nan,0.21795111339163176
5.550000000000001,self+cam,swap,0.10783712223581528,0.10874819843020794,0,0,,0,0.03000001757454117,0.10448085918339807,13,1,840,0,0,0,0.0,0.05743729106109822,nan,0.2179514375588868
5.6000000000000005,self+cam,swap,0.10783749726411071,0.10874695325795022,0,0,,0,0.030000014233058717,0.10448229299313312,13,1,840,0,0,0,0.0,0.057436998210805223,nan,0.21795177444962655
5.65,self+cam,swap,0.10783784512248532,0.1087457865064621,0,0,,0,0.03000001149143812,0.10448367170324031,13,1,840,0,0,0,0.0,0.05743672491182709,nan,0.21795212144172804
5.7,self+cam,swap,0.1078381678809932,0.10874469298117104,0,0,,0,0.03000000924527281,0.10448499689280007,13,1,840,0,0,0,0.0,0.057436469747774055,nan,0.2179524761188617
5.75,self+cam,swap,0.10783846748145866,0.10874366782130708,0,0,,0,0.030000007407981213,0.1044862700862741,13,1,840,0,0,0,0.0,0.05743623145845681,nan,0.21795283634135643
5.800000000000001,self+cam,swap,0.10783874567956915,0.10874270653772397,0,0,,0,0.030000005907844254,0.10448749283383645,13,1,840,0,0,0,0.0,0.057436008856092194,nan,0.21795320017450714
5.8500000000000005,self+cam,swap,0.10783900410063246,0.10874180494699291,0,0,,0,0.030000004685454454,0.10448866666199062,13,1,840,0,0,0,0.0,0.057435800837046413,nan,0.2179535658711872
5.9,self+cam,swap,0.10783924424951136,0.10874095914808939,0,0,,0,0.030000003691634206,0.10448979306751656,13,1,840,0,0,0,0.0,0.05743560640573347,nan,0.21795393190660295
5.95,self+cam,swap,0.10783946748676833,0.10874016553370944,0,0,,0,0.030000002885709795,0.1044908735655171,13,1,840,0,0,0,0.0,0.05743542461476283,nan,0.2179542969118441
6.0,self+cam,swap,0.10783967508408716,0.10873942072889123,0,0,,0,0.030000002234044323,0.10449190963601813,13,1,840,0,0,0,0.0,0.05743525460448177,nan,0.2179546596810219
6.050000000000001,self+cam,swap,0.1078398681993291,0.10873872160016093,0,0,,0,0.030000001708853044,0.10449290274641827,13,1,840,0,0,0,0.0,0.057435095562061604,nan,0.2179550191507592
6.1000000000000005,self+cam,swap,0.107840047911034,0.10873806521781333,0,0,,0,0.030000001287192254,0.10449385433795484,13,1,840,0,0,0,0.0,0.057434946759270425,nan,0.2179553744136774
6.15,self+cam,swap,0.10784021519194635,0.10873744887005611,0,0,,0,0.030000000950142422,0.10449476585197827,13,1,840,0,0,0,0.0,0.05743480748802442,nan,0.2179557246528806
6.2,self+cam,swap,0.1078403709621457,0.10873687000608803,0,0,,0,0.03000000068210147,0.10449563867532678,13,1,840,0,0,0,0.0,0.057434677096160694,nan,0.21795606917417565
6.25,self+cam,swap,0.10784051606693842,0.10873632624943076,0,0,,0,0.030000000470225316,0.1044964741789408,13,1,840,0,0,0,0.0,0.05743455500768688,nan,0.21795640740398092
6.300000000000001,self+cam,swap,0.10784065126652649,0.10873581540126219,0,0,,0,0.0300000003039574,0.10449727372439153,13,1,840,0,0,0,0.0,0.05743444066349545,nan,0.21795673884210787
6.3500000000000005,self+cam,swap,0.10784077727699767,0.10873533539369087,0,0,,0,0.03000000017461875,0.10449803862903644,13,1,840,0,0,0,0.0,0.05743433353746134,nan,0.21795706307480145
6.4,self+cam,swap,0.1078408947616144,0.10873488429448934,0,0,,0,0.03000000007508881,0.10449877018297508,13,1,840,0,0,0,0.0,0.05743423317138291,nan,0.21795737977213048
6.45,self+cam,swap,0.10784100431894478,0.1087344603113721,0,0,,0,0.029999999999539603,0.104499469652803,13,1,840,0,0,0,0.0,0.05743413909401866,nan,0.21795768864979814
6.5,self+cam,swap,0.10784110652551387,0.10873406174711019,0,0,,0,0.02999999994319623,0.10450013825478623,13,1,840,0,0,0,0.0,0.05743405090846351,nan,0.21795798951410095
6.550000000000001,self+cam,swap,0.10784120188838538,0.10873368703875076,0,0,,0,0.029999999902168298,0.1045007772011468,13,1,840,0,0,0,0.0,0.05743396822159938,nan,0.21795828219980706
6.6000000000000005,self+cam,swap,0.10784129089540484,0.10873333470817506,0,0,,0,0.029999999873281377,0.10450138764518123,13,1,840,0,0,0,0.0,0.05743389066637528,nan,0.21795856660059576
6.65,self+cam,swap,0.1078413739942344,0.10873300337554377,0,0,,0,0.029999999853955198,0.10450197071866095,13,1,840,0,0,0,0.0,0.05743381791825331,nan,0.21795884265700105
6.7,self+cam,swap,0.10784145159194647,0.1087326917563126,0,0,,0,0.02999999984210032,0.10450252752273774,13,1,840,0,0,0,0.0,0.057433749666203196,nan,0.21795911035155868
6.75,self+cam,swap,0.10784152406471613,0.10873239864937025,0,0,,0,0.02999999983602604,0.10450305913001255,13,1,840,0,0,0,0.0,0.05743368559874633,nan,0.21795936967701002
6.800000000000001,self+cam,swap,0.10784159178429586,0.1087321229087333,0,0,,0,0.02999999983436745,0.10450356655476069,13,1,840,0,0,0,0.0,0.057433625480767504,nan,0.21795962069603692
6.8500000000000005,self+cam,swap,0.1078416550518212,0.10873186349975794,0,0,,0,0.029999999836035365,0.10450405081940782,13,1,840,0,0,0,0.0,0.05743356902841218,nan,0.21795986346142715
6.9,self+cam,swap,0.1078417141922991,0.1087316194135979,0,0,,0,0.02999999984015221,0.10450451287624447,13,1,840,0,0,0,0.0,0.05743351601846643,nan,0.21796009805921324
6.95,self+cam,swap,0.10784176947802754,0.10873138972881963,0,0,,0,0.029999999846024708,0.1045049536586058,13,1,840,0,0,0,0.0,0.05743346622521148,nan,0.21796032459924441
7.0,self+cam,swap,0.1078418211763449,0.10873117357076878,0,0,,0,0.02999999985310335,0.10450537406781883,13,1,840,0,0,0,0.0,0.05743341944643263,nan,0.2179605432113062
7.050000000000001,self+cam,swap,0.10784186952797849,0.10873097012601318,0,0,,0,0.02999999986095782,0.10450577497735837,13,1,840,0,0,0,0.0,0.057433375489749375,nan,0.2179607540258418
7.1000000000000005,self+cam,swap,0.10784191475877283,0.10873077862808435,0,0,,0,0.029999999869253433,0.10450615721853417,13,1,840,0,0,0,0.0,0.05743333418926333,nan,0.21796095721496045
7.15,self+cam,swap,0.10784195706982962,0.10873059836888235,0,0,,0,0.029999999877733566,0.10450652161671643,13,1,840,0,0,0,0.0,0.057433295351858704,nan,0.217961152920486
7.2,self+cam,swap,0.10784199667055466,0.10873042866093191,0,0,,0,0.029999999886201098,0.10450686893234314,13,1,840,0,0,0,0.0,0.05743325884456436,nan,0.21796134132585265
7.25,self+cam,swap,0.10784203372779855,0.10873026888602325,0,0,,0,0.029999999894512228,0.10450719992628478,13,1,840,0,0,0,0.0,0.05743322450801557,nan,0.21796152259714396
7.300000000000001,self+cam,swap,0.10784206842161581,0.10873011844099967,0,0,,0,0.02999999990256029,0.10450751530772352,13,1,840,0,0,0,0.0,0.05743319221239897,nan,0.21796169692795286
7.3500000000000005,self+cam,swap,0.10784210090279739,0.10872997677531722,0,0,,0,0.0299999999102714,0.10450781577946426,13,1,840,0,0,0,0.0,0.057433161822555985,nan,0.21796186449989274
7.4,self+cam,swap,0.10784213132295475,0.10872984336233485,0,0,,0,0.02999999991759579,0.10450810200147977,13,1,840,0,0,0,0.0,0.05743313323126664,nan,0.21796202550222576
7.45,self+cam,swap,0.1078421598105176,0.1087297177173778,0,0,,0,0.029999999924503848,0.10450837461391278,13,1,840,0,0,0,0.0,0.05743310631971429,nan,0.2179621801237276
7.5,self+cam,swap,0.10784218649890709,0.10872959937482686,0,0,,0,0.029999999930979918,0.10450863422658187,13,1,840,0,0,0,0.0,0.05743308099131131,nan,0.21796232856487896
7.550000000000001,self+cam,swap,0.10784221149915892,0.10872948790863676,0,0,,0,0.029999999937020558,0.10450888143647309,13,1,840,0,0,0,0.0,0.0574330571352812,nan,0.21796247100837196
7.6000000000000005,self+cam,swap,0.1078422349276361,0.10872938290595865,0,0,,0,0.02999999994263007,0.1045091168006572,13,1,840,0,0,0,0.0,0.057433034671116094,nan,0.21796260765211806
7.65,self+cam,swap,0.10784225688294401,0.1087292839893231,0,0,,0,0.02999999994782003,0.10450934086503373,13,1,840,0,0,0,0.0,0.057433013514848405,nan,0.21796273868205251
7.7,self+cam,swap,0.10784227745930083,0.10872919080108605,0,0,,0,0.029999999952606368,0.10450955414521158,13,1,840,0,0,0,0.0,0.057432993577843476,nan,0.21796286428400113
7.75,self+cam,swap,0.10784229675154414,0.10872910299864354,0,0,,0,0.02999999995700718,0.10450975713645562,13,1,840,0,0,0,0.0,0.057432974795135205,nan,0.21796298464919894
7.800000000000001,self+cam,swap,0.10784231483570877,0.10872902027209033,0,0,,0,0.029999999961043647,0.10450995031939715,13,1,840,0,0,0,0.0,0.057432957092303755,nan,0.21796309996092178
7.8500000000000005,self+cam,swap,0.10784233179260648,0.10872894232152988,0,0,,0,0.029999999964737636,0.10451013414941514,13,1,840,0,0,0,0.0,0.05743294040537495,nan,0.2179632103918877
7.9,self+cam,swap,0.10784234769649974,0.10872886886440608,0,0,,0,0.029999999968111132,0.10451030905583651,13,1,840,0,0,0,0.0,0.0574329246740374,nan,0.21796331612780262
7.95,self+cam,swap,0.10784236261117124,0.10872879964197874,0,0,,0,0.0299999999711867,0.10451047546480018,13,1,840,0,0,0,0.0,0.05743290983745255,nan,0.21796341733431512
8.0,self+cam,swap,0.1078423766009586,0.10872873440473055,0,0,,0,0.029999999973986016,0.10451063376927268,13,1,840,0,0,0,0.0,0.05743289583817141,nan,0.21796351417582727
8.05,self+cam,swap,0.1078423897295136,0.10872867291588063,0,0,,0,0.029999999976530037,0.10451078434592452,13,1,840,0,0,0,0.0,0.05743288264552486,nan,0.21796360683381255
8.1,self+cam,swap,0.10784240203877266,0.10872861496931199,0,0,,0,0.02999999997883969,0.1045109275744903,13,1,840,0,0,0,0.0,0.05743287018747927,nan,0.21796369544798855
8.15,self+cam,swap,0.10784241359574073,0.10872856034364044,0,0,,0,0.02999999998093321,0.10451106378505222,13,1,840,0,0,0,0.0,0.05743285843252984,nan,0.2179637801870381
8.200000000000001,self+cam,swap,0.10784242444051237,0.10872850885383838,0,0,,0,0.029999999982829303,0.1045111933206863,13,1,840,0,0,0,0.0,0.05743284733781024,nan,0.2179638611998852
8.25,self+cam,swap,0.10784243461948866,0.10872846031607405,0,0,,0,0.029999999984544543,0.10451131649680377,13,1,840,0,0,0,0.0,0.057432836860761595,nan,0.21796393863289254
8.3,self+cam,swap,0.10784244417571734,0.10872841455756092,0,0,,0,0.029999999986095108,0.10451143361592886,13,1,840,0,0,0,0.0,0.05743282697248806,nan,0.21796401262917942
8.35,self+cam,swap,0.1078424531449722,0.10872837142017337,0,0,,0,0.02999999998749557,0.10451154496810587,13,1,840,0,0,0,0.0,0.05743281763755627,nan,0.21796408333138995
8.4,self+cam,swap,0.10784246156404045,0.10872833075237494,0,0,,0,0.02999999998875967,0.10451165083351814,13,1,840,0,0,0,0.0,0.05743280881797848,nan,0.21796415086591303
8.450000000000001,self+cam,swap,0.10784246946950068,0.10872829240858053,0,0,,0,0.029999999989899648,0.10451175146934026,13,1,840,0,0,0,0.0,0.05743280048228848,nan,0.21796421536877475
8.5,self+cam,swap,0.10784247689689433,0.10872825625262708,0,0,,0,0.029999999990927076,0.10451184713141516,13,1,840,0,0,0,0.0,0.057432792606394806,nan,0.2179642769619493
8.55,self+cam,swap,0.10784248387246176,0.10872822216061206,0,0,,0,0.029999999991852613,0.10451193805759841,13,1,840,0,0,0,0.0,0.0574327851674618,nan,0.21796433577149432
8.6,self+cam,swap,0.10784249042324358,0.10872819001450505,0,0,,0,0.029999999992685975,0.10451202448087428,13,1,840,0,0,0,0.0,0.05743277814253315,nan,0.21796439191546935
8.65,self+cam,swap,0.10784249657135452,0.10872815970584455,0,0,,0,0.029999999993435902,0.10451210662184045,13,1,840,0,0,0,0.0,0.05743277149290728,nan,0.21796444549700966
8.700000000000001,self+cam,swap,0.1078425023529235,0.10872813111836892,0,0,,0,0.029999999994110446,0.10451218467898922,13,1,840,0,0,0,0.0,0.05743276520386336,nan,0.21796449662585193
8.75,self+cam,swap,0.10784250778749356,0.10872810415667478,0,0,,0,0.029999999994716656,0.10451225885071859,13,1,840,0,0,0,0.0,0.057432759257641665,nan,0.21796454541483723
8.8,self+cam,swap,0.10784251289407733,0.108728078729651,0,0,,0,0.029999999995261692,0.10451232933349673,13,1,840,0,0,0,0.0,0.05743275363589399,nan,0.21796459195863915
8.85,self+cam,swap,0.10784251769105266,0.1087280547496753,0,0,,0,0.029999999995751328,0.10451239630330168,13,1,840,0,0,0,0.0,0.05743274832381911,nan,0.21796463636304064
8.9,self+cam,swap,0.1078425221950937,0.10872803213647614,0,0,,0,0.0299999999961912,0.10451245993942886,13,1,840,0,0,0,0.0,0.05743274329421761,nan,0.21796467871004344
8.950000000000001,self+cam,swap,0.1078425264318795,0.1087280108043639,0,0,,0,0.02999999999658602,0.10451252039467769,13,1,840,0,0,0,0.0,0.05743273853528314,nan,0.2179647190982409
9.0,self+cam,swap,0.10784253041252645,0.10872799068492384,0,0,,0,0.029999999996940627,0.10451257783327643,13,1,840,0,0,0,0.0,0.05743273403055125,nan,0.21796475760938916
9.05,self+cam,swap,0.10784253415803391,0.10872797170455359,0,0,,0,0.029999999997258567,0.10451263239783211,13,1,840,0,0,0,0.0,0.05743272977011954,nan,0.21796479432712645
9.1,self+cam,swap,0.10784253767646063,0.10872795380250552,0,0,,0,0.029999999997543922,0.10451268423263889,13,1,840,0,0,0,0.0,0.057432725733926715,nan,0.21796482933240557
9.15,self+cam,swap,0.10784254098591123,0.1087279369147398,0,0,,0,0.02999999999779983,0.10451273347174354,13,1,840,0,0,0,0.0,0.05743272191592759,nan,0.21796486269900728
9.200000000000001,self+cam,swap,0.10784254409550313,0.10872792098496636,0,0,,0,0.02999999999802956,0.10451278024251866,13,1,840,0,0,0,0.0,0.05743271830029232,nan,0.21796489450090129
9.25,self+cam,swap,0.10784254701990797,0.10872790595676467,0,0,,0,0.02999999999823534,0.10451282466688704,13,1,840,0,0,0,0.0,0.057432714869725225,nan,0.21796492480469631
9.3,self+cam,swap,0.10784254977409401,0.10872789177542097,0,0,,0,0.02999999999841972,0.10451286685722401,13,1,840,0,0,0,0.0,0.05743271162670852,nan,0.2179649536860896
9.35,self+cam,swap,0.10784255236195497,0.10872787839863712,0,0,,0,0.029999999998585117,0.10451290693135805,13,1,840,0,0,0,0.0,0.05743270855531453,nan,0.2179649812047716
9.4,self+cam,swap,0.10784255479520086,0.1087278657786526,0,0,,0,0.02999999999873322,0.10451294499084333,13,1,840,0,0,0,0.0,0.05743270564294613,nan,0.21796500742612024
9.450000000000001,self+cam,swap,0.10784255708484698,0.10872785387163997,0,0,,0,0.029999999998865948,0.10451298113819692,13,1,840,0,0,0,0.0,0.05743270288915851,nan,0.21796503240671405
9.5,self+cam,swap,0.10784255923586186,0.10872784263966553,0,0,,0,0.029999999998984936,0.10451301546647605,13,1,840,0,0,0,0.0,0.057432700274296394,nan,0.21796505620264528
9.55,self+cam,swap,0.10784256126218665,0.10872783203979258,0,0,,0,0.02999999999909163,0.10451304806523697,13,1,840,0,0,0,0.0,0.05743269780516136,nan,0.2179650788691162
9.600000000000001,self+cam,swap,0.10784256316361754,0.1087278220422443,0,0,,0,0.02999999999918697,0.10451307902210262,13,1,840,0,0,0,0.0,0.0574326954554524,nan,0.21796510045730122
9.65,self+cam,swap,0.1078425649590028,0.10872781260377354,0,0,,0,0.029999999999272345,0.10451310841714502,13,1,840,0,0,0,0.0,0.057432693230388764,nan,0.2179651210174559
9.700000000000001,self+cam,swap,0.1078425666471404,0.1087278036987039,0,0,,0,0.02999999999934884,0.10451313632960736,13,1,840,0,0,0,0.0,0.057432691116701524,nan,0.21796514059081307
9.75,self+cam,swap,0.10784256823795137,0.10872779529300657,0,0,,0,0.02999999999941723,0.10451316282830254,13,1,840,0,0,0,0.0,0.057432689117333915,nan,0.21796515923347204
9.8,self+cam,swap,0.1078425697320466,0.10872778736390891,0,0,,0,0.02999999999947868,0.10451318799268709,13,1,840,0,0,0,0.0,0.057432687223909935,nan,0.21796517698701978
9.850000000000001,self+cam,swap,0.10784257113667708,0.10872777988304179,0,0,,0,0.029999999999533497,0.10451321188798661,13,1,840,0,0,0,0.0,0.05743268542625964,nan,0.21796519388965507
9.9,self+cam,swap,0.10784257245927441,0.10872777282276486,0,0,,0,0.029999999999582708,0.10451323457541352,13,1,840,0,0,0,0.0,0.05743268372451591,nan,0.21796520998170277
9.950000000000001,self+cam,swap,0.10784257370211894,0.10872776616181923,0,0,,0,0.02999999999962656,0.10451325611558486,13,1,840,0,0,0,0.0,0.05743268209997665,nan,0.2179652252966383
10.0,self+cam,swap,0.10784257487854468,0.10872775986938202,0,0,,0,0.029999999999666002,0.10451327656213973,13,1,840,0,0,0,0.0,0.05743268056163479,nan,0.21796523987391636
10.05,self+cam,swap,0.10784257598579906,0.10872775393158413,0,0,,0,0.029999999999701307,0.1045132959716032,13,1,840,0,0,0,0.0,0.05743267910685277,nan,0.21796525375245757
10.100000000000001,self+cam,swap,0.10784257702557676,0.10872774832981587,0,0,,0,0.029999999999732727,0.10451331440123722,13,1,840,0,0,0,0.0,0.057432677725143814,nan,0.2179652669605504
10.15,self+cam,swap,0.10784257800567672,0.10872774304216799,0,0,,0,0.029999999999761037,0.10451333189546029,13,1,840,0,0,0,0.0,0.05743267641900103,nan,0.21796527953407707
10.200000000000001,self+cam,swap,0.10784257892490559,0.10872773805452107,0,0,,0,0.02999999999978621,0.10451334850620449,13,1,840,0,0,0,0.0,0.057432675171710586,nan,0.21796529149746713
10.25,self+cam,swap,0.10784257979562636,0.10872773334280163,0,0,,0,0.029999999999808916,0.10451336427150144,13,1,840,0,0,0,0.0,0.05743267399380699,nan,0.21796530288722005
10.3,self+cam,swap,0.10784258060993006,0.10872772890045708,0,0,,0,0.02999999999982904,0.10451337924260205,13,1,840,0,0,0,0.0,0.057432672865752536,nan,0.2179653137171148
10.350000000000001,self+cam,swap,0.10784258138447506,0.10872772470027077,0,0,,0,0.02999999999984708,0.1045133934458188,13,1,840,0,0,0,0.0,0.05743267180396277,nan,0.21796532402659674
10.4,self+cam,swap,0.10784258210838751,0.10872772074095424,0,0,,0,0.029999999999863233,0.10451340693214865,13,1,840,0,0,0,0.0,0.05743267079937793,nan,0.21796533384388217
10.450000000000001,self+cam,swap,0.10784258278724378,0.10872771700682998,0,0,,0,0.029999999999877555,0.10451341974063212,13,1,840,0,0,0,0.0,0.057432669836563296,nan,0.2179653431770162
10.5,self+cam,swap,0.10784258343329711,0.10872771347635485,0,0,,0,0.029999999999890545,0.10451343189101768,13,1,840,0,0,0,0.0,0.0574326689275142,nan,0.21796535205681378
10.55,self+cam,swap,0.10784258403958982,0.10872771014526211,0,0,,0,0.02999999999990212,0.1045134434245165,13,1,840,0,0,0,0.0,0.05743266805388026,nan,0.21796536050229676
10.600000000000001,self+cam,swap,0.10784258461685751,0.10872770699572659,0,0,,0,0.02999999999991236,0.10451345436923533,13,1,840,0,0,0,0.0,0.05743266724254709,nan,0.21796536854562543
10.65,self+cam,swap,0.10784258514946543,0.10872770403263754,0,0,,0,0.029999999999921603,0.1045134647660212,13,1,840,0,0,0,0.0,0.05743266645466993,nan,0.2179653761892163
10.700000000000001,self+cam,swap,0.10784258566106253,0.10872770122664625,0,0,,0,0.029999999999930124,0.10451347462671846,13,1,840,0,0,0,0.0,0.05743266572192719,nan,0.2179653834661316
10.75,self+cam,swap,0.10784258613446511,0.10872769858537067,0,0,,0,0.02999999999993748,0.10451348399142839,13,1,840,0,0,0,0.0,0.057432665015475705,nan,0.21796539038781415
10.8,self+cam,swap,0.10784258658608337,0.1087276960880014,0,0,,0,0.02999999999994403,0.1045134928786499,13,1,840,0,0,0,0.0,0.05743266434645449,nan,0.21796539696932216
10.850000000000001,self+cam,swap,0.10784258700955762,0.10872769373129205,0,0,,0,0.02999999999994997,0.10451350131257366,13,1,840,0,0,0,0.0,0.0574326637086414,nan,0.21796540323052016
10.9,self+cam,swap,0.10784258741088744,0.10872769150502452,0,0,,0,0.0299999999999553,0.10451350931737881,13,1,840,0,0,0,0.0,0.05743266310922098,nan,0.21796540918823204
10.950000000000001,self+cam,swap,0.1078425877843412,0.1087276894074057,0,0,,0,0.0299999999999601,0.10451351691728163,13,1,840,0,0,0,0.0,0.05743266253222626,nan,0.21796541484848764
11.0,self+cam,swap,0.10784258814264953,0.10872768742124847,0,0,,0,0.029999999999964208,0.10451352412437907,13,1,840,0,0,0,0.0,0.05743266198683982,nan,0.21796542023553067
11.05,self+cam,swap,0.10784258847742383,0.1087276855490523,0,0,,0,0.029999999999968066,0.10451353096797254,13,1,840,0,0,0,0.0,0.0574326614779301,nan,0.21796542536310415
11.100000000000001,self+cam,swap,0.10784258878746524,0.1087276837861863,0,0,,0,0.02999999999997134,0.10451353746727614,13,1,840,0,0,0,0.0,0.05743266098356108,nan,0.21796543023501191
11.15,self+cam,swap,0.10784258908548994,0.1087276821166807,0,0,,0,0.029999999999974478,0.10451354363135067,13,1,840,0,0,0,0.0,0.05743266051013024,nan,0.21796543486518616
11.200000000000001,self+cam,swap,0.10784258936938822,0.10872768053801495,0,0,,0,0.029999999999977225,0.104513549478176,13,1,840,0,0,0,0.0,0.057432660070495724,nan,0.21796543927413958
11.25,self+cam,swap,0.10784258962982197,0.10872767905400786,0,0,,0,0.02999999999997964,0.10451355503283856,13,1,840,0,0,0,0.0,0.05743265964157668,nan,0.2179654434612356
11.3,self+cam,swap,0.10784258988339261,0.10872767764585398,0,0,,0,0.02999999999998175,0.10451356029862245,13,1,840,0,0,0,0.0,0.05743265924353613,nan,0.21796544744639113
11.350000000000001,self+cam,swap,0.10784259011559327,0.10872767632168716,0,0,,0,0.029999999999983776,0.10451356530052806,13,1,840,0,0,0,0.0,0.057432658862320914,nan,0.2179654512392165
11.4,self+cam,swap,0.10784259033602951,0.10872767507108742,0,0,,0,0.02999999999998547,0.10451357004947488,13,1,840,0,0,0,0.0,0.05743265849796017,nan,0.21796545484250884
11.450000000000001,self+cam,swap,0.10784259054448606,0.10872767388907263,0,0,,0,0.02999999999998705,0.10451357455416817,13,1,840,0,0,0,0.0,0.05743265815783794,nan,0.21796545827367486
11.5,self+cam,swap,0.10784259073774709,0.10872767277646077,0,0,,0,0.02999999999998844,0.10451357883327143,13,1,840,0,0,0,0.0,0.05743265782599171,nan,0.2179654615283967
11.55,self+cam,swap,0.10784259092550047,0.10872767172063276,0,0,,0,0.029999999999989688,0.10451358288710651,13,1,840,0,0,0,0.0,0.057432657517552534,nan,0.21796546462815958
11.600000000000001,self+cam,swap,0.10784259109870713,0.10872767072735835,0,0,,0,0.029999999999990798,0.10451358673874638,13,1,840,0,0,0,0.0,0.05743265722196721,nan,0.21796546757316804
11.65,self+cam,swap,0.1078425912634467,0.1087276697883072,0,0,,0,0.029999999999991714,0.10451359039189774,13,1,840,0,0,0,0.0,0.05743265694395393,nan,0.21796547037734892
11.700000000000001,self+cam,swap,0.10784259141593844,0.10872766890417945,0,0,,0,0.029999999999992574,0.10451359386290955,13,1,840,0,0,0,0.0,0.05743265667410374,nan,0.21796547304129976
11.75,self+cam,swap,0.10784259156280793,0.10872766806698149,0,0,,0,0.029999999999993462,0.10451359715448931,13,1,840,0,0,0,0.0,0.05743265641869462,nan,0.21796547557177737
11.8,self+cam,swap,0.1078425917011205,0.10872766727609968,0,0,,0,0.02999999999999399,0.10451360027643579,13,1,840,0,0,0,0.0,0.057432656168540916,nan,0.21796547797476362
11.850000000000001,self+cam,swap,0.10784259183658139,0.10872766652513052,0,0,,0,0.029999999999994767,0.104513603235931,13,1,840,0,0,0,0.0,0.05743265594386248,nan,0.21796548026328522
11.9,self+cam,swap,0.10784259195737642,0.10872766582210233,0,0,,0,0.029999999999995294,0.10451360604818348,13,1,840,0,0,0,0.0,0.0574326557236791,nan,0.2179654824360272
11.950000000000001,self+cam,swap,0.10784259207481485,0.10872766515521584,0,0,,0,0.02999999999999574,0.10451360871410946,13,1,840,0,0,0,0.0,0.05743265551954652,nan,0.2179654845063549
12.0,self+cam,swap,0.10784259218165221,0.1087276645290256,0,0,,0,0.02999999999999621,0.10451361124873663,13,1,840,0,0,0,0.0,0.05743265531413661,nan,0.2179654864685453
12.05,self+cam,swap,0.10784259228842011,0.10872766393234255,0,0,,0,0.029999999999996543,0.10451361364859892,13,1,840,0,0,0,0.0,0.057432655133444345,nan,0.21796548834146112
12.100000000000001,self+cam,swap,0.10784259238006329,0.10872766337666569,0,0,,0,0.029999999999997015,0.10451361593369686,13,1,840,0,0,0,0.0,0.05743265495058903,nan,0.21796549011687782
12.15,self+cam,swap,0.10784259247331653,0.10872766284613224,0,0,,0,0.02999999999999721,0.1045136180968332,13,1,840,0,0,0,0.0,0.05743265477989728,nan,0.21796549180792357
12.200000000000001,self+cam,swap,0.10784259255953714,0.10872766234655147,0,0,,0,0.02999999999999746,0.10451362015287828,13,1,840,0,0,0,0.0,0.05743265461132391,nan,0.21796549341271987
12.25,self+cam,swap,0.10784259264423147,0.10872766187228898,0,0,,0,0.029999999999997792,0.10451362210096236,13,1,840,0,0,0,0.0,0.05743265446111473,nan,0.21796549494517248
12.3,self+cam,swap,0.1078425927188396,0.10872766142931407,0,0,,0,0.029999999999998125,0.10451362395584922,13,1,840,0,0,0,0.0,0.05743265431311866,nan,0.21796549639353258
12.350000000000001,self+cam,swap,0.10784259279264842,0.10872766100753593,0,0,,0,0.029999999999998236,0.10451362570868493,13,1,840,0,0,0,0.0,0.05743265417620924,nan,0.21796549777099627
12.4,self+cam,swap,0.10784259285976873,0.10872766061122985,0,0,,0,0.02999999999999843,0.10451362737291138,13,1,840,0,0,0,0.0,0.05743265404052791,nan,0.2179654990809209
12.450000000000001,self+cam,swap,0.1078425929269904,0.10872766023428042,0,0,,0,0.02999999999999868,0.10451362895180201,13,1,840,0,0,0,0.0,0.05743265391738731,nan,0.2179655003297879
12.5,self+cam,swap,0.10784259298550539,0.10872765988230013,0,0,,0,0.02999999999999879,0.10451363045427202,13,1,840,0,0,0,0.0,0.05743265379443647,nan,0.21796550151144445
12.55,self+cam,swap,0.10784259304535752,0.1087276595455497,0,0,,0,0.029999999999998875,0.1045136318749932,13,1,840,0,0,0,0.0,0.05743265368118921,nan,0.21796550263977987
12.600000000000001,self+cam,swap,0.10784259309861936,0.10872765923063311,0,0,,0,0.02999999999999904,0.10451363322798247,13,1,840,0,0,0,0.0,0.057432653577265604,nan,0.2179655037154936
12.65,self+cam,swap,0.10784259314691409,0.10872765893539124,0,0,,0,0.029999999999999125,0.10451363451454555,13,1,840,0,0,0,0.0,0.05743265347095411,nan,0.21796550473156484
12.700000000000001,self+cam,swap,0.10784259319590239,0.10872765865300682,0,0,,0,0.029999999999999347,0.10451363573023313,13,1,840,0,0,0,0.0,0.05743265336914171,nan,0.21796550569799378
12.75,self+cam,swap,0.10784259324395407,0.10872765838497754,0,0,,0,0.02999999999999932,0.10451363688370673,13,1,840,0,0,0,0.0,0.057432653277198265,nan,0.21796550661579162
12.8,self+cam,swap,0.10784259328525292,0.1087276581347137,0,0,,0,0.029999999999999374,0.10451363797868081,13,1,840,0,0,0,0.0,0.05743265318193964,nan,0.217965507489854
12.850000000000001,self+cam,swap,0.10784259332901297,0.10872765789508414,0,0,,0,0.029999999999999402,0.10451363901828901,13,1,840,0,0,0,0.0,0.05743265309895445,nan,0.21796550832365524
12.9,self+cam,swap,0.10784259336581531,0.10872765767287011,0,0,,0,0.029999999999999485,0.10451364000746595,13,1,840,0,0,0,0.0,0.057432653015511446,nan,0.2179655091089655
12.950000000000001,self+cam,swap,0.10784259340419534,0.10872765745912691,0,0,,0,0.029999999999999596,0.10451364093980094,13,1,840,0,0,0,0.0,0.05743265294091374,nan,0.21796550986400154
13.0,self+cam,swap,0.10784259343650804,0.10872765726130339,0,0,,0,0.02999999999999957,0.10451364183222482,13,1,840,0,0,0,0.0,0.05743265287341712,nan,0.2179655105832473
13.05,self+cam,swap,0.10784259346345457,0.10872765707728649,0,0,,0,0.02999999999999968,0.1045136426817,13,1,840,0,0,0,0.0,0.05743265280250096,nan,0.21796551126304398
13.100000000000001,self+cam,swap,0.1078425934940573,0.10872765689926445,0,0,,0,0.02999999999999968,0.10451364348356267,13,1,840,0,0,0,0.0,0.05743265273897654,nan,0.2179655119117384
13.15,self+cam,swap,0.10784259352065603,0.10872765673328923,0,0,,0,0.029999999999999735,0.10451364424668948,13,1,840,0,0,0,0.0,0.05743265267772064,nan,0.21796551252673713
13.200000000000001,self+cam,swap,0.1078425935453808,0.10872765657633927,0,0,,0,0.02999999999999968,0.1045136449702856,13,1,840,0,0,0,0.0,0.057432652612348055,nan,0.2179655131028294
13.25,self+cam,swap,0.10784259357465355,0.10872765642241146,0,0,,0,0.029999999999999846,0.10451364564891037,13,1,840,0,0,0,0.0,0.05743265255506749,nan,0.21796551365533945
13.3,self+cam,swap,0.10784259359904767,0.10872765628027509,0,0,,0,0.02999999999999982,0.10451364629747921,13,1,840,0,0,0,0.0,0.05743265249852232,nan,0.21796551418309662
13.350000000000001,self+cam,swap,0.10784259362436413,0.10872765614504612,0,0,,0,0.029999999999999763,0.10451364691392466,13,1,840,0,0,0,0.0,0.0574326524503346,nan,0.21796551468310377
13.4,self+cam,swap,0.10784259364300425,0.10872765602074988,0,0,,0,0.029999999999999874,0.10451364749921054,13,1,840,0,0,0,0.0,0.05743265239338558,nan,0.21796551515342377
13.450000000000001,self+cam,swap,0.10784259366929042,0.10872765589633333,0,0,,0,0.02999999999999993,0.10451364804884407,13,1,840,0,0,0,0.0,0.05743265234993376,nan,0.21796551560490018
13.5,self+cam,swap,0.10784259368654661,0.10872765578515996,0,0,,0,0.029999999999999902,0.10451364857526328,13,1,840,0,0,0,0.0,0.057432652300983385,nan,0.21796551603170833
13.55,self+cam,swap,0.10784259370730204,0.1087276556763392,0,0,,0,0.02999999999999993,0.10451364907244175,13,1,840,0,0,0,0.0,0.057432652260470236,nan,0.21796551644154227
13.600000000000001,self+cam,swap,0.10784259372251366,0.10872765557759463,0,0,,0,0.029999999999999985,0.10451364954830382,13,1,840,0,0,0,0.0,0.057432652225119854,nan,0.21796551683436982
13.65,self+cam,swap,0.10784259373522015,0.10872765548596044,0,0,,0,0.02999999999999993,0.10451365000288694,13,1,840,0,0,0,0.0,0.057432652184291375,nan,0.21796551720248558
13.700000000000001,self+cam,swap,0.10784259375127751,0.10872765539567106,0,0,,0,0.029999999999999957,0.1045136504297018,13,1,840,0,0,0,0.0,0.057432652145978265,nan,0.21796551755278626
13.75,self+cam,swap,0.10784259376735145,0.10872765530943415,0,0,,0,0.03000000000000007,0.10451365083483989,13,1,840,0,0,0,0.0,0.057432652111388934,nan,0.21796551788668206
13.8,self+cam,swap,0.10784259378131647,0.10872765522955775,0,0,,0,0.03000000000000007,0.10451365121982227,13,1,840,0,0,0,0.0,0.05743265207757535,nan,0.21796551820201093
13.850000000000001,self+cam,swap,0.10784259379552173,0.10872765515273923,0,0,,0,0.029999999999999985,0.10451365158365052,13,1,840,0,0,0,0.0,0.05743265204528995,nan,0.21796551850188106
13.9,self+cam,swap,0.10784259380750442,0.10872765508143362,0,0,,0,0.03000000000000004,0.10451365192952582,13,1,840,0,0,0,0.0,0.057432652022372466,nan,0.21796551879372827
13.950000000000001,self+cam,swap,0.10784259381414464,0.10872765501868815,0,0,,0,0.029999999999999985,0.10451365226379832,13,1,840,0,0,0,0.0,0.057432651992565815,nan,0.21796551906604178
14.0,self+cam,swap,0.10784259382553661,0.10872765495457924,0,0,,0,0.03000000000000007,0.10451365257652866,13,1,840,0,0,0,0.0,0.057432651953700835,nan,0.2179655193144826
14.05,self+cam,swap,0.10784259384295772,0.10872765488738981,0,0,,0,0.029999999999999985,0.10451365286397278,13,1,840,0,0,0,0.0,0.05743265192907158,nan,0.21796551956278154
14.100000000000001,self+cam,swap,0.10784259385190456,0.10872765483151814,0,0,,0,0.03000000000000007,0.10451365314723558,13,1,840,0,0,0,0.0,0.057432651909376915,nan,0.21796551979851253
14.15,self+cam,swap,0.10784259385820359,0.1087276547806276,0,0,,0,0.03000000000000007,0.10451365341613346,13,1,840,0,0,0,0.0,0.05743265188989636,nan,0.21796552002388758
14.200000000000001,self+cam,swap,0.10784259386433866,0.10872765473252353,0,0,,0,0.029999999999999985,0.10451365367242878,13,1,840,0,0,0,0.0,0.057432651861550124,nan,0.21796552023174132
14.25,self+cam,swap,0.1078425938752114,0.10872765468254958,0,0,,0,0.03000000000000018,0.10451365390995311,13,1,840,0,0,0,0.0,0.05743265184044119,nan,0.21796552043030715
14.3,self+cam,swap,0.10784259388242079,0.10872765463765122,0,0,,0,0.029999999999999957,0.10451365413665852,13,1,840,0,0,0,0.0,0.05743265182248517,nan,0.21796552062440966
14.350000000000001,self+cam,swap,0.10784259388744041,0.10872765459742983,0,0,,0,0.03000000000000015,0.10451365435636263,13,1,840,0,0,0,0.0,0.057432651806923946,nan,0.2179655208098511
14.4,self+cam,swap,0.10784259389127332,0.10872765456006651,0,0,,0,0.03000000000000015,0.10451365456607799,13,1,840,0,0,0,0.0,0.05743265178673669,nan,0.2179655209809771
14.450000000000001,self+cam,swap,0.10784259389737214,0.10872765452217831,0,0,,0,0.030000000000000138,0.10451365476089512,13,1,840,0,0,0,0.0,0.057432651768325085,nan,0.2179655211452841
14.5,self+cam,swap,0.10784259390387367,0.10872765448623618,0,0,,0,0.029999999999999985,0.10451365494661087,13,1,840,0,0,0,0.0,0.05743265174678808,nan,0.21796552130166702
14.55,self+cam,swap,0.10784259391257313,0.10872765444973027,0,0,,0,0.029999999999999985,0.10451365512316001,13,1,840,0,0,0,0.0,0.057432651733657386,nan,0.2179655214491073
14.600000000000001,self+cam,swap,0.10784259391669515,0.10872765441852256,0,0,,0,0.02999999999999997,0.10451365528987046,13,1,840,0,0,0,0.0,0.05743265171491643,nan,0.2179655215876216
14.65,self+cam,swap,0.10784259392421201,0.10872765438620112,0,0,,0,0.03000000000000015,0.1045136554462885,13,1,840,0,0,0,0.0,0.057432651705831415,nan,0.2179655217223232
14.700000000000001,self+cam,swap,0.10784259392599978,0.10872765436012516,0,0,,0,0.029999999999999957,0.10451365559797575,13,1,840,0,0,0,0.0,0.05743265168894356,nan,0.2179655218485569
14.75,self+cam,swap,0.10784259393235571,0.1087276543314245,0,0,,0,0.029999999999999916,0.10451365574014419,13,1,840,0,0,0,0.0,0.05743265167764565,nan,0.21796552196909447
14.8,self+cam,swap,0.10784259393671258,0.10872765430591995,0,0,,0,0.029999999999999874,0.10451365587515961,13,1,840,0,0,0,0.0,0.057432651664929966,nan,0.21796552208658582
14.850000000000001,self+cam,swap,0.10784259394043777,0.10872765428287055,0,0,,0,0.029999999999999957,0.10451365600583588,13,1,840,0,0,0,0.0,0.05743265165869405,nan,0.2179655222001592
14.9,self+cam,swap,0.10784259394048541,0.10872765426380866,0,0,,0,0.03,0.10451365613208612,13,1,840,0,0,0,0.0,0.05743265164193962,nan,0.21796552229784882
14.950000000000001,self+cam,swap,0.1078425939475101,0.10872765423858717,0,0,,0,0.029999999999999902,0.10451365624314933,13,1,840,0,0,0,0.0,0.05743265163058928,nan,0.2179655223995708
15.0,self+cam,swap,0.10784259395063653,0.10872765421905524,0,0,,0,0.030000000000000013,0.10451365635583847,13,1,840,0,0,0,0.0,0.05743265162151568,nan,0.2179655224932734
0.05,full,swap,0.32140300669555155,0.3214030065374729,0,0,free,0,0.05676101943747254,0.16504642260436408,5,1,752,0,0,0,0.0,0.25,nan,0.21438105844945532
0.1,full,swap,0.29074526774421366,0.2922191434633715,0,0,free,0,0.052311275350432576,0.15145276215285405,6,1,752,0,0,0,0.0,0.21889488958989592,nan,0.22044100470028483
0.15000000000000002,full,swap,0.2620280968730823,0.2636032644757923,0,0,free,0,0.04862979789496015,0.1409684734263479,6,1,752,0,0,0,0.0,0.16310599550504667,nan,0.22595378652142994
0.2,full,swap,0.2340599926332828,0.23528608926653302,0,0,free,0,0.04563646412326196,0.13131350009131199,10,1,832,0,0,0,0.0,0.14558875989189812,nan,0.22642397352383548
0.25,full,swap,0.22526703490478595,0.22631456304570627,0,0,free,0,0.05515418406287968,0.12919978421074105,10,1,832,0,0,0,0.0,0.13064879139290583,nan,0.226821689828555
0.30000000000000004,full,swap,0.21788249745952812,0.21877212475976154,0,0,free,0,0.06539821699277636,0.12783164443568382,10,1,832,0,0,0,0.0,0.1184627422456531,nan,0.22722265872729686
0.35000000000000003,full,swap,0.21173176768969884,0.21244118379932284,0,0,free,0,0.07213401017231567,0.12694047427003516,10,1,833,0,0,0,0.0,0.108398965710444,nan,0.22755300056574213
0.4,full,swap,0.2065630349380303,0.2070833320285517,0,0,free,0,0.07720734615747984,0.12653805083166855,10,1,833,0,0,0,0.0,0.09968010562606285,nan,0.2277332707846932
0.45,full,swap,0.20220174060074217,0.20254197779896277,0,0,free,0,0.06996036398533884,0.1264752381595597,10,1,833,0,0,0,0.0,0.09247925683990307,nan,0.22774113095202442
0.5,full,swap,0.1985134485622078,0.19868072467103146,0,0,free,0,0.06390227919661343,0.12670252379534613,10,1,833,0,0,0,0.0,0.08597522117385462,nan,0.22755235845266342
0.55,full,swap,0.19538652526836495,0.19538589963828176,0,0,free,0,0.05884044195051946,0.12719237420099977,10,1,833,0,0,0,0.0,0.0806097056230385,nan,0.2271398857464887
0.6000000000000001,full,swap,0.19272763594042838,0.19256194766407572,0,0,free,0,0.05461787515822755,0.12793458752011827,10,1,833,0,0,0,0.0,0.07626149915050533,nan,0.22647346414714298
0.65,full,swap,0.19045828825321137,0.1901277986252683,0,0,free,0,0.051108247079711455,0.1289328651371339,10,1,833,0,0,0,0.0,0.07285195533773844,nan,0.22552042128521255
0.7000000000000001,full,swap,0.1885123427373307,0.18801405330645182,0,0,free,0,0.04821288675308025,0.13020193954991366,10,1,833,0,0,0,0.0,0.07035838371925973,nan,0.22424855698097523
0.75,full,swap,0.18683476334016508,0.186161112989803,0,0,free,0,0.04586016783816785,0.13176450896860292,10,1,833,0,0,0,0.0,0.06670662927089503,nan,0.22263338272822064
0.8,full,swap,0.18538254765243764,0.18451885531388293,0,0,free,0,0.04400827415963157,0.1325485478308029,10,1,833,0,0,0,0.0,0.06334469814802014,nan,0.22065409787963175
0.8500000000000001,full,swap,0.1842106787751152,0.1829777948174379,0,0,free,0,0.04265048934736365,0.1302312594589162,10,1,833,0,0,0,0.0,0.06009726846281286,nan,0.2187339759864525
0.9,full,swap,0.18254309301582497,0.1823364345269641,0,0,free,0,0.041623117049694736,0.1278559013831762,10,1,833,0,0,0,0.0,0.05670238129334046,nan,0.21782197870537645
0.9500000000000001,full,swap,0.1810346541944715,0.18134802836238947,0,0,free,0,0.040002000150929,0.12633302917753186,10,1,836,0,0,0,0.0,0.053906348758852224,nan,0.21723016909152137
1.0,full,swap,0.1797424697639554,0.18035036681028302,0,0,free,0,0.03841618477865821,0.12504616768591786,10,1,836,0,0,0,0.0,0.05152482028117881,nan,0.21641933935191504
1.05,full,swap,0.17853179251897883,0.17945608235496097,0,0,free,0,0.037101959157012726,0.12354843151942642,10,1,836,0,0,0,0.0,0.04903829726586574,nan,0.21511554500869268
1.1,full,swap,0.17737185820354046,0.178612477979986,0,0,free,0,0.03603412155250968,0.12161646281427323,10,1,836,0,0,0,0.0,0.046436704793444035,nan,0.21328847110950389
1.1500000000000001,full,swap,0.17621354418725346,0.17777112277116208,0,0,free,0,0.03519015885986354,0.11920421428403692,10,1,836,0,0,0,0.0,0.044506826798138034,nan,0.2109134644900904
1.2000000000000002,full,swap,0.17500262025229135,0.17687939471733627,0,0,free,0,0.03455470395729027,0.11626488339943285,10,1,836,0,0,0,0.0,0.04366628931785808,nan,0.20796300941583945
1.25,full,swap,0.17367815446990642,0.1758767626865898,0,0,free,0,0.034120896686318763,0.11274547155835137,10,1,837,0,0,0,0.0,0.04443905551230367,nan,0.20441094034372587
1.3,full,swap,0.17217024544343512,0.174691431980684,0,0,free,0,0.03389135320885525,0.10859129831985444,10,1,837,0,0,0,0.0,0.04682594170657352,nan,0.20024006908465253
1.35,full,swap,0.17039791852480862,0.17323755215698458,0,0,free,0,0.03387892521940472,0.10375467173931972,10,1,837,0,0,0,0.0,0.049223757673018745,nan,0.195458272316133
1.4000000000000001,full,swap,0.16826690657790594,0.1714143777467022,0,0,free,0,0.03410560179042424,0.09821227462641012,10,1,837,0,0,0,0.0,0.05348978974276095,nan,0.1913528335072633
1.4500000000000002,full,swap,0.16555884650069622,0.16917793265276468,0,0,free,0,0.03419337201735076,0.09309587703651644,10,1,837,0,0,0,0.0,0.0596405402982736,nan,0.18786244483236236
1.5,full,swap,0.1622353694788769,0.16651586356276565,0,0,free,0,0.03420909425424709,0.08832774087966817,11,1,837,0,0,0,0.0,0.06679436168785864,nan,0.18479502396176029
1.55,full,swap,0.15827981886192355,0.16337172406649678,0,0,free,0,0.03426025413112427,0.08371485849710993,11,1,840,0,0,0,0.0,0.06791420345245672,nan,0.18223952562655155
1.6,full,swap,0.1536744901679517,0.15967782323602592,0,0,free,0,0.03430840317822559,0.07932921512094569,10,1,840,0,0,0,0.0,0.06811739044927079,nan,0.1808737635752965
1.6500000000000001,full,swap,0.14961180566470061,0.15538568499731725,0,0,free,0,0.03447274010078824,0.0762106944224704,10,1,840,0,0,0,0.0,0.06929823078087388,nan,0.18044333771822318
1.7000000000000002,full,swap,0.1456055736249591,0.1507624435162865,0,0,free,0,0.03466898512927727,0.07383618359544862,11,1,840,0,0,0,0.0,0.070069621490368,nan,0.18094408412354868
1.75,full,swap,0.14171698298474922,0.14577862283529502,0,0,free,0,0.03485765373485558,0.07238547748236018,11,1,840,0,0,0,0.0,0.07095345644178873,nan,0.1823122289033935
1.8,full,swap,0.1380249950925751,0.14049030812868174,0,0,free,0,0.035031157948206215,0.07190007828358626,11,1,840,0,0,0,0.0,0.07315623411479155,nan,0.18434561651874326
1.85,full,swap,0.13456405321889167,0.13502106851699733,0,0,free,0,0.035162229309791404,0.07234065093667555,11,1,840,0,0,0,0.0,0.07324492967578544,nan,0.1867949848327396
1.9000000000000001,full,swap,0.13124188093792863,0.1295064335844468,0,0,free,0,0.035153536072803165,0.07371328672336241,12,1,840,0,0,0,0.0,0.07375904484448785,nan,0.18964386705176672
1.9500000000000002,full,swap,0.12803560934114613,0.12402254706980108,0,0,free,0,0.035105059034306774,0.07584200111248886,13,1,840,0,0,0,0.0,0.07140152474931198,nan,0.19283663843420318
2.0,full,swap,0.12494784708835235,0.1186698669380724,0,0,free,0,0.03510192198091497,0.07855203297858065,13,1,840,0,0,0,0.0,0.06799178708387019,nan,0.19600866528808492
2.0500000000000003,full,swap,0.12204693379278093,0.11367960790996999,0,0,free,0,0.03524210289164842,0.08143459944316168,13,1,840,0,0,0,0.0,0.06609317428517987,nan,0.1992753482234727
2.1,full,swap,0.11924336910980564,0.11001557742848397,0,0,free,0,0.03531094792729264,0.0845659118633887,13,1,840,0,0,0,0.0,0.06486995283820778,nan,0.20216606642520463
2.15,full,swap,0.11662002622072919,0.11014104603615228,0,0,free,0,0.03455978599014689,0.08745000234832163,13,1,840,0,0,0,0.0,0.06367397362752927,nan,0.20472330310032427
2.2,full,swap,0.11459017507957459,0.11017956451592,0,0,free,0,0.03385551884302018,0.09006663497365812,13,1,840,0,0,0,0.0,0.06265207462306155,nan,0.2069128529876142
2.25,full,swap,0.11301650970491765,0.11018273279323863,0,0,free,0,0.03324380472059671,0.09224938705530734,13,1,840,0,0,0,0.0,0.06180255312308932,nan,0.2087685432681886
2.3000000000000003,full,swap,0.11179621810437174,0.11016599819842968,0,0,free,0,0.032722323569277095,0.09413627179369131,13,1,840,0,0,0,0.0,0.06109852667239098,nan,0.21033313733941938
2.35,full,swap,0.1108502896936897,0.11013515722130422,0,0,free,0,0.03228090054171817,0.09575251577800188,13,1,840,0,0,0,0.0,0.06051459825288953,nan,0.21164729053404618
2.4000000000000004,full,swap,0.11011718895017752,0.1100938517753463,0,0,free,0,0.03190879193116872,0.09712845523762535,13,1,840,0,0,0,0.0,0.0600295295525665,nan,0.21274768509589947
2.45,full,swap,0.10954908936068604,0.11004487267966907,0,0,free,0,0.03159599547953601,0.09829459686268453,13,1,840,0,0,0,0.0,0.05962585451959672,nan,0.21366667619086088
2.5,full,swap,0.10910896460708222,0.10999046456824017,0,0,free,0,0.031333582329435034,0.09927962597707983,13,1,840,0,0,0,0.0,0.0592892663443037,nan,0.21443239379806867
2.5500000000000003,full,swap,0.10876821072489516,0.10993245690025233,0,0,free,0,0.031113757737057685,0.10010954193791803,13,1,840,0,0,0,0.0,0.0590080608647502,nan,0.21506904927756387
2.6,full,swap,0.10850473663784352,0.1098723424308275,0,0,free,0,0.03092980941404125,0.10080737737011995,13,1,840,0,0,0,0.0,0.05877266092593586,nan,0.21559732947104437
2.6500000000000004,full,swap,0.1083014629906641,0.10981133188684776,0,0,free,0,0.03077600846588202,0.10139322965466534,13,1,840,0,0,0,0.0,0.058575220245980573,nan,0.21603481393598545
2.7,full,swap,0.10814515902001072,0.10975039639890062,0,0,free,0,0.03064749487092605,0.10188445151618479,13,1,840,0,0,0,0.0,0.058409298770422245,nan,0.21639638016449136
2.75,full,swap,0.10802554940780228,0.1096903028970751,0,0,free,0,0.03054016326882067,0.10229591328717429,13,1,840,0,0,0,0.0,0.0582695992901278,nan,0.21669457874630915
2.8000000000000003,full,swap,0.10793463177843328,0.1096316448342679,0,0,free,0,0.03045055647688788,0.1026402874513924,13,1,840,0,0,0,0.0,0.058151754847161646,nan,0.21693997062951775
2.85,full,swap,0.10786615617905018,0.10957486928840948,0,0,free,0,0.030375769796613855,0.10292832840917888,13,1,840,0,0,0,0.0,0.05805215742421613,nan,0.21714142442290874
2.9000000000000004,full,swap,0.10781522802089984,0.1095203009217252,0,0,free,0,0.03031336691085132,0.10316913348751562,13,1,840,0,0,0,0.0,0.05796781981491906,nan,0.217306374967268
2.95,full,swap,0.10777800466665381,0.10946816307471445,0,0,free,0,0.030261307029571194,0.10337037887422006,13,1,840,0,0,0,0.0,0.05789626402813916,nan,0.2174410460730486
3.0,full,swap,0.10775146293191865,0.10941859618137892,0,0,free,0,0.03021788239873141,0.10353852854750308,13,1,840,0,0,0,0.0,0.05783543081910593,nan,0.2175506410614293
3.0500000000000003,full,swap,0.10773322031188025,0.10937167368646428,0,0,free,0,0.030181665069230812,0.10367901671325959,13,1,840,0,0,0,0.0,0.05778360611419326,nan,0.2176395048818781
3.1,full,swap,0.10772139698956976,0.10932741564993229,0,0,yield,0,0.030151461782422284,0.10379640549452405,13,1,840,0,0,0,0.0,0.06332768240772549,nan,0.20952633270983434
3.1500000000000004,full,swap,0.10753011185063507,0.12401932668467835,0,0,yield,0,0.02920389954365142,0.09671538793533134,13,1,840,0,0,0,0.0,0.07004064545808757,nan,0.20256909375624466
3.2,full,swap,0.10816825556216199,0.14085703602989158,0,0,yield,0,0.030480936070197598,0.09061627130905818,12,1,840,0,0,0,0.0,0.07069583423304512,nan,0.1964150433144144
3.25,full,swap,0.10921381159580344,0.15904635930749705,0,0,yield,0,0.032889270742431406,0.08533578435307203,10,1,840,0,0,0,0.0,0.07723526753265465,nan,0.1898593803914167
3.3000000000000003,full,swap,0.11068197236703983,0.17863750982882887,0,0,yield,0,0.036489969893552146,0.07972339022527698,9,1,840,0,0,0,0.0,0.07936889942074046,nan,0.1866175075252844
3.35,full,swap,0.10980447077255949,0.19856466419820018,0,0,yield,0,0.039042777521414815,0.07750038838037356,9,1,840,0,0,0,0.0,0.0748870205646143,nan,0.18655376370271382
3.4000000000000004,full,swap,0.10770738879698312,0.2200881597329136,0,0,yield,0,0.04308660306587277,0.07837063107827062,8,1,840,0,0,0,0.0,0.06906230185904594,nan,0.18965953124679336
3.45,full,swap,0.10421034860657051,0.2398379744868514,0,0,yield,0,0.04616047558343085,0.08200502353169935,9,1,840,0,0,0,0.0,0.06316400581985453,nan,0.19493380529455873
3.5,full,swap,0.09984263105209709,0.2573158453822521,0,0,yield,0,0.04870330469324473,0.0878008814352939,9,1,840,0,0,0,0.0,0.06157477939214768,nan,0.2010261488943338
3.5500000000000003,full,swap,0.09510689971556567,0.2724014706836424,0,0,yield,0,0.05117198705021722,0.0942492111203067,9,1,840,0,0,0,0.0,0.060671237809242086,nan,0.20849148001749007
3.6,full,swap,0.0904840261938933,0.28523802095557627,0,0,yield,0,0.05031883865324002,0.10190380886843346,9,1,840,0,0,0,0.0,0.06468329963496128,nan,0.21436274987642856
3.6500000000000004,full,swap,0.08686589430780776,0.29697842745772024,0,0,yield,0,0.05231727079628731,0.10788803018898536,8,1,840,0,0,0,0.0,0.0716845728389609,nan,0.22015431585048917
3.7,full,swap,0.08412302335508993,0.30759486029249505,0,0,yield,0,0.05571684785708769,0.1136649244274907,8,1,840,0,0,0,0.0,0.08016804189536605,nan,0.22464213651741194
3.75,full,swap,0.08180641425004659,0.3171191879612499,0,0,yield,0,0.059468601687376194,0.11818649156865564,8,1,840,0,0,0,0.0,0.08826351614023792,nan,0.22944094275872862
3.8000000000000003,full,swap,0.0800940732551408,0.3256154429548649,0,0,yield,0,0.06262144520196944,0.1228297738537442,8,1,840,0,0,0,0.0,0.09555591348382192,nan,0.23331171976722553
3.85,full,swap,0.07872728475985415,0.3331632223419866,0,0,yield,0,0.06579803933746742,0.1266101084833572,8,1,840,0,0,0,0.0,0.10246907123546539,nan,0.23691792917684362
3.9000000000000004,full,swap,0.07774657199681809,0.3398477303368678,0,0,yield,0,0.0692172350631956,0.13005356683881886,7,1,840,0,0,0,0.0,0.10811473159172816,nan,0.2400178422846414
3.95,full,swap,0.07702158378958071,0.34574589615335577,0,0,yield,0,0.07266822089774663,0.13298973768668065,7,1,840,0,0,0,0.0,0.11288239753900431,nan,0.24271018432032088
4.0,full,swap,0.07648121314839033,0.3510180668835778,0,0,yield,0,0.07611457660796939,0.13551114604472275,7,1,840,0,0,0,0.0,0.11728518217096447,nan,0.24506892800711733
4.05,full,swap,0.07607704693581907,0.35565143300507607,0,0,yield,0,0.07936306117794344,0.1376895358229659,7,1,840,0,0,0,0.0,0.12096957518405958,nan,0.24715033584111523
4.1000000000000005,full,swap,0.07577465441177827,0.35971861360010926,0,0,yield,0,0.08237491399859119,0.13958118024174865,7,1,840,0,0,0,0.0,0.1242354747336233,nan,0.24899798237997472
4.15,full,swap,0.07554883104172,0.3632857386803565,0,0,yield,0,0.08513562207224122,0.1412308483954789,7,1,840,0,0,0,0.0,0.12721172073558354,nan,0.2506462580097494
4.2,full,swap,0.07538080066450675,0.36641237973257945,0,0,yield,0,0.08764559598154585,0.14267467529556066,7,1,840,0,0,0,0.0,0.12914488456484183,nan,0.25212280808666343
4.25,full,swap,0.07525643851886697,0.3691517713653828,0,0,yield,0,0.08883165825895777,0.14394222751054314,7,1,840,0,0,0,0.0,0.13090297131152898,nan,0.2534502387622991
4.3,full,swap,0.07516506567917668,0.371551202837332,0,0,yield,0,0.08936699570491057,0.14505799621026316,7,1,840,0,0,0,0.0,0.13250435791826773,nan,0.2546473196748621
4.3500000000000005,full,swap,0.07509859040968822,0.37365249694371083,0,0,yield,0,0.08983558413859115,0.14604248617856064,7,1,840,0,0,0,0.0,0.13395354014824837,nan,0.25572984113521235
4.4,full,swap,0.07505087703284834,0.37549252170844777,0,0,yield,0,0.09024419978502567,0.14691301989803435,7,1,840,0,0,0,0.0,0.13525858970013924,nan,0.2567112336946774
4.45,full,swap,0.07501727347284545,0.37710370015055034,0,0,yield,0,0.09059952130985442,0.14768434022182364,7,1,840,0,0,0,0.0,0.13642950553010566,nan,0.25760302357628706
4.5,full,swap,0.0749942541767221,0.37851449726599934,0,0,yield,0,0.09090785256107774,0.14836906974906217,7,1,840,0,0,0,0.0,0.13747957169403366,nan,0.2584151740130062
4.55,full,swap,0.07497914905181133,0.3797520610120888,0,0,yield,0,0.09117498329349553,0.14897806730541896,7,1,840,0,0,0,0.0,0.13842057122338705,nan,0.25915634655145225
4.6000000000000005,full,swap,0.07496993738542446,0.38083889703108226,0,0,yield,0,0.09140613537945495,0.14952070963097314,7,1,840,0,0,0,0.0,0.13926297347068858,nan,0.2598341053247203
4.65,full,swap,0.07496509114118502,0.3817938703580596,0,0,yield,0,0.0916059603580092,0.1499692950943547,7,1,840,0,0,0,0.0,0.1400168345915516,nan,0.26045508013020713
4.7,full,swap,0.07496345587260421,0.3826335972525443,0,0,yield,0,0.09177856588341725,0.15013310176240108,7,1,840,0,0,0,0.0,0.14069162839762925,nan,0.26102509900975635
4.75,full,swap,0.07496416028210881,0.38337271005503337,0,0,yield,0,0.09192755723306321,0.15027460975548926,7,1,840,0,0,0,0.0,0.1412961575611779,nan,0.26154929786273573
4.800000000000001,full,swap,0.07496654759282474,0.3840240919464499,0,0,yield,0,0.09205608502062439,0.15039674424713703,7,1,840,0,0,0,0.0,0.1418385171623872,nan,0.2620322122508968
4.8500000000000005,full,swap,0.07497012350138038,0.38459908361095974,0,0,yield,0,0.09216689407775029,0.04291208581672766,9,1,841,0,0,0,0.0,0.1417404716850875,nan,0.2631652816815223
4.9,full,swap,0.07497236836189726,0.3851076637089131,0,0,yield,0,0.09242345616215174,0.04387322643700366,9,1,841,0,0,0,0.0,0.14172631503913388,nan,0.2629259452005289
4.95,full,swap,0.07500884443768575,0.385558604987572,0,0,yield,0,0.0927426384169998,0.044700348134190104,9,1,841,0,0,0,0.0,0.1417663497853609,nan,0.26271343648415046
5.0,full,swap,0.07506278371461558,0.38595960766903603,0,0,yield,0,0.09309332002833363,0.04541374861495494,9,1,841,0,0,0,0.0,0.14184201364501342,nan,0.26252398818631917
5.050000000000001,full,swap,0.07512467993874512,0.38631741173690143,0,0,yield,0,0.0934532460295686,0.04602990960506602,9,1,841,0,0,0,0.0,0.1419412433232005,nan,0.26235425176008
5.1000000000000005,full,swap,0.07518898816865253,0.3866378897240718,0,0,yield,0,0.09380721713259559,0.046562549102588974,9,1,841,0,0,0,0.0,0.15938990403256903,nan,0.26063035246162725
5.15,full,swap,0.10289881737000608,0.3691051815136056,0,0,yield,0,0.09929555771305996,0.14757082575608882,7,1,840,0,0,0,0.0,0.14480038330669778,nan,0.25625240173748776
5.2,full,swap,0.13335490093802782,0.3237364308804227,0,0,yield,0,0.10246763521078393,0.1453720423813376,8,1,840,0,0,0,0.0,0.1336716784217108,nan,0.25547881174452314
5.25,full,swap,0.16345441756016463,0.284375262019798,0,0,yield,0,0.09943701442552703,0.15130407497426146,10,1,840,0,0,0,0.0,0.12570779552319364,nan,0.2567621649463082
5.300000000000001,full,swap,0.19149942052166516,0.2502552742518721,0,0,yield,0,0.09307395791958072,0.16218448371775301,12,1,840,0,0,0,0.0,0.11869195467248805,nan,0.2574328758495473
5.3500000000000005,full,swap,0.21599116350739203,0.2193104153621072,0,0,yield,0,0.08599742707957674,0.15904939290924675,12,1,840,0,0,0,0.0,0.11281467082053488,nan,0.25784762307123
5.4,full,swap,0.2374300391280812,0.19199642661808097,0,0,yield,0,0.07999472718821259,0.15055211599773743,11,1,840,0,0,0,0.0,0.10832132682769093,nan,0.25814572885436815
5.45,full,swap,0.256204293445701,0.16819957897155727,0,0,yield,0,0.07513707234601755,0.14576338014004842,10,1,840,0,0,0,0.0,0.10508776681862186,nan,0.25836087144972886
5.5,full,swap,0.27264987154533676,0.1474531837132813,0,0,yield,0,0.07111621753123082,0.14350817934413257,9,1,840,0,0,0,0.0,0.10226744951710416,nan,0.2585170871799448
5.550000000000001,full,swap,0.28705627641644144,0.129353692787358,0,0,yield,0,0.06777838935889655,0.14221281794228002,9,1,840,0,0,0,0.0,0.10032077801531028,nan,0.258631848291791
5.6000000000000005,full,swap,0.2996754295585237,0.11355399386211273,0,0,yield,0,0.0649975749636745,0.14019470943830314,9,1,840,0,0,0,0.0,0.09903118093806601,nan,0.2585555101644724
5.65,full,swap,0.31072770014153694,0.09975566236731424,0,0,yield,0,0.06267276434527602,0.13940513801681056,8,1,840,0,0,0,0.0,0.09804169849626303,nan,0.2571212814193199
5.7,full,swap,0.32040967576655477,0.08770175771176918,0,0,yield,0,0.0607049378081298,0.13947665677460933,8,1,840,0,0,0,0.0,0.09927060556987363,nan,0.25753265474531417
5.75,full,swap,0.32893758897612946,0.080664554925299,0,0,yield,0,0.06311124266547283,0.13994908069516762,8,1,840,0,0,0,0.0,0.10435492613403476,nan,0.2590262965646667
5.800000000000001,full,swap,0.3363967878635584,0.07907477010821624,0,0,yield,0,0.06827388269015938,0.14190591000069816,8,1,840,0,0,0,0.0,0.10913388133520124,nan,0.2590947461668388
5.8500000000000005,full,swap,0.34291977490618875,0.07824016050061444,0,0,yield,0,0.07309299393182989,0.14438168942973226,7,1,840,0,0,0,0.0,0.11345938507073801,nan,0.25915122626619913
5.9,full,swap,0.3486233241163808,0.07760742329801182,0,0,yield,0,0.07736144169005377,0.14645500440816245,7,1,840,0,0,0,0.0,0.11734129117027334,nan,0.25920001029409423
5.95,full,swap,0.3536101161098242,0.0771213991494656,0,0,yield,0,0.08113144993479264,0.14820244642248562,7,1,840,0,0,0,0.0,0.12071695836298034,nan,0.25924422028306593
6.0,full,swap,0.3579702583528876,0.07674385520983222,0,0,yield,0,0.08445482198700326,0.14968447197455195,7,1,840,0,0,0,0.0,0.12367243637330941,nan,0.25928607832473627
6.050000000000001,full,swap,0.361782695431361,0.07644774083789713,0,0,yield,0,0.08738064124519927,0.150948795647655,7,1,840,0,0,0,0.0,0.1262980769320881,nan,0.2593271146355426
6.1000000000000005,full,swap,0.36511650545373264,0.07621353643968153,0,0,yield,0,0.08891078512967908,0.15203318758073736,7,1,840,0,0,0,0.0,0.12862435399929678,nan,0.2593683362886151
6.15,full,swap,0.3680320788650487,0.07602690500554363,0,0,yield,0,0.0893703109197828,0.15296769891203868,7,1,840,0,0,0,0.0,0.13068116913213015,nan,0.25941036151438823
6.2,full,swap,0.3705821793591814,0.07587715491922531,0,0,yield,0,0.08978814469817036,0.15377639987250277,7,1,840,0,0,0,0.0,0.1324973854409971,nan,0.2594535831890886
6.25,full,swap,0.37281335792677417,0.07575621213688152,0,0,yield,0,0.09016394286733696,0.15447872279720234,7,1,840,0,0,0,0.0,0.13410214855280733,nan,0.2594983376400096
6.300000000000001,full,swap,0.37476846249442197,0.07565791681248725,0,0,yield,0,0.09049906339137863,0.15509049286831536,7,1,840,0,0,0,0.0,0.13551931322156388,nan,0.25954421256790294
6.3500000000000005,full,swap,0.3764822519210049,0.07557753063462368,0,0,yield,0,0.09079590680425685,0.15562471591380778,7,1,840,0,0,0,0.0,0.13677060534529709,nan,0.2595907716485498
6.4,full,swap,0.3779851868493502,0.07551138421357548,0,0,yield,0,0.09105744874551107,0.1560921792414541,7,1,840,0,0,0,0.0,0.13787565981418973,nan,0.2596375678230479
6.45,full,swap,0.3793039661567909,0.07545661990634771,0,0,yield,0,0.09128691615332656,0.1565019098297891,7,1,840,0,0,0,0.0,0.13885211923740443,nan,0.2596841515104359
6.5,full,swap,0.38046199602946906,0.07541100129994883,0,0,yield,0,0.0914875698268121,0.15686152448406926,7,1,840,0,0,0,0.0,0.13971576514595818,nan,0.25973007514047
6.550000000000001,full,swap,0.3814797993026989,0.07537277032004333,0,0,yield,0,0.09166256452106468,0.15717749857583113,7,1,840,0,0,0,0.0,0.140480663125888,nan,0.25977489523657316
6.6000000000000005,full,swap,0.3823753716944573,0.07534053902307576,0,0,yield,0,0.09181486460988862,0.15745537359794326,7,1,840,0,0,0,0.0,0.14115930976399635,nan,0.2598181731458852
6.65,full,swap,0.38316449070142977,0.07531320705518983,0,0,yield,0,0.09194719859623406,0.15769991883781354,7,1,840,0,0,0,0.0,0.1417627734288764,nan,0.2598594754916538
6.7,full,swap,0.38386098207316627,0.0752898983366936,0,0,yield,0,0.09206204008092277,0.15791525860640188,7,1,840,0,0,0,0.0,0.1423008238838538,nan,0.25989837541650884
6.75,full,swap,0.3844769482349196,0.07526991227887635,0,0,yield,0,0.09216160620849338,0.15810497352972422,7,1,840,0,0,0,0.0,0.1427820477830891,nan,0.259934455736721
6.800000000000001,full,swap,0.38502296252286267,0.07525268606458173,0,0,yield,0,0.09224786713908621,0.1582721821114803,7,1,840,0,0,0,0.0,0.14321394865180392,nan,0.2599673151323504
6.8500000000000005,full,swap,0.3855082328989318,0.07523776539540146,0,0,yield,0,0.09232256194223314,0.15841960730457555,7,1,840,0,0,0,0.0,0.14360303147701778,nan,0.2599965784648851
6.9,full,swap,0.38594073885742725,0.07522478174522446,0,0,yield,0,0.09238721780441715,0.1585496314652003,7,1,840,0,0,0,0.0,0.14395487346308894,nan,0.2600219121018593
6.95,full,swap,0.3863273456422343,0.07521343462403342,0,0,yield,0,0.09244317053018451,0.15866434220745415,7,1,840,0,0,0,0.0,0.14427418401968728,nan,0.2600430446556775
7.0,full,swap,0.38667390056100226,0.0752034777172802,0,0,yield,0,0.09249158488814628,0.15876557111577513,7,1,840,0,0,0,0.0,0.14456485866872923,nan,0.26005979282078984
7.050000000000001,full,swap,0.38698531705107736,0.0751947080208009,0,0,yield,0,0.09253347414029493,0.1588549266016537,7,1,840,0,0,0,0.0,0.1448300327900352,nan,0.26007209083783966
7.1000000000000005,full,swap,0.38726565294562637,0.07518695730555558,0,0,yield,0,0.0925697181019499,0.1589338221371433,7,1,840,0,0,0,0.0,0.1314983163432117,nan,0.260793931520252
7.15,full,swap,0.3413203595636616,0.10208001719624328,0,0,yield,0,0.09446569465959546,0.14819711249392328,8,1,840,0,0,0,0.0,0.12241517525618399,nan,0.26098187240782533
7.2,full,swap,0.3007521159031717,0.13242727764614293,0,0,yield,0,0.08545016836685991,0.14253782630238893,8,1,840,0,0,0,0.0,0.11337625581940125,nan,0.26070953646206385
7.25,full,swap,0.26327431401340345,0.16243456885654486,0,0,yield,0,0.0776951344469945,0.14337619915128558,8,1,840,0,0,0,0.0,0.10626840554701089,nan,0.25991651176542685
7.300000000000001,full,swap,0.23029465343842717,0.19060226455998036,0,0,yield,0,0.07210481973957908,0.146695964881714,12,1,840,0,0,0,0.0,0.10131296644654075,nan,0.259070802163596
7.3500000000000005,full,swap,0.20166032603530787,0.21519905742586834,0,0,yield,0,0.06758481882134573,0.1522781964807845,12,1,840,0,0,0,0.0,0.0979386806921599,nan,0.25800545704618305
7.4,full,swap,0.17663898634593383,0.236731466716802,0,0,yield,0,0.06421905133606101,0.15399565465852316,12,1,840,0,0,0,0.0,0.09563157835025098,nan,0.2569355362560731
7.45,full,swap,0.1548299502667799,0.25558871692543295,0,0,yield,0,0.06158242884655474,0.1456677676419995,11,1,840,0,0,0,0.0,0.0942410324088764,nan,0.2559004452508994
7.5,full,swap,0.13580472708960217,0.2721078206866902,0,0,yield,0,0.05947071834731166,0.1400208337934376,11,1,840,0,0,0,0.0,0.09356294607769465,nan,0.25492122918868476
7.550000000000001,full,swap,0.1191956468460427,0.2865792855299225,0,0,yield,0,0.05776879179469266,0.13643454312523434,10,1,840,0,0,0,0.0,0.09279980205268626,nan,0.2540076106117356
7.6000000000000005,full,swap,0.10468775214912067,0.2992559481903338,0,0,yield,0,0.05638742216297166,0.13438535362939225,9,1,840,0,0,0,0.0,0.09243348976457036,nan,0.2531627869809018
7.65,full,swap,0.09201076573176883,0.31035373164046365,0,0,yield,0,0.05523891879777734,0.13276573376936596,9,1,840,0,0,0,0.0,0.09550782893063083,nan,0.25363634312386096
7.7,full,swap,0.08370938304088886,0.32013729216522113,0,0,yield,0,0.05769609704564582,0.13121335958195793,8,1,840,0,0,0,0.0,0.10073056300450932,nan,0.25549837220334515
7.75,full,swap,0.08077492526523428,0.3286974935024089,0,0,yield,0,0.06335222931778067,0.132613897099912,8,1,840,0,0,0,0.0,0.1055136813669771,nan,0.25743876229055507
7.800000000000001,full,swap,0.0792559907921336,0.3361849335263428,0,0,yield,0,0.06841433768132152,0.13468312782530906,8,1,840,0,0,0,0.0,0.10997812078989314,nan,0.2595731720616198
7.8500000000000005,full,swap,0.07835836179014107,0.342732680675066,0,0,yield,0,0.07313020225351699,0.13705454561083416,7,1,840,0,0,0,0.0,0.11400310726169936,nan,0.26131254474174936
7.9,full,swap,0.07768647422261643,0.3484580196006616,0,0,yield,0,0.07732691873732633,0.13903562791691756,7,1,840,0,0,0,0.0,0.11765164201820114,nan,0.2624687914814595
7.95,full,swap,0.07717537691099272,0.35346407013206166,0,0,yield,0,0.08104678503796507,0.1406677403489693,7,1,840,0,0,0,0.0,0.12093175515189172,nan,0.26235943397241457
8.0,full,swap,0.07678123838289229,0.35784130569181677,0,0,yield,0,0.08433520383156538,0.14204508928434537,7,1,840,0,0,0,0.0,0.12386351240454972,nan,0.26225526940542065
8.05,full,swap,0.07647377866490443,0.36166897013615396,0,0,yield,0,0.087236998999327,0.14321655253122342,7,1,840,0,0,0,0.0,0.12647286971544738,nan,0.26215749582279735
8.1,full,swap,0.07623158632025533,0.3650163844186794,0,0,yield,0,0.08895770296921977,0.14421849372856543,7,1,840,0,0,0,0.0,0.12878804595055474,nan,0.26206678606577183
8.15,full,swap,0.0760391911988543,0.3679441363655512,0,0,yield,0,0.08939764583952968,0.14507983025063004,7,1,840,0,0,0,0.0,0.13083833806440603,nan,0.2619834845707699
8.200000000000001,full,swap,0.07588520334977716,0.37050606145045206,0,0,yield,0,0.08980260063489535,0.14582364911035323,7,1,840,0,0,0,0.0,0.13265377892873487,nan,0.26190757906505635
8.25,full,swap,0.07576110365422184,0.37275095468801833,0,0,yield,0,0.09017015634375801,0.14646849896665987,7,1,840,0,0,0,0.0,0.1342596535653721,nan,0.261838462361628
8.3,full,swap,0.07566043810793899,0.3747187083604106,0,0,yield,0,0.09050020463923412,0.1470294009749906,7,1,840,0,0,0,0.0,0.1356793976191945,nan,0.2617754805888649
8.35,full,swap,0.07557826684654309,0.3764442810682287,0,0,yield,0,0.09079411295120275,0.14751862903808588,7,1,840,0,0,0,0.0,0.1369344597208572,nan,0.26171795423253774
8.4,full,swap,0.07551077774714392,0.3779583111869397,0,0,yield,0,0.09105413467839345,0.14794630715881918,7,1,840,0,0,0,0.0,0.13804429079355282,nan,0.2616651924161769
8.450000000000001,full,swap,0.07545500921407376,0.37928765334866205,0,0,yield,0,0.09128299633000135,0.1483208647949246,7,1,840,0,0,0,0.0,0.13902640826428286,nan,0.2616165023136984
8.5,full,swap,0.07540864740227736,0.38045584652395215,0,0,yield,0,0.09148361567739664,0.14864938356884064,7,1,840,0,0,0,0.0,0.13989650153433872,nan,0.2615711952726806
8.55,full,swap,0.07536987556341168,0.3814835211941945,0,0,yield,0,0.09165891525637153,0.1489378619098849,7,1,840,0,0,0,0.0,0.14066855682387314,nan,0.2615285911763855
8.6,full,swap,0.07533726072581604,0.3823887521593518,0,0,yield,0,0.09181170468354015,0.1491914179684256,7,1,840,0,0,0,0.0,0.1413549870884953,nan,0.2614880223757582
8.65,full,swap,0.07530966766188973,0.3831873627478351,0,0,yield,0,0.09194461136989694,0.14941444642762503,7,1,840,0,0,0,0.0,0.14196675779698026,nan,0.2614488386113073
8.700000000000001,full,swap,0.07528619310523091,0.383893185542067,0,0,yield,0,0.09206004465253702,0.1496107408781528,7,1,840,0,0,0,0.0,0.14251350305007432,nan,0.2614104142315635
8.75,full,swap,0.07526611517299892,0.3845182843905563,0,0,yield,0,0.09216018245391942,0.14978359039186434,7,1,840,0,0,0,0.0,0.14300362922582951,nan,0.26137215895015176
8.8,full,swap,0.07524885431616073,0.3850731423393882,0,0,yield,0,0.09224697244935286,0.1499358567358672,7,1,840,0,0,0,0.0,0.1434444058002601,nan,0.26133353319349106
8.85,full,swap,0.07523394305719672,0.3855668204183599,0,0,yield,0,0.09232214228086304,0.15007003690623524,7,1,840,0,0,0,0.0,0.14384204500426884,nan,0.261294068555178
8.9,full,swap,0.07522100247372585,0.38600709266438965,0,0,yield,0,0.09238721481872463,0.15018831443747963,7,1,840,0,0,0,0.0,0.14420177412570043,nan,0.2612533932093354
8.950000000000001,full,swap,0.07520972386588744,0.38640056363425035,0,0,yield,0,0.09244352599902426,0.15029260201420958,7,1,840,0,0,0,0.0,0.1445279058414171,nan,0.26121126094040614
9.0,full,swap,0.0751998544318933,0.3867527753230891,0,0,yield,0,0.09249224340339827,0.15038457725170076,7,1,840,0,0,0,0.0,0.14482391316335122,nan,0.26116758116871297
9.05,full,swap,0.07519118604182425,0.38706831090623994,0,0,yield,0,0.09253438456245854,0.1504657130376003,7,1,840,0,0,0,0.0,0.14509251552841052,nan,0.2611224458197442
9.1,full,swap,0.07518354642026644,0.3873509022624524,0,0,escalate,0,0.09257083420900235,0.1505373034997333,7,1,840,0,0,0,0.0,0.1305385101605646,nan,0.258761050764147
9.15,full,swap,0.08422746282192968,0.3583553803709377,0,0,escalate,0,0.09477419205628039,0.147324952603691,7,1,840,0,0,0,0.0,0.1181618854874397,nan,0.2562557172836101
9.200000000000001,full,swap,0.09317153614507682,0.33323531785972244,0,0,escalate,0,0.0839214383790851,0.1449423437461514,8,1,840,0,0,0,0.0,0.10619420135151234,nan,0.2535288332182767
9.25,full,swap,0.10171230903943082,0.3116340107968867,0,0,escalate,0,0.07507847560798153,0.14346931350979442,9,1,840,0,0,0,0.0,0.09639288000671692,nan,0.2506849875677225
9.3,full,swap,0.1095872728057185,0.29309197022638245,0,0,escalate,0,0.06719327413652076,0.14270358445898482,10,1,840,0,0,0,0.0,0.08837060316093825,nan,0.24783617238497324
9.35,full,swap,0.11681205683115799,0.2771661851621061,0,0,escalate,0,0.06072885359595789,0.14255062429620435,10,1,840,0,0,0,0.0,0.08162410385351579,nan,0.24492860655861237
9.4,full,swap,0.12331660526946224,0.26338017436515476,0,0,escalate,0,0.05542011658531529,0.14293892200987812,10,1,840,0,0,0,0.0,0.07604043568435562,nan,0.2419325402003244
9.450000000000001,full,swap,0.12914294628329964,0.2514617513472192,0,0,escalate,0,0.05108762279981513,0.14377569358715347,10,1,840,0,0,0,0.0,0.07149026339603719,nan,0.23878833010639122
9.5,full,swap,0.1343388641849219,0.24113956052254537,0,0,escalate,0,0.047564914398387365,0.14503561382929106,10,1,840,0,0,0,0.0,0.06789790741940421,nan,0.23544839590482336
9.55,full,swap,0.13894121611889998,0.2321822666631866,0,0,escalate,0,0.04473115016284815,0.13914256338024705,10,1,840,0,0,0,0.0,0.06475281584155593,nan,0.23186915551255305
9.600000000000001,full,swap,0.1429757723411959,0.22440305170365282,0,0,escalate,0,0.04251288533798808,0.13284093325684793,10,1,840,0,0,0,0.0,0.06042895991349496,nan,0.22802149245754688
9.65,full,swap,0.1464573458386245,0.21766199996087868,0,0,escalate,0,0.04088162750397753,0.12678076787312287,10,1,840,0,0,0,0.0,0.05670146667293658,nan,0.22392226508028334
9.700000000000001,full,swap,0.14938983322941893,0.21187391684629314,0,0,escalate,0,0.039851482045505704,0.12086207223984337,10,1,840,0,0,0,0.0,0.053031088842938265,nan,0.21969400660345284
9.75,full,swap,0.1517696022525458,0.20700827039770156,0,0,escalate,0,0.03945367764275279,0.11508260164139646,10,1,840,0,0,0,0.0,0.04907025068463265,nan,0.215778240030447
9.8,full,swap,0.15373235645131164,0.20173857328612474,0,0,escalate,0,0.03829047364902488,0.10928712572153827,10,1,840,0,0,0,0.0,0.04645850743660728,nan,0.21104190513469556
9.850000000000001,full,swap,0.1552371332202191,0.1968290100881199,0,0,escalate,0,0.03783370028581398,0.10309217596286606,10,1,840,0,0,0,0.0,0.045535824323793196,nan,0.20578551133660772
9.9,full,swap,0.15614120230535375,0.1921195884295339,0,0,escalate,0,0.03726657956569464,0.09653174792526427,10,1,840,0,0,0,0.0,0.0468128351255436,nan,0.20072406128606024
9.950000000000001,full,swap,0.15641062160960542,0.1875138100909221,0,0,escalate,0,0.0368042354091193,0.09019934972459616,10,1,840,0,0,0,0.0,0.04964833926863733,nan,0.19655631328916934
10.0,full,swap,0.15611389303130616,0.18288064702258428,0,0,escalate,0,0.03649378498161861,0.08470393059022403,10,1,840,0,0,0,0.0,0.05280804847963822,nan,0.1931446607798052
10.05,full,swap,0.15530310316549992,0.17800433385941092,0,0,escalate,0,0.03634375405780747,0.07993084143962013,10,1,840,0,0,0,0.0,0.05680007609655726,nan,0.1902695589886515
10.100000000000001,full,swap,0.15394411156556403,0.17264929727145595,0,0,escalate,0,0.03625866089424361,0.07585849014628435,10,1,840,0,0,0,0.0,0.06245521410116215,nan,0.18766019017730018
10.15,full,swap,0.15189745362670504,0.16668322918427725,0,0,escalate,0,0.03611340918542398,0.07256484374616658,11,1,840,0,0,0,0.0,0.0625504606828692,nan,0.18511038300743532
10.200000000000001,full,swap,0.14895312216779827,0.160118059029532,0,0,escalate,0,0.03598767200181188,0.06988835179554725,10,1,840,0,0,0,0.0,0.06272018479113635,nan,0.18257111388753466
10.25,full,swap,0.14493396058711977,0.15305669967213625,0,0,escalate,0,0.03601758237748348,0.0679154370270845,11,1,840,0,0,0,0.0,0.06431785990422952,nan,0.18101765418986326
10.3,full,swap,0.14009277488908242,0.1453235248781688,0,0,escalate,0,0.03582290919359271,0.06704476301046536,11,1,840,0,0,0,0.0,0.06712870225867981,nan,0.18099880660532708
10.350000000000001,full,swap,0.13458243838938141,0.13939031420344314,0,0,escalate,0,0.035581219790654955,0.0678355984796324,11,1,840,0,0,0,0.0,0.07104843262390297,nan,0.18210158349756667
10.4,full,swap,0.12931529000203618,0.13478559550638056,0,0,escalate,0,0.035551780046589015,0.06982100335019768,12,1,840,0,0,0,0.0,0.0735904236306541,nan,0.18407267621096624
10.450000000000001,full,swap,0.12423749625584102,0.13090436210603576,0,0,escalate,0,0.03551321207248259,0.07264553037544111,12,1,840,0,0,0,0.0,0.07468400408219485,nan,0.18695989186205286
10.5,full,swap,0.11917124681238656,0.12735213538181014,0,0,escalate,0,0.035375452461598816,0.07650908404962309,13,1,840,0,0,0,0.0,0.07484691616373283,nan,0.1903473040982856
10.55,full,swap,0.11426530052847636,0.12401507361709689,0,0,escalate,0,0.03532803743776969,0.08088892483451816,14,1,840,0,0,0,0.0,0.07136854864800198,nan,0.19410975475178838
10.600000000000001,full,swap,0.10999132678074029,0.120871321847184,0,0,escalate,0,0.03541847824714345,0.08560724715408428,14,1,840,0,0,0,0.0,0.06727793105731321,nan,0.1982567128479914
10.65,full,swap,0.11008552701812774,0.11797094922127817,0,0,escalate,0,0.03469167684180331,0.09057521316913959,14,1,840,0,0,0,0.0,0.06675341604755003,nan,0.2013780539156581
10.700000000000001,full,swap,0.11005850344055113,0.11557382035456934,0,0,escalate,0,0.033851919285930024,0.09460875189492103,14,1,840,0,0,0,0.0,0.06481934340361287,nan,0.20416978846248013
10.75,full,swap,0.10989908981271049,0.1138692152372779,0,0,escalate,0,0.033094154299914205,0.09816325034799696,14,1,840,0,0,0,0.0,0.06375398767834957,nan,0.20626218686018027
10.8,full,swap,0.10994560010565461,0.11248172077161549,0,0,escalate,0,0.03258952730594129,0.10099078281901137,14,1,840,0,0,0,0.0,0.0629768895997849,nan,0.20799402147600843
10.850000000000001,full,swap,0.10997632171853257,0.11140573111383577,0,0,escalate,0,0.03216446990754847,0.10337717093985117,14,1,840,0,0,0,0.0,0.06237852274581923,nan,0.20943952013628075
10.9,full,swap,0.10998441500848222,0.11056941631318316,0,0,escalate,0,0.03180564974384335,0.10540281714269602,14,1,840,0,0,0,0.0,0.061906849871296465,nan,0.21065003332186516
10.950000000000001,full,swap,0.10997477194458197,0.10991670256235934,0,0,escalate,0,0.03150447690227316,0.10712825474359437,13,1,840,0,0,0,0.0,0.06152877050584845,nan,0.21166650396705344
11.0,full,swap,0.10995173273969978,0.10940635521788183,0,0,escalate,0,0.03125267655746848,0.10860305491085044,13,1,840,0,0,0,0.0,0.06122213816503458,nan,0.2125218725873409
11.05,full,swap,0.10991874303854961,0.10900721290949598,0,0,escalate,0,0.031042663085909347,0.10986780018894803,13,1,840,0,0,0,0.0,0.060971471817575014,nan,0.21324292166458003
11.100000000000001,full,swap,0.10987850558829507,0.10869529886670481,0,0,escalate,0,0.03086774515115577,0.1109558604261879,13,1,840,0,0,0,0.0,0.06076548938002326,nan,0.21385164971517445
11.15,full,swap,0.10983315409223686,0.10845198040000265,0,0,escalate,0,0.030722163823322587,0.11189483806952298,13,1,840,0,0,0,0.0,0.060595667458900875,nan,0.2143662731983046
11.200000000000001,full,swap,0.1097843875385824,0.108262696456335,0,0,escalate,0,0.030601037824731045,0.11270769214345568,13,1,840,0,0,0,0.0,0.06045537962582114,nan,0.21480196444780064
11.25,full,swap,0.10973356495383045,0.10811602682487977,0,0,escalate,0,0.03050026765343307,0.1134136063545672,13,1,840,0,0,0,0.0,0.06033936310230698,nan,0.21517140861188977
11.3,full,swap,0.1096817724416409,0.10800298972290162,0,0,escalate,0,0.030416428719389835,0.11402866588685136,13,1,840,0,0,0,0.0,0.06024337395835774,nan,0.21548523580380674
11.350000000000001,full,swap,0.10962987246326776,0.10791650403005858,0,0,escalate,0,0.03034666868762885,0.11456639287299512,13,1,840,0,0,0,0.0,0.06016395380980084,nan,0.21575236505976847
11.4,full,swap,0.10957854214351752,0.10785097461656154,0,0,escalate,0,0.030288615481851758,0.11503817665193576,13,1,840,0,0,0,0.0,0.060098264302213975,nan,0.21598028369420919
11.450000000000001,full,swap,0.10952830434770944,0.1078019715020066,0,0,escalate,0,0.03024029777355948,0.11545362413923908,13,1,840,0,0,0,0.0,0.06004396484049196,nan,0.21617527750879073
11.5,full,swap,0.10947955367418769,0.10776598093668269,0,0,escalate,0,0.030200077613422402,0.11582084812789199,13,1,840,0,0,0,0.0,0.05999911922422884,nan,0.21634262244601843
11.55,full,swap,0.10943257857989634,0.10774021173454831,0,0,escalate,0,0.03016659397249795,0.11614670644206705,13,1,840,0,0,0,0.0,0.05996212245783662,nan,0.21648674510121457
11.600000000000001,full,swap,0.10938758030444168,0.10772244417787594,0,0,escalate,0,0.0301387157042161,0.11643700135612804,13,1,840,0,0,0,0.0,0.0599316421795958,nan,0.21661135763430106
11.65,full,swap,0.10934468900247982,0.10771091181194442,0,0,escalate,0,0.03011550247412055,0.11669664647466867,13,1,840,0,0,0,0.0,0.05990657146190542,nan,0.2167195714435396
11.700000000000001,full,swap,0.10930397756176824,0.10770420852597716,0,0,escalate,0,0.030096172357658033,0.11692980679597458,13,1,840,0,0,0,0.0,0.05988599008735938,nan,0.216813992951694
11.75,full,swap,0.10926547323492386,0.10770121540472476,0,0,escalate,0,0.030080074977254442,0.11714001635856121,13,1,840,0,0,0,0.0,0.059869132766475514,nan,0.21689680433750536
11.8,full,swap,0.10922916742160062,0.10770104288213603,0,0,escalate,0,0.030066669233615798,0.11733027715397383,13,1,840,0,0,0,0.0,0.059855362999743984,nan,0.21696983164029404
11.850000000000001,full,swap,0.10919502388637674,0.10770298479051213,0,0,escalate,0,0.03005550484128862,0.11750314243743835,13,1,840,0,0,0,0.0,0.05984415130535419,nan,0.21703460205879155
11.9,full,swap,0.10916298549900812,0.10770648186346146,0,0,escalate,0,0.03004620700935408,0.11766078676531704,13,1,840,0,0,0,0.0,0.059835057269513485,nan,0.2170923922527045
11.950000000000001,full,swap,0.10913297981681844,0.1077110925558661,0,0,escalate,0,0.03003846372830092,0.11780506503237802,14,1,840,0,0,0,0.0,0.059827714647362994,nan,0.21714426896741867
12.0,full,swap,0.10910492363830084,0.10771646968812323,0,0,escalate,0,0.03003201521337727,0.11793756216660599,14,1,840,0,0,0,0.0,0.0598218188419578,nan,0.21719112316172262
12.05,full,swap,0.10907872662442718,0.10772234177947117,0,0,escalate,0,0.030026645134063376,0.11805963494602102,14,1,840,0,0,0,0.0,0.05981711670299882,nan,0.21723369875369924
12.100000000000001,full,swap,0.10905429428083316,0.10772849794656743,0,0,escalate,0,0.03002217332633904,0.11817244729384364,14,1,840,0,0,0,0.0,0.05981339783717183,nan,0.21727261668685272
12.15,full,swap,0.10903153022795241,0.10773477585030229,0,0,escalate,0,0.03001844973217195,0.11827699992651751,14,1,840,0,0,0,0.0,0.05981048744720817,nan,0.21730839518059286
12.200000000000001,full,swap,0.1090103380149677,0.10774105193936671,0,0,escalate,0,0.030015349359913443,0.11837415539489839,14,1,840,0,0,0,0.0,0.059808240477319946,nan,0.21734146671793309
12.25,full,swap,0.10899062254049631,0.10774723354240784,0,0,escalate,0,0.03001276809167451,0.11846465918565204,14,1,840,0,0,0,0.0,0.059806536504217085,nan,0.21737219223270843
12.3,full,swap,0.10897229104118465,0.10775325258783343,0,0,escalate,0,0.030010619193277285,0.11854915745309806,14,1,840,0,0,0,0.0,0.05980527574691723,nan,0.21740087307072387
12.350000000000001,full,swap,0.10895525390660703,0.10775906042540202,0,0,escalate,0,0.03000883041054163,0.11862821204784162,14,1,840,0,0,0,0.0,0.05980437547654321,nan,0.21742776091577343
12.4,full,swap,0.10893942516130278,0.10776462376175958,0,0,escalate,0,0.030007341550449276,0.11870231310176234,14,1,840,0,0,0,0.0,0.05980376723053365,nan,0.21745306615885218
12.450000000000001,full,swap,0.10892472285025623,0.10776992130251342,0,0,escalate,0,0.030006102468040405,0.11877188970843645,14,1,840,0,0,0,0.0,0.059803394429938456,nan,0.21747696488928392
12.5,full,swap,0.10891106925818478,0.10777494106708477,0,0,escalate,0,0.030005071389469354,0.11883731894134288,14,1,840,0,0,0,0.0,0.059803210322660644,nan,0.21749960467870333
12.55,full,swap,0.10889839097524434,0.10777967827581834,0,0,escalate,0,0.030004213514864417,0.11889893339576336,14,1,840,0,0,0,0.0,0.0598031763525886,nan,0.21752110945027947
12.600000000000001,full,swap,0.10888661891858409,0.10778413361709743,0,0,escalate,0,0.030003499855005958,0.11895702761539083,14,1,840,0,0,0,0.0,0.05980326080275231,nan,0.21754158356723774
12.65,full,swap,0.1088756883005069,0.10778831184725757,0,0,escalate,0,0.0300029062620928,0.1190118635507836,14,1,840,0,0,0,0.0,0.05980343760588142,nan,0.21756111516774135
12.700000000000001,full,swap,0.10886553849354286,0.10779222072472197,0,0,escalate,0,0.03000241262190105,0.11906367509764289,14,1,840,0,0,0,0.0,0.05980368537464273,nan,0.21757977897416525
12.75,full,swap,0.10885611288911026,0.10779587014001785,0,0,escalate,0,0.0300020021808617,0.11911267197702206,14,1,840,0,0,0,0.0,0.059803986599972,nan,0.2175976386313322
12.8,full,swap,0.10884735872904054,0.10779927143829932,0,0,escalate,0,0.03000166098549094,0.11915904302160214,14,1,840,0,0,0,0.0,0.0598043270772226,nan,0.21761474866052632
12.850000000000001,full,swap,0.10883922695583366,0.10780243683748977,0,0,escalate,0,0.030001377415328948,0.11920295898337945,14,1,840,0,0,0,0.0,0.059804695177982425,nan,0.21763115601773209
12.9,full,swap,0.10883167195252574,0.10780537909243482,0,0,escalate,0,0.030001141793223426,0.1192445748421787,14,1,840,0,0,0,0.0,0.059805081582702646,nan,0.21764690147924404
12.950000000000001,full,swap,0.10882465141757072,0.10780811108844132,0,0,escalate,0,0.030000946061438175,0.11928403187454446,14,1,840,0,0,0,0.0,0.059805478727193905,nan,0.2176620206919181
13.0,full,swap,0.10881812610389444,0.10781064567329354,0,0,escalate,0,0.030000783510929455,0.11932145931282563,14,1,840,0,0,0,0.0,0.05980588058922224,nan,0.21767654509796797
13.05,full,swap,0.10881205966164678,0.10781299542920884,0,0,escalate,0,0.030000648556335843,0.11935697581769673,14,1,840,0,0,0,0.0,0.059806282385409075,nan,0.21769050267291312
13.100000000000001,full,swap,0.10880641843097626,0.10781517256125889,0,0,escalate,0,0.030000536548223752,0.11939069071518628,14,1,840,0,0,0,0.0,0.059806680380899105,nan,0.21770391855345805
13.15,full,swap,0.10880117127340162,0.10781718878765056,0,0,escalate,0,0.030000443616765696,0.11942270507424128,14,1,840,0,0,0,0.0,0.05980707162132036,nan,0.21771681550124178
13.200000000000001,full,swap,0.10879628935886317,0.1078190553190976,0,0,escalate,0,0.030000366541257997,0.11945311257519957,14,1,840,0,0,0,0.0,0.05980745389475103,nan,0.21772921435751813
13.25,full,swap,0.10879174604657676,0.10782078276706389,0,0,escalate,0,0.03000030264180524,0.11948200034032065,14,1,840,0,0,0,0.0,0.05980782551825039,nan,0.21774113434151265
13.3,full,swap,0.10878751669162971,0.10782238116455646,0,0,escalate,0,0.030000249688685962,0.11950944956609634,14,1,840,0,0,0,0.0,0.05980818528298992,nan,0.21775259334779407
13.350000000000001,full,swap,0.10878357851726739,0.10782385993790142,0,0,escalate,0,0.0300002058271175,0.11953553613735117,14,1,840,0,0,0,0.0,0.059808532370013205,nan,0.2177636081539528
13.4,full,swap,0.1087799104684339,0.10782522791617004,0,0,escalate,0,0.030000169514428146,0.11956033111028834,14,1,840,0,0,0,0.0,0.059808866192000154,nan,0.21777419458719238
13.450000000000001,full,swap,0.10877649306127464,0.1078264933744897,0,0,escalate,0,0.030000139467704592,0.11958390114355015,14,1,840,0,0,0,0.0,0.059809186494303244,nan,0.21778436770200582
13.5,full,swap,0.10877330831095725,0.10782766399126985,0,0,escalate,0,0.030000114620423277,0.11960630891382858,14,1,840,0,0,0,0.0,0.05980949314793586,nan,0.21779414185827084
13.55,full,swap,0.10877033956568828,0.10782874693551034,0,0,escalate,0,0.030000094085972553,0.11962761341507257,14,1,840,0,0,0,0.0,0.05980978620560451,nan,0.21780353083711745
13.600000000000001,full,swap,0.10876757143686906,0.107829748852093,0,0,escalate,0,0.030000077127568817,0.11964787027519318,14,1,840,0,0,0,0.0,0.05981006580665205,nan,0.2178125478875067
13.65,full,swap,0.10876498967649413,0.1078306759179454,0,0,escalate,0,0.030000063133019214,0.11966713199024386,14,1,840,0,0,0,0.0,0.05981033221406155,nan,0.21782120581866915
13.700000000000001,full,swap,0.10876258111574114,0.10783153383906979,0,0,escalate,0,0.0300000515938542,0.11968544819119169,14,1,840,0,0,0,0.0,0.05981058576467654,nan,0.21782951702008757
13.75,full,swap,0.10876033356798374,0.1078323278920942,0,0,escalate,0,0.030000042087831122,0.11970286582148452,14,1,840,0,0,0,0.0,0.05981082682757617,nan,0.21783749350929937
13.8,full,swap,0.10875823574822926,0.10783306296181443,0,0,escalate,0,0.03000003426442309,0.11971942933709857,14,1,840,0,0,0,0.0,0.05981105579947356,nan,0.21784514693438506
13.850000000000001,full,swap,0.10875627719657079,0.10783374356925501,0,0,escalate,0,0.030000027832713674,0.11973518084101863,14,1,840,0,0,0,0.0,0.059811273133974004,nan,0.21785248863922135
13.9,full,swap,0.10875444824184284,0.10783437386960305,0,0,escalate,0,0.030000022551397568,0.11975016028302331,14,1,840,0,0,0,0.0,0.05981147927668002,nan,0.2178595296371294
13.950000000000001,full,swap,0.10875273991117371,0.10783495770998869,0,0,escalate,0,0.030000018220342026,0.11976440554554434,14,1,840,0,0,0,0.0,0.059811674683552134,nan,0.21786628064369273
14.0,full,swap,0.10875114388819498,0.10783549863810622,0,0,escalate,0,0.03000001467365447,0.11977795259166595,14,1,840,0,0,0,0.0,0.05981185983589222,nan,0.21787275209877122
14.05,full,swap,0.10874965247332734,0.10783599991360997,0,0,escalate,0,0.030000011773900534,0.11979083558935895,14,1,840,0,0,0,0.0,0.05981203518861602,nan,0.2178789541432239
14.100000000000001,full,swap,0.10874825851360981,0.10783646455290426,0,0,escalate,0,0.03000000940723775,0.11980308698194382,14,1,840,0,0,0,0.0,0.05981220117926164,nan,0.217884896645424
14.15,full,swap,0.10874695537077002,0.10783689533986429,0,0,escalate,0,0.030000007479435944,0.11981473760709017,14,1,840,0,0,0,0.0,0.05981235826448436,nan,0.21789058919886506
14.200000000000001,full,swap,0.10874573688750445,0.10783729483365022,0,0,escalate,0,0.03000000591255024,0.1198258167731527,14,1,840,0,0,0,0.0,0.0598125068833981,nan,0.2178960411360954
14.25,full,swap,0.108744597350135,0.1078376653906202,0,0,escalate,0,0.030000004642137687,0.1198363523554943,14,1,840,0,0,0,0.0,0.05981264743576628,nan,0.21790126151203537
14.3,full,swap,0.10874353143936014,0.10783800919621599,0,0,escalate,0,0.030000003614940166,0.11984637085087406,14,1,840,0,0,0,0.0,0.05981278034156467,nan,0.21790625912869455
14.350000000000001,full,swap,0.10874253422374698,0.10783832825174672,0,0,escalate,0,0.030000002787001587,0.11985589746802829,14,1,840,0,0,0,0.0,0.05981290599665062,nan,0.21791104253279514
14.4,full,swap,0.1087416011196151,0.10783862440381406,0,0,escalate,0,0.030000002122057903,0.11986495619318062,14,1,840,0,0,0,0.0,0.05981302476802156,nan,0.21791562000767184
14.450000000000001,full,swap,0.10874072785865085,0.10783889936103212,0,0,escalate,0,0.030000001590208922,0.1198735698393799,14,1,840,0,0,0,0.0,0.05981313700087975,nan,0.2179199995794724
14.5,full,swap,0.10873991046648335,0.10783915470469663,0,0,escalate,0,0.030000001166831033,0.1198817601055182,14,1,840,0,0,0,0.0,0.05981324305650025,nan,0.21792418902914334
14.55,full,swap,0.10873914525465626,0.10783939188079227,0,0,escalate,0,0.03000000083167574,0.11988954764260586,14,1,840,0,0,0,0.0,0.059813343262715944,nan,0.21792819589639778
14.600000000000001,full,swap,0.10873842878716425,0.10783961222821214,0,0,escalate,0,0.0300000005681013,0.11989695210815109,14,1,840,0,0,0,0.0,0.05981343792388624,nan,0.2179320274650801
14.65,full,swap,0.10873775785953024,0.10783981698886388,0,0,escalate,0,0.030000000362445753,0.11990399219381452,14,1,840,0,0,0,0.0,0.059813527346123586,nan,0.21793569079787678
14.700000000000001,full,swap,0.1087371294963242,0.10784000729865542,0,0,escalate,0,0.030000000203517355,0.11991068570567097,14,1,840,0,0,0,0.0,0.05981361179946432,nan,0.21793919269592366
14.75,full,swap,0.10873654091195172,0.10784018422070704,0,0,escalate,0,0.030000000082148356,0.1199170495616164,14,1,840,0,0,0,0.0,0.05981369155699497,nan,0.21794253975067102
14.8,full,swap,0.1087359895206495,0.10784034872701764,0,0,escalate,0,0.029999999990856854,0.11992309988178544,14,1,840,0,0,0,0.0,0.05981376688308261,nan,0.21794573831882247
14.850000000000001,full,swap,0.10873547291135666,0.10784050171429634,0,0,escalate,0,0.029999999923539453,0.11992885199894464,14,1,840,0,0,0,0.0,0.05981383801824939,nan,0.21794879454142813
14.9,full,swap,0.10873498883391285,0.1078406440156277,0,0,escalate,0,0.029999999875229985,0.11993432051166643,14,1,840,0,0,0,0.0,0.05981390517313061,nan,0.21795171432618365
14.950000000000001,full,swap,0.10873453518186696,0.10784077640862258,0,0,escalate,0,0.0299999998418896,0.11993951929484524,14,1,840,0,0,0,0.0,0.059813968579613984,nan,0.2179545033806377
15.0,full,swap,0.10873411000049128,0.10784089960000141,0,0,escalate,0,0.02999999982025507,0.11994446156240048,14,1,840,0,0,0,0.0,0.05981402846473177,nan,0.21795716720759095
0.05,full+plan,swap,0.32140300669555155,0.3214030065374729,0,0,free,0,0.05676101943747254,0.16504642260436408,5,1,752,0,0,0,0.0,0.25,nan,0.21438105844945532
0.1,full+plan,swap,0.29074526774421366,0.2922191434633715,0,0,free,0,0.052311275350432576,0.15145276215285405,6,1,752,0,0,0,0.0,0.21889488958989592,nan,0.22044100470028483
0.15000000000000002,full+plan,swap,0.2620280968730823,0.2636032644757923,0,0,free,0,0.04862979789496015,0.1409684734263479,6,1,752,0,0,0,0.0,0.16310599550504667,nan,0.22595378652142994
0.2,full+plan,swap,0.2340599926332828,0.23528608926653302,0,0,free,0,0.04563646412326196,0.13131350009131199,10,1,832,0,0,0,0.0,0.14558875989189812,nan,0.22642397352383548
0.25,full+plan,swap,0.22526703490478595,0.22631456304570627,0,0,free,0,0.05515418406287968,0.12919978421074105,10,1,832,0,0,0,0.0,0.13064879139290583,nan,0.226821689828555
0.30000000000000004,full+plan,swap,0.21788249745952812,0.21877212475976154,0,0,free,0,0.06539821699277636,0.12783164443568382,10,1,832,0,0,0,0.0,0.1184627422456531,nan,0.22722265872729686
0.35000000000000003,full+plan,swap,0.21173176768969884,0.21244118379932284,0,0,free,0,0.07213401017231567,0.12694047427003516,10,1,833,0,0,0,0.0,0.108398965710444,nan,0.22755300056574213
0.4,full+plan,swap,0.2065630349380303,0.2070833320285517,0,0,free,0,0.07720734615747984,0.12653805083166855,10,1,833,0,0,0,0.0,0.09968010562606285,nan,0.2277332707846932
0.45,full+plan,swap,0.20220174060074217,0.20254197779896277,0,0,free,0,0.06996036398533884,0.1264752381595597,10,1,833,0,0,0,0.0,0.09247925683990307,nan,0.22774113095202442
0.5,full+plan,swap,0.1985134485622078,0.19868072467103146,0,0,free,0,0.06390227919661343,0.12670252379534613,10,1,833,0,0,0,0.0,0.08597522117385462,nan,0.22755235845266342
0.55,full+plan,swap,0.19538652526836495,0.19538589963828176,0,0,free,0,0.05884044195051946,0.12719237420099977,10,1,833,0,0,0,0.0,0.0806097056230385,nan,0.2271398857464887
0.6000000000000001,full+plan,swap,0.19272763594042838,0.19256194766407572,0,0,free,0,0.05461787515822755,0.12793458752011827,10,1,833,0,0,0,0.0,0.07626149915050533,nan,0.22647346414714298
0.65,full+plan,swap,0.19045828825321137,0.1901277986252683,0,0,free,0,0.051108247079711455,0.1289328651371339,10,1,833,0,0,0,0.0,0.07285195533773844,nan,0.22552042128521255
0.7000000000000001,full+plan,swap,0.1885123427373307,0.18801405330645182,0,0,free,0,0.04821288675308025,0.13020193954991366,10,1,833,0,0,0,0.0,0.07035838371925973,nan,0.22424855698097523
0.75,full+plan,swap,0.18683476334016508,0.186161112989803,0,0,free,0,0.04586016783816785,0.13176450896860292,10,1,833,0,0,0,0.0,0.06670662927089503,nan,0.22263338272822064
0.8,full+plan,swap,0.18538254765243764,0.18451885531388293,0,0,free,0,0.04400827415963157,0.1325485478308029,10,1,833,0,0,0,0.0,0.06334469814802014,nan,0.22065409787963175
0.8500000000000001,full+plan,swap,0.1842106787751152,0.1829777948174379,0,0,free,0,0.04265048934736365,0.1302312594589162,10,1,833,0,0,0,0.0,0.06009726846281286,nan,0.2187339759864525
0.9,full+plan,swap,0.18254309301582497,0.1823364345269641,0,0,free,0,0.041623117049694736,0.1278559013831762,10,1,833,0,0,0,0.0,0.05670238129334046,nan,0.21782197870537645
0.9500000000000001,full+plan,swap,0.1810346541944715,0.18134802836238947,0,0,free,0,0.040002000150929,0.12633302917753186,10,1,836,0,0,0,0.0,0.053906348758852224,nan,0.21723016909152137
1.0,full+plan,swap,0.1797424697639554,0.18035036681028302,0,0,free,0,0.03841618477865821,0.12504616768591786,10,1,836,0,0,0,0.0,0.05152482028117881,nan,0.21641933935191504
1.05,full+plan,swap,0.17853179251897883,0.17945608235496097,0,0,free,0,0.037101959157012726,0.12354843151942642,10,1,836,0,0,0,0.0,0.04903829726586574,nan,0.21511554500869268
1.1,full+plan,swap,0.17737185820354046,0.178612477979986,0,0,free,0,0.03603412155250968,0.12161646281427323,10,1,836,0,0,0,0.0,0.046436704793444035,nan,0.21328847110950389
1.1500000000000001,full+plan,swap,0.17621354418725346,0.17777112277116208,0,0,free,0,0.03519015885986354,0.11920421428403692,10,1,836,0,0,0,0.0,0.044506826798138034,nan,0.2109134644900904
1.2000000000000002,full+plan,swap,0.17500262025229135,0.17687939471733627,0,0,free,0,0.03455470395729027,0.11626488339943285,10,1,836,0,0,0,0.0,0.04366628931785808,nan,0.20796300941583945
1.25,full+plan,swap,0.17367815446990642,0.1758767626865898,0,0,free,0,0.034120896686318763,0.11274547155835137,10,1,837,0,0,0,0.0,0.04443905551230367,nan,0.20441094034372587
1.3,full+plan,swap,0.17217024544343512,0.174691431980684,0,0,free,0,0.03389135320885525,0.10859129831985444,10,1,837,0,0,0,0.0,0.04682594170657352,nan,0.20024006908465253
1.35,full+plan,swap,0.17039791852480862,0.17323755215698458,0,0,free,0,0.03387892521940472,0.10375467173931972,10,1,837,0,0,0,0.0,0.049223757673018745,nan,0.195458272316133
1.4000000000000001,full+plan,swap,0.16826690657790594,0.1714143777467022,0,0,free,0,0.03410560179042424,0.09821227462641012,10,1,837,0,0,0,0.0,0.05348978974276095,nan,0.1913528335072633
1.4500000000000002,full+plan,swap,0.16555884650069622,0.16917793265276468,0,0,free,0,0.03419337201735076,0.09309587703651644,10,1,837,0,0,0,0.0,0.0596405402982736,nan,0.18786244483236236
1.5,full+plan,swap,0.1622353694788769,0.16651586356276565,0,0,free,0,0.03420909425424709,0.08832774087966817,11,1,837,0,0,0,0.0,0.06679436168785864,nan,0.18479502396176029
1.55,full+plan,swap,0.15827981886192355,0.16337172406649678,0,0,free,0,0.03426025413112427,0.08371485849710993,11,1,840,0,0,0,0.0,0.06791420345245672,nan,0.18223952562655155
1.6,full+plan,swap,0.1536744901679517,0.15967782323602592,0,0,free,0,0.03430840317822559,0.07932921512094569,10,1,840,0,0,0,0.0,0.06811739044927079,nan,0.1808737635752965
1.6500000000000001,full+plan,swap,0.14961180566470061,0.15538568499731725,0,0,free,0,0.03447274010078824,0.0762106944224704,10,1,840,0,0,0,0.0,0.06929823078087388,nan,0.18044333771822318
1.7000000000000002,full+plan,swap,0.1456055736249591,0.1507624435162865,0,0,free,0,0.03466898512927727,0.07383618359544862,11,1,840,0,0,0,0.0,0.070069621490368,nan,0.18094408412354868
1.75,full+plan,swap,0.14171698298474922,0.14577862283529502,0,0,free,0,0.03485765373485558,0.07238547748236018,11,1,840,0,0,0,0.0,0.07095345644178873,nan,0.1823122289033935
1.8,full+plan,swap,0.1380249950925751,0.14049030812868174,0,0,free,0,0.035031157948206215,0.07190007828358626,11,1,840,0,0,0,0.0,0.07315623411479155,nan,0.18434561651874326
1.85,full+plan,swap,0.13456405321889167,0.13502106851699733,0,0,free,0,0.035162229309791404,0.07234065093667555,11,1,840,0,0,0,0.0,0.07324492967578544,nan,0.1867949848327396
1.9000000000000001,full+plan,swap,0.13124188093792863,0.1295064335844468,0,0,free,0,0.035153536072803165,0.07371328672336241,12,1,840,0,0,0,0.0,0.07375904484448785,nan,0.18964386705176672
1.9500000000000002,full+plan,swap,0.12803560934114613,0.12402254706980108,0,0,free,0,0.035105059034306774,0.07584200111248886,13,1,840,0,0,0,0.0,0.07140152474931198,nan,0.19283663843420318
2.0,full+plan,swap,0.12494784708835235,0.1186698669380724,0,0,free,0,0.03510192198091497,0.07855203297858065,13,1,840,0,0,0,0.0,0.06799178708387019,nan,0.19600866528808492
2.0500000000000003,full+plan,swap,0.12204693379278093,0.11367960790996999,0,0,free,0,0.03524210289164842,0.08143459944316168,13,1,840,0,0,0,0.0,0.06609317428517987,nan,0.1992753482234727
2.1,full+plan,swap,0.11924336910980564,0.11001557742848397,0,0,free,0,0.03531094792729264,0.0845659118633887,13,1,840,0,0,0,0.0,0.06486995283820778,nan,0.20216606642520463
2.15,full+plan,swap,0.11662002622072919,0.11014104603615228,0,0,free,0,0.03455978599014689,0.08745000234832163,13,1,840,0,0,0,0.0,0.06367397362752927,nan,0.20472330310032427
2.2,full+plan,swap,0.11459017507957459,0.11017956451592,0,0,free,0,0.03385551884302018,0.09006663497365812,13,1,840,0,0,0,0.0,0.06265207462306155,nan,0.2069128529876142
2.25,full+plan,swap,0.11301650970491765,0.11018273279323863,0,0,free,0,0.03324380472059671,0.09224938705530734,13,1,840,0,0,0,0.0,0.06180255312308932,nan,0.2087685432681886
2.3000000000000003,full+plan,swap,0.11179621810437174,0.11016599819842968,0,0,free,0,0.032722323569277095,0.09413627179369131,13,1,840,0,0,0,0.0,0.06109852667239098,nan,0.21033313733941938
2.35,full+plan,swap,0.1108502896936897,0.11013515722130422,0,0,free,0,0.03228090054171817,0.09575251577800188,13,1,840,0,0,0,0.0,0.06051459825288953,nan,0.21164729053404618
2.4000000000000004,full+plan,swap,0.11011718895017752,0.1100938517753463,0,0,free,0,0.03190879193116872,0.09712845523762535,13,1,840,0,0,0,0.0,0.0600295295525665,nan,0.21274768509589947
2.45,full+plan,swap,0.10954908936068604,0.11004487267966907,0,0,free,0,0.03159599547953601,0.09829459686268453,13,1,840,0,0,0,0.0,0.05962585451959672,nan,0.21366667619086088
2.5,full+plan,swap,0.10910896460708222,0.10999046456824017,0,0,free,0,0.031333582329435034,0.09927962597707983,13,1,840,0,0,0,0.0,0.0592892663443037,nan,0.21443239379806867
2.5500000000000003,full+plan,swap,0.10876821072489516,0.10993245690025233,0,0,free,0,0.031113757737057685,0.10010954193791803,13,1,840,0,0,0,0.0,0.0590080608647502,nan,0.21506904927756387
2.6,full+plan,swap,0.10850473663784352,0.1098723424308275,0,0,free,0,0.03092980941404125,0.10080737737011995,13,1,840,0,0,0,0.0,0.05877266092593586,nan,0.21559732947104437
2.6500000000000004,full+plan,swap,0.1083014629906641,0.10981133188684776,0,0,free,0,0.03077600846588202,0.10139322965466534,13,1,840,0,0,0,0.0,0.058575220245980573,nan,0.21603481393598545
2.7,full+plan,swap,0.10814515902001072,0.10975039639890062,0,0,free,0,0.03064749487092605,0.10188445151618479,13,1,840,0,0,0,0.0,0.058409298770422245,nan,0.21639638016449136
2.75,full+plan,swap,0.10802554940780228,0.1096903028970751,0,0,free,0,0.03054016326882067,0.10229591328717429,13,1,840,0,0,0,0.0,0.0582695992901278,nan,0.21669457874630915
2.8000000000000003,full+plan,swap,0.10793463177843328,0.1096316448342679,0,0,free,0,0.03045055647688788,0.1026402874513924,13,1,840,0,0,0,0.0,0.058151754847161646,nan,0.21693997062951775
2.85,full+plan,swap,0.10786615617905018,0.10957486928840948,0,0,free,0,0.030375769796613855,0.10292832840917888,13,1,840,0,0,0,0.0,0.05805215742421613,nan,0.21714142442290874
2.9000000000000004,full+plan,swap,0.10781522802089984,0.1095203009217252,0,0,free,0,0.03031336691085132,0.10316913348751562,13,1,840,0,0,0,0.0,0.05796781981491906,nan,0.217306374967268
2.95,full+plan,swap,0.10777800466665381,0.10946816307471445,0,0,free,0,0.030261307029571194,0.10337037887422006,13,1,840,0,0,0,0.0,0.05789626402813916,nan,0.2174410460730486
3.0,full+plan,swap,0.10775146293191865,0.10941859618137892,0,0,free,0,0.03021788239873141,0.10353852854750308,13,1,840,0,0,0,0.0,0.05783543081910593,nan,0.2175506410614293
3.0500000000000003,full+plan,swap,0.10773322031188025,0.10937167368646428,0,0,free,0,0.030181665069230812,0.10367901671325959,13,1,840,0,0,0,0.0,0.05778360611419326,nan,0.2176395048818781
3.1,full+plan,swap,0.10772139698956976,0.10932741564993229,0,0,yield,0,0.030151461782422284,0.10379640549452405,13,1,840,0,0,0,0.0,0.06332768240772549,nan,0.20952633270983434
3.1500000000000004,full+plan,swap,0.10753011185063507,0.12401932668467835,0,0,yield,0,0.02920389954365142,0.09671538793533134,13,1,840,0,0,0,0.0,0.07004064545808757,nan,0.20256909375624466
3.2,full+plan,swap,0.10816825556216199,0.14085703602989158,0,0,yield,0,0.030480936070197598,0.09061627130905818,12,1,840,0,0,0,0.0,0.07069583423304512,nan,0.1964150433144144
3.25,full+plan,swap,0.10921381159580344,0.15904635930749705,0,0,yield,0,0.032889270742431406,0.08533578435307203,10,1,840,0,0,0,0.0,0.07723526753265465,nan,0.1898593803914167
3.3000000000000003,full+plan,swap,0.11068197236703983,0.17863750982882887,0,0,yield,0,0.036489969893552146,0.07972339022527698,9,1,840,0,0,0,0.0,0.07936889942074046,nan,0.1866175075252844
3.35,full+plan,swap,0.10980447077255949,0.19856466419820018,0,0,yield,0,0.039042777521414815,0.07750038838037356,9,1,840,0,0,0,0.0,0.0748870205646143,nan,0.18655376370271382
3.4000000000000004,full+plan,swap,0.10770738879698312,0.2200881597329136,0,0,yield,0,0.04308660306587277,0.07837063107827062,8,1,840,0,0,0,0.0,0.06906230185904594,nan,0.18965953124679336
3.45,full+plan,swap,0.10421034860657051,0.2398379744868514,0,0,yield,0,0.04616047558343085,0.08200502353169935,9,1,840,0,0,0,0.0,0.06316400581985453,nan,0.19493380529455873
3.5,full+plan,swap,0.09984263105209709,0.2573158453822521,0,0,yield,0,0.04870330469324473,0.0878008814352939,9,1,840,0,0,0,0.0,0.06157477939214768,nan,0.2010261488943338
3.5500000000000003,full+plan,swap,0.09510689971556567,0.2724014706836424,0,0,yield,0,0.05117198705021722,0.0942492111203067,9,1,840,0,0,0,0.0,0.060671237809242086,nan,0.20849148001749007
3.6,full+plan,swap,0.0904840261938933,0.28523802095557627,0,0,yield,0,0.05031883865324002,0.10190380886843346,9,1,840,0,0,0,0.0,0.06468329963496128,nan,0.21436274987642856
3.6500000000000004,full+plan,swap,0.08686589430780776,0.29697842745772024,0,0,yield,0,0.05231727079628731,0.10788803018898536,8,1,840,0,0,0,0.0,0.0716845728389609,nan,0.22015431585048917
3.7,full+plan,swap,0.08412302335508993,0.30759486029249505,0,0,yield,0,0.05571684785708769,0.1136649244274907,8,1,840,0,0,0,0.0,0.08016804189536605,nan,0.22464213651741194
3.75,full+plan,swap,0.08180641425004659,0.3171191879612499,0,0,yield,0,0.059468601687376194,0.11818649156865564,8,1,840,0,0,0,0.0,0.08826351614023792,nan,0.22944094275872862
3.8000000000000003,full+plan,swap,0.0800940732551408,0.3256154429548649,0,0,yield,0,0.06262144520196944,0.1228297738537442,8,1,840,0,0,0,0.0,0.09555591348382192,nan,0.23331171976722553
3.85,full+plan,swap,0.07872728475985415,0.3331632223419866,0,0,yield,0,0.06579803933746742,0.1266101084833572,8,1,840,0,0,0,0.0,0.10246907123546539,nan,0.23691792917684362
3.9000000000000004,full+plan,swap,0.07774657199681809,0.3398477303368678,0,0,yield,0,0.0692172350631956,0.13005356683881886,7,1,840,0,0,0,0.0,0.10811473159172816,nan,0.2400178422846414
3.95,full+plan,swap,0.07702158378958071,0.34574589615335577,0,0,yield,0,0.07266822089774663,0.13298973768668065,7,1,840,0,0,0,0.0,0.11288239753900431,nan,0.24271018432032088
4.0,full+plan,swap,0.07648121314839033,0.3510180668835778,0,0,yield,0,0.07611457660796939,0.13551114604472275,7,1,840,0,0,0,0.0,0.11728518217096447,nan,0.24506892800711733
4.05,full+plan,swap,0.07607704693581907,0.35565143300507607,0,0,yield,0,0.07936306117794344,0.1376895358229659,7,1,840,0,0,0,0.0,0.12096957518405958,nan,0.24715033584111523
4.1000000000000005,full+plan,swap,0.07577465441177827,0.35971861360010926,0,0,yield,0,0.08237491399859119,0.13958118024174865,7,1,840,0,0,0,0.0,0.1242354747336233,nan,0.24899798237997472
4.15,full+plan,swap,0.07554883104172,0.3632857386803565,0,0,yield,0,0.08513562207224122,0.1412308483954789,7,1,840,0,0,0,0.0,0.12721172073558354,nan,0.2506462580097494
4.2,full+plan,swap,0.07538080066450675,0.36641237973257945,0,0,yield,0,0.08764559598154585,0.14267467529556066,7,1,840,0,0,0,0.0,0.12914488456484183,nan,0.25212280808666343
4.25,full+plan,swap,0.07525643851886697,0.3691517713653828,0,0,yield,0,0.08883165825895777,0.14394222751054314,7,1,840,0,0,0,0.0,0.13090297131152898,nan,0.2534502387622991
4.3,full+plan,swap,0.07516506567917668,0.371551202837332,0,0,yield,0,0.08936699570491057,0.14505799621026316,7,1,840,0,0,0,0.0,0.13250435791826773,nan,0.2546473196748621
4.3500000000000005,full+plan,swap,0.07509859040968822,0.37365249694371083,0,0,yield,0,0.08983558413859115,0.14604248617856064,7,1,840,0,0,0,0.0,0.13395354014824837,nan,0.25572984113521235
4.4,full+plan,swap,0.07505087703284834,0.37549252170844777,0,0,yield,0,0.09024419978502567,0.14691301989803435,7,1,840,0,0,0,0.0,0.13525858970013924,nan,0.2567112336946774
4.45,full+plan,swap,0.07501727347284545,0.37710370015055034,0,0,yield,0,0.09059952130985442,0.14768434022182364,7,1,840,0,0,0,0.0,0.13642950553010566,nan,0.25760302357628706
4.5,full+plan,swap,0.0749942541767221,0.37851449726599934,0,0,yield,0,0.09090785256107774,0.14836906974906217,7,1,840,0,0,0,0.0,0.13747957169403366,nan,0.2584151740130062
4.55,full+plan,swap,0.07497914905181133,0.3797520610120888,0,0,yield,0,0.09117498329349553,0.14897806730541896,7,1,840,0,0,0,0.0,0.13842057122338705,nan,0.25915634655145225
4.6000000000000005,full+plan,swap,0.07496993738542446,0.38083889703108226,0,0,yield,0,0.09140613537945495,0.14952070963097314,7,1,840,0,0,0,0.0,0.13926297347068858,nan,0.2598341053247203
4.65,full+plan,swap,0.07496509114118502,0.3817938703580596,0,0,yield,0,0.0916059603580092,0.1499692950943547,7,1,840,0,0,0,0.0,0.1400168345915516,nan,0.26045508013020713
4.7,full+plan,swap,0.07496345587260421,0.3826335972525443,0,0,yield,0,0.09177856588341725,0.15013310176240108,7,1,840,0,0,0,0.0,0.14069162839762925,nan,0.26102509900975635
4.75,full+plan,swap,0.07496416028210881,0.38337271005503337,0,0,yield,0,0.09192755723306321,0.15027460975548926,7,1,840,0,0,0,0.0,0.1412961575611779,nan,0.26154929786273573
4.800000000000001,full+plan,swap,0.07496654759282474,0.3840240919464499,0,0,yield,0,0.09205608502062439,0.15039674424713703,7,1,840,0,0,0,0.0,0.1418385171623872,nan,0.2620322122508968
4.8500000000000005,full+plan,swap,0.07497012350138038,0.38459908361095974,0,0,yield,0,0.09216689407775029,0.04291208581672766,9,1,841,0,0,0,0.0,0.1417404716850875,nan,0.2631652816815223
4.9,full+plan,swap,0.07497236836189726,0.3851076637089131,0,0,yield,0,0.09242345616215174,0.04387322643700366,9,1,841,0,0,0,0.0,0.14172631503913388,nan,0.2629259452005289
4.95,full+plan,swap,0.07500884443768575,0.385558604987572,0,0,yield,0,0.0927426384169998,0.044700348134190104,9,1,841,0,0,0,0.0,0.1417663497853609,nan,0.26271343648415046
5.0,full+plan,swap,0.07506278371461558,0.38595960766903603,0,0,yield,0,0.09309332002833363,0.04541374861495494,9,1,841,0,0,0,0.0,0.14184201364501342,nan,0.26252398818631917
5.050000000000001,full+plan,swap,0.07512467993874512,0.38631741173690143,0,0,yield,0,0.0934532460295686,0.04602990960506602,9,1,841,0,0,0,0.0,0.1419412433232005,nan,0.26235425176008
5.1000000000000005,full+plan,swap,0.07518898816865253,0.3866378897240718,0,0,yield,0,0.09380721713259559,0.046562549102588974,9,1,841,0,0,0,0.0,0.15938990403256903,nan,0.26063035246162725
5.15,full+plan,swap,0.10289881737000608,0.3691051815136056,0,0,yield,0,0.09929555771305996,0.14757082575608882,7,1,840,0,0,0,0.0,0.14480038330669778,nan,0.25625240173748776
5.2,full+plan,swap,0.13335490093802782,0.3237364308804227,0,0,yield,0,0.10246763521078393,0.1453720423813376,8,1,840,0,0,0,0.0,0.1336716784217108,nan,0.25547881174452314
5.25,full+plan,swap,0.16345441756016463,0.284375262019798,0,0,yield,0,0.09943701442552703,0.15130407497426146,10,1,840,0,0,0,0.0,0.12570779552319364,nan,0.2567621649463082
5.300000000000001,full+plan,swap,0.19149942052166516,0.2502552742518721,0,0,yield,0,0.09307395791958072,0.16218448371775301,12,1,840,0,0,0,0.0,0.11869195467248805,nan,0.2574328758495473
5.3500000000000005,full+plan,swap,0.21599116350739203,0.2193104153621072,0,0,yield,0,0.08599742707957674,0.15904939290924675,12,1,840,0,0,0,0.0,0.11281467082053488,nan,0.25784762307123
5.4,full+plan,swap,0.2374300391280812,0.19199642661808097,0,0,yield,0,0.07999472718821259,0.15055211599773743,11,1,840,0,0,0,0.0,0.10832132682769093,nan,0.25814572885436815
5.45,full+plan,swap,0.256204293445701,0.16819957897155727,0,0,yield,0,0.07513707234601755,0.14576338014004842,10,1,840,0,0,0,0.0,0.10508776681862186,nan,0.25836087144972886
5.5,full+plan,swap,0.27264987154533676,0.1474531837132813,0,0,yield,0,0.07111621753123082,0.14350817934413257,9,1,840,0,0,0,0.0,0.10226744951710416,nan,0.2585170871799448
5.550000000000001,full+plan,swap,0.28705627641644144,0.129353692787358,0,0,yield,0,0.06777838935889655,0.14221281794228002,9,1,840,0,0,0,0.0,0.10032077801531028,nan,0.258631848291791
5.6000000000000005,full+plan,swap,0.2996754295585237,0.11355399386211273,0,0,yield,0,0.0649975749636745,0.14019470943830314,9,1,840,0,0,0,0.0,0.09903118093806601,nan,0.2585555101644724
5.65,full+plan,swap,0.31072770014153694,0.09975566236731424,0,0,yield,0,0.06267276434527602,0.13940513801681056,8,1,840,0,0,0,0.0,0.09804169849626303,nan,0.2571212814193199
5.7,full+plan,swap,0.32040967576655477,0.08770175771176918,0,0,yield,0,0.0607049378081298,0.13947665677460933,8,1,840,0,0,0,0.0,0.09927060556987363,nan,0.25753265474531417
5.75,full+plan,swap,0.32893758897612946,0.080664554925299,0,0,yield,0,0.06311124266547283,0.13994908069516762,8,1,840,0,0,0,0.0,0.10435492613403476,nan,0.2590262965646667
5.800000000000001,full+plan,swap,0.3363967878635584,0.07907477010821624,0,0,yield,0,0.06827388269015938,0.14190591000069816,8,1,840,0,0,0,0.0,0.10913388133520124,nan,0.2590947461668388
5.8500000000000005,full+plan,swap,0.34291977490618875,0.07824016050061444,0,0,yield,0,0.07309299393182989,0.14438168942973226,7,1,840,0,0,0,0.0,0.11345938507073801,nan,0.25915122626619913
5.9,full+plan,swap,0.3486233241163808,0.07760742329801182,0,0,yield,0,0.07736144169005377,0.14645500440816245,7,1,840,0,0,0,0.0,0.11734129117027334,nan,0.25920001029409423
5.95,full+plan,swap,0.3536101161098242,0.0771213991494656,0,0,yield,0,0.08113144993479264,0.14820244642248562,7,1,840,0,0,0,0.0,0.12071695836298034,nan,0.25924422028306593
6.0,full+plan,swap,0.3579702583528876,0.07674385520983222,0,0,yield,0,0.08445482198700326,0.14968447197455195,7,1,840,0,0,0,0.0,0.12367243637330941,nan,0.25928607832473627
6.050000000000001,full+plan,swap,0.361782695431361,0.07644774083789713,0,0,yield,0,0.08738064124519927,0.150948795647655,7,1,840,0,0,0,0.0,0.1262980769320881,nan,0.2593271146355426
6.1000000000000005,full+plan,swap,0.36511650545373264,0.07621353643968153,0,0,yield,0,0.08891078512967908,0.15203318758073736,7,1,840,0,0,0,0.0,0.12862435399929678,nan,0.2593683362886151
6.15,full+plan,swap,0.3680320788650487,0.07602690500554363,0,0,yield,0,0.0893703109197828,0.15296769891203868,7,1,840,0,0,0,0.0,0.13068116913213015,nan,0.25941036151438823
6.2,full+plan,swap,0.3705821793591814,0.07587715491922531,0,0,yield,0,0.08978814469817036,0.15377639987250277,7,1,840,0,0,0,0.0,0.1324973854409971,nan,0.2594535831890886
6.25,full+plan,swap,0.37281335792677417,0.07575621213688152,0,0,yield,0,0.09016394286733696,0.15447872279720234,7,1,840,0,0,0,0.0,0.13410214855280733,nan,0.2594983376400096
6.300000000000001,full+plan,swap,0.37476846249442197,0.07565791681248725,0,0,yield,0,0.09049906339137863,0.15509049286831536,7,1,840,0,0,0,0.0,0.13551931322156388,nan,0.25954421256790294
6.3500000000000005,full+plan,swap,0.3764822519210049,0.07557753063462368,0,0,yield,0,0.09079590680425685,0.15562471591380778,7,1,840,0,0,0,0.0,0.13677060534529709,nan,0.2595907716485498
6.4,full+plan,swap,0.3779851868493502,0.07551138421357548,0,0,yield,0,0.09105744874551107,0.1560921792414541,7,1,840,0,0,0,0.0,0.13787565981418973,nan,0.2596375678230479
6.45,full+plan,swap,0.3793039661567909,0.07545661990634771,0,0,yield,0,0.09128691615332656,0.1565019098297891,7,1,840,0,0,0,0.0,0.13885211923740443,nan,0.2596841515104359
6.5,full+plan,swap,0.38046199602946906,0.07541100129994883,0,0,yield,0,0.0914875698268121,0.15686152448406926,7,1,840,0,0,0,0.0,0.13971576514595818,nan,0.25973007514047
6.550000000000001,full+plan,swap,0.3814797993026989,0.07537277032004333,0,0,yield,0,0.09166256452106468,0.15717749857583113,7,1,840,0,0,0,0.0,0.140480663125888,nan,0.25977489523657316
6.6000000000000005,full+plan,swap,0.3823753716944573,0.07534053902307576,0,0,yield,0,0.09181486460988862,0.15745537359794326,7,1,840,0,0,0,0.0,0.14115930976399635,nan,0.2598181731458852
6.65,full+plan,swap,0.38316449070142977,0.07531320705518983,0,0,yield,0,0.09194719859623406,0.15769991883781354,7,1,840,0,0,0,0.0,0.1417627734288764,nan,0.2598594754916538
6.7,full+plan,swap,0.38386098207316627,0.0752898983366936,0,0,yield,0,0.09206204008092277,0.15791525860640188,7,1,840,0,0,0,0.0,0.1423008238838538,nan,0.25989837541650884
6.75,full+plan,swap,0.3844769482349196,0.07526991227887635,0,0,yield,0,0.09216160620849338,0.15810497352972422,7,1,840,0,0,0,0.0,0.1427820477830891,nan,0.259934455736721
6.800000000000001,full+plan,swap,0.38502296252286267,0.07525268606458173,0,0,yield,0,0.09224786713908621,0.1582721821114803,7,1,840,0,0,0,0.0,0.14321394865180392,nan,0.2599673151323504
6.8500000000000005,full+plan,swap,0.3855082328989318,0.07523776539540146,0,0,yield,0,0.09232256194223314,0.15841960730457555,7,1,840,0,0,0,0.0,0.14360303147701778,nan,0.2599965784648851
6.9,full+plan,swap,0.38594073885742725,0.07522478174522446,0,0,yield,0,0.09238721780441715,0.1585496314652003,7,1,840,0,0,0,0.0,0.14395487346308894,nan,0.2600219121018593
6.95,full+plan,swap,0.3863273456422343,0.07521343462403342,0,0,yield,0,0.09244317053018451,0.15866434220745415,7,1,840,0,0,0,0.0,0.14427418401968728,nan,0.2600430446556775
7.0,full+plan,swap,0.38667390056100226,0.0752034777172802,0,0,yield,0,0.09249158488814628,0.15876557111577513,7,1,840,0,0,0,0.0,0.14456485866872923,nan,0.26005979282078984
7.050000000000001,full+plan,swap,0.38698531705107736,0.0751947080208009,0,0,yield,0,0.09253347414029493,0.1588549266016537,7,1,840,0,0,0,0.0,0.1448300327900352,nan,0.26007209083783966
7.1000000000000005,full+plan,swap,0.38726565294562637,0.07518695730555558,0,0,yield,0,0.0925697181019499,0.1589338221371433,7,1,840,0,0,0,0.0,0.1314983163432117,nan,0.260793931520252
7.15,full+plan,swap,0.3413203595636616,0.10208001719624328,0,0,yield,0,0.09446569465959546,0.14819711249392328,8,1,840,0,0,0,0.0,0.12241517525618399,nan,0.26098187240782533
7.2,full+plan,swap,0.3007521159031717,0.13242727764614293,0,0,yield,0,0.08545016836685991,0.14253782630238893,8,1,840,0,0,0,0.0,0.11337625581940125,nan,0.26070953646206385
7.25,full+plan,swap,0.26327431401340345,0.16243456885654486,0,0,yield,0,0.0776951344469945,0.14337619915128558,8,1,840,0,0,0,0.0,0.10626840554701089,nan,0.25991651176542685
7.300000000000001,full+plan,swap,0.23029465343842717,0.19060226455998036,0,0,yield,0,0.07210481973957908,0.146695964881714,12,1,840,0,0,0,0.0,0.10131296644654075,nan,0.259070802163596
7.3500000000000005,full+plan,swap,0.20166032603530787,0.21519905742586834,0,0,yield,0,0.06758481882134573,0.1522781964807845,12,1,840,0,0,0,0.0,0.0979386806921599,nan,0.25800545704618305
7.4,full+plan,swap,0.17663898634593383,0.236731466716802,0,0,yield,0,0.06421905133606101,0.15399565465852316,12,1,840,0,0,0,0.0,0.09563157835025098,nan,0.2569355362560731
7.45,full+plan,swap,0.1548299502667799,0.25558871692543295,0,0,yield,0,0.06158242884655474,0.1456677676419995,11,1,840,0,0,0,0.0,0.0942410324088764,nan,0.2559004452508994
7.5,full+plan,swap,0.13580472708960217,0.2721078206866902,0,0,yield,0,0.05947071834731166,0.1400208337934376,11,1,840,0,0,0,0.0,0.09356294607769465,nan,0.25492122918868476
7.550000000000001,full+plan,swap,0.1191956468460427,0.2865792855299225,0,0,yield,0,0.05776879179469266,0.13643454312523434,10,1,840,0,0,0,0.0,0.09279980205268626,nan,0.2540076106117356
7.6000000000000005,full+plan,swap,0.10468775214912067,0.2992559481903338,0,0,yield,0,0.05638742216297166,0.13438535362939225,9,1,840,0,0,0,0.0,0.09243348976457036,nan,0.2531627869809018
7.65,full+plan,swap,0.09201076573176883,0.31035373164046365,0,0,yield,0,0.05523891879777734,0.13276573376936596,9,1,840,0,0,0,0.0,0.09550782893063083,nan,0.25363634312386096
7.7,full+plan,swap,0.08370938304088886,0.32013729216522113,0,0,yield,0,0.05769609704564582,0.13121335958195793,8,1,840,0,0,0,0.0,0.10073056300450932,nan,0.25549837220334515
7.75,full+plan,swap,0.08077492526523428,0.3286974935024089,0,0,yield,0,0.06335222931778067,0.132613897099912,8,1,840,0,0,0,0.0,0.1055136813669771,nan,0.25743876229055507
7.800000000000001,full+plan,swap,0.0792559907921336,0.3361849335263428,0,0,yield,0,0.06841433768132152,0.13468312782530906,8,1,840,0,0,0,0.0,0.10997812078989314,nan,0.2595731720616198
7.8500000000000005,full+plan,swap,0.07835836179014107,0.342732680675066,0,0,yield,0,0.07313020225351699,0.13705454561083416,7,1,840,0,0,0,0.0,0.11400310726169936,nan,0.26131254474174936
7.9,full+plan,swap,0.07768647422261643,0.3484580196006616,0,0,yield,0,0.07732691873732633,0.13903562791691756,7,1,840,0,0,0,0.0,0.11765164201820114,nan,0.2624687914814595
7.95,full+plan,swap,0.07717537691099272,0.35346407013206166,0,0,yield,0,0.08104678503796507,0.1406677403489693,7,1,840,0,0,0,0.0,0.12093175515189172,nan,0.26235943397241457
8.0,full+plan,swap,0.07678123838289229,0.35784130569181677,0,0,yield,0,0.08433520383156538,0.14204508928434537,7,1,840,0,0,0,0.0,0.12386351240454972,nan,0.26225526940542065
8.05,full+plan,swap,0.07647377866490443,0.36166897013615396,0,0,yield,0,0.087236998999327,0.14321655253122342,7,1,840,0,0,0,0.0,0.12647286971544738,nan,0.26215749582279735
8.1,full+plan,swap,0.07623158632025533,0.3650163844186794,0,0,yield,0,0.08895770296921977,0.14421849372856543,7,1,840,0,0,0,0.0,0.12878804595055474,nan,0.26206678606577183
8.15,full+plan,swap,0.0760391911988543,0.3679441363655512,0,0,yield,0,0.08939764583952968,0.14507983025063004,7,1,840,0,0,0,0.0,0.13083833806440603,nan,0.2619834845707699
8.200000000000001,full+plan,swap,0.07588520334977716,0.37050606145045206,0,0,yield,0,0.08980260063489535,0.14582364911035323,7,1,840,0,0,0,0.0,0.13265377892873487,nan,0.26190757906505635
8.25,full+plan,swap,0.07576110365422184,0.37275095468801833,0,0,yield,0,0.09017015634375801,0.14646849896665987,7,1,840,0,0,0,0.0,0.1342596535653721,nan,0.261838462361628
8.3,full+plan,swap,0.07566043810793899,0.3747187083604106,0,0,yield,0,0.09050020463923412,0.1470294009749906,7,1,840,0,0,0,0.0,0.1356793976191945,nan,0.2617754805888649
8.35,full+plan,swap,0.07557826684654309,0.3764442810682287,0,0,yield,0,0.09079411295120275,0.14751862903808588,7,1,840,0,0,0,0.0,0.1369344597208572,nan,0.26171795423253774
8.4,full+plan,swap,0.07551077774714392,0.3779583111869397,0,0,yield,0,0.09105413467839345,0.14794630715881918,7,1,840,0,0,0,0.0,0.13804429079355282,nan,0.2616651924161769
8.450000000000001,full+plan,swap,0.07545500921407376,0.37928765334866205,0,0,yield,0,0.09128299633000135,0.1483208647949246,7,1,840,0,0,0,0.0,0.13902640826428286,nan,0.2616165023136984
8.5,full+plan,swap,0.07540864740227736,0.38045584652395215,0,0,yield,0,0.09148361567739664,0.14864938356884064,7,1,840,0,0,0,0.0,0.13989650153433872,nan,0.2615711952726806
8.55,full+plan,swap,0.07536987556341168,0.3814835211941945,0,0,yield,0,0.09165891525637153,0.1489378619098849,7,1,840,0,0,0,0.0,0.14066855682387314,nan,0.2615285911763855
8.6,full+plan,swap,0.07533726072581604,0.3823887521593518,0,0,yield,0,0.09181170468354015,0.1491914179684256,7,1,840,0,0,0,0.0,0.1413549870884953,nan,0.2614880223757582
8.65,full+plan,swap,0.07530966766188973,0.3831873627478351,0,0,yield,0,0.09194461136989694,0.14941444642762503,7,1,840,0,0,0,0.0,0.14196675779698026,nan,0.2614488386113073
8.700000000000001,full+plan,swap,0.07528619310523091,0.383893185542067,0,0,yield,0,0.09206004465253702,0.1496107408781528,7,1,840,0,0,0,0.0,0.14251350305007432,nan,0.2614104142315635
8.75,full+plan,swap,0.07526611517299892,0.3845182843905563,0,0,yield,0,0.09216018245391942,0.14978359039186434,7,1,840,0,0,0,0.0,0.14300362922582951,nan,0.26137215895015176
8.8,full+plan,swap,0.07524885431616073,0.3850731423393882,0,0,yield,0,0.09224697244935286,0.1499358567358672,7,1,840,0,0,0,0.0,0.1434444058002601,nan,0.26133353319349106
8.85,full+plan,swap,0.07523394305719672,0.3855668204183599,0,0,yield,0,0.09232214228086304,0.15007003690623524,7,1,840,0,0,0,0.0,0.14384204500426884,nan,0.261294068555178
8.9,full+plan,swap,0.07522100247372585,0.38600709266438965,0,0,yield,0,0.09238721481872463,0.15018831443747963,7,1,840,0,0,0,0.0,0.14420177412570043,nan,0.2612533932093354
8.950000000000001,full+plan,swap,0.07520972386588744,0.38640056363425035,0,0,yield,0,0.09244352599902426,0.15029260201420958,7,1,840,0,0,0,0.0,0.1445279058414171,nan,0.26121126094040614
9.0,full+plan,swap,0.0751998544318933,0.3867527753230891,0,0,yield,0,0.09249224340339827,0.15038457725170076,7,1,840,0,0,0,0.0,0.14482391316335122,nan,0.26116758116871297
9.05,full+plan,swap,0.07519118604182425,0.38706831090623994,0,0,yield,0,0.09253438456245854,0.1504657130376003,7,1,840,0,0,0,0.0,0.14509251552841052,nan,0.2611224458197442
9.1,full+plan,swap,0.07518354642026644,0.3873509022624524,0,0,escalate,0,0.09257083420900235,0.1505373034997333,7,1,840,0,0,0,0.0,0.1305385101605646,nan,0.258761050764147
9.15,full+plan,swap,0.08422746282192968,0.3583553803709377,0,0,escalate,0,0.09477419205628039,0.147324952603691,7,1,840,0,0,0,0.0,0.1181618854874397,nan,0.2562557172836101
9.200000000000001,full+plan,swap,0.09317153614507682,0.33323531785972244,0,0,escalate,0,0.0839214383790851,0.1449423437461514,8,1,840,0,0,0,0.0,0.10619420135151234,nan,0.2535288332182767
9.25,full+plan,swap,0.10171230903943082,0.3116340107968867,0,0,escalate,0,0.07507847560798153,0.14346931350979442,9,1,840,0,0,0,0.0,0.09639288000671692,nan,0.2506849875677225
9.3,full+plan,swap,0.1095872728057185,0.29309197022638245,0,0,escalate,0,0.06719327413652076,0.14270358445898482,10,1,840,0,0,0,0.0,0.08837060316093825,nan,0.24783617238497324
9.35,full+plan,swap,0.11681205683115799,0.2771661851621061,0,0,escalate,0,0.06072885359595789,0.14255062429620435,10,1,840,0,0,0,0.0,0.08162410385351579,nan,0.24492860655861237
9.4,full+plan,swap,0.12331660526946224,0.26338017436515476,0,0,escalate,0,0.05542011658531529,0.14293892200987812,10,1,840,0,0,0,0.0,0.07604043568435562,nan,0.2419325402003244
9.450000000000001,full+plan,swap,0.12914294628329964,0.2514617513472192,0,0,escalate,0,0.05108762279981513,0.14377569358715347,10,1,840,0,0,0,0.0,0.07149026339603719,nan,0.23878833010639122
9.5,full+plan,swap,0.1343388641849219,0.24113956052254537,0,0,escalate,0,0.047564914398387365,0.14503561382929106,10,1,840,0,0,0,0.0,0.06789790741940421,nan,0.23544839590482336
9.55,full+plan,swap,0.13894121611889998,0.2321822666631866,0,0,escalate,0,0.04473115016284815,0.13914256338024705,10,1,840,0,0,0,0.0,0.06475281584155593,nan,0.23186915551255305
9.600000000000001,full+plan,swap,0.1429757723411959,0.22440305170365282,0,0,escalate,0,0.04251288533798808,0.13284093325684793,10,1,840,0,0,0,0.0,0.06042895991349496,nan,0.22802149245754688
9.65,full+plan,swap,0.1464573458386245,0.21766199996087868,0,0,escalate,0,0.04088162750397753,0.12678076787312287,10,1,840,0,0,0,0.0,0.05670146667293658,nan,0.22392226508028334
9.700000000000001,full+plan,swap,0.14938983322941893,0.21187391684629314,0,0,escalate,0,0.039851482045505704,0.12086207223984337,10,1,840,0,0,0,0.0,0.053031088842938265,nan,0.21969400660345284
9.75,full+plan,swap,0.1517696022525458,0.20700827039770156,0,0,escalate,0,0.03945367764275279,0.11508260164139646,10,1,840,0,0,0,0.0,0.04907025068463265,nan,0.215778240030447
9.8,full+plan,swap,0.15373235645131164,0.20173857328612474,0,0,escalate,0,0.03829047364902488,0.10928712572153827,10,1,840,0,0,0,0.0,0.04645850743660728,nan,0.21104190513469556
9.850000000000001,full+plan,swap,0.1552371332202191,0.1968290100881199,0,0,escalate,0,0.03783370028581398,0.10309217596286606,10,1,840,0,0,0,0.0,0.045535824323793196,nan,0.20578551133660772
9.9,full+plan,swap,0.15614120230535375,0.1921195884295339,0,0,escalate,0,0.03726657956569464,0.09653174792526427,10,1,840,0,0,0,0.0,0.0468128351255436,nan,0.20072406128606024
9.950000000000001,full+plan,swap,0.15641062160960542,0.1875138100909221,0,0,escalate,0,0.0368042354091193,0.09019934972459616,10,1,840,0,0,0,0.0,0.04964833926863733,nan,0.19655631328916934
10.0,full+plan,swap,0.15611389303130616,0.18288064702258428,0,0,escalate,0,0.03649378498161861,0.08470393059022403,10,1,840,0,0,0,0.0,0.05280804847963822,nan,0.1931446607798052
10.05,full+plan,swap,0.15530310316549992,0.17800433385941092,0,0,escalate,0,0.03634375405780747,0.07993084143962013,10,1,840,0,0,0,0.0,0.05680007609655726,nan,0.1902695589886515
10.100000000000001,full+plan,swap,0.15394411156556403,0.17264929727145595,0,0,escalate,0,0.03625866089424361,0.07585849014628435,10,1,840,0,0,0,0.0,0.06245521410116215,nan,0.18766019017730018
10.15,full+plan,swap,0.15189745362670504,0.16668322918427725,0,0,escalate,0,0.03611340918542398,0.07256484374616658,11,1,840,0,0,0,0.0,0.0625504606828692,nan,0.18511038300743532
10.200000000000001,full+plan,swap,0.14895312216779827,0.160118059029532,0,0,escalate,0,0.03598767200181188,0.06988835179554725,10,1,840,0,0,0,0.0,0.06272018479113635,nan,0.18257111388753466
10.25,full+plan,swap,0.14493396058711977,0.15305669967213625,0,0,escalate,0,0.03601758237748348,0.0679154370270845,11,1,840,0,0,0,0.0,0.06431785990422952,nan,0.18101765418986326
10.3,full+plan,swap,0.14009277488908242,0.1453235248781688,0,0,escalate,0,0.03582290919359271,0.06704476301046536,11,1,840,0,0,0,0.0,0.06712870225867981,nan,0.18099880660532708
10.350000000000001,full+plan,swap,0.13458243838938141,0.13939031420344314,0,0,escalate,0,0.035581219790654955,0.0678355984796324,11,1,840,0,0,0,0.0,0.07104843262390297,nan,0.18210158349756667
10.4,full+plan,swap,0.12931529000203618,0.13478559550638056,0,0,escalate,0,0.035551780046589015,0.06982100335019768,12,1,840,0,0,0,0.0,0.0735904236306541,nan,0.18407267621096624
10.450000000000001,full+plan,swap,0.12423749625584102,0.13090436210603576,0,0,escalate,0,0.03551321207248259,0.07264553037544111,12,1,840,0,0,0,0.0,0.07468400408219485,nan,0.18695989186205286
10.5,full+plan,swap,0.11917124681238656,0.12735213538181014,0,0,escalate,0,0.035375452461598816,0.07650908404962309,13,1,840,0,0,0,0.0,0.07484691616373283,nan,0.1903473040982856
10.55,full+plan,swap,0.11426530052847636,0.12401507361709689,0,0,escalate,0,0.03532803743776969,0.08088892483451816,14,1,840,0,0,0,0.0,0.07136854864800198,nan,0.19410975475178838
10.600000000000001,full+plan,swap,0.10999132678074029,0.120871321847184,0,0,escalate,0,0.03541847824714345,0.08560724715408428,14,1,840,0,0,0,0.0,0.06727793105731321,nan,0.1982567128479914
10.65,full+plan,swap,0.11008552701812774,0.11797094922127817,0,0,escalate,0,0.03469167684180331,0.09057521316913959,14,1,840,0,0,0,0.0,0.06675341604755003,nan,0.2013780539156581
10.700000000000001,full+plan,swap,0.11005850344055113,0.11557382035456934,0,0,escalate,0,0.033851919285930024,0.09460875189492103,14,1,840,0,0,0,0.0,0.06481934340361287,nan,0.20416978846248013
10.75,full+plan,swap,0.10989908981271049,0.1138692152372779,0,0,escalate,0,0.033094154299914205,0.09816325034799696,14,1,840,0,0,0,0.0,0.06375398767834957,nan,0.20626218686018027
10.8,full+plan,swap,0.10994560010565461,0.11248172077161549,0,0,escalate,0,0.03258952730594129,0.10099078281901137,14,1,840,0,0,0,0.0,0.0629768895997849,nan,0.20799402147600843
10.850000000000001,full+plan,swap,0.10997632171853257,0.11140573111383577,0,0,escalate,0,0.03216446990754847,0.10337717093985117,14,1,840,0,0,0,0.0,0.06237852274581923,nan,0.20943952013628075
10.9,full+plan,swap,0.10998441500848222,0.11056941631318316,0,0,escalate,0,0.03180564974384335,0.10540281714269602,14,1,840,0,0,0,0.0,0.061906849871296465,nan,0.21065003332186516
10.950000000000001,full+plan,swap,0.10997477194458197,0.10991670256235934,0,0,escalate,0,0.03150447690227316,0.10712825474359437,13,1,840,0,0,0,0.0,0.06152877050584845,nan,0.21166650396705344
11.0,full+plan,swap,0.10995173273969978,0.10940635521788183,0,0,escalate,0,0.03125267655746848,0.10860305491085044,13,1,840,0,0,0,0.0,0.06122213816503458,nan,0.2125218725873409
11.05,full+plan,swap,0.10991874303854961,0.10900721290949598,0,0,escalate,0,0.031042663085909347,0.10986780018894803,13,1,840,0,0,0,0.0,0.060971471817575014,nan,0.21324292166458003
11.100000000000001,full+plan,swap,0.10987850558829507,0.10869529886670481,0,0,escalate,0,0.03086774515115577,0.1109558604261879,13,1,840,0,0,0,0.0,0.06076548938002326,nan,0.21385164971517445
11.15,full+plan,swap,0.10983315409223686,0.10845198040000265,0,0,escalate,0,0.030722163823322587,0.11189483806952298,13,1,840,0,0,0,0.0,0.060595667458900875,nan,0.2143662731983046
11.200000000000001,full+plan,swap,0.1097843875385824,0.108262696456335,0,0,escalate,0,0.030601037824731045,0.11270769214345568,13,1,840,0,0,0,0.0,0.06045537962582114,nan,0.21480196444780064
11.25,full+plan,swap,0.10973356495383045,0.10811602682487977,0,0,escalate,0,0.03050026765343307,0.1134136063545672,13,1,840,0,0,0,0.0,0.06033936310230698,nan,0.21517140861188977
11.3,full+plan,swap,0.1096817724416409,0.10800298972290162,0,0,escalate,0,0.030416428719389835,0.11402866588685136,13,1,840,0,0,0,0.0,0.06024337395835774,nan,0.21548523580380674
11.350000000000001,full+plan,swap,0.10962987246326776,0.10791650403005858,0,0,escalate,0,0.03034666868762885,0.11456639287299512,13,1,840,0,0,0,0.0,0.06016395380980084,nan,0.21575236505976847
11.4,full+plan,swap,0.10957854214351752,0.10785097461656154,0,0,escalate,0,0.030288615481851758,0.11503817665193576,13,1,840,0,0,0,0.0,0.060098264302213975,nan,0.21598028369420919
11.450000000000001,full+plan,swap,0.10952830434770944,0.1078019715020066,0,0,escalate,0,0.03024029777355948,0.11545362413923908,13,1,840,0,0,0,0.0,0.06004396484049196,nan,0.21617527750879073
11.5,full+plan,swap,0.10947955367418769,0.10776598093668269,0,0,escalate,0,0.030200077613422402,0.11582084812789199,13,1,840,0,0,0,0.0,0.05999911922422884,nan,0.21634262244601843
11.55,full+plan,swap,0.10943257857989634,0.10774021173454831,0,0,escalate,0,0.03016659397249795,0.11614670644206705,13,1,840,0,0,0,0.0,0.05996212245783662,nan,0.21648674510121457
11.600000000000001,full+plan,swap,0.10938758030444168,0.10772244417787594,0,0,escalate,0,0.0301387157042161,0.11643700135612804,13,1,840,0,0,0,0.0,0.0599316421795958,nan,0.21661135763430106
11.65,full+plan,swap,0.10934468900247982,0.10771091181194442,0,0,escalate,0,0.03011550247412055,0.11669664647466867,13,1,840,0,0,0,0.0,0.05990657146190542,nan,0.2167195714435396
11.700000000000001,full+plan,swap,0.10930397756176824,0.10770420852597716,0,0,escalate,0,0.030096172357658033,0.11692980679597458,13,1,840,0,0,0,0.0,0.05988599008735938,nan,0.216813992951694
11.75,full+plan,swap,0.10926547323492386,0.10770121540472476,0,0,escalate,0,0.030080074977254442,0.11714001635856121,13,1,840,0,0,0,0.0,0.059869132766475514,nan,0.21689680433750536
11.8,full+plan,swap,0.10922916742160062,0.10770104288213603,0,0,escalate,0,0.030066669233615798,0.11733027715397383,13,1,840,0,0,0,0.0,0.059855362999743984,nan,0.21696983164029404
11.850000000000001,full+plan,swap,0.10919502388637674,0.10770298479051213,0,0,escalate,0,0.03005550484128862,0.11750314243743835,13,1,840,0,0,0,0.0,0.05984415130535419,nan,0.21703460205879155
11.9,full+plan,swap,0.10916298549900812,0.10770648186346146,0,0,escalate,0,0.03004620700935408,0.11766078676531704,13,1,840,0,0,0,0.0,0.059835057269513485,nan,0.2170923922527045
11.950000000000001,full+plan,swap,0.10913297981681844,0.1077110925558661,0,0,escalate,0,0.03003846372830092,0.11780506503237802,14,1,840,0,0,0,0.0,0.059827714647362994,nan,0.21714426896741867
12.0,full+plan,swap,0.10910492363830084,0.10771646968812323,0,0,escalate,0,0.03003201521337727,0.11793756216660599,14,1,840,0,0,0,0.0,0.0598218188419578,nan,0.21719112316172262
12.05,full+plan,swap,0.10907872662442718,0.10772234177947117,0,0,escalate,0,0.030026645134063376,0.11805963494602102,14,1,840,0,0,0,0.0,0.05981711670299882,nan,0.21723369875369924
12.100000000000001,full+plan,swap,0.10905429428083316,0.10772849794656743,0,0,escalate,0,0.03002217332633904,0.11817244729384364,14,1,840,0,0,0,0.0,0.05981339783717183,nan,0.21727261668685272
12.15,full+plan,swap,0.10903153022795241,0.10773477585030229,0,0,escalate,0,0.03001844973217195,0.11827699992651751,14,1,840,0,0,0,0.0,0.05981048744720817,nan,0.21730839518059286
12.200000000000001,full+plan,swap,0.1090103380149677,0.10774105193936671,0,0,escalate,0,0.030015349359913443,0.11837415539489839,14,1,840,0,0,0,0.0,0.059808240477319946,nan,0.21734146671793309
12.25,full+plan,swap,0.10899062254049631,0.10774723354240784,0,0,escalate,0,0.03001276809167451,0.11846465918565204,14,1,840,0,0,0,0.0,0.059806536504217085,nan,0.21737219223270843
12.3,full+plan,swap,0.10897229104118465,0.10775325258783343,0,0,escalate,0,0.030010619193277285,0.11854915745309806,14,1,840,0,0,0,0.0,0.05980527574691723,nan,0.21740087307072387
12.350000000000001,full+plan,swap,0.10895525390660703,0.10775906042540202,0,0,escalate,0,0.03000883041054163,0.11862821204784162,14,1,840,0,0,0,0.0,0.05980437547654321,nan,0.21742776091577343
12.4,full+plan,swap,0.10893942516130278,0.10776462376175958,0,0,escalate,0,0.030007341550449276,0.11870231310176234,14,1,840,0,0,0,0.0,0.05980376723053365,nan,0.21745306615885218
12.450000000000001,full+plan,swap,0.10892472285025623,0.10776992130251342,0,0,escalate,0,0.030006102468040405,0.11877188970843645,14,1,840,0,0,0,0.0,0.059803394429938456,nan,0.21747696488928392
12.5,full+plan,swap,0.10891106925818478,0.10777494106708477,0,0,escalate,0,0.030005071389469354,0.11883731894134288,14,1,840,0,0,0,0.0,0.059803210322660644,nan,0.21749960467870333
12.55,full+plan,swap,0.10889839097524434,0.10777967827581834,0,0,escalate,0,0.030004213514864417,0.11889893339576336,14,1,840,0,0,0,0.0,0.0598031763525886,nan,0.21752110945027947
12.600000000000001,full+plan,swap,0.10888661891858409,0.10778413361709743,0,0,escalate,0,0.030003499855005958,0.11895702761539083,14,1,840,0,0,0,0.0,0.05980326080275231,nan,0.21754158356723774
12.65,full+plan,swap,0.1088756883005069,0.10778831184725757,0,0,escalate,0,0.0300029062620928,0.1190118635507836,14,1,840,0,0,0,0.0,0.05980343760588142,nan,0.21756111516774135
12.700000000000001,full+plan,swap,0.10886553849354286,0.10779222072472197,0,0,escalate,0,0.03000241262190105,0.11906367509764289,14,1,840,0,0,0,0.0,0.05980368537464273,nan,0.21757977897416525
12.75,full+plan,swap,0.10885611288911026,0.10779587014001785,0,0,escalate,0,0.0300020021808617,0.11911267197702206,14,1,840,0,0,0,0.0,0.059803986599972,nan,0.2175976386313322
12.8,full+plan,swap,0.10884735872904054,0.10779927143829932,0,0,escalate,0,0.03000166098549094,0.11915904302160214,14,1,840,0,0,0,0.0,0.0598043270772226,nan,0.21761474866052632
12.850000000000001,full+plan,swap,0.10883922695583366,0.10780243683748977,0,0,escalate,0,0.030001377415328948,0.11920295898337945,14,1,840,0,0,0,0.0,0.059804695177982425,nan,0.21763115601773209
12.9,full+plan,swap,0.10883167195252574,0.10780537909243482,0,0,escalate,0,0.030001141793223426,0.1192445748421787,14,1,840,0,0,0,0.0,0.059805081582702646,nan,0.21764690147924404
12.950000000000001,full+plan,swap,0.10882465141757072,0.10780811108844132,0,0,escalate,0,0.030000946061438175,0.11928403187454446,14,1,840,0,0,0,0.0,0.059805478727193905,nan,0.2176620206919181
13.0,full+plan,swap,0.10881812610389444,0.10781064567329354,0,0,escalate,0,0.030000783510929455,0.11932145931282563,14,1,840,0,0,0,0.0,0.05980588058922224,nan,0.21767654509796797
13.05,full+plan,swap,0.10881205966164678,0.10781299542920884,0,0,escalate,0,0.030000648556335843,0.11935697581769673,14,1,840,0,0,0,0.0,0.059806282385409075,nan,0.21769050267291312
13.100000000000001,full+plan,swap,0.10880641843097626,0.10781517256125889,0,0,escalate,0,0.030000536548223752,0.11939069071518628,14,1,840,0,0,0,0.0,0.059806680380899105,nan,0.21770391855345805
13.15,full+plan,swap,0.10880117127340162,0.10781718878765056,0,0,escalate,0,0.030000443616765696,0.11942270507424128,14,1,840,0,0,0,0.0,0.05980707162132036,nan,0.21771681550124178
13.200000000000001,full+plan,swap,0.10879628935886317,0.1078190553190976,0,0,escalate,0,0.030000366541257997,0.11945311257519957,14,1,840,0,0,0,0.0,0.05980745389475103,nan,0.21772921435751813
13.25,full+plan,swap,0.10879174604657676,0.10782078276706389,0,0,escalate,0,0.03000030264180524,0.11948200034032065,14,1,840,0,0,0,0.0,0.05980782551825039,nan,0.21774113434151265
13.3,full+plan,swap,0.10878751669162971,0.10782238116455646,0,0,escalate,0,0.030000249688685962,0.11950944956609634,14,1,840,0,0,0,0.0,0.05980818528298992,nan,0.21775259334779407
13.350000000000001,full+plan,swap,0.10878357851726739,0.10782385993790142,0,0,escalate,0,0.0300002058271175,0.11953553613735117,14,1,840,0,0,0,0.0,0.059808532370013205,nan,0.2177636081539528
13.4,full+plan,swap,0.1087799104684339,0.10782522791617004,0,0,escalate,0,0.030000169514428146,0.11956033111028834,14,1,840,0,0,0,0.0,0.059808866192000154,nan,0.21777419458719238
13.450000000000001,full+plan,swap,0.10877649306127464,0.1078264933744897,0,0,escalate,0,0.030000139467704592,0.11958390114355015,14,1,840,0,0,0,0.0,0.059809186494303244,nan,0.21778436770200582
13.5,full+plan,swap,0.10877330831095725,0.10782766399126985,0,0,escalate,0,0.030000114620423277,0.11960630891382858,14,1,840,0,0,0,0.0,0.05980949314793586,nan,0.21779414185827084
13.55,full+plan,swap,0.10877033956568828,0.10782874693551034,0,0,escalate,0,0.030000094085972553,0.11962761341507257,14,1,840,0,0,0,0.0,0.05980978620560451,nan,0.21780353083711745
13.600000000000001,full+plan,swap,0.10876757143686906,0.107829748852093,0,0,escalate,0,0.030000077127568817,0.11964787027519318,14,1,840,0,0,0,0.0,0.05981006580665205,nan,0.2178125478875067
13.65,full+plan,swap,0.10876498967649413,0.1078306759179454,0,0,escalate,0,0.030000063133019214,0.11966713199024386,14,1,840,0,0,0,0.0,0.05981033221406155,nan,0.21782120581866915
13.700000000000001,full+plan,swap,0.10876258111574114,0.10783153383906979,0,0,escalate,0,0.0300000515938542,0.11968544819119169,14,1,840,0,0,0,0.0,0.05981058576467654,nan,0.21782951702008757
13.75,full+plan,swap,0.10876033356798374,0.1078323278920942,0,0,escalate,0,0.030000042087831122,0.11970286582148452,14,1,840,0,0,0,0.0,0.05981082682757617,nan,0.21783749350929937
13.8,full+plan,swap,0.10875823574822926,0.10783306296181443,0,0,escalate,0,0.03000003426442309,0.11971942933709857,14,1,840,0,0,0,0.0,0.05981105579947356,nan,0.21784514693438506
13.850000000000001,full+plan,swap,0.10875627719657079,0.10783374356925501,0,0,escalate,0,0.030000027832713674,0.11973518084101863,14,1,840,0,0,0,0.0,0.059811273133974004,nan,0.21785248863922135
13.9,full+plan,swap,0.10875444824184284,0.10783437386960305,0,0,escalate,0,0.030000022551397568,0.11975016028302331,14,1,840,0,0,0,0.0,0.05981147927668002,nan,0.2178595296371294
13.950000000000001,full+plan,swap,0.10875273991117371,0.10783495770998869,0,0,escalate,0,0.030000018220342026,0.11976440554554434,14,1,840,0,0,0,0.0,0.059811674683552134,nan,0.21786628064369273
14.0,full+plan,swap,0.10875114388819498,0.10783549863810622,0,0,escalate,0,0.03000001467365447,0.11977795259166595,14,1,840,0,0,0,0.0,0.05981185983589222,nan,0.21787275209877122
14.05,full+plan,swap,0.10874965247332734,0.10783599991360997,0,0,escalate,0,0.030000011773900534,0.11979083558935895,14,1,840,0,0,0,0.0,0.05981203518861602,nan,0.2178789541432239
14.100000000000001,full+plan,swap,0.10874825851360981,0.10783646455290426,0,0,escalate,0,0.03000000940723775,0.11980308698194382,14,1,840,0,0,0,0.0,0.05981220117926164,nan,0.217884896645424
14.15,full+plan,swap,0.10874695537077002,0.10783689533986429,0,0,escalate,0,0.030000007479435944,0.11981473760709017,14,1,840,0,0,0,0.0,0.05981235826448436,nan,0.21789058919886506
14.200000000000001,full+plan,swap,0.10874573688750445,0.10783729483365022,0,0,escalate,0,0.03000000591255024,0.1198258167731527,14,1,840,0,0,0,0.0,0.0598125068833981,nan,0.2178960411360954
14.25,full+plan,swap,0.108744597350135,0.1078376653906202,0,0,escalate,0,0.030000004642137687,0.1198363523554943,14,1,840,0,0,0,0.0,0.05981264743576628,nan,0.21790126151203537
14.3,full+plan,swap,0.10874353143936014,0.10783800919621599,0,0,escalate,0,0.030000003614940166,0.11984637085087406,14,1,840,0,0,0,0.0,0.05981278034156467,nan,0.21790625912869455
14.350000000000001,full+plan,swap,0.10874253422374698,0.10783832825174672,0,0,escalate,0,0.030000002787001587,0.11985589746802829,14,1,840,0,0,0,0.0,0.05981290599665062,nan,0.21791104253279514
14.4,full+plan,swap,0.1087416011196151,0.10783862440381406,0,0,escalate,0,0.030000002122057903,0.11986495619318062,14,1,840,0,0,0,0.0,0.05981302476802156,nan,0.21791562000767184
14.450000000000001,full+plan,swap,0.10874072785865085,0.10783889936103212,0,0,escalate,0,0.030000001590208922,0.1198735698393799,14,1,840,0,0,0,0.0,0.05981313700087975,nan,0.2179199995794724
14.5,full+plan,swap,0.10873991046648335,0.10783915470469663,0,0,escalate,0,0.030000001166831033,0.1198817601055182,14,1,840,0,0,0,0.0,0.05981324305650025,nan,0.21792418902914334
14.55,full+plan,swap,0.10873914525465626,0.10783939188079227,0,0,escalate,0,0.03000000083167574,0.11988954764260586,14,1,840,0,0,0,0.0,0.059813343262715944,nan,0.21792819589639778
14.600000000000001,full+plan,swap,0.10873842878716425,0.10783961222821214,0,0,escalate,0,0.0300000005681013,0.11989695210815109,14,1,840,0,0,0,0.0,0.05981343792388624,nan,0.2179320274650801
14.65,full+plan,swap,0.10873775785953024,0.10783981698886388,0,0,escalate,0,0.030000000362445753,0.11990399219381452,14,1,840,0,0,0,0.0,0.059813527346123586,nan,0.21793569079787678
14.700000000000001,full+plan,swap,0.1087371294963242,0.10784000729865542,0,0,escalate,0,0.030000000203517355,0.11991068570567097,14,1,840,0,0,0,0.0,0.05981361179946432,nan,0.21793919269592366
14.75,full+plan,swap,0.10873654091195172,0.10784018422070704,0,0,escalate,0,0.030000000082148356,0.1199170495616164,14,1,840,0,0,0,0.0,0.05981369155699497,nan,0.21794253975067102
14.8,full+plan,swap,0.1087359895206495,0.10784034872701764,0,0,escalate,0,0.029999999990856854,0.11992309988178544,14,1,840,0,0,0,0.0,0.05981376688308261,nan,0.21794573831882247
14.850000000000001,full+plan,swap,0.10873547291135666,0.10784050171429634,0,0,escalate,0,0.029999999923539453,0.11992885199894464,14,1,840,0,0,0,0.0,0.05981383801824939,nan,0.21794879454142813
14.9,full+plan,swap,0.10873498883391285,0.1078406440156277,0,0,escalate,0,0.029999999875229985,0.11993432051166643,14,1,840,0,0,0,0.0,0.05981390517313061,nan,0.21795171432618365
14.950000000000001,full+plan,swap,0.10873453518186696,0.10784077640862258,0,0,escalate,0,0.0299999998418896,0.11993951929484524,14,1,840,0,0,0,0.0,0.059813968579613984,nan,0.2179545033806377
15.0,full+plan,swap,0.10873411000049128,0.10784089960000141,0,0,escalate,0,0.02999999982025507,0.11994446156240048,14,1,840,0,0,0,0.0,0.05981402846473177,nan,0.21795716720759095
