t,mode,scenario,e_left,e_right,step_left,step_right,coord_state,plan_active,d_self_model,d_env_model,n_constraints,qp_ok,n_obstacle_pts,n_arm_arm,n_arm_env,n_arm_torso,pen,d_arms,d_obst,d_belt
0.05,full,swap,0.32140300669555155,0.3214030065374729,0,0,free,0,0.05676101943747254,0.16504642260436408,5,1,752,0,0,0,0.0,0.25,nan,0.21438105844945532
0.1,full,swap,0.29074526774421366,0.2922191434633715,0,0,free,0,0.052311275350432576,0.15145276215285405,6,1,752,0,0,0,0.0,0.21889488958989592,nan,0.22044100470028483
0.15000000000000002,full,swap,0.2620280968730823,0.2636032644757923,0,0,free,0,0.04862979789496015,0.1409684734263479,6,1,752,0,0,0,0.0,0.16310599550504667,nan,0.22595378652142994
0.2,full,swap,0.2340599926332828,0.23528608926653302,0,0,free,0,0.04563646412326196,0.13131350009131199,10,1,832,0,0,0,0.0,0.14558875989189812,nan,0.22642397352383548
0.25,full,swap,0.22526703490478595,0.22631456304570627,0,0,free,0,0.05515418406287968,0.12919978421074105,10,1,832,0,0,0,0.0,0.13064879139290583,nan,0.226821689828555
0.30000000000000004,full,swap,0.21788249745952812,0.21877212475976154,0,0,free,0,0.06539821699277636,0.12783164443568382,10,1,832,0,0,0,0.0,0.1184627422456531,nan,0.22722265872729686
0.35000000000000003,full,swap,0.21173176768969884,0.21244118379932284,0,0,free,0,0.07213401017231567,0.12694047427003516,10,1,833,0,0,0,0.0,0.108398965710444,nan,0.22755300056574213
0.4,full,swap,0.2065630349380303,0.2070833320285517,0,0,free,0,0.07720734615747984,0.12653805083166855,10,1,833,0,0,0,0.0,0.09968010562606285,nan,0.2277332707846932
0.45,full,swap,0.20220174060074217,0.20254197779896277,0,0,free,0,0.06996036398533884,0.1264752381595597,10,1,833,0,0,0,0.0,0.09247925683990307,nan,0.22774113095202442
0.5,full,swap,0.1985134485622078,0.19868072467103146,0,0,free,0,0.06390227919661343,0.12670252379534613,10,1,833,0,0,0,0.0,0.08597522117385462,nan,0.22755235845266342
0.55,full,swap,0.19538652526836495,0.19538589963828176,0,0,free,0,0.05884044195051946,0.12719237420099977,10,1,833,0,0,0,0.0,0.0806097056230385,nan,0.2271398857464887
0.6000000000000001,full,swap,0.19272763594042838,0.19256194766407572,0,0,free,0,0.05461787515822755,0.12793458752011827,10,1,833,0,0,0,0.0,0.07626149915050533,nan,0.22647346414714298
0.65,full,swap,0.19045828825321137,0.1901277986252683,0,0,free,0,0.051108247079711455,0.1289328651371339,10,1,833,0,0,0,0.0,0.07285195533773844,nan,0.22552042128521255
0.7000000000000001,full,swap,0.1885123427373307,0.18801405330645182,0,0,free,0,0.04821288675308025,0.13020193954991366,10,1,833,0,0,0,0.0,0.07035838371925973,nan,0.22424855698097523
0.75,full,swap,0.18683476334016508,0.186161112989803,0,0,free,0,0.04586016783816785,0.13176450896860292,10,1,833,0,0,0,0.0,0.06670662927089503,nan,0.22263338272822064
0.8,full,swap,0.18538254765243764,0.18451885531388293,0,0,free,0,0.04400827415963157,0.1325485478308029,10,1,833,0,0,0,0.0,0.06334469814802014,nan,0.22065409787963175
0.8500000000000001,full,swap,0.1842106787751152,0.1829777948174379,0,0,free,0,0.04265048934736365,0.1302312594589162,10,1,833,0,0,0,0.0,0.06009726846281286,nan,0.2187339759864525
0.9,full,swap,0.18254309301582497,0.1823364345269641,0,0,free,0,0.041623117049694736,0.1278559013831762,10,1,833,0,0,0,0.0,0.05670238129334046,nan,0.21782197870537645
0.9500000000000001,full,swap,0.1810346541944715,0.18134802836238947,0,0,free,0,0.040002000150929,0.12633302917753186,10,1,836,0,0,0,0.0,0.053906348758852224,nan,0.21723016909152137
1.0,full,swap,0.1797424697639554,0.18035036681028302,0,0,free,0,0.03841618477865821,0.12504616768591786,10,1,836,0,0,0,0.0,0.05152482028117881,nan,0.21641933935191504
1.05,full,swap,0.17853179251897883,0.17945608235496097,0,0,free,0,0.037101959157012726,0.12354843151942642,10,1,836,0,0,0,0.0,0.04903829726586574,nan,0.21511554500869268
1.1,full,swap,0.17737185820354046,0.178612477979986,0,0,free,0,0.03603412155250968,0.12161646281427323,10,1,836,0,0,0,0.0,0.046436704793444035,nan,0.21328847110950389
1.1500000000000001,full,swap,0.17621354418725346,0.17777112277116208,0,0,free,0,0.03519015885986354,0.11920421428403692,10,1,836,0,0,0,0.0,0.044506826798138034,nan,0.2109134644900904
1.2000000000000002,full,swap,0.17500262025229135,0.17687939471733627,0,0,free,0,0.03455470395729027,0.11626488339943285,10,1,836,0,0,0,0.0,0.04366628931785808,nan,0.20796300941583945
1.25,full,swap,0.17367815446990642,0.1758767626865898,0,0,free,0,0.034120896686318763,0.11274547155835137,10,1,837,0,0,0,0.0,0.04443905551230367,nan,0.20441094034372587
1.3,full,swap,0.17217024544343512,0.174691431980684,0,0,free,0,0.03389135320885525,0.10859129831985444,10,1,837,0,0,0,0.0,0.04682594170657352,nan,0.20024006908465253
1.35,full,swap,0.17039791852480862,0.17323755215698458,0,0,free,0,0.03387892521940472,0.10375467173931972,10,1,837,0,0,0,0.0,0.049223757673018745,nan,0.195458272316133
1.4000000000000001,full,swap,0.16826690657790594,0.1714143777467022,0,0,free,0,0.03410560179042424,0.09821227462641012,10,1,837,0,0,0,0.0,0.05348978974276095,nan,0.1913528335072633
1.4500000000000002,full,swap,0.16555884650069622,0.16917793265276468,0,0,free,0,0.03419337201735076,0.09309587703651644,10,1,837,0,0,0,0.0,0.0596405402982736,nan,0.18786244483236236
1.5,full,swap,0.1622353694788769,0.16651586356276565,0,0,free,0,0.03420909425424709,0.08832774087966817,11,1,837,0,0,0,0.0,0.06679436168785864,nan,0.18479502396176029
1.55,full,swap,0.15827981886192355,0.16337172406649678,0,0,free,0,0.03426025413112427,0.08371485849710993,11,1,840,0,0,0,0.0,0.06791420345245672,nan,0.18223952562655155
1.6,full,swap,0.1536744901679517,0.15967782323602592,0,0,free,0,0.03430840317822559,0.07932921512094569,10,1,840,0,0,0,0.0,0.06811739044927079,nan,0.1808737635752965
1.6500000000000001,full,swap,0.14961180566470061,0.15538568499731725,0,0,free,0,0.03447274010078824,0.0762106944224704,10,1,840,0,0,0,0.0,0.06929823078087388,nan,0.18044333771822318
1.7000000000000002,full,swap,0.1456055736249591,0.1507624435162865,0,0,free,0,0.03466898512927727,0.07383618359544862,11,1,840,0,0,0,0.0,0.070069621490368,nan,0.18094408412354868
1.75,full,swap,0.14171698298474922,0.14577862283529502,0,0,free,0,0.03485765373485558,0.07238547748236018,11,1,840,0,0,0,0.0,0.07095345644178873,nan,0.1823122289033935
1.8,full,swap,0.1380249950925751,0.14049030812868174,0,0,free,0,0.035031157948206215,0.07190007828358626,11,1,840,0,0,0,0.0,0.07315623411479155,nan,0.18434561651874326
1.85,full,swap,0.13456405321889167,0.13502106851699733,0,0,free,0,0.035162229309791404,0.07234065093667555,11,1,840,0,0,0,0.0,0.07324492967578544,nan,0.1867949848327396
1.9000000000000001,full,swap,0.13124188093792863,0.1295064335844468,0,0,free,0,0.035153536072803165,0.07371328672336241,12,1,840,0,0,0,0.0,0.07375904484448785,nan,0.18964386705176672
1.9500000000000002,full,swap,0.12803560934114613,0.12402254706980108,0,0,free,0,0.035105059034306774,0.07584200111248886,13,1,840,0,0,0,0.0,0.07140152474931198,nan,0.19283663843420318
2.0,full,swap,0.12494784708835235,0.1186698669380724,0,0,free,0,0.03510192198091497,0.07855203297858065,13,1,840,0,0,0,0.0,0.06799178708387019,nan,0.19600866528808492
2.0500000000000003,full,swap,0.12204693379278093,0.11367960790996999,0,0,free,0,0.03524210289164842,0.08143459944316168,13,1,840,0,0,0,0.0,0.06609317428517987,nan,0.1992753482234727
2.1,full,swap,0.11924336910980564,0.11001557742848397,0,0,free,0,0.03531094792729264,0.0845659118633887,13,1,840,0,0,0,0.0,0.06486995283820778,nan,0.20216606642520463
2.15,full,swap,0.11662002622072919,0.11014104603615228,0,0,free,0,0.03455978599014689,0.08745000234832163,13,1,840,0,0,0,0.0,0.06367397362752927,nan,0.20472330310032427
2.2,full,swap,0.11459017507957459,0.11017956451592,0,0,free,0,0.03385551884302018,0.09006663497365812,13,1,840,0,0,0,0.0,0.06265207462306155,nan,0.2069128529876142
2.25,full,swap,0.11301650970491765,0.11018273279323863,0,0,free,0,0.03324380472059671,0.09224938705530734,13,1,840,0,0,0,0.0,0.06180255312308932,nan,0.2087685432681886
2.3000000000000003,full,swap,0.11179621810437174,0.11016599819842968,0,0,free,0,0.032722323569277095,0.09413627179369131,13,1,840,0,0,0,0.0,0.06109852667239098,nan,0.21033313733941938
2.35,full,swap,0.1108502896936897,0.11013515722130422,0,0,free,0,0.03228090054171817,0.09575251577800188,13,1,840,0,0,0,0.0,0.06051459825288953,nan,0.21164729053404618
2.4000000000000004,full,swap,0.11011718895017752,0.1100938517753463,0,0,free,0,0.03190879193116872,0.09712845523762535,13,1,840,0,0,0,0.0,0.0600295295525665,nan,0.21274768509589947
2.45,full,swap,0.10954908936068604,0.11004487267966907,0,0,free,0,0.03159599547953601,0.09829459686268453,13,1,840,0,0,0,0.0,0.05962585451959672,nan,0.21366667619086088
2.5,full,swap,0.10910896460708222,0.10999046456824017,0,0,free,0,0.031333582329435034,0.09927962597707983,13,1,840,0,0,0,0.0,0.0592892663443037,nan,0.21443239379806867
2.5500000000000003,full,swap,0.10876821072489516,0.10993245690025233,0,0,free,0,0.031113757737057685,0.10010954193791803,13,1,840,0,0,0,0.0,0.0590080608647502,nan,0.21506904927756387
2.6,full,swap,0.10850473663784352,0.1098723424308275,0,0,free,0,0.03092980941404125,0.10080737737011995,13,1,840,0,0,0,0.0,0.05877266092593586,nan,0.21559732947104437
2.6500000000000004,full,swap,0.1083014629906641,0.10981133188684776,0,0,free,0,0.03077600846588202,0.10139322965466534,13,1,840,0,0,0,0.0,0.058575220245980573,nan,0.21603481393598545
2.7,full,swap,0.10814515902001072,0.10975039639890062,0,0,free,0,0.03064749487092605,0.10188445151618479,13,1,840,0,0,0,0.0,0.058409298770422245,nan,0.21639638016449136
2.75,full,swap,0.10802554940780228,0.1096903028970751,0,0,free,0,0.03054016326882067,0.10229591328717429,13,1,840,0,0,0,0.0,0.0582695992901278,nan,0.21669457874630915
2.8000000000000003,full,swap,0.10793463177843328,0.1096316448342679,0,0,free,0,0.03045055647688788,0.1026402874513924,13,1,840,0,0,0,0.0,0.058151754847161646,nan,0.21693997062951775
2.85,full,swap,0.10786615617905018,0.10957486928840948,0,0,free,0,0.030375769796613855,0.10292832840917888,13,1,840,0,0,0,0.0,0.05805215742421613,nan,0.21714142442290874
2.9000000000000004,full,swap,0.10781522802089984,0.1095203009217252,0,0,free,0,0.03031336691085132,0.10316913348751562,13,1,840,0,0,0,0.0,0.05796781981491906,nan,0.217306374967268
2.95,full,swap,0.10777800466665381,0.10946816307471445,0,0,free,0,0.030261307029571194,0.10337037887422006,13,1,840,0,0,0,0.0,0.05789626402813916,nan,0.2174410460730486
3.0,full,swap,0.10775146293191865,0.10941859618137892,0,0,free,0,0.03021788239873141,0.10353852854750308,13,1,840,0,0,0,0.0,0.05783543081910593,nan,0.2175506410614293
3.0500000000000003,full,swap,0.10773322031188025,0.10937167368646428,0,0,free,0,0.030181665069230812,0.10367901671325959,13,1,840,0,0,0,0.0,0.05778360611419326,nan,0.2176395048818781
3.1,full,swap,0.10772139698956976,0.10932741564993229,0,0,yield,0,0.030151461782422284,0.10379640549452405,13,1,840,0,0,0,0.0,0.06332768240772549,nan,0.20952633270983434
3.1500000000000004,full,swap,0.10753011185063507,0.12401932668467835,0,0,yield,0,0.02920389954365142,0.09671538793533134,13,1,840,0,0,0,0.0,0.07004064545808757,nan,0.20256909375624466
3.2,full,swap,0.10816825556216199,0.14085703602989158,0,0,yield,0,0.030480936070197598,0.09061627130905818,12,1,840,0,0,0,0.0,0.07069583423304512,nan,0.1964150433144144
3.25,full,swap,0.10921381159580344,0.15904635930749705,0,0,yield,0,0.032889270742431406,0.08533578435307203,10,1,840,0,0,0,0.0,0.07723526753265465,nan,0.1898593803914167
3.3000000000000003,full,swap,0.11068197236703983,0.17863750982882887,0,0,yield,0,0.036489969893552146,0.07972339022527698,9,1,840,0,0,0,0.0,0.07936889942074046,nan,0.1866175075252844
3.35,full,swap,0.10980447077255949,0.19856466419820018,0,0,yield,0,0.039042777521414815,0.07750038838037356,9,1,840,0,0,0,0.0,0.0748870205646143,nan,0.18655376370271382
3.4000000000000004,full,swap,0.10770738879698312,0.2200881597329136,0,0,yield,0,0.04308660306587277,0.07837063107827062,8,1,840,0,0,0,0.0,0.06906230185904594,nan,0.18965953124679336
3.45,full,swap,0.10421034860657051,0.2398379744868514,0,0,yield,0,0.04616047558343085,0.08200502353169935,9,1,840,0,0,0,0.0,0.06316400581985453,nan,0.19493380529455873
3.5,full,swap,0.09984263105209709,0.2573158453822521,0,0,yield,0,0.04870330469324473,0.0878008814352939,9,1,840,0,0,0,0.0,0.06157477939214768,nan,0.2010261488943338
3.5500000000000003,full,swap,0.09510689971556567,0.2724014706836424,0,0,yield,0,0.05117198705021722,0.0942492111203067,9,1,840,0,0,0,0.0,0.060671237809242086,nan,0.20849148001749007
3.6,full,swap,0.0904840261938933,0.28523802095557627,0,0,yield,0,0.05031883865324002,0.10190380886843346,9,1,840,0,0,0,0.0,0.06468329963496128,nan,0.21436274987642856
3.6500000000000004,full,swap,0.08686589430780776,0.29697842745772024,0,0,yield,0,0.05231727079628731,0.10788803018898536,8,1,840,0,0,0,0.0,0.0716845728389609,nan,0.22015431585048917
3.7,full,swap,0.08412302335508993,0.30759486029249505,0,0,yield,0,0.05571684785708769,0.1136649244274907,8,1,840,0,0,0,0.0,0.08016804189536605,nan,0.22464213651741194
3.75,full,swap,0.08180641425004659,0.3171191879612499,0,0,yield,0,0.059468601687376194,0.11818649156865564,8,1,840,0,0,0,0.0,0.08826351614023792,nan,0.22944094275872862
3.8000000000000003,full,swap,0.0800940732551408,0.3256154429548649,0,0,yield,0,0.06262144520196944,0.1228297738537442,8,1,840,0,0,0,0.0,0.09555591348382192,nan,0.23331171976722553
3.85,full,swap,0.07872728475985415,0.3331632223419866,0,0,yield,0,0.06579803933746742,0.1266101084833572,8,1,840,0,0,0,0.0,0.10246907123546539,nan,0.23691792917684362
3.9000000000000004,full,swap,0.07774657199681809,0.3398477303368678,0,0,yield,0,0.0692172350631956,0.13005356683881886,7,1,840,0,0,0,0.0,0.10811473159172816,nan,0.2400178422846414
3.95,full,swap,0.07702158378958071,0.34574589615335577,0,0,yield,0,0.07266822089774663,0.13298973768668065,7,1,840,0,0,0,0.0,0.11288239753900431,nan,0.24271018432032088
4.0,full,swap,0.07648121314839033,0.3510180668835778,0,0,yield,0,0.07611457660796939,0.13551114604472275,7,1,840,0,0,0,0.0,0.11728518217096447,nan,0.24506892800711733
4.05,full,swap,0.07607704693581907,0.35565143300507607,0,0,yield,0,0.07936306117794344,0.1376895358229659,7,1,840,0,0,0,0.0,0.12096957518405958,nan,0.24715033584111523
4.1000000000000005,full,swap,0.07577465441177827,0.35971861360010926,0,0,yield,0,0.08237491399859119,0.13958118024174865,7,1,840,0,0,0,0.0,0.1242354747336233,nan,0.24899798237997472
4.15,full,swap,0.07554883104172,0.3632857386803565,0,0,yield,0,0.08513562207224122,0.1412308483954789,7,1,840,0,0,0,0.0,0.12721172073558354,nan,0.2506462580097494
4.2,full,swap,0.07538080066450675,0.36641237973257945,0,0,yield,0,0.08764559598154585,0.14267467529556066,7,1,840,0,0,0,0.0,0.12914488456484183,nan,0.25212280808666343
4.25,full,swap,0.07525643851886697,0.3691517713653828,0,0,yield,0,0.08883165825895777,0.14394222751054314,7,1,840,0,0,0,0.0,0.13090297131152898,nan,0.2534502387622991
4.3,full,swap,0.07516506567917668,0.371551202837332,0,0,yield,0,0.08936699570491057,0.14505799621026316,7,1,840,0,0,0,0.0,0.13250435791826773,nan,0.2546473196748621
4.3500000000000005,full,swap,0.07509859040968822,0.37365249694371083,0,0,yield,0,0.08983558413859115,0.14604248617856064,7,1,840,0,0,0,0.0,0.13395354014824837,nan,0.25572984113521235
4.4,full,swap,0.07505087703284834,0.37549252170844777,0,0,yield,0,0.09024419978502567,0.14691301989803435,7,1,840,0,0,0,0.0,0.13525858970013924,nan,0.2567112336946774
4.45,full,swap,0.07501727347284545,0.37710370015055034,0,0,yield,0,0.09059952130985442,0.14768434022182364,7,1,840,0,0,0,0.0,0.13642950553010566,nan,0.25760302357628706
4.5,full,swap,0.0749942541767221,0.37851449726599934,0,0,yield,0,0.09090785256107774,0.14836906974906217,7,1,840,0,0,0,0.0,0.13747957169403366,nan,0.2584151740130062
4.55,full,swap,0.07497914905181133,0.3797520610120888,0,0,yield,0,0.09117498329349553,0.14897806730541896,7,1,840,0,0,0,0.0,0.13842057122338705,nan,0.25915634655145225
4.6000000000000005,full,swap,0.07496993738542446,0.38083889703108226,0,0,yield,0,0.09140613537945495,0.14952070963097314,7,1,840,0,0,0,0.0,0.13926297347068858,nan,0.2598341053247203
4.65,full,swap,0.07496509114118502,0.3817938703580596,0,0,yield,0,0.0916059603580092,0.1499692950943547,7,1,840,0,0,0,0.0,0.1400168345915516,nan,0.26045508013020713
4.7,full,swap,0.07496345587260421,0.3826335972525443,0,0,yield,0,0.09177856588341725,0.15013310176240108,7,1,840,0,0,0,0.0,0.14069162839762925,nan,0.26102509900975635
4.75,full,swap,0.07496416028210881,0.38337271005503337,0,0,yield,0,0.09192755723306321,0.15027460975548926,7,1,840,0,0,0,0.0,0.1412961575611779,nan,0.26154929786273573
4.800000000000001,full,swap,0.07496654759282474,0.3840240919464499,0,0,yield,0,0.09205608502062439,0.15039674424713703,7,1,840,0,0,0,0.0,0.1418385171623872,nan,0.2620322122508968
4.8500000000000005,full,swap,0.07497012350138038,0.38459908361095974,0,0,yield,0,0.09216689407775029,0.04291208581672766,9,1,841,0,0,0,0.0,0.1417404716850875,nan,0.2631652816815223
4.9,full,swap,0.07497236836189726,0.3851076637089131,0,0,yield,0,0.09242345616215174,0.04387322643700366,9,1,841,0,0,0,0.0,0.14172631503913388,nan,0.2629259452005289
4.95,full,swap,0.07500884443768575,0.385558604987572,0,0,yield,0,0.0927426384169998,0.044700348134190104,9,1,841,0,0,0,0.0,0.1417663497853609,nan,0.26271343648415046
5.0,full,swap,0.07506278371461558,0.38595960766903603,0,0,yield,0,0.09309332002833363,0.04541374861495494,9,1,841,0,0,0,0.0,0.14184201364501342,nan,0.26252398818631917
5.050000000000001,full,swap,0.07512467993874512,0.38631741173690143,0,0,yield,0,0.0934532460295686,0.04602990960506602,9,1,841,0,0,0,0.0,0.1419412433232005,nan,0.26235425176008
5.1000000000000005,full,swap,0.07518898816865253,0.3866378897240718,0,0,yield,0,0.09380721713259559,0.046562549102588974,9,1,841,0,0,0,0.0,0.15938990403256903,nan,0.26063035246162725
5.15,full,swap,0.10289881737000608,0.3691051815136056,0,0,yield,0,0.09929555771305996,0.14757082575608882,7,1,840,0,0,0,0.0,0.14480038330669778,nan,0.25625240173748776
5.2,full,swap,0.13335490093802782,0.3237364308804227,0,0,yield,0,0.10246763521078393,0.1453720423813376,8,1,840,0,0,0,0.0,0.1336716784217108,nan,0.25547881174452314
5.25,full,swap,0.16345441756016463,0.284375262019798,0,0,yield,0,0.09943701442552703,0.15130407497426146,10,1,840,0,0,0,0.0,0.12570779552319364,nan,0.2567621649463082
5.300000000000001,full,swap,0.19149942052166516,0.2502552742518721,0,0,yield,0,0.09307395791958072,0.16218448371775301,12,1,840,0,0,0,0.0,0.11869195467248805,nan,0.2574328758495473
5.3500000000000005,full,swap,0.21599116350739203,0.2193104153621072,0,0,yield,0,0.08599742707957674,0.15904939290924675,12,1,840,0,0,0,0.0,0.11281467082053488,nan,0.25784762307123
5.4,full,swap,0.2374300391280812,0.19199642661808097,0,0,yield,0,0.07999472718821259,0.15055211599773743,11,1,840,0,0,0,0.0,0.10832132682769093,nan,0.25814572885436815
5.45,full,swap,0.256204293445701,0.16819957897155727,0,0,yield,0,0.07513707234601755,0.14576338014004842,10,1,840,0,0,0,0.0,0.10508776681862186,nan,0.25836087144972886
5.5,full,swap,0.27264987154533676,0.1474531837132813,0,0,yield,0,0.07111621753123082,0.14350817934413257,9,1,840,0,0,0,0.0,0.10226744951710416,nan,0.2585170871799448
5.550000000000001,full,swap,0.28705627641644144,0.129353692787358,0,0,yield,0,0.06777838935889655,0.14221281794228002,9,1,840,0,0,0,0.0,0.10032077801531028,nan,0.258631848291791
5.6000000000000005,full,swap,0.2996754295585237,0.11355399386211273,0,0,yield,0,0.0649975749636745,0.14019470943830314,9,1,840,0,0,0,0.0,0.09903118093806601,nan,0.2585555101644724
5.65,full,swap,0.31072770014153694,0.09975566236731424,0,0,yield,0,0.06267276434527602,0.13940513801681056,8,1,840,0,0,0,0.0,0.09804169849626303,nan,0.2571212814193199
5.7,full,swap,0.32040967576655477,0.08770175771176918,0,0,yield,0,0.0607049378081298,0.13947665677460933,8,1,840,0,0,0,0.0,0.09927060556987363,nan,0.25753265474531417
5.75,full,swap,0.32893758897612946,0.080664554925299,0,0,yield,0,0.06311124266547283,0.13994908069516762,8,1,840,0,0,0,0.0,0.10435492613403476,nan,0.2590262965646667
5.800000000000001,full,swap,0.3363967878635584,0.07907477010821624,0,0,yield,0,0.06827388269015938,0.14190591000069816,8,1,840,0,0,0,0.0,0.10913388133520124,nan,0.2590947461668388
5.8500000000000005,full,swap,0.34291977490618875,0.07824016050061444,0,0,yield,0,0.07309299393182989,0.14438168942973226,7,1,840,0,0,0,0.0,0.11345938507073801,nan,0.25915122626619913
5.9,full,swap,0.3486233241163808,0.07760742329801182,0,0,yield,0,0.07736144169005377,0.14645500440816245,7,1,840,0,0,0,0.0,0.11734129117027334,nan,0.25920001029409423
5.95,full,swap,0.3536101161098242,0.0771213991494656,0,0,yield,0,0.08113144993479264,0.14820244642248562,7,1,840,0,0,0,0.0,0.12071695836298034,nan,0.25924422028306593
6.0,full,swap,0.3579702583528876,0.07674385520983222,0,0,yield,0,0.08445482198700326,0.14968447197455195,7,1,840,0,0,0,0.0,0.12367243637330941,nan,0.25928607832473627
6.050000000000001,full,swap,0.361782695431361,0.07644774083789713,0,0,yield,0,0.08738064124519927,0.150948795647655,7,1,840,0,0,0,0.0,0.1262980769320881,nan,0.2593271146355426
6.1000000000000005,full,swap,0.36511650545373264,0.07621353643968153,0,0,yield,0,0.08891078512967908,0.15203318758073736,7,1,840,0,0,0,0.0,0.12862435399929678,nan,0.2593683362886151
6.15,full,swap,0.3680320788650487,0.07602690500554363,0,0,yield,0,0.0893703109197828,0.15296769891203868,7,1,840,0,0,0,0.0,0.13068116913213015,nan,0.25941036151438823
6.2,full,swap,0.3705821793591814,0.07587715491922531,0,0,yield,0,0.08978814469817036,0.15377639987250277,7,1,840,0,0,0,0.0,0.1324973854409971,nan,0.2594535831890886
6.25,full,swap,0.37281335792677417,0.07575621213688152,0,0,yield,0,0.09016394286733696,0.15447872279720234,7,1,840,0,0,0,0.0,0.13410214855280733,nan,0.2594983376400096
6.300000000000001,full,swap,0.37476846249442197,0.07565791681248725,0,0,yield,0,0.09049906339137863,0.15509049286831536,7,1,840,0,0,0,0.0,0.13551931322156388,nan,0.25954421256790294
6.3500000000000005,full,swap,0.3764822519210049,0.07557753063462368,0,0,yield,0,0.09079590680425685,0.15562471591380778,7,1,840,0,0,0,0.0,0.13677060534529709,nan,0.2595907716485498
6.4,full,swap,0.3779851868493502,0.07551138421357548,0,0,yield,0,0.09105744874551107,0.1560921792414541,7,1,840,0,0,0,0.0,0.13787565981418973,nan,0.2596375678230479
6.45,full,swap,0.3793039661567909,0.07545661990634771,0,0,yield,0,0.09128691615332656,0.1565019098297891,7,1,840,0,0,0,0.0,0.13885211923740443,nan,0.2596841515104359
6.5,full,swap,0.38046199602946906,0.07541100129994883,0,0,yield,0,0.0914875698268121,0.15686152448406926,7,1,840,0,0,0,0.0,0.13971576514595818,nan,0.25973007514047
6.550000000000001,full,swap,0.3814797993026989,0.07537277032004333,0,0,yield,0,0.09166256452106468,0.15717749857583113,7,1,840,0,0,0,0.0,0.140480663125888,nan,0.25977489523657316
6.6000000000000005,full,swap,0.3823753716944573,0.07534053902307576,0,0,yield,0,0.09181486460988862,0.15745537359794326,7,1,840,0,0,0,0.0,0.14115930976399635,nan,0.2598181731458852
6.65,full,swap,0.38316449070142977,0.07531320705518983,0,0,yield,0,0.09194719859623406,0.15769991883781354,7,1,840,0,0,0,0.0,0.1417627734288764,nan,0.2598594754916538
6.7,full,swap,0.38386098207316627,0.0752898983366936,0,0,yield,0,0.09206204008092277,0.15791525860640188,7,1,840,0,0,0,0.0,0.1423008238838538,nan,0.25989837541650884
6.75,full,swap,0.3844769482349196,0.07526991227887635,0,0,yield,0,0.09216160620849338,0.15810497352972422,7,1,840,0,0,0,0.0,0.1427820477830891,nan,0.259934455736721
6.800000000000001,full,swap,0.38502296252286267,0.07525268606458173,0,0,yield,0,0.09224786713908621,0.1582721821114803,7,1,840,0,0,0,0.0,0.14321394865180392,nan,0.2599673151323504
6.8500000000000005,full,swap,0.3855082328989318,0.07523776539540146,0,0,yield,0,0.09232256194223314,0.15841960730457555,7,1,840,0,0,0,0.0,0.14360303147701778,nan,0.2599965784648851
6.9,full,swap,0.38594073885742725,0.07522478174522446,0,0,yield,0,0.09238721780441715,0.1585496314652003,7,1,840,0,0,0,0.0,0.14395487346308894,nan,0.2600219121018593
6.95,full,swap,0.3863273456422343,0.07521343462403342,0,0,yield,0,0.09244317053018451,0.15866434220745415,7,1,840,0,0,0,0.0,0.14427418401968728,nan,0.2600430446556775
7.0,full,swap,0.38667390056100226,0.0752034777172802,0,0,yield,0,0.09249158488814628,0.15876557111577513,7,1,840,0,0,0,0.0,0.14456485866872923,nan,0.26005979282078984
7.050000000000001,full,swap,0.38698531705107736,0.0751947080208009,0,0,yield,0,0.09253347414029493,0.1588549266016537,7,1,840,0,0,0,0.0,0.1448300327900352,nan,0.26007209083783966
7.1000000000000005,full,swap,0.38726565294562637,0.07518695730555558,0,0,yield,0,0.0925697181019499,0.1589338221371433,7,1,840,0,0,0,0.0,0.1314983163432117,nan,0.260793931520252
7.15,full,swap,0.3413203595636616,0.10208001719624328,0,0,yield,0,0.09446569465959546,0.14819711249392328,8,1,840,0,0,0,0.0,0.12241517525618399,nan,0.26098187240782533
7.2,full,swap,0.3007521159031717,0.13242727764614293,0,0,yield,0,0.08545016836685991,0.14253782630238893,8,1,840,0,0,0,0.0,0.11337625581940125,nan,0.26070953646206385
7.25,full,swap,0.26327431401340345,0.16243456885654486,0,0,yield,0,0.0776951344469945,0.14337619915128558,8,1,840,0,0,0,0.0,0.10626840554701089,nan,0.25991651176542685
7.300000000000001,full,swap,0.23029465343842717,0.19060226455998036,0,0,yield,0,0.07210481973957908,0.146695964881714,12,1,840,0,0,0,0.0,0.10131296644654075,nan,0.259070802163596
7.3500000000000005,full,swap,0.20166032603530787,0.21519905742586834,0,0,yield,0,0.06758481882134573,0.1522781964807845,12,1,840,0,0,0,0.0,0.0979386806921599,nan,0.25800545704618305
7.4,full,swap,0.17663898634593383,0.236731466716802,0,0,yield,0,0.06421905133606101,0.15399565465852316,12,1,840,0,0,0,0.0,0.09563157835025098,nan,0.2569355362560731
7.45,full,swap,0.1548299502667799,0.25558871692543295,0,0,yield,0,0.06158242884655474,0.1456677676419995,11,1,840,0,0,0,0.0,0.0942410324088764,nan,0.2559004452508994
7.5,full,swap,0.13580472708960217,0.2721078206866902,0,0,yield,0,0.05947071834731166,0.1400208337934376,11,1,840,0,0,0,0.0,0.09356294607769465,nan,0.25492122918868476
7.550000000000001,full,swap,0.1191956468460427,0.2865792855299225,0,0,yield,0,0.05776879179469266,0.13643454312523434,10,1,840,0,0,0,0.0,0.09279980205268626,nan,0.2540076106117356
7.6000000000000005,full,swap,0.10468775214912067,0.2992559481903338,0,0,yield,0,0.05638742216297166,0.13438535362939225,9,1,840,0,0,0,0.0,0.09243348976457036,nan,0.2531627869809018
7.65,full,swap,0.09201076573176883,0.31035373164046365,0,0,yield,0,0.05523891879777734,0.13276573376936596,9,1,840,0,0,0,0.0,0.09550782893063083,nan,0.25363634312386096
7.7,full,swap,0.08370938304088886,0.32013729216522113,0,0,yield,0,0.05769609704564582,0.13121335958195793,8,1,840,0,0,0,0.0,0.10073056300450932,nan,0.25549837220334515
7.75,full,swap,0.08077492526523428,0.3286974935024089,0,0,yield,0,0.06335222931778067,0.132613897099912,8,1,840,0,0,0,0.0,0.1055136813669771,nan,0.25743876229055507
7.800000000000001,full,swap,0.0792559907921336,0.3361849335263428,0,0,yield,0,0.06841433768132152,0.13468312782530906,8,1,840,0,0,0,0.0,0.10997812078989314,nan,0.2595731720616198
7.8500000000000005,full,swap,0.07835836179014107,0.342732680675066,0,0,yield,0,0.07313020225351699,0.13705454561083416,7,1,840,0,0,0,0.0,0.11400310726169936,nan,0.26131254474174936
7.9,full,swap,0.07768647422261643,0.3484580196006616,0,0,yield,0,0.07732691873732633,0.13903562791691756,7,1,840,0,0,0,0.0,0.11765164201820114,nan,0.2624687914814595
7.95,full,swap,0.07717537691099272,0.35346407013206166,0,0,yield,0,0.08104678503796507,0.1406677403489693,7,1,840,0,0,0,0.0,0.12093175515189172,nan,0.26235943397241457
8.0,full,swap,0.07678123838289229,0.35784130569181677,0,0,yield,0,0.08433520383156538,0.14204508928434537,7,1,840,0,0,0,0.0,0.12386351240454972,nan,0.26225526940542065
8.05,full,swap,0.07647377866490443,0.36166897013615396,0,0,yield,0,0.087236998999327,0.14321655253122342,7,1,840,0,0,0,0.0,0.12647286971544738,nan,0.26215749582279735
8.1,full,swap,0.07623158632025533,0.3650163844186794,0,0,yield,0,0.08895770296921977,0.14421849372856543,7,1,840,0,0,0,0.0,0.12878804595055474,nan,0.26206678606577183
8.15,full,swap,0.0760391911988543,0.3679441363655512,0,0,yield,0,0.08939764583952968,0.14507983025063004,7,1,840,0,0,0,0.0,0.13083833806440603,nan,0.2619834845707699
8.200000000000001,full,swap,0.07588520334977716,0.37050606145045206,0,0,yield,0,0.08980260063489535,0.14582364911035323,7,1,840,0,0,0,0.0,0.13265377892873487,nan,0.26190757906505635
8.25,full,swap,0.07576110365422184,0.37275095468801833,0,0,yield,0,0.09017015634375801,0.14646849896665987,7,1,840,0,0,0,0.0,0.1342596535653721,nan,0.261838462361628
8.3,full,swap,0.07566043810793899,0.3747187083604106,0,0,yield,0,0.09050020463923412,0.1470294009749906,7,1,840,0,0,0,0.0,0.1356793976191945,nan,0.2617754805888649
8.35,full,swap,0.07557826684654309,0.3764442810682287,0,0,yield,0,0.09079411295120275,0.14751862903808588,7,1,840,0,0,0,0.0,0.1369344597208572,nan,0.26171795423253774
8.4,full,swap,0.07551077774714392,0.3779583111869397,0,0,yield,0,0.09105413467839345,0.14794630715881918,7,1,840,0,0,0,0.0,0.13804429079355282,nan,0.2616651924161769
8.450000000000001,full,swap,0.07545500921407376,0.37928765334866205,0,0,yield,0,0.09128299633000135,0.1483208647949246,7,1,840,0,0,0,0.0,0.13902640826428286,nan,0.2616165023136984
8.5,full,swap,0.07540864740227736,0.38045584652395215,0,0,yield,0,0.09148361567739664,0.14864938356884064,7,1,840,0,0,0,0.0,0.13989650153433872,nan,0.2615711952726806
8.55,full,swap,0.07536987556341168,0.3814835211941945,0,0,yield,0,0.09165891525637153,0.1489378619098849,7,1,840,0,0,0,0.0,0.14066855682387314,nan,0.2615285911763855
8.6,full,swap,0.07533726072581604,0.3823887521593518,0,0,yield,0,0.09181170468354015,0.1491914179684256,7,1,840,0,0,0,0.0,0.1413549870884953,nan,0.2614880223757582
8.65,full,swap,0.07530966766188973,0.3831873627478351,0,0,yield,0,0.09194461136989694,0.14941444642762503,7,1,840,0,0,0,0.0,0.14196675779698026,nan,0.2614488386113073
8.700000000000001,full,swap,0.07528619310523091,0.383893185542067,0,0,yield,0,0.09206004465253702,0.1496107408781528,7,1,840,0,0,0,0.0,0.14251350305007432,nan,0.2614104142315635
8.75,full,swap,0.07526611517299892,0.3845182843905563,0,0,yield,0,0.09216018245391942,0.14978359039186434,7,1,840,0,0,0,0.0,0.14300362922582951,nan,0.26137215895015176
8.8,full,swap,0.07524885431616073,0.3850731423393882,0,0,yield,0,0.09224697244935286,0.1499358567358672,7,1,840,0,0,0,0.0,0.1434444058002601,nan,0.26133353319349106
8.85,full,swap,0.07523394305719672,0.3855668204183599,0,0,yield,0,0.09232214228086304,0.15007003690623524,7,1,840,0,0,0,0.0,0.14384204500426884,nan,0.261294068555178
8.9,full,swap,0.07522100247372585,0.38600709266438965,0,0,yield,0,0.09238721481872463,0.15018831443747963,7,1,840,0,0,0,0.0,0.14420177412570043,nan,0.2612533932093354
8.950000000000001,full,swap,0.07520972386588744,0.38640056363425035,0,0,yield,0,0.09244352599902426,0.15029260201420958,7,1,840,0,0,0,0.0,0.1445279058414171,nan,0.26121126094040614
9.0,full,swap,0.0751998544318933,0.3867527753230891,0,0,yield,0,0.09249224340339827,0.15038457725170076,7,1,840,0,0,0,0.0,0.14482391316335122,nan,0.26116758116871297
9.05,full,swap,0.07519118604182425,0.38706831090623994,0,0,yield,0,0.09253438456245854,0.1504657130376003,7,1,840,0,0,0,0.0,0.14509251552841052,nan,0.2611224458197442
9.1,full,swap,0.07518354642026644,0.3873509022624524,0,0,escalate,0,0.09257083420900235,0.1505373034997333,7,1,840,0,0,0,0.0,0.1305385101605646,nan,0.258761050764147
9.15,full,swap,0.08422746282192968,0.3583553803709377,0,0,escalate,0,0.09477419205628039,0.147324952603691,7,1,840,0,0,0,0.0,0.1181618854874397,nan,0.2562557172836101
9.200000000000001,full,swap,0.09317153614507682,0.33323531785972244,0,0,escalate,0,0.0839214383790851,0.1449423437461514,8,1,840,0,0,0,0.0,0.10619420135151234,nan,0.2535288332182767
9.25,full,swap,0.10171230903943082,0.3116340107968867,0,0,escalate,0,0.07507847560798153,0.14346931350979442,9,1,840,0,0,0,0.0,0.09639288000671692,nan,0.2506849875677225
9.3,full,swap,0.1095872728057185,0.29309197022638245,0,0,escalate,0,0.06719327413652076,0.14270358445898482,10,1,840,0,0,0,0.0,0.08837060316093825,nan,0.24783617238497324
9.35,full,swap,0.11681205683115799,0.2771661851621061,0,0,escalate,0,0.06072885359595789,0.14255062429620435,10,1,840,0,0,0,0.0,0.08162410385351579,nan,0.24492860655861237
9.4,full,swap,0.12331660526946224,0.26338017436515476,0,0,escalate,0,0.05542011658531529,0.14293892200987812,10,1,840,0,0,0,0.0,0.07604043568435562,nan,0.2419325402003244
9.450000000000001,full,swap,0.12914294628329964,0.2514617513472192,0,0,escalate,0,0.05108762279981513,0.14377569358715347,10,1,840,0,0,0,0.0,0.07149026339603719,nan,0.23878833010639122
9.5,full,swap,0.1343388641849219,0.24113956052254537,0,0,escalate,0,0.047564914398387365,0.14503561382929106,10,1,840,0,0,0,0.0,0.06789790741940421,nan,0.23544839590482336
9.55,full,swap,0.13894121611889998,0.2321822666631866,0,0,escalate,0,0.04473115016284815,0.13914256338024705,10,1,840,0,0,0,0.0,0.06475281584155593,nan,0.23186915551255305
9.600000000000001,full,swap,0.1429757723411959,0.22440305170365282,0,0,escalate,0,0.04251288533798808,0.13284093325684793,10,1,840,0,0,0,0.0,0.06042895991349496,nan,0.22802149245754688
9.65,full,swap,0.1464573458386245,0.21766199996087868,0,0,escalate,0,0.04088162750397753,0.12678076787312287,10,1,840,0,0,0,0.0,0.05670146667293658,nan,0.22392226508028334
9.700000000000001,full,swap,0.14938983322941893,0.21187391684629314,0,0,escalate,0,0.039851482045505704,0.12086207223984337,10,1,840,0,0,0,0.0,0.053031088842938265,nan,0.21969400660345284
9.75,full,swap,0.1517696022525458,0.20700827039770156,0,0,escalate,0,0.03945367764275279,0.11508260164139646,10,1,840,0,0,0,0.0,0.04907025068463265,nan,0.215778240030447
9.8,full,swap,0.15373235645131164,0.20173857328612474,0,0,escalate,0,0.03829047364902488,0.10928712572153827,10,1,840,0,0,0,0.0,0.04645850743660728,nan,0.21104190513469556
9.850000000000001,full,swap,0.1552371332202191,0.1968290100881199,0,0,escalate,0,0.03783370028581398,0.10309217596286606,10,1,840,0,0,0,0.0,0.045535824323793196,nan,0.20578551133660772
9.9,full,swap,0.15614120230535375,0.1921195884295339,0,0,escalate,0,0.03726657956569464,0.09653174792526427,10,1,840,0,0,0,0.0,0.0468128351255436,nan,0.20072406128606024
9.950000000000001,full,swap,0.15641062160960542,0.1875138100909221,0,0,escalate,0,0.0368042354091193,0.09019934972459616,10,1,840,0,0,0,0.0,0.04964833926863733,nan,0.19655631328916934
10.0,full,swap,0.15611389303130616,0.18288064702258428,0,0,escalate,0,0.03649378498161861,0.08470393059022403,10,1,840,0,0,0,0.0,0.05280804847963822,nan,0.1931446607798052
10.05,full,swap,0.15530310316549992,0.17800433385941092,0,0,escalate,0,0.03634375405780747,0.07993084143962013,10,1,840,0,0,0,0.0,0.05680007609655726,nan,0.1902695589886515
10.100000000000001,full,swap,0.15394411156556403,0.17264929727145595,0,0,escalate,0,0.03625866089424361,0.07585849014628435,10,1,840,0,0,0,0.0,0.06245521410116215,nan,0.18766019017730018
10.15,full,swap,0.15189745362670504,0.16668322918427725,0,0,escalate,0,0.03611340918542398,0.07256484374616658,11,1,840,0,0,0,0.0,0.0625504606828692,nan,0.18511038300743532
10.200000000000001,full,swap,0.14895312216779827,0.160118059029532,0,0,escalate,0,0.03598767200181188,0.06988835179554725,10,1,840,0,0,0,0.0,0.06272018479113635,nan,0.18257111388753466
10.25,full,swap,0.14493396058711977,0.15305669967213625,0,0,escalate,0,0.03601758237748348,0.0679154370270845,11,1,840,0,0,0,0.0,0.06431785990422952,nan,0.18101765418986326
10.3,full,swap,0.14009277488908242,0.1453235248781688,0,0,escalate,0,0.03582290919359271,0.06704476301046536,11,1,840,0,0,0,0.0,0.06712870225867981,nan,0.18099880660532708
10.350000000000001,full,swap,0.13458243838938141,0.13939031420344314,0,0,escalate,0,0.035581219790654955,0.0678355984796324,11,1,840,0,0,0,0.0,0.07104843262390297,nan,0.18210158349756667
10.4,full,swap,0.12931529000203618,0.13478559550638056,0,0,escalate,0,0.035551780046589015,0.06982100335019768,12,1,840,0,0,0,0.0,0.0735904236306541,nan,0.18407267621096624
10.450000000000001,full,swap,0.12423749625584102,0.13090436210603576,0,0,escalate,0,0.03551321207248259,0.07264553037544111,12,1,840,0,0,0,0.0,0.07468400408219485,nan,0.18695989186205286
10.5,full,swap,0.11917124681238656,0.12735213538181014,0,0,escalate,0,0.035375452461598816,0.07650908404962309,13,1,840,0,0,0,0.0,0.07484691616373283,nan,0.1903473040982856
10.55,full,swap,0.11426530052847636,0.12401507361709689,0,0,escalate,0,0.03532803743776969,0.08088892483451816,14,1,840,0,0,0,0.0,0.07136854864800198,nan,0.19410975475178838
10.600000000000001,full,swap,0.10999132678074029,0.120871321847184,0,0,escalate,0,0.03541847824714345,0.08560724715408428,14,1,840,0,0,0,0.0,0.06727793105731321,nan,0.1982567128479914
10.65,full,swap,0.11008552701812774,0.11797094922127817,0,0,escalate,0,0.03469167684180331,0.09057521316913959,14,1,840,0,0,0,0.0,0.06675341604755003,nan,0.2013780539156581
10.700000000000001,full,swap,0.11005850344055113,0.11557382035456934,0,0,escalate,0,0.033851919285930024,0.09460875189492103,14,1,840,0,0,0,0.0,0.06481934340361287,nan,0.20416978846248013
10.75,full,swap,0.10989908981271049,0.1138692152372779,0,0,escalate,0,0.033094154299914205,0.09816325034799696,14,1,840,0,0,0,0.0,0.06375398767834957,nan,0.20626218686018027
10.8,full,swap,0.10994560010565461,0.11248172077161549,0,0,escalate,0,0.03258952730594129,0.10099078281901137,14,1,840,0,0,0,0.0,0.0629768895997849,nan,0.20799402147600843
10.850000000000001,full,swap,0.10997632171853257,0.11140573111383577,0,0,escalate,0,0.03216446990754847,0.10337717093985117,14,1,840,0,0,0,0.0,0.06237852274581923,nan,0.20943952013628075
10.9,full,swap,0.10998441500848222,0.11056941631318316,0,0,escalate,0,0.03180564974384335,0.10540281714269602,14,1,840,0,0,0,0.0,0.061906849871296465,nan,0.21065003332186516
10.950000000000001,full,swap,0.10997477194458197,0.10991670256235934,0,0,escalate,0,0.03150447690227316,0.10712825474359437,13,1,840,0,0,0,0.0,0.06152877050584845,nan,0.21166650396705344
11.0,full,swap,0.10995173273969978,0.10940635521788183,0,0,escalate,0,0.03125267655746848,0.10860305491085044,13,1,840,0,0,0,0.0,0.06122213816503458,nan,0.2125218725873409
11.05,full,swap,0.10991874303854961,0.10900721290949598,0,0,escalate,0,0.031042663085909347,0.10986780018894803,13,1,840,0,0,0,0.0,0.060971471817575014,nan,0.21324292166458003
11.100000000000001,full,swap,0.10987850558829507,0.10869529886670481,0,0,escalate,0,0.03086774515115577,0.1109558604261879,13,1,840,0,0,0,0.0,0.06076548938002326,nan,0.21385164971517445
11.15,full,swap,0.10983315409223686,0.10845198040000265,0,0,escalate,0,0.030722163823322587,0.11189483806952298,13,1,840,0,0,0,0.0,0.060595667458900875,nan,0.2143662731983046
11.200000000000001,full,swap,0.1097843875385824,0.108262696456335,0,0,escalate,0,0.030601037824731045,0.11270769214345568,13,1,840,0,0,0,0.0,0.06045537962582114,nan,0.21480196444780064
11.25,full,swap,0.10973356495383045,0.10811602682487977,0,0,escalate,0,0.03050026765343307,0.1134136063545672,13,1,840,0,0,0,0.0,0.06033936310230698,nan,0.21517140861188977
11.3,full,swap,0.1096817724416409,0.10800298972290162,0,0,escalate,0,0.030416428719389835,0.11402866588685136,13,1,840,0,0,0,0.0,0.06024337395835774,nan,0.21548523580380674
11.350000000000001,full,swap,0.10962987246326776,0.10791650403005858,0,0,escalate,0,0.03034666868762885,0.11456639287299512,13,1,840,0,0,0,0.0,0.06016395380980084,nan,0.21575236505976847
11.4,full,swap,0.10957854214351752,0.10785097461656154,0,0,escalate,0,0.030288615481851758,0.11503817665193576,13,1,840,0,0,0,0.0,0.060098264302213975,nan,0.21598028369420919
11.450000000000001,full,swap,0.10952830434770944,0.1078019715020066,0,0,escalate,0,0.03024029777355948,0.11545362413923908,13,1,840,0,0,0,0.0,0.06004396484049196,nan,0.21617527750879073
11.5,full,swap,0.10947955367418769,0.10776598093668269,0,0,escalate,0,0.030200077613422402,0.11582084812789199,13,1,840,0,0,0,0.0,0.05999911922422884,nan,0.21634262244601843
11.55,full,swap,0.10943257857989634,0.10774021173454831,0,0,escalate,0,0.03016659397249795,0.11614670644206705,13,1,840,0,0,0,0.0,0.05996212245783662,nan,0.21648674510121457
11.600000000000001,full,swap,0.10938758030444168,0.10772244417787594,0,0,escalate,0,0.0301387157042161,0.11643700135612804,13,1,840,0,0,0,0.0,0.0599316421795958,nan,0.21661135763430106
11.65,full,swap,0.10934468900247982,0.10771091181194442,0,0,escalate,0,0.03011550247412055,0.11669664647466867,13,1,840,0,0,0,0.0,0.05990657146190542,nan,0.2167195714435396
11.700000000000001,full,swap,0.10930397756176824,0.10770420852597716,0,0,escalate,0,0.030096172357658033,0.11692980679597458,13,1,840,0,0,0,0.0,0.05988599008735938,nan,0.216813992951694
11.75,full,swap,0.10926547323492386,0.10770121540472476,0,0,escalate,0,0.030080074977254442,0.11714001635856121,13,1,840,0,0,0,0.0,0.059869132766475514,nan,0.21689680433750536
11.8,full,swap,0.10922916742160062,0.10770104288213603,0,0,escalate,0,0.030066669233615798,0.11733027715397383,13,1,840,0,0,0,0.0,0.059855362999743984,nan,0.21696983164029404
11.850000000000001,full,swap,0.10919502388637674,0.10770298479051213,0,0,escalate,0,0.03005550484128862,0.11750314243743835,13,1,840,0,0,0,0.0,0.05984415130535419,nan,0.21703460205879155
11.9,full,swap,0.10916298549900812,0.10770648186346146,0,0,escalate,0,0.03004620700935408,0.11766078676531704,13,1,840,0,0,0,0.0,0.059835057269513485,nan,0.2170923922527045
11.950000000000001,full,swap,0.10913297981681844,0.1077110925558661,0,0,escalate,0,0.03003846372830092,0.11780506503237802,14,1,840,0,0,0,0.0,0.059827714647362994,nan,0.21714426896741867
12.0,full,swap,0.10910492363830084,0.10771646968812323,0,0,escalate,0,0.03003201521337727,0.11793756216660599,14,1,840,0,0,0,0.0,0.0598218188419578,nan,0.21719112316172262
12.05,full,swap,0.10907872662442718,0.10772234177947117,0,0,escalate,0,0.030026645134063376,0.11805963494602102,14,1,840,0,0,0,0.0,0.05981711670299882,nan,0.21723369875369924
12.100000000000001,full,swap,0.10905429428083316,0.10772849794656743,0,0,escalate,0,0.03002217332633904,0.11817244729384364,14,1,840,0,0,0,0.0,0.05981339783717183,nan,0.21727261668685272
12.15,full,swap,0.10903153022795241,0.10773477585030229,0,0,escalate,0,0.03001844973217195,0.11827699992651751,14,1,840,0,0,0,0.0,0.05981048744720817,nan,0.21730839518059286
12.200000000000001,full,swap,0.1090103380149677,0.10774105193936671,0,0,escalate,0,0.030015349359913443,0.11837415539489839,14,1,840,0,0,0,0.0,0.059808240477319946,nan,0.21734146671793309
12.25,full,swap,0.10899062254049631,0.10774723354240784,0,0,escalate,0,0.03001276809167451,0.11846465918565204,14,1,840,0,0,0,0.0,0.059806536504217085,nan,0.21737219223270843
12.3,full,swap,0.10897229104118465,0.10775325258783343,0,0,escalate,0,0.030010619193277285,0.11854915745309806,14,1,840,0,0,0,0.0,0.05980527574691723,nan,0.21740087307072387
12.350000000000001,full,swap,0.10895525390660703,0.10775906042540202,0,0,escalate,0,0.03000883041054163,0.11862821204784162,14,1,840,0,0,0,0.0,0.05980437547654321,nan,0.21742776091577343
12.4,full,swap,0.10893942516130278,0.10776462376175958,0,0,escalate,0,0.030007341550449276,0.11870231310176234,14,1,840,0,0,0,0.0,0.05980376723053365,nan,0.21745306615885218
12.450000000000001,full,swap,0.10892472285025623,0.10776992130251342,0,0,escalate,0,0.030006102468040405,0.11877188970843645,14,1,840,0,0,0,0.0,0.059803394429938456,nan,0.21747696488928392
12.5,full,swap,0.10891106925818478,0.10777494106708477,0,0,escalate,0,0.030005071389469354,0.11883731894134288,14,1,840,0,0,0,0.0,0.059803210322660644,nan,0.21749960467870333
12.55,full,swap,0.10889839097524434,0.10777967827581834,0,0,escalate,0,0.030004213514864417,0.11889893339576336,14,1,840,0,0,0,0.0,0.0598031763525886,nan,0.21752110945027947
12.600000000000001,full,swap,0.10888661891858409,0.10778413361709743,0,0,escalate,0,0.030003499855005958,0.11895702761539083,14,1,840,0,0,0,0.0,0.05980326080275231,nan,0.21754158356723774
12.65,full,swap,0.1088756883005069,0.10778831184725757,0,0,escalate,0,0.0300029062620928,0.1190118635507836,14,1,840,0,0,0,0.0,0.05980343760588142,nan,0.21756111516774135
12.700000000000001,full,swap,0.10886553849354286,0.10779222072472197,0,0,escalate,0,0.03000241262190105,0.11906367509764289,14,1,840,0,0,0,0.0,0.05980368537464273,nan,0.21757977897416525
12.75,full,swap,0.10885611288911026,0.10779587014001785,0,0,escalate,0,0.0300020021808617,0.11911267197702206,14,1,840,0,0,0,0.0,0.059803986599972,nan,0.2175976386313322
12.8,full,swap,0.10884735872904054,0.10779927143829932,0,0,escalate,0,0.03000166098549094,0.11915904302160214,14,1,840,0,0,0,0.0,0.0598043270772226,nan,0.21761474866052632
12.850000000000001,full,swap,0.10883922695583366,0.10780243683748977,0,0,escalate,0,0.030001377415328948,0.11920295898337945,14,1,840,0,0,0,0.0,0.059804695177982425,nan,0.21763115601773209
12.9,full,swap,0.10883167195252574,0.10780537909243482,0,0,escalate,0,0.030001141793223426,0.1192445748421787,14,1,840,0,0,0,0.0,0.059805081582702646,nan,0.21764690147924404
12.950000000000001,full,swap,0.10882465141757072,0.10780811108844132,0,0,escalate,0,0.030000946061438175,0.11928403187454446,14,1,840,0,0,0,0.0,0.059805478727193905,nan,0.2176620206919181
13.0,full,swap,0.10881812610389444,0.10781064567329354,0,0,escalate,0,0.030000783510929455,0.11932145931282563,14,1,840,0,0,0,0.0,0.05980588058922224,nan,0.21767654509796797
13.05,full,swap,0.10881205966164678,0.10781299542920884,0,0,escalate,0,0.030000648556335843,0.11935697581769673,14,1,840,0,0,0,0.0,0.059806282385409075,nan,0.21769050267291312
13.100000000000001,full,swap,0.10880641843097626,0.10781517256125889,0,0,escalate,0,0.030000536548223752,0.11939069071518628,14,1,840,0,0,0,0.0,0.059806680380899105,nan,0.21770391855345805
13.15,full,swap,0.10880117127340162,0.10781718878765056,0,0,escalate,0,0.030000443616765696,0.11942270507424128,14,1,840,0,0,0,0.0,0.05980707162132036,nan,0.21771681550124178
13.200000000000001,full,swap,0.10879628935886317,0.1078190553190976,0,0,escalate,0,0.030000366541257997,0.11945311257519957,14,1,840,0,0,0,0.0,0.05980745389475103,nan,0.21772921435751813
13.25,full,swap,0.10879174604657676,0.10782078276706389,0,0,escalate,0,0.03000030264180524,0.11948200034032065,14,1,840,0,0,0,0.0,0.05980782551825039,nan,0.21774113434151265
13.3,full,swap,0.10878751669162971,0.10782238116455646,0,0,escalate,0,0.030000249688685962,0.11950944956609634,14,1,840,0,0,0,0.0,0.05980818528298992,nan,0.21775259334779407
13.350000000000001,full,swap,0.10878357851726739,0.10782385993790142,0,0,escalate,0,0.0300002058271175,0.11953553613735117,14,1,840,0,0,0,0.0,0.059808532370013205,nan,0.2177636081539528
13.4,full,swap,0.1087799104684339,0.10782522791617004,0,0,escalate,0,0.030000169514428146,0.11956033111028834,14,1,840,0,0,0,0.0,0.059808866192000154,nan,0.21777419458719238
13.450000000000001,full,swap,0.10877649306127464,0.1078264933744897,0,0,escalate,0,0.030000139467704592,0.11958390114355015,14,1,840,0,0,0,0.0,0.059809186494303244,nan,0.21778436770200582
13.5,full,swap,0.10877330831095725,0.10782766399126985,0,0,escalate,0,0.030000114620423277,0.11960630891382858,14,1,840,0,0,0,0.0,0.05980949314793586,nan,0.21779414185827084
13.55,full,swap,0.10877033956568828,0.10782874693551034,0,0,escalate,0,0.030000094085972553,0.11962761341507257,14,1,840,0,0,0,0.0,0.05980978620560451,nan,0.21780353083711745
13.600000000000001,full,swap,0.10876757143686906,0.107829748852093,0,0,escalate,0,0.030000077127568817,0.11964787027519318,14,1,840,0,0,0,0.0,0.05981006580665205,nan,0.2178125478875067
13.65,full,swap,0.10876498967649413,0.1078306759179454,0,0,escalate,0,0.030000063133019214,0.11966713199024386,14,1,840,0,0,0,0.0,0.05981033221406155,nan,0.21782120581866915
13.700000000000001,full,swap,0.10876258111574114,0.10783153383906979,0,0,escalate,0,0.0300000515938542,0.11968544819119169,14,1,840,0,0,0,0.0,0.05981058576467654,nan,0.21782951702008757
13.75,full,swap,0.10876033356798374,0.1078323278920942,0,0,escalate,0,0.030000042087831122,0.11970286582148452,14,1,840,0,0,0,0.0,0.05981082682757617,nan,0.21783749350929937
13.8,full,swap,0.10875823574822926,0.10783306296181443,0,0,escalate,0,0.03000003426442309,0.11971942933709857,14,1,840,0,0,0,0.0,0.05981105579947356,nan,0.21784514693438506
13.850000000000001,full,swap,0.10875627719657079,0.10783374356925501,0,0,escalate,0,0.030000027832713674,0.11973518084101863,14,1,840,0,0,0,0.0,0.059811273133974004,nan,0.21785248863922135
13.9,full,swap,0.10875444824184284,0.10783437386960305,0,0,escalate,0,0.030000022551397568,0.11975016028302331,14,1,840,0,0,0,0.0,0.05981147927668002,nan,0.2178595296371294
13.950000000000001,full,swap,0.10875273991117371,0.10783495770998869,0,0,escalate,0,0.030000018220342026,0.11976440554554434,14,1,840,0,0,0,0.0,0.059811674683552134,nan,0.21786628064369273
14.0,full,swap,0.10875114388819498,0.10783549863810622,0,0,escalate,0,0.03000001467365447,0.11977795259166595,14,1,840,0,0,0,0.0,0.05981185983589222,nan,0.21787275209877122
14.05,full,swap,0.10874965247332734,0.10783599991360997,0,0,escalate,0,0.030000011773900534,0.11979083558935895,14,1,840,0,0,0,0.0,0.05981203518861602,nan,0.2178789541432239
14.100000000000001,full,swap,0.10874825851360981,0.10783646455290426,0,0,escalate,0,0.03000000940723775,0.11980308698194382,14,1,840,0,0,0,0.0,0.05981220117926164,nan,0.217884896645424
14.15,full,swap,0.10874695537077002,0.10783689533986429,0,0,escalate,0,0.030000007479435944,0.11981473760709017,14,1,840,0,0,0,0.0,0.05981235826448436,nan,0.21789058919886506
14.200000000000001,full,swap,0.10874573688750445,0.10783729483365022,0,0,escalate,0,0.03000000591255024,0.1198258167731527,14,1,840,0,0,0,0.0,0.0598125068833981,nan,0.2178960411360954
14.25,full,swap,0.108744597350135,0.1078376653906202,0,0,escalate,0,0.030000004642137687,0.1198363523554943,14,1,840,0,0,0,0.0,0.05981264743576628,nan,0.21790126151203537
14.3,full,swap,0.10874353143936014,0.10783800919621599,0,0,escalate,0,0.030000003614940166,0.11984637085087406,14,1,840,0,0,0,0.0,0.05981278034156467,nan,0.21790625912869455
14.350000000000001,full,swap,0.10874253422374698,0.10783832825174672,0,0,escalate,0,0.030000002787001587,0.11985589746802829,14,1,840,0,0,0,0.0,0.05981290599665062,nan,0.21791104253279514
14.4,full,swap,0.1087416011196151,0.10783862440381406,0,0,escalate,0,0.030000002122057903,0.11986495619318062,14,1,840,0,0,0,0.0,0.05981302476802156,nan,0.21791562000767184
14.450000000000001,full,swap,0.10874072785865085,0.10783889936103212,0,0,escalate,0,0.030000001590208922,0.1198735698393799,14,1,840,0,0,0,0.0,0.05981313700087975,nan,0.2179199995794724
14.5,full,swap,0.10873991046648335,0.10783915470469663,0,0,escalate,0,0.030000001166831033,0.1198817601055182,14,1,840,0,0,0,0.0,0.05981324305650025,nan,0.21792418902914334
14.55,full,swap,0.10873914525465626,0.10783939188079227,0,0,escalate,0,0.03000000083167574,0.11988954764260586,14,1,840,0,0,0,0.0,0.059813343262715944,nan,0.21792819589639778
14.600000000000001,full,swap,0.10873842878716425,0.10783961222821214,0,0,escalate,0,0.0300000005681013,0.11989695210815109,14,1,840,0,0,0,0.0,0.05981343792388624,nan,0.2179320274650801
14.65,full,swap,0.10873775785953024,0.10783981698886388,0,0,escalate,0,0.030000000362445753,0.11990399219381452,14,1,840,0,0,0,0.0,0.059813527346123586,nan,0.21793569079787678
14.700000000000001,full,swap,0.1087371294963242,0.10784000729865542,0,0,escalate,0,0.030000000203517355,0.11991068570567097,14,1,840,0,0,0,0.0,0.05981361179946432,nan,0.21793919269592366
14.75,full,swap,0.10873654091195172,0.10784018422070704,0,0,escalate,0,0.030000000082148356,0.1199170495616164,14,1,840,0,0,0,0.0,0.05981369155699497,nan,0.21794253975067102
14.8,full,swap,0.1087359895206495,0.10784034872701764,0,0,escalate,0,0.029999999990856854,0.11992309988178544,14,1,840,0,0,0,0.0,0.05981376688308261,nan,0.21794573831882247
14.850000000000001,full,swap,0.10873547291135666,0.10784050171429634,0,0,escalate,0,0.029999999923539453,0.11992885199894464,14,1,840,0,0,0,0.0,0.05981383801824939,nan,0.21794879454142813
14.9,full,swap,0.10873498883391285,0.1078406440156277,0,0,escalate,0,0.029999999875229985,0.11993432051166643,14,1,840,0,0,0,0.0,0.05981390517313061,nan,0.21795171432618365
14.950000000000001,full,swap,0.10873453518186696,0.10784077640862258,0,0,escalate,0,0.0299999998418896,0.11993951929484524,14,1,840,0,0,0,0.0,0.059813968579613984,nan,0.2179545033806377
15.0,full,swap,0.10873411000049128,0.10784089960000141,0,0,escalate,0,0.02999999982025507,0.11994446156240048,14,1,840,0,0,0,0.0,0.05981402846473177,nan,0.21795716720759095
0.05,full+plan,swap,0.32140300669555155,0.3214030065374729,0,0,free,0,0.05676101943747254,0.16504642260436408,5,1,752,0,0,0,0.0,0.25,nan,0.21438105844945532
0.1,full+plan,swap,0.29074526774421366,0.2922191434633715,0,0,free,0,0.052311275350432576,0.15145276215285405,6,1,752,0,0,0,0.0,0.21889488958989592,nan,0.22044100470028483
0.15000000000000002,full+plan,swap,0.2620280968730823,0.2636032644757923,0,0,free,0,0.04862979789496015,0.1409684734263479,6,1,752,0,0,0,0.0,0.16310599550504667,nan,0.22595378652142994
0.2,full+plan,swap,0.2340599926332828,0.23528608926653302,0,0,free,0,0.04563646412326196,0.13131350009131199,10,1,832,0,0,0,0.0,0.14558875989189812,nan,0.22642397352383548
0.25,full+plan,swap,0.22526703490478595,0.22631456304570627,0,0,free,0,0.05515418406287968,0.12919978421074105,10,1,832,0,0,0,0.0,0.13064879139290583,nan,0.226821689828555
0.30000000000000004,full+plan,swap,0.21788249745952812,0.21877212475976154,0,0,free,0,0.06539821699277636,0.12783164443568382,10,1,832,0,0,0,0.0,0.1184627422456531,nan,0.22722265872729686
0.35000000000000003,full+plan,swap,0.21173176768969884,0.21244118379932284,0,0,free,0,0.07213401017231567,0.12694047427003516,10,1,833,0,0,0,0.0,0.108398965710444,nan,0.22755300056574213
0.4,full+plan,swap,0.2065630349380303,0.2070833320285517,0,0,free,0,0.07720734615747984,0.12653805083166855,10,1,833,0,0,0,0.0,0.09968010562606285,nan,0.2277332707846932
0.45,full+plan,swap,0.20220174060074217,0.20254197779896277,0,0,free,0,0.06996036398533884,0.1264752381595597,10,1,833,0,0,0,0.0,0.09247925683990307,nan,0.22774113095202442
0.5,full+plan,swap,0.1985134485622078,0.19868072467103146,0,0,free,0,0.06390227919661343,0.12670252379534613,10,1,833,0,0,0,0.0,0.08597522117385462,nan,0.22755235845266342
0.55,full+plan,swap,0.19538652526836495,0.19538589963828176,0,0,free,0,0.05884044195051946,0.12719237420099977,10,1,833,0,0,0,0.0,0.0806097056230385,nan,0.2271398857464887
0.6000000000000001,full+plan,swap,0.19272763594042838,0.19256194766407572,0,0,free,0,0.05461787515822755,0.12793458752011827,10,1,833,0,0,0,0.0,0.07626149915050533,nan,0.22647346414714298
0.65,full+plan,swap,0.19045828825321137,0.1901277986252683,0,0,free,0,0.051108247079711455,0.1289328651371339,10,1,833,0,0,0,0.0,0.07285195533773844,nan,0.22552042128521255
0.7000000000000001,full+plan,swap,0.1885123427373307,0.18801405330645182,0,0,free,0,0.04821288675308025,0.13020193954991366,10,1,833,0,0,0,0.0,0.07035838371925973,nan,0.22424855698097523
0.75,full+plan,swap,0.18683476334016508,0.186161112989803,0,0,free,0,0.04586016783816785,0.13176450896860292,10,1,833,0,0,0,0.0,0.06670662927089503,nan,0.22263338272822064
0.8,full+plan,swap,0.18538254765243764,0.18451885531388293,0,0,free,0,0.04400827415963157,0.1325485478308029,10,1,833,0,0,0,0.0,0.06334469814802014,nan,0.22065409787963175
0.8500000000000001,full+plan,swap,0.1842106787751152,0.1829777948174379,0,0,free,0,0.04265048934736365,0.1302312594589162,10,1,833,0,0,0,0.0,0.06009726846281286,nan,0.2187339759864525
0.9,full+plan,swap,0.18254309301582497,0.1823364345269641,0,0,free,0,0.041623117049694736,0.1278559013831762,10,1,833,0,0,0,0.0,0.05670238129334046,nan,0.21782197870537645
0.9500000000000001,full+plan,swap,0.1810346541944715,0.18134802836238947,0,0,free,0,0.040002000150929,0.12633302917753186,10,1,836,0,0,0,0.0,0.053906348758852224,nan,0.21723016909152137
1.0,full+plan,swap,0.1797424697639554,0.18035036681028302,0,0,free,0,0.03841618477865821,0.12504616768591786,10,1,836,0,0,0,0.0,0.05152482028117881,nan,0.21641933935191504
1.05,full+plan,swap,0.17853179251897883,0.17945608235496097,0,0,free,0,0.037101959157012726,0.12354843151942642,10,1,836,0,0,0,0.0,0.04903829726586574,nan,0.21511554500869268
1.1,full+plan,swap,0.17737185820354046,0.178612477979986,0,0,free,0,0.03603412155250968,0.12161646281427323,10,1,836,0,0,0,0.0,0.046436704793444035,nan,0.21328847110950389
1.1500000000000001,full+plan,swap,0.17621354418725346,0.17777112277116208,0,0,free,0,0.03519015885986354,0.11920421428403692,10,1,836,0,0,0,0.0,0.044506826798138034,nan,0.2109134644900904
1.2000000000000002,full+plan,swap,0.17500262025229135,0.17687939471733627,0,0,free,0,0.03455470395729027,0.11626488339943285,10,1,836,0,0,0,0.0,0.04366628931785808,nan,0.20796300941583945
1.25,full+plan,swap,0.17367815446990642,0.1758767626865898,0,0,free,0,0.034120896686318763,0.11274547155835137,10,1,837,0,0,0,0.0,0.04443905551230367,nan,0.20441094034372587
1.3,full+plan,swap,0.17217024544343512,0.174691431980684,0,0,free,0,0.03389135320885525,0.10859129831985444,10,1,837,0,0,0,0.0,0.04682594170657352,nan,0.20024006908465253
1.35,full+plan,swap,0.17039791852480862,0.17323755215698458,0,0,free,0,0.03387892521940472,0.10375467173931972,10,1,837,0,0,0,0.0,0.049223757673018745,nan,0.195458272316133
1.4000000000000001,full+plan,swap,0.16826690657790594,0.1714143777467022,0,0,free,0,0.03410560179042424,0.09821227462641012,10,1,837,0,0,0,0.0,0.05348978974276095,nan,0.1913528335072633
1.4500000000000002,full+plan,swap,0.16555884650069622,0.16917793265276468,0,0,free,0,0.03419337201735076,0.09309587703651644,10,1,837,0,0,0,0.0,0.0596405402982736,nan,0.18786244483236236
1.5,full+plan,swap,0.1622353694788769,0.16651586356276565,0,0,free,0,0.03420909425424709,0.08832774087966817,11,1,837,0,0,0,0.0,0.06679436168785864,nan,0.18479502396176029
1.55,full+plan,swap,0.15827981886192355,0.16337172406649678,0,0,free,0,0.03426025413112427,0.08371485849710993,11,1,840,0,0,0,0.0,0.06791420345245672,nan,0.18223952562655155
1.6,full+plan,swap,0.1536744901679517,0.15967782323602592,0,0,free,0,0.03430840317822559,0.07932921512094569,10,1,840,0,0,0,0.0,0.06811739044927079,nan,0.1808737635752965
1.6500000000000001,full+plan,swap,0.14961180566470061,0.15538568499731725,0,0,free,0,0.03447274010078824,0.0762106944224704,10,1,840,0,0,0,0.0,0.06929823078087388,nan,0.18044333771822318
1.7000000000000002,full+plan,swap,0.1456055736249591,0.1507624435162865,0,0,free,0,0.03466898512927727,0.07383618359544862,11,1,840,0,0,0,0.0,0.070069621490368,nan,0.18094408412354868
1.75,full+plan,swap,0.14171698298474922,0.14577862283529502,0,0,free,0,0.03485765373485558,0.07238547748236018,11,1,840,0,0,0,0.0,0.07095345644178873,nan,0.1823122289033935
1.8,full+plan,swap,0.1380249950925751,0.14049030812868174,0,0,free,0,0.035031157948206215,0.07190007828358626,11,1,840,0,0,0,0.0,0.07315623411479155,nan,0.18434561651874326
1.85,full+plan,swap,0.13456405321889167,0.13502106851699733,0,0,free,0,0.035162229309791404,0.07234065093667555,11,1,840,0,0,0,0.0,0.07324492967578544,nan,0.1867949848327396
1.9000000000000001,full+plan,swap,0.13124188093792863,0.1295064335844468,0,0,free,0,0.035153536072803165,0.07371328672336241,12,1,840,0,0,0,0.0,0.07375904484448785,nan,0.18964386705176672
1.9500000000000002,full+plan,swap,0.12803560934114613,0.12402254706980108,0,0,free,0,0.035105059034306774,0.07584200111248886,13,1,840,0,0,0,0.0,0.07140152474931198,nan,0.19283663843420318
2.0,full+plan,swap,0.12494784708835235,0.1186698669380724,0,0,free,0,0.03510192198091497,0.07855203297858065,13,1,840,0,0,0,0.0,0.06799178708387019,nan,0.19600866528808492
2.0500000000000003,full+plan,swap,0.12204693379278093,0.11367960790996999,0,0,free,0,0.03524210289164842,0.08143459944316168,13,1,840,0,0,0,0.0,0.06609317428517987,nan,0.1992753482234727
2.1,full+plan,swap,0.11924336910980564,0.11001557742848397,0,0,free,0,0.03531094792729264,0.0845659118633887,13,1,840,0,0,0,0.0,0.06486995283820778,nan,0.20216606642520463
2.15,full+plan,swap,0.11662002622072919,0.11014104603615228,0,0,free,0,0.03455978599014689,0.08745000234832163,13,1,840,0,0,0,0.0,0.06367397362752927,nan,0.20472330310032427
2.2,full+plan,swap,0.11459017507957459,0.11017956451592,0,0,free,0,0.03385551884302018,0.09006663497365812,13,1,840,0,0,0,0.0,0.06265207462306155,nan,0.2069128529876142
2.25,full+plan,swap,0.11301650970491765,0.11018273279323863,0,0,free,0,0.03324380472059671,0.09224938705530734,13,1,840,0,0,0,0.0,0.06180255312308932,nan,0.2087685432681886
2.3000000000000003,full+plan,swap,0.11179621810437174,0.11016599819842968,0,0,free,0,0.032722323569277095,0.09413627179369131,13,1,840,0,0,0,0.0,0.06109852667239098,nan,0.21033313733941938
2.35,full+plan,swap,0.1108502896936897,0.11013515722130422,0,0,free,0,0.03228090054171817,0.09575251577800188,13,1,840,0,0,0,0.0,0.06051459825288953,nan,0.21164729053404618
2.4000000000000004,full+plan,swap,0.11011718895017752,0.1100938517753463,0,0,free,0,0.03190879193116872,0.09712845523762535,13,1,840,0,0,0,0.0,0.0600295295525665,nan,0.21274768509589947
2.45,full+plan,swap,0.10954908936068604,0.11004487267966907,0,0,free,0,0.03159599547953601,0.09829459686268453,13,1,840,0,0,0,0.0,0.05962585451959672,nan,0.21366667619086088
2.5,full+plan,swap,0.10910896460708222,0.10999046456824017,0,0,free,0,0.031333582329435034,0.09927962597707983,13,1,840,0,0,0,0.0,0.0592892663443037,nan,0.21443239379806867
2.5500000000000003,full+plan,swap,0.10876821072489516,0.10993245690025233,0,0,free,0,0.031113757737057685,0.10010954193791803,13,1,840,0,0,0,0.0,0.0590080608647502,nan,0.21506904927756387
2.6,full+plan,swap,0.10850473663784352,0.1098723424308275,0,0,free,0,0.03092980941404125,0.10080737737011995,13,1,840,0,0,0,0.0,0.05877266092593586,nan,0.21559732947104437
2.6500000000000004,full+plan,swap,0.1083014629906641,0.10981133188684776,0,0,free,0,0.03077600846588202,0.10139322965466534,13,1,840,0,0,0,0.0,0.058575220245980573,nan,0.21603481393598545
2.7,full+plan,swap,0.10814515902001072,0.10975039639890062,0,0,free,0,0.03064749487092605,0.10188445151618479,13,1,840,0,0,0,0.0,0.058409298770422245,nan,0.21639638016449136
2.75,full+plan,swap,0.10802554940780228,0.1096903028970751,0,0,free,0,0.03054016326882067,0.10229591328717429,13,1,840,0,0,0,0.0,0.0582695992901278,nan,0.21669457874630915
2.8000000000000003,full+plan,swap,0.10793463177843328,0.1096316448342679,0,0,free,0,0.03045055647688788,0.1026402874513924,13,1,840,0,0,0,0.0,0.058151754847161646,nan,0.21693997062951775
2.85,full+plan,swap,0.10786615617905018,0.10957486928840948,0,0,free,0,0.030375769796613855,0.10292832840917888,13,1,840,0,0,0,0.0,0.05805215742421613,nan,0.21714142442290874
2.9000000000000004,full+plan,swap,0.10781522802089984,0.1095203009217252,0,0,free,0,0.03031336691085132,0.10316913348751562,13,1,840,0,0,0,0.0,0.05796781981491906,nan,0.217306374967268
2.95,full+plan,swap,0.10777800466665381,0.10946816307471445,0,0,free,0,0.030261307029571194,0.10337037887422006,13,1,840,0,0,0,0.0,0.05789626402813916,nan,0.2174410460730486
3.0,full+plan,swap,0.10775146293191865,0.10941859618137892,0,0,free,0,0.03021788239873141,0.10353852854750308,13,1,840,0,0,0,0.0,0.05783543081910593,nan,0.2175506410614293
3.0500000000000003,full+plan,swap,0.10773322031188025,0.10937167368646428,0,0,free,0,0.030181665069230812,0.10367901671325959,13,1,840,0,0,0,0.0,0.05778360611419326,nan,0.2176395048818781
3.1,full+plan,swap,0.10772139698956976,0.10932741564993229,0,0,yield,0,0.030151461782422284,0.10379640549452405,13,1,840,0,0,0,0.0,0.06332768240772549,nan,0.20952633270983434
3.1500000000000004,full+plan,swap,0.10753011185063507,0.12401932668467835,0,0,yield,0,0.02920389954365142,0.09671538793533134,13,1,840,0,0,0,0.0,0.07004064545808757,nan,0.20256909375624466
3.2,full+plan,swap,0.10816825556216199,0.14085703602989158,0,0,yield,0,0.030480936070197598,0.09061627130905818,12,1,840,0,0,0,0.0,0.07069583423304512,nan,0.1964150433144144
3.25,full+plan,swap,0.10921381159580344,0.15904635930749705,0,0,yield,0,0.032889270742431406,0.08533578435307203,10,1,840,0,0,0,0.0,0.07723526753265465,nan,0.1898593803914167
3.3000000000000003,full+plan,swap,0.11068197236703983,0.17863750982882887,0,0,yield,0,0.036489969893552146,0.07972339022527698,9,1,840,0,0,0,0.0,0.07936889942074046,nan,0.1866175075252844
3.35,full+plan,swap,0.10980447077255949,0.19856466419820018,0,0,yield,0,0.039042777521414815,0.07750038838037356,9,1,840,0,0,0,0.0,0.0748870205646143,nan,0.18655376370271382
3.4000000000000004,full+plan,swap,0.10770738879698312,0.2200881597329136,0,0,yield,0,0.04308660306587277,0.07837063107827062,8,1,840,0,0,0,0.0,0.06906230185904594,nan,0.18965953124679336
3.45,full+plan,swap,0.10421034860657051,0.2398379744868514,0,0,yield,0,0.04616047558343085,0.08200502353169935,9,1,840,0,0,0,0.0,0.06316400581985453,nan,0.19493380529455873
3.5,full+plan,swap,0.09984263105209709,0.2573158453822521,0,0,yield,0,0.04870330469324473,0.0878008814352939,9,1,840,0,0,0,0.0,0.06157477939214768,nan,0.2010261488943338
3.5500000000000003,full+plan,swap,0.09510689971556567,0.2724014706836424,0,0,yield,0,0.05117198705021722,0.0942492111203067,9,1,840,0,0,0,0.0,0.060671237809242086,nan,0.20849148001749007
3.6,full+plan,swap,0.0904840261938933,0.28523802095557627,0,0,yield,0,0.05031883865324002,0.10190380886843346,9,1,840,0,0,0,0.0,0.06468329963496128,nan,0.21436274987642856
3.6500000000000004,full+plan,swap,0.08686589430780776,0.29697842745772024,0,0,yield,0,0.05231727079628731,0.10788803018898536,8,1,840,0,0,0,0.0,0.0716845728389609,nan,0.22015431585048917
3.7,full+plan,swap,0.08412302335508993,0.30759486029249505,0,0,yield,0,0.05571684785708769,0.1136649244274907,8,1,840,0,0,0,0.0,0.08016804189536605,nan,0.22464213651741194
3.75,full+plan,swap,0.08180641425004659,0.3171191879612499,0,0,yield,0,0.059468601687376194,0.11818649156865564,8,1,840,0,0,0,0.0,0.08826351614023792,nan,0.22944094275872862
3.8000000000000003,full+plan,swap,0.0800940732551408,0.3256154429548649,0,0,yield,0,0.06262144520196944,0.1228297738537442,8,1,840,0,0,0,0.0,0.09555591348382192,nan,0.23331171976722553
3.85,full+plan,swap,0.07872728475985415,0.3331632223419866,0,0,yield,0,0.06579803933746742,0.1266101084833572,8,1,840,0,0,0,0.0,0.10246907123546539,nan,0.23691792917684362
3.9000000000000004,full+plan,swap,0.07774657199681809,0.3398477303368678,0,0,yield,0,0.0692172350631956,0.13005356683881886,7,1,840,0,0,0,0.0,0.10811473159172816,nan,0.2400178422846414
3.95,full+plan,swap,0.07702158378958071,0.34574589615335577,0,0,yield,0,0.07266822089774663,0.13298973768668065,7,1,840,0,0,0,0.0,0.11288239753900431,nan,0.24271018432032088
4.0,full+plan,swap,0.07648121314839033,0.3510180668835778,0,0,yield,0,0.07611457660796939,0.13551114604472275,7,1,840,0,0,0,0.0,0.11728518217096447,nan,0.24506892800711733
4.05,full+plan,swap,0.07607704693581907,0.35565143300507607,0,0,yield,0,0.07936306117794344,0.1376895358229659,7,1,840,0,0,0,0.0,0.12096957518405958,nan,0.24715033584111523
4.1000000000000005,full+plan,swap,0.07577465441177827,0.35971861360010926,0,0,yield,0,0.08237491399859119,0.13958118024174865,7,1,840,0,0,0,0.0,0.1242354747336233,nan,0.24899798237997472
4.15,full+plan,swap,0.07554883104172,0.3632857386803565,0,0,yield,0,0.08513562207224122,0.1412308483954789,7,1,840,0,0,0,0.0,0.12721172073558354,nan,0.2506462580097494
4.2,full+plan,swap,0.07538080066450675,0.36641237973257945,0,0,yield,0,0.08764559598154585,0.14267467529556066,7,1,840,0,0,0,0.0,0.12914488456484183,nan,0.25212280808666343
4.25,full+plan,swap,0.07525643851886697,0.3691517713653828,0,0,yield,0,0.08883165825895777,0.14394222751054314,7,1,840,0,0,0,0.0,0.13090297131152898,nan,0.2534502387622991
4.3,full+plan,swap,0.07516506567917668,0.371551202837332,0,0,yield,0,0.08936699570491057,0.14505799621026316,7,1,840,0,0,0,0.0,0.13250435791826773,nan,0.2546473196748621
4.3500000000000005,full+plan,swap,0.07509859040968822,0.37365249694371083,0,0,yield,0,0.08983558413859115,0.14604248617856064,7,1,840,0,0,0,0.0,0.13395354014824837,nan,0.25572984113521235
4.4,full+plan,swap,0.07505087703284834,0.37549252170844777,0,0,yield,0,0.09024419978502567,0.14691301989803435,7,1,840,0,0,0,0.0,0.13525858970013924,nan,0.2567112336946774
4.45,full+plan,swap,0.07501727347284545,0.37710370015055034,0,0,yield,0,0.09059952130985442,0.14768434022182364,7,1,840,0,0,0,0.0,0.13642950553010566,nan,0.25760302357628706
4.5,full+plan,swap,0.0749942541767221,0.37851449726599934,0,0,yield,0,0.09090785256107774,0.14836906974906217,7,1,840,0,0,0,0.0,0.13747957169403366,nan,0.2584151740130062
4.55,full+plan,swap,0.07497914905181133,0.3797520610120888,0,0,yield,0,0.09117498329349553,0.14897806730541896,7,1,840,0,0,0,0.0,0.13842057122338705,nan,0.25915634655145225
4.6000000000000005,full+plan,swap,0.07496993738542446,0.38083889703108226,0,0,yield,0,0.09140613537945495,0.14952070963097314,7,1,840,0,0,0,0.0,0.13926297347068858,nan,0.2598341053247203
4.65,full+plan,swap,0.07496509114118502,0.3817938703580596,0,0,yield,0,0.0916059603580092,0.1499692950943547,7,1,840,0,0,0,0.0,0.1400168345915516,nan,0.26045508013020713
4.7,full+plan,swap,0.07496345587260421,0.3826335972525443,0,0,yield,0,0.09177856588341725,0.15013310176240108,7,1,840,0,0,0,0.0,0.14069162839762925,nan,0.26102509900975635
4.75,full+plan,swap,0.07496416028210881,0.38337271005503337,0,0,yield,0,0.09192755723306321,0.15027460975548926,7,1,840,0,0,0,0.0,0.1412961575611779,nan,0.26154929786273573
4.800000000000001,full+plan,swap,0.07496654759282474,0.3840240919464499,0,0,yield,0,0.09205608502062439,0.15039674424713703,7,1,840,0,0,0,0.0,0.1418385171623872,nan,0.2620322122508968
4.8500000000000005,full+plan,swap,0.07497012350138038,0.38459908361095974,0,0,yield,0,0.09216689407775029,0.04291208581672766,9,1,841,0,0,0,0.0,0.1417404716850875,nan,0.2631652816815223
4.9,full+plan,swap,0.07497236836189726,0.3851076637089131,0,0,yield,0,0.09242345616215174,0.04387322643700366,9,1,841,0,0,0,0.0,0.14172631503913388,nan,0.2629259452005289
4.95,full+plan,swap,0.07500884443768575,0.385558604987572,0,0,yield,0,0.0927426384169998,0.044700348134190104,9,1,841,0,0,0,0.0,0.1417663497853609,nan,0.26271343648415046
5.0,full+plan,swap,0.07506278371461558,0.38595960766903603,0,0,yield,0,0.09309332002833363,0.04541374861495494,9,1,841,0,0,0,0.0,0.14184201364501342,nan,0.26252398818631917
5.050000000000001,full+plan,swap,0.07512467993874512,0.38631741173690143,0,0,yield,0,0.0934532460295686,0.04602990960506602,9,1,841,0,0,0,0.0,0.1419412433232005,nan,0.26235425176008
5.1000000000000005,full+plan,swap,0.07518898816865253,0.3866378897240718,0,0,yield,0,0.09380721713259559,0.046562549102588974,9,1,841,0,0,0,0.0,0.15938990403256903,nan,0.26063035246162725
5.15,full+plan,swap,0.10289881737000608,0.3691051815136056,0,0,yield,0,0.09929555771305996,0.14757082575608882,7,1,840,0,0,0,0.0,0.14480038330669778,nan,0.25625240173748776
5.2,full+plan,swap,0.13335490093802782,0.3237364308804227,0,0,yield,0,0.10246763521078393,0.1453720423813376,8,1,840,0,0,0,0.0,0.1336716784217108,nan,0.25547881174452314
5.25,full+plan,swap,0.16345441756016463,0.284375262019798,0,0,yield,0,0.09943701442552703,0.15130407497426146,10,1,840,0,0,0,0.0,0.12570779552319364,nan,0.2567621649463082
5.300000000000001,full+plan,swap,0.19149942052166516,0.2502552742518721,0,0,yield,0,0.09307395791958072,0.16218448371775301,12,1,840,0,0,0,0.0,0.11869195467248805,nan,0.2574328758495473
5.3500000000000005,full+plan,swap,0.21599116350739203,0.2193104153621072,0,0,yield,0,0.08599742707957674,0.15904939290924675,12,1,840,0,0,0,0.0,0.11281467082053488,nan,0.25784762307123
5.4,full+plan,swap,0.2374300391280812,0.19199642661808097,0,0,yield,0,0.07999472718821259,0.15055211599773743,11,1,840,0,0,0,0.0,0.10832132682769093,nan,0.25814572885436815
5.45,full+plan,swap,0.256204293445701,0.16819957897155727,0,0,yield,0,0.07513707234601755,0.14576338014004842,10,1,840,0,0,0,0.0,0.10508776681862186,nan,0.25836087144972886
5.5,full+plan,swap,0.27264987154533676,0.1474531837132813,0,0,yield,0,0.07111621753123082,0.14350817934413257,9,1,840,0,0,0,0.0,0.10226744951710416,nan,0.2585170871799448
5.550000000000001,full+plan,swap,0.28705627641644144,0.129353692787358,0,0,yield,0,0.06777838935889655,0.14221281794228002,9,1,840,0,0,0,0.0,0.10032077801531028,nan,0.258631848291791
5.6000000000000005,full+plan,swap,0.2996754295585237,0.11355399386211273,0,0,yield,0,0.0649975749636745,0.14019470943830314,9,1,840,0,0,0,0.0,0.09903118093806601,nan,0.2585555101644724
5.65,full+plan,swap,0.31072770014153694,0.09975566236731424,0,0,yield,0,0.06267276434527602,0.13940513801681056,8,1,840,0,0,0,0.0,0.09804169849626303,nan,0.2571212814193199
5.7,full+plan,swap,0.32040967576655477,0.08770175771176918,0,0,yield,0,0.0607049378081298,0.13947665677460933,8,1,840,0,0,0,0.0,0.09927060556987363,nan,0.25753265474531417
5.75,full+plan,swap,0.32893758897612946,0.080664554925299,0,0,yield,0,0.06311124266547283,0.13994908069516762,8,1,840,0,0,0,0.0,0.10435492613403476,nan,0.2590262965646667
5.800000000000001,full+plan,swap,0.3363967878635584,0.07907477010821624,0,0,yield,0,0.06827388269015938,0.14190591000069816,8,1,840,0,0,0,0.0,0.10913388133520124,nan,0.2590947461668388
5.8500000000000005,full+plan,swap,0.34291977490618875,0.07824016050061444,0,0,yield,0,0.07309299393182989,0.14438168942973226,7,1,840,0,0,0,0.0,0.11345938507073801,nan,0.25915122626619913
5.9,full+plan,swap,0.3486233241163808,0.07760742329801182,0,0,yield,0,0.07736144169005377,0.14645500440816245,7,1,840,0,0,0,0.0,0.11734129117027334,nan,0.25920001029409423
5.95,full+plan,swap,0.3536101161098242,0.0771213991494656,0,0,yield,0,0.08113144993479264,0.14820244642248562,7,1,840,0,0,0,0.0,0.12071695836298034,nan,0.25924422028306593
6.0,full+plan,swap,0.3579702583528876,0.07674385520983222,0,0,yield,0,0.08445482198700326,0.14968447197455195,7,1,840,0,0,0,0.0,0.12367243637330941,nan,0.25928607832473627
6.050000000000001,full+plan,swap,0.361782695431361,0.07644774083789713,0,0,yield,0,0.08738064124519927,0.150948795647655,7,1,840,0,0,0,0.0,0.1262980769320881,nan,0.2593271146355426
6.1000000000000005,full+plan,swap,0.36511650545373264,0.07621353643968153,0,0,yield,0,0.08891078512967908,0.15203318758073736,7,1,840,0,0,0,0.0,0.12862435399929678,nan,0.2593683362886151
6.15,full+plan,swap,0.3680320788650487,0.07602690500554363,0,0,yield,0,0.0893703109197828,0.15296769891203868,7,1,840,0,0,0,0.0,0.13068116913213015,nan,0.25941036151438823
6.2,full+plan,swap,0.3705821793591814,0.07587715491922531,0,0,yield,0,0.08978814469817036,0.15377639987250277,7,1,840,0,0,0,0.0,0.1324973854409971,nan,0.2594535831890886
6.25,full+plan,swap,0.37281335792677417,0.07575621213688152,0,0,yield,0,0.09016394286733696,0.15447872279720234,7,1,840,0,0,0,0.0,0.13410214855280733,nan,0.2594983376400096
6.300000000000001,full+plan,swap,0.37476846249442197,0.07565791681248725,0,0,yield,0,0.09049906339137863,0.15509049286831536,7,1,840,0,0,0,0.0,0.13551931322156388,nan,0.25954421256790294
6.3500000000000005,full+plan,swap,0.3764822519210049,0.07557753063462368,0,0,yield,0,0.09079590680425685,0.15562471591380778,7,1,840,0,0,0,0.0,0.13677060534529709,nan,0.2595907716485498
6.4,full+plan,swap,0.3779851868493502,0.07551138421357548,0,0,yield,0,0.09105744874551107,0.1560921792414541,7,1,840,0,0,0,0.0,0.13787565981418973,nan,0.2596375678230479
6.45,full+plan,swap,0.3793039661567909,0.07545661990634771,0,0,yield,0,0.09128691615332656,0.1565019098297891,7,1,840,0,0,0,0.0,0.13885211923740443,nan,0.2596841515104359
6.5,full+plan,swap,0.38046199602946906,0.07541100129994883,0,0,yield,0,0.0914875698268121,0.15686152448406926,7,1,840,0,0,0,0.0,0.13971576514595818,nan,0.25973007514047
6.550000000000001,full+plan,swap,0.3814797993026989,0.07537277032004333,0,0,yield,0,0.09166256452106468,0.15717749857583113,7,1,840,0,0,0,0.0,0.140480663125888,nan,0.25977489523657316
6.6000000000000005,full+plan,swap,0.3823753716944573,0.07534053902307576,0,0,yield,0,0.09181486460988862,0.15745537359794326,7,1,840,0,0,0,0.0,0.14115930976399635,nan,0.2598181731458852
6.65,full+plan,swap,0.38316449070142977,0.07531320705518983,0,0,yield,0,0.09194719859623406,0.15769991883781354,7,1,840,0,0,0,0.0,0.1417627734288764,nan,0.2598594754916538
6.7,full+plan,swap,0.38386098207316627,0.0752898983366936,0,0,yield,0,0.09206204008092277,0.15791525860640188,7,1,840,0,0,0,0.0,0.1423008238838538,nan,0.25989837541650884
6.75,full+plan,swap,0.3844769482349196,0.07526991227887635,0,0,yield,0,0.09216160620849338,0.15810497352972422,7,1,840,0,0,0,0.0,0.1427820477830891,nan,0.259934455736721
6.800000000000001,full+plan,swap,0.38502296252286267,0.07525268606458173,0,0,yield,0,0.09224786713908621,0.1582721821114803,7,1,840,0,0,0,0.0,0.14321394865180392,nan,0.2599673151323504
6.8500000000000005,full+plan,swap,0.3855082328989318,0.07523776539540146,0,0,yield,0,0.09232256194223314,0.15841960730457555,7,1,840,0,0,0,0.0,0.14360303147701778,nan,0.2599965784648851
6.9,full+plan,swap,0.38594073885742725,0.07522478174522446,0,0,yield,0,0.09238721780441715,0.1585496314652003,7,1,840,0,0,0,0.0,0.14395487346308894,nan,0.2600219121018593
6.95,full+plan,swap,0.3863273456422343,0.07521343462403342,0,0,yield,0,0.09244317053018451,0.15866434220745415,7,1,840,0,0,0,0.0,0.14427418401968728,nan,0.2600430446556775
7.0,full+plan,swap,0.38667390056100226,0.0752034777172802,0,0,yield,0,0.09249158488814628,0.15876557111577513,7,1,840,0,0,0,0.0,0.14456485866872923,nan,0.26005979282078984
7.050000000000001,full+plan,swap,0.38698531705107736,0.0751947080208009,0,0,yield,0,0.09253347414029493,0.1588549266016537,7,1,840,0,0,0,0.0,0.1448300327900352,nan,0.26007209083783966
7.1000000000000005,full+plan,swap,0.38726565294562637,0.07518695730555558,0,0,yield,0,0.0925697181019499,0.1589338221371433,7,1,840,0,0,0,0.0,0.1314983163432117,nan,0.260793931520252
7.15,full+plan,swap,0.3413203595636616,0.10208001719624328,0,0,yield,0,0.09446569465959546,0.14819711249392328,8,1,840,0,0,0,0.0,0.12241517525618399,nan,0.26098187240782533
7.2,full+plan,swap,0.3007521159031717,0.13242727764614293,0,0,yield,0,0.08545016836685991,0.14253782630238893,8,1,840,0,0,0,0.0,0.11337625581940125,nan,0.26070953646206385
7.25,full+plan,swap,0.26327431401340345,0.16243456885654486,0,0,yield,0,0.0776951344469945,0.14337619915128558,8,1,840,0,0,0,0.0,0.10626840554701089,nan,0.25991651176542685
7.300000000000001,full+plan,swap,0.23029465343842717,0.19060226455998036,0,0,yield,0,0.07210481973957908,0.146695964881714,12,1,840,0,0,0,0.0,0.10131296644654075,nan,0.259070802163596
7.3500000000000005,full+plan,swap,0.20166032603530787,0.21519905742586834,0,0,yield,0,0.06758481882134573,0.1522781964807845,12,1,840,0,0,0,0.0,0.0979386806921599,nan,0.25800545704618305
7.4,full+plan,swap,0.17663898634593383,0.236731466716802,0,0,yield,0,0.06421905133606101,0.15399565465852316,12,1,840,0,0,0,0.0,0.09563157835025098,nan,0.2569355362560731
7.45,full+plan,swap,0.1548299502667799,0.25558871692543295,0,0,yield,0,0.06158242884655474,0.1456677676419995,11,1,840,0,0,0,0.0,0.0942410324088764,nan,0.2559004452508994
7.5,full+plan,swap,0.13580472708960217,0.2721078206866902,0,0,yield,0,0.05947071834731166,0.1400208337934376,11,1,840,0,0,0,0.0,0.09356294607769465,nan,0.25492122918868476
7.550000000000001,full+plan,swap,0.1191956468460427,0.2865792855299225,0,0,yield,0,0.05776879179469266,0.13643454312523434,10,1,840,0,0,0,0.0,0.09279980205268626,nan,0.2540076106117356
7.6000000000000005,full+plan,swap,0.10468775214912067,0.2992559481903338,0,0,yield,0,0.05638742216297166,0.13438535362939225,9,1,840,0,0,0,0.0,0.09243348976457036,nan,0.2531627869809018
7.65,full+plan,swap,0.09201076573176883,0.31035373164046365,0,0,yield,0,0.05523891879777734,0.13276573376936596,9,1,840,0,0,0,0.0,0.09550782893063083,nan,0.25363634312386096
7.7,full+plan,swap,0.08370938304088886,0.32013729216522113,0,0,yield,0,0.05769609704564582,0.13121335958195793,8,1,840,0,0,0,0.0,0.10073056300450932,nan,0.25549837220334515
7.75,full+plan,swap,0.08077492526523428,0.3286974935024089,0,0,yield,0,0.06335222931778067,0.132613897099912,8,1,840,0,0,0,0.0,0.1055136813669771,nan,0.25743876229055507
7.800000000000001,full+plan,swap,0.0792559907921336,0.3361849335263428,0,0,yield,0,0.06841433768132152,0.13468312782530906,8,1,840,0,0,0,0.0,0.10997812078989314,nan,0.2595731720616198
7.8500000000000005,full+plan,swap,0.07835836179014107,0.342732680675066,0,0,yield,0,0.07313020225351699,0.13705454561083416,7,1,840,0,0,0,0.0,0.11400310726169936,nan,0.26131254474174936
7.9,full+plan,swap,0.07768647422261643,0.3484580196006616,0,0,yield,0,0.07732691873732633,0.13903562791691756,7,1,840,0,0,0,0.0,0.11765164201820114,nan,0.2624687914814595
7.95,full+plan,swap,0.07717537691099272,0.35346407013206166,0,0,yield,0,0.08104678503796507,0.1406677403489693,7,1,840,0,0,0,0.0,0.12093175515189172,nan,0.26235943397241457
8.0,full+plan,swap,0.07678123838289229,0.35784130569181677,0,0,yield,0,0.08433520383156538,0.14204508928434537,7,1,840,0,0,0,0.0,0.12386351240454972,nan,0.26225526940542065
8.05,full+plan,swap,0.07647377866490443,0.36166897013615396,0,0,yield,0,0.087236998999327,0.14321655253122342,7,1,840,0,0,0,0.0,0.12647286971544738,nan,0.26215749582279735
8.1,full+plan,swap,0.07623158632025533,0.3650163844186794,0,0,yield,0,0.08895770296921977,0.14421849372856543,7,1,840,0,0,0,0.0,0.12878804595055474,nan,0.26206678606577183
8.15,full+plan,swap,0.0760391911988543,0.3679441363655512,0,0,yield,0,0.08939764583952968,0.14507983025063004,7,1,840,0,0,0,0.0,0.13083833806440603,nan,0.2619834845707699
8.200000000000001,full+plan,swap,0.07588520334977716,0.37050606145045206,0,0,yield,0,0.08980260063489535,0.14582364911035323,7,1,840,0,0,0,0.0,0.13265377892873487,nan,0.26190757906505635
8.25,full+plan,swap,0.07576110365422184,0.37275095468801833,0,0,yield,0,0.09017015634375801,0.14646849896665987,7,1,840,0,0,0,0.0,0.1342596535653721,nan,0.261838462361628
8.3,full+plan,swap,0.07566043810793899,0.3747187083604106,0,0,yield,0,0.09050020463923412,0.1470294009749906,7,1,840,0,0,0,0.0,0.1356793976191945,nan,0.2617754805888649
8.35,full+plan,swap,0.07557826684654309,0.3764442810682287,0,0,yield,0,0.09079411295120275,0.14751862903808588,7,1,840,0,0,0,0.0,0.1369344597208572,nan,0.26171795423253774
8.4,full+plan,swap,0.07551077774714392,0.3779583111869397,0,0,yield,0,0.09105413467839345,0.14794630715881918,7,1,840,0,0,0,0.0,0.13804429079355282,nan,0.2616651924161769
8.450000000000001,full+plan,swap,0.07545500921407376,0.37928765334866205,0,0,yield,0,0.09128299633000135,0.1483208647949246,7,1,840,0,0,0,0.0,0.13902640826428286,nan,0.2616165023136984
8.5,full+plan,swap,0.07540864740227736,0.38045584652395215,0,0,yield,0,0.09148361567739664,0.14864938356884064,7,1,840,0,0,0,0.0,0.13989650153433872,nan,0.2615711952726806
8.55,full+plan,swap,0.07536987556341168,0.3814835211941945,0,0,yield,0,0.09165891525637153,0.1489378619098849,7,1,840,0,0,0,0.0,0.14066855682387314,nan,0.2615285911763855
8.6,full+plan,swap,0.07533726072581604,0.3823887521593518,0,0,yield,0,0.09181170468354015,0.1491914179684256,7,1,840,0,0,0,0.0,0.1413549870884953,nan,0.2614880223757582
8.65,full+plan,swap,0.07530966766188973,0.3831873627478351,0,0,yield,0,0.09194461136989694,0.14941444642762503,7,1,840,0,0,0,0.0,0.14196675779698026,nan,0.2614488386113073
8.700000000000001,full+plan,swap,0.07528619310523091,0.383893185542067,0,0,yield,0,0.09206004465253702,0.1496107408781528,7,1,840,0,0,0,0.0,0.14251350305007432,nan,0.2614104142315635
8.75,full+plan,swap,0.07526611517299892,0.3845182843905563,0,0,yield,0,0.09216018245391942,0.14978359039186434,7,1,840,0,0,0,0.0,0.14300362922582951,nan,0.26137215895015176
8.8,full+plan,swap,0.07524885431616073,0.3850731423393882,0,0,yield,0,0.09224697244935286,0.1499358567358672,7,1,840,0,0,0,0.0,0.1434444058002601,nan,0.26133353319349106
8.85,full+plan,swap,0.07523394305719672,0.3855668204183599,0,0,yield,0,0.09232214228086304,0.15007003690623524,7,1,840,0,0,0,0.0,0.14384204500426884,nan,0.261294068555178
8.9,full+plan,swap,0.07522100247372585,0.38600709266438965,0,0,yield,0,0.09238721481872463,0.15018831443747963,7,1,840,0,0,0,0.0,0.14420177412570043,nan,0.2612533932093354
8.950000000000001,full+plan,swap,0.07520972386588744,0.38640056363425035,0,0,yield,0,0.09244352599902426,0.15029260201420958,7,1,840,0,0,0,0.0,0.1445279058414171,nan,0.26121126094040614
9.0,full+plan,swap,0.0751998544318933,0.3867527753230891,0,0,yield,0,0.09249224340339827,0.15038457725170076,7,1,840,0,0,0,0.0,0.14482391316335122,nan,0.26116758116871297
9.05,full+plan,swap,0.07519118604182425,0.38706831090623994,0,0,yield,0,0.09253438456245854,0.1504657130376003,7,1,840,0,0,0,0.0,0.14509251552841052,nan,0.2611224458197442
9.1,full+plan,swap,0.07518354642026644,0.3873509022624524,0,0,escalate,0,0.09257083420900235,0.1505373034997333,7,1,840,0,0,0,0.0,0.1305385101605646,nan,0.258761050764147
9.15,full+plan,swap,0.08422746282192968,0.3583553803709377,0,0,escalate,0,0.09477419205628039,0.147324952603691,7,1,840,0,0,0,0.0,0.1181618854874397,nan,0.2562557172836101
9.200000000000001,full+plan,swap,0.09317153614507682,0.33323531785972244,0,0,escalate,0,0.0839214383790851,0.1449423437461514,8,1,840,0,0,0,0.0,0.10619420135151234,nan,0.2535288332182767
9.25,full+plan,swap,0.10171230903943082,0.3116340107968867,0,0,escalate,0,0.07507847560798153,0.14346931350979442,9,1,840,0,0,0,0.0,0.09639288000671692,nan,0.2506849875677225
9.3,full+plan,swap,0.1095872728057185,0.29309197022638245,0,0,escalate,0,0.06719327413652076,0.14270358445898482,10,1,840,0,0,0,0.0,0.08837060316093825,nan,0.24783617238497324
9.35,full+plan,swap,0.11681205683115799,0.2771661851621061,0,0,escalate,0,0.06072885359595789,0.14255062429620435,10,1,840,0,0,0,0.0,0.08162410385351579,nan,0.24492860655861237
9.4,full+plan,swap,0.12331660526946224,0.26338017436515476,0,0,escalate,0,0.05542011658531529,0.14293892200987812,10,1,840,0,0,0,0.0,0.07604043568435562,nan,0.2419325402003244
9.450000000000001,full+plan,swap,0.12914294628329964,0.2514617513472192,0,0,escalate,0,0.05108762279981513,0.14377569358715347,10,1,840,0,0,0,0.0,0.07149026339603719,nan,0.23878833010639122
9.5,full+plan,swap,0.1343388641849219,0.24113956052254537,0,0,escalate,0,0.047564914398387365,0.14503561382929106,10,1,840,0,0,0,0.0,0.06789790741940421,nan,0.23544839590482336
9.55,full+plan,swap,0.13894121611889998,0.2321822666631866,0,0,escalate,0,0.04473115016284815,0.13914256338024705,10,1,840,0,0,0,0.0,0.06475281584155593,nan,0.23186915551255305
9.600000000000001,full+plan,swap,0.1429757723411959,0.22440305170365282,0,0,escalate,0,0.04251288533798808,0.13284093325684793,10,1,840,0,0,0,0.0,0.06042895991349496,nan,0.22802149245754688
9.65,full+plan,swap,0.1464573458386245,0.21766199996087868,0,0,escalate,0,0.04088162750397753,0.12678076787312287,10,1,840,0,0,0,0.0,0.05670146667293658,nan,0.22392226508028334
9.700000000000001,full+plan,swap,0.14938983322941893,0.21187391684629314,0,0,escalate,0,0.039851482045505704,0.12086207223984337,10,1,840,0,0,0,0.0,0.053031088842938265,nan,0.21969400660345284
9.75,full+plan,swap,0.1517696022525458,0.20700827039770156,0,0,escalate,0,0.03945367764275279,0.11508260164139646,10,1,840,0,0,0,0.0,0.04907025068463265,nan,0.215778240030447
9.8,full+plan,swap,0.15373235645131164,0.20173857328612474,0,0,escalate,0,0.03829047364902488,0.10928712572153827,10,1,840,0,0,0,0.0,0.04645850743660728,nan,0.21104190513469556
9.850000000000001,full+plan,swap,0.1552371332202191,0.1968290100881199,0,0,escalate,0,0.03783370028581398,0.10309217596286606,10,1,840,0,0,0,0.0,0.045535824323793196,nan,0.20578551133660772
9.9,full+plan,swap,0.15614120230535375,0.1921195884295339,0,0,escalate,0,0.03726657956569464,0.09653174792526427,10,1,840,0,0,0,0.0,0.0468128351255436,nan,0.20072406128606024
9.950000000000001,full+plan,swap,0.15641062160960542,0.1875138100909221,0,0,escalate,0,0.0368042354091193,0.09019934972459616,10,1,840,0,0,0,0.0,0.04964833926863733,nan,0.19655631328916934
10.0,full+plan,swap,0.15611389303130616,0.18288064702258428,0,0,escalate,0,0.03649378498161861,0.08470393059022403,10,1,840,0,0,0,0.0,0.05280804847963822,nan,0.1931446607798052
10.05,full+plan,swap,0.15530310316549992,0.17800433385941092,0,0,escalate,0,0.03634375405780747,0.07993084143962013,10,1,840,0,0,0,0.0,0.05680007609655726,nan,0.1902695589886515
10.100000000000001,full+plan,swap,0.15394411156556403,0.17264929727145595,0,0,escalate,0,0.03625866089424361,0.07585849014628435,10,1,840,0,0,0,0.0,0.06245521410116215,nan,0.18766019017730018
10.15,full+plan,swap,0.15189745362670504,0.16668322918427725,0,0,escalate,0,0.03611340918542398,0.07256484374616658,11,1,840,0,0,0,0.0,0.0625504606828692,nan,0.18511038300743532
10.200000000000001,full+plan,swap,0.14895312216779827,0.160118059029532,0,0,escalate,0,0.03598767200181188,0.06988835179554725,10,1,840,0,0,0,0.0,0.06272018479113635,nan,0.18257111388753466
10.25,full+plan,swap,0.14493396058711977,0.15305669967213625,0,0,escalate,0,0.03601758237748348,0.0679154370270845,11,1,840,0,0,0,0.0,0.06431785990422952,nan,0.18101765418986326
10.3,full+plan,swap,0.14009277488908242,0.1453235248781688,0,0,escalate,0,0.03582290919359271,0.06704476301046536,11,1,840,0,0,0,0.0,0.06712870225867981,nan,0.18099880660532708
10.350000000000001,full+plan,swap,0.13458243838938141,0.13939031420344314,0,0,escalate,0,0.035581219790654955,0.0678355984796324,11,1,840,0,0,0,0.0,0.07104843262390297,nan,0.18210158349756667
10.4,full+plan,swap,0.12931529000203618,0.13478559550638056,0,0,escalate,0,0.035551780046589015,0.06982100335019768,12,1,840,0,0,0,0.0,0.0735904236306541,nan,0.18407267621096624
10.450000000000001,full+plan,swap,0.12423749625584102,0.13090436210603576,0,0,escalate,0,0.03551321207248259,0.07264553037544111,12,1,840,0,0,0,0.0,0.07468400408219485,nan,0.18695989186205286
10.5,full+plan,swap,0.11917124681238656,0.12735213538181014,0,0,escalate,0,0.035375452461598816,0.07650908404962309,13,1,840,0,0,0,0.0,0.07484691616373283,nan,0.1903473040982856
10.55,full+plan,swap,0.11426530052847636,0.12401507361709689,0,0,escalate,0,0.03532803743776969,0.08088892483451816,14,1,840,0,0,0,0.0,0.07136854864800198,nan,0.19410975475178838
10.600000000000001,full+plan,swap,0.10999132678074029,0.120871321847184,0,0,escalate,0,0.03541847824714345,0.08560724715408428,14,1,840,0,0,0,0.0,0.06727793105731321,nan,0.1982567128479914
10.65,full+plan,swap,0.11008552701812774,0.11797094922127817,0,0,escalate,0,0.03469167684180331,0.09057521316913959,14,1,840,0,0,0,0.0,0.06675341604755003,nan,0.2013780539156581
10.700000000000001,full+plan,swap,0.11005850344055113,0.11557382035456934,0,0,escalate,0,0.033851919285930024,0.09460875189492103,14,1,840,0,0,0,0.0,0.06481934340361287,nan,0.20416978846248013
10.75,full+plan,swap,0.10989908981271049,0.1138692152372779,0,0,escalate,0,0.033094154299914205,0.09816325034799696,14,1,840,0,0,0,0.0,0.06375398767834957,nan,0.20626218686018027
10.8,full+plan,swap,0.10994560010565461,0.11248172077161549,0,0,escalate,0,0.03258952730594129,0.10099078281901137,14,1,840,0,0,0,0.0,0.0629768895997849,nan,0.20799402147600843
10.850000000000001,full+plan,swap,0.10997632171853257,0.11140573111383577,0,0,escalate,0,0.03216446990754847,0.10337717093985117,14,1,840,0,0,0,0.0,0.06237852274581923,nan,0.20943952013628075
10.9,full+plan,swap,0.10998441500848222,0.11056941631318316,0,0,escalate,0,0.03180564974384335,0.10540281714269602,14,1,840,0,0,0,0.0,0.061906849871296465,nan,0.21065003332186516
10.950000000000001,full+plan,swap,0.10997477194458197,0.10991670256235934,0,0,escalate,0,0.03150447690227316,0.10712825474359437,13,1,840,0,0,0,0.0,0.06152877050584845,nan,0.21166650396705344
11.0,full+plan,swap,0.10995173273969978,0.10940635521788183,0,0,escalate,0,0.03125267655746848,0.10860305491085044,13,1,840,0,0,0,0.0,0.06122213816503458,nan,0.2125218725873409
11.05,full+plan,swap,0.10991874303854961,0.10900721290949598,0,0,escalate,0,0.031042663085909347,0.10986780018894803,13,1,840,0,0,0,0.0,0.060971471817575014,nan,0.21324292166458003
11.100000000000001,full+plan,swap,0.10987850558829507,0.10869529886670481,0,0,escalate,0,0.03086774515115577,0.1109558604261879,13,1,840,0,0,0,0.0,0.06076548938002326,nan,0.21385164971517445
11.15,full+plan,swap,0.10983315409223686,0.10845198040000265,0,0,escalate,0,0.030722163823322587,0.11189483806952298,13,1,840,0,0,0,0.0,0.060595667458900875,nan,0.2143662731983046
11.200000000000001,full+plan,swap,0.1097843875385824,0.108262696456335,0,0,escalate,0,0.030601037824731045,0.11270769214345568,13,1,840,0,0,0,0.0,0.06045537962582114,nan,0.21480196444780064
11.25,full+plan,swap,0.10973356495383045,0.10811602682487977,0,0,escalate,0,0.03050026765343307,0.1134136063545672,13,1,840,0,0,0,0.0,0.06033936310230698,nan,0.21517140861188977
11.3,full+plan,swap,0.1096817724416409,0.10800298972290162,0,0,escalate,0,0.030416428719389835,0.11402866588685136,13,1,840,0,0,0,0.0,0.06024337395835774,nan,0.21548523580380674
11.350000000000001,full+plan,swap,0.10962987246326776,0.10791650403005858,0,0,escalate,0,0.03034666868762885,0.11456639287299512,13,1,840,0,0,0,0.0,0.06016395380980084,nan,0.21575236505976847
11.4,full+plan,swap,0.10957854214351752,0.10785097461656154,0,0,escalate,0,0.030288615481851758,0.11503817665193576,13,1,840,0,0,0,0.0,0.060098264302213975,nan,0.21598028369420919
11.450000000000001,full+plan,swap,0.10952830434770944,0.1078019715020066,0,0,escalate,0,0.03024029777355948,0.11545362413923908,13,1,840,0,0,0,0.0,0.06004396484049196,nan,0.21617527750879073
11.5,full+plan,swap,0.10947955367418769,0.10776598093668269,0,0,escalate,0,0.030200077613422402,0.11582084812789199,13,1,840,0,0,0,0.0,0.05999911922422884,nan,0.21634262244601843
11.55,full+plan,swap,0.10943257857989634,0.10774021173454831,0,0,escalate,0,0.03016659397249795,0.11614670644206705,13,1,840,0,0,0,0.0,0.05996212245783662,nan,0.21648674510121457
11.600000000000001,full+plan,swap,0.10938758030444168,0.10772244417787594,0,0,escalate,0,0.0301387157042161,0.11643700135612804,13,1,840,0,0,0,0.0,0.0599316421795958,nan,0.21661135763430106
11.65,full+plan,swap,0.10934468900247982,0.10771091181194442,0,0,escalate,0,0.03011550247412055,0.11669664647466867,13,1,840,0,0,0,0.0,0.05990657146190542,nan,0.2167195714435396
11.700000000000001,full+plan,swap,0.10930397756176824,0.10770420852597716,0,0,escalate,0,0.030096172357658033,0.11692980679597458,13,1,840,0,0,0,0.0,0.05988599008735938,nan,0.216813992951694
11.75,full+plan,swap,0.10926547323492386,0.10770121540472476,0,0,escalate,0,0.030080074977254442,0.11714001635856121,13,1,840,0,0,0,0.0,0.059869132766475514,nan,0.21689680433750536
11.8,full+plan,swap,0.10922916742160062,0.10770104288213603,0,0,escalate,0,0.030066669233615798,0.11733027715397383,13,1,840,0,0,0,0.0,0.059855362999743984,nan,0.21696983164029404
11.850000000000001,full+plan,swap,0.10919502388637674,0.10770298479051213,0,0,escalate,0,0.03005550484128862,0.11750314243743835,13,1,840,0,0,0,0.0,0.05984415130535419,nan,0.21703460205879155
11.9,full+plan,swap,0.10916298549900812,0.10770648186346146,0,0,escalate,0,0.03004620700935408,0.11766078676531704,13,1,840,0,0,0,0.0,0.059835057269513485,nan,0.2170923922527045
11.950000000000001,full+plan,swap,0.10913297981681844,0.1077110925558661,0,0,escalate,0,0.03003846372830092,0.11780506503237802,14,1,840,0,0,0,0.0,0.059827714647362994,nan,0.21714426896741867
12.0,full+plan,swap,0.10910492363830084,0.10771646968812323,0,0,escalate,0,0.03003201521337727,0.11793756216660599,14,1,840,0,0,0,0.0,0.0598218188419578,nan,0.21719112316172262
12.05,full+plan,swap,0.10907872662442718,0.10772234177947117,0,0,escalate,0,0.030026645134063376,0.11805963494602102,14,1,840,0,0,0,0.0,0.05981711670299882,nan,0.21723369875369924
12.100000000000001,full+plan,swap,0.10905429428083316,0.10772849794656743,0,0,escalate,0,0.03002217332633904,0.11817244729384364,14,1,840,0,0,0,0.0,0.05981339783717183,nan,0.21727261668685272
12.15,full+plan,swap,0.10903153022795241,0.10773477585030229,0,0,escalate,0,0.03001844973217195,0.11827699992651751,14,1,840,0,0,0,0.0,0.05981048744720817,nan,0.21730839518059286
12.200000000000001,full+plan,swap,0.1090103380149677,0.10774105193936671,0,0,escalate,0,0.030015349359913443,0.11837415539489839,14,1,840,0,0,0,0.0,0.059808240477319946,nan,0.21734146671793309
12.25,full+plan,swap,0.10899062254049631,0.10774723354240784,0,0,escalate,0,0.03001276809167451,0.11846465918565204,14,1,840,0,0,0,0.0,0.059806536504217085,nan,0.21737219223270843
12.3,full+plan,swap,0.10897229104118465,0.10775325258783343,0,0,escalate,0,0.030010619193277285,0.11854915745309806,14,1,840,0,0,0,0.0,0.05980527574691723,nan,0.21740087307072387
12.350000000000001,full+plan,swap,0.10895525390660703,0.10775906042540202,0,0,escalate,0,0.03000883041054163,0.11862821204784162,14,1,840,0,0,0,0.0,0.05980437547654321,nan,0.21742776091577343
12.4,full+plan,swap,0.10893942516130278,0.10776462376175958,0,0,escalate,0,0.030007341550449276,0.11870231310176234,14,1,840,0,0,0,0.0,0.05980376723053365,nan,0.21745306615885218
12.450000000000001,full+plan,swap,0.10892472285025623,0.10776992130251342,0,0,escalate,0,0.030006102468040405,0.11877188970843645,14,1,840,0,0,0,0.0,0.059803394429938456,nan,0.21747696488928392
12.5,full+plan,swap,0.10891106925818478,0.10777494106708477,0,0,escalate,0,0.030005071389469354,0.11883731894134288,14,1,840,0,0,0,0.0,0.059803210322660644,nan,0.21749960467870333
12.55,full+plan,swap,0.10889839097524434,0.10777967827581834,0,0,escalate,0,0.030004213514864417,0.11889893339576336,14,1,840,0,0,0,0.0,0.0598031763525886,nan,0.21752110945027947
12.600000000000001,full+plan,swap,0.10888661891858409,0.10778413361709743,0,0,escalate,0,0.030003499855005958,0.11895702761539083,14,1,840,0,0,0,0.0,0.05980326080275231,nan,0.21754158356723774
12.65,full+plan,swap,0.1088756883005069,0.10778831184725757,0,0,escalate,0,0.0300029062620928,0.1190118635507836,14,1,840,0,0,0,0.0,0.05980343760588142,nan,0.21756111516774135
12.700000000000001,full+plan,swap,0.10886553849354286,0.10779222072472197,0,0,escalate,0,0.03000241262190105,0.11906367509764289,14,1,840,0,0,0,0.0,0.05980368537464273,nan,0.21757977897416525
12.75,full+plan,swap,0.10885611288911026,0.10779587014001785,0,0,escalate,0,0.0300020021808617,0.11911267197702206,14,1,840,0,0,0,0.0,0.059803986599972,nan,0.2175976386313322
12.8,full+plan,swap,0.10884735872904054,0.10779927143829932,0,0,escalate,0,0.03000166098549094,0.11915904302160214,14,1,840,0,0,0,0.0,0.0598043270772226,nan,0.21761474866052632
12.850000000000001,full+plan,swap,0.10883922695583366,0.10780243683748977,0,0,escalate,0,0.030001377415328948,0.11920295898337945,14,1,840,0,0,0,0.0,0.059804695177982425,nan,0.21763115601773209
12.9,full+plan,swap,0.10883167195252574,0.10780537909243482,0,0,escalate,0,0.030001141793223426,0.1192445748421787,14,1,840,0,0,0,0.0,0.059805081582702646,nan,0.21764690147924404
12.950000000000001,full+plan,swap,0.10882465141757072,0.10780811108844132,0,0,escalate,0,0.030000946061438175,0.11928403187454446,14,1,840,0,0,0,0.0,0.059805478727193905,nan,0.2176620206919181
13.0,full+plan,swap,0.10881812610389444,0.10781064567329354,0,0,escalate,0,0.030000783510929455,0.11932145931282563,14,1,840,0,0,0,0.0,0.05980588058922224,nan,0.21767654509796797
13.05,full+plan,swap,0.10881205966164678,0.10781299542920884,0,0,escalate,0,0.030000648556335843,0.11935697581769673,14,1,840,0,0,0,0.0,0.059806282385409075,nan,0.21769050267291312
13.100000000000001,full+plan,swap,0.10880641843097626,0.10781517256125889,0,0,escalate,0,0.030000536548223752,0.11939069071518628,14,1,840,0,0,0,0.0,0.059806680380899105,nan,0.21770391855345805
13.15,full+plan,swap,0.10880117127340162,0.10781718878765056,0,0,escalate,0,0.030000443616765696,0.11942270507424128,14,1,840,0,0,0,0.0,0.05980707162132036,nan,0.21771681550124178
13.200000000000001,full+plan,swap,0.10879628935886317,0.1078190553190976,0,0,escalate,0,0.030000366541257997,0.11945311257519957,14,1,840,0,0,0,0.0,0.05980745389475103,nan,0.21772921435751813
13.25,full+plan,swap,0.10879174604657676,0.10782078276706389,0,0,escalate,0,0.03000030264180524,0.11948200034032065,14,1,840,0,0,0,0.0,0.05980782551825039,nan,0.21774113434151265
13.3,full+plan,swap,0.10878751669162971,0.10782238116455646,0,0,escalate,0,0.030000249688685962,0.11950944956609634,14,1,840,0,0,0,0.0,0.05980818528298992,nan,0.21775259334779407
13.350000000000001,full+plan,swap,0.10878357851726739,0.10782385993790142,0,0,escalate,0,0.0300002058271175,0.11953553613735117,14,1,840,0,0,0,0.0,0.059808532370013205,nan,0.2177636081539528
13.4,full+plan,swap,0.1087799104684339,0.10782522791617004,0,0,escalate,0,0.030000169514428146,0.11956033111028834,14,1,840,0,0,0,0.0,0.059808866192000154,nan,0.21777419458719238
13.450000000000001,full+plan,swap,0.10877649306127464,0.1078264933744897,0,0,escalate,0,0.030000139467704592,0.11958390114355015,14,1,840,0,0,0,0.0,0.059809186494303244,nan,0.21778436770200582
13.5,full+plan,swap,0.10877330831095725,0.10782766399126985,0,0,escalate,0,0.030000114620423277,0.11960630891382858,14,1,840,0,0,0,0.0,0.05980949314793586,nan,0.21779414185827084
13.55,full+plan,swap,0.10877033956568828,0.10782874693551034,0,0,escalate,0,0.030000094085972553,0.11962761341507257,14,1,840,0,0,0,0.0,0.05980978620560451,nan,0.21780353083711745
13.600000000000001,full+plan,swap,0.10876757143686906,0.107829748852093,0,0,escalate,0,0.030000077127568817,0.11964787027519318,14,1,840,0,0,0,0.0,0.05981006580665205,nan,0.2178125478875067
13.65,full+plan,swap,0.10876498967649413,0.1078306759179454,0,0,escalate,0,0.030000063133019214,0.11966713199024386,14,1,840,0,0,0,0.0,0.05981033221406155,nan,0.21782120581866915
13.700000000000001,full+plan,swap,0.10876258111574114,0.10783153383906979,0,0,escalate,0,0.0300000515938542,0.11968544819119169,14,1,840,0,0,0,0.0,0.05981058576467654,nan,0.21782951702008757
13.75,full+plan,swap,0.10876033356798374,0.1078323278920942,0,0,escalate,0,0.030000042087831122,0.11970286582148452,14,1,840,0,0,0,0.0,0.05981082682757617,nan,0.21783749350929937
13.8,full+plan,swap,0.10875823574822926,0.10783306296181443,0,0,escalate,0,0.03000003426442309,0.11971942933709857,14,1,840,0,0,0,0.0,0.05981105579947356,nan,0.21784514693438506
13.850000000000001,full+plan,swap,0.10875627719657079,0.10783374356925501,0,0,escalate,0,0.030000027832713674,0.11973518084101863,14,1,840,0,0,0,0.0,0.059811273133974004,nan,0.21785248863922135
13.9,full+plan,swap,0.10875444824184284,0.10783437386960305,0,0,escalate,0,0.030000022551397568,0.11975016028302331,14,1,840,0,0,0,0.0,0.05981147927668002,nan,0.2178595296371294
13.950000000000001,full+plan,swap,0.10875273991117371,0.10783495770998869,0,0,escalate,0,0.030000018220342026,0.11976440554554434,14,1,840,0,0,0,0.0,0.059811674683552134,nan,0.21786628064369273
14.0,full+plan,swap,0.10875114388819498,0.10783549863810622,0,0,escalate,0,0.03000001467365447,0.11977795259166595,14,1,840,0,0,0,0.0,0.05981185983589222,nan,0.21787275209877122
14.05,full+plan,swap,0.10874965247332734,0.10783599991360997,0,0,escalate,0,0.030000011773900534,0.11979083558935895,14,1,840,0,0,0,0.0,0.05981203518861602,nan,0.2178789541432239
14.100000000000001,full+plan,swap,0.10874825851360981,0.10783646455290426,0,0,escalate,0,0.03000000940723775,0.11980308698194382,14,1,840,0,0,0,0.0,0.05981220117926164,nan,0.217884896645424
14.15,full+plan,swap,0.10874695537077002,0.10783689533986429,0,0,escalate,0,0.030000007479435944,0.11981473760709017,14,1,840,0,0,0,0.0,0.05981235826448436,nan,0.21789058919886506
14.200000000000001,full+plan,swap,0.10874573688750445,0.10783729483365022,0,0,escalate,0,0.03000000591255024,0.1198258167731527,14,1,840,0,0,0,0.0,0.0598125068833981,nan,0.2178960411360954
14.25,full+plan,swap,0.108744597350135,0.1078376653906202,0,0,escalate,0,0.030000004642137687,0.1198363523554943,14,1,840,0,0,0,0.0,0.05981264743576628,nan,0.21790126151203537
14.3,full+plan,swap,0.10874353143936014,0.10783800919621599,0,0,escalate,0,0.030000003614940166,0.11984637085087406,14,1,840,0,0,0,0.0,0.05981278034156467,nan,0.21790625912869455
14.350000000000001,full+plan,swap,0.10874253422374698,0.10783832825174672,0,0,escalate,0,0.030000002787001587,0.11985589746802829,14,1,840,0,0,0,0.0,0.05981290599665062,nan,0.21791104253279514
14.4,full+plan,swap,0.1087416011196151,0.10783862440381406,0,0,escalate,0,0.030000002122057903,0.11986495619318062,14,1,840,0,0,0,0.0,0.05981302476802156,nan,0.21791562000767184
14.450000000000001,full+plan,swap,0.10874072785865085,0.10783889936103212,0,0,escalate,0,0.030000001590208922,0.1198735698393799,14,1,840,0,0,0,0.0,0.05981313700087975,nan,0.2179199995794724
14.5,full+plan,swap,0.10873991046648335,0.10783915470469663,0,0,escalate,0,0.030000001166831033,0.1198817601055182,14,1,840,0,0,0,0.0,0.05981324305650025,nan,0.21792418902914334
14.55,full+plan,swap,0.10873914525465626,0.10783939188079227,0,0,escalate,0,0.03000000083167574,0.11988954764260586,14,1,840,0,0,0,0.0,0.059813343262715944,nan,0.21792819589639778
14.600000000000001,full+plan,swap,0.10873842878716425,0.10783961222821214,0,0,escalate,0,0.0300000005681013,0.11989695210815109,14,1,840,0,0,0,0.0,0.05981343792388624,nan,0.2179320274650801
14.65,full+plan,swap,0.10873775785953024,0.10783981698886388,0,0,escalate,0,0.030000000362445753,0.11990399219381452,14,1,840,0,0,0,0.0,0.059813527346123586,nan,0.21793569079787678
14.700000000000001,full+plan,swap,0.1087371294963242,0.10784000729865542,0,0,escalate,0,0.030000000203517355,0.11991068570567097,14,1,840,0,0,0,0.0,0.05981361179946432,nan,0.21793919269592366
14.75,full+plan,swap,0.10873654091195172,0.10784018422070704,0,0,escalate,0,0.030000000082148356,0.1199170495616164,14,1,840,0,0,0,0.0,0.05981369155699497,nan,0.21794253975067102
14.8,full+plan,swap,0.1087359895206495,0.10784034872701764,0,0,escalate,0,0.029999999990856854,0.11992309988178544,14,1,840,0,0,0,0.0,0.05981376688308261,nan,0.21794573831882247
14.850000000000001,full+plan,swap,0.10873547291135666,0.10784050171429634,0,0,escalate,0,0.029999999923539453,0.11992885199894464,14,1,840,0,0,0,0.0,0.05981383801824939,nan,0.21794879454142813
14.9,full+plan,swap,0.10873498883391285,0.1078406440156277,0,0,escalate,0,0.029999999875229985,0.11993432051166643,14,1,840,0,0,0,0.0,0.05981390517313061,nan,0.21795171432618365
14.950000000000001,full+plan,swap,0.10873453518186696,0.10784077640862258,0,0,escalate,0,0.0299999998418896,0.11993951929484524,14,1,840,0,0,0,0.0,0.059813968579613984,nan,0.2179545033806377
15.0,full+plan,swap,0.10873411000049128,0.10784089960000141,0,0,escalate,0,0.02999999982025507,0.11994446156240048,14,1,840,0,0,0,0.0,0.05981402846473177,nan,0.21795716720759095
