t,x,y,z,vx,vy,vz,ax,ay,az,jx,jy,jz,speed_norm,acceleration_norm,jerk_norm
0.0,0.2582696913356334,-0.3,0.2992752489245277,0.04154837199951418,0.0,-0.047906303300521945,-0.2936750539109309,0.0,0.057367498838439286,-36.318825434699065,-2.7168126317157502e-11,7.094644738029874,0.06341357198369772,0.2992257796590503,37.005284283666825
0.008086028399768177,0.2586056526515856,-0.3,0.2988878771955118,0.03917370717328694,0.0,-0.04744242807569066,-0.5873501078221304,-2.1968224096902478e-13,0.11473499767641471,-54.478238152074795,5.828471554963573e-27,10.641967107018163,0.061525306300867076,0.5984515593182752,55.50792642552083
0.016172056799536354,0.2589032107530882,-0.3,0.29850800728297977,0.032049712694600885,-3.552713678800501e-15,-0.046050802401204294,-1.1747002156449529,9.425837304135288e-29,0.22946999535193457,-68.19936347982633,2.7168126317157512e-11,14.367546112028876,0.056105797254840106,1.1969031186370582,69.69633821324292
0.02425808519930453,0.25912396242569147,-0.3,0.29814314100341527,0.020176388563449166,0.0,-0.04373142627706983,-1.690274087710107,2.1968224096902485e-13,0.34708776947010334,-35.69711084803629,5.828471554963572e-27,15.672946530804406,0.04816143996694945,1.7255423527980893,38.986215202997634
0.03234411359907271,0.2592295044549458,-0.3,0.29780078017330225,0.004714504141368536,0.0,-0.0404376792789094,-1.751995919858741,0.0,0.4829337768641997,40.36383143723499,-1.3584063158578753e-11,18.72781128243853,0.040711576421982476,1.8173372653522506,44.49685161586325
0.04043014199884089,0.25920020565444735,-0.3,0.2974891805572753,-0.00815698896506234,0.0,-0.03592139380720738,-1.0375079130602316,0.0,0.649954997260697,117.87948690128049,0.0,21.829242771222642,0.03683589284961918,1.2242810821566874,119.88364889372585
0.04851617039860906,0.2590975891660896,-0.3,0.29721985735233364,-0.012064132758609958,0.0,-0.029926570146066922,0.15435783780896795,0.0,0.8359575308512806,142.98563652587987,0.0,19.717238603219684,0.03226674603868245,0.8500890162094964,144.33870496456356
0.05660219879837724,0.2590051038142379,-0.3,0.2970052063650578,-0.005660705244562081,0.0,-0.02240224113628031,1.2748639223541571,0.0,0.9688232998819766,97.30381486779575,-1.3584063158578762e-11,1.4062026161963388,0.023106362582497972,1.6012172266480362,97.31397532535637
0.06468822719814542,0.2590060439193491,-0.3,0.29685756703624083,0.00855303900538118,0.0,-0.014258704711661352,1.7279606586625311,-2.19682240969025e-13,0.8586987194320643,-1.0137658373779885,1.3584063158578714e-11,-34.389218090610804,0.016627240789798093,1.9295625226044673,34.40415733681946
0.07277425559791359,0.2591434240468416,-0.3,0.29677461378257297,0.02228397267469262,-3.552713678800501e-15,-0.008515316671935835,1.2584692436506515,2.196822409690236e-13,0.41267891162897596,-86.55385339185506,2.716812631715748e-11,-65.53259134527806,0.023855524647129346,1.324405044281363,108.56376036876188
0.08086028399768178,0.2593664215911636,-0.3,0.2967198568513562,0.028905075094169064,3.552713678800501e-15,-0.007584837912826714,0.32820682539070756,2.196822409690236e-13,-0.20109807002457758,-117.6519065270395,-4.075218947573625e-11,-76.68807017220402,0.02988365995595931,0.3849157752036883,140.43870982098963
0.08894631239744995,0.25961087856305937,-0.3,0.2966519513530315,0.027591752096906674,0.0,-0.011767486082650436,-0.6442040712783736,-4.393644819380498e-13,-0.8275249150427375,-106.02400104034452,0.0,-67.94775252967433,0.029996308314233028,1.0487117671067308,125.92849506937196
0.09703234079721812,0.2598126369732735,-0.3,0.29652955239803985,0.018486970262962643,-3.552713678800501e-15,-0.020967617841929354,-1.3864193415478445,2.196822409690236e-13,-1.2999529833353103,-51.49701421846175,2.7168126317157505e-11,-31.469695146905465,0.02795369505930941,1.9005358058979926,60.35133955477391
0.1051183691969863,0.2599098508962033,-0.3,0.2963128618463408,0.0051704997574191225,3.552713678800501e-15,-0.032790399565875816,-1.4770167102258673,-1.4893693890572703e-27,-1.3364546124225856,29.476934692142784,-1.3584063158578743e-11,22.70113891219232,0.03319554746394853,1.9919059449060459,37.20526020276572
0.11320439759675448,0.25989625458903254,-0.3,0.29599926419378103,-0.005399427868674422,-3.552713678800501e-15,-0.042580837744029765,-0.9097166794302889,-1.4893693890572703e-27,-0.932828875433172,84.81939707491678,-1.1479437019748901e-41,59.72965523002231,0.04292180756087059,1.3029789513555416,103.7398758147017
0.12129042599652266,0.259822531042026,-0.3,0.2956242421197725,-0.009541490053813106,3.552713678800501e-15,-0.04787616112362869,-0.10531260302788459,-1.4893693890572703e-27,-0.3705032354259403,94.0924974407737,-2.7168126317157486e-11,67.07912391570709,0.04881768978948788,0.385179687701206,115.55521165200985
0.12937645439629084,0.25974194906993014,-0.3,0.295225008196746,-0.007102549266548408,-3.552713678800501e-15,-0.04857263711175008,0.611952533592133,-4.393644819380502e-13,0.15197852659478084,63.272962143407014,2.7168126317157557e-11,52.4382983299553,0.04908917683230703,0.6305421285812322,82.17811673518936
0.13746248279605902,0.2597076682118658,-0.3,0.294838722673498,0.0003550410780590596,-3.552713678800501e-15,-0.045418355759228035,0.9179413346302067,4.393644819380513e-13,0.47753190363712905,3.0090136198883926,4.0752189475736236e-11,23.582560646061097,0.045419743438717394,1.0347236407920646,23.77375295551427
0.14554851119582718,0.2597476908144106,-0.3,0.2944904999676662,0.007742450135733492,3.552713678800501e-15,-0.04084996404253971,0.6606144727635483,2.196822409690272e-13,0.5333570368413922,-48.98441350980742,-5.4336252634315024e-11,-1.3222197029095426,0.041577218478165506,0.8490472368324928,49.00225537505968
0.15363453959559537,0.2598328795552285,-0.3,0.29417809473474305,0.011038535854186904,0.0,-0.036792875464996655,0.12576261705762481,-4.393644819380491e-13,0.45614889150020943,-60.781206946231805,0.0,-7.808177394318417,0.038413083172103256,0.4731680959934351,61.28068824729208
0.16172056799536355,0.2599262066432283,-0.3,0.293895483495828,0.009776290322047743,-3.552713678800501e-15,-0.03347309826015277,-0.3223426583152871,2.196822409690272e-13,0.4070827485196189,-28.68174824965105,4.075218947573626e-11,3.670655346296016,0.03487153795855306,0.5192505691013282,28.915677293254824
0.1698065963951317,0.25999098227760536,-0.3,0.29363676588842336,0.0058255920749985535,3.552713678800501e-15,-0.030209510133826,-0.3380802447457356,2.196822409690272e-13,0.5155109382520298,31.43764712757183,-4.075218947573626e-11,25.569757199381982,0.030766085639060775,0.6164817753549772,40.523303667804186
0.1778926247948999,0.2600204184491562,-0.3,0.29340693358205766,0.004308837401218568,0.0,-0.02513622608595867,0.18606875667558692,-4.393644819380491e-13,0.8205983142983784,79.90152120314464,0.0,43.22321675133176,0.025502861439347723,0.8414292457718231,90.8432691888022
0.18597865319466808,0.26006066504079783,-0.3,0.2932302614124353,0.008834706576575257,-3.552713678800501e-15,-0.016938747585388825,0.9540916945208793,2.196822409690272e-13,1.214519254613239,93.66215557301271,4.075218947573626e-11,47.48610292577263,0.019104272036790562,1.5444571801704379,105.01204386955007
0.19406468159443624,0.26016329382571973,-0.3,0.29313299919399366,0.019738462476976082,3.552713678800501e-15,-0.005494951716222829,1.7007784565693578,2.196822409690272e-13,1.5885462680026023,66.7351927680848,-2.7168126317157564e-11,29.54906233403007,0.02048905550089152,2.3272573136452794,72.98447121555265
0.20215070999420442,0.2603798765771111,-0.3,0.2931413967411699,0.03633979237964269,0.0,0.008751312889440754,2.0333370224943526,-2.1968224096902455e-13,1.6923883690522128,-11.912975818104627,-2.716812631715761e-11,-21.76246084661095,0.03737868359753228,2.64549387426042,24.80974999759208
0.2102367383939726,0.2607509830121667,-0.3,0.2932745259231122,0.05262170429735491,0.0,0.02187444911496428,1.5081211349874666,-2.1968224096902455e-13,1.2366025150935238,-104.67334258747677,2.716812631715761e-11,-82.28104373660099,0.05698715019406938,1.950285911893821,133.14157429901346
0.2183227667937408,0.26123087776789633,-0.3,0.2934951515747157,0.06072921303524126,-3.552713678800501e-15,0.028749719001982754,0.3405537807723489,2.196822409690272e-13,0.3617346562187653,-150.05393434324992,2.7168126317157564e-11,-111.8922346709926,0.06719065157127653,0.4968187185564262,187.17920662177417
0.22640879519350895,0.26173309929476374,-0.3,0.2937394680117829,0.05812915938330221,3.552713678800501e-15,0.027724442521694925,-0.9185596142054684,2.196822409690272e-13,-0.5729250594328179,-122.7288473325386,-4.075218947573626e-11,-94.10169142232127,0.06440220402865199,1.0825871274753809,154.65283151664357
0.23449482359327714,0.26217094583515244,-0.3,0.29394351283391207,0.045874214780550204,0.0,0.019484342398957466,-1.6442241092310883,-4.393644819380491e-13,-1.160083242395455,-26.53013960450675,0.0,-31.435415401713335,0.049840577649660746,2.0122788203088353,41.134336616905514
0.24258085199304533,0.2624749797018289,-0.3,0.29405456990376044,0.031538673697649955,-3.552713678800501e-15,0.008963510433485311,-1.347606538789181,2.196822409690272e-13,-1.0813003828263463,80.32470967353794,4.075218947573626e-11,38.17260388343071,0.03278768759607846,1.7277887316705591,88.93372066533294
0.2506668803928135,0.2626809910575728,-0.3,0.2940884712337656,0.024080645291824965,3.552713678800501e-15,0.001997491190529388,-0.34520834198436856,2.196822409690272e-13,-0.5427537242064134,129.10687372861585,-2.7168126317157564e-11,70.53288355291276,0.024163349286200668,0.6432343309522031,147.11720669678823
0.25875290879258167,0.26286441326525783,-0.3,0.2940868734447503,0.025955944783405016,0.0,0.0001860663774593263,0.7403171563605613,-2.1968224096902455e-13,0.059361416226441754,103.4081818531412,-1.3584063158578887e-11,58.58536377738695,0.025956611687506344,0.7426932541353777,118.8507337928592
0.26683893719234986,0.26310075207089567,-0.3,0.2940914803097903,0.03605309639415921,0.0,0.002957487385444324,1.3271146484814171,0.0,0.404692106422989,16.382970122867548,2.7168126317157447e-11,13.773676769173811,0.03617419648370366,1.3874469327563599,21.403641787986665
0.27492496559211804,0.26344746598794333,-0.3,0.29413470209873166,0.04741811825814324,0.0,0.006730770108855921,1.0052634797326827,2.1968224096902455e-13,0.28211009927597525,-76.67976638464853,-1.3584063158579047e-11,-34.149396181523244,0.047893435932302095,1.0440980661785377,83.94026347568197
0.28301099399188623,0.26386760057269354,-0.3,0.29420033070629537,0.052310274486895736,3.552713678800501e-15,0.00751978793465824,0.08704511113370161,-2.1968224096902977e-13,-0.14757386829447533,-120.21896046077768,-2.7168126317157673e-11,-56.510278545100036,0.05284800873710008,0.17133271134162797,132.838285277682
0.29109702239165436,0.26429343071814476,-0.3,0.29425631253633144,0.04882581673951947,-3.552713678800501e-15,0.004344197128670402,-0.938924377220224,-2.1968224096902977e-13,-0.6317773351130006,-109.34927340317336,2.7168126317157673e-11,-49.16191378481232,0.049018694688597,1.1316897045130658,119.89227398288546
0.29918305079142254,0.2646572144542888,-0.3,0.2942705853090086,0.03712593612802095,0.0,-0.002697351013448923,-1.681357549330442,2.1968224096902455e-13,-0.9426231303963664,-41.09527411978875,1.3584063158579047e-11,-7.4316720873770095,0.037223793947845314,1.9275636369906741,41.761840297032855
0.30726907919119073,0.2648938334659431,-0.3,0.2942126908225337,0.021634806951418284,0.0,-0.010899957676656413,-1.6035194844779648,0.0,-0.7519627582255907,61.80455504352841,-1.3584063158578724e-11,55.48032168963271,0.0242254814024002,1.7710795371351102,83.05341124188496
0.3153551075909589,0.2650070937811541,-0.3,0.2940943105743492,0.011193727945880028,0.0,-0.014858135450609211,-0.6818507746964285,0.0,-0.045392216775076544,133.2192625811125,1.3584063158578724e-11,99.14260638649755,0.018602788350003494,0.6833600312411279,166.06212188143144
0.3234411359907271,0.2650748590700824,-0.3,0.29397240421209125,0.010607877494219764,0.0,-0.011634043184599818,0.5509099967761367,2.1968224096902455e-13,0.8513771035109251,149.6314218994359,-1.3584063158579047e-11,109.19451761039033,0.015744142585530266,1.0140733686132062,185.23769890552202
0.3315271643904953,0.2651786449785132,-0.3,0.2939061641671596,0.02010307570517611,3.552713678800501e-15,-0.001089616574805774,1.7379970792566395,-2.1968224096902977e-13,1.7205077242181304,119.12068641311387,-2.7168126317157673e-11,90.69087631347281,0.020132583467804954,2.4455634681191287,149.71497245779074
0.3396131927902634,0.26539996715223185,-0.3,0.2939547828709538,0.0387148649773863,-3.552713678800501e-15,0.016190105455496706,2.4773365034487713,-2.1968224096902977e-13,2.3180351064521325,40.168826485916,2.7168126317157673e-11,42.79876466808635,0.041963797312413904,3.392710259669153,58.69641282369701
0.3476992211900316,0.26580474397391385,-0.3,0.29416799147217637,0.060166702350514356,0.0,0.03639777883005735,2.3876096227575863,2.1968224096902455e-13,2.4126517773804075,-45.3243539378677,1.3584063158579047e-11,-9.061348020050929,0.07031948787851885,3.394343575653688,46.2212622915643
0.3557852495897998,0.26637298648008517,-0.3,0.2945434098175704,0.07732742341174159,0.0,0.05520764703679504,1.744348477163285,0.0,2.1714944715915023,-82.9820611396038,-1.3584063158578724e-11,-32.56473305653343,0.09501270811232625,2.785343757947002,89.14305531010379
0.363871277989568,0.2670552874574903,-0.3,0.2950608126758242,0.08837640500138377,0.0,0.07151531076451434,1.0456190166653139,0.0,1.8860130647284095,-66.86559177208984,1.3584063158578724e-11,-27.097602570982247,0.11368741634285508,2.1564703587896554,72.14767791222856
0.37195730638933616,0.26780221472150634,-0.3,0.29569995948529065,0.09423723353992841,0.0,0.08570835744425054,0.6629943290904361,2.1968224096902455e-13,1.7332705036823146,-16.076762092105028,-1.3584063158579047e-11,-5.76850623757079,0.12738358890002444,1.8557446266502355,17.080337923443974
0.38004333478910435,0.2685792973509292,-0.3,0.29644689310060757,0.09909838694920481,3.552713678800501e-15,0.09954585979902575,0.7856247069591582,-2.1968224096902977e-13,1.7927244542059348,33.092696569394995,-2.7168126317157673e-11,14.911943959048571,0.14046305029815356,1.9573112038949325,36.29728142536094
0.3881293631888725,0.2694048394639913,-0.3,0.2973098207841192,0.10694240092399099,-3.552713678800501e-15,0.11470039914358665,1.1981712976605108,-2.1968224096902977e-13,1.9744273083795498,46.906935942161745,2.7168126317157673e-11,24.87077548313718,0.1568211040615571,2.309540572194476,53.09252407462545
0.39621539158864066,0.2703087759329508,-0.3,0.2983018344704871,0.11847528123054474,0.0,0.13147641037669544,1.5442063393080092,2.1968224096902455e-13,2.1949360479677447,15.715193438241116,1.3584063158579047e-11,32.181673470483446,0.1769814644198592,2.683713373858562,35.81378801749621
0.40430141998840885,0.27132082844139266,-0.3,0.2994360647605303,0.13191539355348425,0.0,0.1501970295826709,1.4523182985594474,0.0,2.4948711596483406,-46.74049775581695,-1.3584063158578724e-11,43.509299639135094,0.19990202288078113,2.886799359771244,63.857131829965326
0.41238744838817704,0.2724421191702309,-0.3,0.3007308293640197,0.14196225524585415,0.0,0.17182360847805356,0.7883163547623351,0.0,2.898570913039885,-98.81946568622692,0.0,52.95288744957756,0.2228825572917461,3.0038568562943624,112.11286762793559
0.4204734767879452,0.2736166500966189,-0.3,0.30221480591633865,0.1446640904187042,0.0,0.19707288302583592,-0.14579571341804964,0.0,3.3512282631823656,-106.3190491400938,1.3584063158578724e-11,52.58497630093893,0.2444696714948213,3.3543981966968937,118.61247802244075
0.4285595051877134,0.2747816350573355,-0.3,0.3039179032219619,0.13960443868732852,0.0,0.2260198622984504,-0.9310813468039605,2.1968224096902455e-13,3.748978136580943,-45.08383541572947,-1.3584063158579047e-11,31.442365932277852,0.2656583848754158,3.8628680462744516,54.965212554959244
0.4366455335874816,0.2758743410085378,-0.3,0.3058700119672526,0.12960658999320174,3.552713678800501e-15,0.25770157039084296,-0.874894060502176,-2.1968224096902977e-13,3.8597159909509706,83.9799518550323,-2.7168126317157673e-11,-12.579084195669338,0.2884579129640449,3.9576315073418113,84.91681619547026
0.4447315619872497,0.27687764019229977,-0.3,0.3080854676556523,0.12545560224731034,-3.552713678800501e-15,0.28843940853418815,0.42704720461793855,-2.1968224096902977e-13,3.545548472482432,202.12956066878115,2.7168126317157673e-11,-52.884504450474026,0.31454157202313915,3.571173936634073,208.93331497663718
0.4528175903870179,0.27790321613390134,-0.3,0.3105346704652921,0.13651282164236633,0.0,0.31504038167333803,2.3939566754986794,2.1968224096902455e-13,3.0044647811625715,232.4507468885338,1.3584063158579047e-11,-70.69901674036345,0.34334558764842604,3.841593053071987,242.96440211909933
0.4609036187867861,0.2790853332977651,-0.3,0.3131803186022212,0.16417080557910424,0.0,0.33702778362735586,4.18625388639396,0.0,2.4021999580859017,142.41633000354304,-1.3584063158578724e-11,-84.11749439736316,0.3748863565685738,4.826519060355656,165.40303478282524
0.4689896471865543,0.2805581957265523,-0.3,0.31598510292513554,0.20421315727040934,0.0,0.35388889583934713,4.6971216534974936,0.0,1.644111883933732,-55.47389069095067,1.3584063158578724e-11,-108.18116617732667,0.4085833626088331,4.976550583953423,121.575150684167
0.47707567558632247,0.2823878800763548,-0.3,0.31890342992646026,0.2401329237537979,0.0,0.36361645439912493,3.2891269752486334,2.1968224096902455e-13,0.6526879940260919,-238.19353485351442,-1.3584063158579047e-11,-130.40007890675992,0.4357530802878371,3.353260782708978,271.5517273465621
0.48516170398609065,0.28444163900893743,-0.3,0.3218655288789242,0.2574051055350175,3.552713678800501e-15,0.3644442031511126,0.8450422785641116,-2.1968224096902977e-13,-0.4647255988104142,-297.39741620506504,-4.075218947573649e-11,-129.5131773072186,0.446180418178502,0.9643994684520122,324.37460791754296
0.4932477323858588,0.28655065006355773,-0.3,0.32479724228008183,0.25379899548074647,-3.552713678800501e-15,0.35610088561896447,-1.520400931655022,-4.3936448193805354e-13,-1.4418064656746665,-212.32979792956684,2.7168126317157344e-11,-62.65487941673079,0.43728911585545643,2.0953340729914007,221.38106740084112
0.501333760785627,0.2885460907795174,-0.3,0.3276244126275193,0.23281709531022443,-3.552713678800501e-15,0.3411272270942831,-2.588767273786903,2.1968224096902228e-13,-1.477983867505877,1.4267957265173123,4.07521894757364e-11,92.40479714747491,0.4130031294478587,2.980964996513328,92.41581186091045
0.5094197891853952,0.2903157813528177,-0.3,0.330313971172519,0.2119333040882836,0.0,0.3321988465648609,-1.4973267101244332,2.1968224096902154e-13,0.05256916234394993,215.03596633410905,-1.358406315857877e-11,247.35753258839577,0.39404542763595274,1.498249242843661,327.7593869677318
0.5175058175851633,0.29197348821094654,-0.3,0.33299675124290673,0.20860224270662897,0.0,0.3419773785736133,0.8888065877114819,0.0,2.5222961993068154,307.0558913087968,-1.358406315857863e-11,313.30800579473777,0.40057886004919907,2.6743139807055067,438.6857951683814
0.5255918459849315,0.29368930867037996,-0.3,0.335844448762968,0.22630713470855568,0.0,0.37298956396530514,3.468398604753661,0.0,5.119404027805885,279.01441746047726,0.0,268.5302769489084,0.43627529616862887,6.183695212522385,387.24353421208593
0.5336778743846997,0.2956333400475936,-0.3,0.33902875965698787,0.2646933819461381,0.0,0.42476867129106566,5.401043594771863,0.0,6.864983090519782,122.03098202165489,0.0,61.904532577090094,0.5004907697015615,8.734945033928303,136.83468758599724
0.5417639027844678,0.29796994507767427,-0.3,0.34271383184175075,0.31365311849997823,0.0,0.48401046043304774,5.441890577311092,0.0,6.12052764479137,-116.42368112532122,0.0,-251.95586543612944,0.5767533307692052,8.189934780331443,277.5540157418722
0.5498499311842361,0.300705756095327,-0.3,0.3468562043146808,0.35269994545927474,0.0,0.5237501920057639,3.5182332108020304,0.0,2.790338523710318,-274.29457043876806,0.0,-460.03221059789325,0.631436073686838,4.490429155714656,535.5998003731636
0.5579359595840042,0.3036738286288351,-0.3,0.3511839496956361,0.3705501858190843,0.0,0.529135973528426,1.0059832043709136,0.0,-1.3191393946140266,-266.147600347435,0.0,-451.0788558221527,0.645981670554539,1.6589547763272607,523.742951590301
0.5660219879837725,0.306698314747472,-0.3,0.3554134213332604,0.36896876297974046,0.0,0.5024169947895594,-0.7859208990769844,0.0,-4.5045343537154,-148.96552664427514,0.0,-300.64433511302497,0.6233464403589484,4.57258148133067,335.526071064469
0.5741080163835406,0.30964081242099817,-0.3,0.3593090658724253,0.35784022839926877,0.0,0.456288388104678,-1.4030957536931687,0.0,-6.181176658520734,-35.49901407728917,0.0,-154.77740902024044,0.5798695734214773,6.338424297715746,158.7961786173659
0.5821940447833087,0.312485327246304,-0.3,0.3627925430626581,0.3462778187558264,0.0,0.4024546547799943,-1.3600129710624422,0.0,-7.007603403675784,17.839665050133704,0.0,-74.46953242144417,0.530921912258646,7.138357005968987,76.57652974749827
0.590280073183077,0.3152408369743369,-0.3,0.36581758540876513,0.3358460213831407,0.0,0.3429610278318087,-1.1145916772176996,0.0,-7.385502166675238,54.52428901326023,0.0,26.989678888526498,0.48001543380430556,7.469133608450688,60.838646096928414
0.5983661015828451,0.31791664818001053,-0.3,0.36833892828478154,0.3282525788435713,0.0,0.28301589424742346,-0.4782430721856663,0.0,-6.571124783689303,108.64876508365279,0.0,192.062110222996,0.4334140652010774,6.588504941100779,220.6635636835249
0.6064521299826133,0.3205493563239894,-0.3,0.370394534525706,0.32811184725576936,0.0,0.23669242459314432,0.6424823229146241,0.0,-4.279462811110111,152.02510085460295,0.0,324.3541475406247,0.40457470035751697,4.327422499240423,358.2139644355836
0.6145381583823815,0.32322289161043166,-0.3,0.3721667316193219,0.33864283946244456,0.0,0.21380817859464685,1.980315493790215,0.0,-1.32565108649713,166.1603695041057,0.0,368.15420765103477,0.40049083629110344,2.383065307136295,403.9143337452908
0.6226241867821496,0.3260259075585323,-0.3,0.373852252534144,0.36013762190234644,0.0,0.21525391992594578,3.3296372563669543,0.0,1.6743479460106894,143.21091938896666,0.0,338.99096758694975,0.41956329290461397,3.726919009489886,368.00033089355986
0.6307102151819178,0.3290470576874863,-0.3,0.3756478302386871,0.3924899222942635,0.0,0.24088582867971908,4.296330616462402,0.0,4.156530095848806,38.8918364062757,0.0,197.81435340291742,0.46051527831470696,5.9778925386501465,201.6013227914609
0.638796243581686,0.33237327687512075,-0.3,0.3777478718377559,0.4296181246613635,0.0,0.28247356072499485,3.9585982437675398,0.0,4.873412905006255,-136.60678292349468,0.0,-39.690618482718264,0.5141624699899869,6.278586895013953,142.2559606352138
0.6468822719814542,0.3359948664016202,-0.3,0.3802160087070989,0.4565085979390169,0.0,0.3196989389870737,2.08711796382169,0.0,3.5146511593375287,-269.2467050054005,0.0,-221.50020179060067,0.5573217307639347,4.087644085135084,348.6490033680607
0.6549683003812223,0.3397559598504673,-0.3,0.3829180612378064,0.4633711149196209,0.0,0.339312698904358,-0.3956747626678023,0.0,1.291299060539906,-268.07016309956555,0.0,-260.69095673921714,0.5743221202248892,1.3505598030311228,373.92698120065637
0.6630543287809906,0.3434885303913648,-0.3,0.3857033929465841,0.4501097232030098,0.0,0.3405819007393127,-2.2481279400854532,0.0,-0.7012578001745666,-124.90825670826604,0.0,-201.20772678773778,0.5644420200809762,2.354961090400123,236.8261427988621
0.6711403571807587,0.34703515986013,-0.3,0.38842597108145666,0.42701426217993443,0.0,0.3279719179288172,-2.415698184884974,0.0,-1.9626437255769957,72.82295401351304,0.0,-115.40039175870746,0.5384299017095732,3.1124858415747543,136.4567076010461
0.6792263855805268,0.3503942292935508,-0.3,0.3910073734319818,0.41104291494651335,0.0,0.30884191493202806,-1.0704309914689034,0.0,-2.56751949038512,194.3292126816611,0.0,-61.639031981055595,0.5141396759117202,2.781722279632632,203.8705794494043
0.6873124139802951,0.353682569227692,-0.3,0.39342058007181496,0.4097031913859155,0.0,0.2864498468963923,0.7270048804120393,0.0,-2.959473651843062,195.57756512456058,0.0,-40.49087124028546,0.4999102117568421,3.047461302805375,199.72504758755
0.6953984423800632,0.3570199725755952,-0.3,0.39563985662620876,0.42280007916607687,0.0,0.2609811389376908,2.09246050044052,0.0,-3.222340159945732,97.9125256638972,0.0,-12.63434048330447,0.4968612098202627,3.8421175219275736,98.72430927249577
0.7034844707798315,0.3605201161228142,-0.3,0.3976411818743229,0.44354258144982595,0.0,0.23433797880232277,2.3104518068346316,0.0,-3.163796923763739,-39.123771126546316,0.0,25.75012218436217,0.5016416149686281,3.9176266446054187,46.83735965735003
0.7115704991795996,0.3641929683958148,-0.3,0.3994295837296885,0.46016483701879807,0.0,0.2098160353843852,1.4597486515699671,0.0,-2.80590772138523,-125.71344450712968,0.0,50.24840376514976,0.5057414813251515,3.1629075653091085,135.38379596832365
0.7196565275793678,0.36796192800423155,-0.3,0.4010343387160127,0.4671497195560619,0.0,0.18896067975782316,0.2774068417999622,0.0,-2.351176883987698,-125.43523282630326,0.0,54.715084650225194,0.503919635433911,2.3674854372678893,136.84932635007823
0.727742555979136,0.3717477401943629,-0.3,0.4024854665756111,0.46465107622096724,0.0,0.17179266927077919,-0.568797058360083,0.0,-1.9210522646303474,-50.44390312351166,0.0,48.89692837571644,0.49539211120937565,2.003489929358386,70.25309222314826
0.7358285843789041,0.3754762916008427,-0.3,0.4038125795212037,0.4579511012208535,0.0,0.15789331341934343,-0.538374824703773,0.0,-1.560412980972755,53.21117665593545,0.0,40.68075988886183,0.48440634753472356,1.6506774739673093,66.98024743343667
0.7439146127786723,0.3791537514147168,-0.3,0.4050389262084957,0.4559444479764174,0.0,0.14655758191175394,0.29173711288988,0.0,-1.2631607050593736,117.79213987870952,0.0,35.11021707833184,0.47892010237234817,1.296412553874505,122.91344743555545
0.7520006411784405,0.38284985111095066,-0.3,0.40618271706028336,0.4626690903810413,0.0,0.13746540675018082,1.3665663519536473,0.0,-0.9926085561379203,116.13005027177347,0.0,23.98130372614044,0.4826587047252052,1.6890160863680685,118.58031668253392
0.7600866695782087,0.3866360622237488,-0.3,0.40726202457443095,0.4780446366405471,0.0,0.13050505996218575,2.1697988820180107,0.0,-0.8753336990732992,51.72615360980866,0.0,-11.63273980543817,0.4955383388765458,2.339708587226186,53.01806864311965
0.7681726979779768,0.39058081612741535,-0.3,0.40829325230261876,0.49775920114460703,0.0,0.12330946045021918,2.2030846461530267,0.0,-1.1807338850056883,-42.99743014380084,0.0,-63.63282163903337,0.5128054654161182,2.4995428512661735,76.79788401197044
0.776258726377745,0.3946858522971512,-0.3,0.40925619217275205,0.51367304667232,0.0,0.11141016450873664,1.4744419994983708,0.0,-1.904407304934507,-106.57745555105444,0.0,-96.93348931442274,0.525616042024487,2.4084738721797807,144.06545520146838
0.7843447547775132,0.39888796581459096,-0.3,0.41009498381109966,0.5216039609081164,0.0,0.09251127734536624,0.4795079814313077,0.0,-2.748347779975786,-121.01632847998593,0.0,-76.74384544945809,0.5297443048028994,2.789864409600251,143.2988819675372
0.7924307831772813,0.4031212611798205,-0.3,0.410752289804579,0.5214276769838584,0.0,0.06696372810608864,-0.48264093835131305,0.0,-3.1455131325579906,-112.37671847865877,0.0,20.33651006254155,0.5257099611065489,3.1823254300067143,114.2020161711499
0.8005168115770496,0.40732052382362416,-0.3,0.41117792502554,0.5137986642393173,0.0,0.04164186030195083,-1.337854692751069,0.0,-2.4194645841400053,-99.84236039328745,0.0,151.99353038069924,0.5154833769419862,2.7647177166618344,181.8530456343573
0.8086028399768177,0.41143044236142473,-0.3,0.41142572433462055,0.49979181490316194,0.0,0.02783600942690967,-2.09729726163134,0.0,-0.6874651260792795,-91.20168042331181,0.0,232.14676448397796,0.5005663808777129,2.2070940404118526,249.4190585589149
0.8166888683765859,0.4154031854421814,-0.3,0.41162809055106436,0.47988105379870305,0.0,0.030524135235296512,-2.812773448770031,0.0,1.3348260769234828,-66.33313765081101,0.0,211.07858968229553,0.48085085902680513,3.113431407585622,221.25608731257162
0.8247748967763541,0.4191911060204788,-0.3,0.41191936238340254,0.45430348292542533,0.0,0.04942289256041832,-3.1700405314117255,0.0,2.7261098154288446,18.12023720252199,0.0,60.802438830319744,0.45698389129947553,4.18100845449643,63.44509093689153
0.8328609251761222,0.42275020717227857,-0.3,0.4124273603767488,0.42861497826788053,0.0,0.0746109380121851,-2.5197319435097754,0.0,2.318126571237743,143.08674292528787,0.0,-162.35510085934442,0.43506044599185734,3.423851612938564,216.40932229461677
0.8409469535758904,0.426122691794159,-0.3,0.41312597471080226,0.4135542348153791,0.0,0.0869117671389894,-0.8560335975632967,0.0,0.10049390263704527,228.27540422932202,0.0,-314.47986364572074,0.4225881687896097,0.8619121443768988,388.5965064365498
0.8490329819756586,0.42943822974740176,-0.3,0.41383290241146864,0.41477115430577527,0.0,0.0762361311136388,1.1719508596239407,0.0,-2.767659645951297,239.28498130220157,0.0,-343.0343237907793,0.4217191697460778,3.0055629644378694,418.24615906830775
0.8571190103754268,0.4328303944604012,-0.3,0.41435886975334885,0.43250709068348314,0.0,0.04215301814287997,3.013696711331903,0.0,-5.447076665897985,155.9850995150423,0.0,-254.50371829171615,0.43455639499384274,6.225191729743192,298.5020835689876
0.865205038775195,0.4364327589841373,-0.3,0.41451460341514723,0.4635088286980107,0.0,-0.011854302118692317,3.6945507488625537,0.0,-6.8835082338581515,-33.10425342890619,0.0,-52.04272066502716,0.4636603916227081,7.812323011852097,61.67930260065602
0.8732910671749632,0.44032628556519193,-0.3,0.41416716130616643,0.4922555752428579,0.0,-0.06916746799515039,2.478332844573359,0.0,-6.288714500495181,-219.3968698419244,0.0,147.43908509882556,0.4970912290380279,6.759442562610428,264.3355260104344
0.8813770955747313,0.4443935441068533,-0.3,0.4133960231940496,0.5035885682286079,0.0,-0.11355575021676856,0.14645210813847953,0.0,-4.499114975168285,-284.94396571176327,0.0,225.5264604703361,0.5162328490689375,4.50149794843469,363.3940670509421
0.8894631239744994,0.4484703484941821,-0.3,0.4123307312637469,0.49462400705408527,0.0,-0.14192741092121608,-2.1297971536023894,0.0,-2.641487771970536,-214.6551560717595,0.0,194.5442832089812,0.5145836164561008,3.393153925916522,289.69693501569486
0.8975491523742677,0.45239263164334614,-0.3,0.4111007650432205,0.4691453676890589,0.0,-0.15627404050035665,-3.3249632681673447,0.0,-1.352933777087559,-51.321051639994266,0.0,108.56656440072922,0.49448857596349927,3.5896811195211304,120.08559133889729
0.9056351807740358,0.45605739402768897,-0.3,0.40980345860448214,0.44085251222491095,0.0,-0.16380713281028747,-2.9597641157363377,0.0,-0.885743125951409,95.42288647512189,0.0,31.319992370060092,0.4703017268674892,3.0894569920894965,100.43141533058578
0.9137212091738041,0.45952212351126565,-0.3,0.4084516667872433,0.4212798942961413,0.0,-0.1705983286430417,-1.7817789281159513,0.0,-0.8464250815179071,144.8575045888505,0.0,0.8988518172118987,0.4545113189723302,1.9726052740730022,144.86029328390217
0.9218072375735722,0.4628703564067489,-0.3,0.4070445327437609,0.41203748219520264,0.0,-0.17749556730514726,-0.617120323686347,0.0,-0.8712068433090909,108.08059652265678,0.0,-6.78093150685806,0.44864190970833073,1.0676323607568912,108.29310401310893
0.9298932659733404,0.4661856170768644,-0.3,0.40558119839111845,0.41129978936933753,0.0,-0.18468753519718106,-0.03389338222378058,0.0,-0.9560866910005821,16.835024721142286,0.0,-16.212279266920923,0.4508625094110969,0.9566872645054965,23.372121349807035
0.9379792943731086,0.4695219199620672,-0.3,0.40405775543438577,0.4114893564927513,0.0,-0.1929574555772895,-0.3448633476744227,0.0,-1.1333927444636807,-69.10124753820335,0.0,-25.09484587139434,0.45448440035900045,1.184698207043517,73.51689398121422
0.9460653227728767,0.4728402463224698,-0.3,0.4024606794596285,0.40572263972266853,0.0,-0.20301682703683,-1.1514026823304206,0.0,-1.3619219638083795,-102.15064991342068,0.0,-28.7096323958218,0.4536812674594714,1.783412339416031,106.10842695110249
0.9541513511726449,0.47608328953651996,-0.3,0.40077455577628446,0.39286880691496506,0.0,-0.21498253493253472,-1.9968494601838174,0.0,-1.5976865502627202,-82.45138785286996,0.0,-29.16255827114051,0.44784304144734305,2.5573443412115613,87.4567673984241
0.9622373795724131,0.47919374298266476,-0.3,0.39898396969379135,0.3734294768324524,0.0,-0.22885470467553404,-2.484811209887642,0.0,-1.8335405125890532,-11.77087222119036,0.0,-29.180229312440375,0.4379772254575402,3.0880669617235657,31.464888615315253
0.9703234079721813,0.48212241224647545,-0.3,0.3970735044934305,0.3526842988925374,0.0,-0.24463465624637593,-2.1872086743249817,0.0,-2.069590876127002,75.41934929172518,0.0,-29.202027993181133,0.4292229370875969,3.0111606034203113,80.8754393280295
0.9784094363719494,0.48489737349665957,-0.3,0.39502772413784,0.33805781391883016,0.0,-0.2623242458760622,-1.265125209357798,0.0,-2.30579736795643,123.89429496008901,0.0,-28.955033612527018,0.427898464037934,2.630065264860819,127.2328192533676
0.9864954647717176,0.4875895024146978,-0.3,0.3928311818892273,0.33222462214827786,0.0,-0.2819241422491885,-0.18358309909192272,0.0,-2.5378533243412704,115.98453996103612,0.0,-18.917176396871753,0.43572287241377017,2.5444846728055235,117.51711821178881
0.9945814931714858,0.49027012895624594,-0.3,0.39046843089622546,0.33508889761288074,0.0,-0.3033665539862014,0.6105833587601701,0.0,-2.611727019133486,42.71401117531628,0.0,21.230196634798205,0.45201309204588147,2.6821502680623124,47.69914045176539
1.002667521571254,0.49300857909978735,-0.3,0.3879251207470829,0.342099010906999,0.0,-0.32416113994749907,0.5071903157713358,0.0,-2.194517378497995,-73.38587468855474,0.0,84.75213488994947,0.4712877867244271,2.2523650993881827,112.10892458769038
1.010753549971022,0.4958025735916991,-0.3,0.3852260785287921,0.34329120820770953,0.0,-0.33885641367884034,-0.5762171749867875,0.0,-1.241110679811264,-156.219033178293,0.0,129.67584851374497,0.4823614026059655,1.3683500839665748,203.0276139221469
1.0188395783707904,0.498560304017704,-0.3,0.38244511557818156,0.332780394024244,0.0,-0.34423245235591793,-2.0191927619567025,0.0,-0.09739219080561767,-156.21921289229925,0.0,123.44227606293123,0.47878885941707167,2.0215401674882085,199.10408834648885
1.0269256067705586,0.5011843170256313,-0.3,0.3796591317570484,0.31063670817213307,0.0,-0.3404314457203803,-3.1026031590599423,0.0,0.7552048201425308,-77.64896356949595,0.0,60.665470895122915,0.4608565218148564,3.1931928665483467,98.53761161274366
1.0350116351703267,0.5035839385062847,-0.3,0.37693963890164334,0.28260491950950595,0.0,-0.3320192371092894,-3.274936211227713,0.0,0.883693250280924,27.342681480318475,0.0,-22.780080151283258,0.4360072411573102,3.392067356082805,35.58868194009214
1.0430976635700948,0.5057546198357674,-0.3,0.3742896977959783,0.2576742537493004,0.0,-0.3261403082834704,-2.660415761108604,0.0,0.38680407003798933,90.46447759685081,0.0,-72.8840827647462,0.4156483149641004,2.6883878832030597,116.17190377767551
1.051183691969863,0.5077510611736965,-0.3,0.37166527931146476,0.23958052471047608,0.0,-0.32576381971834323,-1.811939541191066,0.0,-0.2949922759726533,98.88339573032,0.0,-75.17079767562498,0.4043771680721258,1.8357955615523252,124.21181414965653
1.0592697203696313,0.5096291296894481,-0.3,0.36902142680025934,0.22837146457183266,0.0,-0.3309109401259249,-1.0612678688268282,0.0,-0.828862339638679,70.6370544777499,0.0,-33.14423599228338,0.4020641442925585,1.346589123480337,78.02649450542283
1.0673557487693994,0.5114442974701454,-0.3,0.36631376879216027,0.22241764045628543,0.0,-0.33916822855397655,-0.6695930840249318,0.0,-0.8310027430171161,21.75445957986262,0.0,39.25841283170651,0.40559178251856126,1.0672021631705917,44.88295321919642
1.0754417771691676,0.513226080404126,-0.3,0.36353637894348634,0.2175427671844048,0.0,-0.3443499636865681,-0.7094535128580741,0.0,-0.19397305746467808,-16.52939245417145,0.0,95.96269173188492,0.40731038907102396,0.7354929190202016,97.37586466539229
1.0835278055689357,0.5149624114573799,-0.3,0.3607449216205028,0.21094431794971413,0.0,-0.34230517185687503,-0.9369073576556186,0.0,0.7209113583073155,-28.010595644397178,0.0,110.13041268057447,0.4020824989417406,1.182162672125005,113.63670738607117
1.0916138339687038,0.5166374838955482,-0.3,0.3580006002614419,0.2023910481804947,0.0,-0.3326913442525914,-1.1624424566081082,0.0,1.5870622317619407,-19.14925804841458,0.0,69.42841162788977,0.3894170860712144,1.9672414677436743,72.02081938562259
1.0996998623684722,0.5182354909842726,-0.3,0.3553646183045358,0.19214523251525506,0.0,-0.31663911130042166,-1.2465902464835565,0.0,1.8437115746551314,6.844792672549431,0.0,-42.62841867212304,0.370378343297043,2.225591969150059,43.17445153347052
1.1077858907682403,0.519744867509545,-0.3,0.3528798945685367,0.1822311199086144,0.0,-0.3028747359453057,-1.051748080726595,0.0,0.8976730237219783,36.3907155480869,0.0,-169.99688852865302,0.3534703477479921,1.3827475846408974,173.84828525908748
1.1158719191680084,0.5211825430060778,-0.3,0.35046651087168373,0.1751363028149413,0.0,-0.30212189217337837,-0.658077527664128,0.0,-0.9054877623746798,50.792570589283606,0.0,-231.43784327360456,0.34921392053311573,1.1193632655339534,236.94590210890945
1.1239579475677766,0.522577181746329,-0.3,0.34799396216792544,0.17158865275273172,0.0,-0.317518335469714,-0.23032774416224555,0.0,-2.845152923260926,43.31792054914731,0.0,-189.554796108638,0.360916277151579,2.8544607242824456,194.44141268898855
1.132043975967545,0.523957484444551,-0.3,0.34533158631557326,0.17141142945384047,0.0,-0.34813386685172176,0.042462343894486665,0.0,-3.9709786916681082,11.174749041044038,0.0,-20.759785570076644,0.3880451873126908,3.9712057136757815,23.576337990576
1.140130004367313,0.525349257119546,-0.3,0.34236392149935707,0.17227535619003476,0.0,-0.38173722842111957,-0.049609067949905494,0.0,-3.1808813546464556,-30.57138099877272,0.0,198.45319011382787,0.41881035077113526,3.181268182967341,200.79411844605218
1.1482160327670812,0.5267435312900166,-0.3,0.3391581101750494,0.17060914878918254,0.0,-0.39957526079165007,-0.4519397660579294,0.0,-0.7615824290981159,-55.002067192588726,0.0,326.66230720651794,0.4344742462877226,0.8855830556506163,331.2604569593895
1.1563020611668493,0.5281083579642852,-0.3,0.335901967686145,0.16496656062337678,0.0,-0.39405358272202307,-0.9391056226803602,0.0,2.101920031764916,-50.51088768723082,0.0,300.96421753288024,0.42719104880599795,2.3021701045935967,305.173409736384
1.1643880895666174,0.529411379878442,-0.3,0.3327854532532081,0.15542187931843188,0.0,-0.3655828906498648,-1.268804710730823,0.0,4.105627991471611,-12.99535133880299,0.0,96.18021686505955,0.3972490535001742,4.297213818083519,97.05417699732874
1.1724741179663858,0.5306218494245137,-0.3,0.32998974041361673,0.14444737877391844,0.0,-0.3276571336461771,-1.1492671826614025,0.0,3.6573519618983283,42.778932979429584,0.0,-208.24210147397025,0.3580841276346728,3.8336716643896396,212.59070989380945
1.180560146366154,0.5317473910925179,-0.3,0.3274865634771087,0.13683586516258828,0.0,-0.3064359869861484,-0.5769813767639356,0.0,0.7379248983797915,80.85271917447018,0.0,-416.06209836838093,0.33559956512929057,0.936718028427569,423.84529240821587
1.188646174765922,0.5328347668081368,-0.3,0.3250340402266548,0.13511640317661744,0.0,-0.3157233702757871,0.15828758422508393,0.0,-3.071227925049371,83.27875296017086,0.0,-437.5918045964004,0.3434205715237339,3.075304200712976,445.4457746398942
1.1967322031656902,0.5339325012392392,-0.3,0.32238066720006764,0.1393957009653377,0.0,-0.35610405943436874,0.7698073463024961,0.0,-6.338834620564768,36.58049736064167,0.0,-231.05074498121044,0.3824150397058859,6.38540740260884,233.92857786838326
1.2048182315654583,0.5350890820017594,-0.3,0.31927510515093677,0.14756577130572168,0.0,-0.41823536380242743,0.7498694652966673,0.0,-6.807793696460674,-60.44357741893762,0.0,198.96415610001745,0.44350476479515005,6.848967749124973,207.9426879305719
1.2129042599652267,0.5363189432744628,-0.3,0.31561694114108,0.15152263255035336,0.0,-0.4662000857730568,-0.20768962088376952,0.0,-3.1211749870433287,-145.70069734199063,0.0,577.7629180246878,0.4902056998340543,3.128077409267195,595.8512252654554
1.2209902883649948,0.537539514621779,-0.3,0.3117356908838661,0.14420700296011546,0.0,-0.4687111829741859,-1.6064104878500673,0.0,2.5358210305004647,-147.8540490925443,0.0,595.4852815368188,0.49039354884398667,3.0018232716472717,613.5662477353565
1.229076316764763,0.5386510671172248,-0.3,0.30803691726744364,0.12554367089747132,0.0,-0.4251906440343447,-2.5987937008498188,0.0,6.509046809257946,-67.95911217984685,0.0,262.2241460354895,0.44333767838607335,7.008667424317389,270.88732656275147
1.237162345164531,0.5395698139983552,-0.3,0.30485948363791127,0.10217916361969515,0.0,-0.36344650826402614,-2.7054491100686073,0.0,6.776524814396293,23.88615682212287,0.0,-122.04221623557174,0.37753668145934277,7.296625483557432,124.35775420705015
1.2452483735642992,0.5403035143550116,-0.3,0.3021592396922047,0.08179099422118696,0.0,-0.31560029983246096,-2.212505415999817,0.0,4.535373156354993,68.30935629394178,0.0,-306.5595546393289,0.32602655718519236,5.046264943818742,314.07790227578306
1.2533344019640675,0.5408925426025909,-0.3,0.29975557766307004,0.06639840036286415,0.0,-0.2901001959723608,-1.600746320143203,0.0,1.8188262843284448,71.47575992572,0.0,-303.78563941808056,0.2976018670538701,2.4229151520463987,312.080917349349
1.2614204303638357,0.5413773130570781,-0.3,0.29746772284538303,0.05590363381018193,0.0,-0.28618613785381086,-1.0565953666910373,0.0,-0.37746545919772956,58.26373220668064,0.0,-202.18843961606245,0.2915951333147783,1.121995517727375,210.41584447239217
1.2695064587636038,0.5417966193438697,-0.3,0.29512735918645827,0.04931108007860985,0.0,-0.29620458881836953,-0.6585019335437936,0.0,-1.4509766453521245,42.190479066271095,0.0,-78.62933713402305,0.3002811033941004,1.5934108138952174,89.23345326713135
1.277592487163372,0.5421747746449559,-0.3,0.2926774854107291,0.04525430313830725,0.0,-0.309651414577246,-0.3742885428316556,0.0,-1.649063565439036,33.27853552309709,0.0,-10.35495444275682,0.3129408099021655,1.6910063737767371,34.85234580445919
1.2856785155631403,0.5425284745046459,-0.3,0.29011965892185826,0.04325806450452063,0.0,-0.3228733384646958,-0.12031956685887568,0.0,-1.6184375567569944,25.78310118425819,0.0,11.55515949880808,0.32575827362634285,1.6229038552208375,28.254026575350117
1.2937645439629084,0.5428743465211608,-0.3,0.28745595944202196,0.043308488268969825,0.0,-0.33582487867162314,0.04267723398836676,0.0,-1.4621928696966116,-2.3227181261242524,0.0,49.95897497972609,0.33860592772565856,1.4628155504001554,50.01294033066166
1.3018505723626765,0.5432288618368337,-0.3,0.28468867990928337,0.0439482431566276,0.0,-0.3465200046053063,-0.15788269632386953,0.0,-0.8104981757382532,-54.482761109743684,0.0,121.04194894521792,0.349295808260299,0.8257325466962844,132.73855755807406
1.3099366007624447,0.5435850800057297,-0.3,0.2818520182453694,0.04075520033635627,0.0,-0.3489323012055827,-0.8384210732739734,0.0,0.4953044037720211,-98.3314331646283,0.0,180.79828812716892,0.35130433697732805,0.9737948184837701,205.80838597570448
1.3180226291622128,0.5438879572515497,-0.3,0.2790457269149938,0.030389249937712748,0.0,-0.3385099136544447,-1.748104218642042,0.0,2.113382009113245,-108.11215048125777,0.0,189.95201265561678,0.339871252320811,2.7426723967104856,218.56350151295098
1.3261086575619812,0.5440765366818178,-0.3,0.2763776166945435,0.012484759620967623,0.0,-0.31475456731508444,-2.586816911576908,0.0,3.567219141624925,-70.06487137648791,0.0,109.63972661875295,0.31500207438761313,4.406435536620904,130.11516381282652
1.3341946859617493,0.5440898614932684,-0.3,0.2739554981744607,-0.011444900086310383,0.0,-0.2808206430796929,-2.881197298194837,0.0,3.8864818954774005,18.820651073557173,0.0,-75.6280504997641,0.28105376588417724,4.837978854335645,77.93470939977551
1.3422807143615174,0.5438914491075569,-0.3,0.2718361693041764,-0.03411012673610969,0.0,-0.2519021613510546,-2.282448273411088,0.0,2.3441580133045434,106.60099466595109,0.0,-258.41016303913983,0.2542011007829947,3.2717956709026255,279.53458538378567
1.3503667427612855,0.5435382305862527,-0.3,0.26988172211316547,-0.048356783205917964,0.0,-0.2429107865414437,-1.157239957570014,0.0,-0.2925419387689949,137.96349437876404,0.0,-306.6086267087312,0.2476772672253289,1.1936436257674945,336.21834535523686
1.3584527711610537,0.543109420462908,-0.3,0.2679078022670082,-0.05282507706062489,0.0,-0.25663316620107324,-0.051294806055214526,0.0,-2.6143341130568682,112.75882287521313,0.0,-173.925521510333,0.26201349347094444,2.6148372820925365,207.2791334622108
1.366538799560822,0.5426839404395885,-0.3,0.26573143597271687,-0.049186325722963886,0.0,-0.28518994631076566,0.6663021306167956,0.0,-3.105275351523055,58.64811084791804,0.0,81.17710022707847,0.2894004148491548,3.175955531496169,100.14650521764014
1.3746248279605902,0.5423139764095556,-0.3,0.2632956942566137,-0.042049601158637984,0.0,-0.3068518555641049,0.8971657737628411,0.0,-1.3015334373629521,14.904719862296673,0.0,287.4001804657704,0.3097195993487251,1.5807895856771383,287.78640413669814
1.3827108563603583,0.5420039119012531,-0.3,0.2607690103354911,-0.034677309871071316,0.0,-0.306238418986295,0.9073421068110337,0.0,1.5425766911663565,-0.19214297270478653,0.0,344.2085918074311,0.3081955306021161,1.7896403401024548,344.2086454361318
1.3907968847601264,0.5417531729846655,-0.3,0.25834318915056714,-0.02737601307067905,0.0,-0.2819052176969219,0.8940584266946277,0.0,4.265027460235215,-3.11714709490154,0.0,267.62125202274694,0.28323135041233505,4.357728732597306,267.6394050588102
1.3988829131598945,0.5415611854629292,-0.3,0.2562100231428108,-0.020218546212461774,0.0,-0.23726415264778922,0.8569314269397765,0.0,5.870562779641229,-6.89348322124858,0.0,90.72272335292092,0.23812405956269703,5.932776653489157,90.98424392988194
1.406968941559663,0.5414261975069136,-0.3,0.25450613979745323,-0.013517669360901152,0.0,-0.18696614297931902,0.7825766244939429,0.0,5.732200495307239,-10.490277780802067,0.0,-77.76536781191078,0.18745417041376755,5.785373686427256,78.46972893313801
1.415054969959431,0.5413425769462272,-0.3,0.253186396058959,-0.007562672591156172,0.0,-0.14456268065134914,0.6872820588257305,0.0,4.612936834350188,-11.50870883190899,0.0,-144.28445901713508,0.14476036285470198,4.663854936218372,144.74272172667264
1.4231409983591992,0.5413038935362131,-0.3,0.2521682639148664,-0.002402904868269218,0.0,-0.11236546648153478,0.5964571315749861,0.0,3.3988240287917693,-7.1435589166376445,0.0,-124.00322254449426,0.11239115627761319,3.4507630878544786,124.20881464459293
1.4312270267589673,0.5413037170322137,-0.3,0.2513692153527132,0.002083266019162977,0.0,-0.08959670540609999,0.5717560182750328,0.0,2.6075496760350916,5.041160289232145,0.0,-46.08624363688074,0.08962092175900706,2.66949812838002,46.361138355519934
1.4393130551587356,0.5413375842326036,-0.3,0.25071930090598765,0.006843565934751439,0.0,-0.07019602501308242,0.67798306210802,0.0,2.65351467901888,18.92727746635535,0.0,42.71057481505244,0.07052883326938411,2.7387590591861195,46.71653918389712
1.4473990835585038,0.5414143915692218,-0.3,0.25023400124909995,0.013047646608697505,0.0,-0.04668391529860294,0.8778490245215158,0.0,3.2982675178849554,25.780724739048757,0.0,85.37732502080996,0.04847297215596119,3.4130906125370246,89.18482716123647
1.455485111958272,0.5415485915146596,-0.3,0.2499643259761539,0.021040190220730892,0.0,-0.016856255373781437,1.0949104069211262,0.0,4.034241628647887,24.338066142441107,0.0,63.76119327173822,0.026959654110367874,4.180183526772448,68.24830570050655
1.46357114035804,0.5417546547205445,-0.3,0.24996140092976765,0.030754599899829316,0.0,0.01855806946294436,1.2714456125679439,0.0,4.329417157081715,16.66374189417678,0.0,-19.671887234294843,0.03592001332391247,4.512252970052963,25.78106749679995
1.4716571687578082,0.5420459566510867,-0.3,0.25026444812959836,0.041602080884700854,0.0,0.05315932479943086,1.364397387326565,0.0,3.716106750940799,7.572571120518944,0.0,-117.02842948665415,0.06750294028461706,3.958665130436185,117.27317315348851
1.4797431971575765,0.5424274459355909,-0.3,0.25082109654984913,0.05281971194481372,0.0,0.07865515891229968,1.3939096628475043,0.0,2.436826748262976,0.007409323957745073,0.0,-145.8073814140472,0.09474468847092281,2.807331250356743,145.80738160230268
1.4878292255573446,0.5429001600327933,-0.3,0.2515364638271046,0.06414446712569344,0.0,0.09256782538296981,1.3645172113344572,0.0,1.3581014969211411,-11.9355255273139,0.0,-64.33077282708466,0.1126202244668832,1.9251874963149456,65.42862601448341
1.4959152539571128,0.5434647939013236,-0.3,0.2523181086797521,0.07488676179045939,0.0,0.10061845346004361,1.200887666087469,0.0,1.3964658361452988,-29.195858517408986,0.0,79.41110779684132,0.12542766946791273,1.8418056406912204,84.60805042128152
1.504001282356881,0.5441112329980019,-0.3,0.2531636711715419,0.08356529067152252,0.0,0.11515155020372347,0.8923601290796945,0.0,2.642342442725756,-41.63924368608767,0.0,183.10847486201015,0.1422780282381531,2.7889568273103555,187.78322657000226
1.512087310756649,0.5448162165285332,-0.3,0.25418034609020135,0.08931806048357771,0.0,0.14335056552762993,0.5274954521063275,0.0,4.357706492090184,-45.309950708604696,0.0,212.60611328558528,0.1688996760376981,4.389516752809789,217.38065930440848
1.5201733391564174,0.5455556897453668,-0.3,0.25548194465950047,0.09209597708448314,0.0,0.18562462710951522,0.15960503263594106,0.0,6.08062058270893,-45.485846658776325,0.0,193.18587313874843,0.20721527739211754,6.082714890351693,198.4684958038588
1.5282593675561855,0.5463055979009522,-0.3,0.25718227810320915,0.0918992021368581,0.0,0.24168670696762895,-0.20810424363441005,0.0,7.481919405358081,-45.44604381195803,0.0,122.51690366952528,0.25856899983998016,7.484812981263625,130.67415422694017
1.5363453959559537,0.5470418888621562,-0.3,0.25939051581227385,0.08873050343620292,0.0,0.30662265270251865,-0.5753509692052576,0.0,8.061970907755805,-45.39113815987076,0.0,25.03327712057734,0.31920299715129774,8.082475094627041,51.83647737688294
1.5444314243557218,0.547740552642374,-0.3,0.2621409970587388,0.08259459358320242,0.0,0.37206535840406474,-0.9421723081514379,0.0,7.886758984830589,-44.88445726314354,0.0,-41.29387685265783,0.38112268079126377,7.942836769256525,60.990153052188916
1.55251745275549,0.5483776133209184,-0.3,0.2654075779215242,0.07349363935382769,0.0,0.4341677669694519,-1.3012249614811728,0.0,7.394163985821567,-40.25721044233682,0.0,-100.9308676100793,0.4403441437111555,7.507785788739738,108.6631631654534
1.5606034811552583,0.5489290959524088,-0.3,0.2691623828466967,0.06155110959715415,0.0,0.4916441983678581,-1.5932142020158007,0.0,6.254499261013873,-27.901298287860428,0.0,-219.34232983253477,0.49548214587552464,6.454230589274598,221.10979196433755
1.5686895095550264,0.5493730213613979,-0.3,0.2733584758226917,0.04772808878500001,0.0,0.5353158842712276,-1.7524463421732652,0.0,3.846947369227184,-13.8222974828564,0.0,-353.80281739801865,0.5374393606837474,4.227300822487135,354.07271782287927
1.5767755379547945,0.5497009573151732,-0.3,0.27781954173282497,0.033210447813388555,0.0,0.5538572497278267,-1.8167491820086414,0.0,0.5327800022171587,-6.07897050796187,0.0,-409.0598829149532,0.5548520405658053,1.8932596549579732,409.1050497034129
1.5848615663545627,0.549910102609774,-0.3,0.28231548672412504,0.018347517823045223,0.0,0.5439320327287405,-1.8507557985107304,0.0,-2.7683922916850925,0.044605147287512636,0.0,-300.01601094718234,0.5442413872893962,3.330058994429758,300.0160142630373
1.592947594754331,0.549997674415538,-0.3,0.2866160414612015,0.0032799199178015215,0.0,0.5090866523432958,-1.8160278250331545,0.0,-4.319095967590986,12.359685359763716,0.0,13.901955497876145,0.5090972180917618,4.685354526453187,18.60177918526307
1.6010336231540991,0.5499631456609826,-0.3,0.29054846498170667,-0.011021387312929676,0.0,0.4740833674182099,-1.6508742648482353,0.0,-2.543569077748902,25.951899492156144,0.0,360.54281980042305,0.4742114615241717,3.032347191800207,361.47562296355653
1.6091196515538673,0.5498194359139037,-0.3,0.2942829446068042,-0.02341811246221681,0.0,0.4679519087443964,-1.396332232390149,0.0,1.5116229928864229,32.629157896960834,0.0,530.9039407312143,0.46853750851859977,2.0578502802280254,531.9056835840331
1.6172056799536354,0.5495844266161056,-0.3,0.2981162098293724,-0.03360295148616643,0.0,0.4985294203186541,-1.1231936700175476,0.0,6.042239606853929,31.46027340278473,0.0,507.33943287932857,0.49966062609718903,6.1457484073952955,508.31392756533506
1.6252917083534035,0.5492760070738374,-0.3,0.3023451907084374,-0.04158246429062018,0.0,0.5656673508628458,-0.8875549039913744,0.0,9.71634511805544,20.631597106198036,0.0,259.98976309176567,0.5671936646055478,9.756798458549756,260.80709290904053
1.6333777367531719,0.5489119526417331,-0.3,0.3072642143571698,-0.047956539806222054,0.0,0.6556627054517463,-0.7895383097509643,0.0,10.246808822871913,1.5598581567800736,0.0,-175.65745206630635,0.6574141868186975,10.277181607573649,175.66437778871386
1.64146376515294,0.5485004511881818,-0.3,0.31294860522234075,-0.0543509226813228,0.0,0.7313793251603222,-0.8623287892807019,0.0,6.875602825977381,-13.076297267084648,0.0,-518.8246608016489,0.7333960322147097,6.929467884434596,518.9894201293156
1.6495497935527081,0.5480329864330236,-0.3,0.31909212234566897,-0.0619021699663449,0.0,0.7668553448845046,-1.001008931881878,0.0,1.8563469393875138,-10.880847427749273,0.0,-565.7639642920387,0.7693497245235581,2.1090383688024,565.8685855675232
1.6576358219524763,0.5474993657794714,-0.3,0.32535023341684094,-0.07053929598455966,0.0,0.7614002733037424,-1.0382944719093512,0.0,-2.2739641396842742,9.270987649201977,0.0,-377.4718876613499,0.7646608192296837,2.499793655277883,377.58572164028453
1.6657218503522444,0.5468922209317619,-0.3,0.33140553081271956,-0.07869352714070743,0.0,0.7300806676574219,-0.8510779930311845,0.0,-4.248149868100008,33.60606506008095,0.0,-143.7569412586321,0.7343095072930433,4.332564027462271,147.63273948843528
1.6738078787520128,0.5462267295887961,-0.3,0.3371571394424403,-0.08430297762869543,0.0,0.6926989523438856,-0.4948152789487992,0.0,-4.598809559046458,45.15020914243504,0.0,-14.302043381735928,0.6978100247312164,4.625353123887759,47.3612693083566
1.6818939071517809,0.5455288683891806,-0.3,0.34260789761500426,-0.08669570793714598,0.0,0.6557084582582711,-0.120906246268774,0.0,-4.479443326018888,33.54522552292416,0.0,50.95391180868077,0.6614149438938931,4.481074740662329,61.004780828969956
1.689979935551549,0.5448246816757606,-0.3,0.3477612938733294,-0.08625828031077276,0.0,0.6202571404452044,0.0476800135611839,0.0,-3.774780003117911,-3.9842846283924,0.0,157.54679853594894,0.6262263258562625,3.775081119079702,157.59717082780048
1.6980659639513171,0.5441338945805645,-0.3,0.3526387313206021,-0.08592462404963186,0.0,0.5946625016420946,-0.18534032358465513,0.0,-1.9315875515104253,-46.33445587276412,0.0,277.60683721662446,0.6008381910941619,1.9404590963729444,281.44704274595347
1.7061519923510855,0.5434351037751511,-0.3,0.35737820962643985,-0.08925561455102837,0.0,0.5890193968489008,-0.701643438588782,0.0,0.7146935362890403,-67.72181483371425,0.0,338.11048557388716,0.5957435812437467,1.0015439909100468,344.8259628557305
1.7142380207508536,0.5426904477123677,-0.3,0.3621643864624712,-0.09727164159151158,0.0,0.6062205661052218,-1.2805413596431725,0.0,3.536354425709334,-65.86926146059243,0.0,314.93420564014576,0.6139748749149618,3.7610621901253873,321.7488360313888
1.7223240491506218,0.5418620212623491,-0.3,0.36718204305454055,-0.10996460215333315,0.0,0.6462095214847636,-1.7668848762729876,0.0,5.807827398018311,-37.457122937639625,0.0,146.16558202756707,0.655499015547932,6.070645867712459,150.88874520063743
1.73041007755039,0.5409120939204056,-0.3,0.37261492354832393,-0.12584580416883995,0.0,0.7001450806678768,-1.886300079337893,0.0,5.900152520396425,14.931838648716024,0.0,-164.96683479741415,0.711365096424002,6.194346434713708,165.6412279250206
1.738496105950158,0.5398268357693473,-0.3,0.3785048290670173,-0.1404699541773553,0.0,0.7416271231705416,-1.5254063335244412,0.0,3.1399743756348144,58.492506903955,0.0,-423.1106661370216,0.754812955538524,3.4908886493269478,427.13464992063496
1.7465821343499264,0.5386404058428212,-0.3,0.3846085595083148,-0.15051476203696978,0.0,0.7509249246197314,-0.9403559353398467,0.0,-0.9424172048612434,67.88095066129308,0.0,-461.9744611233681,0.7658609116583734,1.3313224527316276,466.9349271503549
1.7546681627496945,0.5373927024885166,-0.3,0.39064882960015523,-0.15567744377545267,0.0,0.7263862986046661,-0.4276317438234738,0.0,-4.331102849587573,46.399240045105486,0.0,-270.39779673874216,0.7428812296060834,4.3521627729246415,274.3498823727275
1.7627541911494626,0.5361227813796781,-0.3,0.3963557199877544,-0.15743044688736774,0.0,0.6808820833315679,-0.1899847898750835,0.0,-5.315305732189643,11.758720316138822,0.0,32.399095127753384,0.6988453026307699,5.318699958357489,34.46692426907845
1.7708402195492308,0.5348467283594777,-0.3,0.40166009332557995,-0.15874988858836048,0.0,0.6404268723967945,-0.23746905098101578,0.0,-3.8071428429279663,-12.427164654792467,0.0,243.8106756518486,0.6598091436277289,3.814541673206817,244.12717993531209
1.778926247948999,0.533555469164507,-0.3,0.40671273974410466,-0.16127080986796472,0.0,0.6193127530317888,-0.3909576025295767,0.0,-1.3723856372146344,-20.73121850255723,0.0,295.47407251684064,0.6399660617433417,1.4269863994476935,296.20045737690543
1.7870122763487672,0.5322386476621858,-0.3,0.4116756543442874,-0.16507247714267947,0.0,0.618232573920892,-0.5727354941279739,0.0,0.9712806406047392,-30.859670917532085,0.0,241.85720284093554,0.6398909580286877,1.12756907950137,243.8180179051167
1.7950983047485354,0.5308859076881153,-0.3,0.41671083204487697,-0.17053312081011285,0.0,0.6350203587199381,-0.8900219534229059,0.0,2.5389427845060126,-52.95965733800745,0.0,115.29929500189319,0.6575198866057478,2.690421814617528,126.88046631886549
1.8031843331483035,0.5294807763462425,-0.3,0.4219452396543681,-0.1794659627262689,0.0,0.659292500842696,-1.4292020806822077,0.0,2.835907388321843,-74.76929919341677,0.0,-9.595923999803176,0.6832822502046155,3.175687217369615,75.38255673088219
1.8112703615480716,0.5279835739453226,-0.3,0.42737294781601337,-0.19364625803692093,0.0,0.6808828140821035,-2.099195306840363,0.0,2.3837569565371624,-82.60951566255805,0.0,-64.27818238518378,0.7078843689219774,3.1763057415966616,104.67099315830234
1.8193563899478398,0.5263491180622517,-0.3,0.432956515197532,-0.21341426846181122,0.0,0.6978427537401046,-2.765167860159277,0.0,1.7963969718176998,-56.3035031010339,0.0,-87.94549302212398,0.7297466402325278,3.2974528617121486,104.42458620627899
1.8274424183476081,0.5245322262739266,-0.3,0.43865850046664334,-0.23836470973166968,0.0,0.7099342479448545,-3.0097387570031504,0.0,0.9614974481201273,34.77659423687851,0.0,-141.44771580354546,0.7488820810050734,3.159589329034453,145.66011057512299
1.8355284467473763,0.5224942704374661,-0.3,0.44443761217923233,-0.26208793459183255,0.0,0.7133921450837128,-2.2027588028660734,0.0,-0.49110352232191445,158.31600966216013,0.0,-214.0171741106516,0.7600121302490861,2.256840493530938,266.2091465927836
1.8436144751471444,0.5202937253092343,-0.3,0.45019551875728014,-0.2739878502072983,0.0,0.7019920938874122,-0.4494432564707651,0.0,-2.499600447673572,233.967401310728,0.0,-257.6396089463188,0.7535663487322469,2.5396853424778763,348.0214260273458
1.8517005035469125,0.5180633233615308,-0.3,0.45579026819440494,-0.2693563564636463,0.0,0.6729684646677896,1.5809753003709144,0.0,-4.657665912012092,211.48314076830167,0.0,-218.67788190648906,0.7248719895296636,4.918672041141017,304.21231872548105
1.8597865319466809,0.5159376790131881,-0.3,0.46107880299218457,-0.24842022785103524,0.0,0.6266680562050873,2.970674108178562,0.0,-6.0360715746676235,53.689158379598965,0.0,-27.492379259113363,0.6741108679389635,6.727485764497238,60.318791805179494
1.867872560346449,0.51404585732657,-0.3,0.46592477959380874,-0.22131444605327033,0.0,0.5753527723161973,2.449239419205151,0.0,-5.102274230944936,-188.11694645578635,0.0,265.05903250937513,0.6164502385787517,5.659679854934652,325.0296544296461
1.8759585887462171,0.5123585692210567,-0.3,0.47038344070585275,-0.20881098884798632,0.0,0.5441537875354356,-0.07156383485973628,0.0,-1.749521845695881,-344.02927361406637,0.0,451.5920786816906,0.5828424946354152,1.7509848860075732,567.7072719557787
1.8840446171459853,0.510668954154553,-0.3,0.4747248655535146,-0.2224717804554146,0.0,0.547059405655574,-3.114421534384732,0.0,2.2008985157160126,-284.8143117343954,0.0,363.95019620787326,0.5905655648742416,3.8136040395301,462.146013169525
1.8921306455457534,0.5087607429512377,-0.3,0.47923051648683523,-0.2591775907997551,0.0,0.57974684334161,-4.677597061549205,0.0,4.136301399580212,-29.439101997929214,0.0,16.773570999386465,0.6350428536227508,6.244109507238241,33.88234659104854
1.9002166739455217,0.5064775194349724,-0.3,0.48410056443338717,-0.2981181458201334,0.0,0.6139519068295876,-3.590512364022519,0.0,2.47216165864905,237.64192084227793,0.0,-345.97176133849837,0.6825037529324809,4.359284609049173,419.72627054459
1.9083027023452899,0.503939559364062,-0.3,0.489159381596267,-0.3172435606901658,0.0,0.6197267821029193,-0.8344384197369799,0.0,-1.4587735758216027,348.8451203074324,0.0,-493.16289510547455,0.6962074125251857,1.6805677082011583,604.0716506103562
1.916388730745058,0.501347038552204,-0.3,0.4941228211537494,-0.31161273133983514,0.0,0.590360537703738,2.051030735830338,0.0,-5.503296692420427,280.7929877842615,0.0,-370.05879692312277,0.6675537872043862,5.873074285595777,464.53010146706475
1.9244747591448261,0.4989001405733755,-0.3,0.4987067257442166,-0.28407417513272293,0.0,0.5307271554083961,3.7065617276215885,0.0,-7.443385458830399,68.44313820033193,0.0,-6.727611639420616,0.6019713036891582,8.315202158059476,68.7729883390318
1.9325607875445943,0.49675297485667613,-0.3,0.5027057708560703,-0.2516700045497515,0.0,0.46998568528269047,3.157897054344616,0.0,-5.612096009978359,-155.85986321387094,0.0,377.054766012981,0.5331269413195249,6.4395601892562055,407.9982763862495
1.9406468159443626,0.4948301189650574,-0.3,0.5063073609415774,-0.23300448460277323,0.0,0.4399680199705749,1.1859871669588422,0.0,-1.3456343663324652,-260.7423901983704,0.0,556.5079532714001,0.49785836182777143,1.7936826386086353,614.5630123109282
1.9487328443441307,0.4929848130971333,-0.3,0.509820958665014,-0.23249015272217122,0.0,0.4482240098789525,-1.0588436899903275,0.0,3.3877822197205063,-264.31532311095367,0.0,550.76131668978,0.5049321084509736,3.5493968963877136,610.9014797764922
1.9568188727438989,0.4910702750099016,-0.3,0.5135560650882557,-0.25012816489912737,0.0,0.49475542645235393,-3.0885352513792803,0.0,7.561308930162035,-177.49427151192177,0.0,324.83975138318215,0.5543888805521406,8.1677685285738,370.16898910934634
1.964904901143667,0.48893972620722087,-0.3,0.5178221715234802,-0.28243812023484693,0.0,0.5705059273763737,-3.9292911304734375,0.0,8.641109129836565,13.466641266468685,0.0,-172.05915339374548,0.6365911599554066,9.49252841880192,172.58534901193727
1.9729909295434351,0.48650266968710937,-0.3,0.5227823193502585,-0.31367288424305784,0.0,0.6344999341110622,-2.87075196391897,0.0,4.77875852859826,197.88001073766165,0.0,-651.1792753795797,0.7078000033175339,5.574742138699801,680.5813304326028
1.9810769579432035,0.4838669905067678,-0.3,0.5280833404972265,-0.32886408405272505,0.0,0.647788281732133,-0.7291643573310544,0.0,-1.8897990982830848,256.12370132205797,0.0,-778.1015780165444,0.7264855426843037,2.025591590591146,819.171176306117
1.9891629863429716,0.4811842610404812,-0.3,0.5332583882365046,-0.3254649716460136,0.0,0.6039379957539168,1.2712950815688728,0.0,-7.804744386894285,190.43179077789162,0.0,-511.84983367814345,0.6860528773234601,7.907605587608619,546.1268343299181
1.9972490147427397,0.478603552499049,-0.3,0.5378502600679569,-0.3083046277846222,0.0,0.5215695122014168,2.3505093795664145,0.0,-10.167463681359209,73.19186571388637,1.3584063158578347e-11,-59.78480682069983,0.6058766372550094,10.435622264876601,94.50540901592866
2.005335043142508,0.4761983410883884,-0.3,0.5416932400127324,-0.28745240045182285,0.0,0.4395091955917536,2.4549580911578737,2.1968224096901697e-13,-8.771587678547945,-10.002488720350925,-1.358406315857984e-11,261.0040204594833,0.5251639891835934,9.10865355756797,261.1956134329501
2.0134210715422762,0.4739548559517791,-0.3,0.5449580277429853,-0.26860290609393545,3.552713678800501e-15,0.3797148980418257,2.1887485638441664,-2.1968224096906226e-13,-5.946491837581025,-36.156352222369364,-2.7168126317158003e-11,353.1222200388677,0.46511388385751457,6.336512088692616,354.9684268934443
2.021507099942044,0.47185447963451677,-0.3,0.547834010911495,-0.2520558343574315,-3.552713678800501e-15,0.34334219183641324,1.8702355093536802,-2.1968224096906226e-13,-3.060875078901038,-74.14679184270418,4.0752189475735983e-11,345.61198667957217,0.42592957672443144,3.587023433027007,353.4761548919051
2.0295931283418125,0.46987859468189624,-0.3,0.550510577171041,-0.23835735120815826,0.0,0.3302142524095544,0.9896424346605315,4.3936448193804e-13,-0.35723515839842435,-195.35404169616515,0.0,306.37039953959254,0.40725382670930205,1.052145002780877,363.35385414369364
2.037679156741581,0.4679997510121913,-0.3,0.5531742545574789,-0.23605128069286962,3.552713678800501e-15,0.3375649645640024,-1.2890411489757643,-2.1968224096906226e-13,1.8937644241500067,-359.3692622016034,-2.7168126317157072e-11,253.26947054787232,0.4119105636152588,2.2908449921216767,439.6495096402637
2.0457651851413488,0.4660611599629279,-0.3,0.5559696969515036,-0.2592037978863324,-3.552713678800501e-15,0.3608403182418485,-4.822097685671169,-4.8265665625042386e-26,3.7386531048902647,-461.2906458816918,1.3584063158578911e-11,220.26981945473221,0.444288582013512,6.101651672199984,511.1827983613774
2.053851213541117,0.46380789247011805,-0.3,0.5590097846796489,-0.31403451835845786,3.552713678800501e-15,0.39802667493005117,-8.749059675269272,-4.8265665625042386e-26,5.455980455595526,-449.2350440611769,-1.3584063158578911e-11,181.84735250551404,0.5069939966868456,10.31085679918324,484.644802330441
2.061937241940885,0.46098257589501995,-0.3,0.5624066069462029,-0.40069408789731753,-3.552713678800501e-15,0.4490747440668983,-12.087152334570728,-2.1968224096906226e-13,6.679498818454757,-206.5713603857106,2.7168126317157072e-11,-17.899233212859713,0.6018503782790315,13.809958581576453,207.3453869301448
2.0700232703406534,0.4573278449214042,-0.3,0.566272246947936,-0.5095086324577842,0.0,0.5060479092145371,-12.089743448584276,4.3936448193804e-13,5.166513039408862,330.48497155182395,0.0,-458.3056322405071,0.7181110867890885,13.147423840394293,565.0348387179156
2.0781092987404217,0.4527427733510584,-0.3,0.5705904424773073,-0.5962101056396492,3.552713678800501e-15,0.5326278863957654,-6.742530603241359,-2.1968224096906226e-13,-0.7322458976863047,812.3609906886213,-2.7168126317157072e-11,-825.0320312126721,0.7994741743378969,6.7821753877590565,1157.846376562757
2.0861953271401896,0.44768590122854235,-0.3,0.5748859353797452,-0.6185492203460186,-3.552713678800501e-15,0.4942059869659303,1.0478046345595189,-4.8265665625042386e-26,-8.175951830799157,833.3706717149064,1.3584063158578911e-11,-701.3939657705291,0.7917339802886048,8.242820081243584,1089.2475254476662
2.094281355539958,0.4427395602263137,-0.3,0.5785827697691911,-0.579264949574732,3.552713678800501e-15,0.4004059289978059,6.734787234799676,-4.8265665625042386e-26,-12.075228950979099,494.31691738634777,-1.3584063158578911e-11,-163.5084564229029,0.7041823554892672,13.82637021479551,520.6574979159925
2.102367383939726,0.4383179955620392,-0.3,0.5813613228063688,-0.5096338586520481,-3.552713678800501e-15,0.29892469850329206,9.041925899503394,-2.1968224096906226e-13,-10.820219875275125,185.50703881708915,2.7168126317157072e-11,305.59238169731316,0.5908321633593248,14.100836220643409,357.49065051008165
2.1104534123394942,0.434497732517226,-0.3,0.5834169969721705,-0.43303841035076474,0.0,0.22542071859138701,9.73481760326333,4.3936448193804e-13,-7.133171596664454,39.256367296895746,0.0,447.6133261996266,0.48819746538606135,12.068504911390894,449.33145022893973
2.1185394407392626,0.43131487379346556,-0.3,0.585006839471221,-0.3522018354389438,3.552713678800501e-15,0.18356664228119257,9.676782101172268,-2.1968224096906226e-13,-3.5813917397452126,-125.18566805313446,-2.7168126317157072e-11,365.8417531564926,0.3971685348123038,10.318259476630892,386.66735036530514
2.1266254691390305,0.4288019044296065,-0.3,0.5863856471376421,-0.2765449405738707,-3.552713678800501e-15,0.16750224795483604,7.710307869020253,-4.8265665625042386e-26,-1.2167579849756667,-375.2492778814991,1.3584063158578911e-11,210.28945010314646,0.3233173475502498,7.8057252980794605,430.155406074677
2.134711497538799,0.4268425733068806,-0.3,0.5877156953391965,-0.22751029863923833,3.552713678800501e-15,0.1638891630368775,3.6082294652875824,-4.8265665625042386e-26,-0.180578808333955,-560.6189127850621,-1.3584063158578911e-11,94.98009483483142,0.2803936407050695,3.612745296888341,568.6077591689535
2.1427975259385668,0.42512259495753324,-0.3,0.589036071991103,-0.21819244871547738,-3.552713678800501e-15,0.16458191720966653,-1.3560530314339871,-2.1968224096906226e-13,0.31926550351859717,-617.1798481452499,2.7168126317157072e-11,59.796311939985145,0.2733041385505638,1.3931296730018672,620.0698056495073
2.150883554338335,0.42331395263302396,-0.3,0.590377323452488,-0.24944046528677433,0.0,0.16905234289391302,-6.372838094446566,4.3936448193804e-13,0.7864505447622712,-607.1673352028853,0.0,54.70473646014707,0.3013291229874796,6.4211813428205105,609.6267555878327
2.1589695827381035,0.4210886295848127,-0.3,0.591769996082478,-0.3212543483531185,3.552713678800501e-15,0.17730044008958856,-11.175197663158391,-2.1968224096906226e-13,1.203953608755782,-423.3824014212487,-2.7168126317157072e-11,12.122118527826537,0.3669329671639612,11.239864194139395,423.55590373742405
2.1670556111378714,0.4181186090643594,-0.3,0.5932446362401995,-0.43016639664141465,-3.552713678800501e-15,0.18852274903871802,-13.219802338155212,-4.8265665625042386e-26,0.9824901341250278,136.7331107780817,1.3584063158578911e-11,-117.65557523150133,0.4696636623207871,13.256261189473713,180.38508243784082
2.1751416395376397,0.41413195418507587,-0.3,0.5948187966879369,-0.5350457426444066,3.552713678800501e-15,0.19318932634364216,-8.963942029277625,-4.8265665625042386e-26,-0.6987790366702491,830.9160707308611,-1.3584063158578911e-11,-276.17477760011985,0.5688550452751693,8.991137238766832,875.6106579874922
2.1832276679374076,0.40946581892396405,-0.3,0.5963689049988932,-0.5751317762866464,-3.552713678800501e-15,0.17722205476736264,0.2178195533514895,-2.1968224096906226e-13,-3.4838240558233444,1052.1819394759195,2.7168126317157072e-11,-301.7730707272832,0.6018174281213523,3.4906267932501263,1094.6021286181942
2.191313696337176,0.40483089043175,-0.3,0.5976848418237651,-0.5315231524555522,0.0,0.1368487258332749,8.052004059373093,4.3936448193804e-13,-5.579070277042308,606.3393803419741,0.0,-126.36819363566221,0.5488573907295765,9.795958070976912,619.3677134919363
2.1993997247369443,0.40086999631218406,-0.3,0.5985820303660131,-0.4449143092883645,3.552713678800501e-15,0.08699701335842747,10.023574452037785,-2.1968224096906226e-13,-5.527457660954126,-30.891014306577517,-4.0752189475735983e-11,106.852402678749,0.4533400742740806,11.446607925022375,111.22810221841738
2.2074857531367122,0.3976357109510121,-0.3,0.5990917624651877,-0.3694213370828159,-3.552713678800501e-15,0.04745836658329239,7.552432821412079,-2.1968224096906226e-13,-3.8510471517547478,-373.79742257944145,4.0752189475735983e-11,232.21406824665462,0.37245727385944505,8.477606129502643,440.05441324760676
2.2155717815364806,0.3948956934659202,-0.3,0.5993495297660113,-0.32277593672580807,0.0,0.024717660082558268,3.9785013025627407,4.3936448193804e-13,-1.7720785596178166,-430.7618995581426,0.0,240.34011011881248,0.3237209725198226,4.355311129638224,493.27394279736916
2.223657809936249,0.3924157601687587,-0.3,0.5994914978679945,-0.30508078804074046,3.552713678800501e-15,0.018800211463911864,0.586126914681472,-2.1968224096906226e-13,0.03574676029359414,-369.1962430657141,-2.7168126317157072e-11,150.51678778118384,0.30565950857555046,0.5872159662215507,398.69934699947
2.231743838336017,0.389961909633278,-0.3,0.599653567853649,-0.31329705896984095,-3.552713678800501e-15,0.025295758720425,-1.9921613104714275,-4.8265665625042386e-26,0.6620874816632989,-249.10783191295803,1.3584063158578911e-11,-23.76772255243704,0.3143165960753488,2.0993014362674276,250.23911875584955
2.239829866735785,0.38734910233597075,-0.3,0.5999005823148087,-0.33729813390752383,3.552713678800501e-15,0.02950752782363253,-3.442459092224155,-4.8265665625042386e-26,-0.34862619882012646,-144.44326483943382,-1.3584063158578911e-11,-175.66758238573314,0.3385863631863521,3.4600671710445914,227.42681517077787
2.247915895135553,0.38450710505334795,-0.3,0.6001307652696266,-0.36896870293936956,-3.552713678800501e-15,0.019657756031300266,-4.3281059937652415,-2.1968224096906226e-13,-2.178818638515948,-96.51268518784823,2.7168126317157072e-11,-224.54055841390885,0.36949199060459603,4.845591001396125,244.4036840454716
2.2560019235353215,0.38138211951478407,-0.3,0.6002184886618983,-0.40729250987310905,0.0,-0.005728450954336495,-5.003267718957787,4.3936448193804e-13,-3.9799088632894484,-15.664989472289733,0.0,-167.47063784013363,0.4073327923812087,6.393149648463968,168.20168380176267
2.26408795193509,0.3779203474496542,-0.3,0.6000381244354197,-0.44988183267364334,3.552713678800501e-15,-0.044705556162796256,-4.581441093275256,-2.1968224096906226e-13,-4.88716330592123,177.18919109324315,-2.7168126317157072e-11,-10.331350820912093,0.45209761127617226,6.698803450609228,177.49013000745308
2.2721739803348577,0.37410660496370646,-0.3,0.5994955078683787,-0.4813838354572866,-3.552713678800501e-15,-0.08476393352630396,-2.137754056334085,-4.8265665625042386e-26,-4.146988055581264,384.37210646087925,1.3584063158578911e-11,158.69630473234474,0.48878964950827225,4.665565596849595,415.84424170700584
2.280260008734626,0.37013538072026037,-0.3,0.5986673172878803,-0.4844537126961157,3.552713678800501e-15,-0.11177088254465417,1.6346464445675544,-4.8265665625042386e-26,-2.320717651913175,437.0233993899801,-1.3584063158578911e-11,212.56757467769404,0.49718017853677704,2.838626325996211,485.97780342185496
2.288346037134394,0.3662719920052387,-0.3,0.5976879428073322,-0.45494824030858183,-3.552713678800501e-15,-0.12229471120873114,4.92981318132712,-2.1968224096906226e-13,-0.7093331641539189,254.30253888118568,2.7168126317157072e-11,110.05631279742748,0.47109860724640445,4.980583453829002,277.09596400521997
2.2964320655341623,0.362777931937141,-0.3,0.5966895602719299,-0.4047284939165898,0.0,-0.12324225876514561,5.747241547620231,4.3936448193804e-13,-0.5408807102057276,-75.04061595916983,0.0,-81.74296826095362,0.4230765984234134,5.772636949381525,110.96398922011988
2.3045180939339307,0.35972669981322863,-0.3,0.5956948619984791,-0.36200352355981025,3.552713678800501e-15,-0.13104186477595192,3.7162520777632047,-2.1968224096906226e-13,-2.031285089832787,-324.2396092866777,-2.7168126317157072e-11,-226.8484597239124,0.38499158613361534,4.235168074782432,395.7164994152871
2.3126041223336986,0.35692359039249943,-0.3,0.594570343791656,-0.34462905423360723,-3.552713678800501e-15,-0.1560923166139716,0.5036201695766991,-4.8265665625042386e-26,-4.209486885748115,-375.7159942041145,1.3584063158578911e-11,-247.8279328660435,0.3783305384552864,4.239506234986549,450.09020496945095
2.320690150733467,0.35415333917339226,-0.3,0.5931705281882268,-0.35385894957202524,3.552713678800501e-15,-0.19911792578917442,-2.3598483209999515,-4.8265665625042386e-26,-6.039172496654082,-235.13672859037837,-1.3584063158578911e-11,-116.60043338101184,0.4060346100553502,6.4838637048035945,262.4594105701395
2.328776179133235,0.35120096336099643,-0.3,0.5913501973859877,-0.38279265531910767,-3.552713678800501e-15,-0.25375815725205797,-3.2990243608441467,-2.1968224096906226e-13,-6.09515571723648,53.01420796145952,2.7168126317157072e-11,149.00056959637803,0.45926399743308133,6.930691520389844,158.15080140747304
2.336862207533003,0.3479627946091264,-0.3,0.5890667368558008,-0.40721095891865033,0.0,-0.2976891302503404,-1.502499538664651,4.3936448193804e-13,-3.6295268219780628,307.3793126206856,0.0,382.8628391540007,0.5044200465213995,3.928227312051285,490.98472016166386
2.3449482359327716,0.3446155246039702,-0.3,0.5865359518629746,-0.4070911631996701,3.552713678800501e-15,-0.31245507117252913,1.6719313418601303,-2.1968224096906226e-13,0.09652386399390522,358.5054227192879,-4.0752189475735983e-11,413.1293430945675,0.5131777339837443,1.6747152797459421,546.9935943362447
2.3530342643325395,0.341379293195272,-0.3,0.5840136956974956,-0.38017239029316485,-3.552713678800501e-15,-0.29612814083932193,4.29527052049346,-2.1968224096906226e-13,3.051624380102428,197.3820267981463,0.0,201.7686477139942,0.48189513603913015,5.2689429871138,282.2591924159035
2.361120292732308,0.3384673551145337,-0.3,0.58174695074938,-0.3376278043728753,0.0,-0.26310402836666213,4.864004690447228,-2.1968224096906226e-13,3.359537895190096,-59.27721783421973,2.7168126317157822e-11,-128.91535880425968,0.4280376899624774,5.911432694187673,141.8906561046095
2.3692063211320757,0.33591915716585113,-0.30000000000000004,0.5797587624065631,-0.3015114301660411,-7.105427357601002e-15,-0.24179750317811255,3.33663598676009,2.1968224096896573e-13,0.9667978751874919,-236.23310521338107,6.792031579289455e-11,-356.9082444660662,0.3864908473223406,3.473879364573492,428.0065127619037
2.377292349531844,0.3335912951401791,-0.30000000000000004,0.5778365877939975,-0.2836675376756155,3.552713678800501e-15,-0.24746891821546058,1.0436294950055611,8.7872896387608e-13,-2.412402506537953,-280.46330914642914,-2.716812631715558e-11,-409.76677123615536,0.3764414129896936,2.6284688273586507,496.5566177050399
2.3853783779316124,0.3313316696343764,-0.3,0.5757566810050627,-0.2846337946951394,7.105427357601002e-15,-0.28081101353718907,-1.199032578941985,-2.1968224096906226e-13,-5.659973623806376,-233.7990640837207,-4.075218947573374e-11,-310.7308175865683,0.3998389956049036,5.785583855372606,388.8645565803612
2.3934644063313804,0.32898818124530177,-0.3,0.5732952961331387,-0.30305836064675873,0.0,-0.339002333143533,-2.7373822490348267,2.1968224096896578e-13,-7.437558937914357,-105.51548612389342,4.075218947573673e-11,-42.987359786229376,0.4547163421680156,7.9253103745077835,113.93608257857682
2.4015504347311487,0.32643059261242263,-0.29999999999999993,0.5702743160182902,-0.32890289590857336,1.0658141036401503e-14,-0.40109163913103885,-2.9054350137681944,4.3936448193800386e-13,-6.355167647931221,38.73603071634332,-8.150437895147345e-11,258.08313205693,0.5187018584098859,6.987825731409008,260.9739127345342
2.4096364631309166,0.32366914493113635,-0.2999999999999998,0.5668088193632925,-0.3500452207167797,7.105427357601002e-15,-0.44177846531645315,-2.110940960101594,-1.098411204845094e-12,-3.2638238672875772,112.09479893134754,-1.7659282106151947e-10,399.6403160098844,0.5636487106026409,3.8869805728496605,415.06340013055774
2.417722491530685,0.3207696414205847,-0.29999999999999977,0.5631298495843805,-0.36304115301580353,-7.105427357601002e-15,-0.45387438409649405,-1.0926315585178337,-2.41650465065922e-12,0.10783824196526481,131.29781541894823,-1.0867250526862979e-10,331.6546969830095,0.581206362079783,1.0979402575273707,356.6986884818615
2.4258085199304533,0.3177980227839955,-0.29999999999999993,0.5594687370438293,-0.3677153203420964,-3.197442310920451e-14,-0.4400344991422287,0.012414768508723029,-2.8558691325973267e-12,2.099714730154787,146.99641442566144,1.9017688422010285e-10,80.7919471469527,0.5734500128604434,2.099751431599968,167.73575819662545
2.4338945483302212,0.31482292837395265,-0.3000000000000003,0.5560135866704969,-0.3628403806743279,-5.3290705182007514e-14,-0.41991767821760817,1.284602804902125,6.590467229068972e-13,1.4144102001710621,164.5562328598109,5.841147158188932e-10,-200.60152373833745,0.5549630603270437,1.9106963601552056,259.46044997100245
2.4419805767299896,0.3119301475385649,-0.30000000000000077,0.5526778045005648,-0.34694065081637504,-2.1316282072803006e-14,-0.41716057704721976,2.6736275130353064,6.5904672290709265e-12,-1.1444245058152305,161.1372144060616,6.384509684532086e-10,-321.64336487096233,0.5425778858664065,2.9082626305012056,359.7494350684377
2.4500666051297575,0.3092121844628821,-0.3000000000000007,0.5492672421239619,-0.31960232467271865,5.3290705182007514e-14,-0.43842537632843204,3.8905229887960147,1.0984112048451205e-11,-3.7872245657161017,89.67908162818324,1.3584063158578757e-10,-225.739709305624,0.5425518007941114,5.429478707713457,242.9007081897086
2.458152633529526,0.3067615205906939,-0.2999999999999999,0.5455875644122233,-0.28402289206166387,1.5631940186722204e-13,-0.47840778783658067,4.12392271485648,8.7872896387608e-12,-4.795099906616496,-62.827200438610646,-9.64468484259102e-10,27.86078954215543,0.5563658999954637,6.324533316580976,68.72758331896762
2.466238661929294,0.3046189501200922,-0.29999999999999816,0.5415304042057281,-0.25291001229116006,1.9539925233402755e-13,-0.5159720043776872,2.874477934746926,-4.613327060350065e-12,-3.3366582947604257,-204.3569491198642,-1.9832732211524923e-09,263.2578369327957,0.5746221224584404,4.404079015337997,333.2663369740683
2.474324690329062,0.3026714455067498,-0.29999999999999677,0.5372432358504569,-0.23753667163192205,8.171241461241152e-14,-0.5323684153000912,0.8190505263101393,-2.3286317542716255e-11,-0.5376792148163432,-253.9638816469834,-2.11911385273831e-09,346.0008282111278,0.5829578029146723,0.9797666572681658,429.2018479736421
2.4824107187288305,0.30077749357448796,-0.2999999999999968,0.5329209119552158,-0.2396642806579834,-1.8118839761882555e-13,-0.5246673831796258,-1.2326403842787936,-3.888375665151796e-11,2.2588867517565205,-205.70355500441616,-6.384509684532093e-10,267.58847233847376,0.5768143812318351,2.573319194001416,337.5167300592565
2.4904967471285984,0.29879558114712884,-0.2999999999999997,0.5287582851288118,-0.25747100193988004,-5.471179065352771e-13,-0.49583757044696597,-2.507599049087853,-3.361138286826163e-11,3.7897767587426614,-72.09705510138775,2.9749098317286593e-09,49.87826925290503,0.558700468146104,4.544277816341375,87.66884907398884
2.4985827755283667,0.2966136579068827,-0.30000000000000565,0.5249021986026036,-0.28021731491029556,-7.247535904753022e-13,-0.4633788981796769,-2.398598054457656,9.226654120698839e-12,3.0655209551769396,68.4130789540672,6.846367831923746e-09,-179.0813236036656,0.5415180023357923,3.892388900595236,191.70412054939305
2.506668803928135,0.2942638908141859,-0.3000000000000114,0.5212644952677433,-0.29626126591582747,-3.979039320256561e-13,-0.4462617914396745,-1.4012188504114889,7.710846658013016e-11,0.8936634216879682,133.64421070162095,8.164021958305834e-09,-277.74520111212973,0.5356494415016188,1.6619412077481988,308.2258454362266
2.514754832327903,0.29182250388698944,-0.3000000000000121,0.5176852275639783,-0.30287790574773155,5.222489107836736e-13,-0.4489265225644701,-0.23729628806185943,1.4125568094308224e-10,-1.426190213007036,142.85682160810893,3.2058389054245378e-09,-217.85915800893872,0.5415441334295474,1.4457966841866088,260.52002650148563
2.5228408607276713,0.289365732119109,-0.30000000000000293,0.5140044300460124,-0.3000988349646825,1.886490963443066e-12,-0.46932622057136797,0.9090697828360668,1.2895347544881473e-10,-2.629567255931672,139.6140080614046,-1.0894418653180313e-08,-11.95645156935845,0.5570694858480081,2.7822709831239725,140.12504408955726
2.5309268891274397,0.2869692884824658,-0.29999999999998156,0.5100952572673862,-0.28817637758496417,2.6076918402395677e-12,-0.49145203358559897,2.020549380318151,-3.492947631408195e-11,-1.6195506269076105,135.91213478007026,-2.697794943293736e-08,222.91116595986912,0.569711089863461,2.589510384497598,261.0775675734403
2.5390129175272076,0.28470532737252036,-0.2999999999999608,0.5060566398446185,-0.26742239561991,1.3216094885137863e-12,-0.4955176852994434,3.1070485462455917,-3.073354551156593e-10,0.9753647812220976,128.12669664032376,-3.260175158058938e-08,328.7634527752625,0.5630741639638689,3.2565452745471353,352.8482085439486
2.547098945926976,0.28264451831103254,-0.2999999999999602,0.5020817171155489,-0.23792901201616345,-2.362554596402333e-12,-0.4756783789434067,4.092621595922413,-5.621668546397435e-10,3.6972306049855987,85.50761981090307,-1.5485832000779962e-08,246.64825334306266,0.531864771303021,5.515348191533577,261.0496388101496
2.555184974326744,0.2808575258759374,-0.29999999999999905,0.4983639420820344,-0.2012362867116444,-7.769784815536696e-12,-0.4357258619546336,4.4898826306207,-5.577732098203633e-10,4.964174343792596,-12.388369387131604,2.7629984464548577e-08,4.4167662682131095,0.47995111195370677,6.693435063726107,13.152167895067514
2.563271002726512,0.27939011365220406,-0.3000000000000858,0.49503513372699176,-0.16531837509051428,-1.1382894626876805e-11,-0.3953974694927922,3.89227618254003,-1.1533317650873549e-10,3.768658799945282,-111.35948877355867,7.116690688779462e-08,-240.55289639184025,0.42856659228627647,5.417804262943928,265.07853874354254
2.5713570311262806,0.27818398772396646,-0.3000000000001831,0.4919695517470039,-0.13829017520812315,-9.634959496906959e-12,-0.37477889778384466,2.688970653007339,5.931420506163911e-10,1.073939240050688,-155.23846615427215,9.049702876245136e-08,-349.1605220655247,0.3994789040527258,2.8954979993181422,382.11523333021
2.5794430595260485,0.27715367708392047,-0.3000000000002417,0.48897418810476384,-0.12183218895779291,-1.7905676941154525e-12,-0.3780296631034403,1.3817508904202596,1.3481899128268921e-09,-1.8779849950541028,-160.00244493108977,8.672065920436778e-08,-358.09452448069976,0.39717692336331417,2.3315366531164674,392.21482741857795
2.587529087925817,0.2762137106441292,-0.30000000000021204,0.4858560345633855,-0.11594442132543747,1.2168044349891716e-11,-0.4051497777925377,0.10140202551708466,1.9955934769626477e-09,-4.71718574945411,-143.93601473226343,2.2603881095875302e-08,-290.6960952226387,0.42141363442802043,4.7182755076014695,324.37909321455317
2.5956151163255847,0.27527861731665615,-0.30000000000004495,0.4824220828859834,-0.12019230964154204,3.04822833641083e-11,-0.454316258977574,-0.9459905153288055,1.7137411617994025e-09,-6.57913875839807,-101.17233695893957,-1.479168637337598e-07,-111.3032074769568,0.4699462250814942,6.646801099577733,150.41358236672545
2.603701144725353,0.2742699537857387,-0.29999999999971905,0.4785088062182474,-0.13124303367115786,3.9882763758214423e-11,-0.5115479834853822,-1.5347627543246825,-3.965264449490813e-10,-6.517187542741919,-52.65058654726225,-3.4140825936456247e-07,92.24469527739728,0.5281155870594709,6.695463402882039,106.21284324690039
2.6117871731251214,0.2731561475215827,-0.29999999999939997,0.47414929984136933,-0.1450125800782942,2.4069635173873394e-11,-0.5597125860920293,-1.7974587915000537,-3.8075326004752616e-09,-5.087352306916046,-26.649316055567837,-4.2186666545282204e-07,194.47893112670639,0.5781927251451638,5.395554800187358,196.29630841769733
2.6198732015248893,0.2719248021040652,-0.2999999999993298,0.46945710248455175,-0.16031163934212245,-2.169286972275586e-11,-0.593820933952081,-1.9657370072441243,-7.21897812048308e-09,-3.372063222247739,-5.476245795608378,-2.044944867892469e-07,194.40770620178188,0.6150797698740225,3.9031951471179216,194.4848207409829
2.6279592299246577,0.2705635785845151,-0.29999999999975074,0.4645459939687426,-0.17680259061239667,-9.267608902518987e-11,-0.6142457840538462,-1.8860209495548403,-7.114629056022787e-09,-1.9433798399532876,44.01340239373424,4.978287466356e-07,137.05069605275474,0.6391846675845557,2.7080990056673717,143.94468687248354
2.6360452583244256,0.2690655405663764,-0.30000000000082855,0.4595234847759573,-0.19081247726343875,-1.3675105492438888e-10,-0.6252493831068797,-1.253949763791839,8.319366465493566e-10,-1.1556715812665743,105.7119261498297,1.3737834753533495e-06,65.45324564273338,0.6537172114568685,1.7052761693816028,124.33478473651307
2.644131286724194,0.2674777483641505,-0.30000000000196225,0.4544344254312631,-0.19708153741620293,-7.922196232357237e-11,-0.632935370507699,-0.17644167547138778,1.5102275337656248e-08,-0.8848662337050328,137.03252875310673,1.7195522189918628e-06,28.43291187371495,0.6629089798984868,0.9022859393753626,139.95122155268766
2.6522173151239623,0.2658783267491416,-0.30000000000210975,0.44928761801367095,-0.19366590206096745,1.0748379963843036e-10,-0.6395594900983497,0.9621480745875495,2.864063280185514e-08,-0.6958529154686346,115.10541823276105,6.288877879895678e-07,48.55514255318317,0.6682385973557269,1.187409026999007,124.92741562562951
2.66030334352373,0.26434577239588714,-0.30000000000022403,0.44409143303071014,-0.18152162410440909,3.8395597812268534e-10,-0.6441887433807807,1.6850496861232234,2.5272684365559183e-08,-0.09962971042539692,43.46123902266376,-2.2809136290201435e-06,118.76641046484063,0.6692751580000648,1.6879924537459943,126.46872954247671
2.6683893719234986,0.26294274873378104,-0.2999999999959004,0.43886976106609504,-0.1664151828269418,5.161950866749976e-10,-0.6411707074342701,1.6650057006402488,-8.246431961496654e-09,1.2248442204458456,-31.958165592550586,-5.341742660226936e-06,192.69407942585246,0.6624151939283147,2.066999600271881,195.32622095821557
2.6764754003232665,0.26165449660690465,-0.2999999999918761,0.4337223839318843,-0.1545950573421031,2.5059421204787213e-10,-0.6243804930771475,1.1682204169515362,-6.111428134413568e-08,3.0166298869838144,-66.26863656532574,-6.22779034787131e-06,210.21958397102208,0.6432345076951873,3.2349335105418175,220.41734432021647
2.684561428723035,0.260442628685517,-0.29999999999184773,0.42877224426752897,-0.14752265588962388,-4.72148542485229e-10,-0.5923855975587884,0.5933055460779713,-1.0896261120287489e-07,4.624527272800087,-66.18978215729882,-2.4372118597226873e-06,89.6805731059275,0.6104781979692733,4.66243112205196,111.46161875120191
2.692647457122803,0.25926875183663917,-0.2999999999995117,0.42414229040093604,-0.14500008635145,-1.5115553253508551e-09,-0.5495923753504179,0.09779550035473861,-1.0052900997207546e-07,4.466949209067877,-52.78086226859048,7.0654651866083705e-06,-208.40095858873923,0.5683984553860457,4.468019605628625,214.98088045805693
2.700733485522571,0.2580976790531037,-0.30000000001629273,0.41988420515676994,-0.14594110150314776,-2.097909401754805e-09,-0.5201458412290982,-0.26026955645818184,5.300493110096392e-09,1.2542551334253602,-38.98607424930296,1.684069287615346e-05,-515.0303824226891,0.5402318958150086,1.2809746998839622,516.5038323225044
2.7088195139223394,0.2569085840537434,-0.3000000000334392,0.41573046231253646,-0.14920918040168196,-1.4258354497087566e-09,-0.5293084900915552,-0.5326895067959221,1.7181963176462728e-07,-3.8621513889588357,-31.959285275583238,2.0943691232886426e-05,-649.5276823739341,0.549937139316071,3.8987140779861216,650.3134675565168
2.7169055423221073,0.25568465971263543,-0.30000000003935146,0.41132419819053256,-0.15455578646356827,6.807674424180732e-10,-0.5826047728597459,-0.7771169332074983,3.4400305732028495e-07,-9.249943438797033,-7.42911082725837,1.1851972849291269e-05,-539.4580723121715,0.6027568435848142,9.2825300618324,539.5092246388822
2.7249915707218757,0.25440909909635756,-0.3000000000224297,0.4063085448341677,-0.16177675958539517,4.137401532489093e-09,-0.678899100776281,-0.652833509064374,3.634904098699189e-07,-12.5862979753595,81.86792564925153,-2.5129362198002757e-05,-42.622542665811466,0.6979080949357113,12.603217379506555,92.29863700733033
2.733077599121644,0.2530683967677754,-0.2999999999724412,0.40034500337162415,-0.16511344705279818,6.559154996921279e-09,-0.7861510986131535,0.5468558104524455,-6.23904154819462e-08,-9.939237619729212,216.96454449811418,-8.09378827655704e-05,709.6126449247619,0.8033031807781701,9.954270226333321,742.0402410963956
2.741163627521412,0.2517388750522525,-0.29999999991635473,0.393594864614378,-0.1529329763576026,3.1284201895687147e-09,-0.8396370161066322,2.85592942804458,-9.454416274490674e-07,-1.1104019759674344,286.7122643054604,-9.840023670811392e-05,1144.6251203562824,0.853451119909069,3.0642006210762895,1179.987537499362
2.7492496559211803,0.25059515598759813,-0.29999999992184817,0.3867663458561546,-0.11892719412699293,-8.730580702831503e-09,-0.8041085824388112,5.183582833924004,-1.6537246326133676e-06,8.57170484084866,200.40977515582767,-1.0487222775938725e-05,878.8690708924821,0.8128556390003542,10.017168006716405,901.4293770170929
2.757335684320948,0.2498155777138213,-0.3000000000575462,0.3805907749461829,-0.06910378034228337,-2.3615708499846733e-08,-0.7010149185515715,6.0969676950469935,-1.1150415898510073e-06,13.102718557861728,3.8851085439765143,0.0001621092755768322,160.2851366046374,0.7044126975640498,14.45179050086812,160.33221474423667
2.7654217127207166,0.24947760572684008,-0.3000000003037627,0.37542949277601634,-0.020326686257755355,-2.6763096627746563e-08,-0.5922106736927333,5.2464130299694585,9.679157797469236e-07,11.16384517413993,-153.74094692777484,0.000300094042859703,-417.8640165633243,0.5925594115443809,12.33516472339148,445.24893610290985
2.773507741120485,0.24948685338911453,-0.30000000049036046,0.3710135102939321,0.015741509172212176,-7.962519532611623e-09,-0.5204725802941468,3.6106603689164607,3.7380963164787113e-06,6.344997947517101,-201.4468067630039,0.0003050531088766876,-588.1990664698528,0.520710574070727,7.300401855629191,621.7386571149573
2.781593769520253,0.2497321783072835,-0.30000000043253305,0.36701238064489816,0.038065118312196944,3.368960932448317e-08,-0.4895990064925435,1.988603828912953,5.901251983375868e-06,1.6514564617552594,-175.55607443727877,5.395997408482299e-05,-464.4168271863421,0.4910765117480252,2.5849281679526963,496.4906088191991
2.789679797920021,0.25010244464454046,-0.2999999999455301,0.36309568735193815,0.04790132324516705,8.747286273091959e-08,-0.4937651325926815,0.7715575616131956,4.6107400822797835e-06,-1.1655773604007358,-111.75239468329661,-0.0004901168430514009,-168.79940191639594,0.496083201623391,1.3978095914617648,202.4397090617957
2.797765826319789,0.25050684122757727,-0.299999999017917,0.35902718287497876,0.05054279102271764,1.0825475982301214e-07,-0.5084487897691972,0.18133775461045198,-2.024945440860493e-06,-1.078377053764605,-51.378183062918836,-0.0010049494135775886,110.92849247329744,0.5109547392305301,1.0935174673215287,122.2491232617033
2.8058518547195574,0.25091982553176695,-0.299999998194828,0.3548730246441352,0.050833927712627514,5.472533004535762e-08,-0.5112047075574786,-0.05933333313728051,-1.16413589147578e-05,0.6283645205644497,-26.010124291115915,-0.0011633912501988457,221.93590904146484,0.5137259398119028,0.6311595798693793,223.45485962281987
2.813937883119326,0.2513289303938894,-0.2999999981328959,0.35075995130816867,0.0495832489891157,-8.0009957770244e-08,-0.49828684305181525,-0.23929945278848397,-2.0839374819160242e-05,2.510783073110776,-15.966302944539354,-0.0006414205805003086,199.9340715295835,0.5007477174574713,2.5221609521913426,200.57057558008063
2.8220239115190937,0.2517216886507245,-0.29999999948875355,0.34681470151583965,0.04696396337003428,-2.8229022319692376e-07,-0.47060018108781776,-0.31754129123497954,-2.201444897500075e-05,3.8617096815034486,3.1709023755126466,0.0008679207334120207,99.94545189306208,0.47293778057519203,3.8747431058511843,99.9957397929367
2.830109939918862,0.252088434277041,-0.3000000026981094,0.3431493784497444,0.04444795319106554,-4.3602887700444626e-07,-0.435835054739222,-0.1880194394658976,-6.803311420924976e-06,4.127106597980635,25.50210823528276,0.002629171013781441,-16.73127343811703,0.43809566932646793,4.131387198116227,30.50070560196366
2.8381959683186304,0.25244050347435354,-0.30000000654023734,0.3397663522553678,0.04392330231557473,-3.9231376192105927e-07,-0.4038563787675322,0.09488025165394598,2.0504653995568213e-05,3.59113057713364,37.26237995592219,0.003556697420935735,-78.17667867016453,0.4062378997061743,3.592383760763673,86.60299105993838
2.8462819967183983,0.2527987644169116,-0.30000000904262986,0.3366181901534609,0.045982362009967304,-1.0442644793329237e-07,-0.37775908707126504,0.4145898856671755,5.0715801289211705e-05,2.86282891012765,39.033558687174626,0.0034395332053532767,-87.7858318352479,0.3805473761319899,2.892693233741228,96.07273799898657
2.8543680251181667,0.25318413284455554,-0.3000000082290277,0.33365721084271033,0.05062807349509768,4.278650571620801e-07,-0.35755854702559375,0.7261331798309656,7.612898035643216e-05,2.1714531184994748,33.57509920966453,0.0002874176396332551,-63.028348275875786,0.3611250702693761,2.28964583429144,71.41330389644858
2.8624540535179346,0.25361752449712544,-0.30000000212317185,0.33083573302180336,0.05772542903822142,1.1267357464816996e-06,-0.3426422239013611,0.9575682971359396,5.5363935682551884e-05,1.8435308818292135,18.46349237141304,-0.008423642638169894,5.533531944117186,0.3474707451843777,2.077388543099963,19.27486957889853
2.870540081917703,0.25411767176173927,-0.2999999900073932,0.3281159813358581,0.06611392238581537,1.3232137696661539e-06,-0.3277448608929525,1.0247258271792528,-6.0098646847052056e-05,2.260941711401827,0.5120115178351554,-0.01838710433771797,85.23947299720054,0.33434674303293177,2.4823215840935426,85.24101272697598
2.8786261103174713,0.254686722605189,-0.2999999807240836,0.3255354245156863,0.07429735331931653,1.5481701609587617e-07,-0.3060781461241291,0.9658485764843867,-0.00024199336004603086,3.222028480702516,-14.902632753955018,-0.018412627040048677,115.0825236097246,0.31496655099401116,3.3636782042454456,116.04342308983698
2.886712138717239,0.25531921277967445,-0.2999999875036837,0.3231660681716419,0.08173368042447215,-2.590316594108799e-06,-0.2756380332933084,0.7837196038196694,-0.0003578686971674001,4.122062819852269,-38.22416132049891,-0.00046202516344821636,78.82979283831747,0.28750081725143406,4.1959049603499965,87.60834861930135
2.8947981671170075,0.2560085243274487,-0.30000002261483066,0.32107779058515445,0.08697171126719816,-5.632655881271376e-06,-0.23941591207022128,0.34768526849462766,-0.00024946525723211813,4.496868367979435,-69.1345585282373,0.02685499013375519,14.828097955920697,0.25472349233018854,4.510289372877878,70.70686241854565
2.9028841955167755,0.25672572423424045,-0.3000000785953146,0.3192942204429295,0.08735646633492955,-6.62468290357765e-06,-0.2029144226263071,-0.3343284035098346,7.643172862666271e-05,4.361863662224534,-89.58643296166274,0.044938422440712306,-27.55991494801725,0.22091947665196854,4.374657711761009,93.72982397400652
2.910970223916544,0.25742125806282395,-0.30000012974957885,0.31779624701699677,0.0815649333359385,-4.396597624634069e-06,-0.16887560517289302,-1.101111613829234,0.0004772814629606403,4.051167858049702,-95.0101743036435,0.0497327375301133,-38.803483268385406,0.1875414844559385,4.1981434025057105,102.62868024248274
2.919056252316312,0.2580447969689997,-0.3000001496973411,0.3165631545640173,0.06954922677345365,1.0939400247877984e-06,-0.13739870592146985,-1.87083833888224,0.0008807123847601058,3.734331526788334,-88.0887612942481,0.03489735549095156,-40.65861082849139,0.15399837445530568,4.176753382455236,97.01934713593552
2.92714228071608,0.2585460121085681,-0.3000001120583186,0.31557422734065194,0.05130962945678519,9.846333085761216e-06,-0.10848378361337296,-2.5256880648806117,0.0010416434781139307,3.3936344943411,-42.784796794960144,-0.0607371383824276,-50.068539433804375,0.12000587268553152,4.2303494379641124,65.85894902608479
2.9352283091158484,0.2588745792109379,-0.2999999904618832,0.31480874865359326,0.028703655930293337,1.7939457517712754e-05,-0.08251665612212022,-2.5627565028069186,-0.00010153206700187886,2.9246202631950218,54.85185910425639,-0.2618917754487238,-70.43052082855897,0.08736646223331378,3.888589022624894,89.2706743487318
2.9433143375156163,0.25901020926262713,-0.2999998219403927,0.31423976329093717,0.009864585730010589,8.20435073123349e-06,-0.06118665859990813,-1.6386206838864696,-0.0031936851897741187,2.2546281110807342,135.7492201917551,-0.3409609492733616,-88.75593626461296,0.06197674813636006,2.787191393600578,162.18996041446763
2.9514003659153847,0.2590341098516676,-0.29999985778065713,0.3138192345353417,0.0022037891575870105,-3.3709000771153796e-05,-0.046054682247891776,-0.3674124033730818,-0.0056155719050744474,1.4892542206276755,130.27032776719483,-0.02340354522642457,-92.69828268181357,0.04610739181413441,1.5339170585326805,159.88536661138104
2.959486394315153,0.2590458490660579,-0.3000003670842678,0.3134949643537397,0.003922771473806819,-8.261099707951303e-05,-0.03710235475496759,0.4681184560588689,-0.003572168652486383,0.7555062183309356,74.18090183725727,0.5139270161238763,-88.0035684069996,0.03730924401506974,0.8887841668417211,115.09864625933773
2.967572422714921,0.2590975491347536,-0.3000011937703942,0.3132192131468478,0.009774227417882031,-9.147831511668869e-05,-0.03383659277264073,0.8322453545798923,0.0026956849904968346,0.06605551378780072,35.7057449797001,0.8587191793741951,-84.38810137500747,0.03522014906782957,0.8348670120678796,91.63508758583113
2.9756584511146893,0.25920391842703144,-0.3000018464767758,0.3129477570535178,0.017381890619223128,-3.901622629953749e-05,-0.03603410123406903,1.0455537919403273,0.010315086691204338,-0.6092229503107083,25.551169674418404,0.9109042615733985,-81.12474870347725,0.04000735051851955,1.2101412050002793,85.05831452895717
2.983744479514457,0.259378650057131,-0.300001824743022,0.31263646761497016,0.026682982728111426,7.5337852745605e-05,-0.04368898092864626,1.2454603218491758,0.017426880447601496,-1.245898530092941,17.75893536441984,0.48277445639981054,-50.76799598907075,0.05119291257239,1.7617429598981058,53.78663656708511
2.9918305079142256,0.2596354371392915,-0.30000062810874206,0.31224121637242586,0.03752354568573679,0.0002428122741378047,-0.056182843029191076,1.332752303353012,0.018122542621466963,-1.4302458650445646,-4.65119443127648,-0.7940263084553771,39.244660639373095,0.06756172947366558,1.9550346194174928,39.52730038992818
2.999916536313994,0.25998548296928076,-0.299997897969133,0.3117278754863426,0.04823632867764971,0.0003684166413719936,-0.06681899829544946,1.1702409413208836,0.004585841886934684,-0.6112316491544569,-32.492864830788825,-2.380285129055957,151.07367459325874,0.08241151417324626,1.320260966482565,154.54677989954158
3.008002564713762,0.26041551778646754,-0.2999946700538919,0.3111606157367037,0.056448748657921044,0.00031697476960701465,-0.06606771597699179,0.8072758477298518,-0.020371563684716838,1.0129261813922295,-48.24917504435819,-3.2779624903364555,214.3594779896066,0.08689939466110318,1.2954260858438644,219.74693111514847
3.01608859311353,0.2608983753388394,-0.2999927718351549,0.31065942463094703,0.061291639540030474,3.896655636737023e-05,-0.05043789855623615,0.38995254197275253,-0.04842555369353597,2.855402004412416,-56.37719920458032,-2.9529616576269664,215.27037522308453,0.07937662254509643,2.8823130687078358,222.54986637019567
3.024174621513298,0.2614067296624456,-0.29999403988452905,0.31034493117640305,0.06275508331582813,-0.0004661660352738295,-0.019889992576125337,-0.10445942000538722,-0.06812702733871334,4.494290916757446,-87.70872983442848,0.4768616498309197,131.11334031119733,0.06583334715345479,4.496020897052232,157.74586109867252
3.0322606499130664,0.2619132541106826,-0.3000003106987553,0.31033776254126366,0.05960231586645648,-0.0010627875993378666,0.022244029423205802,-1.028478018724829,-0.04071372000694718,4.975774391101963,-157.08390416985378,8.085208133503052,-55.79067180353891,0.06362674295535331,5.0811175378201066,166.8931472532532
3.040346678312835,0.2623706217000219,-0.30001122734595137,0.31070466288368565,0.04612247837993522,-0.0011245906277466133,0.06057851349845578,-2.644829240533243,0.06262741783237415,3.5920410034663037,-222.8960405186913,15.31630590102318,-237.30626240983048,0.07614659554878468,4.46114362867048,325.93173562003307
3.0484327067126027,0.26265914945077834,-0.30001849764226346,0.3113174417023921,0.016829987163479387,-4.997344094448408e-05,0.0803347205575271,-4.63316544638482,0.2069824489834698,1.1380440365245867,-200.24617961154965,13.209318932443223,-293.8081535826474,0.08207873227775664,4.775375170269935,355.80366730449043
3.056518735112371,0.26264279720836514,-0.3000120355192768,0.3120038405475169,-0.02880533638064975,0.002222741293721242,0.07898302629750376,-5.883221831101324,0.2762492738910315,-1.1594411444391337,-13.19657533639554,-5.9028608613242595,-226.74473849223136,0.08410116780386208,6.002742418485975,227.2051271447625
3.064604763512139,0.26219330791470075,-0.29998255134381074,0.3125947596898746,-0.07831381045336272,0.00441754550725193,0.061584172513938995,-4.846581212284493,0.11152104785438718,-2.528884753367825,272.0502669988067,-35.091839243948286,-110.97910466748601,0.09972551288542197,5.467818988152389,295.9039483150604
3.0726907919119073,0.26137630181752525,-0.29994059472241896,0.31299978328336475,-0.10718452302927872,0.004026266013966051,0.0380857584265577,-1.4836094608674886,-0.29125794356230883,-2.9542015286833454,467.07586710192976,-54.837636765744,-30.60582905795195,0.11382116582584853,3.3186194259267934,471.27884400574976
3.0807768203116757,0.26045991372024,-0.2999174383411428,0.31321068473840236,-0.10230682692284176,-0.00029269449935398484,0.013808657594793772,2.706996240180773,-0.7753163286735871,-3.023843959289935,471.33817665980484,-46.43179972333872,22.40248412305678,0.10323493366908562,4.131897426606202,474.1491960316093
3.0888628487114436,0.2597217900015487,-0.2999453281944874,0.31322309767831313,-0.06340682607694603,-0.008512193690950909,-0.010816017836013714,6.138898303864773,-1.0421556459928465,-2.5919072829945895,268.9301837115114,10.209667565910408,148.6257081895357,0.06488350542636638,6.744638177049154,307.4366311254316
3.096948877111212,0.25943449492744536,-0.30005509802100155,0.3130357674836135,-0.0030282148661626707,-0.01714649480030772,-0.02810781420492603,7.056150446272918,-0.6102050048932626,-0.6202605645773783,-58.93103146505064,101.31822426082286,349.3738127898537,0.03306390159360008,7.109594393241019,368.5109362016559
3.10503490551098,0.2596728175387319,-0.30022262228231095,0.31276853651048026,0.05070563972625308,-0.018380463689446458,-0.020846906916872854,5.185862315756868,0.5963684315812909,3.0581858617133775,-300.19899935591246,168.36359380671166,497.1012200368063,0.05782297876699535,6.049902811529909,604.6282840687193
3.113120933910748,0.26025450941315514,-0.3003523479237891,0.3126986301208592,0.08083784505883074,-0.007501990651324064,0.02134934125424337,2.2013151775250908,2.112580597122947,7.418888600976663,-366.86887200471233,175.71210235473478,486.2700807820144,0.08394540743529819,8.021763731489736,633.9764219777244
3.1212069623105165,0.26098013176057544,-0.30034394490123373,0.3131137992698766,0.08630543381087108,0.015784309720825007,0.09913178092755714,-0.7471619202853006,3.4379945312280693,10.922173228035417,-302.14391296601343,35.56932985675735,-117.82716811424098,0.13238157850892535,11.474838794296508,326.2504604053369
3.1292929907102844,0.26165024579085316,-0.3000970831704424,0.3143017949126588,0.06875470004552753,0.048097452184190814,0.19798334707240528,-2.6849733445954747,2.6878098198879816,5.51338094570514,-109.78076223911953,-359.48583581368996,-1814.090570305913,0.21503018253945996,6.695578611407604,1852.6215153617595
3.137379019110053,0.2620920366749468,-0.299566110172598,0.3163155972040939,0.04288389237683177,0.059251722794403605,0.18829449073897564,-2.5225426427126116,-2.375630824179927,-18.415402514455952,116.61810041282479,-816.2465855895291,-3767.9080281696006,0.20200151019767829,18.738566993410352,3857.0700251065427
3.145465047509821,0.26234376653415653,-0.29913886094394093,0.31734690411192934,0.027959997148325755,0.009678615560822834,-0.09983158837770745,-0.7990188008651975,-10.512576324693782,-55.42144170128399,210.47642258616472,-791.7750384518417,-3466.810920059768,0.10412388332042077,56.415324977132485,3562.3006598862116
3.153551075909589,0.2625442073369444,-0.29940958705200743,0.31470111508646187,0.02996211494534151,-0.11075825863800048,-0.7079842123663589,0.881294018314043,-15.180261718478308,-74.48086562691606,132.70611109714147,165.47529425051744,1363.0520902791295,0.7172215593165989,76.01721100857976,1379.4578593578444
3.1616371043093574,0.26282831555888686,-0.30093004979365245,0.3058973432163653,0.04221233406959257,-0.23581743918223452,-1.304340377774821,1.3471119654432768,-7.83650046715378,-33.37808587655998,-17.99859236658277,1654.8107364247594,8822.530251019027,1.3261581982794635,34.312127112759335,8976.400311531326
3.1697231327091253,0.2632268676011588,-0.3032232400727836,0.2936072484111591,0.05174768616582526,-0.23749058930241063,-1.2477765130219218,0.5902197602500339,11.581431503464664,68.19759470818721,-120.75006874537291,2669.3836564609683,13903.940164626458,1.2712300458531764,69.176512191762,14158.380620183783
3.1778091611088937,0.2636651820788052,-0.30477076109320633,0.28571823057464774,0.051757401556564275,-0.0485218710882549,-0.20144500256220965,-0.605665004854826,35.33292364488702,191.4772242031338,-141.72345300390322,2725.6545705057624,14136.340827630436,0.21357268001100074,194.71083614409008,14397.40984933684
3.185895189508662,0.26406389123892804,-0.30400793852804264,0.2903494683877402,0.04195283730582133,0.3339154587763957,1.8488040326087827,-1.7017399715555597,55.66087203360068,296.8113015102364,-98.88584422230304,1392.607598368786,7161.6270592134515,1.8791849097835893,301.99002847556426,7296.439985943854
3.19398121790843,0.2643436457466166,-0.29937066132763146,0.3156171944012075,0.024236766078526983,0.8516289129508472,4.598604224205577,-2.204852494288038,57.8542528251738,307.29546378183477,-6.519212190179175,-1432.2406687463765,-7613.28371209744,4.676860061738555,312.7018995870886,7746.834496375072
3.2020672463081983,0.2644558495965871,-0.29023534737567397,0.36471835710018147,0.0062958375335959715,1.269537721559832,6.818403727128423,-1.807169041383317,32.498594588026975,173.68884488720437,79.58838675324587,-4063.2583176066237,-21374.566560985662,6.935589019697776,176.71230672591088,21757.492919380944
3.210153274707966,0.2644454623888106,-0.2788396251854121,0.4258848067584974,-0.004988874305087876,1.3771980305335383,7.407510089167378,-0.9177445831311133,-7.856991478347837,-38.375240707889475,107.6310181153849,-4750.945197526244,-24983.505029564592,7.534447891205352,39.18205800617362,25431.44880395605
3.2182393031077345,0.2643751692379594,-0.26796322260167615,0.4845130310053341,-0.008545979992266695,1.1424740090984997,6.19779715470446,-0.06655410302939829,-44.333960997851236,-230.34581750241293,82.14215057842836,-3212.8832334213535,-16992.946867262825,6.302222581447146,234.57344301532206,17294.20738970477
3.226325331507503,0.26430725631496793,-0.26036347061827675,0.5261159343763848,-0.0060651910395215225,0.660226695127843,3.6823444449826397,0.4106629416593269,-59.81592161951711,-313.1861426367732,31.118045643797853,-348.3708492051387,-2103.457708467098,3.741068923048102,318.8474134487296,2132.3378983290277
3.234411359907271,0.2642770826239682,-0.2572859989874983,0.5440641145250514,-0.0019047155742875077,0.1751275271510604,1.1329330671549016,0.4366886986126872,-49.967834158500814,-264.3630550391724,-8.954888931659948,1901.3387245419985,9590.339285855383,1.146390253517744,269.04423431316167,9777.002442124065
3.242497388307039,0.2642764531465136,-0.25753129830202764,0.5444377922884858,0.000996963398158357,-0.14785595703323118,-0.592949896809742,0.2658439692229728,-29.06736377106548,-158.09063097909274,-22.003693028711726,2629.8755479348415,13379.094155355117,0.6111071576187875,160.74087816415306,13635.13439530355
3.250583416706807,0.2642932055726703,-0.25967713392278946,0.5344748951145657,0.0023945281958006603,-0.29495153076740266,-1.423717596513562,0.08084372515280189,-7.4373374215870545,-47.99558443242607,-20.973375045312874,2445.5526051248467,12480.129718799755,1.453951145633741,48.56847381419943,12717.499959699728
3.2586694451065754,0.26431517759250417,-0.2623012712107083,0.5214133504511691,0.0023043727132154856,-0.268133000252444,-1.369137214377826,-0.07333864328780168,10.482251865267203,43.73873569891638,-13.453037916588226,1540.1125955041753,7999.650459470511,1.3951477798972594,44.97732743575544,8146.565857142908
3.2667554735063438,0.2643304720190757,-0.26401339603270213,0.512333130317288,0.0012084914909493705,-0.12543195821525188,-0.7163722784507627,-0.13671956816058387,17.469450950588364,81.37521717457093,-1.969942843959534,157.56105092579924,1158.232524965803,0.7272715297095943,83.22936007782299,1168.9020264043988
3.2748415019061117,0.26433472138553754,-0.2643297639634425,0.5098281372744498,9.333609131445542e-05,0.01438395277718385,-0.05313258015606692,-0.10519667085216047,13.030338130234483,62.46973787973674,6.0498278868543025,-807.5895382372119,-3619.487686564592,0.05504523488153242,63.81433168882062,3708.4941116146265
3.28292753030588,0.26433198145564596,-0.26378077793138766,0.5114738672130984,-0.00049275504519386,0.0852954101440595,0.29389187079246426,-0.03888140794695577,4.409067067504686,22.840656722225116,7.455319808502472,-969.2752461163195,-4451.2581126664245,0.30601957701603405,23.26235120687859,4555.573385437442
3.291013558705648,0.2643267525229584,-0.262950361745853,0.5145809733018274,-0.0005354562464496837,0.08568763582583827,0.3162478176944852,0.01537118454964996,-2.64483620434321,-9.516261147701648,4.5821517868049675,-598.4545166007051,-2720.986305527226,0.3276512472787761,9.876974286307268,2786.0249961946647
3.2990995871054163,0.26432332202681474,-0.2623950326177942,0.5165882448835829,-0.0002441713755807484,0.04252296882194884,0.13999435499260215,0.03522141101334884,-5.269173366900691,-21.163288361520365,0.5376095160371123,-77.68500739940745,-286.21590504600385,0.1463102249567261,21.809406291577787,296.5717344925858
3.3071856155051846,0.26432280376960365,-0.2622626778787795,0.5168449699623823,3.414641301802135e-05,0.00047426484971424543,-0.02600608375299629,0.024065436178973578,-3.901162556478857,-14.144961021036426,-1.879571190815859,234.81291763254882,1167.3583964832821,0.0260104303173372,14.673090019622009,1190.741896850443
3.3152716439049525,0.26432387424454556,-0.26238736277970653,0.516167673019996,0.00014501622521123636,-0.02056685362565247,-0.08875875806683098,0.004824878956703207,-1.4717655256823399,-2.284702068177424,-1.9287843761557728,247.97012986159677,1188.6703767623303,0.0911105571892238,2.717716059925716,1214.2611622320164
3.323357672304721,0.2643251489802346,-0.26259528620380124,0.5154095582854692,0.00011217462955670499,-0.02332721082721889,-0.06295441536957469,-0.00712697430627529,0.10902446823122158,5.078283827889897,-0.8255607434308591,119.26946290084379,508.2704711949492,0.0671373946668321,5.079459003185667,522.0773488860942
3.331443700704489,0.2643256883390262,-0.26276461175817906,0.5151495706388576,2.975839192131957e-05,-0.01880370373287832,-0.006632463558030821,-0.008526136277528606,0.4570670028003564,5.93507686151471,0.1572332653882409,4.463559814352301,-97.68445371949738,0.019939150746317122,5.952656574348634,97.78650513743024
3.339529729104257,0.26432563023463906,-0.262899380768611,0.5153022977080879,-2.57105306040728e-05,-0.01593549729673782,0.033027984744453676,-0.004584189007639807,0.18120941107702027,3.4985252939063334,0.5001572414479092,-35.159929191220016,-312.6602286549885,0.03667135818872253,3.5032181059069294,314.63135470036593
3.3476157575040255,0.26432527254686494,-0.26302232152559074,0.5156837010841191,-4.437737309004319e-05,-0.01587317484433015,0.049945886209638246,-0.00043756496013342533,-0.11154136914774226,0.878717884750102,0.4096202987413364,-22.37043989453654,-274.8383034983695,0.052407549057898614,0.8857690384485907,275.74752481160385
3.3557017859037934,0.2643249125612408,-0.26315608265378254,0.5161100254167733,-3.278685599283904e-05,-0.017739350654093045,0.04723866028740176,0.002040213729848187,-0.1805666135280488,-0.9461753609575267,0.16809714291071717,10.008172790069787,-159.79458388597294,0.05045965380732754,0.9632529668140957,160.10777875711284
3.3637878143035618,0.2643247423159676,-0.2633092033119557,0.5164476473814209,-1.1382920767744054e-05,-0.018793308374405626,0.03464428452991086,0.002280911582858334,0.0503113696728561,-1.7054892021120556,-0.03726985909528764,37.53968874026659,-61.972974531395614,0.0394133863023188,1.7062326497277045,72.4560500719402
3.3718738427033297,0.2643247284759996,-0.2634600091042646,0.5166702947539703,4.100175679866425e-06,-0.01692571232608131,0.019657392039849952,0.0014374834516485415,0.4265273650164463,-1.948405825115499,-0.11094897843041286,46.79831280058941,-26.16721132001898,0.02594017764713761,1.99454579260807,53.617323123447285
3.379959871103098,0.2643248086242416,-0.26358292689306567,0.5167655478420201,1.186414326070917e-05,-0.011895483600802947,0.0031345548575956172,0.0004866384018311682,0.807136342406453,-2.1286668298648674,-0.10872346347719128,22.407330497143512,0.4352462214377084,0.012301548886629822,2.2765526096748006,22.411820989669806
3.3880458995028664,0.2643249203435983,-0.26365238354071474,0.5167209869531686,1.1970119555115843e-05,-0.003872657551713843,-0.014767528840014421,-0.0003207985751469502,0.7888999865422422,-1.9413669985006248,-0.07229160997899221,-78.91663565182853,93.81159692942325,0.015266876820006969,2.0955355197527434,122.59060456302882
3.3961319279026343,0.26432500220569494,-0.26364555573095716,0.5165267265268306,6.6761704822226875e-06,0.0008626517907117659,-0.028261342510901954,-0.0006824656208790406,-0.4691079717831581,-0.6115403558670959,-0.014600253588180772,-239.36735349745868,241.6769349173551,0.028274506064682802,0.7707427338638271,340.153599135144
3.4042179563024026,0.26432502831100657,-0.2636384326869571,0.5162639429168512,9.332467705291947e-07,-0.011459098316507266,-0.024657394210304773,-0.000556914705462616,-3.0821624501734086,1.9670461201207385,0.02733199635900098,-354.8120932013854,348.05637925830536,0.027190035386896808,3.656363783610021,497.0260208192202
3.412303984702171,0.26432501729821467,-0.2638308729198032,0.516127965747133,-2.3302857670159938e-06,-0.04898225441889181,0.003549839070998928,-0.00024045102331654637,-6.207149296198474,5.017247178939307,0.03702502996595454,-324.5364489480071,319.6653076309808,0.04911071788130641,7.98132017260856,455.5324543536331
3.420390013101939,0.26432499062549275,-0.2644305764875887,0.5163213511159366,-2.9553408360527555e-06,-0.11184146929782912,0.056481812144813404,4.1856182151334855e-05,-8.330584336080433,7.136691631970243,0.02582550193870944,-54.0016931231184,68.30044273633257,0.12529449056759553,10.969548889181118,87.06970773523389
3.4284760415017073,0.2643249695042748,-0.2656395795138313,0.5170413928212797,-1.6533852118527648e-06,-0.18370493747531214,0.11896482150399734,0.0001772004609127884,-7.080467744656486,6.121805818304579,0.006391689609034871,392.1038034805105,-346.1713404042186,0.21886098969670217,9.359996260231556,523.0487450152136
3.436562069901475,0.26432496388685317,-0.2674014631707947,0.5182452569664459,-8.964491726715096e-08,-0.22634719583169982,0.15548400355416803,0.0001452229495536617,-1.9894593548796244,1.538389052581814,-0.00794655704124308,703.1218579241424,-635.8918458023305,0.27460576909838297,2.5148736395515634,948.0183472442611
3.4446480983012435,0.26432496805453215,-0.26930007922123733,0.519555888958177,6.951685769251981e-07,-0.2158785871627913,0.14384373664213257,4.868828908104697e-05,4.290458878688275,-4.161873230372724,-0.010425064507304203,618.0369596534003,-562.7724886310597,0.2594119985024928,5.977392924827571,835.8723332939649
3.452734126701012,0.26432497512915887,-0.27089266394419514,0.52057150604568,6.977448592238034e-07,-0.15696165114947647,0.08817795328010902,-2.337178579729602e-05,8.005469460848142,-7.562799598776309,-0.005739280390819069,166.79048942530608,-157.88388104802806,0.18003419502062903,11.012877873669968,229.66581654756624
3.46082015510078,0.2643249793385016,-0.2718384719589757,0.5209819078270899,3.171987295047529e-07,-0.08641368033500285,0.021537711967212658,-4.41276793877465e-05,6.987804147297037,-6.715180322412895,-0.0005386709305297624,-312.95207376048575,272.7832980165058,0.08905726913578302,9.691390693055887,415.150247679127
3.468906183500548,0.26432498025891477,-0.2722901508908297,0.5209198151469459,-1.5890478266555874e-08,-0.04395448557535531,-0.020420324313079163,-3.208320268208059e-05,2.94439074846074,-3.151332609288402,0.0018708092815997615,-535.0590213615558,472.16580140817035,0.04846634344827039,4.312810463608965,713.6026207654407
3.476992211900316,0.2643249790815198,-0.27254930639629477,0.5206516691824338,-2.0165264658089654e-07,-0.03879682591086464,-0.029425817984432,-1.3872845424615867e-05,-1.6652007372662951,0.9207118367585656,0.0021426379454406444,-533.7413414327598,470.33502156443393,0.04869365939063857,1.902788422797448,711.403438330916
3.4850782403000844,0.26432497699777674,-0.2729175753631019,0.5204439391471288,-2.402429224446223e-07,-0.07088420648105753,-0.005530520193012478,2.567659872427087e-06,-5.687304541450495,4.454952074262706,0.0015899401248774196,-350.3556346017238,302.45866126057285,0.071099629971697,7.224405230272427,462.8502052189698
3.4931642686998527,0.2643249751962976,-0.2736956498096965,0.5205622292957414,-1.6012830528211452e-07,-0.1307722379914651,0.04261991999975834,1.1839756582764246e-05,-7.3311719600831005,5.812090486176382,0.0005576271782340859,-7.868982265750503,-11.062871153401147,0.13754212376616784,9.35555867535183,13.576008263344539
3.5012502970996207,0.26432497440817265,-0.2750324314237023,0.5211331909141566,-4.8769706495477294e-08,-0.18944433582668907,0.08846293727347643,1.1585638271794376e-05,-5.81456216960693,4.27604269360411,-0.00031446740800811197,281.4626115091289,-275.9248271957073,0.20908095955363498,7.217594775400138,394.1518894292131
3.509336325499389,0.2643249744075911,-0.2767593543690362,0.5219928569419819,2.7235294908223295e-08,-0.22480566766278187,0.11177232531796477,6.7541717988538635e-06,-2.779342619811576,1.349818508365101,-0.0006196863782959689,380.9539032136429,-365.55819364214767,0.2510590387145916,3.089782420150597,527.9760120621045
3.517422353899157,0.26432497484862333,-0.2786680014500025,0.5229407793078149,6.045914346941572e-08,-0.2343920225396552,0.11029227885982351,1.5640349640930728e-06,0.34624599116913757,-1.6357851775125747,-0.0005643768139522692,338.7874479230245,-307.533389503191,0.259044411262484,1.6720285384445417,457.55187741920145
3.5255083822989253,0.26432497538533983,-0.28054995547090567,0.5237765099402533,5.252895718399486e-08,-0.2192061578269815,0.08531831451539063,-2.372962092723474e-06,2.6995472309694666,-3.6236289344343575,-0.0003118283641379783,183.14633678481897,-106.45219902069863,0.23522447666222449,4.51865487802625,211.83637873164753
3.5335944106986936,0.26432497569812463,-0.28221301588518866,0.5243205519361985,2.2083465722744222e-08,-0.19073479138738492,0.051690745911706415,-3.4788710524529266e-06,3.308098952280309,-3.3573361865108984,6.2871527038752635e-06,-12.903254122980428,146.8312454946207,0.19761501425372094,4.713302976400491,147.3971119814219
3.5416804390984615,0.2643249757424749,-0.2836345293508702,0.5246124556191477,-3.731543074536603e-09,-0.16570739367221776,0.031023283011997194,-2.2712859020891723e-06,2.4908750723938553,-1.2490656923488002,0.00018189163808217168,-122.55783388145977,280.39056927301584,0.1685864300781111,2.78650744303349,306.00538227781954
3.54976646749823,0.2643249756377779,-0.2848928452677589,0.5248222622311767,-1.4647898893827005e-08,-0.150452218236083,0.0314907845886907,-5.373091500273248e-07,1.3260867015211932,1.1771560258266371,0.00017794173211723588,-128.88664019919517,238.96587505307087,0.15371252221653733,1.7731898513953912,271.50774475463555
3.557852495897998,0.2643249755055882,-0.2860676511698004,0.525121726376178,-1.2420937167689772e-08,-0.14426184421410682,0.050060317123580944,6.063978967186641e-07,0.406513006391064,2.6155040121604007,8.469776127098061e-05,-89.9917008399108,83.60644622844595,0.15270073688941016,2.646906507981085,122.83543491605832
3.565938524297766,0.2643249754369058,-0.2872258560063952,0.5256318405231021,-4.841197664973151e-09,-0.1438780668069768,0.07378886403276397,8.324278560404855e-07,-0.1292641959486982,2.5292442230403553,-3.3969802581283577e-06,-53.1481785963789,-62.752161895322274,0.16169630349318018,2.53254527543694,82.23480230808204
3.5740245526975345,0.2643249754272961,-0.28839445543841036,0.5263150440764891,1.0411334017135232e-09,-0.1463523121331356,0.09096339835848966,5.514617390373074e-07,-0.45300235666149646,1.600672485695526,-3.908202891038768e-05,-38.249670390814316,-121.9815298876822,0.1723175531036813,1.6635394619917698,127.83790877023517
3.5821105810973024,0.26432497545374306,-0.2895926739109557,0.5271029057680343,4.077072901509382e-09,-0.15120404664923015,0.09967503038888736,2.0039106466058162e-07,-0.7478400380724892,0.5565519932024356,-4.0430641116710004e-05,-39.040194366628434,-121.2431095828811,0.18110156102620487,0.9322096565053949,127.37357809809804
3.5901966094970708,0.26432497549323075,-0.29083973586914147,0.5279269943294337,4.281869081523837e-09,-0.1584464237058114,0.09996398880445412,-1.0238488554379029e-07,-1.0843625974235493,-0.36007796903121925,-2.752534642603897e-05,-50.17919049710291,-87.17520310391052,0.18734478440260505,1.1425840828896596,100.58562121473103
3.5982826378968387,0.26432497552298967,-0.2921550784748095,0.5287195290728882,2.4212987170812994e-09,-0.16874042016605628,0.09385182902145317,-2.4475040116824175e-07,-1.55934075694638,-0.8532503429051381,-6.175287943763507e-06,-68.60705419602498,-30.814761844246075,0.19308416612578386,1.777520673281159,75.2095567928302
3.606368666296607,0.26432497553238815,-0.2935686155284445,0.5294447714391091,3.2375169212173205e-10,-0.1836641709969804,0.08616517579476834,-2.0225199292381503e-07,-2.1938797747305365,-0.8584160478405227,9.951739006227425e-06,-81.3704469432481,11.725053807679245,0.2028717950523221,2.3558409490374967,82.21086620719323
3.6144546946963754,0.2643249755282254,-0.29512530588021246,0.5301129971899833,-8.495320003021334e-10,-0.2042199684943533,0.07996947593814241,-8.381031270536686e-08,-2.875268246716276,-0.6636321067497253,1.3626078665927855e-05,-58.77061191887631,20.698179689448544,0.21931920256479093,2.950860054913478,62.308903599534254
3.6225407230961433,0.2643249755186495,-0.2968712724585347,0.5307380423462098,-1.0316334453364107e-09,-0.23016317239677875,0.07543287967041579,1.8109725216520398e-08,-3.1443214488261297,-0.52368391025575,9.015009178938259e-06,35.735790262091456,5.973980676856449,0.242209011523355,3.1876326970667126,36.23168710926564
3.6306267514959116,0.2643249755115418,-0.2988475177773746,0.5313329020045658,-5.566604954765353e-10,-0.2550701135607696,0.0715004299964832,6.198092778476021e-08,-2.297347016821357,-0.5670205519242808,1.976793623025879e-06,171.0497004318561,-16.248576693942653,0.26490200890439825,2.366287307577528,171.8197202372494
3.6387127798956795,0.2643249755096471,-0.3009962808229036,0.5318943513613041,-2.927436071331613e-11,-0.2673159988410596,0.066262991098192,5.0078543969059046e-08,-0.37809597789854976,-0.7864568154618019,-2.624943612574293e-06,256.7985089249062,-30.23424485454008,0.2754062948185325,0.8726229948204333,258.57220219501437
3.646798808295448,0.2643249755110684,-0.303170567294057,0.532404510860313,2.532125620291481e-10,-0.26118470319102016,0.05878180570645242,1.9530190586627816e-08,1.8556130555484618,-1.0559704770029925,-3.446439832089362e-06,226.41040227451813,-23.60146114277331,0.26771766819373805,2.135034767919208,227.63720966964732
3.6548848366952162,0.2643249755137421,-0.30522017467807894,0.5328449740619682,2.86568990759406e-10,-0.237306919108768,0.049185776565465744,-5.657476751675864e-09,3.283425907690912,-1.1681409856147904,-2.204557610005686e-06,52.398255814063305,10.314930266178372,0.2423506023785443,3.4850307105632488,53.40388561473918
3.662970865094984,0.26432497551570283,-0.307008308268807,0.533199946032659,1.617195266589988e-10,-0.20808495291477414,0.03989056333722374,-1.6122040300234848e-08,2.703000624770235,-0.8891568388551216,-4.875727789508729e-07,-181.7978891188193,55.93049286377332,0.2118740301993258,2.8454898104880137,190.20697284811385
3.6710568934947525,0.2643249755163575,-0.30858533635574553,0.5334900865180232,2.5842439299594844e-11,-0.19359383947580255,0.03480628166380484,-1.3542531426776401e-08,0.3433801188254737,-0.263629878195772,5.683843706812588e-07,-325.82376420012974,83.98313789068351,0.19669786965354485,0.43290948093350207,336.4733165757833
3.6791429218945204,0.2643249755161208,-0.31013911883684997,0.5337628351967066,-5.729106078433688e-11,-0.20253179012929579,0.03562712597298656,-6.9300959736090795e-09,-2.566239796512942,0.4690232373162919,8.070971125669562e-07,-347.1597688909009,88.91961876812267,0.20564147956594792,2.6087486445323633,358.36657731748926
3.6872289502942888,0.264324975515431,-0.3118606919694283,0.5340662504228626,-8.623146641184576e-11,-0.23509521522624155,0.04239135209798661,-4.901110796018837e-10,-5.270907382192046,1.1743832471154168,6.714874100548701e-07,-230.7234123352946,73.05639778024226,0.23888655666438893,5.400151909229217,242.01349188891797
3.695314978694057,0.2643249755147263,-0.313941092010788,0.5344483905506444,-6.52171650017408e-11,-0.2877732036992029,0.05461931854976143,3.929236561972073e-09,-6.2975119257822545,1.6504954517879171,3.124198685841451e-07,67.63803514095554,32.29588685032007,0.2929107145977136,6.510206731874367,74.95283920691607
3.703401007093825,0.2643249755143763,-0.3165145765650363,0.5349495571448013,-2.268762955282e-11,-0.3369389357857493,0.06908325829167694,4.562360780444772e-09,-4.177061236083656,1.6966741636502127,-8.007805231982298e-08,393.8013804511865,-12.280054990543377,0.3439481690961995,4.508496843471321,393.9928006903564
3.7114870354935934,0.2643249755143594,-0.31939008761829046,0.5355656089276345,8.565592679588008e-12,-0.35532487526428724,0.08205802949461827,2.634209751459519e-09,0.07106636661023913,1.451901704979405,-2.5946919039201453e-07,520.0443203786708,-37.3916988317107,0.36467696278503925,1.453639910495472,521.3868374821473
3.7195730638933617,0.26432497551451484,-0.32226091063009865,0.5362766042586463,1.9912960169676808e-11,-0.3357896464683918,0.09256349513194806,3.662102956953095e-10,4.233125051356673,1.0919734863126171,-2.254546962429255e-07,365.5665984436416,-59.903846900481135,0.34831406418117794,4.371699188557369,370.4421800647586
3.7276590922931296,0.2643249755146814,-0.3248204968536735,0.537062551028472,1.4487966382148443e-11,-0.2868665364942089,0.09971748673885372,-1.0118564019033152e-09,5.983030160654208,0.4831332903941137,-9.154300162566327e-08,2.6128297313802022,-97.34601587093525,0.30370378154000116,6.002505116997815,97.38107457380802
3.735745120692898,0.26432497551474915,-0.32690013255216926,0.5378892411180941,3.5491609651217004e-12,-0.2390317428769535,0.10037675414594815,-1.114228326194887e-09,4.27537988217988,-0.48231181156072545,2.802392229614829e-08,-321.1857376951045,-130.6846716358907,0.2592521299346837,4.302499020397266,346.754612801804
3.743831149092666,0.2643249755147388,-0.32868613177637174,0.5386858495978732,-3.531397396727698e-12,-0.21772485019999976,0.09191751272720694,-5.586519387842508e-10,0.7887961674481208,-1.630306642130246,6.878969583504279e-08,-412.4388060419085,-136.98028995364763,0.23633226512807892,1.8111043981932244,434.59103599252984
3.7519171774924343,0.2643249755146921,-0.33042119119627417,0.5393757363547906,-5.4853899200679734e-12,-0.22627528645372763,0.07401134252875607,-1.7574579277521536e-12,-2.394603915462765,-2.697564841108057,5.262466067633452e-08,-286.2184871040091,-110.65534064874879,0.238071804467949,3.607074158363249,306.8641829445047
3.7600032058922026,0.2643249755146501,-0.33234546856123287,0.5398827652330582,-3.559819106158102e-12,-0.2564505207332566,0.04829234089637424,2.923970627297767e-10,-3.839945463075379,-3.419831096273894,1.7591361790358874e-08,-54.05504111024425,-64.57258975806579,0.26095788888939553,5.142025465362369,84.2114411317943
3.7680892342919705,0.26432497551463446,-0.33456852358384304,0.5401567228347494,-7.567280135845067e-13,-0.2883751025897041,0.01870563979499451,2.8273104412714006e-10,-3.2687851105990138,-3.741836430368672,-9.114906379406451e-09,122.89231328701528,-29.420314642051153,0.288981142557369,4.968530564554069,126.36485104122588
3.776175262691739,0.2643249755146379,-0.33700908709988564,0.5401852739022945,1.0125233984581428e-12,-0.30931349920734164,-0.012220850390121996,1.4499027903955316e-10,-1.8525239923713173,-3.8956180957253643,-1.6871406442955006e-08,171.8849785877092,-6.891466233849144,0.3095548254770839,4.313662653714855,172.02307453056855
3.7842612910915068,0.26432497551465084,-0.3395707590618875,0.5399590865481017,1.588063014423824e-12,-0.31833422581683735,-0.0442945173183773,9.885700843609547e-12,-0.4890514738915037,-3.853285613734577,-1.3434638463834348e-08,137.58162227424054,57.03064923326926,0.3214011256838924,3.884196360269304,148.93353463736767
3.792347319491275,0.2643249755146636,-0.3421572062810319,0.5394689404523136,1.1723955140041653e-12,-0.31722246742101134,-0.07453640420027341,-7.227545727880757e-11,0.3724538176200163,-2.973315197010459,-5.610218084493102e-09,62.18535189118218,182.84519013814466,0.3258615801038551,2.996552203288484,193.13047803618267
3.8004333478910435,0.26432497551466977,-0.3447008988231093,0.5387536795857416,4.192202140984591e-13,-0.3123108815230822,-0.0923791395673561,-8.084306467660091e-11,0.5166135689918718,-0.896302813298413,1.3040700632235227e-09,-5.055776170579371,295.051160195123,0.32568695421359717,1.0345280628350153,295.09447301699015
3.8085193762908114,0.2643249755146704,-0.34720791559613645,0.5379749797601381,-1.3500311979441904e-13,-0.30886776343986355,-0.08903146420652064,-5.1185962145784025e-11,0.2906915182236851,1.7982689244341072,3.9665464423050426e-09,-31.229065530618268,335.7053218726571,0.32144345834236615,1.8216126600769418,337.1547384622378
3.8166054046905797,0.2643249755146676,-0.3496959258370045,0.5373138576896479,-4.085620730620576e-13,-0.3076098017792255,-0.06329743238056551,-1.669585031364504e-11,0.011575347434270356,4.532742719932802,3.925794252829305e-09,-50.836946064456825,275.58422645078497,0.31405470080326237,4.532757499996226,280.23393968903554
3.8246914330903476,0.2643249755146638,-0.3521825987826042,0.5369513300884149,-4.050093593832571e-13,-0.308680566263682,-0.015727691482084083,1.230220549426481e-11,-0.5314464610456575,6.25503268765252,2.526635747495636e-09,-114.96519744521763,29.626695874765176,0.30908098011398727,6.277568738338072,118.72126065736373
3.832777461490116,0.2643249755146611,-0.3546879254875338,0.5370595085696742,-2.0961010704922955e-13,-0.31620438413316876,0.03785931152710731,2.41650465065922e-11,-1.8476483556197323,5.011867328401929,3.667697052816406e-10,-212.50368732547366,-344.47248179725136,0.31846277649725896,5.341593260772201,404.7457323338695
3.8408634898898844,0.2643249755146604,-0.35729627404306835,0.5375635930248226,-1.4210854715202004e-14,-0.33856084041633494,0.0653245116245742,1.823362600042884e-11,-3.9680681625842062,0.6842041461499968,-1.0731409895276926e-09,-273.53129889182213,-598.2635947476966,0.3448053573864596,4.026623927873479,657.8287773227039
3.8489495182896523,0.26432497551466083,-0.36016315062884546,0.5381159402820688,8.526512829121202e-14,-0.38037620784291093,0.048924299841125674,6.81014947004011e-12,-6.271212057749199,-4.663285506952507,-1.3040700632235753e-09,-180.66030126009204,-547.1971888752369,0.38350964343533495,7.815006870925466,576.2489982328376
3.8570355466894206,0.2643249755146618,-0.36344773968149613,0.538354799580731,9.592326932761353e-14,-0.43997923801619265,-0.010090406466318314,-2.8558691325975686e-12,-6.889716815983654,-8.165099872886803,-8.286278526733135e-10,173.25500994203546,-153.78563857180143,0.44009492860968646,10.683494453532703,231.6620838655984
3.8651215750891885,0.26432497551466233,-0.36727851985666,0.5379527576555652,3.907985046680551e-14,-0.4917970995237191,-0.0831221590770852,-6.590467229070806e-12,-3.4693221961626044,-7.150315588888882,-8.150437895147304e-11,633.3302492868017,362.70641174853984,0.4987721728701182,7.94752851655745,729.8377530555567
3.873207603488957,0.2643249755146624,-0.37140111030884093,0.5370105433028363,-1.0658141036401503e-14,-0.49608531362842356,-0.12572571630443719,-4.17396257841138e-12,3.3525359483471497,-2.2993911805332194,3.8035376844020643e-10,807.9786269890499,606.8308261185548,0.5117690828274752,4.065304058256144,1010.4816243746533
3.8812936318887252,0.26432497551466216,-0.3753012397260749,0.5359195142303274,-2.842170943040401e-14,-0.4375796977445603,-0.12030804385302218,-4.393644819379556e-13,9.597354052315993,2.663386998810169,3.3960157896445895e-10,499.97463673192203,437.94488035703614,0.45381716284640605,9.960062003368114,664.6580742051932
3.889379660288493,0.26432497551466194,-0.37847767403508986,0.535064914784204,-1.7763568394002505e-14,-0.34087635876911193,-0.0826532704805345,1.3180934458141564e-12,11.438154171903543,4.783078299667036,9.508844211005237e-11,-41.463334543018846,87.86635682056533,0.350753838309457,12.397951801849374,97.15814310877502
3.8974656886882615,0.2643249755146619,-0.38081391156170796,0.5345828408454487,-7.105427357601002e-15,-0.252601218794684,-0.04295582991417746,1.0984112048451182e-12,8.92680665098788,4.0843667120805165,-2.7168126317157816e-11,-404.93883771497224,-147.51637663374396,0.25622759230843106,9.816818650809072,430.97162744791126
3.9055517170880294,0.26432497551466183,-0.3825627552930696,0.5343702306629607,0.0,-0.19651153457085613,-0.016600660022632496,8.787289638761043e-13,4.889460288038899,2.3974350778843987,-2.7168126317158197e-11,-502.8102451931609,-210.90106083158338,0.19721147312613385,5.445596097855589,545.2498511059804
3.9136377454877977,0.2643249755146619,-0.3839919072605519,0.5343143740286529,7.105427357601002e-15,-0.17352858929744386,-0.004184373661431096,6.5904672290706e-13,0.7953308063353255,0.6736627772296966,-4.075218947573636e-11,-483.5739148669206,-206.90008385162724,0.17357903181692028,1.042292007515565,525.9765924806256
3.921723773887566,0.26432497551466194,-0.38536906949553135,0.5343025607344376,1.0658141036401503e-14,-0.18364939959637994,-0.005706147325540201,2.1968224096901395e-13,-2.930924529963267,-0.948564829993024,-8.150437895147159e-11,-345.06679723123915,-168.6678161749813,0.18373802570347705,3.08059959050833,384.0832289552128
3.929809802287334,0.26432497551466205,-0.3869618957820253,0.5342220938899978,1.0658141036401503e-14,-0.22092766727116242,-0.01952461797012006,-6.590467229070419e-13,-4.785109038122439,-2.05404272620587,-6.792031579289456e-11,-52.43297508798821,-87.8917895678172,0.22178873928303167,5.207337134063849,102.3434587553648
3.9378958306871024,0.2643249755146621,-0.38894192427922963,0.5339868075036356,0.0,-0.26103445475287046,-0.038924242962416145,-8.787289638760802e-13,-3.778873581254725,-2.369955843096609,4.0752189475736727e-11,218.03220692329774,-11.508983534187067,0.2639206002916892,4.460557839702639,218.33575052618824
3.9459818590868703,0.26432497551466205,-0.39118335981092467,0.5335926088219306,-3.552713678800501e-15,-0.2820398254654819,-0.05785167847707129,-2.4130143498586612e-26,-1.2590798036307085,-2.2401666616256954,6.792031579289492e-11,280.35864581160456,27.714746110503853,0.28791193072051374,2.5697526386346907,281.7251806872904
3.9540678874866386,0.26432497551466205,-0.3935030883563887,0.5330512268733559,0.0,-0.2813963648523341,-0.07515234545465432,2.1968224096902e-13,0.7551023630515843,-1.9217513948128038,1.4920887180706594e-24,149.89847360237223,56.914901643067154,0.29125897270203305,2.0647779546844847,160.3398216830775
3.962153915886407,0.26432497551466205,-0.39573411780649975,0.5323772408226195,0.0,-0.26982826716074726,-0.08893035118857284,0.0,1.1650868256307092,-1.3197356395139686,-1.358406315857779e-11,-28.722921856147526,88.49275197689217,0.28410544014765804,1.7604344547473463,93.03748380302484
3.970239944286175,0.26432497551466205,-0.3978667664190328,0.5316130401827316,0.0,-0.26255451453184264,-0.09649518517724687,0.0,0.2905936393453956,-0.49064158349524156,0.0,-129.50269418256596,106.1090205560733,0.27972521134757006,0.5702401482557327,167.42183861107364
3.9783259726859432,0.26432497551466205,-0.3999801643284834,0.5308167152070513,0.0,-0.2651287703196701,-0.09686503474507191,0.0,-0.9292381003827401,0.3962654678620128,0.0,-142.33417395618224,93.28601714968008,0.2822695516831108,1.01020283518847,170.18019294688543
3.986412001085711,0.26432497551466205,-0.4021544439518337,0.5300465333389452,0.0,-0.27758220587152493,-0.09008675752328799,0.0,-2.0112427063890657,1.0179851844519128,0.0,-102.52013359835152,18.16062359434055,0.2918347218847705,2.2541941042791342,104.11621411845114
3.9944980294854795,0.26432497551466205,-0.4044692395283782,0.5293598270474985,0.0,-0.2976547016050475,-0.08040212052102902,0.0,-2.5871995240312984,0.6899601041446344,0.0,-33.1245093738422,-112.08030335004327,0.308322594650259,2.6776195253357136,116.87269792511628
4.002584057885247,0.26432497551466205,-0.4069681326928395,0.528746265679076,0.0,-0.31942254352589217,-0.07892868352964655,0.0,-2.546934153439647,-0.7945838474341773,0.0,21.762562446631307,-215.09174234288616,0.32902963148669995,2.6680024498790536,216.18988586042144
4.010670086285016,0.26432497551466205,-0.4096349590453313,0.5280833878943445,0.0,-0.3388438653991521,-0.09325217563372945,0.0,-2.235254128040907,-2.788515770135767,0.0,42.52022069404536,-234.35607992401054,0.3514415077634721,3.573818856240448,238.1821600481857
4.018756114684784,0.26432497551466205,-0.4124479349302491,0.527238186198047,0.0,-0.35557120024596856,-0.12402471895068601,0.0,-1.8592947292467095,-4.584603683282039,0.0,62.86024796259068,-131.04145466248133,0.37658068107001363,4.947278830121447,145.338479467681
4.0268421430845525,0.26432497551466205,-0.41538527669198855,0.5260776530949274,0.0,-0.3689124853676091,-0.16739464680313176,0.0,-1.2186746275569291,-4.907725618031329,0.0,106.91364592160731,114.1372050947956,0.40511404522486216,5.056771557993501,156.3899909556307
4.034928171484321,0.26432497551466205,-0.41841400859767236,0.5245310704620083,0.0,-0.3752796755429735,-0.20339273640203004,0.0,-0.13028117475692014,-2.7387703195486353,0.0,151.34788313105366,361.6760162343379,0.42685294903133225,2.7418672556738732,392.065966958868
4.043014199884088,0.26432497551466205,-0.4214543209205809,0.5227883742092208,0.0,-0.37101939992568944,-0.2116861959717582,0.0,1.2289319349279495,0.9413194595400558,0.0,160.4400229091412,433.8982189593886,0.4271609072541778,1.5480168040413955,462.6107060663591
4.051100228283857,0.26432497551466205,-0.42441415540700034,0.5211076692770754,0.0,-0.35540531848855395,-0.1881696646358364,0.0,2.4643639886485253,4.278256322679988,0.0,113.89086394113299,275.02960537054435,0.40214520151198324,4.937263111390658,297.67837126592696
4.059186256683625,0.26432497551466205,-0.4272019559180352,0.5197452837047802,0.0,-0.33116556552653265,-0.14249799171840039,0.0,3.0707814555322592,5.389113859146664,0.0,26.534971954509928,-34.122462369997294,0.360522273145898,6.202600014065672,43.2255384560853
4.067272285083393,0.26432497551466205,-0.4297697837427461,0.5188031836611855,0.0,-0.3057444663707223,-0.10101660920654609,0.0,2.893489062270973,3.7264259230923384,0.0,-43.76797608775962,-282.92426156039005,0.3220000528756258,4.717894563656159,286.2896671385656
4.075358313483162,0.26432497551466205,-0.43214647279432655,0.5181116373629954,0.0,-0.28437189606264823,-0.08223402003088509,0.0,2.362963260240246,0.8136466312250574,0.0,-68.63328120462863,-356.9693566579675,0.29602332563618294,2.4991230881549424,363.5074261713464
4.083444341882929,0.26432497551466205,-0.43436866219806297,0.517473290418392,0.0,-0.26753049031090015,-0.0878582696716208,0.0,1.78354774029121,-2.0465027884740774,0.0,-79.53554234315783,-288.2493116541872,0.28158771066167265,2.7146300309858167,299.02101625961507
4.0915303702826975,0.26432497551466205,-0.4364729910792421,0.516690788435557,0.0,-0.25552826070197554,-0.1153301793664987,0.0,1.0767099518847978,-3.847937609273443,0.0,-101.25798046021669,-107.76388601767734,0.2803493219005274,3.995738750888099,147.87235622831125
4.099616398682466,0.26432497551466205,-0.43850107974402214,0.5156081642069762,0.0,-0.25011787581239275,-0.1500873352498644,0.0,0.14599792888220797,-3.7892664740907547,0.0,-123.86134436271072,80.04089596688621,0.29169360638057995,3.792078032808143,147.47263357830127
4.107702427082234,0.26432497551466205,-0.4405179115734596,0.5142635675250051,0.0,-0.25316717390347776,-0.17661041201407457,0.0,-0.9263827444159354,-2.553511693411151,0.0,-131.36202826633914,163.5700761505028,0.3086824510302698,2.7163591363328754,209.78835115927617
4.115788455482003,0.26432497551466205,-0.4425953136601674,0.512752010592495,0.0,-0.26509939017319795,-0.19138287139399068,0.0,-1.9783962535433748,-1.144001911880279,0.0,-100.19492608573836,146.22227404410438,0.32696343852671084,2.2853428868378143,177.25680985495518
4.12387448388177,0.26432497551466205,-0.44480511396886285,0.5111685128583633,0.0,-0.2851619104877692,-0.19511127591178123,0.0,-2.5467407800998423,-0.18879677221255342,0.0,-7.039158759574889,58.718933392195936,0.3455223946156858,2.5537291990775826,59.13935149086133
4.131960512281538,0.26432497551466205,-0.4472069682736398,0.5095966599562198,0.0,-0.3062854267226669,-0.19443610351778062,0.0,-2.092233928824058,-0.19439598585363171,0.0,104.5820593771775,-46.13124780855663,0.3627894168437983,2.1012454907122486,114.30441447269628
4.140046540681307,0.26432497551466205,-0.44975837928669216,0.5080240811483931,0.0,-0.3189976364226297,-0.1982550588366081,0.0,-0.8554337756396073,-0.9348339320060344,0.0,162.69179176931073,-99.01876841642162,0.3755856232572423,1.267154854362677,190.4556000957013
4.148132569081075,0.26432497551466205,-0.4523658161687846,0.5063904678839187,0.0,-0.3201195503305527,-0.20955429096431644,0.0,0.5388269684876335,-1.7957331329041732,0.0,152.0083654168221,-73.40547360297802,0.3826088438149237,1.8748311888219191,168.80434446888984
4.156218597480843,0.26432497551466205,-0.45493537083728003,0.5046351572523315,0.0,-0.31028369608312545,-0.22729575705874439,0.0,1.6028541438859705,-2.121951420510287,0.0,92.18212080559624,23.342659912008358,0.3846288252743326,2.659289235411984,95.09165666863325
4.164304625880611,0.26432497551466205,-0.45738374172581076,0.5027146279904713,0.0,-0.2941981020742581,-0.24387060986266462,0.0,2.029601462057478,-1.4182343109550395,0.0,25.44847665326428,131.1937735391798,0.3821326963489039,2.4760191145376824,133.63918279988593
4.172390654280379,0.26432497551466205,-0.45969315925434057,0.5006912678978951,0.0,-0.2774608659583109,-0.2502315228905587,0.0,2.014408353784173,-0.00027826308915379627,0.0,-8.083817634300686,183.04880913779496,0.37363129845673254,2.0144083730033016,183.22722132453333
4.180476682680148,0.26432497551466205,-0.4618708546097372,0.4986678695892506,0.0,-0.26162097575939924,-0.24387510994914763,0.0,1.8988695041184709,1.5420414275089342,0.0,-18.04646079002289,164.43437586086006,0.35765990019851124,2.4461392351673115,165.4216996400304
4.188562711079916,0.26432497551466205,-0.4639241085342718,0.4967473057678042,0.0,-0.24675224048279887,-0.22529354133764556,0.0,1.7225599648573109,2.6589638031290423,0.0,-30.581683603814767,76.45076192470252,0.33413148302986717,3.1681700299825577,82.34050261512482
4.196648739479684,0.26432497551466205,-0.46586134585823796,0.4950244096421694,0.0,-0.23376363816711887,-0.20087419629703263,0.0,1.404300779852118,2.7784074917230814,0.0,-46.79421807917684,-37.47454952600266,0.3082140186089959,3.113134894339822,59.950318663192995
4.204734767879452,0.26432497551466205,-0.4677045473683766,0.49349875685572747,0.0,-0.22404180850739763,-0.18036097756924363,0.0,0.9658012121910104,2.052923259657602,0.0,-56.161087257888596,-104.06687584058122,0.2876192173499515,2.268758667534478,118.25388944642422
4.21282079627922,0.26432497551466205,-0.46948456271089034,0.4921076016684998,0.0,-0.21814464610650575,-0.16767420473676253,0.0,0.4960604867938532,1.0954320646789348,0.0,-56.63214976191269,-113.00829029889024,0.2751394656515826,1.202517116254446,126.40440681769746
4.2209068246789885,0.26432497551466205,-0.47123239497572583,0.49078712009290737,0.0,-0.2160194901389616,-0.16264558799922213,0.0,0.04994286956148919,0.22534677012541593,0.0,-52.61571872020685,-97.94137128770463,0.2704034160573968,0.23081476778142462,111.17970168227625
4.228992853078757,0.26432497551466205,-0.4729780421752246,0.48947728798118234,0.0,-0.21733696718322548,-0.16402988397070217,0.0,-0.35484390489777873,-0.4884813548103377,0.0,-48.48914992714118,-82.34028704726975,0.27228874405646014,0.6037617335012603,95.55689682949921
4.237078881478525,0.26432497551466205,-0.47474718075365197,0.4881344194925118,0.0,-0.22175804592393789,-0.17054533621472956,0.0,-0.734226417221489,-1.106265028893187,0.0,-44.27895703397935,-75.43450922572755,0.2797540752814845,1.3277464915780979,87.4699446561124
4.245164909878293,0.26432497551466205,-0.4765643258896606,0.48671921911702176,0.0,-0.22921091850625075,-0.18192046485330238,0.0,-1.0709257130755034,-1.708412522653914,0.0,-26.30434082297768,-74.92918349478887,0.29263065576750624,2.0163222040356015,79.41222125924392
4.253250938278061,0.26432497551466205,-0.47845399274680883,0.48519239140190623,0.0,-0.2390771173838786,-0.19817388056812746,0.0,-1.1596217110850056,-2.3180240403137553,0.0,15.579353433684197,-76.18975840158248,0.31053301756176477,2.5919023832490726,77.76628793187416
4.261336966677829,0.26432497551466205,-0.48043069461146215,0.4835143398642894,0.0,-0.24796438668389342,-0.219407681295948,0.0,-0.8189755244459054,-2.940557623067285,0.0,58.67782172365403,-77.48690839652102,0.3310982749504801,3.0524744133605064,97.19726197318403
4.269422995077598,0.26432497551466205,-0.482464086892523,0.48164411791773354,0.0,-0.2523216360826481,-0.24572874547068224,0.0,-0.21068064529698383,-3.5711467241227908,0.0,77.77457882159524,-72.96811113335039,0.35220565637993334,3.577355903389498,106.64534848386734
4.277509023477366,0.26432497551466205,-0.48451125444194276,0.47954040063525866,0.0,-0.2513715260461993,-0.2771604689579412,0.0,0.43879938181697753,-4.120602060870734,0.0,76.36732116908766,-20.518333465617218,0.3741731813743216,4.1438998831457186,79.07572162648187
4.2855950518771335,0.26432497551466205,-0.4865292814895281,0.47716186307115976,0.0,-0.24522534755630332,-0.31236735604736765,0.0,1.0243360102779029,-3.902970378360653,0.0,64.40832502110064,122.94233710305465,0.3971257183917112,4.0351508071338245,138.79211283205132
4.293681080276902,0.26432497551466205,-0.48847705269130925,0.4744887780109398,0.0,-0.23480590590617467,-0.34027952760369473,0.0,1.4804144724211667,-2.1323716021722845,0.0,50.54660367058143,289.226147012507,0.4134295228386732,2.595888221766268,293.60981464918905
4.30176710867667,0.26432497551466205,-0.4903265759367094,0.47165884322303325,0.0,-0.22128400062145204,-0.34685219071541695,0.0,1.8417785558622164,0.774411299036764,0.0,40.36211932731507,362.1703469745368,0.411428063135123,1.997964241148905,364.4124873055927
4.309853137076439,0.26432497551466205,-0.49205567011818807,0.4688794646816463,0.0,-0.20502055848860223,-0.3277557040894692,0.0,2.1331529587321842,3.7246678202078414,0.0,16.62712334786839,272.9935749212807,0.3865969877872331,4.2922595350514055,273.499457365323
4.317939165476207,0.26432497551466205,-0.49364218005365984,0.4663583593601262,0.0,-0.1867865298107354,-0.28661665116760915,0.0,2.110673339056847,5.189278898572294,0.0,-36.637656643089514,20.682826466505162,0.3421086266747328,5.602102947230893,42.072523039871136
4.326025193875974,0.26432497551466205,-0.49507639248767543,0.464244283919271,0.0,-0.1708866293641087,-0.24383439099312554,0.0,1.5406466944983102,4.059151664599391,0.0,-91.77426083222497,-240.60077621972226,0.2977540097570722,4.341693733266842,257.5097055818171
4.334111222275743,0.26432497551466205,-0.4964057683300174,0.4624150557393052,0.0,-0.16187110395929238,-0.22097181988977965,0.0,0.6264947801426519,1.2982694795343601,0.0,-116.93439915290121,-359.83067224212346,0.27391750488495853,1.4415267430874836,378.35402256546513
4.342197250675511,0.26432497551466205,-0.49769418117510883,0.4606707150969165,0.0,-0.16075492019502846,-0.2228387032289909,0.0,-0.35042305042210486,-1.760050405115706,0.0,-117.88156179204742,-370.2974558582968,0.27477123580114465,1.7945957045571834,388.6081167778918
4.3502832790752795,0.26432497551466205,-0.49900550603021643,0.4588112955735509,0.0,-0.16753816543458555,-0.24943545501135844,0.0,-1.2798925327764348,-4.690202009329951,0.0,-87.55993924421946,-288.38582345918246,0.30047809087171395,4.861699269162953,301.3853449202236
4.358369307475048,0.26432497551466205,-0.5004036179026071,0.4566368307506545,0.0,-0.18145341493239187,-0.29868891652517604,0.0,-1.7664473612436051,-6.4238423222787695,0.0,-4.620084291295839,-64.32804601507428,0.3494859233869232,6.662288380244764,64.49374142485604
4.366455335874815,0.26432497551466205,-0.5019399809629728,0.45398088145011395,0.0,-0.19610525249400723,-0.35332219791851216,0.0,-1.354608798354013,-5.730518823289152,0.0,91.651857040643,195.7488641429555,0.40409633207653173,5.888447246995543,216.1427322679523
4.374541364274584,0.26432497551466205,-0.5035750431846275,0.4509228840973794,0.0,-0.20336022536052312,-0.39136319242621553,0.0,-0.2842483233993178,-3.2581805729140783,0.0,135.31920060249792,321.5051123767053,0.44104481591412203,3.270556184362231,348.82205110350606
4.382627392674352,0.26432497551466205,-0.5052287340782697,0.4476517336729492,0.0,-0.2007021325251941,-0.40601367920682563,0.0,0.8337809998574848,-0.5311198845916429,0.0,103.72958984039096,284.033150066453,0.4529110880771453,0.9885742701142829,302.38164320131597
4.39071342107412,0.26432497551466205,-0.5068208094716131,0.44435680781585774,0.0,-0.18987627167245336,-0.39995249336719496,0.0,1.3932724952921305,1.335219662911932,0.0,16.02502062937083,148.79999280567299,0.44273580778480914,1.9297719539790739,149.6604127521373
4.398799449473889,0.26432497551466205,-0.5082994239286409,0.4411836792330986,0.0,-0.17817005059409752,-0.38442043097835565,0.0,1.0929385436894172,1.8752820508323538,0.0,-66.54746699590248,21.35924034457166,0.42370229487493694,2.1705292973042183,69.8912191313609
4.406885477873656,0.26432497551466205,-0.5097021856497971,0.4381399387711737,0.0,-0.1722012074655055,-0.36962532552598404,0.0,0.3170630791692126,1.6806425109593626,0.0,-93.80593628757282,-29.594918028614146,0.4077697108942347,1.710288936354338,98.36367650666867
4.4149715062734245,0.26432497551466205,-0.5110842716367218,0.43520607747414547,0.0,-0.17304248846873804,-0.35724098483140665,0.0,-0.42409638608684475,1.3966713554959895,0.0,-67.23688769661734,-31.694419061932976,0.3969443588952571,1.459639893931009,74.33259895093775
4.423057534673193,0.26432497551466205,-0.5125006386020466,0.43236261727335773,0.0,-0.17905971830978018,-0.347038277034617,0.0,-0.7702956876845537,1.1680785656614638,0.0,-11.294513523416253,-23.85059698516777,0.39050985704375424,1.3992008369148305,26.38971413788953
4.431143563072961,0.26432497551466205,-0.5139800355717365,0.4295937547463283,0.0,-0.18549975408241082,-0.3383507519212081,0.0,-0.6067519003106678,1.0109581463489974,0.0,34.93978814283173,-17.367968361023628,0.3858644711427599,1.1790607457633417,39.01839464221308
4.4392295914727296,0.26432497551466205,-0.5155005511613675,0.426890789695122,0.0,-0.18887214450483114,-0.3306890044699067,0.0,-0.2052474492748999,0.8872027948344332,0.0,51.1283019943626,-14.731696604037637,0.3808252941273095,0.9106345669893505,53.208327822439195
4.447315619872498,0.26432497551466205,-0.517034486620519,0.4242458333830587,0.0,-0.18881902749004453,-0.3240028579304379,0.0,0.22009790360603,0.7727163121149587,0.0,53.588864767629616,-10.60693802230066,0.37500730271473076,0.8034510477809532,54.62850502523588
4.455401648272265,0.26432497551466205,-0.5185541431987696,0.421650997073459,0.0,-0.18531270870625605,-0.3181925923804556,0.0,0.6613947155698483,0.7156667906686245,0.0,56.574320283130135,0.14289319636490916,0.36822184326007124,0.9744854668232099,56.574500739854145
4.463487676672034,0.26432497551466205,-0.5200313742713925,0.4191000047058905,0.0,-0.17812291458293572,-0.31242905394220344,0.0,1.1350210246199453,0.7750271890028522,0.0,60.03727570005842,12.613391568697445,0.35963827166576706,1.3743870888592387,61.34795938211892
4.471573705071802,0.26432497551466205,-0.5214347570907039,0.41659837666728017,0.0,-0.16695708422743394,-0.3056588086587162,0.0,1.632320948280638,0.9196512755523969,0.0,58.49599359439539,18.755315976048017,0.34828433109227314,1.8735608201552871,61.42917176681571
4.47965973347157,0.26432497551466205,-0.5227314137206035,0.414156873090983,0.0,-0.15172492749226762,-0.2975564012782037,0.0,2.0810215555738427,1.078339224260759,0.0,37.27104168169359,17.56284181629244,0.3340063855140636,2.3438144545467483,41.20174705886452
4.487745761871339,0.26432497551466205,-0.5238884612360144,0.4117862776447433,0.0,-0.13330268542963353,-0.28821984547480284,0.0,2.235070351334887,1.2036785509667567,0.0,-9.80839040136577,12.225801288412313,0.3175535943242826,2.5385786435471496,15.674014782733503
4.495831790271106,0.26432497551466205,-0.5248871923209023,0.40949576537921095,0.0,-0.11557924281952126,-0.27809044338358646,0.0,1.9223997088909845,1.2760555771168072,0.0,-55.13049226839851,7.0827483439868075,0.30115254618218584,2.3073661340660805,55.58359921649727
4.503917818670875,0.26432497551466205,-0.5257576153157392,0.40728898319893586,0.0,-0.1022135281460379,-0.26758340220230536,0.0,1.3434968989839469,1.3182211594825262,0.0,-73.84819337506019,4.516635097113337,0.2864410628213448,1.8822037463800079,73.98618558461276
4.512003847070643,0.26432497551466205,-0.5265401953037612,0.40516839140018196,0.0,-0.09385213465915143,-0.2567720959180839,0.0,0.7281225310863411,1.3490988564501052,0.0,-70.23880248668232,-7.458957054744573,0.2733864159431576,1.5330460347786563,70.63374133590614
4.520089875470411,0.26432497551466205,-0.5272753973682047,0.4031364502792125,0.0,-0.09043828921628716,-0.24576569886760424,0.0,0.2075909956378803,1.197594482327892,0.0,-47.610828458615245,-50.97238512546055,0.2618775723429762,1.2154532346298388,69.7493729856689
4.52817590387018,0.26432497551466205,-0.5280027684538199,0.40119385455871726,0.0,-0.09049496128662327,-0.2374045299270655,0.0,-0.04184249101938331,0.5247705489932972,0.0,-13.778179223139517,-116.03232142918257,0.2540674100473305,0.5264360579837154,116.8474982143396
4.536261932269947,0.26432497551466205,-0.5287388870222036,0.39929713073676487,0.0,-0.09111496835768662,-0.23727907974256013,0.0,-0.015230501352946568,-0.6788868104067873,0.0,9.51265913354701,-160.8204327414419,0.2541717906107962,0.6790576334272101,161.10152783551027
4.5443479606697155,0.26432497551466205,-0.5294762848973883,0.397356563803779,0.0,-0.09074126981958841,-0.24838352598542102,0.0,0.11199677280297315,-2.076026623827252,0.0,16.893450079603546,-168.4118571338514,0.26443969828568037,2.079045410749332,169.25703021991387
4.552433989069484,0.26432497551466205,-0.530206359991788,0.39528025824645946,0.0,-0.08930375018655212,-0.27085270022044483,0.0,0.2579713328745399,-3.4024529296908934,0.0,27.024200196260104,-114.82886733351458,0.28519527523100424,3.412218508147919,117.96599581805528
4.560520017469252,0.26432497551466205,-0.5309205102178168,0.3929763185515061,0.0,-0.08656934277168915,-0.3034081880221322,0.0,0.5490336733389425,-3.9330455885713143,0.0,54.7396248330304,37.19542724561157,0.31551668682780587,3.97118188657235,66.18101189045467
4.5686060458690205,0.26432497551466205,-0.5316063643201904,0.390373523796321,0.0,-0.08042474643645647,-0.3344581368739874,0.0,1.1432236548596375,-2.8009263675918277,0.0,87.62582504988231,217.64579797892318,0.34399183879939244,3.025251864176234,234.62305639803355
4.576692074268788,0.26432497551466205,-0.5322211437852755,0.3875674425649131,0.0,-0.06808106489072685,-0.34870492833014666,0.0,1.9661234931518026,-0.413265381476009,0.0,97.1033036884119,298.2409841336518,0.35528883804362343,2.009086823870476,313.6506594990884
4.584778102668556,0.26432497551466205,-0.5327073751685761,0.3847342478890878,0.0,-0.048628485630302976,-0.3411414880964969,0.0,2.7135837975312023,2.022243767767055,0.0,55.188265576275555,226.87911061823246,0.3445899657787338,3.3842291415470904,233.49491534557595
4.592864131068325,0.26432497551466205,-0.5330075664169642,0.3820504830427381,0.0,-0.024196833586749733,-0.31600108725530873,0.0,2.8586312587192473,3.2558364820704178,0.0,-35.45101809892361,45.92540265659045,0.3169261331953585,4.332694758612411,58.016526037157504
4.600950159468093,0.26432497551466205,-0.53309868773571,0.3796238603572795,0.0,-0.002398538545364204,-0.2884879155784503,0.0,2.140267919234006,2.7649519880710294,0.0,-116.39305283364014,-115.76350850151105,0.2884978863387957,3.4965277436966233,164.1600823845857
4.609036187867861,0.26432497551466205,-0.5330463557185557,0.3773850400860234,0.0,0.01041570076932885,-0.2712861266562321,0.0,0.9763161972221421,1.3837024472703305,0.0,-141.47830224383574,-168.58064290143437,0.27148600210444995,1.693465612151663,220.0807650996767
4.617122216267629,0.26432497551466205,-0.5329302444312615,0.3752366057080689,0.0,0.013390502450420172,-0.2661106010075365,0.0,-0.14772722055520593,0.03865625576676379,0.0,-116.91659494281893,-132.47686800037366,0.26644728845395854,0.1527011388394727,176.69072054924567
4.625208244667397,0.26432497551466205,-0.5328298037523532,0.3730814843315709,0.0,0.00802664776767159,-0.2706609754923157,0.0,-0.9144656170014086,-0.758720986656261,0.0,-66.62106513089739,-55.38503242263678,0.2707799673698891,1.1882360456872267,86.63641345087987
4.633294273067166,0.26432497551466205,-0.5328004370276528,0.37085946103898915,0.0,-0.0013982874489499864,-0.27838067989874204,0.0,-1.225126869897713,-0.8570336344163003,0.0,-25.397939348643348,7.800830151880049,0.27838419162854017,1.4951396248732691,26.56893438239191
4.641380301466934,0.26432497551466205,-0.5328524169363997,0.3685794961643548,0.0,-0.01178617355895284,-0.2845209721072095,0.0,-1.325202534738857,-0.6325655183565182,0.0,-10.796629120637618,29.43802775112783,0.2847649863589154,1.4684348446873432,31.355456913347194
4.649466329866702,0.26432497551466205,-0.5329910436958973,0.36625817171741193,0.0,-0.022829538111636793,-0.288610565391032,0.0,-1.3997305692801965,-0.38096017755872325,0.0,-1.8535885320157917,28.85715580243633,0.28951208310832527,1.4506468638035368,28.91662551979579
4.65755235826647,0.26432497551466205,-0.5332216175234483,0.3639120697079049,0.0,-0.03442269582939872,-0.2906818817370507,0.0,-1.3551788737615977,-0.16588595564645914,0.0,24.343660602471886,20.820399067145072,0.29271296240234396,1.365294081936376,32.03283984980909
4.665638386666238,0.26432497551466205,-0.5335477294880436,0.3615572478153644,0.0,-0.04474556783164019,-0.2912932824879917,0.0,-1.0060435073083656,-0.04425150125586086,0.0,60.525597183877636,9.720553391617567,0.2947099290203926,1.0070162530767388,61.30119960248987
4.673724415066006,0.26432497551466205,-0.5339452453879491,0.3592012581981856,0.0,-0.05069248857239472,-0.2913975195288252,0.0,-0.3763554782780498,-0.008684614074290664,0.0,83.12418509111949,2.7470966223526343,0.29577397246075326,0.3764556661169002,83.16956586946473
4.681810443465775,0.26432497551466205,-0.5343675312925462,0.3568447505783002,0.0,-0.050832010003169614,-0.29143373056008315,0.0,0.338245535400421,0.00017470135464137115,0.0,81.74944186804754,2.3950117013910117,0.29583358928480297,0.3382455805164064,81.78451764721171
4.689896471865543,0.26432497551466205,-0.5347673035409549,0.3544881753542671,0.0,-0.04522236256170942,-0.291394694248595,0.0,0.945701138942439,0.03004765119615982,0.0,57.84433999486005,7.126671847009082,0.2948829088161856,0.946178368775905,58.28170485714979
4.697982500265311,0.26432497551466205,-0.5350988699085034,0.3521322990318285,0.0,-0.035538077468807217,-0.29094779823824624,0.0,1.2737074873289898,0.11542764325611898,0.0,24.699249580729223,13.710285504984002,0.2931101776633868,1.2789270128140975,28.24933377053921
4.706068528665079,0.26432497551466205,-0.5353420273483268,0.34978295103545826,0.0,-0.024623892730630814,-0.2895279918456204,0.0,1.345138806067875,0.2517711671206193,0.0,2.6585404442128464,19.30681594885495,0.29057321651412965,1.3684981286735423,19.48899636657761
4.714154557064847,0.26432497551466205,-0.5354970889003688,0.3474500359026454,0.0,-0.013784416293816548,-0.286876140623086,0.0,1.3167015543966656,0.4276585673992024,0.0,-10.88683524043384,31.613585756315004,0.28720712071840737,1.3844113671956517,33.435639457384916
4.722240585464616,0.26432497551466205,-0.5355649497115789,0.3451435737948698,0.0,-0.0033301204048896693,-0.282611873202832,0.0,1.169076288192381,0.7630278716087702,0.0,-31.140210426992056,58.99336835470612,0.2826314925430721,1.3960483159495178,66.70779725992597
4.730326613864384,0.26432497551466205,-0.5355509437967061,0.34287962063698574,0.0,0.005121951841822181,-0.2745364105437993,0.0,0.8131003026218249,1.381702671227501,0.0,-52.28963639937372,87.74821921623064,0.27458418582457267,1.6031950517017306,102.14673783532383
4.7384126422641515,0.26432497551466205,-0.5354821172154685,0.3407037553700148,0.0,0.009819383872830656,-0.2602668991236712,0.0,0.32344531831464846,2.1820970568317524,0.0,-60.349229502850484,95.81307083798563,0.2604520667591126,2.20593844868198,113.23503894551621
4.74649867066392,0.26432497551466205,-0.5353921441629782,0.3386705695613187,0.0,0.01035272790115016,-0.23924741299861552,0.0,-0.16287086470649548,2.931197094957348,0.0,-51.5576806889077,66.97860273456405,0.239471300162515,2.935718536926971,84.52412473545004
4.754584699063688,0.26432497551466205,-0.5353146923118209,0.336834632617859,0.0,0.0071854269978075536,-0.21286341321338398,0.0,-0.5103484222387437,3.2652788246087265,0.0,-30.225065378870852,3.211793889707934,0.21298465448476017,3.3049207728052608,30.39523313197289
4.7626707274634565,0.26432497551466205,-0.5352759410294406,0.3352281303522886,0.0,0.0020993442291512565,-0.18644113838071874,0.0,-0.6516723387833053,2.9831384081701096,0.0,-10.651289468805523,-55.296967539601724,0.18645295740988072,3.053488431193902,56.31344942750403
4.770756755863225,0.26432497551466205,-0.5352807415977053,0.3338194959381957,0.0,-0.0033534550796829876,-0.16461992943557746,0.0,-0.6826016805165737,2.37101312471615,0.0,-2.848023412789928,-78.55656922067912,0.1646540823312497,2.4673160097199327,78.60817899610161
4.778842784262992,0.26432497551466205,-0.535330173295464,0.3325658875031208,0.0,-0.00893972891962136,-0.1480969794553637,0.0,-0.6977307351813536,1.7127171087566246,0.0,1.8672050183203268,-89.71348760170395,0.14836655309387872,1.8493858638597744,89.73291654817383
4.786928812662761,0.26432497551466205,-0.535425315401566,0.33142446317460383,0.0,-0.014637196159817734,-0.13692177107122916,0.0,-0.6524051349039124,0.9201615075369265,0.0,17.614758960396454,-124.68614707911523,0.1377019204829877,1.1279759128641096,125.92424312525218
4.795014841062529,0.26432497551466205,-0.5355668868631465,0.33035158084426375,0.0,-0.019490461817596838,-0.1332160752907292,0.0,-0.4128638527636741,-0.3037143439222145,0.0,43.1048641015432,-181.29536844960919,0.1346343225842817,0.512541670133235,186.34924182966793
4.803100869462297,0.26432497551466205,-0.5357405162571294,0.3292700852383908,0.0,-0.02131405383718743,-0.14183345669197323,0.0,0.04468917568255493,-2.011757488523088,0.0,61.86263244107809,-222.37588212645565,0.1434260029707597,2.0122537899211195,230.82031592574174
4.811186897862066,0.26432497551466205,-0.5359115789524298,0.3280578421265665,0.0,-0.018767745930134083,-0.1657503316620179,0.0,0.5875821528423028,-3.8999897405183344,0.0,59.87758856497834,-193.47549089346865,0.16680947435132995,3.944004660555951,202.52923539288224
4.819272926261833,0.26432497551466205,-0.5360440293103108,0.32658956146021073,0.0,-0.011811641887028657,-0.20490431229324102,0.0,1.0130329389746338,-5.140654116570408,0.0,28.517655093658192,-24.06805770248252,0.2052444690617349,5.239519107862845,37.316592202542786
4.827358954661602,0.26432497551466205,-0.5361025974959226,0.3247441179496904,0.0,-0.002384919701235333,-0.2488852820219627,0.0,1.0487712908064721,-4.289219736737158,0.0,-22.353296340111235,249.02318814421022,0.24889670839352868,4.415577784439478,250.02443498741388
4.83544498306137,0.26432497551466205,-0.5360825983671815,0.32256457454278287,0.0,0.005149146997617038,-0.2742698175014482,0.0,0.6515341609054789,-1.1134369735005247,0.0,-59.74115072838938,449.40016464960877,0.2743181483370737,1.2900537418203997,453.3536291654095
4.843531011461138,0.26432497551466205,-0.536019325198208,0.32030861088265844,0.0,0.008151727755766558,-0.26689184800011745,0.0,0.0826340079572756,2.978505251697463,0.0,-64.68108155513602,456.9312644799083,0.2670163088545752,2.9796513073949527,461.4865358494764
4.851617039860907,0.26432497551466205,-0.5359507681629009,0.3182483844175916,0.0,0.006485508867875467,-0.22610126139327846,0.0,-0.3944919638596467,6.276081389152681,0.0,-37.64943382610047,230.04620435113316,0.22619425772752702,6.2884673421127415,233.10670518839487
4.859703068260674,0.26432497551466205,-0.5359144411804229,0.3166520884409596,0.0,0.0017719813092682557,-0.16539470329623285,0.0,-0.5262347743488243,6.698825534981928,0.0,8.67280701024987,-155.52169469833171,0.16540419521949645,6.719463266203624,155.76333041919122
4.8677890966604425,0.26432497551466205,-0.5359221115805197,0.3155736118815426,0.0,-0.0020247897927845315,-0.11776747435137125,0.0,-0.254234836278429,3.7609757089308227,0.0,44.185772338575696,-451.11748590819127,0.11778487928764816,3.769558811737154,453.2762607607899
4.875875125060211,0.26432497551466205,-0.5359471861959588,0.3147475461566112,0.0,-0.002339518903447413,-0.10457199050972577,0.0,0.1883400456420197,-0.5966720703895403,0.0,53.435713071300015,-533.0874121039341,0.10459815747835027,0.6256912436460803,535.7588677521894
4.883961153459979,0.26432497551466205,-0.5359599464131098,0.31388246771137873,0.0,0.0010210561229655468,-0.12741688896440806,0.0,0.6099305506343807,-4.860144198732031,0.0,31.504557252445622,-405.9451648128153,0.12742098001889068,4.898266724981989,407.1658310351894
4.8920471818597475,0.26432497551466205,-0.5359306736183428,0.3126869529910586,0.0,0.007524312605184491,-0.183170518545559,0.0,0.6978335349728264,-7.161640333239679,0.0,-32.34383020636076,-30.53704887974027,0.18332499596189689,7.195558623568987,44.48184693446913
4.900133210259515,0.26432497551466205,-0.5358382628022814,0.3109202236814596,0.0,0.012306459687167148,-0.24323534321140627,0.0,0.08686429142264906,-5.353991087705843,0.0,-107.7956068157045,414.559196348106,0.24354646607414052,5.354695693721348,428.3447444822377
4.908219238659283,0.26432497551466205,-0.5357316528532808,0.3087533372049891,0.0,0.008929086859922108,-0.26975556652014276,0.0,-1.0454431411912342,-0.4573654631278483,0.0,-129.4015007460146,599.0147318126362,0.26990330539056984,1.1411110937704294,612.8322750344382
4.916305267059052,0.26432497551466205,-0.5356938611024148,0.30655772133770465,0.0,-0.004600506172863561,-0.25063188345925624,0.0,-2.0058241285871903,4.333309178927356,0.0,-60.29607291315905,422.8931799323689,0.2506741024984048,4.775028677924211,427.1700575204914
4.92439129545882,0.26432497551466205,-0.5358060525004149,0.3047001041499111,0.0,-0.023509214877471152,-0.1996770443485758,0.0,-2.020554657131849,6.381687062875118,0.0,62.240810220386,67.37244105858275,0.20105622403680573,6.693920442530286,91.72221252827646
4.932477323858588,0.26432497551466205,-0.5360740534607258,0.3033285328349358,0.0,-0.03727703085456824,-0.14742687780157127,0.0,-0.999262210453923,5.422860122450195,0.0,151.56047258865118,-191.91096905232584,0.15206663449834043,5.5141578570894945,244.54119672132558
4.940563352258356,0.26432497551466205,-0.536408898760713,0.3023159083083259,0.0,-0.039669340102562956,-0.11197824243237164,0.0,0.43048991413626436,3.2780919709070737,0.0,167.95398280440628,-264.9619153519997,0.11879723617330416,3.3062378220416133,313.7090322685387
4.948649380658124,0.26432497551466205,-0.5367155882820646,0.3015176143380074,0.0,-0.030315123511527986,-0.09441338825396173,0.0,1.7168991391671817,1.1378809776638557,0.0,108.20213744885237,-242.80563795516582,0.09916095297602033,2.05973682139303,265.8237769111623
4.956735409057893,0.26432497551466205,-0.5368991566600264,0.3007890496308461,0.0,-0.011903549704875616,-0.09357636663047941,0.0,2.180341026790382,-0.6485745973516135,0.0,-19.194432415409736,-188.04377219871859,0.09433043457621906,2.274760647064905,189.0208626011248
4.964821437457661,0.26432497551466205,-0.5369080931640079,0.30000429202176504,0.0,0.0049454754160862535,-0.10490217348106867,0.0,1.406485687910307,-1.9031735871329625,0.0,-137.17548780385644,-137.32919861277173,0.10501868275760909,2.3664893181793736,194.1041556635305
4.972907465857429,0.26432497551466205,-0.5368191781506968,0.29909256572291537,0.0,0.010842216727745324,-0.1243545979809717,0.0,-0.03806875347773836,-2.869470197552215,0.0,-180.68014453231447,-114.57779931576634,0.12482635820442929,2.869722712150374,213.9471587197691
4.980993494257197,0.26432497551466205,-0.5367327522192539,0.29799322239993337,0.0,0.004329825372558105,-0.15130740850045754,0.0,-1.5154838720146198,-3.7561322656333607,0.0,-143.73198515356873,-81.78515997823453,0.15136934714426556,4.050335907461062,165.37138793893916
4.989079522656965,0.26432497551466205,-0.5367491559688398,0.2966456137184554,0.0,-0.013666274529256839,-0.18509898232736433,0.0,-2.3625105812912213,-4.192104450079299,0.0,-20.49935740017861,6.318773797317306,0.18560280256002318,4.811984618334481,21.45112016007372
4.997165551056733,0.26432497551466205,-0.5369537639871791,0.2949997911441988,0.0,-0.03387682993759,-0.21910235977673054,0.0,-1.8470006442443112,-3.653944696879721,0.0,129.6263659093714,113.64965706754049,0.2217058494184406,4.0942304805291965,172.3926892024131
5.005251579456502,0.26432497551466205,-0.5372970139867788,0.2931022779112336,0.0,-0.04353607385675673,-0.2441907835076691,0.0,-0.2661856290873388,-2.354155740735166,0.0,208.4768460301322,171.79306040467083,0.24804138460537245,2.3691568206366083,270.139687817015
5.01333760785627,0.26432497551466205,-0.5376578318464194,0.29105072392338943,0.0,-0.03818159905041085,-0.25717390013085506,0.0,1.5244987511432553,-0.8756975662491442,0.0,179.0796933243921,170.30109480810358,0.2599927872356488,1.758107695726294,247.12749635359683
5.021423636256038,0.26432497551466205,-0.5379144889753191,0.28894324699095925,0.0,-0.018881793462448115,-0.25835261428826684,0.0,2.6299013429982607,0.39996323752464136,0.0,47.97410177815513,131.367376768237,0.2590416866721272,2.6601412867130287,139.85314483553353
5.029509664655806,0.26432497551466205,-0.5379631892827712,0.286872630770811,0.0,0.004349314845732977,-0.25070567193587934,0.0,2.3003386500061347,1.2487831124527595,0.0,-107.69593720388346,85.06218406833258,0.2507433956866024,2.6174447781489576,137.2369849883686
5.037595693055574,0.26432497551466205,-0.5378441516085949,0.2848888206244462,0.0,0.01831941384362068,-0.2381572228633786,0.0,0.8882365294577192,1.7755937097703622,0.0,-187.40299599788324,56.69328412083273,0.2388607622142465,1.9853707851278488,195.79073362492952
5.045681721455343,0.26432497551466205,-0.537666926681558,0.2830211386354445,0.0,0.01871392645154657,-0.22199066960857294,0.0,-0.7303532456749826,2.165630123407139,0.0,-164.04578252603596,14.949088360992477,0.22277806991824056,2.2854692504771097,164.72551110075284
5.053767749855111,0.26432497551466205,-0.5375415089270781,0.2812987749065692,0.0,0.006508099670838874,-0.20313452950085065,0.0,-1.7647211832777803,2.0173512158456255,0.0,-54.069605647853024,-86.12483228235519,0.20323875722129758,2.6802885633422293,101.6907517455651
5.061853778254879,0.26432497551466205,-0.5375616773240242,0.2797360354864096,0.0,-0.009825244759767315,-0.18936595116130306,0.0,-1.6047699793406123,0.7728144438863183,0.0,74.18997268813146,-203.8534749410651,0.18962067106150202,1.781159412088707,216.934071305116
5.069939806654647,0.26432497551466205,-0.5377004033434024,0.27823633798849046,0.0,-0.019444331585248165,-0.19063653041881778,0.0,-0.5649167310094039,-1.2793787596839419,0.0,137.72740859240173,-254.80426153514713,0.19162559526566883,1.398549578565155,289.64469747269675
5.078025835054415,0.26432497551466205,-0.5378761321588498,0.27665305068841,0.0,-0.018961110220658384,-0.21005613713103344,0.0,0.6225654952686017,-3.3478945464238627,0.0,116.24458367580951,-169.58021334868926,0.21091018099468664,3.4052879011727746,205.59730541363922
5.0861118634541835,0.26432497551466205,-0.5380070434948732,0.27483929820771613,0.0,-0.009376167034332639,-0.24477887118244368,0.0,1.3149972788342847,-4.021839602036497,0.0,27.597812734906668,79.91467495905411,0.24495838072131162,4.2313604937242895,84.54581327045264
5.094197891853952,0.26432497551466205,-0.538027764064691,0.27269447288032106,0.0,0.0023051004638858785,-0.2750975556137938,0.0,1.0688788903604898,-2.055509883869526,0.0,-70.05189700036867,354.6171607311376,0.2751072129058651,2.316813105311601,361.4700526438722
5.10228392025372,0.26432497551466205,-0.5379697652792426,0.2703904049129161,0.0,0.007909803092402967,-0.2780206937763907,0.0,0.18211402162902784,1.713049263397897,0.0,-116.14571586741596,480.3724869003985,0.27813318959244365,1.7227023235898813,494.2140765753521
5.110369948653488,0.26432497551466205,-0.5378998462798074,0.2681983064291229,0.0,0.005250258765663318,-0.24739402562572366,0.0,-0.8094362236700983,5.713101259217968,0.0,-100.54418142668291,387.0096301760425,0.24744973051593253,5.770157103430307,399.8569572581662
5.118455977053256,0.26432497551466205,-0.537884857796272,0.26638953467863113,0.0,-0.005180445492392494,-0.18562809571081473,0.0,-1.4438921912660831,7.971790984572016,0.0,-29.735155433137372,41.76650351109697,0.18570036869301862,8.101498389909292,51.270072012581714
5.126542005453024,0.26432497551466205,-0.5379836247385572,0.26519631832169777,0.0,-0.018100447763899297,-0.11847376902919038,0.0,-1.2903148462778484,6.388551526317477,0.0,57.871984644076406,-385.34796332836726,0.11984848833938455,6.517553452557055,389.6693719654714
5.134628033852793,0.26432497551466205,-0.5381775792656068,0.26447357015663586,0.0,-0.026047490475683333,-0.08231207756044157,0.0,-0.5079831685001637,1.7399218340398734,0.0,106.50265522816674,-620.59817766835,0.08633510220296818,1.8125603129408254,629.6704802481427
5.142714062252561,0.26432497551466205,-0.5384048662340154,0.26386516272810245,0.0,-0.026315580418092566,-0.09033565430234347,0.0,0.43205214337353914,-3.647797452624051,0.0,103.6882965724741,-572.0302619636702,0.09409059576266697,3.6732948847001357,581.3517725511177
5.150800090652329,0.26432497551466205,-0.538603156326841,0.26301265682423514,0.0,-0.019060318672686094,-0.14130446515747508,0.0,1.1688698531170247,-7.510984053490122,0.0,58.85249735550521,-236.42288974556487,0.14258417731762676,7.60139054287495,243.63784443436384
5.158886119052097,0.26432497551466205,-0.5387131107902072,0.26157997889154766,0.0,-0.007412550762218473,-0.21180371503579565,0.0,1.3838180734012435,-7.471241854299292,0.0,-3.0054236233392118,226.19672334903277,0.21193338484478322,7.598316083561242,226.21668865270436
5.166972147451865,0.26432497551466205,-0.538723032518797,0.2595873551143234,0.0,0.0033188658105842705,-0.2621298127882792,0.0,1.1202659715737135,-3.852917795620474,0.0,-42.252794478225624,517.3177789432635,0.2621508222811574,4.012476964030439,519.0404445243265
5.175058175851634,0.26432497551466205,-0.5386594379038084,0.2573408006702837,0.0,0.010704454160659793,-0.27411332047051573,0.0,0.7005034811602278,0.8948506501813398,0.0,-55.653340451508114,542.7205077300126,0.2743222517373487,1.1364254543293035,545.5665347270983
5.183144204251402,0.26432497551466205,-0.5385499194781028,0.2551543789261646,0.0,0.014647447896180665,-0.2476582372464442,0.0,0.2202369887079707,4.92398908166269,0.0,-69.64875978065754,362.0082905239378,0.2480910119409556,4.928911929374325,368.6474632315371
5.1912302326511695,0.26432497551466205,-0.5384225585444632,0.25333565759066123,0.0,0.014266139251404297,-0.1944822893615754,0.0,-0.42586021802977375,6.749269286437567,0.0,-90.60307087271327,83.52953534044735,0.19500482969521551,6.762691241373498,123.23189410926437
5.199316261050938,0.26432497551466205,-0.538319206663819,0.2520092002961055,0.0,0.007760412261539784,-0.138508670990813,0.0,-1.2450010196579366,6.274833471626986,0.0,-105.24620957616993,-111.90847318604722,0.13872590218884984,6.3971526975365895,153.62379698791244
5.207402289450706,0.26432497551466205,-0.5382970567165818,0.25109568749616945,0.0,-0.005868087953984968,-0.0930053260507897,0.0,-2.127907897231538,4.939479101723381,0.0,-97.6572283630673,-163.54001564062722,0.09319026306460029,5.378331136650324,190.47905650567694
5.2154883178504745,0.26432497551466205,-0.5384141057155156,0.2505051128805527,0.0,-0.026652235116671363,-0.05862713439761791,0.0,-2.8243192636307883,3.6300550496896413,0.0,-37.955732067762,-144.96486470733728,0.06440095126929946,4.599356364394177,149.8514250730247
5.223574346250243,0.26432497551466205,-0.5387280781767232,0.2501475661486971,0.0,-0.051543139505447755,-0.03429986960176379,0.0,-2.7417301520993815,2.5950990757391685,0.0,74.87389354258804,-105.21119141759243,0.06191265044218386,3.7751322413702524,129.1336313039174
5.23166037465001,0.26432497551466205,-0.5392476642952242,0.2499504134411363,0.0,-0.07099165086542314,-0.016659044744340434,0.0,-1.6134544044577712,1.9285736861374607,0.0,170.9117457898585,-71.3738248479507,0.07292008135206701,2.5144843563096617,185.21621884263578
5.239746403049779,0.26432497551466205,-0.5398761591868116,0.24987815513086564,0.0,-0.07763601577779866,-0.0031108664074590564,0.0,0.022264308522092158,1.4408375262980087,0.0,200.6485271407539,-59.99728015665671,0.07769831681352987,1.4410095338416509,209.42661022408353
5.247832431449547,0.26432497551466205,-0.5405031983520725,0.2499001043328991,0.0,-0.07063159120340146,0.006642261569854924,0.0,1.631444973205883,0.958294263626292,0.0,160.181034209118,-66.1872939400766,0.07094322599576924,1.892073094861243,173.31682434031825
5.255918459849315,0.26432497551466205,-0.5410184172915947,0.2499855741622507,0.0,-0.051252195005794476,0.012386722854575538,0.0,2.6127210919604806,0.3704528492914584,0.0,47.562473940020055,-85.07316810056346,0.052727776323187085,2.6388533149690847,97.466060030976
5.264004488249084,0.26432497551466205,-0.5413320517608071,0.2501004231184634,0.0,-0.028378517302869,0.0126332460901466,0.0,2.4006280032903717,-0.41751384301255456,0.0,-76.83215330579607,-105.92902532045815,0.031063469720612982,2.4366642401629792,130.85923042318265
5.272090516648851,0.26432497551466205,-0.5414773562853034,0.2501898797355831,0.0,-0.012429102582025564,0.005634665270784822,0.0,1.3701871446685927,-1.3426373649104437,0.0,-133.68636752754836,-99.48660761317265,0.013646686180472647,1.918355521030638,166.64222141188623
5.2801765450486196,0.26432497551466205,-0.5415330559137309,0.25019154724526893,0.0,-0.00621977297329579,-0.009079961636365041,0.0,0.23864447431122826,-2.026416912125889,0.0,-116.27256848046193,2.8419618281334493,0.011005965616755382,2.0404207132033103,116.3072952487344
5.288262573448388,0.26432497551466205,-0.5415779428071077,0.2500430380802622,0.0,-0.008569730588568802,-0.02713666413165683,0.0,-0.5101794370254589,-1.2966769968037544,0.0,-55.893437329038115,225.7498076740663,0.02845766720156454,1.3934325573932949,232.56623142952856
5.296348601848156,0.26432497551466205,-0.541671646083566,0.2497526915715818,0.0,-0.01447042380682717,-0.03004989567932803,0.0,-0.6652673688953212,1.6244218000635986,0.0,1.3266853188794272,436.93765598313047,0.03335250208736502,1.7553708601428832,436.9396701032853
5.304434630247925,0.26432497551466205,-0.5418119593228251,0.24955706946051592,0.0,-0.019328472265222274,-0.0008664225146226556,0.0,-0.4887242066934293,5.76950359361186,0.0,24.242985791432407,517.0414258211563,0.01934788174662311,5.790166065572584,517.6094651136684
5.312520658647692,0.26432497551466205,-0.5419842272348874,0.24973867973746286,0.0,-0.02237409943678159,0.06325484414168514,0.0,-0.27320842568594084,9.986045106156315,0.0,17.620254384616995,412.3353942736802,0.06709527280662826,9.989781764686068,412.711704141535
5.32060668704746,0.26432497551466205,-0.5421737945297552,0.2505800303928211,0.0,-0.023746814443526887,0.1606284661448676,0.0,-0.2037684519631493,12.437815010264618,0.0,-14.001258654870576,30.309448527683458,0.16237430625646462,12.439484065329209,33.38709202630383
5.328692715447229,0.26432497551466205,-0.5423682620668762,0.2523363724155801,0.0,-0.025669454415883308,0.26439989494981475,0.0,-0.4996375759175127,10.476211229308646,0.0,-56.960922364299044,-488.6950069879811,0.26564304120281823,10.488118965208265,492.003411097499
5.336778743846997,0.26432497551466205,-0.542588922404582,0.25485592051174105,0.0,-0.03182698170044773,0.3300503491891913,0.0,-1.124943723792594,4.534611599605,0.0,-77.32267853618956,-782.8114687991763,0.3315813471292795,4.672066003490594,786.6209966048037
5.3448647722467655,0.26432497551466205,-0.5428829698226936,0.25767396540937465,0.0,-0.04386210821333947,0.3377338913024648,0.0,-1.7501043250970878,-2.183460307440388,0.0,-38.18108480224271,-651.3188834888324,0.34057020696359186,2.798278767902013,652.4370339165422
5.352950800646533,0.26432497551466205,-0.5432982629099555,0.2603177721850128,0.0,-0.06012976825103067,0.29473930507773893,0.0,-1.7424103958824264,-5.998554378786968,0.0,66.94374064870264,-167.12199526749671,0.3008103172892032,6.246490904735511,180.0311798390211
5.361036829046301,0.26432497551466205,-0.5438553918501922,0.2624405061921475,0.0,-0.07204046810365128,0.24072492917361643,0.0,-0.6674863489527567,-4.88616670735756,0.0,172.24236525177884,320.6853520371776,0.2512733980552574,4.931547740631506,364.0144604253184
5.36912285744607,0.26432497551466205,-0.5444633054519931,0.264210789412673,0.0,-0.07092439539921003,0.2157199395543472,0.0,1.043102918255888,-0.8124126508623082,0.0,194.94085826139013,491.0787944103664,0.2270800787917661,1.322149013294293,528.3562439672936
5.377208885845838,0.26432497551466205,-0.5450023852010609,0.265929141307413,0.0,-0.055171348461854564,0.227586545639209,0.0,2.4851082834008786,3.0555874488948938,0.0,105.20375622510244,340.9146686041473,0.2341783795466335,3.9385756103027485,356.77814057667035
5.385294914245606,0.26432497551466205,-0.5453555396330252,0.26789133195556064,0.0,-0.030735083087051862,0.2651350733338269,0.0,2.7444640394528577,4.700878733599195,0.0,-48.31290933694909,52.39061706961414,0.2669105701243429,5.443376133600825,71.26649960209359
5.393380942645374,0.26432497551466205,-0.5454994347104832,0.2702169207729167,0.0,-0.010787720131538947,0.30360942352670506,0.0,1.7037891694530565,3.9028514839076927,0.0,-160.54872125065305,-158.54890541254318,0.3038010154029354,4.258538157559001,225.64052672943185
5.401466971045142,0.26432497551466205,-0.5455299992557299,0.2728013207977089,0.0,-0.0031813078642244363,0.32825220921173326,0.0,0.14806100029439706,2.136816829763209,0.0,-191.03293986422256,-217.55693842561809,0.32826762492227357,2.141940294164958,289.5247926694635
5.4095529994449105,0.26432497551466205,-0.5455508830019603,0.27552543414486225,0.0,-0.008393269224981736,0.3381661466678416,0.0,-1.3856063846136308,0.38450831855528733,0.0,-158.50410305246177,-174.8933974645385,0.3382702909220069,1.437967906498706,236.03230957043672
5.417639027844679,0.26432497551466205,-0.54566573568237,0.27827016292930173,0.0,-0.025589413017996776,0.33447049957930375,0.0,-2.415276357229634,-0.6915691278972567,0.0,-62.9769802640341,-46.7212950274418,0.33544795892572465,2.512335117067988,78.4154286618252
5.425725056244447,0.26432497551466205,-0.5459647164427541,0.2809345100618282,0.0,-0.047453255660677485,0.32698205145068115,0.0,-2.404073686506892,-0.37107111837641327,0.0,49.440669290387646,104.11342158338395,0.3304074355151432,2.4325427159760133,115.25616831077163
5.433811084644215,0.26432497551466205,-0.5464331524282374,0.2835581352377909,0.0,-0.06446822922645623,0.3284695163762521,0.0,-1.615719045258504,0.9921590395431323,0.0,109.2299933036812,184.33486171879153,0.3347362779383852,1.8960294282943508,214.26743262103142
5.441897113043983,0.26432497551466205,-0.5470073003075699,0.286246537737581,0.0,-0.07358275583268892,0.343027303792347,0.0,-0.6376000305868224,2.6100027354744917,0.0,121.28011252726809,194.746157848849,0.35083066157760534,2.686754190131402,229.423040890656
5.449983141443751,0.26432497551466205,-0.5476231369350302,0.2891055922785126,0.0,-0.07477953313649266,0.37067862886129177,0.0,0.34562982318667856,4.141604965766259,0.0,124.75554954743984,120.86332063548784,0.37814630035291774,4.156001884881165,173.7005740287592
5.45806916984352,0.26432497551466205,-0.5482166391648962,0.2922411735779002,0.0,-0.06799321070050013,0.4100055745399622,0.0,1.3799538027517904,4.564611221772218,0.0,135.0904284800897,-103.37390824756471,0.41560515860033204,4.768642165612554,170.10464065777325
5.466155198243288,0.26432497551466205,-0.5487227270004614,0.2957362257180996,0.0,-0.05246284185765404,0.4444977808075947,0.0,2.5303199056404404,2.469836249996547,0.0,146.8837139150837,-384.39303780208337,0.44758309498757626,3.5359029860386797,411.50070829125195
5.474241226643056,0.26432497551466205,-0.5490650712232832,0.29942961693638825,0.0,-0.027072733465487886,0.44994790666046214,0.0,3.755365567113285,-1.6518148189089708,0.0,120.00888330778562,-479.0598123719692,0.45076163501946936,4.102592197456063,493.86277031443467
5.482327255042824,0.26432497551466205,-0.5491605487837838,0.3030128088214448,0.0,0.008269143396724132,0.4177845377338798,0.0,4.47111038294276,-5.277546246057856,0.0,-5.206366573778894,-260.8349886172064,0.41786636464547755,6.916886758921091,260.8869439811789
5.490413283442592,0.26432497551466205,-0.5489313421665878,0.3061860522105887,0.0,0.04523431760446073,0.36459912900703273,0.0,3.6711679111629234,-5.870053070132943,0.0,-193.511227141221,116.4467231306877,0.36739443158794355,6.923510444718744,225.84604127054402
5.498499311842361,0.26432497551466205,-0.5484290168301962,0.3089091266448082,0.0,0.06763947937668746,0.32285370606739505,0.0,1.341635826266884,-3.3943632254684495,0.0,-322.213886054849,374.6107861908016,0.32986302413547547,3.6498888197773094,494.1204605124723
5.506585340242129,0.26432497551466205,-0.5478374726642169,0.3114072606830516,0.0,0.06693132839114213,0.3097052941264984,0.0,-1.5396933557155421,0.18817384186380082,0.0,-352.299889246667,440.6176441173295,0.3168551276690718,1.551149581567287,564.1445916347328
5.514671368641896,0.26432497551466205,-0.5473465995857862,0.3139176982525389,0.0,0.0427394709741904,0.3258968641262001,0.0,-4.355777993100401,3.731330342074667,0.0,-279.4141604818343,371.5382939822955,0.32868743271753575,5.735471039667519,464.87952952678273
5.522757397041665,0.26432497551466205,-0.5471462875120402,0.3166776832804911,0.0,-0.003510560719448108,0.37004858035636445,0.0,-6.05839502962226,6.196712235348002,0.0,-54.24458967540585,153.58669352074878,0.3700652318988176,8.6662213716627,162.88446192221517
5.530843425441433,0.26432497551466205,-0.5474033725731393,0.31990214491264995,0.0,-0.05523723755889165,0.4261104463666321,0.0,-5.233024578398627,6.215143073345253,0.0,230.4417863694741,-121.97385876175645,0.4296757671965082,8.124810746120527,260.73173785787424
5.5389294538412015,0.26432497551466205,-0.5480395872552921,0.32356876562200826,0.0,-0.08813933143468233,0.47056022715575097,0.0,-2.3316773714684214,4.22414406339421,0.0,389.8428444036855,-278.7676584370752,0.4787436361212802,4.824946883948717,479.25864699893106
5.54701548224097,0.26432497551466205,-0.5488287668473742,0.3275120716338156,0.0,-0.0929452564484734,0.49442354408926903,0.0,1.071536044190725,1.7068966672270243,0.0,363.2576982414569,-285.20493755463224,0.5030839508929557,2.0153624305793314,461.84197701943793
5.555101510640737,0.26432497551466205,-0.5495427032218243,0.3315646112600477,0.0,-0.07081038966528297,0.49816425700908695,0.0,3.5429467573611646,-0.38820638624741477,0.0,176.656306280458,-200.11470359314498,0.5031716787001876,3.5641515012439173,266.9332222538574
5.563187539040506,0.26432497551466205,-0.5499739164910383,0.33556841229366513,0.0,-0.03564852025069598,0.48814544836093177,0.0,3.9284318633542585,-1.529369685703486,0.0,-55.91120392899899,-93.75645538021936,0.4894453960878163,4.215631452174845,109.16196979833764
5.571273567440274,0.26432497551466205,-0.550119213116138,0.33945892717737597,0.0,-0.007279566438008089,0.4734312035844006,0.0,2.638747591690913,-1.904441107979551,0.0,-183.35916196696917,-31.98825192184931,0.47348716626208526,3.2542103168690515,186.12853230562186
5.579359595840042,0.26432497551466205,-0.5500916420529498,0.3432247686087051,0.0,0.007025455681770154,0.4573467185913138,0.0,0.9631370813089826,-2.046685512701522,0.0,-177.7189205404017,-6.672420218697326,0.4574006755939249,2.261980244231739,177.84413375093513
5.587445624239811,0.26432497551466205,-0.5500055970478097,0.34685516428751645,0.0,0.00829634114666078,0.4403320892222027,0.0,-0.23533288564081387,-2.012347866746701,0.0,-94.68001930000968,23.586686440399546,0.440410238385998,2.0260615745490145,97.57375585621337
5.595531652639578,0.26432497551466205,-0.5499574731526976,0.35034584416626485,0.0,0.0032196388883889426,0.4248029145898613,0.0,-0.5680335685920164,-1.665240279874574,0.0,-6.5172064779470436,55.436601039052476,0.42481511545449113,1.759456542448301,55.81837255813958
5.6036176810393465,0.26432497551466205,-0.5499535288648327,0.353725101150872,0.0,-0.0008899299886522272,0.41340172883119664,0.0,-0.3407295189764147,-1.115824005969916,0.0,34.979511966497896,69.47018266731584,0.4134026867063238,1.1666875406040171,77.77964089171793
5.611703709439115,0.26432497551466205,-0.5499718651510217,0.35703140040594966,0.0,-0.0022906582457764557,0.40675774538702925,0.0,-0.0023429142497385647,-0.5417645399045519,0.0,44.525363246713,59.5876427521348,0.4067641952624865,0.5417696059628783,74.38544979367795
5.619789737838883,0.26432497551466205,-0.5499905735200917,0.3603032105129226,0.0,-0.0009278197309754432,0.4046402819198853,0.0,0.379337184469432,-0.15216926283189025,0.0,53.323247390868055,22.07811521246529,0.40464134564038,0.40872017820508544,57.71318639308185
5.627875766238652,0.26432497551466205,-0.5499868699044108,0.36357526602853857,0.0,0.003844004247639532,0.4042968554253683,0.0,0.8600036712911271,-0.18471600666184784,0.0,64.50972570000712,-25.628267965048,0.4043151291696825,0.8796171427111439,69.41406794575913
5.63596179463842,0.26432497551466205,-0.5499284080650613,0.3668415222227357,0.0,0.012980208488954759,0.40165304416836634,0.0,1.42259213261248,-0.5666310680363935,0.0,69.24177851586128,-51.45357470043059,0.4018627299242023,1.531286760549763,86.26641433079493
5.644047823038187,0.26432497551466205,-0.5497769532354575,0.37007082187253587,0.0,0.02685024501882083,0.39513326560870254,0.0,1.9797856463505152,-1.016826139256363,0.0,49.05472991707042,-34.50933567551704,0.3960444839259451,2.2256429639478403,59.977168789483855
5.652133851437956,0.26432497551466205,-0.5494941843775355,0.3732316398375457,0.0,0.04499741441264149,0.38520887408905935,0.0,2.2159080111171967,-1.1247180046950653,0.0,-14.087332040427,32.95034230273406,0.38782811138542267,2.4850027975474434,35.83542914330156
5.660219879837724,0.26432497551466205,-0.5490492524937439,0.37630044166398974,0.0,0.06268603523715655,0.37694426215331234,0.0,1.7519645124387964,-0.4839513319723707,0.0,-91.48492063357656,115.72021947991311,0.38212107477088864,1.817577658468199,147.51494805548035
5.6683059082374925,0.26432497551466205,-0.5484804222551425,0.3793276038553485,0.0,0.07333028401857433,0.3773823856601908,0.0,0.7364086783298891,0.7467159575889433,0.0,-134.2822546144692,161.15720314337645,0.3844408869524959,1.0487528130296226,209.76979770534325
5.676391936637261,0.26432497551466205,-0.5478633509754693,0.382403491040031,0.0,0.07459527821077927,0.38902019503256113,0.0,-0.4196557363562494,2.1222921109167885,0.0,-129.45342909283377,141.85292237550166,0.3961075203458216,2.163385019157788,192.0428126495846
5.684477965037028,0.26432497551466205,-0.5472740631789406,0.38561886054558153,0.0,0.06654358761397106,0.41170421422314263,0.0,-1.357119529854125,3.0407694754257513,0.0,-72.71986757887711,23.503540810679596,0.4170472503945249,3.3298727334528087,76.4237893023416
5.692563993436797,0.26432497551466205,-0.5467872042969313,0.389061594977056,0.0,0.05264786409021838,0.4381956917034415,0.0,-1.5956855652964967,2.5023927078971475,0.0,18.573154767872012,-166.7969935649469,0.44134709902832675,2.9678580976577065,167.82788546703512
5.700650021836565,0.26432497551466205,-0.5464226389304992,0.3927053861611219,0.0,0.04073807001779528,0.45217305123000173,0.0,-1.0567534160015128,0.34331902150147187,0.0,85.75157282633683,-303.0072191891286,0.45400446980996184,1.1111236352249891,314.9074580300047
5.708736050236333,0.26432497551466205,-0.5461283859147,0.39637416324476743,0.0,0.035557987823537474,0.4437478664195247,0.0,-0.2089062588993693,-2.397857251499108,0.0,103.4368655017251,-283.84038526530287,0.4451702364825609,2.4069402201912258,302.10023080490606
5.716822078636102,0.26432497551466205,-0.5458475931317397,0.39988170186153166,0.0,0.03735962613309596,0.4133947675615772,0.0,0.616033448058424,-4.246963811011387,0.0,96.03145550393594,-94.44391696719057,0.41507948095767777,4.291409887340886,134.69110549071166
5.724908107035869,0.26432497551466205,-0.5455242039188662,0.4030596069064042,0.0,0.045520515735951506,0.3750657264422763,0.0,1.34411989405239,-3.9252096410633968,0.0,84.9930403900803,152.97017779756231,0.3778179674188874,4.148967222801892,174.9962634177303
5.7329941354356375,0.26432497551466205,-0.5451114327657137,0.4059472860931153,0.0,0.05909680940509787,0.34991605429621586,0.0,1.9905457248120353,-1.7731214070339156,0.0,78.47909396231589,298.97075260399026,0.35487135406523695,2.66575164009129,309.09946473868627
5.741080163835406,0.26432497551466205,-0.5445684869604956,0.40871846921155236,0.0,0.0777117342596867,0.3463907063352494,0.0,2.6132882591871405,0.9097623514485704,0.0,68.27979743683824,318.6242708974204,0.35500089447363525,2.7671181871612545,325.8581850175447
5.749166192235174,0.26432497551466205,-0.5438546741852756,0.4115491362708006,0.0,0.1013590555662347,0.3646287827179222,0.0,3.094770487221444,3.379688399630137,0.0,9.629843998677273,226.9526732196063,0.378454498363585,4.582564570976755,227.15688362223204
5.757252220634943,0.26432497551466205,-0.5429293025567311,0.4146152665964125,0.0,0.12776053836056178,0.40104721909880325,0.0,2.769022643304427,4.580053873562736,0.0,-121.55745292994696,20.62956186641415,0.4209057223524813,5.352044458323348,123.29555217288448
5.76533824903471,0.26432497551466205,-0.5417885235021693,0.4180348946773622,0.0,0.14613984703295557,0.4386976741061126,0.0,1.1289364540315843,3.7133108458835515,0.0,-250.43515425252792,-182.09844665277464,0.46239864203620734,3.8811306284893097,309.6410999186653
5.773424277434478,0.26432497551466205,-0.5405659206498387,0.42170991029988086,0.0,0.1460177628182251,0.46109909301276275,0.0,-1.2810288958680527,1.6351474511866897,0.0,-288.999488070002,-259.3531553316787,0.48366678678159397,2.077195758509835,388.3101380149906
5.781510305834247,0.26432497551466205,-0.5394271159481316,0.4254918153997795,0.0,0.12542297496712962,0.4651413715623214,0.0,-3.544779682073518,-0.4809631132794223,0.0,-204.38196364373388,-218.18609922786953,0.481754520672596,3.577259916580939,298.96013272532224
5.789596334234015,0.26432497551466205,-0.5385375731747033,0.42923220298060116,0.0,0.08869138445788849,0.4533209302263259,0.0,-4.586305620715363,-1.893370538395768,0.0,-20.6346175722839,-112.39248479136954,0.46191560642428875,4.961758885946637,114.27098529343588
5.7976823626337834,0.26432497551466205,-0.5379927938410491,0.4328229472318184,0.0,0.051252979968886336,0.43452167567281563,0.0,-3.8784838894892113,-2.298580761166516,0.0,143.30947718236877,-17.892326843693255,0.4375339467803643,4.508448823778773,144.42209529765665
5.805768391033551,0.26432497551466205,-0.537708707071501,0.4362593122002114,0.0,0.025968322700983038,0.41614815159842067,0.0,-2.2686966158104123,-2.1827262643878917,0.0,197.55101580472882,21.082624920830796,0.4169575971998646,3.148218270679201,198.6727986389497
5.813854419433319,0.26432497551466205,-0.5375728326513401,0.43955291877648994,0.0,0.014563489437087185,0.3992225025472962,0.0,-0.6836776410891419,-1.957631353463519,0.0,166.8460584806633,38.05062929739432,0.3994880495893589,2.07358038980615,171.12994366989267
5.821940447833088,0.26432497551466205,-0.537473185493125,0.4427155611870595,0.0,0.014911849056716164,0.3844892261576547,0.0,0.429547318717697,-1.5673693261323152,0.0,102.40818321971875,60.60924112332678,0.38477828456606333,1.6251638389768677,118.99964747808731
5.830026476232856,0.26432497551466205,-0.5373316773814089,0.4457709003807215,0.0,0.021510153073478477,0.3738749167792328,0.0,0.9724733146775113,-0.9774552634402625,0.0,51.72763501935705,78.34444960628363,0.37449317761732687,1.378812220640265,93.88078082763974
5.838112504632624,0.26432497551466205,-0.537125322075854,0.4487618875771353,0.0,0.030638742737714608,0.3686817641182927,0.0,1.2660895703564432,-0.30037843717105517,0.0,35.724684964310114,79.02351790322491,0.3699526669047329,1.301234031864633,86.72352332326284
5.846198533032392,0.26432497551466205,-0.5368361858935882,0.4517332428109956,0.0,0.04198542551858253,0.36901717963194614,0.0,1.5502149490658585,0.3005175565898348,0.0,38.01042645923924,50.06917097291792,0.37139797363406873,1.5790747892756654,62.862663016519754
5.85428456143216,0.26432497551466205,-0.5364463313896147,0.45472965436614765,0.0,0.05570890694549746,0.3735417511127217,0.0,1.8807963460298445,0.5093430397086003,0.0,45.090353344788824,-9.682625532278372,0.3776730360211338,1.9485443868023153,46.118252373179075
5.8623705898319285,0.26432497551466205,-0.5359352582862256,0.45777418122698893,0.0,0.07240177085493826,0.3772543042005623,0.0,2.2794187044689633,0.14392958651318466,0.0,51.52082050802491,-63.952860486426815,0.38413907177060413,2.2839582649770165,82.12407265970492
5.870456618231697,0.26432497551466205,-0.5352754458389616,0.4608306324015488,0.0,0.0925717957040959,0.37586938856094676,0.0,2.713993981644359,-0.5249062525707409,0.0,53.595778260316536,-78.28439012113564,0.3871011942852422,2.7642883182457036,94.87335339265277
5.878542646631465,0.26432497551466205,-0.5344381819480638,0.4638527623280037,0.0,0.11629263567969161,0.3687654904695563,0.0,3.1461726747101766,-1.1220900170429111,0.0,51.11512406924709,-36.914421071747775,0.38666776963509886,3.3402826984314284,63.05101420022377
5.886628675031233,0.26432497551466205,-0.5333947547293819,0.4667943288591312,0.0,0.14345187890065603,0.35772288507113714,0.0,3.5406306714075475,-1.1218883668650932,0.0,45.09185793360464,58.47648324380511,0.38541419805677435,3.714121572999339,73.84290585064623
5.894714703431001,0.26432497551466205,-0.5321182700144823,0.46963787714386795,0.0,0.17355191600387343,0.350622248077876,0.0,3.875400762409024,-0.17640500858688668,0.0,39.291767494428456,150.2321795605347,0.391224013061314,3.8794135892342005,155.2853849154677
5.902800731830769,0.26432497551466205,-0.5305880632860989,0.47246461177022786,0.0,0.2061250801513026,0.3548700532525473,0.0,4.176059367081635,1.307674974106071,0.0,25.951307282425574,173.4000360860802,0.410390427962016,4.376012531436991,175.33123755999895
5.910886760230538,0.26432497551466205,-0.5287848035104664,0.4753768558015227,0.0,0.24108738528655493,0.3717700420344521,0.0,4.295086777802641,2.6278302240389166,0.0,-40.61837794548208,86.56497063285993,0.44309828649928906,5.035202291390833,95.62084902148655
5.918972788630306,0.26432497551466205,-0.5266891843975928,0.47847689800637516,0.0,0.275585467480866,0.3973674728952439,0.0,3.5191766518422494,2.7076085960309086,0.0,-180.33115569725754,-107.07591710843386,0.483578595888817,4.440241954688066,209.72500504165149
5.9270588170300735,0.26432497551466205,-0.5243280196772392,0.4818031051434725,0.0,0.2979997099877494,0.41555764204037615,0.0,1.3787610851408054,0.8961924106991432,0.0,-310.90543287547194,-288.1106900823101,0.5113628662808243,1.644427853964227,423.8749319447772
5.935144845429842,0.26432497551466205,-0.5218699161614259,0.4851973197969333,0.0,0.29788287006275027,0.41186074746438095,0.0,-1.5088036679042354,-1.9517338485337845,0.0,-339.7890768274771,-336.68340972882504,0.5082946778973196,2.4669320063175175,478.3433234800053
5.94323087382961,0.26432497551466205,-0.5195106409829754,0.48846374054496616,0.0,0.2735992513710528,0.3839940913843094,0.0,-4.116327165175296,-4.548670814897104,0.0,-228.24149853914898,-224.22401648495207,0.4714955064142838,6.134700931019927,319.95404548784876
5.951316902229379,0.26432497551466205,-0.5174452535279425,0.4914072940534869,0.0,0.23131339334205947,0.3382993846834701,0.0,-5.199938146290727,-5.577897378948684,0.0,-10.402003598181409,-0.12372290966959554,0.40981991120080147,7.6257652662098145,10.402739361098888
5.959402930629147,0.26432497551466205,-0.515769827647354,0.49393473740931554,0.0,0.18950555631516153,0.29378801814996436,0.0,-4.284548958194071,-4.550671668819685,0.0,171.84416207517305,187.36027415644372,0.34960514224307776,6.250277786831561,254.23274449074435
5.967488959028914,0.26432497551466205,-0.514380558907386,0.4961584505700312,0.0,0.16202342422975136,0.26470566397927797,0.0,-2.4208645965424935,-2.54789638331418,0.0,236.04742023497724,252.88440974685193,0.3103557290301637,3.51459263285211,345.93194315154193
5.975574987428683,0.26432497551466205,-0.5131495756278552,0.49821557244234727,0.0,0.1503551965558927,0.2525832931196774,0.0,-0.46717667077010816,-0.4610106306764976,0.0,239.9405360620756,249.342691559619,0.29394728284939464,0.6563420170220585,346.0393600155212
5.983661015828451,0.26432497551466205,-0.5119490061285786,0.5002432419329766,0.0,0.15446821657463872,0.25725017387478744,0.0,1.4594673811646786,1.4844877871373399,0.0,234.39419336403517,220.34600947134794,0.3000634631046537,2.0817658434232227,321.703282191407
5.9917470442282195,0.26432497551466205,-0.510651506855687,0.502375836865941,0.0,0.17395778594115896,0.27659051393148104,0.0,3.3234595377946583,3.1024375500453942,0.0,226.93660316186083,182.85694610820465,0.326747033171582,4.546482382159855,291.43933261429
5.999833072627988,0.26432497551466205,-0.5091357509336165,0.5047162794344896,0.0,0.20821539299081593,0.30742297015113706,0.0,5.129499017392213,4.441660705789047,0.0,186.83617830980623,132.5124921839562,0.37129844122331945,6.7852862868694155,229.0574559149227
6.007919101027755,0.26432497551466205,-0.507284235693702,0.5073474986007072,0.0,0.2569123354035874,0.3484213031497667,0.0,6.344984825629112,5.245437100292438,0.0,15.371433230546131,-7.724343532756507,0.4328987786666844,8.23246274273914,17.203093982571133
6.016005129427524,0.26432497551466205,-0.5049809500529683,0.5103509685391959,0.0,0.31082684798308335,0.39225247687545917,0.0,5.378086708686638,4.3167421834379915,0.0,-291.08301938912183,-250.9196669901893,0.500475109313172,6.8962366348918795,384.304571218136
6.024091157827292,0.26432497551466205,-0.5022575262532986,0.513691027936496,0.0,0.34388705912930106,0.41823190292928203,0.0,1.6375737026875896,1.187549993606261,0.0,-539.6276762979281,-448.18086423685475,0.5414575090110468,2.0228501227347944,701.472819213115
6.03217718622706,0.26432497551466205,-0.4994195890001036,0.5171146386287466,0.0,0.3373097829163747,0.41145760282434907,0.0,-3.3488027230054627,-2.9312642094658727,0.0,-558.2290084476438,-465.6689246591766,0.532048163771901,4.450481945059927,726.9574769308542
6.040263214626829,0.26432497551466205,-0.49680253328493557,0.5203451436599726,0.0,0.2897300312824136,0.3708273316393509,0.0,-7.39013752907676,-6.3432743057611205,0.0,-298.77055500458016,-270.63550628171083,0.47059154361045363,9.739161237847846,403.1220929173974
6.048349243026596,0.26432497551466205,-0.49473405847767304,0.5231116792988386,0.0,0.21779605903976673,0.3088738104565465,0.0,-8.18053710856873,-7.307996989025101,0.0,119.73921917141968,44.41651142620202,0.3779393524352818,10.969412353279003,127.7118126684263
6.0564352714263645,0.26432497551466205,-0.49328032304742947,0.5253402684665649,0.0,0.15743392051193084,0.2526419892420009,0.0,-5.453708075504107,-5.62496796013906,0.0,421.941861626421,271.91311517841916,0.29768005317103835,7.83474290104083,501.9678045440783
6.064521299826133,0.26432497551466205,-0.49218802817298035,0.5271974198988082,0.0,0.12959838227462228,0.21790650910960352,0.0,-1.356869356243994,-2.91060264582074,0.0,508.2005717192835,337.79132557232873,0.25353301047503235,3.2113396288422504,610.2219274392863
6.072607328225901,0.26432497551466205,-0.49118445064815625,0.5288642649088742,0.0,0.13549055221320216,0.20557155793290605,0.0,2.7649404358971736,-0.16218745659256406,0.0,444.18049510044443,310.82401052591786,0.2462059202578212,2.7696931933221802,542.1327123012334
6.08069335662567,0.26432497551466205,-0.48999686726678787,0.5305219348100684,0.0,0.17431315605128717,0.21528360434941618,0.0,5.826442839766729,2.116060907064199,0.0,202.5407541341504,203.6749033911668,0.27700560765846666,6.198802297821277,287.2389655959503
6.088779385025437,0.26432497551466205,-0.48836544838758855,0.5323458435864216,0.0,0.22971611675715664,0.23979261511322392,0.0,6.0404410159757855,3.1316546496894944,0.0,-143.1576977381344,50.38356022127627,0.3320692586808155,6.80398328278402,151.76504723504036
6.096865413425205,0.26432497551466205,-0.4862818851788223,0.5343998746017887,0.0,0.27199951125589195,0.2659289012207253,0.0,3.5112884206545374,2.9308667047253785,0.0,-365.54336830642575,-52.15500753040163,0.38039704865824914,4.573743107553203,369.24530995437635
6.104951441824974,0.26432497551466205,-0.48396665684211204,0.5366464608816015,0.0,0.28650087253553735,0.2871907579339137,0.0,0.128852901030303,2.2882009055275745,0.0,-368.3457970941107,-96.01854845078165,0.4056615355271929,2.291826008701607,380.6549459595801
6.113037470224742,0.26432497551466205,-0.4816485767950608,0.539044339851398,0.0,0.2740833276901391,0.30293381623366855,0.0,-2.445620731822043,1.3780492853702704,0.0,-210.7870878023893,-145.01830369596223,0.40852241986896415,2.807148125202391,255.8544601742688
6.12112349862451,0.26432497551466205,-0.47953416569890106,0.5415455237642328,0.0,0.24695015515038676,0.3094766492494827,0.0,-3.2800078555188676,-0.05704333881599055,0.0,-22.586039091781515,-201.7938990180745,0.3959295083212256,3.280503844650812,203.05395057169497
6.129209527024278,0.26432497551466205,-0.47765488485931457,0.5440492138011906,0.0,0.22103885434776416,0.3020113081183027,0.0,-2.810883438891013,-1.8853731113497822,0.0,78.20833543137016,-228.85025312357973,0.37425793961210824,3.384626637611972,241.84495464175438
6.137295555424046,0.26432497551466205,-0.47595951279148474,0.5464296677932242,0.0,0.20149238851976747,0.27898628820441473,0.0,-2.0152182127255642,-3.758022630918676,0.0,103.59349979210552,-191.80316464685615,0.34414027901057687,4.264251228457083,217.99097955586598
6.145381583823815,0.26432497551466205,-0.4743963385074985,0.5485609959003244,0.0,0.1884486309481055,0.2412363526771415,0.0,-1.1355634761902884,-4.98722478434963,0.0,120.22174234836119,-62.33818729950576,0.30611740290154277,5.114871988436131,135.4227341662544
6.153467612223583,0.26432497551466205,-0.47291191082799705,0.550330955790832,0.0,0.1831279914833388,0.19833260571985534,0.0,-0.0709853669285998,-4.7661593367064405,0.0,140.97105355075644,100.38896469713515,0.2699475574187501,4.7666879219424425,173.0629428045556
6.161553640623351,0.26432497551466205,-0.4714347822276449,0.5517684420652259,0.0,0.18730065156220022,0.16415775316828274,0.0,1.144228408923075,-3.3637287452208753,0.0,152.864380901658,193.6627735811341,0.24905682484301364,3.5530169888718284,246.72411479136935
6.169639669023119,0.26432497551466205,-0.4698828740523431,0.5529857242991537,0.0,0.20163251830408413,0.14393419339391045,0.0,2.4011460836388867,-1.6342339623967312,0.0,151.37222369069832,212.41904437258881,0.24773519020438423,2.904517715357454,260.8359647694901
6.177725697422887,0.26432497551466205,-0.46817396968899777,0.5540961540161876,0.0,0.2261321224107924,0.13772882870467384,0.0,3.592228608321083,0.07152410567574741,0.0,100.54500370392262,191.312713651837,0.26477342586137864,3.5929405884502374,216.12462186121135
6.1858117258226555,0.26432497551466205,-0.4662258525245159,0.5552130827398994,0.0,0.25972624339477335,0.14509088529343472,0.0,4.027165594448352,1.459686109254278,0.0,-48.53061991295053,128.69800661633127,0.2975047671940631,4.283543657143982,137.54416736507775
6.193897754222424,0.26432497551466205,-0.4639736621284872,0.5564425720542482,0.0,0.2912596731453512,0.16133495537302878,0.0,2.8073886665721197,2.1528355786622075,0.0,-231.85000026802945,51.70024515573378,0.332958203121584,3.53781460141023,237.54439158491667
6.201983782622192,0.26432497551466205,-0.4615155845469948,0.5578222008019428,0.0,0.3051274923689533,0.1799066645516234,0.0,0.27767422114117934,2.295785410462777,0.0,-321.4880122407934,5.928815736583033,0.3542163103944481,2.312516729448698,321.54267659297557
6.21006981102196,0.26432497551466205,-0.4590391229907965,0.559352032851992,0.0,0.29575023642141574,0.19846252743057846,0.0,-2.3917337277558417,2.248716723508231,0.0,-253.20395020831504,-22.033540744453703,0.35616790582175767,3.282851980682414,254.1608099586409
6.218155839421728,0.26432497551466205,-0.45673269492511154,0.5610317480681296,0.0,0.2664482386743181,0.21627303913026452,0.0,-3.8171544434943936,1.9394577380485565,0.0,-47.994451163798345,-65.0579790685574,0.34317443282868165,4.281607684406106,80.84558109754099
6.226241867821496,0.26432497551466205,-0.4547301069408189,0.562849612725015,0.0,0.23401899794862047,0.2298275481306007,0.0,-3.167902718039379,1.1965953907484508,0.0,157.1002596385182,-107.92245942390835,0.32800242877241015,3.3863620834343338,190.59839670520572
6.234327896221265,0.26432497551466205,-0.45294812639811577,0.564748532230596,0.0,0.21521673598277857,0.23562444775551228,0.0,-1.2765201213983133,0.19412959429941523,0.0,244.27448525320776,-125.59797904956234,0.3191192940377801,1.2911970878675416,274.6723074630093
6.242413924621033,0.26432497551466205,-0.45124960966229455,0.5666601446774766,0.0,0.21337504203961544,0.23296702295608185,0.0,0.7825181321530881,-0.8345822603480926,0.0,221.03773648886443,-112.51781662069965,0.3159154037878293,1.144055145714615,248.02810326495273
6.250499953020801,0.26432497551466205,-0.4494974130986476,0.5685160881582607,0.0,0.22787166366262568,0.2221275360372772,0.0,2.2981147079406288,-1.6255149270503946,0.0,108.17484845578372,-63.13543215549753,0.31822340794851134,2.814894312210796,125.25126998115908
6.258585981420569,0.26432497551466205,-0.4475644561745379,0.5702524038070124,0.0,0.25054028362827907,0.20667910322733007,0.0,2.5319279256613427,-1.8556120552301003,0.0,-38.65515085528564,1.1090294509178165,0.3247871386483644,3.139101005106243,38.67105679921217
6.266672009820337,0.26432497551466205,-0.4454456614012393,0.5718585143549302,0.0,0.2688181458887513,0.19211847248219271,0.0,1.6729814127142042,-1.6075796397777413,0.0,-125.60216003764965,39.25716163908113,0.33041292805814515,2.320167904595516,131.59417671796993
6.274758038220106,0.26432497551466205,-0.44321711385047885,0.5733593546562347,0.0,0.27759583405926236,0.18068123398306568,0.0,0.500682659387973,-1.2207430074142867,0.0,-132.46911206156574,45.031064785816056,0.33121768582112404,1.3194304133082162,139.91376789338503
6.282844066619874,0.26432497551466205,-0.44095636580551817,0.5747805015335147,0.0,0.2769152142949167,0.1723765472286516,0.0,-0.4693165917296298,-0.879334702317907,0.0,-83.82461007889438,33.89980122195545,0.3261835525321153,0.9967384722048398,90.41991914266885
6.290930095019642,0.26432497551466205,-0.4387388252762456,0.5761470379689244,0.0,0.2700060194808458,0.1664605832313768,0.0,-0.854933696006924,-0.6725134965598194,0.0,-11.431751227797207,17.22724382384984,0.3171945401888579,1.0877435486470024,20.675175111727963
6.29901612341941,0.26432497551466205,-0.43658981312225736,0.5774725115404163,0.0,0.2630891780032556,0.16150062076383165,0.0,-0.6541915219037939,-0.60073473669914,0.0,37.82406535788742,5.883704794416694,0.30870433441973516,0.8881715888316779,38.27894855276959
6.307102151819178,0.26432497551466205,-0.43448413214623377,0.5787588351810774,0.0,0.25942639703084325,0.15674546694802416,0.0,-0.24324076264979055,-0.5773618884328169,0.0,50.44686267099241,3.7553499425637114,0.3031026177471235,0.6265084347629808,50.58644686610318
6.3151881802189465,0.26432497551466205,-0.4323943546941754,0.5800074081349696,0.0,0.25915547457372057,0.15216349151020836,0.0,0.16163800656992322,-0.5400030041258628,0.0,45.48577423076411,9.629763801106222,0.30052502083871085,0.5636755180357358,46.49395668511274
6.323274208618715,0.26432497551466205,-0.43029305509151666,0.5812196318085964,0.0,0.2620404160540559,0.14801250769338026,0.0,0.4923577617810295,-0.4216288012752045,0.0,33.90095944374122,22.285642156191024,0.3009532888663383,0.6482183364043252,40.569999969435365
6.331360237018483,0.26432497551466205,-0.428156622201975,0.5824010748164289,0.0,0.26711791226293613,0.1453448865876652,0.0,0.7098862482528965,-0.17959833336179187,0.0,21.6339762267659,33.071725454655336,0.3041005016584006,0.7322527205855274,39.51920991022429
6.339446265418251,0.26432497551466205,-0.425973209042227,0.5835701575700142,0.0,0.27352073678201094,0.1451080332451511,0.0,0.8422236541201045,0.11320902123613052,0.0,-5.2323761345768105,20.94468116480689,0.30962870468038006,0.8497981913658466,21.5883632799966
6.347532293818019,0.26432497551466205,-0.4237332293108854,0.5847477701721383,0.0,0.28073840103527914,0.147175709309316,0.0,0.6252679642079464,0.15912024008360603,0.0,-77.35690019794654,-32.34304117314174,0.31697750586839046,0.6451970845168274,83.84606323830955
6.355618322217787,0.26432497551466205,-0.42143309167487336,0.5859502915004765,0.0,0.28363260581411254,0.14768133480573908,0.0,-0.40879652971717917,-0.409844477685672,0.0,-171.6668372657418,-103.31144905486993,0.3197768467711641,0.5788670819784537,200.35657843614635
6.363704350617556,0.26432497551466205,-0.41914630669945896,0.5871360811068481,0.0,0.2741273203372394,0.14054768113720684,0.0,-2.1509378786504545,-1.5116383820741932,0.0,-219.2119548089657,-140.91606567133698,0.3080575245442342,2.6289892270553716,260.59781022766975
6.371790379017324,0.26432497551466205,-0.41699988908007474,0.5882232365828706,0.0,0.24884751626830237,0.12323503303047545,0.0,-3.9539047140252457,-2.688747095689778,0.0,-155.86767093045498,-108.16971642443895,0.27769040264100847,4.781498032224971,189.72458563040306
6.3798764074170915,0.26432497551466205,-0.4151219305319445,0.5891290450607097,0.0,0.21018454872207215,0.09706511038612575,0.0,-4.671638706149249,-3.2609651800799684,0.0,33.40346055001788,-2.583044442478041,0.23151496749837125,5.697201252061034,33.5031833608154
6.38796243581686,0.26432497551466205,-0.41360077261975664,0.5897929790612882,0.0,0.17329750976554692,0.07049851891691361,0.0,-3.4137020527090858,-2.730520237129137,0.0,235.42053557232146,110.16690202180752,0.1870883963810109,4.37139594066266,259.92224774005246
6.396048464216628,0.26432497551466205,-0.41231935336079784,0.5902691511129172,0.0,0.15497796522896579,0.05290698201898891,0.0,-0.8644044330963148,-1.4793397831543023,0.0,330.9270274204995,163.47106872002647,0.16375994153903495,1.7133713018431176,369.10091815902547
6.404134492616397,0.26432497551466205,-0.4110944601633972,0.5906485937795913,0.0,0.159318312175742,0.04657455191792792,0.0,1.9380686312370727,-0.08685682870790101,0.0,343.2981429711967,170.8673296429642,0.16598648583810352,1.9400139504854945,383.4700240002986
6.412220521016165,0.26432497551466205,-0.4097428485670854,0.591022357411947,0.0,0.18632052121473208,0.05150232845169711,0.0,4.687432634209351,1.2839363770168761,0.0,268.9881096413881,140.49475793908604,0.19330759545779858,4.860094373618484,303.46891131845746
6.420306549415932,0.26432497551466205,-0.40808127411139344,0.5914814923606205,0.0,0.23512373898017103,0.06733844393403388,0.0,6.288159618757495,2.185232376720086,0.0,7.039456615071913,33.42511039666482,0.24457644748313895,6.6570407788474695,34.15833652953127
6.428392577815701,0.26432497551466205,-0.40594041410537884,0.5921113585520406,0.0,0.2880129957338262,0.08684203056819939,0.0,4.801275126425823,1.8244891608823561,0.0,-367.827186836229,-119.82023484574229,0.30082058437676945,5.136244108082531,386.8510411700386
6.436478606215469,0.26432497551466205,-0.40342351158538126,0.5928859066115565,0.0,0.31277023303493223,0.09684418627396241,0.0,0.33963746082820023,0.24749273306091446,0.0,-575.8617824451627,-210.870571875273,0.3274202423305434,0.4202454731651351,613.25621934386
6.444564634615237,0.26432497551466205,-0.4008822761315336,0.593677528233168,0.0,0.2935056320415903,0.09084449710473308,0.0,-4.511594327959797,-1.585721704835346,0.0,-433.1821973883806,-184.55140606639486,0.30724302871561665,4.7821539817601995,470.8567060320043
6.452650663015006,0.26432497551466205,-0.3986769218330207,0.5943550489786597,0.0,0.23980847330669874,0.07119980479510701,0.0,-6.665809639884811,-2.7370830882791863,0.0,-31.67001254695049,-82.5764477877946,0.2501549841049564,7.205875518445015,88.44127669801227
6.460736691414773,0.26432497551466205,-0.3970040798802076,0.5948289755204302,0.0,0.18570577993047976,0.04658023393603372,0.0,-5.023763569711509,-2.9211527087635702,0.0,320.91760912158946,7.263283419802036,0.19145849391741127,5.811310829088156,320.9997930378673
6.468822719814542,0.26432497551466205,-0.39567367741198295,0.595108347167609,0.0,0.15856388350988837,0.023958757268864872,0.0,-1.475911837199023,-2.6196208562629675,0.0,446.6319736437464,42.60400306948142,0.16036373406604698,3.0067805343510057,448.65935960197305
6.47690874821431,0.26432497551466205,-0.39443977574973055,0.5952164379038287,0.0,0.1618372498681886,0.004215576655298037,0.0,2.199194076544339,-2.2321583512362806,0.0,388.6920617456662,71.92589741063462,0.16189214474901248,3.1335260476500877,395.29084682347747
6.484994776614078,0.26432497551466205,-0.39305643621483377,0.5951765217127213,0.0,0.1941293750289681,-0.012139834372888458,0.0,4.810038262880919,-1.4564311579805347,0.0,174.75923095434482,149.97301844326293,0.19450858548593403,5.025699932180095,230.28828685961716
6.493080805013847,0.26432497551466205,-0.3913003044703035,0.5950201118128133,0.0,0.2396254618634437,-0.01933791075617819,0.0,5.025410285781357,0.1932138214261332,0.0,-93.96619850901851,248.00961264110433,0.2404044857436787,5.029123196067794,265.2139031510733
6.501166833413614,0.26432497551466205,-0.38918119963496317,0.5948637879215881,0.0,0.2754005956115968,-0.009015169478331586,0.0,3.2904115633568285,2.554394384482203,0.0,-243.4020715443495,290.0910080075034,0.27554811076098,4.16554185283818,378.6784405784016
6.5092528618133825,0.26432497551466205,-0.38684651039544676,0.5948743179799524,0.0,0.29283818455989774,0.021971900318085602,0.0,1.0890981596414058,4.884582079958074,0.0,-242.57754330672762,194.81635539185282,0.2936613129779349,5.004525641575018,311.12260741529536
6.517338890213151,0.26432497551466205,-0.3844454038811873,0.5952191187415259,0.0,0.2930135529095885,0.06997856936074953,0.0,-0.6325662452916454,5.704975549357976,0.0,-160.26833703096742,-62.22068805960308,0.30125394994668114,5.7399378109396535,171.92252289122038
6.525424918612919,0.26432497551466205,-0.3821078785747588,0.5960060153784047,0.0,0.2826082873115716,0.11423308894227091,0.0,-1.5027704899906915,3.878345578551918,0.0,-74.42801511456139,-329.08149357846,0.3048223132686854,4.159312872610099,337.39318139186423
6.5335109470126875,0.26432497551466205,-0.37987504660676474,0.5970665027442869,0.0,0.26871066318879144,0.13269939434532319,0.0,-1.8362203332011084,0.38305094353074676,0.0,-34.71228941497125,-449.10989607205147,0.29969075689946745,1.875748687164937,450.44937760671576
6.541596975412455,0.26432497551466205,-0.37776227446702865,0.5981520375210212,0.0,0.25291282778658086,0.12042781055816931,0.0,-2.064139606051544,-3.384685169958896,0.0,-15.693165103341443,-406.4902654995517,0.2801209667533636,3.964437666682414,406.79308177113427
6.549683003812223,0.26432497551466205,-0.375784925990469,0.5990140681368772,0.0,0.23532928023755417,0.07796207352819806,0.0,-2.0900110906168177,-6.190732718586292,0.0,33.035169770091585,-174.54327304057674,0.24790715005005698,6.534012392999888,177.64198998394522
6.557769032211992,0.26432497551466205,-0.37395651598043284,0.5994128446023288,0.0,0.21911304971746404,0.020310929402441502,0.0,-1.529892964147285,-6.207408895548147,0.0,106.63474503571342,175.79834453528719,0.2200524083251052,6.393160226232221,205.61134888468376
6.56585506061176,0.26432497551466205,-0.37224141730491844,0.5993425376408249,0.0,0.21058776432415272,-0.02242449570855598,0.0,-0.3655079370951455,-3.3477119054971043,0.0,156.99160810782553,417.0433236378148,0.21177833810573718,3.3676061311095458,445.6136205359484
6.573941089011528,0.26432497551466205,-0.37055087869449516,0.5990501943840291,0.0,0.21320203459807985,-0.03382845768174292,0.0,1.0089842392230768,0.5370394221901631,0.0,150.25651136223513,424.7818491945851,0.21586910873463647,1.1430050463523402,450.573677229286
6.582027117411296,0.26432497551466205,-0.3687935018916217,0.598795461901755,0.0,0.22690511475070352,-0.013739463669310226,0.0,2.064448899155055,3.5218842870896836,0.0,73.64941285046132,205.29819835341718,0.22732070728807402,4.082354490838801,218.10911549125296
6.590113145811064,0.26432497551466205,-0.36688135629064156,0.5988279989971739,0.0,0.24658841945495524,0.02312765505046599,0.0,2.200046727093099,3.857133546803705,0.0,-40.01530691801652,-122.10304222626232,0.24767062207178772,4.44045997609162,128.49271461313074
6.598199174210833,0.26432497551466205,-0.36480565996608816,0.5991694836528711,0.0,0.2624843953828879,0.048638319132997765,0.0,1.4173190828259976,1.5472269528103408,0.0,-116.91587775798773,-343.4900484773637,0.2669526997570985,2.098262287238061,362.8425772630638
6.606285202610601,0.26432497551466205,-0.3626364437395175,0.5996145806568267,0.0,0.26950938416548453,0.04814949721308892,0.0,0.3092765112232314,-1.6978070272478367,0.0,-127.73056248497024,-365.0210693179309,0.27377670141035004,1.7257464072587694,386.7240329210645
6.614371231010369,0.26432497551466205,-0.36044713889735575,0.5999481600566704,0.0,0.2674860326891526,0.021181287453693187,0.0,-0.6483468287177132,-4.355914513226862,0.0,-81.82828677303664,-188.88793992628564,0.26832335832345716,4.403901095261873,205.85072835869786
6.622457259410137,0.26432497551466205,-0.35831064442578603,0.5999571256406152,0.0,0.25902428242566344,-0.022294599708736484,0.0,-1.0140551902790875,-4.752513520483286,0.0,-0.2044684520493476,122.96927595919502,0.25998197641817916,4.859495106624596,122.96944595010802
6.630543287809905,0.26432497551466205,-0.35625818348950894,0.5995876105238578,0.0,0.25108667455409517,-0.055676631140123334,0.0,-0.6516535041378884,-2.3672483978166605,0.0,64.77423810323185,371.0377799533289,0.2571855466268419,2.4553039051043632,376.64935427337326
6.6386293162096734,0.26432497551466205,-0.35425005646329044,0.5990567199994102,0.0,0.24848570494312838,-0.060577875256839775,0.0,0.03347746747309266,1.2479305316959497,0.0,80.12917400556921,413.9696132414523,0.25576321966169546,1.2483794906867653,421.65332349465996
6.646715344609442,0.26432497551466205,-0.35223965855529576,0.5986079416844089,0.0,0.25162807405957466,-0.0354950276996604,0.0,0.644200049180137,4.327491700806349,0.0,52.94508675741943,238.2663673777953,0.25411923312951035,4.37517749627504,244.07794663828435
6.65480137300921,0.26432497551466205,-0.35018071295724096,0.5984826923953502,0.0,0.2589037447287339,0.0094065663281242,0.0,0.8897084177704784,5.101187758348934,0.0,2.578656220857262,-79.73383852117942,0.2590745694286624,5.178194435764331,79.77552552773865
6.662887401408978,0.26432497551466205,-0.34805265248993017,0.5987600652093559,0.0,0.266016489126784,0.04700167047345616,0.0,0.6859022240503663,3.0380315353971303,0.0,-37.572909191249884,-333.19336246871677,0.27013687181618834,3.114497948470136,335.30514505194157
6.670973429808746,0.26432497551466205,-0.3458786791854695,0.59924280607992,0.0,0.269996194455004,0.058537784877344734,0.0,0.282077196205762,-0.28723422472361726,0.0,-54.210294194878976,-396.7381034881806,0.27626910301105084,0.40258048198078533,400.4246230641838
6.679059458208514,0.26432497551466205,-0.3436862586975451,0.5997067415913113,0.0,0.27057825756567766,0.04235650227645493,0.0,-0.1907897327888115,-3.378039608754199,0.0,-74.21584629558072,-281.5709227927614,0.2738734502509754,3.3834231660331593,291.18752789866613
6.687145486608283,0.26432497551466205,-0.34150287223539766,0.5999277978405645,0.0,0.26691073205957494,0.003907936453487082,0.0,-0.9181456855120551,-4.840815181226119,0.0,-113.27974942975655,-31.669383124237413,0.26693933928123575,4.92711712044819,117.62334571987894
6.695231515008051,0.26432497551466205,-0.3393697631782717,0.5997699409616061,0.0,0.25572995338932714,-0.03592943579039343,0.0,-2.02275627480412,-3.8901986714456553,0.0,-147.6294227380283,196.06916795907344,0.25824161828939085,4.384653766328304,245.43342291164586
6.7033175434078185,0.26432497551466205,-0.3373671929038428,0.599346744964187,0.0,0.23419860269182635,-0.05900457742261267,0.0,-3.3056170953141137,-1.6699734603543943,0.0,-127.71232335583407,256.1693780998392,0.24151713326309798,3.703500471057206,286.2397383540648
6.711403571807587,0.26432497551466205,-0.33558229007316764,0.598815715584095,0.0,0.20227132596638953,-0.06293634144495996,0.0,-4.088127222115299,0.25258706148667764,0.0,-8.252792060543186,159.49126892631017,0.21183642836556227,4.095922900620888,159.70464439245077
6.719489600207355,0.26432497551466205,-0.33409604953139677,0.5983289348755841,0.0,0.1680851770520455,-0.05491972511742205,0.0,-3.439081717271984,0.9093283997520771,0.0,166.48677473544703,4.981942923868781,0.17682987007740145,3.5572687833041368,166.56129777684902
6.7275756286071235,0.26432497551466205,-0.3328640070427218,0.5979275506700811,0.0,0.14665430109641875,-0.04823063091473756,0.0,-1.3956936447219768,0.33315532542353354,0.0,282.58384119944265,-97.67414017832755,0.15438159795944817,1.4349053002813028,298.9880682679618
6.735661657006892,0.26432497551466205,-0.33172434784416915,0.5975489463729535,0.0,0.1455139401548493,-0.049531918271604525,0.0,1.1308802132366633,-0.670263343057746,0.0,305.0305108791547,-120.10799031651916,0.15371310193686802,1.3145885309621208,327.8254747652647
6.743747685406659,0.26432497551466205,-0.33051074733741326,0.5971265176744026,0.0,0.16494296013835097,-0.059070167769313286,0.0,3.5372771028071543,-1.6092379160533192,0.0,238.55822515285476,-81.88462422565651,0.17520121238021288,3.886126088086619,252.2203767990547
6.751833713806428,0.26432497551466205,-0.32905688092412816,0.59659366026463,0.0,0.20271898637714614,-0.07555660525398622,0.0,4.98885738040498,-1.9945061370436488,0.0,73.94555851893912,13.575674634657986,0.21634183145033292,5.37277886132735,75.18141104331539
6.759919742206196,0.26432497551466205,-0.32723236437537756,0.595904611962655,0.0,0.2456230450590482,-0.09132543430460771,0.0,4.733128875248903,-1.3896913347696005,0.0,-99.6731460454397,114.13154801984122,0.2620515506823122,4.932925192585903,151.52803798637686
6.768005770605964,0.26432497551466205,-0.3250846510881581,0.5951167401538136,0.0,0.2792634153871987,-0.09803077245370417,0.0,3.3769376011696117,-0.14876425984772546,0.0,-183.06098756020523,153.60292462408512,0.2959697408884783,3.3802127695163233,238.96690904723604
6.776091799005733,0.26432497551466205,-0.3227161005597032,0.5943192527424312,0.0,0.3002350717536544,-0.09373125836460616,0.0,1.7726561866459818,1.0943838868260594,0.0,-206.68841718813636,127.69573910247729,0.3145260674499565,2.0832633169618253,242.9532950685482
6.7841778274055,0.26432497551466205,-0.32022923245454527,0.5936009129196491,0.0,0.3079309119236875,-0.08033233407545737,0.0,0.03436077859693043,1.9163384859762904,0.0,-224.9566938655907,70.26345326565382,0.31823690926126824,1.9166465130377297,235.67449369787943
6.792263855805269,0.26432497551466205,-0.3177362243617405,0.5930201136729236,0.0,0.3007907562167986,-0.06274012352226066,0.0,-1.8653562439841593,2.2306884439696875,0.0,-238.68579572351848,24.949848691776296,0.3072643847325331,2.907838518733562,239.98625800222754
6.800349884205037,0.26432497551466205,-0.3153648272602316,0.5925862760784372,0.0,0.27776426479460525,-0.04425751385750942,0.0,-3.8256794670864256,2.319828856159543,0.0,-212.14062042561125,-2.5646325279680298,0.2812680471182875,4.474084186373472,212.1561221708362
6.808435912604805,0.26432497551466205,-0.3132442048946006,0.5923043786450137,0.0,0.23892165057825565,-0.025223719495244268,0.0,-5.296106406996101,2.189213061057449,0.0,-80.29535811039389,-57.72777226173446,0.240249435254722,5.730741391908177,98.89307470383898
6.816521941004574,0.26432497551466205,-0.31150097275644095,0.5921783566540645,0.0,0.19211533116427404,-0.008853435887800742,0.0,-5.124220559186856,1.386252044232054,0.0,138.13376302630357,-147.1503091741569,0.19231922367610077,5.3084207698081745,201.8270298494653
6.824607969404342,0.26432497551466205,-0.3101373048469502,0.5921612003769651,0.0,0.15605246464173206,-0.0028051726974496205,0.0,-3.062199345400977,-0.1905100969764033,0.0,303.6008392433809,-214.89075355179688,0.1560776752601779,3.068119770808195,371.9563221015934
6.8326939978041095,0.26432497551466205,-0.3089772834345473,0.5921329912418688,0.0,0.14259326941894557,-0.011934375996986546,0.0,-0.2143705425562441,-2.088973427902623,0.0,352.5831509805672,-234.3258655936488,0.14309182301592724,2.099943978300158,423.3479533924762
6.840780026203878,0.26432497551466205,-0.3078312783946755,0.5919681969704748,0.0,0.15258565205136776,-0.036588169626213585,0.0,2.6397953988160694,-3.980041304957287,0.0,294.7565831338638,-197.41685298980252,0.1569110428508384,4.775902902779389,354.76028123952614
6.848866054603646,0.26432497551466205,-0.30650965960277826,0.5915412852844826,0.0,0.1852841905477547,-0.07629983004525798,0.0,4.552449661921964,-5.281609987639497,0.0,82.49334261953945,-64.51461484813785,0.20037937850954604,6.972818797722101,104.72481609221519
6.8569520830034145,0.26432497551466205,-0.304834851941081,0.5907342717851879,0.0,0.22620812656100142,-0.12200266633931989,0.0,3.9738824212429034,-5.023375320681606,0.0,-217.92427457086478,123.5907728619504,0.2570112198254027,6.405157383725742,250.5307737262069
6.865038111403183,0.26432497551466205,-0.3028514089315169,0.5895682512347482,0.0,0.24955004277877535,-0.15753814105671182,0.0,1.0281659155641059,-3.2828929890173955,0.0,-393.9925813991407,238.4348616074364,0.29511606147157265,3.440132486877118,460.5228956602656
6.87312413980295,0.26432497551466205,-0.30079911447493607,0.5881865560199255,0.0,0.2428356841468542,-0.1750937982245091,0.0,-2.3977879837396863,-1.1673931957767252,0.0,-333.8836432381765,226.81699576162455,0.29937770069221226,2.666869717198841,403.63874540029815
6.881210168202719,0.26432497551466205,-0.29892425645453985,0.586736624384615,0.0,0.2107728793124899,-0.17641729012620289,0.0,-4.371419327319478,0.3852043495396096,0.0,-111.36376663415103,140.0265656486464,0.2748604498816632,4.388358386249522,178.91150775257674
6.889296196602487,0.26432497551466205,-0.2973904834988926,0.5853335255835843,0.0,0.17214084249085104,-0.16886425160432594,0.0,-4.198769143157527,1.0971243773372397,0.0,90.85205040682308,60.74705804869669,0.2411381453095903,4.339740109370539,109.28998181304473
6.897382225002255,0.26432497551466205,-0.2961403849722577,0.5840057421162587,0.0,0.1428701462412043,-0.1586745323797487,0.0,-2.902154807785963,1.3676092227078858,0.0,163.94501788759757,25.615014561923587,0.21351694525942205,3.2082483560957136,165.93401658843868
6.905468253402024,0.26432497551466205,-0.2950799793789217,0.5827674320332991,0.0,0.12520703009828793,-0.14674719757512378,0.0,-1.547441001878238,1.5113718477536278,0.0,148.95780811720502,1.4226583995529012,0.1929029299471265,2.163057677565751,148.96460168779657
6.913554281801791,0.26432497551466205,-0.2941155297698069,0.581632538101901,0.0,0.11784484246489768,-0.1342325410126577,0.0,-0.4932006741801329,1.3906165351518212,0.0,107.27588536654021,-35.271482823432244,0.17862189664845513,1.4754867850473599,112.92560861796916
6.92164031020156,0.26432497551466205,-0.293174185893047,0.5805966157556964,0.0,0.11723096078187822,-0.12425806798227512,0.0,0.18743070948990237,0.9409594241291934,0.0,73.78238181521368,-64.7570551832647,0.17083080993933727,0.9594451045877672,98.16983275087294
6.929726338601328,0.26432497551466205,-0.2922196640133781,0.5796230295686909,0.0,0.12087598254474585,-0.11901529175958103,0.0,0.7000121953406069,0.3433617605573316,0.0,62.13775507241367,-74.60740179436453,0.16963384930129924,0.7796886380078949,97.0946188413396
6.937812367001096,0.26432497551466205,-0.2912193726376336,0.5786718936973471,0.0,0.1285515977652949,-0.11870520208775304,0.0,1.1923260139166763,-0.2655957153551265,0.0,53.611068618933054,-74.04629229294085,0.17497553626351445,1.2215491834050038,91.41662912619115
6.945898395400865,0.26432497551466205,-0.2901407202726466,0.5777033222981274,0.0,0.14015834656537152,-0.12331052075401772,0.0,1.567013442129852,-0.8541190841992048,0.0,27.460943270032516,-69.50348128246279,0.18668113627403768,1.784670988672404,74.73176911904066
6.953984423800632,0.26432497551466205,-0.28895272389604937,0.5766777089517326,0.0,0.15389342815705476,-0.13251806443098957,0.0,1.6364259482485064,-1.3896099624205949,0.0,-9.03987007344567,-63.162544306338646,0.20308674164126636,2.1468362144699324,63.80616156920091
6.9620704522004,0.26432497551466205,-0.2876519470114154,0.5755602326331849,0.0,0.1666227199486805,-0.14578337199548486,0.0,1.4208201498416333,-1.8755873383245056,0.0,-32.684312975192114,-58.110959066662076,0.2213953982210794,2.3529891121463367,66.6719422119049
6.970156480600169,0.26432497551466205,-0.286258091804946,0.5743200919793937,0.0,0.1768710123222199,-0.16285016939886532,0.0,1.107853382359865,-2.3293836931222067,0.0,-44.51721362115835,-29.729101888745717,0.2404236524827081,2.579412240528808,53.53131614021152
6.978242508999937,0.26432497551466205,-0.2847915789539489,0.5729266104438523,0.0,0.1845389877737631,-0.18345429738857177,0.0,0.7008852426031513,-2.3563680626685155,0.0,-66.43840791340816,71.92145068465113,0.2602116777527473,2.458395934357005,97.911986572907
6.9863285373997055,0.26432497551466205,-0.28327371681293967,0.5713532586619066,0.0,0.18820576827555513,-0.20095748754895482,0.0,0.033407675913439405,-1.1662659075449504,0.0,-98.93150355531131,223.7275074406224,0.27532766481808596,1.166744290713087,244.6251008815496
6.994414565799473,0.26432497551466205,-0.28174790457939636,0.5696767145409185,0.0,0.18507925860617647,-0.20231521588875268,0.0,-0.8990406521567937,1.261765895279666,0.0,-118.58039022129837,319.3232715168252,0.2742002526372369,1.5492989604080323,340.6298000428668
7.002500594199241,0.26432497551466205,-0.28028060453034465,0.5680814054991433,0.0,0.17366643178378283,-0.18055213782277235,0.0,-1.8842811300565252,3.9978481768387777,0.0,-96.33423671812571,255.42233500906076,0.25051767203310166,4.419649920767507,272.9850808845508
7.01058662259901,0.26432497551466205,-0.2789393611804161,0.5667568151127709,0.0,0.15460655714460714,-0.1376617880969917,0.0,-2.456963400102337,5.392470404916489,0.0,-18.100162000392046,0.29543992319443646,0.2070119692533978,5.9258253616979495,18.10257299912511
7.018672650998778,0.26432497551466205,-0.2777802985066212,0.5658551312429131,0.0,0.133932280122945,-0.09334480014464219,0.0,-2.176997978007681,4.002626048057529,0.0,73.61919219775729,-299.2297676283119,0.16325166882140654,4.55635111430607,308.1529478923475
7.026758679398546,0.26432497551466205,-0.2767734007389764,0.5652472377028903,0.0,0.11940002219179036,-0.07293109230050021,0.0,-1.2663896423441967,0.5533096067192602,0.0,122.00105166771755,-457.2289859865316,0.1399117919388645,1.3819892355313355,473.2257413056701
7.034844707798314,0.26432497551466205,-0.2758493545658697,0.5646756854757773,0.0,0.11345215489660987,-0.08439664575704597,0.0,-0.20399004083426586,-3.391707083710773,0.0,125.73275343933588,-462.3275415570696,0.14140079655265264,3.39783591105477,479.1194850657201
7.042930736198082,0.26432497551466205,-0.27493864604595863,0.5638823703540169,0.0,0.11610108366487992,-0.12778197190566232,0.0,0.7669675878387654,-6.9234776553313795,0.0,86.34859506663383,-284.6937425868695,0.17264904857038432,6.9658296077831325,297.5005998953619
7.0510167645978505,0.26432497551466205,-0.2739717612463535,0.5626091881681622,0.0,0.12585559829054205,-0.19636351964938825,0.0,1.1924443431435314,-7.995790459298309,0.0,-3.1996068266828246,119.06014041500555,0.23323435310898344,8.084218489161515,119.10312556556269
7.059102792997619,0.26432497551466205,-0.2729033021618643,0.5607067683608901,0.0,0.13538536131248335,-0.25709034937062825,0.0,0.7152233645014654,-4.998030301979094,0.0,-92.15300562430551,519.7747238257773,0.29055919155522053,5.048945569188683,527.8806114774026
7.067188821397387,0.26432497551466205,-0.2717823014933822,0.5584515084355276,0.0,0.13742223116561547,-0.2771919495787998,0.0,-0.2978592980607626,0.4100358973756659,0.0,-123.2519518237286,637.1408579332419,0.30938688810263393,0.5068033135032938,648.9526303793415
7.075274849797155,0.26432497551466205,-0.270680902033935,0.5562240044079276,0.0,0.1305683638259758,-0.2504592255484255,0.0,-1.2780142010455293,5.305847841822331,0.0,-95.25353350107096,410.53767363278575,0.28244985624798863,5.4575948565869865,421.44325491845206
7.083360878196923,0.26432497551466205,-0.26967074249736606,0.5544010676139909,0.0,0.11675411291569304,-0.19138547691115093,0.0,-1.838304852196524,7.0492744737140285,0.0,-38.408625082665935,-16.259924898716065,0.22418725132183384,7.285028162976824,41.7086038899971
7.091446906596691,0.26432497551466205,-0.2687927478882829,0.553128907604714,0.0,0.10083919334138969,-0.136457958363998,0.0,-1.8991606674745132,5.042891412804094,0.0,5.7563476362417845,-347.8552219994285,0.16967415040191824,5.388651504988563,347.9028470857647
7.09953293499646,0.26432497551466205,-0.26803996533502966,0.5521942617605795,0.0,0.08604077872984917,-0.1098315505493872,0.0,-1.745212871265343,1.4237400655238206,0.0,21.196960202337877,-443.0623718785329,0.13952055440157002,2.252288556159711,443.56913384099533
7.107618963396228,0.26432497551466205,-0.2674012915275874,0.5513527055308481,0.0,0.07261551166000402,-0.11343315315657065,0.0,-1.5563622231047858,-2.1223384309529942,0.0,32.66276638479793,-344.5441219344324,0.1346851616499984,2.631840379849752,346.0888733656095
7.115704991795996,0.26432497551466205,-0.2668656231559367,0.550359814364781,0.0,0.06087120045714656,-0.14415412820259377,0.0,-1.2169887580604382,-4.148247044346181,0.0,59.59948476067224,-72.50305286750884,0.15647912232289635,4.32307936292781,93.85516106664771
7.123791020195764,0.26432497551466205,-0.26641687901633854,0.5490214367816681,0.0,0.05293430034025448,-0.1805188399762443,0.0,-0.5925159703320939,-3.294861920065779,0.0,89.27563516783701,227.20426744846364,0.18811988661191872,3.3477141824531755,244.11455954410775
7.131877048595532,0.26432497551466205,-0.2660095666441904,0.5474404534312987,0.0,0.05128899853030333,-0.19743882232052812,0.0,0.22678188468853877,-0.4738867260724984,0.0,102.85830569688031,370.36609860233415,0.20399178887778432,0.5253557388766176,384.3837640233349
7.139963076995301,0.26432497551466205,-0.26558743041891514,0.5458284449326669,0.0,0.05660182986054352,-0.18818256302683523,0.0,1.0709143917019643,2.6947196631539807,0.0,88.77146792577963,326.1020037700596,0.19651067190081747,2.8997192445723243,337.96877130963696
7.148049105395069,0.26432497551466205,-0.26509419863672795,0.5443971543333462,0.0,0.0686078869003488,-0.15385966286917352,0.0,1.6623991061624976,4.799853401339639,0.0,35.25378835951241,100.77523376124881,0.16846316512266646,5.079583000849732,106.76365174220876
7.1561351337948365,0.26432497551466205,-0.2644778997750666,0.5433402177255892,0.0,0.0834862426289007,-0.1105590611909264,0.0,1.6410406594508808,4.324462467527679,0.0,-35.82826800963589,-198.53299356103142,0.13853973696997798,4.62536377802077,201.73996708851433
7.164221162194605,0.26432497551466205,-0.26374405437895354,0.5426091869160632,0.0,0.0951468896553358,-0.08392421021685692,0.0,1.082982320881615,1.5891665528885124,0.0,-79.12461641267244,-380.79159507716275,0.12687081489297622,1.9230967318784788,388.92537048110194
7.172307190594373,0.26432497551466205,-0.2629391788712612,0.5419829906311059,0.0,0.10100029423509227,-0.08485896943368942,0.0,0.3614328685835879,-1.8337208368463784,0.0,-89.21941261094126,-392.6359237026713,0.1319170350217251,1.86900129105818,402.6450945541139
7.1803932189941415,0.26432497551466205,-0.2621106718838137,0.5412368428424315,0.0,0.10099200253528906,-0.11357924774483052,0.0,-0.35987908748382846,-4.760563906769648,0.0,-88.16117639765905,-214.49257695665472,0.1519856246306519,4.774147218933041,231.9039857210859
7.18847924739391,0.26432497551466205,-0.2613059304699616,0.5401461805853278,0.0,0.09518030919133835,-0.16184707933179254,0.0,-1.064314683633329,-5.302506974468396,0.0,-85.59936369338656,147.5325963526901,0.18775986883780654,5.4082664468463,170.56704855064606
7.196565275793677,0.26432497551466205,-0.260571410517374,0.5386194426826388,0.0,0.0837798450189915,-0.1993316917158694,0.0,-1.7441968591374026,-2.3746583787713345,0.0,-79.66623620009672,463.7871906562584,0.2162225375711714,2.946391878093219,470.5797141899704
7.204651304193446,0.26432497551466205,-0.2599510380576582,0.5369225771449512,0.0,0.06697305851579571,-0.20025018951277218,0.0,-2.352681580466522,2.1978858157219427,0.0,-43.60394237421748,484.1482395956229,0.2111528568759167,3.219598216861564,486.10782928699547
7.212737332593214,0.26432497551466205,-0.2594883184110178,0.5353809852437204,0.0,0.04573214486846311,-0.16378735746511808,0.0,-2.449362291896973,5.455014451364785,0.0,50.301304444043765,214.55295381601454,0.17005213182926132,5.979678779128979,220.3705770286706
7.220823360992982,0.26432497551466205,-0.25921145521328076,0.5342737986969793,0.0,0.027361832408594466,-0.11203138596300732,0.0,-1.539206027906658,5.6676483713429056,0.0,156.9331965521158,-107.88279295290192,0.11532433096943734,5.872937361962077,190.4382450963664
7.228909389392751,0.26432497551466205,-0.2590458213031666,0.5335692073065957,0.0,0.02084001755896736,-0.0721298260839589,0.0,0.08857027647670135,3.7103277960377965,0.0,211.2386107566773,-272.410072069472,0.07508007820161235,3.711384788448356,344.7158221481949
7.236995417792518,0.26432497551466205,-0.25887442926561377,0.5331073110526089,0.0,0.02879419595052468,-0.052027754100585355,0.0,1.8769567835053473,1.2622172130698126,0.0,201.07484335944682,-285.682304105304,0.05946421543405907,2.2618928047359947,349.3500701458946
7.245081446192287,0.26432497551466205,-0.2585801599307578,0.5327278115121289,0.0,0.051194269272091475,-0.05171717762084427,0.0,3.3403640642434067,-0.9097426525754138,0.0,101.4377806162086,-200.74817009048715,0.0727703213361695,3.4620317409873183,224.92098864050288
7.253167474592055,0.26432497551466205,-0.25804651263513473,0.5322709379186129,0.0,0.08281475332860033,-0.06674016395099613,0.0,3.517414333249616,-1.984293596036601,0.0,-82.131985060482,-44.14226919417307,0.10636039137330572,4.0385176323772205,93.24270963236792
7.261253502991823,0.26432497551466205,-0.25724087503608806,0.531648485789903,0.0,0.10807809365690879,-0.08380728636290513,0.0,2.0121209367865918,-1.62361393724402,0.0,-235.36341810829853,86.58158137911171,0.13676452601469993,2.5854889056942363,250.7833902349386
7.269339531391592,0.26432497551466205,-0.25629866756572955,0.530915601723337,0.0,0.11535488740585009,-0.09299734076462585,0.0,-0.2888962329308935,-0.5840913441798969,0.0,-281.5309218827793,128.8146279053596,0.1481730590819677,0.6516315920422673,309.6011439555155
7.277425559791359,0.26432497551466205,-0.2553753492448566,0.5301445275128517,0.0,0.10340604736878056,-0.09325324475710062,0.0,-2.5408131227274016,0.4595835418525267,0.0,-217.56202417994703,99.40334829344368,0.13924431151814498,2.5820434459097474,239.19502506787956
7.285511588191127,0.26432497551466205,-0.25462637909426616,0.5294075049523841,0.0,0.0742647132680947,-0.08556492962165407,0.0,-3.8073216453908736,1.0234652504856632,0.0,-41.66175673388429,13.757893030477923,0.11329874146675652,3.9424838909516864,43.874612189641354
7.293597616590896,0.26432497551466205,-0.25417433608368367,0.5287607666109619,0.0,0.04183382546541381,-0.07670170659389441,0.0,-3.214569418996259,0.6820769693833659,0.0,151.55387471099542,-80.31708240682781,0.08736830516546931,3.2861353504852997,171.52087530753002
7.301683644990664,0.26432497551466205,-0.2539498400926976,0.5281670805967262,0.0,0.022278514038033492,-0.07453434213113042,0.0,-1.3563837753747863,-0.2754271681706264,0.0,233.81587943365307,-117.91018340936671,0.07779267539211682,1.384065414301813,261.8638516996248
7.3097696733904325,0.26432497551466205,-0.25381404668925134,0.5275553929965012,0.0,0.01989831000808273,-0.08115593040168534,0.0,0.5667142638384046,-1.224773213956703,0.0,174.641748068426,-74.16082144092636,0.08355972582854111,1.3495312084067328,189.73552014630403
7.3178557017902,0.26432497551466205,-0.25362804349303214,0.526854622280651,0.0,0.03144344930193377,-0.09434144411378753,0.0,1.4679324939581357,-1.474760184813598,0.0,15.017020301744942,35.077113120771436,0.09944344413523787,2.080803548999662,38.156451140408954
7.325941730189968,0.26432497551466205,-0.2533055414411671,0.5260296978037429,0.0,0.04363779767825804,-0.1050058358761845,0.0,0.8095703691178351,-0.6575041482037269,0.0,-134.44811670644094,137.35823002780523,0.11371228145747837,1.0429361857077817,192.2071264086746
7.334027758589737,0.26432497551466205,-0.25292233055037266,0.5251564619385786,0.0,0.0445358672945293,-0.1049746385444692,0.0,-0.7063700860091668,0.7466049130798966,0.0,-184.93693497612838,170.16161537330518,0.11403121595956908,1.027802313017264,251.3098590680783
7.342113786989505,0.26432497551466205,-0.2525853048656634,0.5243320419866908,0.0,0.03221434052582417,-0.09293169881504326,0.0,-2.18124024764834,2.0943591607142826,0.0,-124.0502517794853,116.44724138953444,0.09835682172662795,3.023929448917224,170.14236683961522
7.350199815389273,0.26432497551466205,-0.25240135840562944,0.5236535652268643,0.0,0.009260726116124829,-0.0711045432387678,0.0,-2.7125178037838324,2.6297963149808092,0.0,30.703420987905204,-16.776623355884738,0.0717050703743583,3.7780393717020617,34.987928655262735
7.358285843789041,0.26432497551466205,-0.2524355398769084,0.5231821352747283,0.0,-0.011652651466720343,-0.0504024834379635,0.0,-1.684702779492048,1.823046654898643,0.0,184.45595986910052,-149.13863504756537,0.05173194973050063,2.4822817247777023,237.20525625517263
7.366371872188809,0.26432497551466205,-0.25258980574701445,0.522838453401868,0.0,-0.01798438292415483,-0.04162212918754449,0.0,0.270514456232262,0.21791783798625142,0.0,247.07300626608696,-203.43573803416368,0.0453413681671305,0.3473704868627133,320.04869931756747
7.3744579005885775,0.26432497551466205,-0.25272638433906247,0.5225090198373897,0.0,-0.007277876315436416,-0.046878303784417596,0.0,2.310975911475399,-1.4669276556455215,0.0,203.87995761380986,-171.24693028053278,0.04743988669218058,2.7372406562663096,266.2565459235032
7.382543928988346,0.26432497551466205,-0.2527075039761677,0.5220803348104004,0.0,0.01938885077858643,-0.06534536655545509,0.0,3.567672711049931,-2.5514972452568268,0.0,48.14579929061003,-51.97201529407066,0.06816116537135408,4.386163102954966,70.84566580291853
7.390629957388114,0.26432497551466205,-0.2524128267429934,0.5214522508578684,0.0,0.05041872940982017,-0.08814126215857243,0.0,3.0895925122622385,-2.3074220389676228,0.0,-145.0155378661326,95.96796442043203,0.1015427514409909,3.856135158126643,173.8946704692385
7.398715985787883,0.26432497551466205,-0.25189212942039163,0.5206549093123891,0.0,0.06935391637431465,-0.10266112683014228,0.0,1.2224731958634685,-0.9994978737136826,0.0,-245.28499543969951,174.97421937513855,0.12389218166813429,1.579061972869594,301.2983677914511
7.40680201418765,0.26432497551466205,-0.25129123126811775,0.519792009283667,0.0,0.07018863536923625,-0.10430519854328679,0.0,-0.8771703660624404,0.5222709752215344,0.0,-209.60497384479334,162.4403495115404,0.1257219908295684,1.0208794359065954,265.1812817864562
7.414888042587418,0.26432497551466205,-0.25075703482251843,0.5189680797170603,0.0,0.05516826739148151,-0.09421493095410938,0.0,-2.1672703466196603,1.6274966851233534,0.0,-77.91646459184884,94.57674206753632,0.10917871102767975,2.710314781611982,122.53871059629331
7.422974070987187,0.26432497551466205,-0.2503990469143307,0.5182683600689127,0.0,0.035139416223751496,-0.07798522971041422,0.0,-2.1372398570609104,2.0517714198528645,0.0,51.25268502145498,27.755000086324415,0.085536393573333,2.962694747343165,58.285313344789905
7.431060099386955,0.26432497551466205,-0.25018875818744535,0.5177068981526585,0.0,0.02060470302885875,-0.06103356701258278,0.0,-1.3384090133239261,2.076352122990538,0.0,95.32677768284599,-9.847370610943756,0.0644177777417608,2.4703394150589997,95.83405058403835
7.4391461277867235,0.26432497551466205,-0.2500658264866104,0.5172813217565069,0.0,0.013494589639265087,-0.04440634524157261,0.0,-0.595609793857117,1.8925191830065935,0.0,52.46226553602995,-55.015468119397354,0.04641150123887288,1.984031220668279,76.01967533191223
7.447232156186491,0.26432497551466205,-0.24997052291731273,0.516988756215152,0.0,0.010972467612241132,-0.030427639290788733,0.0,-0.48998627524284927,1.1866388477106495,0.0,-35.03806195504449,-126.7057695457223,0.03234557586922871,1.2838217574190036,131.4610886222202
7.455318184586259,0.26432497551466205,-0.24988837911715417,0.5167892442456204,0.0,0.005570503765044421,-0.025215954395861218,0.0,-1.1622473219398368,-0.15657371891579297,0.0,-104.37921630696889,-183.51799413136982,0.025823920467088778,1.1727464205067712,211.12525895036455
7.463404212986028,0.26432497551466205,-0.24988043641402238,0.5165809623684076,0.0,-0.007823462093279332,-0.03295975836640963,0.0,-2.1780128900502778,-1.7812245771189068,0.0,-127.13330072947254,-202.13952889383228,0.03387554030118321,2.8136277549380253,238.79544655581472
7.471490241385796,0.26432497551466205,-0.2500149005904957,0.5162562171612198,0.0,-0.029652444402971767,-0.05402201942975893,0.0,-3.2182542824494482,-3.42558566161844,0.0,-102.02579935951061,-178.4165660242096,0.061625043954066136,4.700191246278183,205.52794157198738
7.479576269785564,0.26432497551466205,-0.25035997742915234,0.5157073152017638,0.0,-0.059869253144404055,-0.08835852425778157,0.0,-3.8279799123104192,-4.666587416840715,0.0,30.87081376655223,-53.90291658727631,0.1067312338590804,6.035765761530858,62.11707944860269
7.487662298185332,0.26432497551466205,-0.25098310955289277,0.5148272780881998,0.0,-0.09155875297233784,-0.12949033619490535,0.0,-2.719009728769062,-4.29730669032869,0.0,277.0812572261361,176.77874260254615,0.15858988748882824,5.085258960552995,328.67118361997217
7.4957483265851,0.26432497551466205,-0.2518406707827157,0.5136131901298289,0.0,-0.10384123291654568,-0.15785481213880104,0.0,0.652993917637696,-1.8077115505215833,0.0,459.38388547068064,355.32857264258826,0.18894746192792444,1.922035927437615,580.7684123352083
7.5038343549848685,0.26432497551466205,-0.25266243586975307,0.5122744411002109,0.0,-0.08099849824654903,-0.15872475006711895,0.0,4.71017255985465,1.4490871689455513,0.0,380.2310022585138,329.77837113793987,0.17819737091793914,4.928040093872039,503.3183775195445
7.511920383384637,0.26432497551466205,-0.2531505830970361,0.5110462844562511,0.0,-0.027668054742957082,-0.13442009213513373,0.0,6.802111283107151,3.525482998779876,0.0,59.113710654945294,133.47917299223081,0.13723805020065358,7.661445573940962,145.9832881191764
7.520006411784405,0.26432497551466205,-0.25310988522258887,0.5101005917352026,0.0,0.029005631780629315,-0.10171043876504982,0.0,5.666162846197803,3.607719936131094,0.0,-252.5659102704311,-59.073619851717496,0.10576549545467274,6.717220000654299,259.3824041702071
7.528092440184173,0.26432497551466205,-0.25268150237237336,0.5094014174634369,0.0,0.0639654526411757,-0.07607584041120319,0.0,2.717601036587472,2.570141063183837,0.0,-379.8632390369495,-138.15748216758666,0.09939372528415136,3.740451908356134,404.20733572082736
7.536178468583941,0.26432497551466205,-0.25207543228926776,0.5088702889230002,0.0,0.07295483010279646,-0.06014597150842249,0.0,-0.47700703156342206,1.373429287236008,0.0,-356.93959410938646,-140.27817197286893,0.09455128303740709,1.4539063639720946,383.5151097088918
7.544264496983709,0.26432497551466205,-0.25150167271615037,0.5084287333959394,0.0,0.056251267832953644,-0.05386466396787526,0.0,-3.0548463533531027,0.30155449830342285,0.0,-201.74353029509035,-108.86573559790592,0.07788200791702024,3.0696940170058937,229.24266706527212
7.552350525383478,0.26432497551466205,-0.2511657335908273,0.5079991865178238,0.0,0.02355168136251251,-0.055269215033703745,0.0,-3.7396148624346774,-0.3871535723766715,0.0,41.9321467160558,-59.54459618172462,0.06007801449318297,3.759602001269064,72.82763117568416
7.560436553783246,0.26432497551466205,-0.2511207935874312,0.5075349165111486,0.0,-0.004225996130731602,-0.06012573353049433,0.0,-2.376717294934542,-0.6614040932529042,0.0,214.8662870706434,-23.694199002236317,0.060274064703460715,2.4670306999736873,216.1687682943161
7.5685225821830135,0.26432497551466205,-0.2512340766402881,0.507026829740055,0.0,-0.014884725727609904,-0.06596547959723509,0.0,-0.2647850636229461,-0.7703375044603602,0.0,227.26378484149717,-9.965452575006097,0.06762395698625902,0.8145741222847821,227.48217104974844
7.576608610582782,0.26432497551466205,-0.25136151021734365,0.5064681190282935,0.0,-0.00850811521930872,-0.07258367540744004,0.0,1.2986055419995775,-0.822565958328977,0.0,111.19816914200733,0.19921373114124918,0.07308062643572268,1.5372023645290442,111.19834758954444
7.58469463898255,0.26432497551466205,-0.2513716703628717,0.5058530024186467,0.0,0.00611639685780041,-0.07926806299669664,0.0,1.5335180437460862,-0.7671158086850962,0.0,-37.660890591998,12.264851565602825,0.07950368621498237,1.714684884878097,39.60769198159258
7.592780667382319,0.26432497551466205,-0.2512625954999508,0.5051861914111216,0.0,0.016292025687267397,-0.08498951583731795,0.0,0.6895514802246483,-0.6242180821721615,0.0,-122.15432860700884,19.319803127706916,0.08653697419748567,0.9301233563300595,123.67269217706249
7.600866695782087,0.26432497551466205,-0.2511081947980777,0.5044785471411605,0.0,0.017267862562198033,-0.0893629532768827,0.0,-0.44196869679573225,-0.45467485514795314,0.0,-129.49253245718643,23.720765466390674,0.09101602329168905,0.634086392261441,131.64722054220132
7.608952724181854,0.26432497551466205,-0.2509833386457883,0.5037410086549536,0.0,0.009144482819070987,-0.09234254342009152,0.0,-1.4046091097887246,-0.24060451572122865,0.0,-92.1214771633069,33.37636548370459,0.0927942179843107,1.425067466573748,97.98136724730628
7.617038752581623,0.26432497551466205,-0.25096030970252536,0.5029851782839572,0.0,-0.005447555742451371,-0.09325402317135101,0.0,-1.9317624579378254,0.08508962321659652,0.0,-40.698988954200445,46.55694873776215,0.09341300070766374,1.9336355493931972,61.838153090666786
7.625124780981391,0.26432497551466205,-0.2510714368266739,0.5022328992954412,0.0,-0.022096089373912164,-0.09096646920038154,0.0,-2.062795470839771,0.5123171036789795,0.0,-8.37141260926019,54.830048859346455,0.09361162152427377,2.1254632363885033,55.46543795006761
7.6332108093811595,0.26432497551466205,-0.2513176489149279,0.5015140633771953,0.0,-0.03880720126269921,-0.08496880187128042,0.0,-2.067145418147139,0.9718042876913202,0.0,5.7531909745051735,50.13324192993103,0.0934114348529373,2.284183388728222,50.462274550342286
7.641296837780928,0.26432497551466205,-0.2516990290897253,0.5008587790053903,0.0,-0.055526082489089745,-0.0752503950618042,0.0,-1.9697545396214915,1.3230747397147393,0.0,40.65907563991192,11.765592921862734,0.09351880983814329,2.3728589745770186,42.32717340781292
7.649382866180695,0.26432497551466205,-0.2522156198747972,0.5002971097140683,0.0,-0.07066218355860165,-0.0635719620305828,0.0,-1.4096045374819113,1.162078124703957,0.0,111.03069566533328,-66.13468295245649,0.0950501895931164,1.8268581006758733,129.23471541791622
7.657468894580464,0.26432497551466205,-0.25284178193581425,0.49983068962457383,0.0,-0.07832228713412981,-0.056457201623594244,0.0,-0.17415982282967235,0.2535408905882379,0.0,174.76839796268547,-136.6931293865867,0.09654944990567398,0.3075949074486437,221.87610179544288
7.665554922980232,0.26432497551466205,-0.25348225235099997,0.49938408064266865,0.0,-0.07347870610560037,-0.05947168434698469,0.0,1.4167599211346733,-1.0485309278423425,0.0,185.5259845023698,-153.22947133183564,0.09453042626594135,1.762562277133903,240.62244660506508
7.67364095138,0.26432497551466205,-0.25403008374451047,0.4988689101673503,0.0,-0.05541036521823273,-0.07341410334473153,0.0,2.8261769363326184,-2.2244948231531896,0.0,102.17209608201276,-89.44257013472904,0.09197792748006912,3.596616923400901,135.79068661030465
7.681726979779769,0.26432497551466205,-0.2543783519245923,0.4981968235934906,0.0,-0.027773612165688633,-0.09544634097729343,0.0,3.069092862300705,-2.495001252357726,0.0,-80.9921421984934,52.732545350548875,0.09940511827206812,3.955295468949413,96.64599545272772
7.689813008179536,0.26432497551466205,-0.2544792401779823,0.4973253465197576,0.0,-0.005776821126055154,-0.11376340531277407,0.0,1.5163674123826987,-1.3717011045601675,0.0,-253.61669279519975,186.72658068787527,0.11390998222579507,2.0447332465599968,314.9416498333625
7.6978990365793045,0.26432497551466205,-0.2544717750039636,0.4963570353410638,0.0,-0.003250832243672619,-0.11762956915222489,0.0,-1.0324106988938013,0.5247516165097856,0.0,-313.329057178121,232.6326103251373,0.1176744808750587,1.158117485499645,390.2473951979915
7.705985064979073,0.26432497551466205,-0.25453181282167275,0.4954230344461228,0.0,-0.022473025589015094,-0.1052770923649291,0.0,-3.550807897247158,2.390446683042442,0.0,-236.82301868303355,169.6758598341629,0.10764898074732682,4.280475682400427,291.3332105830143
7.714071093378841,0.26432497551466205,-0.2548352100502466,0.4946544882236481,0.0,-0.06067469924219715,-0.0789711296177984,0.0,-4.862326008473563,3.268759259258097,0.0,-27.86640342614305,-1.2775565779163571,0.09958844531993756,5.858924927635102,27.895673333302685
7.72215712177861,0.26432497551466205,-0.25551304750411236,0.4941459088524202,0.0,-0.10110683797591413,-0.05241453196019563,0.0,-4.001464956253548,2.369785965499757,0.0,193.4957607158872,-182.3037942591338,0.11388536273856321,4.650549141596595,265.8482326747659
7.730243150178377,0.26432497551466205,-0.25647031557681454,0.49380683743566667,0.0,-0.1253866177960834,-0.04064681638099188,0.0,-1.733101575706998,0.32053194372862004,0.0,284.91764228692347,-246.95480401440614,0.13181034710617814,1.7624930634384144,377.04739504753644
7.738329178578145,0.26432497551466205,-0.25754080700901233,0.4934885662291865,0.0,-0.12913465509761046,-0.04723087116015279,0.0,0.6062393380004139,-1.6239811519394434,0.0,240.40797725585944,-160.94928127709423,0.13750096122473385,1.7334476965843941,289.3106750050316
7.746415206977914,0.26432497551466205,-0.2585586885538417,0.4930430171045731,0.0,-0.11558248078782718,-0.0669099318115336,0.0,2.154789887536489,-2.2823489749291572,0.0,127.8390218781058,22.126836771691373,0.13355241982117927,3.1388272177343066,129.73978734479215
7.754501235377682,0.26432497551466205,-0.2594100134533444,0.49240649501147726,0.0,-0.09428727064530307,-0.0841411484190715,0.0,2.6736592610103562,-1.2661446908735732,0.0,34.1498867335325,174.32289892909435,0.1263717621267538,2.958306309734301,177.6363922594589
7.7625872637774505,0.26432497551466205,-0.2600835076501908,0.4916822816731616,0.0,-0.07234391135616036,-0.08738609566877287,0.0,2.7070637954889216,0.5368108480120526,0.0,-3.5109250691881755,213.93748496517264,0.1134458955914224,2.7597754037947193,213.96629189679604
7.770673292177218,0.26432497551466205,-0.2605799632968968,0.49099328210883214,0.0,-0.0505084811846892,-0.07545981289441528,0.0,2.6168803813725443,2.1936644675330546,0.0,-29.82677985548594,151.58770823836971,0.09080357940986834,3.414707414483647,154.49423965154404
7.778759320576986,0.26432497551466205,-0.26090033367676785,0.49046194129295084,0.0,-0.030023573191012787,-0.05191002930070354,0.0,2.224703417518719,2.9882958757543365,0.0,-72.69880069982644,29.183740843975016,0.05996720844891817,3.725482188518668,78.33777092081048
7.786845348976755,0.26432497551466205,-0.2610655062278669,0.49015379016651556,0.0,-0.014530451154453061,-0.027132922257894876,0.0,1.4411912471967525,2.665625582084778,0.0,-108.2386281965691,-72.28607094560822,0.03077871798832618,3.0302791876098385,130.15712307295604
7.794931377376523,0.26432497551466205,-0.26113532095816056,0.49002314613305875,0.0,-0.0067165464823517596,-0.008801380980930418,0.0,0.47426217441986823,1.8192814306066205,0.0,-120.2133864830987,-107.57352025119985,0.011071418329241989,1.8800823210262718,161.31745271039387
7.803017405776291,0.26432497551466205,-0.26117412659907624,0.4900114537333776,0.0,-0.006860656331863169,0.002288600372217786,0.0,-0.5029064670725778,0.9259405024562619,0.0,-111.6850370189798,-107.56933955822608,0.007232309241704864,1.053698594813705,155.0635685998611
7.811103434176059,0.26432497551466205,-0.2612462718820416,0.4900601575082697,0.0,-0.014849578432702515,0.006172981417783774,0.0,-1.3319145879093497,0.07966396138242804,0.0,-78.03210635014584,-96.87921408967532,0.016081532240843452,1.3342948760408524,124.39691211631266
7.819189462575827,0.26432497551466205,-0.26141427482493906,0.4901112835394885,0.0,-0.028400454699664124,0.003576930480569729,0.0,-1.7648461231545123,-0.640795650496344,0.0,-30.044574414105085,-81.63558665128441,0.028624818930615137,1.877578468162794,86.98876628406718
7.8272754909755955,0.26432497551466205,-0.2617055656485772,0.49011800383116944,0.0,-0.04339077017879944,-0.004190002238939172,0.0,-1.8177971518521643,-1.2405513828056438,0.0,1.5648720296296545,-71.47489244536685,0.043592603219717294,2.2007621903928727,71.49202105512109
7.835361519375364,0.26432497551466205,-0.26211599282484627,0.49004352258529016,0.0,-0.05779797348945337,-0.016485336944906948,0.0,-1.739538923807335,-1.7966916708635936,0.0,17.197167321625244,-58.739815844583205,0.06010301218470392,2.5008191913034006,61.20546159734051
7.843447547775132,0.26432497551466205,-0.26264027775874677,0.4898514020257369,0.0,-0.07152269245961662,-0.033246201991399715,0.0,-1.5396835851357045,-2.1904950210385694,0.0,49.896580977726465,-14.143539558265715,0.07887208304289833,2.6774790343775052,51.86239971793671
7.8515335761749,0.26432497551466205,-0.2632726618697589,0.4895058631183164,0.0,-0.0826978238815812,-0.05191014684424289,0.0,-0.9326085821329491,-2.02542179594641,0.0,105.09692239013134,61.61453517226904,0.09764012197933737,2.2298188758199196,121.82657362157104
7.859619604574668,0.26432497551466205,-0.2639776716637577,0.48901190818249957,0.0,-0.08660489142160444,-0.06600143831846239,0.0,0.1599498132139603,-1.194061258555564,0.0,148.0514110760472,120.57203792799673,0.1088880024532257,1.204726621242545,190.93673468381874
7.867705632974436,0.26432497551466205,-0.2646732410929468,0.4884384841089791,0.0,-0.08011110641720975,-0.07122057333972975,0.0,1.461687247040444,-0.07552395013895286,0.0,152.94183969696752,135.59726629956089,0.10719216127231193,1.463637070863287,204.3962449699283
7.875791661374205,0.26432497551466205,-0.2652732330270105,0.4878601250251539,0.0,-0.06296640223930794,-0.06722281592983492,0.0,2.6333339318189566,0.9988254339028391,0.0,100.00836846843791,112.66300342776117,0.09210686615284874,2.8163983816002096,150.64735678093584
7.883877689773973,0.26432497551466205,-0.26569153732642337,0.48735135291153703,0.0,-0.03752468049968627,-0.05506751168983115,0.0,3.0790282623410175,1.7464685405011995,0.0,-12.670569489963043,61.953179083542196,0.06663732055172406,3.5398541499975864,63.235589107380285
7.8919637181737405,0.26432497551466205,-0.2658800842914359,0.48696957009829683,0.0,-0.013172182293352819,-0.038978827494247525,0.0,2.4284247623449295,2.000735764953752,0.0,-117.34628316995727,14.815089017349038,0.04114432377856786,3.1464568052867183,118.27779604133556
7.900049746573509,0.26432497551466205,-0.2659045586066453,0.48672098509932077,0.0,0.001747942690354165,-0.022711499258136314,0.0,1.181297505701989,1.986059001579918,0.0,-154.2185502440673,-9.280509284444278,0.02277866331023594,2.3108210996817475,154.4975374948111
7.908135774973277,0.26432497551466205,-0.2658518164629652,0.48660227844229165,0.0,0.00593182806601078,-0.006860168513465936,0.0,-0.06560639174433187,1.8506508416770915,0.0,-132.75043420749583,-39.02651566725265,0.00906909566813928,1.8518133643641947,138.36815640675783
7.916221803373046,0.26432497551466205,-0.26580862874623673,0.48661004206446656,0.0,0.000686952396652174,0.007217331269576022,0.0,-0.9655500564647941,1.3549199735210988,0.0,-81.75377488962526,-91.9872087500706,0.007249949948107641,1.6637593113745697,123.06634910621419
7.924307831772814,0.26432497551466205,-0.2658407070297879,0.4867189975335243,0.0,-0.009683102289933743,0.015051674257144043,0.0,-1.3877330828358894,0.36302847694011003,0.0,-37.512829911660106,-137.93200474310623,0.01789735645005968,1.434431170975679,142.94212234479178
7.932393860172581,0.26432497551466205,-0.2659652244264652,0.4868534585954812,0.0,-0.021755545841564583,0.013088248418501536,0.0,-1.5722096725075136,-0.8757242416582317,0.0,-20.243760287977068,-152.23628424955422,0.02538909257001569,1.7996489106917684,153.57635258303327
7.94047988857235,0.26432497551466205,-0.2661925389528426,0.48693066143035474,0.0,-0.035108966414505005,0.0008894120803155658,0.0,-1.7151163240492375,-2.0989453588939586,0.0,-3.5458749972282533,-112.48432391426388,0.03512023030310951,2.710571088284286,112.54019884443517
7.948565916972118,0.26432497551466205,-0.26653300862549356,0.48686784221816226,0.0,-0.04949250445190145,-0.020856015144655515,0.0,-1.629553764366746,-2.694827117057192,0.0,44.36925828822719,19.082852442411834,0.05370736788035311,3.149212387532573,48.298926886487656
7.9566519453718865,0.26432497551466205,-0.2669929345459901,0.48659337676882336,0.0,-0.061462202449742875,-0.042691485121665096,0.0,-0.9975741588587126,-1.7903363852980965,0.0,106.79526297827354,190.97675975507028,0.07483425172918168,2.0495020309687235,218.80893711442508
7.964737973771655,0.26432497551466205,-0.26752697885453547,0.4861774330959181,0.0,-0.06562533041071461,-0.049809436857973566,0.0,0.09754529443935311,0.39365988909327987,0.0,128.51307632201608,264.63147501027083,0.08238728052086633,0.4055652755700289,294.18604377478533
7.972824002171422,0.26432497551466205,-0.2680542311168805,0.4857878557268033,0.0,-0.05988469440754329,-0.03632519503555187,0.0,1.0807466109040251,2.4892988595129566,0.0,76.5359491392047,174.53876436335074,0.07004067688604765,2.713783714475611,190.58208671363687
7.980910030571191,0.26432497551466205,-0.26849543753391714,0.48558997997854897,0.0,-0.04814743483326822,-0.00955235431090884,0.0,1.335289011124876,3.2163107000980355,0.0,-14.97066145203857,2.5153970201924665,0.049085873262120425,3.4824777476383053,15.18051140379489
7.988996058970959,0.26432497551466205,-0.2688328741677561,0.48563337451031796,0.0,-0.0382903246758346,0.015689164291391222,0.0,0.8386402235750228,2.5299780029968946,0.0,-78.51579389530836,-117.04293552862384,0.041379932817044225,2.6653529072612727,140.93891814601153
7.997082087370727,0.26432497551466205,-0.26911467083944746,0.4858437060346066,0.0,-0.03458489750323679,0.031362593655135385,0.0,0.06552713258923193,1.3234856987446184,0.0,-95.44768495281195,-149.69330466726458,0.04668755097546382,1.325106863572481,177.5340700402538
8.005168115770495,0.26432497551466205,-0.26939218309458457,0.48614057215628953,0.0,-0.03723061616569012,0.03709265018486363,0.0,-0.7049451588660527,0.1091293774076727,0.0,-76.30487787645961,-130.73482332558717,0.05255457618336971,0.7133420624231201,151.37380360456663
8.013254144170263,0.26432497551466205,-0.26971676647876075,0.4864435704802415,0.0,-0.04598531065297706,0.03312744014506919,0.0,-1.1684796865104832,-0.7907652897540229,0.0,-7.055346561436309,-59.78779517945301,0.05667518051507156,1.4109055678065066,60.20264419045227
8.021340172570032,0.26432497551466205,-0.2701358601504088,0.4866763109999388,0.0,-0.056127336025042496,0.02430434900385947,0.0,-0.8190446241980167,-0.8577622421535083,0.0,91.03613445496691,40.70818025018751,0.061163544941161135,1.1859975381474803,99.72328572497284
8.0294262009698,0.26432497551466205,-0.2706244609449644,0.4868366217928077,0.0,-0.059230946836862586,0.019255660444464695,0.0,0.3037618507055022,-0.13243028654221223,0.0,149.25499647316377,102.3358254767063,0.06228230505002014,0.3313744750847359,180.96871317496573
8.037512229369568,0.26432497551466205,-0.2710937463869449,0.4869877146343593,0.0,-0.05121488212190073,0.022162678887919895,0.0,1.5947156563806382,0.7972185400832617,0.0,126.50222519638577,92.66292909659093,0.055804556142390715,1.7828840190427466,156.80953863970436
8.045598257769337,0.26432497551466205,-0.27145271092762135,0.48719503789461305,0.0,-0.03344111466276445,0.032148323956334934,0.0,2.349563021849236,1.3661198660192986,0.0,37.800047362147865,32.67552670228701,0.04638774496663551,2.717853911080193,49.96532423443776
8.053684286169105,0.26432497551466205,-0.27163455799271097,0.48750761915539104,0.0,-0.013217615478463784,0.04425564695615947,0.0,2.206020169346471,1.3256490138674255,1.3584063158578161e-11,-50.75202323934096,-27.388760571918148,0.04618731044826871,2.5736880726947295,57.67072106842832
8.061770314568873,0.26432497551466205,-0.2716664669558935,0.4879107427308883,0.0,0.002234768816830268,0.05358679510484876,2.1968224096902e-13,1.5287984193312074,0.923187274381327,-5.968354872283621e-24,-89.14270939998089,-53.42891058246856,0.05363337395012289,1.7859169495049936,103.92820177987716
8.069856342968642,0.26432497551466205,-0.27159841718447136,0.48837422784953183,3.552713678800501e-15,0.011506199394002437,0.05918548399406376,-9.652057399436236e-26,0.7643992096653855,0.46159363719037616,-4.075218947574791e-11,-70.89999922157816,-42.81400098758554,0.06029356632432783,0.8929584747521615,82.82420280440228
8.077942371368408,0.26432497551466205,-0.2714803880457469,0.48886789373974826,0.0,0.01459667625305985,0.061051713623796265,-4.3936448193813654e-13,0.382199604832779,0.23079681859469844,-5.433625263432458e-11,-47.266666147702345,-28.54266732507893,0.06277240392113936,0.44647923737590145,55.21613520293212
